"Index","Mass","Calibrated_Mass","Calculated_Mass","Peak_Height","Peak_Area","Resolving_Power","S_N","Ion_Charge","Error_ppm","Error_Score","Isotopologue_Similarity","Confidence_Score","DBE","HtoC_ratio","OtoC_ratio","Heteroatom_Class","Ion_Type","Is_Isotopologue","Mono_Isotopic_Index","Molecular_Formula","C","H","O","N","P","S","13C","17O","18O","33S","34S"
227,209.045848,209.045638041446,209.04554688801,1587348,NA,565644.3,10.97,-1,0.436045818719003,0.966088417513765,0,0.579653050508259,6,1,0.5,"O5","de-protonated",0,NA,"C10 H10 O5",10,10,5,NA,NA,NA,NA,NA,NA,NA,NA
236,211.025125,211.024909526749,211.024811443103,1652119.4,NA,499669.6,11.45,-1,0.464796747403996,0.961558905776968,0,0.57693534346618,6,0.888888888888889,0.666666666666667,"O6","de-protonated",0,NA,"C9 H8 O6",9,8,6,NA,NA,NA,NA,NA,NA,NA,NA
237,211.061503,211.061287425392,211.061196952488,2362403.3,NA,477084.1,17.44,-1,0.428657213887275,0.967209020772664,0,0.580325412463598,5,1.2,0.5,"O5","de-protonated",0,NA,"C10 H12 O5",10,12,5,NA,NA,NA,NA,NA,NA,NA,NA
238,211.097869,211.097653324069,211.097582461872,1391919.3,NA,463236.5,9.26,-1,0.335684549004554,0.979761225066043,0,0.587856735039626,4,1.45454545454545,0.363636363636364,"O4","de-protonated",0,NA,"C11 H16 O4",11,16,4,NA,NA,NA,NA,NA,NA,NA,NA
248,213.077159,213.076937809335,213.076847016966,2774208.3,NA,467129,20.9,-1,0.426101527031372,0.967592473146749,0,0.580555483888049,4,1.4,0.5,"O5","de-protonated",0,NA,"C10 H14 O5",10,14,5,NA,NA,NA,NA,NA,NA,NA,NA
251,215.056429,215.056202294658,215.056111572059,2024285.8,NA,514644.1,14.5,-1,0.421855477857725,0.968224807870698,0,0.580934884722419,4,1.33333333333333,0.666666666666667,"O6","de-protonated",0,NA,"C9 H12 O6",9,12,6,NA,NA,NA,NA,NA,NA,NA,NA
252,215.092739,215.09251219349,215.092497081443,2149226.3,NA,397581.4,15.55,-1,0.0702583635983083,0.999104727158168,0,0.599462836294901,3,1.6,0.5,"O5","de-protonated",0,NA,"C10 H16 O5",10,16,5,NA,NA,NA,NA,NA,NA,NA,NA
257,217.072071,217.07183867864,217.071761636537,2180372.3,NA,528048.6,15.81,-1,0.35491536231753,0.977403055264548,0,0.586441833158729,3,1.55555555555556,0.666666666666667,"O6","de-protonated",0,NA,"C9 H14 O6",9,14,6,NA,NA,NA,NA,NA,NA,NA,NA
258,217.108367,217.108134577512,217.108147145922,1685920.9,NA,357846.9,11.66,-1,-0.0578900889176082,0.99939210268545,0,0.59963526161127,2,1.8,0.5,"O5","de-protonated",0,NA,"C10 H18 O5",10,18,5,NA,NA,NA,NA,NA,NA,NA,NA
261,219.030054,219.029816223273,219.029896823532,1160130.8,NA,433602.4,7.25,-1,-0.367987474492684,0.975728571528258,0,0.585437142916955,8,0.727272727272727,0.454545454545455,"O5","de-protonated",0,NA,"C11 H8 O5",11,8,5,NA,NA,NA,NA,NA,NA,NA,NA
265,221.045767,221.045523607057,221.04554688801,2396305,NA,491787,17.51,-1,-0.105321968731738,0.997989265295983,0,0.598793559177589,7,0.909090909090909,0.454545454545455,"O5","de-protonated",0,NA,"C11 H10 O5",11,10,5,NA,NA,NA,NA,NA,NA,NA,NA
266,221.082241,221.081997505433,221.081932397394,16675998,NA,420493.3,136.57,-1,0.294497331003611,0.982360194899288,0.986882420933545,0.984169085312991,6,1.16666666666667,0.333333333333333,"O4","de-protonated",0,NA,"C12 H14 O4",12,14,4,NA,NA,NA,NA,NA,NA,NA,NA
271,223.025133,223.024884092112,223.024811443103,1487197.5,NA,594008.5,9.92,-1,0.325744067278866,0.980930787936524,0,0.588558472761915,7,0.8,0.6,"O6","de-protonated",0,NA,"C10 H8 O6",10,8,6,NA,NA,NA,NA,NA,NA,NA,NA
272,223.061471,223.061221990867,223.061196952488,1805162.8,NA,451876.6,12.58,-1,0.112248923956291,0.997716390457271,0,0.598629834274362,6,1.09090909090909,0.454545454545455,"O5","de-protonated",0,NA,"C11 H12 O5",11,12,5,NA,NA,NA,NA,NA,NA,NA,NA
275,225.040827,225.04057247595,225.040461507581,1610050,NA,559388.6,10.88,-1,0.493104074590904,0.956839566643272,0,0.574103739985963,6,1,0.6,"O6","de-protonated",0,NA,"C10 H10 O6",10,10,6,NA,NA,NA,NA,NA,NA,NA,NA
276,225.077145,225.07689037476,225.076847016966,1497423.5,NA,459836.6,9.95,-1,0.192635515252717,0.993289339719874,0,0.595973603831924,5,1.27272727272727,0.454545454545455,"O5","de-protonated",0,NA,"C11 H14 O5",11,14,5,NA,NA,NA,NA,NA,NA,NA,NA
277,227.01999,227.01972996157,227.019726062675,1183907.4,NA,522699.5,7.34,-1,0.0171742588004574,0.999946482204856,0,0.599967889322913,6,0.888888888888889,0.777777777777778,"O7","de-protonated",0,NA,"C9 H8 O7",9,8,7,NA,NA,NA,NA,NA,NA,NA,NA
278,227.056425,227.056164860055,227.056111572059,2068017,NA,418893.3,14.67,-1,0.234690865502785,0.990055617856206,0,0.594033370713723,5,1.2,0.6,"O6","de-protonated",0,NA,"C10 H12 O6",10,12,6,NA,NA,NA,NA,NA,NA,NA,NA
279,227.092834,227.092573758611,227.092497081443,2334270.8,NA,494688.7,16.88,-1,0.337647296387602,0.979526307459457,0,0.587715784475674,4,1.45454545454545,0.454545454545455,"O5","de-protonated",0,NA,"C11 H16 O5",11,16,5,NA,NA,NA,NA,NA,NA,NA,NA
280,227.129119,227.128858657513,227.128882590828,2126924.3,NA,413979.4,15.16,-1,-0.105373276585234,0.997987307723492,0,0.598792384634095,3,1.66666666666667,0.333333333333333,"O4","de-protonated",0,NA,"C12 H20 O4",12,20,4,NA,NA,NA,NA,NA,NA,NA,NA
287,229.072126,229.071860243872,229.071761636537,3416618,NA,442784.4,25.7,-1,0.430464822399561,0.966936517189978,0,0.580161910313987,4,1.4,0.6,"O6","de-protonated",0,NA,"C10 H14 O6",10,14,6,NA,NA,NA,NA,NA,NA,NA,NA
288,229.108488,229.10822214256,229.108147145922,3205688,NA,474063.9,23.96,-1,0.327341647890619,0.980745099845642,0,0.588447059907385,3,1.63636363636364,0.454545454545455,"O5","de-protonated",0,NA,"C11 H18 O5",11,18,5,NA,NA,NA,NA,NA,NA,NA,NA
289,229.144863,229.144597041211,229.144532655306,1355461.8,NA,414004.6,8.71,-1,0.280983817132541,0.985776405334684,0,0.59146584320081,2,1.83333333333333,0.333333333333333,"O4","de-protonated",0,NA,"C12 H22 O4",12,22,4,NA,NA,NA,NA,NA,NA,NA,NA
294,231.087728,231.087456627966,231.087411701015,5872428.5,NA,443535,45.94,-1,0.194415397019134,0.993165185436088,0,0.595899111261653,3,1.6,0.6,"O6","de-protonated",0,NA,"C10 H16 O6",10,16,6,NA,NA,NA,NA,NA,NA,NA,NA
295,231.124149,231.123877526489,231.1237972104,1817914.8,NA,504098.1,12.51,-1,0.347502467100473,0.978326936367468,0,0.586996161820481,2,1.81818181818182,0.454545454545455,"O5","de-protonated",0,NA,"C11 H20 O5",11,20,5,NA,NA,NA,NA,NA,NA,NA,NA
299,233.155,233.154722868096,233.154703416162,6426188.5,NA,454877.2,50.5,-1,0.0834292990165298,0.998737833069719,0,0.599242699841831,5,1.46666666666667,0.133333333333333,"O2","de-protonated",0,NA,"C15 H22 O2",15,22,2,NA,NA,NA,NA,NA,NA,NA,NA
302,235.0251,235.02481765759,235.024811443103,1633832.3,NA,497446.3,10.92,-1,0.0264418322210453,0.999873144479705,0,0.599923886687823,8,0.727272727272727,0.545454545454545,"O6","de-protonated",0,NA,"C11 H8 O6",11,8,6,NA,NA,NA,NA,NA,NA,NA,NA
303,235.061506,235.061223556155,235.061196952488,1612598.5,NA,496364.6,10.74,-1,0.11317762199343,0.997678491062839,0,0.598607094637703,7,1,0.416666666666667,"O5","de-protonated",0,NA,"C12 H12 O5",12,12,5,NA,NA,NA,NA,NA,NA,NA,NA
307,237.040759,237.040471041525,237.040461507581,1792068.6,NA,490680.9,12.21,-1,0.0402207430028571,0.999706512054151,0,0.59982390723249,7,0.909090909090909,0.545454545454545,"O6","de-protonated",0,NA,"C11 H10 O6",11,10,6,NA,NA,NA,NA,NA,NA,NA,NA
309,237.077161,237.076872940101,237.076847016966,2634835.3,NA,454124.3,19.11,-1,0.109344862744777,0.997832896817835,0,0.598699738090701,6,1.16666666666667,0.416666666666667,"O5","de-protonated",0,NA,"C12 H14 O5",12,14,5,NA,NA,NA,NA,NA,NA,NA,NA
311,237.113575,237.113286838643,237.11323252635,1194849.6,NA,549640.3,7.31,-1,0.229056358639999,0.990525137335129,0,0.594315082401078,5,1.38461538461538,0.307692307692308,"O4","de-protonated",0,NA,"C13 H18 O4",13,18,4,NA,NA,NA,NA,NA,NA,NA,NA
314,238.963279,238.962985684965,238.963080565117,1339715.6,NA,504929.3,8.5,-1,-0.39704941586035,0.971800185818558,0,0.583080111491135,12,0.307692307692308,0.0769230769230769,"S2 O1","de-protonated",0,NA,"C13 H4 O1 S2",13,4,1,NA,NA,2,NA,NA,NA,NA,NA
315,239.020038,239.019744526822,239.019726062675,1485146.4,NA,510578.7,9.69,-1,0.0772494704868106,0.998917794475345,0,0.599350676685207,7,0.8,0.7,"O7","de-protonated",0,NA,"C10 H8 O7",10,8,7,NA,NA,NA,NA,NA,NA,NA,NA
316,239.056408,239.056114425487,239.056111572059,2062697,NA,420248.8,14.42,-1,0.0119362278376702,0.999974148698392,0,0.599984489219035,6,1.09090909090909,0.545454545454545,"O6","de-protonated",0,NA,"C11 H12 O6",11,12,6,NA,NA,NA,NA,NA,NA,NA,NA
317,239.092832,239.092538324002,239.092497081443,3051383.5,NA,479746.9,22.52,-1,0.17249624821474,0.994615550779977,0,0.596769330467986,5,1.33333333333333,0.416666666666667,"O5","de-protonated",0,NA,"C12 H16 O5",12,16,5,NA,NA,NA,NA,NA,NA,NA,NA
318,239.129206,239.128912222656,239.128882590828,16932742,NA,416473.6,136.27,-1,0.123915723681215,0.997000230352749,0.987510763365023,0.993204443557659,4,1.53846153846154,0.307692307692308,"O4","de-protonated",0,NA,"C13 H20 O4",13,20,4,NA,NA,NA,NA,NA,NA,NA,NA
322,241.035663,241.035363910852,241.035376127153,1640837.9,NA,469238.4,10.89,-1,-0.0506826065961517,0.999534016534906,0,0.599720409920944,6,1,0.7,"O7","de-protonated",0,NA,"C10 H10 O7",10,10,7,NA,NA,NA,NA,NA,NA,NA,NA
323,241.072126,241.071826809258,241.071761636537,3338900.8,NA,418911.2,24.72,-1,0.270345727153179,0.986826040286802,0,0.592095624172081,5,1.27272727272727,0.545454545454545,"O6","de-protonated",0,NA,"C11 H14 O6",11,14,6,NA,NA,NA,NA,NA,NA,NA,NA
324,241.108508,241.10820870789,241.108147145922,2605219.5,NA,412018.2,18.74,-1,0.255329274178907,0.988240498671925,0,0.592944299203155,4,1.5,0.416666666666667,"O5","de-protonated",0,NA,"C12 H18 O5",12,18,5,NA,NA,NA,NA,NA,NA,NA,NA
328,241.144819,241.144519606719,241.144532655306,1639346.1,NA,523818,10.88,-1,-0.0541110606200384,0.999468858103678,0,0.599681314862207,3,1.69230769230769,0.307692307692308,"O4","de-protonated",0,NA,"C13 H22 O4",13,22,4,NA,NA,NA,NA,NA,NA,NA,NA
331,242.024403,242.024101156007,242.024100423909,1214486.6,NA,279940.7,7.41,-1,0.00302489669837998,0.999998339745892,0,0.599999003847535,6,1.125,0.5,"N3 S1 O4","de-protonated",0,NA,"C8 H9 O4 S1 N3",8,9,4,3,NA,1,NA,NA,NA,NA,NA
332,242.067357,242.067055036328,242.06701060873,4444200,NA,455739.6,33.71,-1,0.183534291502399,0.993906571428936,0,0.596343942857362,5,1.3,0.6,"N1 O6","de-protonated",0,NA,"C10 H13 O6 N1",10,13,6,1,NA,NA,NA,NA,NA,NA,NA
333,242.140187,242.139884833407,242.139781627499,10142790,NA,427537.9,80.12,-1,0.426224504563763,0.483787035389465,0.884369916155675,0.644020187695949,3,1.75,0.333333333333333,"N1 O4","de-protonated",0,NA,"C12 H21 O4 N1",12,21,4,1,NA,NA,NA,NA,NA,NA,NA
334,242.176492,242.176189732254,242.176167136883,7471188.5,NA,429933.4,58.36,-1,0.0933013796984722,0.998421709243307,0,0.599053025545984,2,1.92307692307692,0.230769230769231,"N1 O3","de-protonated",0,NA,"C13 H25 O3 N1",13,25,3,1,NA,NA,NA,NA,NA,NA,NA
337,243.051382,243.051077294619,243.051026191631,1567928.5,NA,467163.9,10.29,-1,0.210256213894214,0.992010661137165,0,0.595206396682299,5,1.2,0.7,"O7","de-protonated",0,NA,"C10 H12 O7",10,12,7,NA,NA,NA,NA,NA,NA,NA,NA
338,243.087784,243.087479193196,243.087411701015,4440519.5,NA,443113.7,33.68,-1,0.277645723780329,0.986110006914508,0,0.591666004148705,4,1.45454545454545,0.545454545454545,"O6","de-protonated",0,NA,"C11 H16 O6",11,16,6,NA,NA,NA,NA,NA,NA,NA,NA
339,243.124115,243.123810091969,243.1237972104,2552278,NA,444100.3,18.3,-1,0.0529835833442932,0.999490756050732,0,0.599694453630439,3,1.66666666666667,0.416666666666667,"O5","de-protonated",0,NA,"C12 H20 O5",12,20,5,NA,NA,NA,NA,NA,NA,NA,NA
341,243.160499,243.160193990596,243.160182719784,1295589,NA,519328.6,8.07,-1,0.0463513877328504,0.999610242337438,0,0.599766145402463,2,1.84615384615385,0.307692307692308,"O4","de-protonated",0,NA,"C13 H24 O4",13,24,4,NA,NA,NA,NA,NA,NA,NA,NA
347,245.049197,245.048886728272,245.048918191379,1876202.1,NA,418253.2,12.79,-1,-0.12839521235249,0.997013227733081,0,0.598207936639849,4,1.4,0.5,"S1 O5","de-protonated",0,NA,"C10 H14 O5 S1",10,14,5,NA,NA,1,NA,NA,NA,NA,NA
348,245.066987,245.066676678705,245.066676256109,2007793.4,NA,419640.5,13.86,-1,0.0017244118841665,0.999999460444995,0,0.599999676266997,4,1.4,0.7,"O7","de-protonated",0,NA,"C10 H14 O7",10,14,7,NA,NA,NA,NA,NA,NA,NA,NA
349,245.103413,245.103102577214,245.103061765493,5972224.5,NA,414368.6,45.85,-1,0.166508408748485,0.99498195871386,0,0.596989175228316,3,1.63636363636364,0.545454545454545,"O6","de-protonated",0,NA,"C11 H18 O6",11,18,6,NA,NA,NA,NA,NA,NA,NA,NA
350,245.139729,245.13941847603,245.139447274878,1442575.4,NA,439785.7,9.2,-1,-0.117479451387954,0.99749888321758,0,0.598499329930548,2,1.83333333333333,0.416666666666667,"O5","de-protonated",0,NA,"C12 H22 O5",12,22,5,NA,NA,NA,NA,NA,NA,NA,NA
353,247.061567,247.06125112137,247.061196952488,1420327.8,NA,480980.2,9.01,-1,0.219252895616813,0.991315360446739,0,0.594789216268043,8,0.923076923076923,0.384615384615385,"O5","de-protonated",0,NA,"C13 H12 O5",13,12,5,NA,NA,NA,NA,NA,NA,NA,NA
355,247.082646,247.08233006264,247.082326320587,2783792.5,NA,459411.5,20.04,-1,0.0151449633193488,0.999958381996489,0,0.599975029197893,3,1.6,0.7,"O7","de-protonated",0,NA,"C10 H16 O7",10,16,7,NA,NA,NA,NA,NA,NA,NA,NA
357,247.119028,247.118711961271,247.118711829971,1276479.5,NA,495551.2,7.85,-1,0.000531324614200151,0.999999948775977,0,0.599999969265586,2,1.81818181818182,0.545454545454545,"O6","de-protonated",0,NA,"C11 H20 O6",11,20,6,NA,NA,NA,NA,NA,NA,NA,NA
358,248.114355,248.114036188074,248.113960802164,1938140.1,NA,508208.1,13.2,-1,0.3038358226182,0.983388857649069,0,0.590033314589441,2,1.9,0.6,"N1 O6","de-protonated",0,NA,"C10 H19 O6 N1",10,19,6,1,NA,NA,NA,NA,NA,NA,NA
361,249.040785,249.040463606838,249.040461507581,2139229.3,NA,400224.7,14.82,-1,0.00842937939172781,0.999987107348873,0,0.599992264409324,8,0.833333333333333,0.5,"O6","de-protonated",0,NA,"C12 H10 O6",12,10,6,NA,NA,NA,NA,NA,NA,NA,NA
363,249.062012,249.061690547695,249.061590875681,1269094.1,NA,376457.9,7.78,-1,0.400190225155767,0.971358755048168,0,0.582815253028901,3,1.55555555555556,0.888888888888889,"O8","de-protonated",0,NA,"C9 H14 O8",9,14,8,NA,NA,NA,NA,NA,NA,NA,NA
366,249.113568,249.113246404048,249.11323252635,1289851.5,NA,521401.8,7.95,-1,0.0557083960564895,0.999437046057769,0,0.599662227634661,6,1.28571428571429,0.285714285714286,"O4","de-protonated",0,NA,"C14 H18 O4",14,18,4,NA,NA,NA,NA,NA,NA,NA,NA
367,249.149986,249.14966430258,249.149618035734,3124618.8,NA,471008.8,22.79,-1,0.185699044125938,0.993762433898854,0,0.596257460339313,5,1.46666666666667,0.2,"O3","de-protonated",0,NA,"C15 H22 O3",15,22,3,NA,NA,NA,NA,NA,NA,NA,NA
368,250.145217,250.14489252965,250.144867007927,1383465.8,NA,494058.3,8.7,-1,0.102027768080475,0.998112962575587,0,0.598867777545352,5,1.5,0.214285714285714,"N1 O3","de-protonated",0,NA,"C14 H21 O3 N1",14,21,3,1,NA,NA,NA,NA,NA,NA,NA
373,251.020108,251.019781092013,251.019726062675,1715095.6,NA,452146.2,11.38,-1,0.219223160582251,0.991317705650101,0,0.59479062339006,8,0.727272727272727,0.636363636363636,"O7","de-protonated",0,NA,"C11 H8 O7",11,8,7,NA,NA,NA,NA,NA,NA,NA,NA
374,251.056459,251.056131990731,251.056111572059,2164903,NA,433869.3,14.92,-1,0.0813311076028143,0.998800482469052,0,0.599280289481431,7,1,0.5,"O6","de-protonated",0,NA,"C12 H12 O6",12,12,6,NA,NA,NA,NA,NA,NA,NA,NA
376,251.092842,251.09251488936,251.092497081443,2966710.3,NA,400080.4,21.36,-1,0.0709217383467511,0.999087748882566,0,0.59945264932954,6,1.23076923076923,0.384615384615385,"O5","de-protonated",0,NA,"C13 H16 O5",13,16,5,NA,NA,NA,NA,NA,NA,NA,NA
378,251.129219,251.128891788006,251.128882590828,1943237.4,NA,441856,13.14,-1,0.0366233374212444,0.999756658142723,0,0.599853994885634,5,1.42857142857143,0.285714285714286,"O4","de-protonated",0,NA,"C14 H20 O4",14,20,4,NA,NA,NA,NA,NA,NA,NA,NA
383,252.978974,252.978641634185,252.978730629595,5211598,NA,403645.7,39.4,-1,-0.351790086372906,0.977794834446889,0,0.586676900668133,12,0.428571428571429,0.0714285714285714,"S2 O1","de-protonated",0,NA,"C14 H6 O1 S2",14,6,1,NA,NA,2,NA,NA,NA,NA,NA
384,253.035719,253.035386476081,253.035376127153,2047974,NA,420368.5,13.98,-1,0.0408991362631836,0.999696529699362,0,0.599817917819617,7,0.909090909090909,0.636363636363636,"O7","de-protonated",0,NA,"C11 H10 O7",11,10,7,NA,NA,NA,NA,NA,NA,NA,NA
385,253.072133,253.071800374624,253.071761636537,3689461.3,NA,441213.3,27.17,-1,0.153071549606234,0.995757518960047,0,0.597454511376028,6,1.16666666666667,0.5,"O6","de-protonated",0,NA,"C12 H14 O6",12,14,6,NA,NA,NA,NA,NA,NA,NA,NA
387,253.108464,253.108131273398,253.108147145922,2170116.8,NA,430243,14.96,-1,-0.0627104415833047,0.999286689516884,0,0.59957201371013,5,1.38461538461538,0.384615384615385,"O5","de-protonated",0,NA,"C13 H18 O5",13,18,5,NA,NA,NA,NA,NA,NA,NA,NA
388,253.144873,253.144540171954,253.144532655306,13540884,NA,402829.9,106.33,-1,0.0296931105537804,0.998749398857062,0.990085634813973,0.995283893239826,4,1.57142857142857,0.285714285714286,"O4","de-protonated",0,NA,"C14 H22 O4",14,22,4,NA,NA,NA,NA,NA,NA,NA,NA
392,255.051364,255.051025860055,255.051026191631,2512184.5,NA,458111.4,17.7,-1,-0.00130003718940763,0.999999693334222,0,0.599999816000533,6,1.09090909090909,0.636363636363636,"O7","de-protonated",0,NA,"C11 H12 O7",11,12,7,NA,NA,NA,NA,NA,NA,NA,NA
393,255.087758,255.087419758654,255.087411701015,3253064,NA,422500.7,23.65,-1,0.0315877535598517,0.999818969397351,0,0.599891381638411,5,1.33333333333333,0.5,"O6","de-protonated",0,NA,"C12 H16 O6",12,16,6,NA,NA,NA,NA,NA,NA,NA,NA
394,255.124114,255.123775657358,255.123797210399,2394967.5,NA,404520.2,16.76,-1,-0.0844807186520269,0.998705840357126,0,0.599223504214276,4,1.53846153846154,0.384615384615385,"O5","de-protonated",0,NA,"C13 H20 O5",13,20,5,NA,NA,NA,NA,NA,NA,NA,NA
399,257.067017,257.066673244007,257.066676256109,2053775,NA,440682,14.01,-1,-0.0117172020408977,0.999975088707797,0,0.599985053224678,5,1.27272727272727,0.636363636363636,"O7","de-protonated",0,NA,"C11 H14 O7",11,14,7,NA,NA,NA,NA,NA,NA,NA,NA
400,257.103435,257.103091142538,257.103061765493,5165214.5,NA,393905,39.01,-1,0.114261746997481,0.997633855632605,0,0.598580313379563,4,1.5,0.5,"O6","de-protonated",0,NA,"C12 H18 O6",12,18,6,NA,NA,NA,NA,NA,NA,NA,NA
401,257.139814,257.139470041178,257.139447274877,3246766,NA,413418,23.59,-1,0.0885367886671624,0.998578677797391,0,0.599147206678435,3,1.69230769230769,0.384615384615385,"O5","de-protonated",0,NA,"C13 H22 O5",13,22,5,NA,NA,NA,NA,NA,NA,NA,NA
402,257.17614,257.175795939966,257.175832784262,1637821.4,NA,376489.3,10.59,-1,-0.143264999702596,0.996282717355954,0,0.597769630413572,2,1.85714285714286,0.285714285714286,"O4","de-protonated",0,NA,"C14 H26 O4",14,26,4,NA,NA,NA,NA,NA,NA,NA,NA
406,258.980414,258.980064912866,258.980183725241,1271165.3,NA,286701.4,7.66,-1,-0.458770142210866,0.962530511676061,0,0.577518307005636,11,0.416666666666667,0.416666666666667,"P1 O5","de-protonated",0,NA,"C12 H5 O5 P1",12,5,5,NA,1,NA,NA,NA,NA,NA,NA
407,259.082675,259.082325627944,259.082326320587,3709416.8,NA,468017.3,27.11,-1,-0.0026734458597284,0.999998703130329,0,0.599999221878197,4,1.45454545454545,0.636363636363636,"O7","de-protonated",0,NA,"C11 H16 O7",11,16,7,NA,NA,NA,NA,NA,NA,NA,NA
409,259.119117,259.118767526409,259.118711829971,6630392.5,NA,435625.2,50.42,-1,0.21494564178194,0.991651816368556,0,0.594991089821133,3,1.66666666666667,0.5,"O6","de-protonated",0,NA,"C12 H20 O6",12,20,6,NA,NA,NA,NA,NA,NA,NA,NA
410,259.155393,259.155043425336,259.155097339355,1466631.9,NA,447153.8,9.22,-1,-0.20803765720843,0.992177715862199,0,0.59530662951732,2,1.84615384615385,0.384615384615385,"O5","de-protonated",0,NA,"C13 H24 O5",13,24,5,NA,NA,NA,NA,NA,NA,NA,NA
415,261.040817,261.040462172134,261.040461507581,1817901,NA,381485.1,12.01,-1,0.00254578497820514,0.999998824027917,0,0.59999929441675,9,0.769230769230769,0.461538461538462,"O6","de-protonated",0,NA,"C13 H10 O6",13,10,6,NA,NA,NA,NA,NA,NA,NA,NA
416,261.061993,261.061638113133,261.061590875681,2497334,NA,400719.1,17.44,-1,0.18094370896068,0.994076867782188,0,0.596446120669313,4,1.4,0.8,"O8","de-protonated",0,NA,"C10 H14 O8",10,14,8,NA,NA,NA,NA,NA,NA,NA,NA
417,261.077224,261.076869070696,261.076847016965,1950524.6,NA,443947.2,13.07,-1,0.0844721814293876,0.998706101737956,0,0.599223661042774,8,1,0.357142857142857,"O5","de-protonated",0,NA,"C14 H14 O5",14,14,5,NA,NA,NA,NA,NA,NA,NA,NA
419,261.098418,261.098063011645,261.097976385065,2500933.8,NA,433083.7,17.46,-1,0.331778060637835,0.980224875097301,0,0.58813492505838,3,1.63636363636364,0.636363636363636,"O7","de-protonated",0,NA,"C11 H18 O7",11,18,7,NA,NA,NA,NA,NA,NA,NA,NA
421,261.134726,261.134370910483,261.134361894449,2094421.1,NA,374258.5,14.22,-1,0.0345264173797618,0.999783723221163,0,0.599870233932698,2,1.83333333333333,0.5,"O6","de-protonated",0,NA,"C12 H22 O6",12,22,6,NA,NA,NA,NA,NA,NA,NA,NA
425,263.0201,263.01973965742,263.019726062675,1638780.6,NA,478850.8,10.58,-1,0.0516871707683572,0.999515365763511,0,0.599709219458107,9,0.666666666666667,0.583333333333333,"O7","de-protonated",0,NA,"C12 H8 O7",12,8,7,NA,NA,NA,NA,NA,NA,NA,NA
426,263.056474,263.056113556074,263.056111572059,2264204.3,NA,425085,15.57,-1,0.00754217521368185,0.999989678452354,0,0.599993807071412,8,0.923076923076923,0.461538461538462,"O6","de-protonated",0,NA,"C13 H12 O6",13,12,6,NA,NA,NA,NA,NA,NA,NA,NA
428,263.092848,263.092487454729,263.092497081443,2636955.8,NA,434017,18.54,-1,-0.0365906094645051,0.999757092813997,0,0.599854255688398,7,1.14285714285714,0.357142857142857,"O5","de-protonated",0,NA,"C14 H16 O5",14,16,5,NA,NA,NA,NA,NA,NA,NA,NA
430,263.129299,263.128938353168,263.128882590828,2056875.4,NA,425393.4,13.91,-1,0.21192025700228,0.991884216304511,0,0.595130529782707,6,1.33333333333333,0.266666666666667,"O4","de-protonated",0,NA,"C15 H20 O4",15,20,4,NA,NA,NA,NA,NA,NA,NA,NA
437,265.035783,265.035417041288,265.035376127153,2395613.8,NA,420513,16.49,-1,0.154372356120489,0.995685263568769,0,0.597411158141261,8,0.833333333333333,0.583333333333333,"O7","de-protonated",0,NA,"C12 H10 O7",12,10,7,NA,NA,NA,NA,NA,NA,NA,NA
439,265.072135,265.071768940004,265.071761636537,3259373.5,NA,447877,23.33,-1,0.0275527902353289,0.999862261582584,0,0.599917356949551,7,1.07692307692308,0.461538461538462,"O6","de-protonated",0,NA,"C13 H14 O6",13,14,6,NA,NA,NA,NA,NA,NA,NA,NA
442,265.108525,265.108158838613,265.108147145921,3246589,NA,434671.4,23.23,-1,0.0441053660961611,0.999647093183624,0,0.599788255910174,6,1.28571428571429,0.357142857142857,"O5","de-protonated",0,NA,"C14 H18 O5",14,18,5,NA,NA,NA,NA,NA,NA,NA,NA
444,265.148234,265.147867727975,265.147903958676,4936206,NA,405416.3,36.61,-1,-0.136643359440954,0.996617830070816,0,0.59797069804249,0,2.16666666666667,0.333333333333333,"S1 O4","de-protonated",0,NA,"C12 H26 O4 S1",12,26,4,NA,NA,1,NA,NA,NA,NA,NA
452,266.994652,266.994280583453,266.994380694073,2801448.3,NA,433207.1,19.69,-1,-0.374954034050929,0.974812663398051,0,0.58488759803883,12,0.533333333333333,0.0666666666666667,"S2 O1","de-protonated",0,NA,"C15 H8 O1 S2",15,8,1,NA,NA,2,NA,NA,NA,NA,NA
453,267.015043,267.014671526639,267.014640682247,1667888.9,NA,467768.2,10.72,-1,0.115515733971213,0.997581698447661,0,0.598549019068596,8,0.727272727272727,0.727272727272727,"O8","de-protonated",0,NA,"C11 H8 O8",11,8,8,NA,NA,NA,NA,NA,NA,NA,NA
454,267.051454,267.05108242519,267.051026191631,2560320.5,NA,464043.7,17.78,-1,0.210572337787927,0.991986715442189,0,0.595192029265313,7,1,0.583333333333333,"O7","de-protonated",0,NA,"C12 H12 O7",12,12,7,NA,NA,NA,NA,NA,NA,NA,NA
457,267.087813,267.087441323886,267.087411701015,4879696,NA,398340.2,36.15,-1,0.110910770252562,0.997770452749941,0,0.598662271649965,6,1.23076923076923,0.461538461538462,"O6","de-protonated",0,NA,"C13 H16 O6",13,16,6,NA,NA,NA,NA,NA,NA,NA,NA
458,267.100796,267.100424287712,267.100298860637,1745493.9,NA,470613.9,11.33,-1,0.469587924931523,0.960778139022325,0,0.576466883413395,1,2.1,0.6,"P1 O6","de-protonated",0,NA,"C10 H21 O6 P1",10,21,6,NA,1,NA,NA,NA,NA,NA,NA
459,267.124187,267.12381522254,267.123797210399,2704224,NA,415585.1,18.92,-1,0.0674299354438915,0.99917533003102,0,0.599505198018612,5,1.42857142857143,0.357142857142857,"O5","de-protonated",0,NA,"C14 H20 O5",14,20,5,NA,NA,NA,NA,NA,NA,NA,NA
467,269.030632,269.030254910769,269.030290746725,1698452.9,NA,387129,10.95,-1,-0.133204167189546,0.996785669480478,0,0.598071401688287,7,0.909090909090909,0.727272727272727,"O8","de-protonated",0,NA,"C11 H10 O8",11,10,8,NA,NA,NA,NA,NA,NA,NA,NA
468,269.067009,269.066631809414,269.066676256109,4192932.5,NA,377164.2,30.71,-1,-0.165188402660888,0.995061009012806,0,0.597036605407684,6,1.16666666666667,0.583333333333333,"O7","de-protonated",0,NA,"C12 H14 O7",12,14,7,NA,NA,NA,NA,NA,NA,NA,NA
469,269.103471,269.103093707823,269.103061765493,3949748.3,NA,409907,28.78,-1,0.118699244872383,0.997446741909099,0,0.598468045145459,5,1.38461538461538,0.461538461538462,"O6","de-protonated",0,NA,"C13 H18 O6",13,18,6,NA,NA,NA,NA,NA,NA,NA,NA
470,269.131622,269.131244629389,269.1312050664,4951232.5,NA,409402.8,36.71,-1,0.1470026059626,0.996086613651288,0,0.597651968190773,4,1.64285714285714,0.214285714285714,"P1 O3","de-protonated",0,NA,"C14 H23 O3 P1",14,23,3,NA,1,NA,NA,NA,NA,NA,NA
471,269.139846,269.139468606475,269.139447274877,7912644,NA,381390.8,60.17,-1,0.079258530997985,0.4994304021002,0.867648864333947,0.646717786993698,4,1.57142857142857,0.357142857142857,"O5","de-protonated",0,NA,"C14 H22 O5",14,22,5,NA,NA,NA,NA,NA,NA,NA,NA
472,270.135043,270.134662833639,270.134696247071,1433456.8,NA,402960.3,8.85,-1,-0.123691743213398,0.997227748894105,0,0.598336649336463,4,1.61538461538462,0.384615384615385,"N1 O5","de-protonated",0,NA,"C13 H21 O5 N1",13,21,5,1,NA,NA,NA,NA,NA,NA,NA
475,271.046357,271.04597429452,271.045940811203,2160377.5,NA,380879.7,14.49,-1,0.12353373384135,0.997234817370188,0,0.598340890422113,6,1.09090909090909,0.727272727272727,"O8","de-protonated",0,NA,"C11 H12 O8",11,12,8,NA,NA,NA,NA,NA,NA,NA,NA
476,271.082691,271.082308193285,271.082326320587,3902473.3,NA,392723.2,28.18,-1,-0.0668700976924138,0.999188961315893,0,0.599513376789536,5,1.33333333333333,0.583333333333333,"O7","de-protonated",0,NA,"C12 H16 O7",12,16,7,NA,NA,NA,NA,NA,NA,NA,NA
477,271.119119,271.118736091789,271.118711829971,6432793,NA,402593.4,48.06,-1,0.0894878024103073,0.998548001973495,0,0.599128801184097,4,1.53846153846154,0.461538461538462,"O6","de-protonated",0,NA,"C13 H20 O6",13,20,6,NA,NA,NA,NA,NA,NA,NA,NA
479,271.155542,271.155158990307,271.155097339355,1667880.6,NA,393593.2,10.62,-1,0.227364160485049,0.990663961841992,0,0.594398377105195,3,1.71428571428571,0.357142857142857,"O5","de-protonated",0,NA,"C14 H24 O5",14,24,5,NA,NA,NA,NA,NA,NA,NA,NA
484,273.040866,273.040477737383,273.040461507581,1693525.4,NA,464111.1,10.82,-1,0.0594410139164059,0.999359104768838,0,0.599615462861303,10,0.714285714285714,0.428571428571429,"O6","de-protonated",0,NA,"C14 H10 O6",14,10,6,NA,NA,NA,NA,NA,NA,NA,NA
485,273.061955,273.061566678625,273.061590875681,1492318.5,NA,464830.2,9.23,-1,-0.0886139130227555,0.998576202257074,0,0.599145721354244,5,1.27272727272727,0.727272727272727,"O8","de-protonated",0,NA,"C11 H14 O8",11,14,8,NA,NA,NA,NA,NA,NA,NA,NA
487,273.098369,273.097980577167,273.097976385065,6314862,NA,411249.2,47.13,-1,0.0153501769679422,0.999957246535064,0,0.599974347921038,4,1.5,0.583333333333333,"O7","de-protonated",0,NA,"C12 H18 O7",12,18,7,NA,NA,NA,NA,NA,NA,NA,NA
488,273.134727,273.134338475866,273.134361894449,11530110,NA,386336.2,88.11,-1,-0.0857401577741217,0.996565477870266,0.987781187318172,0.993051761649428,3,1.69230769230769,0.461538461538462,"O6","de-protonated",0,NA,"C13 H22 O6",13,22,6,NA,NA,NA,NA,NA,NA,NA,NA
497,275.02009,275.019696222834,275.019726062675,1418410.5,NA,384171.6,8.65,-1,-0.108500730382335,0.997866191756641,0,0.598719715053984,10,0.615384615384615,0.538461538461538,"O7","de-protonated",0,NA,"C13 H8 O7",13,8,7,NA,NA,NA,NA,NA,NA,NA,NA
499,275.056519,275.056125121335,275.056111572059,2161338.3,NA,441634.3,14.48,-1,0.0492600413242229,0.999559802302431,0,0.599735881381459,9,0.857142857142857,0.428571428571429,"O6","de-protonated",0,NA,"C14 H12 O6",14,12,6,NA,NA,NA,NA,NA,NA,NA,NA
500,275.069468,275.069074085256,275.068998731681,2576063.8,NA,400579.9,17.74,-1,0.273944265017636,0.986475390414887,0,0.591885234248932,4,1.54545454545455,0.545454545454545,"P1 O6","de-protonated",0,NA,"C11 H17 O6 P1",11,17,6,NA,1,NA,NA,NA,NA,NA,NA
501,275.077653,275.077259062451,275.077240940159,2388163.3,NA,407458.8,16.27,-1,0.0658807398423393,0.999212773394327,0,0.599527664036596,4,1.45454545454545,0.727272727272727,"O8","de-protonated",0,NA,"C11 H16 O8",11,16,8,NA,NA,NA,NA,NA,NA,NA,NA
502,275.092865,275.092471020067,275.092497081443,2301641.8,NA,428025,15.59,-1,-0.0947367774447116,0.998372813004304,0,0.599023687802583,8,1.06666666666667,0.333333333333333,"O5","de-protonated",0,NA,"C15 H16 O5",15,16,5,NA,NA,NA,NA,NA,NA,NA,NA
504,275.114033,275.113638961088,275.113626449543,4024019,NA,414292,29.12,-1,0.045477737214759,0.999624793774035,0,0.599774876264421,3,1.66666666666667,0.583333333333333,"O7","de-protonated",0,NA,"C12 H20 O7",12,20,7,NA,NA,NA,NA,NA,NA,NA,NA
505,275.129281,275.128886918604,275.128882590828,1318617.5,NA,414684.1,7.86,-1,0.0157299952836434,0.999955104660093,0,0.599973062796056,7,1.25,0.25,"O4","de-protonated",0,NA,"C16 H20 O4",16,20,4,NA,NA,NA,NA,NA,NA,NA,NA
506,275.150344,275.149949859918,275.150011958927,2243810.5,NA,377313.6,15.13,-1,-0.225691465274754,0.990800193610086,0,0.594480116166052,2,1.84615384615385,0.461538461538462,"O6","de-protonated",0,NA,"C13 H24 O6",13,24,6,NA,NA,NA,NA,NA,NA,NA,NA
509,277.035777,277.035377606691,277.035376127153,2593806.5,NA,460795.2,17.88,-1,0.00534060938479551,0.999994824714255,0,0.599996894828553,9,0.769230769230769,0.538461538461538,"O7","de-protonated",0,NA,"C13 H10 O7",13,10,7,NA,NA,NA,NA,NA,NA,NA,NA
510,277.048748,277.048348570551,277.048263286775,1703956.1,NA,378364.3,10.88,-1,0.30783003166782,0.982953016850388,0,0.589771810110233,4,1.5,0.7,"P1 O7","de-protonated",0,NA,"C10 H15 O7 P1",10,15,7,NA,1,NA,NA,NA,NA,NA,NA
511,277.072098,277.071698505492,277.071761636537,5008926,NA,367284.2,36.85,-1,-0.227850880255941,0.990624135808541,0,0.594374481485125,8,1,0.428571428571429,"O6","de-protonated",0,NA,"C14 H14 O6",14,14,6,NA,NA,NA,NA,NA,NA,NA,NA
514,277.108507,277.108107404049,277.108147145921,3323950,NA,416175.8,23.61,-1,-0.143416470869584,0.996274867452618,0,0.59776492047157,7,1.2,0.333333333333333,"O5","de-protonated",0,NA,"C15 H18 O5",15,18,5,NA,NA,NA,NA,NA,NA,NA,NA
516,277.144978,277.144578302433,277.144532655306,4062781.8,NA,413114.8,29.42,-1,0.164705132685453,0.995089794490312,0,0.597053876694187,6,1.375,0.25,"O4","de-protonated",0,NA,"C16 H22 O4",16,22,4,NA,NA,NA,NA,NA,NA,NA,NA
517,277.194294,277.193894165028,277.193805324312,1448018.9,NA,468092.4,8.87,-1,0.320500364516202,0.981534125826074,0,0.588920475495644,0,2.21428571428571,0.214285714285714,"P1 O3","de-protonated",0,NA,"C14 H31 O3 P1",14,31,3,NA,1,NA,NA,NA,NA,NA,NA
519,278.08858,278.088177673352,278.08813997683,1409363.6,NA,290854.8,8.48,-1,0.135556023509656,0.996671353634116,0,0.59800281218047,3,1.7,0.8,"N1 O8","de-protonated",0,NA,"C10 H17 O8 N1",10,17,8,1,NA,NA,NA,NA,NA,NA,NA
523,279.015116,279.014711091821,279.014640682247,2236770,NA,402171.2,14.91,-1,0.252350823463231,0.988511678019839,0,0.593107006811903,9,0.666666666666667,0.666666666666667,"O8","de-protonated",0,NA,"C12 H8 O8",12,8,8,NA,NA,NA,NA,NA,NA,NA,NA
524,279.051432,279.051026990637,279.051026191631,3876721.8,NA,377159.4,27.66,-1,0.00286329606155065,0.999998512400523,0,0.599999107440314,8,0.923076923076923,0.538461538461538,"O7","de-protonated",0,NA,"C13 H12 O7",13,12,7,NA,NA,NA,NA,NA,NA,NA,NA
527,279.087785,279.087379889349,279.087411701015,3934593.3,NA,373236.8,28.11,-1,-0.113984596123647,0.997645306742432,0,0.598587184045459,7,1.14285714285714,0.428571428571429,"O6","de-protonated",0,NA,"C14 H16 O6",14,16,6,NA,NA,NA,NA,NA,NA,NA,NA
530,279.124218,279.123812787839,279.123797210399,3595665,NA,427843.2,25.48,-1,0.0558083533837292,0.999435024605136,0,0.599661014763082,6,1.33333333333333,0.333333333333333,"O5","de-protonated",0,NA,"C15 H20 O5",15,20,5,NA,NA,NA,NA,NA,NA,NA,NA
532,279.156591,279.156185697641,279.156159967791,1551774.9,NA,460726.9,9.58,-1,0.0921700943288135,0.998459721653332,0,0.599075832991999,1,2.18181818181818,0.545454545454545,"N2 O6","de-protonated",0,NA,"C11 H24 O6 N2",11,24,6,2,NA,NA,NA,NA,NA,NA,NA
534,280.16874,280.168331877573,280.168318851599,1290449.8,NA,348284.2,7.54,-1,0.0464933879513786,0.999607851057115,0,0.599764710634269,0,2.33333333333333,0.333333333333333,"N1 P1 O4","de-protonated",0,NA,"C12 H28 O4 N1 P1",12,28,4,1,1,NA,NA,NA,NA,NA,NA
538,281.030684,281.030273476009,281.030290746725,3441859.8,NA,402870.7,24.27,-1,-0.0614549955294316,0.999314954507825,0,0.599588972704695,8,0.833333333333333,0.666666666666667,"O8","de-protonated",0,NA,"C12 H10 O8",12,10,8,NA,NA,NA,NA,NA,NA,NA,NA
539,281.067065,281.066654374644,281.066676256109,5249235.5,NA,388758.4,38.33,-1,-0.0778515091970584,0.998900869858074,0,0.599340521914845,7,1.07692307692308,0.538461538461538,"O7","de-protonated",0,NA,"C13 H14 O7",13,14,7,NA,NA,NA,NA,NA,NA,NA,NA
542,281.103483,281.103072273175,281.103061765493,4785379,NA,385295.3,34.72,-1,0.0373801771559079,0.999746497944124,0,0.599847898766474,6,1.28571428571429,0.428571428571429,"O6","de-protonated",0,NA,"C14 H18 O6",14,18,6,NA,NA,NA,NA,NA,NA,NA,NA
544,281.139863,281.139452171813,281.139447274877,2899698.5,NA,419561.7,20.06,-1,0.0174181724162757,0.999944951302882,0,0.599966970781729,5,1.46666666666667,0.333333333333333,"O5","de-protonated",0,NA,"C15 H22 O5",15,22,5,NA,NA,NA,NA,NA,NA,NA,NA
552,283.04631,283.045893860036,283.045940811203,3584547.3,NA,355944.1,25.38,-1,-0.165878253913823,0.995019774065977,0,0.597011864439586,7,1,0.666666666666667,"O8","de-protonated",0,NA,"C12 H12 O8",12,12,8,NA,NA,NA,NA,NA,NA,NA,NA
553,283.061708,283.061291817134,283.061196952487,1381673.9,NA,349831.5,8.24,-1,0.335138293437008,0.979826371737816,0,0.58789582304269,11,0.75,0.3125,"O5","de-protonated",0,NA,"C16 H12 O5",16,12,5,NA,NA,NA,NA,NA,NA,NA,NA
554,283.082697,283.082280758654,283.082326320587,5411891,NA,385937.5,39.59,-1,-0.160949408200004,0.995310653517758,0,0.597186392110655,6,1.23076923076923,0.538461538461538,"O7","de-protonated",0,NA,"C13 H16 O7",13,16,7,NA,NA,NA,NA,NA,NA,NA,NA
556,283.119091,283.118674657252,283.118711829971,5199938.5,NA,363412.8,37.94,-1,-0.131297286951502,0.996876897231539,0,0.598126138338923,5,1.42857142857143,0.428571428571429,"O6","de-protonated",0,NA,"C14 H20 O6",14,20,6,NA,NA,NA,NA,NA,NA,NA,NA
557,283.15548,283.155063555865,283.155097339355,1655890,NA,338030.4,10.38,-1,-0.119310904302292,0.997420394193896,0,0.598452236516337,4,1.6,0.333333333333333,"O5","de-protonated",0,NA,"C15 H24 O5",15,24,5,NA,NA,NA,NA,NA,NA,NA,NA
562,285.025561,285.025139345412,285.025205366296,1246833.1,NA,385422.6,7.19,-1,-0.231631741442108,0.990311920560857,0,0.594187152336514,7,0.909090909090909,0.818181818181818,"O9","de-protonated",0,NA,"C11 H10 O9",11,10,9,NA,NA,NA,NA,NA,NA,NA,NA
563,285.062015,285.061593243843,285.061590875681,3884928.8,NA,381181.1,27.71,-1,0.00830754592101172,0.9999874773394,0,0.59999248640364,6,1.16666666666667,0.666666666666667,"O8","de-protonated",0,NA,"C12 H14 O8",12,14,8,NA,NA,NA,NA,NA,NA,NA,NA
564,285.090288,285.089866165068,285.089734176587,2316172.8,NA,362446,15.51,-1,0.462971706130821,0.961854372605673,0,0.577112623563404,5,1.46153846153846,0.384615384615385,"P1 O5","de-protonated",0,NA,"C13 H19 O5 P1",13,19,5,NA,1,NA,NA,NA,NA,NA,NA
565,285.098378,285.097956142528,285.097976385065,7152528,NA,377152,53.12,-1,-0.0710020377756377,0.999085682909635,0,0.599451409745781,5,1.38461538461538,0.538461538461538,"O7","de-protonated",0,NA,"C13 H18 O7",13,18,7,NA,NA,NA,NA,NA,NA,NA,NA
567,285.126532,285.126110064084,285.126119685972,54823836,NA,359138.1,423.86,-1,-0.0337460748843319,0.999190538811127,0.992051677223817,0.996334994176203,4,1.64285714285714,0.285714285714286,"P1 O4","de-protonated",0,NA,"C14 H23 O4 P1",14,23,4,NA,1,NA,NA,NA,NA,NA,NA
568,285.13473,285.134308041243,285.134361894449,7686047.5,NA,364780.7,57.27,-1,-0.188869576470678,0.989822411865804,0.987970796620119,0.98908176576753,4,1.57142857142857,0.428571428571429,"O6","de-protonated",0,NA,"C14 H22 O6",14,22,6,NA,NA,NA,NA,NA,NA,NA,NA
569,285.171141,285.170718939794,285.170747403833,1877423.1,NA,434374.2,12.09,-1,-0.0998140225677593,0.998193888918313,0,0.598916333350988,3,1.73333333333333,0.333333333333333,"O5","de-protonated",0,NA,"C15 H26 O5",15,26,5,NA,NA,NA,NA,NA,NA,NA,NA
577,287.04122,287.040792729346,287.040855430774,1886155.5,NA,385233.9,11.88,-1,-0.218440778054941,0.991379299888612,0,0.594827579933167,6,1.09090909090909,0.818181818181818,"O9","de-protonated",0,NA,"C11 H12 O9",11,12,9,NA,NA,NA,NA,NA,NA,NA,NA
578,287.056573,287.05614568657,287.056111572059,1656018,NA,428184.9,10.13,-1,0.118842655325742,0.997440576481005,0,0.598464345888603,10,0.8,0.4,"O6","de-protonated",0,NA,"C15 H12 O6",15,12,6,NA,NA,NA,NA,NA,NA,NA,NA
580,287.077675,287.077247627775,287.077240940159,3793115,NA,377685.4,26.38,-1,0.0232955295473721,0.999901535966915,0,0.599940921580149,5,1.33333333333333,0.666666666666667,"O8","de-protonated",0,NA,"C12 H16 O8",12,16,8,NA,NA,NA,NA,NA,NA,NA,NA
582,287.092964,287.092536585176,287.092497081443,1594593.5,NA,414088.8,9.67,-1,0.137599322099011,0.996570422453734,0,0.597942253472241,9,1,0.3125,"O5","de-protonated",0,NA,"C16 H16 O5",16,16,5,NA,NA,NA,NA,NA,NA,NA,NA
583,287.105929,287.105501549053,287.105384241065,3496679,NA,367755.6,24.13,-1,0.408588602417142,0.970162314732331,0,0.582097388839399,4,1.61538461538462,0.384615384615385,"P1 O5","de-protonated",0,NA,"C13 H21 O5 P1",13,21,5,NA,1,NA,NA,NA,NA,NA,NA
584,287.114023,287.113595526501,287.113626449543,10100458,NA,359389.9,74.34,-1,-0.107703148117077,0.998184908037453,0.997738760616898,0.998006449069231,4,1.53846153846154,0.538461538461538,"O7","de-protonated",0,NA,"C13 H20 O7",13,20,7,NA,NA,NA,NA,NA,NA,NA,NA
585,287.142284,287.14185644776,287.14176975045,3630838.5,NA,363229.6,25.15,-1,0.301932075118325,0.983594655175822,0,0.590156793105493,3,1.78571428571429,0.285714285714286,"P1 O4","de-protonated",0,NA,"C14 H25 O4 P1",14,25,4,NA,1,NA,NA,NA,NA,NA,NA
586,287.150414,287.149986425108,287.150011958927,7820026,NA,357083.4,57,-1,-0.0889215318274902,0.499283153457166,0.867648864333947,0.646629437807878,3,1.71428571428571,0.428571428571429,"O6","de-protonated",0,NA,"C14 H24 O6",14,24,6,NA,NA,NA,NA,NA,NA,NA,NA
589,288.145742,288.145311651908,288.14526093112,1410976.6,NA,378592.4,8.27,-1,0.176025061877874,0.99439361941698,0,0.596636171650188,3,1.76923076923077,0.461538461538462,"N1 O6","de-protonated",0,NA,"C13 H23 O6 N1",13,23,6,1,NA,NA,NA,NA,NA,NA,NA
596,289.03582,289.035387171956,289.035376127153,2550297.8,NA,383994.4,16.93,-1,0.038212635195495,0.99973508272913,0,0.599841049637478,10,0.714285714285714,0.5,"O7","de-protonated",0,NA,"C14 H10 O7",14,10,7,NA,NA,NA,NA,NA,NA,NA,NA
597,289.048822,289.04838913573,289.048263286775,1359903.4,NA,338913.9,7.88,-1,0.435390801443301,0.966188482411261,0,0.579713089446757,5,1.36363636363636,0.636363636363636,"P1 O7","de-protonated",0,NA,"C11 H15 O7 P1",11,15,7,NA,1,NA,NA,NA,NA,NA,NA
598,289.07217,289.071737070677,289.071761636537,2639401.3,NA,374743.7,17.6,-1,-0.084981873431801,0.998690450528155,0,0.599214270316893,9,0.933333333333333,0.4,"O6","de-protonated",0,NA,"C15 H14 O6",15,14,6,NA,NA,NA,NA,NA,NA,NA,NA
599,289.085216,289.084783034328,289.084648796159,3681838.8,NA,374725.8,25.53,-1,0.464355923816547,0.96163037149568,0,0.576978222897408,4,1.58333333333333,0.5,"P1 O6","de-protonated",0,NA,"C12 H19 O6 P1",12,19,6,NA,1,NA,NA,NA,NA,NA,NA
600,289.093272,289.092839011883,289.092891004637,5132850,NA,377211.8,36.56,-1,-0.179847916405942,0.994148181678803,0,0.596488909007282,4,1.5,0.666666666666667,"O8","de-protonated",0,NA,"C12 H18 O8",12,18,8,NA,NA,NA,NA,NA,NA,NA,NA
601,289.108619,289.108185969122,289.108147145921,2383928.8,NA,378727.6,15.66,-1,0.134286084069173,0.996733327992299,0,0.59803999679538,8,1.125,0.3125,"O5","de-protonated",0,NA,"C16 H18 O5",16,18,5,NA,NA,NA,NA,NA,NA,NA,NA
603,289.121565,289.121131933052,289.121034305543,68809280,NA,351198,520.72,-1,0.337670030874584,0.974977696689762,0.999829138462692,0.984918273398934,3,1.76923076923077,0.384615384615385,"P1 O5","de-protonated",0,NA,"C13 H23 O5 P1",13,23,5,NA,1,NA,NA,NA,NA,NA,NA
604,289.129649,289.129215910528,289.129276514021,6358593.5,NA,371178.2,45.88,-1,-0.209606904372654,0.992059733888473,0,0.595235840333084,3,1.69230769230769,0.538461538461538,"O7","de-protonated",0,NA,"C13 H22 O7",13,22,7,NA,NA,NA,NA,NA,NA,NA,NA
606,289.157945,289.157511831689,289.157419814928,3709517.5,NA,358664.4,25.74,-1,0.318223760954443,0.981793136259415,0,0.589075881755649,2,1.92857142857143,0.285714285714286,"P1 O4","de-protonated",0,NA,"C14 H27 O4 P1",14,27,4,NA,1,NA,NA,NA,NA,NA,NA
607,289.16606,289.165626809079,289.165662023405,2493009,NA,345226.9,16.49,-1,-0.121779071608952,0.997312707417705,0,0.598387624450623,2,1.85714285714286,0.428571428571429,"O6","de-protonated",0,NA,"C14 H26 O6",14,26,6,NA,NA,NA,NA,NA,NA,NA,NA
609,289.987245,289.986809521079,289.98686676141,1917100.3,NA,367547.9,12.11,-1,-0.197389390080837,0.992955224212908,0,0.595773134527745,10,0.769230769230769,0.0769230769230769,"N1 S2 P1 O1","de-protonated",0,NA,"C13 H10 O1 S2 N1 P1",13,10,1,1,1,2,NA,NA,NA,NA,NA
610,290.088557,290.088121238802,290.08813997683,2189271,NA,361257.5,14.18,-1,-0.0645942573273048,0.999243206733289,0,0.599545924039974,4,1.54545454545455,0.727272727272727,"N1 O8","de-protonated",0,NA,"C11 H17 O8 N1",11,17,8,1,NA,NA,NA,NA,NA,NA,NA
617,291.015036,291.014597657429,291.014640682247,3434846.3,NA,351090.7,23.65,-1,-0.147844167470394,0.996041767683779,0,0.597625060610267,10,0.615384615384615,0.615384615384615,"O8","de-protonated",0,NA,"C13 H8 O8",13,8,8,NA,NA,NA,NA,NA,NA,NA,NA
618,291.051428,291.050989556033,291.051026191631,4287853.5,NA,335411.1,30.13,-1,-0.125873453002444,0.997129232676384,0,0.59827753960583,9,0.857142857142857,0.5,"O7","de-protonated",0,NA,"C14 H12 O7",14,12,7,NA,NA,NA,NA,NA,NA,NA,NA
620,291.087837,291.08739845459,291.087411701015,5276029,NA,363432.6,37.64,-1,-0.0455066925165971,0.999624315930277,0,0.599774589558166,8,1.06666666666667,0.4,"O6","de-protonated",0,NA,"C15 H16 O6",15,16,6,NA,NA,NA,NA,NA,NA,NA,NA
622,291.108919,291.108480395851,291.108541069115,1518725.8,NA,409838.8,9.08,-1,-0.208421448363777,0.99214894159161,0,0.595289364954966,3,1.66666666666667,0.666666666666667,"O8","de-protonated",0,NA,"C12 H20 O8",12,20,8,NA,NA,NA,NA,NA,NA,NA,NA
624,291.124265,291.123826353094,291.123797210399,3235724.3,NA,351490.3,22.13,-1,0.100104128738652,0.998183384412064,0,0.598910030647238,7,1.25,0.3125,"O5","de-protonated",0,NA,"C16 H20 O5",16,20,5,NA,NA,NA,NA,NA,NA,NA,NA
625,291.137257,291.136818316895,291.136684370021,3998097.8,NA,347038.2,27.93,-1,0.460082431068555,0.962319941867703,0,0.577391965120622,2,1.92307692307692,0.384615384615385,"P1 O5","de-protonated",0,NA,"C13 H25 O5 P1",13,25,5,NA,1,NA,NA,NA,NA,NA,NA
627,291.160645,291.160206251731,291.160182719784,1692571.5,NA,339378.8,10.4,-1,0.0808213091363087,0.99881546405463,0,0.599289278432778,6,1.41176470588235,0.235294117647059,"O4","de-protonated",0,NA,"C17 H24 O4",17,24,4,NA,NA,NA,NA,NA,NA,NA,NA
628,291.173564,291.173125215736,291.173069879406,1883809,NA,351097,11.85,-1,0.190046181130662,0.993467945056191,0,0.596080767033714,1,2.07142857142857,0.285714285714286,"P1 O4","de-protonated",0,NA,"C14 H29 O4 P1",14,29,4,NA,1,NA,NA,NA,NA,NA,NA
630,291.209988,291.209549114251,291.20945538879,64878000,NA,346518.9,490.82,-1,0.321848960442139,0.490689928492698,0.859523230357577,0.638223249238649,0,2.2,0.2,"P1 O3","de-protonated",0,NA,"C15 H33 O3 P1",15,33,3,NA,1,NA,NA,NA,NA,NA,NA
631,292.104154,292.103712622909,292.103790041308,2441001,NA,364843.1,16.09,-1,-0.265037294918784,0.987335063146272,0,0.592401037887763,3,1.72727272727273,0.727272727272727,"N1 O8","de-protonated",0,NA,"C11 H19 O8 N1",11,19,8,1,NA,NA,NA,NA,NA,NA,NA
633,292.132495,292.132053543945,292.131933342214,12875573,NA,341373.4,95.42,-1,0.411463851938606,0.484873669594195,0.884369916155675,0.644672168218787,2,2,0.416666666666667,"N1 P1 O5","de-protonated",0,NA,"C12 H24 O5 N1 P1",12,24,5,1,1,NA,NA,NA,NA,NA,NA
634,292.168837,292.168395442688,292.168318851599,1968452.1,NA,409816.5,12.49,-1,0.262147141304167,0.987608062695609,0,0.592564837617365,1,2.15384615384615,0.307692307692308,"N1 P1 O4","de-protonated",0,NA,"C13 H28 O4 N1 P1",13,28,4,1,1,NA,NA,NA,NA,NA,NA
635,292.213403,292.212961318518,292.21294656946,10948439,NA,347985.2,80.77,-1,0.0504736613249859,0.499768924938528,0.867648864333947,0.646920900696696,0,2.21428571428571,0.357142857142857,"N1 O5","de-protonated",0,NA,"C14 H31 O5 N1",14,31,5,1,NA,NA,NA,NA,NA,NA,NA
638,293.030753,293.030309041203,293.030290746725,3165358.5,NA,401421.3,21.59,-1,0.0624320372419783,0.999293006737734,0,0.59957580404264,9,0.769230769230769,0.615384615384615,"O8","de-protonated",0,NA,"C13 H10 O8",13,10,8,NA,NA,NA,NA,NA,NA,NA,NA
639,293.043646,293.04320200528,293.043177906347,1787827.9,NA,323545,11.12,-1,0.0822368004747784,0.998773634849566,0,0.599264180909739,4,1.5,0.8,"P1 O8","de-protonated",0,NA,"C10 H15 O8 P1",10,15,8,NA,1,NA,NA,NA,NA,NA,NA
640,293.067052,293.066607940066,293.066676256109,5256381.5,NA,326075.8,37.49,-1,-0.233107510350043,0.99018868770225,0,0.59411321262135,8,1,0.5,"O7","de-protonated",0,NA,"C14 H14 O7",14,14,7,NA,NA,NA,NA,NA,NA,NA,NA
642,293.080122,293.07967790365,293.079563415731,5551299,NA,350855.2,39.73,-1,0.390637673999926,0.972691148617295,0,0.583614689170377,3,1.72727272727273,0.636363636363636,"P1 O7","de-protonated",0,NA,"C11 H19 O7 P1",11,19,7,NA,1,NA,NA,NA,NA,NA,NA
644,293.103464,293.103019838614,293.103061765493,6981837,NA,333986.8,50.61,-1,-0.143044835672205,0.498147056272608,0.859523230357577,0.642697525906596,7,1.2,0.4,"O6","de-protonated",0,NA,"C15 H18 O6",15,18,6,NA,NA,NA,NA,NA,NA,NA,NA
647,293.135913,293.135468748204,293.135424522885,1741786.6,NA,410409.2,10.77,-1,0.150869923499176,0.99587843037941,0,0.597527058227646,2,2,0.636363636363636,"N2 O7","de-protonated",0,NA,"C11 H22 O7 N2",11,22,7,2,NA,NA,NA,NA,NA,NA,NA
648,293.139761,293.139316737483,293.139447274877,2515676.3,NA,374774.2,16.65,-1,-0.445308183947756,0.964658465779803,0,0.578795079467882,6,1.375,0.3125,"O5","de-protonated",0,NA,"C16 H22 O5",16,22,5,NA,NA,NA,NA,NA,NA,NA,NA
649,293.152882,293.152437700925,293.152334434499,2763489.8,NA,368492.1,18.53,-1,0.352261991457691,0.97773588931856,0,0.586641533591136,1,2.07692307692308,0.384615384615385,"P1 O5","de-protonated",0,NA,"C13 H27 O5 P1",13,27,5,NA,1,NA,NA,NA,NA,NA,NA
650,293.176185,293.175740635997,293.175832784262,14940396,NA,349379.9,111.12,-1,-0.314310574585954,0.990473825019629,0.973473237284943,0.983673589925755,5,1.52941176470588,0.235294117647059,"O4","de-protonated",0,NA,"C17 H26 O4",17,26,4,NA,NA,NA,NA,NA,NA,NA,NA
651,293.179532,293.179087626672,293.179204087632,2389741,NA,345585.9,15.69,-1,-0.397234723016708,0.97177423248858,0,0.583064539493148,0,2.14285714285714,0.285714285714286,"S1 O4","de-protonated",0,NA,"C14 H30 O4 S1",14,30,4,NA,NA,1,NA,NA,NA,NA,NA
655,294.184482,294.184034826662,294.183968916077,2773138.5,NA,364899.2,18.17,-1,0.224045469640669,0.99093328694683,0,0.594559972168098,0,2.30769230769231,0.307692307692308,"N1 P1 O4","de-protonated",0,NA,"C13 H30 O4 N1 P1",13,30,4,1,1,NA,NA,NA,NA,NA,NA
659,294.938067,294.93761772701,294.937653662975,1677006.1,NA,289768.9,10.03,-1,-0.121842580961788,0.997309907545924,0,0.598385944527554,10,0.363636363636364,0.545454545454545,"S2 O6","de-protonated",0,NA,"C11 H4 O6 S2",11,4,6,NA,NA,2,NA,NA,NA,NA,NA
660,295.010021,295.009571526531,295.009555301818,1316588.3,NA,400728.7,7.35,-1,0.0549972436659115,0.999451323315315,0,0.599670793989189,9,0.666666666666667,0.75,"O9","de-protonated",0,NA,"C12 H8 O9",12,8,9,NA,NA,NA,NA,NA,NA,NA,NA
661,295.046351,295.045901425307,295.045940811203,3671035.5,NA,368870.2,24.84,-1,-0.133490720263587,0.996771847433495,0,0.598063108460097,8,0.923076923076923,0.615384615384615,"O8","de-protonated",0,NA,"C13 H12 O8",13,12,8,NA,NA,NA,NA,NA,NA,NA,NA
662,295.059404,295.058954388939,295.058827970825,1595136.9,NA,409071.2,9.42,-1,0.428450540391838,0.967240109386266,0,0.580344065631759,3,1.7,0.8,"P1 O8","de-protonated",0,NA,"C10 H17 O8 P1",10,17,8,NA,1,NA,NA,NA,NA,NA,NA
664,295.082768,295.082318323842,295.082326320587,6726666.5,NA,350864,47.54,-1,-0.0271000479160974,0.999866750677534,0,0.59992005040652,7,1.14285714285714,0.5,"O7","de-protonated",0,NA,"C14 H16 O7",14,16,7,NA,NA,NA,NA,NA,NA,NA,NA
667,295.119158,295.118708222451,295.118711829971,6580250,NA,360040.6,46.45,-1,-0.0122239618897875,0.499986443676639,0.859523230357577,0.643801158349014,6,1.33333333333333,0.4,"O6","de-protonated",0,NA,"C15 H20 O6",15,20,6,NA,NA,NA,NA,NA,NA,NA,NA
673,297.025651,297.025195910546,297.025205366296,1732662.1,NA,374144.3,10.44,-1,-0.0318348401467294,0.999816126456971,0,0.599889675874182,8,0.833333333333333,0.75,"O9","de-protonated",0,NA,"C12 H10 O9",12,10,9,NA,NA,NA,NA,NA,NA,NA,NA
674,297.062027,297.061571809195,297.061590875681,5389125,NA,344605.9,37.6,-1,-0.0641836112402954,0.999252794910184,0,0.599551676946111,7,1.07692307692308,0.615384615384615,"O8","de-protonated",0,NA,"C13 H14 O8",13,14,8,NA,NA,NA,NA,NA,NA,NA,NA
677,297.098442,297.097986707735,297.097976385065,7542612.5,NA,349324.1,53.59,-1,0.0347450023233775,0.99928761194385,0.971803093064087,0.988293804391945,6,1.28571428571429,0.5,"O7","de-protonated",0,NA,"C14 H18 O7",14,18,7,NA,NA,NA,NA,NA,NA,NA,NA
678,297.111416,297.110960671586,297.110863544687,4772698,NA,329733.7,33.02,-1,0.326904571397018,0.98079598837663,0,0.588477593025978,1,2.09090909090909,0.636363636363636,"P1 O7","de-protonated",0,NA,"C11 H23 O7 P1",11,23,7,NA,1,NA,NA,NA,NA,NA,NA
680,297.134807,297.134351606414,297.134361894449,5333859.5,NA,372123,37.19,-1,-0.0346241852307628,0.999782496766038,0,0.599869498059623,5,1.46666666666667,0.4,"O6","de-protonated",0,NA,"C15 H22 O6",15,22,6,NA,NA,NA,NA,NA,NA,NA,NA
681,297.147804,297.147348570202,297.147249054071,1795177,NA,376366.9,10.9,-1,0.334905104095977,0.979854151001874,0,0.587912490601125,0,2.25,0.5,"P1 O6","de-protonated",0,NA,"C12 H27 O6 P1",12,27,6,NA,1,NA,NA,NA,NA,NA,NA
682,297.15337,297.152914554693,297.152989339104,15331179,NA,335815.4,111.44,-1,-0.251669723571525,0.992351718162263,0.972382742786422,0.984364128011927,4,1.625,0.1875,"S1 O3","de-protonated",0,NA,"C16 H26 O3 S1",16,26,3,NA,NA,1,NA,NA,NA,NA,NA
683,297.171237,297.170781504912,297.170747403833,1365362.8,NA,425344.4,7.71,-1,0.114752474445335,0.997613512239961,0,0.598568107343977,4,1.625,0.3125,"O5","de-protonated",0,NA,"C16 H26 O5",16,26,5,NA,NA,NA,NA,NA,NA,NA,NA
690,299.041324,299.040863294442,299.040855430774,2338940.8,NA,334522.9,14.93,-1,0.0262962995688004,0.999874536944487,0,0.599924722166692,7,1,0.75,"O9","de-protonated",0,NA,"C12 H12 O9",12,12,9,NA,NA,NA,NA,NA,NA,NA,NA
691,299.077657,299.077196193211,299.077240940159,5188236,NA,327669.3,36.1,-1,-0.149616693840082,0.995946480796476,0,0.597567888477886,6,1.23076923076923,0.615384615384615,"O8","de-protonated",0,NA,"C13 H16 O8",13,16,8,NA,NA,NA,NA,NA,NA,NA,NA
692,299.092841,299.092380150905,299.092497081443,1478546.3,NA,338017.4,8.54,-1,-0.390951093557727,0.972647914803955,0,0.583588748882373,10,0.941176470588235,0.294117647058824,"O5","de-protonated",0,NA,"C17 H16 O5",17,16,5,NA,NA,NA,NA,NA,NA,NA,NA
695,299.114026,299.113565091879,299.113626449543,7093915,NA,336940.8,50.25,-1,-0.205131625039192,0.981430214507962,0.974136799231785,0.978512848397491,5,1.42857142857143,0.5,"O7","de-protonated",0,NA,"C14 H20 O7",14,20,7,NA,NA,NA,NA,NA,NA,NA,NA
696,299.150424,299.149962990466,299.150011958927,4613802,NA,336530.4,31.83,-1,-0.163691991880103,0.995149870124336,0,0.597089922074601,4,1.6,0.4,"O6","de-protonated",0,NA,"C15 H24 O6",15,24,6,NA,NA,NA,NA,NA,NA,NA,NA
702,300.999395,300.99892883883,300.998990617769,5992873,NA,345685.7,42.07,-1,-0.205246332133612,0.992385421243764,0,0.595431252746259,12,0.428571428571429,0.571428571428571,"O8","de-protonated",0,NA,"C14 H6 O8",14,6,8,NA,NA,NA,NA,NA,NA,NA,NA
704,301.07216,301.071693636091,301.071761636537,2236103,NA,326404.5,14.16,-1,-0.225861257100682,0.99078641002683,0,0.594471846016098,10,0.875,0.375,"O6","de-protonated",0,NA,"C16 H14 O6",16,14,6,NA,NA,NA,NA,NA,NA,NA,NA
706,301.093302,301.092835577184,301.092891004637,5425615.5,NA,337361,37.86,-1,-0.184087548567017,0.993869892246296,0,0.596321935347778,5,1.38461538461538,0.615384615384615,"O8","de-protonated",0,NA,"C13 H18 O8",13,18,8,NA,NA,NA,NA,NA,NA,NA,NA
707,301.108753,301.108286534135,301.108147145921,2218710,NA,309840.9,14.04,-1,0.46291744147998,0.961863141425328,0,0.577117884855197,9,1.05882352941176,0.294117647058824,"O5","de-protonated",0,NA,"C17 H18 O5",17,18,5,NA,NA,NA,NA,NA,NA,NA,NA
708,301.121622,301.121155498279,301.121034305543,5872091.5,NA,299965.6,41.17,-1,0.402471835289,0.971036027897149,0,0.582621616738289,4,1.64285714285714,0.357142857142857,"P1 O5","de-protonated",0,NA,"C14 H23 O5 P1",14,23,5,NA,1,NA,NA,NA,NA,NA,NA
709,301.12972,301.129253475716,301.129276514021,10776031,NA,334994.4,77.6,-1,-0.0765063602237918,0.998958782761087,0.978384909965744,0.99072923364295,4,1.57142857142857,0.5,"O7","de-protonated",0,NA,"C14 H22 O7",14,22,7,NA,NA,NA,NA,NA,NA,NA,NA
710,301.166097,301.165630374362,301.165662023405,5383662,NA,357011.4,37.54,-1,-0.105088486070336,0.997998161476441,0,0.598798896885865,3,1.73333333333333,0.4,"O6","de-protonated",0,NA,"C15 H26 O6",15,26,6,NA,NA,NA,NA,NA,NA,NA,NA
711,301.202519,301.202052272882,301.202047532789,1506300.9,NA,379029.3,8.74,-1,0.0157372522705364,0.999955063226804,0,0.599973037936082,2,1.875,0.3125,"O5","de-protonated",0,NA,"C16 H30 O5",16,30,5,NA,NA,NA,NA,NA,NA,NA,NA
713,302.124927,302.124457702852,302.124525486214,2404730.3,NA,322624.8,15.41,-1,-0.224355706711808,0.990908274671573,0,0.594544964802944,4,1.61538461538462,0.538461538461538,"N1 O7","de-protonated",0,NA,"C13 H21 O7 N1",13,21,7,1,NA,NA,NA,NA,NA,NA,NA
719,303.015085,303.014613222678,303.014640682247,1296873.9,NA,411261.6,7.01,-1,-0.0906212591739211,0.998511014450044,0,0.599106608670026,11,0.571428571428571,0.571428571428571,"O8","de-protonated",0,NA,"C14 H8 O8",14,8,8,NA,NA,NA,NA,NA,NA,NA,NA
720,303.051443,303.050971121377,303.051026191631,3004153,NA,378656.3,19.39,-1,-0.181719410704917,0.994026126565928,0,0.596415675939557,10,0.8,0.466666666666667,"O7","de-protonated",0,NA,"C15 H12 O7",15,12,7,NA,NA,NA,NA,NA,NA,NA,NA
721,303.064516,303.064044084953,303.063913351253,2736382.3,NA,386418.9,17.45,-1,0.431373364314984,0.966799147271572,0,0.580079488362943,5,1.41666666666667,0.583333333333333,"P1 O7","de-protonated",0,NA,"C12 H17 O7 P1",12,17,7,NA,1,NA,NA,NA,NA,NA,NA
722,303.072668,303.07219606224,303.07215555973,1362177.6,NA,356762.8,7.48,-1,0.133639823083288,0.996764643703503,0,0.598058786222102,5,1.33333333333333,0.75,"O9","de-protonated",0,NA,"C12 H16 O9",12,16,9,NA,NA,NA,NA,NA,NA,NA,NA
723,303.087836,303.087364019978,303.087411701015,3694856,NA,375431.2,24.4,-1,-0.157317774267679,0.995519415757402,0,0.597311649454441,9,1,0.375,"O6","de-protonated",0,NA,"C16 H16 O6",16,16,6,NA,NA,NA,NA,NA,NA,NA,NA
724,303.100916,303.100443983534,303.100298860637,5854477.5,NA,347922.7,40.05,-1,0.478794965927313,0.959257112693842,0,0.575554267616305,4,1.61538461538462,0.461538461538462,"P1 O6","de-protonated",0,NA,"C13 H21 O6 P1",13,21,6,NA,1,NA,NA,NA,NA,NA,NA
725,303.108942,303.108469961172,303.108541069115,6365456.5,NA,368072.8,43.76,-1,-0.234595640545005,0.990063645794706,0,0.594038187476823,4,1.53846153846154,0.615384615384615,"O8","de-protonated",0,NA,"C13 H20 O8",13,20,8,NA,NA,NA,NA,NA,NA,NA,NA
727,303.12418,303.123707918716,303.123797210399,2812439,NA,269545.6,18,-1,-0.294571671427535,0.984378550007018,0,0.590627130004211,8,1.17647058823529,0.294117647058824,"O5","de-protonated",0,NA,"C17 H20 O5",17,20,5,NA,NA,NA,NA,NA,NA,NA,NA
728,303.13728,303.136807882216,303.136684370021,6002972.5,NA,346006.1,41.13,-1,0.407447205503357,0.97032629094018,0,0.582195774564108,3,1.78571428571429,0.357142857142857,"P1 O5","de-protonated",0,NA,"C14 H25 O5 P1",14,25,5,NA,1,NA,NA,NA,NA,NA,NA
729,303.145359,303.144886859707,303.144926578499,8581408,NA,330000.8,59.82,-1,-0.131022454411384,0.49844496891207,0.867648864333947,0.646126527080821,3,1.71428571428571,0.5,"O7","de-protonated",0,NA,"C14 H24 O7",14,24,7,NA,NA,NA,NA,NA,NA,NA,NA
730,303.181702,303.181229758447,303.181312087883,1500462.6,NA,387702.8,8.49,-1,-0.271551816967444,0.986709018827263,0,0.592025411296358,2,1.86666666666667,0.4,"O6","de-protonated",0,NA,"C15 H28 O6",15,28,6,NA,NA,NA,NA,NA,NA,NA,NA
731,304.104199,304.103724188169,304.103790041308,2836651,NA,306866.7,18.17,-1,-0.21654823243444,0.991527398420678,0,0.594916439052407,4,1.58333333333333,0.666666666666667,"N1 O8","de-protonated",0,NA,"C12 H19 O8 N1",12,19,8,1,NA,NA,NA,NA,NA,NA,NA
732,304.140625,304.140150086679,304.140175550692,2356410,NA,402030.1,14.69,-1,-0.0837245958398168,0.998728888104409,0,0.599237332862646,3,1.76923076923077,0.538461538461538,"N1 O7","de-protonated",0,NA,"C13 H23 O7 N1",13,23,7,1,NA,NA,NA,NA,NA,NA,NA
737,305.030698,305.030220606741,305.030290746725,3572776.3,NA,372328.1,23.5,-1,-0.229944321619665,0.990451886688992,0,0.594271132013395,10,0.714285714285714,0.571428571428571,"O8","de-protonated",0,NA,"C14 H10 O8",14,10,8,NA,NA,NA,NA,NA,NA,NA,NA
738,305.043804,305.043326570225,305.043177906347,1398573.6,NA,366411,7.74,-1,0.487353559760177,0.957818945404991,0,0.574691367242995,5,1.36363636363636,0.727272727272727,"P1 O8","de-protonated",0,NA,"C11 H15 O8 P1",11,15,8,NA,1,NA,NA,NA,NA,NA,NA
739,305.067081,305.06660350537,305.066676256109,4085815.3,NA,369966.8,27.22,-1,-0.238474878589301,0.989734023216511,0,0.593840413929907,9,0.933333333333333,0.466666666666667,"O7","de-protonated",0,NA,"C15 H14 O7",15,14,7,NA,NA,NA,NA,NA,NA,NA,NA
740,305.080127,305.079649469021,305.079563415731,5980220.5,NA,334146.4,40.96,-1,0.282068354643567,0.985667185528186,0,0.591400311316911,4,1.58333333333333,0.583333333333333,"P1 O7","de-protonated",0,NA,"C12 H19 O7 P1",12,19,7,NA,1,NA,NA,NA,NA,NA,NA
741,305.088246,305.0877684464,305.087805624208,2187328,NA,386967.1,13.46,-1,-0.121859371428896,0.99730916707913,0,0.598385500247478,4,1.5,0.75,"O9","de-protonated",0,NA,"C12 H18 O9",12,18,9,NA,NA,NA,NA,NA,NA,NA,NA
743,305.103449,305.102971404041,305.103061765493,5646406,NA,349588.8,38.54,-1,-0.296166978561531,0.984210236669419,0,0.590526142001651,8,1.125,0.375,"O6","de-protonated",0,NA,"C16 H18 O6",16,18,6,NA,NA,NA,NA,NA,NA,NA,NA
745,305.124701,305.124223344829,305.124191133593,2271311,NA,413049.7,14.07,-1,0.105567624116908,0.997979884080874,0,0.598787930448525,3,1.69230769230769,0.615384615384615,"O8","de-protonated",0,NA,"C13 H22 O8",13,22,8,NA,NA,NA,NA,NA,NA,NA,NA
747,305.139876,305.139398302548,305.139447274877,3124821,NA,367551.2,20.26,-1,-0.160491638314035,0.995337228123588,0,0.597202336874153,7,1.29411764705882,0.294117647058824,"O5","de-protonated",0,NA,"C17 H22 O5",17,22,5,NA,NA,NA,NA,NA,NA,NA,NA
749,305.160954,305.16047624382,305.160576642977,1557853.8,NA,341063.2,8.9,-1,-0.329004349900811,0.980550915489051,0,0.588330549293431,2,1.85714285714286,0.5,"O7","de-protonated",0,NA,"C14 H26 O7",14,26,7,NA,NA,NA,NA,NA,NA,NA,NA
752,306.062342,306.061861732356,306.061925228302,1651408.3,NA,400298,9.57,-1,-0.207461105903532,0.992220843972585,0,0.595332506383551,9,0.928571428571429,0.5,"N1 O7","de-protonated",0,NA,"C14 H13 O7 N1",14,13,7,1,NA,NA,NA,NA,NA,NA,NA
753,306.098675,306.098194631125,306.098310737686,1444319.1,NA,325699.3,8.07,-1,-0.379311343371535,0.974231513632669,0,0.584538908179601,8,1.13333333333333,0.4,"N1 O6","de-protonated",0,NA,"C15 H17 O6 N1",15,17,6,1,NA,NA,NA,NA,NA,NA,NA
754,306.119887,306.119406572023,306.119440105786,3881447.8,NA,352827.6,25.74,-1,-0.109544699641774,0.99782497708278,0,0.598694986249668,3,1.75,0.666666666666667,"N1 O8","de-protonated",0,NA,"C12 H21 O8 N1",12,21,8,1,NA,NA,NA,NA,NA,NA,NA
755,306.184583,306.184102391766,306.183968916077,1539842.4,NA,351840.8,8.76,-1,0.435932978357299,0.966105665761246,0,0.579663399456747,1,2.14285714285714,0.285714285714286,"N1 P1 O4","de-protonated",0,NA,"C14 H30 O4 N1 P1",14,30,4,1,1,NA,NA,NA,NA,NA,NA
759,307.009995,307.009512091989,307.009555301818,1361493.1,NA,338213.7,7.47,-1,-0.140744250122691,0.996412144933066,0,0.597847286959839,10,0.615384615384615,0.692307692307692,"O9","de-protonated",0,NA,"C13 H8 O9",13,8,9,NA,NA,NA,NA,NA,NA,NA,NA
760,307.046378,307.045894990618,307.045940811203,5357412,NA,342360.2,36.44,-1,-0.149230388020007,0.995967343695162,0,0.597580406217097,9,0.857142857142857,0.571428571428571,"O8","de-protonated",0,NA,"C14 H12 O8",14,12,8,NA,NA,NA,NA,NA,NA,NA,NA
763,307.082751,307.082267889275,307.082326320587,7577459,NA,357253,52.53,-1,-0.190278981757992,0.496725992334833,0.859523230357577,0.641844887543931,8,1.06666666666667,0.466666666666667,"O7","de-protonated",0,NA,"C15 H16 O7",15,16,7,NA,NA,NA,NA,NA,NA,NA,NA
764,307.095841,307.095357852803,307.095213480209,11329400,NA,335444.7,79.73,-1,0.47012323134877,0.480345224119077,0.884369916155675,0.641955100933717,3,1.75,0.583333333333333,"P1 O7","de-protonated",0,NA,"C12 H21 O7 P1",12,21,7,NA,1,NA,NA,NA,NA,NA,NA
766,307.119108,307.118624787976,307.118711829971,6164354,NA,331717.7,42.29,-1,-0.283414822272226,0.492765509599029,0.85154837932281,0.636278657488541,7,1.25,0.375,"O6","de-protonated",0,NA,"C16 H20 O6",16,20,6,NA,NA,NA,NA,NA,NA,NA,NA
767,307.132229,307.131745751418,307.131598989593,8130439,NA,334428.2,56.54,-1,0.477846712584591,0.479707509282775,0.875929598413485,0.638196344935059,2,1.92307692307692,0.461538461538462,"P1 O6","de-protonated",0,NA,"C13 H25 O6 P1",13,25,6,NA,1,NA,NA,NA,NA,NA,NA
769,307.155563,307.155079686404,307.155097339355,1993104.8,NA,385210.5,12.05,-1,-0.0574724337643303,0.999400839924712,0,0.599640503954827,6,1.41176470588235,0.294117647058824,"O5","de-protonated",0,NA,"C17 H24 O5",17,24,5,NA,NA,NA,NA,NA,NA,NA,NA
770,307.16857,307.168086650164,307.167984498977,3010966,NA,279183,19.43,-1,0.332558052434497,0.980132716251417,0,0.58807962975085,1,2.07142857142857,0.357142857142857,"P1 O5","de-protonated",0,NA,"C14 H29 O5 P1",14,29,5,NA,1,NA,NA,NA,NA,NA,NA
771,307.204987,307.204503548698,307.204370008362,2564517,NA,395891.4,16.19,-1,0.434695433257254,0.966294558290111,0,0.579776734974067,0,2.2,0.266666666666667,"P1 O4","de-protonated",0,NA,"C15 H33 O4 P1",15,33,4,NA,1,NA,NA,NA,NA,NA,NA
772,308.077918,308.077432116523,308.07757529278,1359626.6,NA,361022.6,7.45,-1,-0.464740925037056,0.961567959079016,0,0.57694077544741,8,1.07142857142857,0.5,"N1 O7","de-protonated",0,NA,"C14 H15 O7 N1",14,15,7,1,NA,NA,NA,NA,NA,NA,NA
773,308.117713,308.117227005645,308.117332105534,1932315,NA,332845.3,11.6,-1,-0.34110346385117,0.97910945476561,0,0.587465672859366,2,1.91666666666667,0.5,"N1 S1 O6","de-protonated",0,NA,"C12 H23 O6 S1 N1",12,23,6,1,NA,1,NA,NA,NA,NA,NA
774,308.127442,308.126955978538,308.126847961786,2041118.9,NA,361372.4,12.39,-1,0.350559363352819,0.977948207546985,0,0.586768924528191,2,2,0.5,"N1 P1 O6","de-protonated",0,NA,"C12 H24 O6 N1 P1",12,24,6,1,1,NA,NA,NA,NA,NA,NA
775,308.200189,308.199702775849,308.199618980555,16789820,NA,328626,119.32,-1,0.271886429996973,0.49333823149721,0.867648864333947,0.643062484631904,0,2.28571428571429,0.285714285714286,"N1 P1 O4","de-protonated",0,NA,"C14 H32 O4 N1 P1",14,32,4,1,1,NA,NA,NA,NA,NA,NA
781,309.025689,309.025200475826,309.025205366296,2550926.5,NA,368044.7,16.08,-1,-0.0158254737622756,0.999954558003813,0,0.599972734802288,9,0.769230769230769,0.692307692307692,"O9","de-protonated",0,NA,"C13 H10 O9",13,10,9,NA,NA,NA,NA,NA,NA,NA,NA
782,309.061993,309.061504374675,309.061590875681,5885597.5,NA,332527,40.26,-1,-0.279882741851833,0.985886872482043,0,0.591532123489226,8,1,0.571428571428571,"O8","de-protonated",0,NA,"C14 H14 O8",14,14,8,NA,NA,NA,NA,NA,NA,NA,NA
785,309.0984,309.097911273237,309.097976385065,10097324,NA,334809.8,70.8,-1,-0.210651096180716,0.984347876212592,0.998804158050033,0.990130388947569,7,1.2,0.466666666666667,"O7","de-protonated",0,NA,"C15 H18 O7",15,18,7,NA,NA,NA,NA,NA,NA,NA,NA
786,309.111503,309.11101423673,309.110863544687,9568946,NA,329976.4,66.97,-1,0.487501606829141,0.478896931433575,0.884369916155675,0.641086125322415,2,1.91666666666667,0.583333333333333,"P1 O7","de-protonated",0,NA,"C12 H23 O7 P1",12,23,7,NA,1,NA,NA,NA,NA,NA,NA
788,309.134786,309.134297171858,309.134361894449,5319355,NA,348260.9,36.16,-1,-0.209367185082387,0.992077813361065,0,0.595246688016639,6,1.375,0.375,"O6","de-protonated",0,NA,"C16 H22 O6",16,22,6,NA,NA,NA,NA,NA,NA,NA,NA
789,309.147877,309.147388135384,309.147249054071,3541184.5,NA,339740.5,23.26,-1,0.449886948306988,0.963941279581524,0,0.578364767748915,1,2.07692307692308,0.461538461538462,"P1 O6","de-protonated",0,NA,"C13 H27 O6 P1",13,27,6,NA,1,NA,NA,NA,NA,NA,NA
790,309.171178,309.170689070462,309.170747403833,2117834,NA,353044.8,12.94,-1,-0.188676878353973,0.99356143165462,0,0.596136858992772,5,1.52941176470588,0.294117647058824,"O5","de-protonated",0,NA,"C17 H26 O5",17,26,5,NA,NA,NA,NA,NA,NA,NA,NA
791,309.174576,309.174087060994,309.174118707203,1521867.4,NA,437934.6,8.62,-1,-0.102357238786165,0.99810076715701,0,0.598860460294206,0,2.14285714285714,0.357142857142857,"S1 O5","de-protonated",0,NA,"C14 H30 O5 S1",14,30,5,NA,NA,1,NA,NA,NA,NA,NA
792,309.184158,309.183669034297,309.183634563455,1806799.3,NA,353221.4,10.69,-1,0.111489864098857,0.997747136196011,0,0.598648281717607,0,2.21428571428571,0.357142857142857,"P1 O5","de-protonated",0,NA,"C14 H31 O5 P1",14,31,5,NA,1,NA,NA,NA,NA,NA,NA
793,309.203623,309.203133980063,309.203110161225,2472663.3,NA,387381.5,15.52,-1,0.0770329829629259,0.998923848362251,0,0.59935430901735,0,2.30769230769231,0.461538461538462,"N2 O6","de-protonated",0,NA,"C13 H30 O6 N2",13,30,6,2,NA,NA,NA,NA,NA,NA,NA
800,311.041291,311.04079685992,311.040855430774,3513797.5,NA,345040.3,23.06,-1,-0.188305984833922,0.993586638872559,0,0.596151983323536,8,0.923076923076923,0.692307692307692,"O9","de-protonated",0,NA,"C13 H12 O9",13,12,9,NA,NA,NA,NA,NA,NA,NA,NA
801,311.077634,311.07713975866,311.077240940159,8007124,NA,328094.7,55.64,-1,-0.325261655556031,0.490493343673465,0.867648864333947,0.641355551937658,7,1.14285714285714,0.571428571428571,"O8","de-protonated",0,NA,"C14 H16 O8",14,16,8,NA,NA,NA,NA,NA,NA,NA,NA
802,311.090651,311.090156722392,311.090128099781,2333145.5,NA,363164.6,14.5,-1,0.0920074562567825,0.998465148461484,0,0.59907908907689,2,1.90909090909091,0.727272727272727,"P1 O8","de-protonated",0,NA,"C11 H21 O8 P1",11,21,8,NA,1,NA,NA,NA,NA,NA,NA
803,311.092985,311.092490715889,311.092497081443,4474330.5,NA,365890.9,30.02,-1,-0.0204619353224408,0.999924031990604,0,0.599954419194362,11,0.888888888888889,0.277777777777778,"O5","de-protonated",0,NA,"C18 H16 O5",18,16,5,NA,NA,NA,NA,NA,NA,NA,NA
804,311.105972,311.105477679704,311.105384241065,1395167.8,NA,363965,7.7,-1,0.300344010801459,0.983765370057349,0,0.590259222034409,6,1.4,0.333333333333333,"P1 O5","de-protonated",0,NA,"C15 H21 O5 P1",15,21,5,NA,1,NA,NA,NA,NA,NA,NA
806,311.114021,311.113526657278,311.113626449543,9958883,NA,323636,69.79,-1,-0.320758257961434,0.490752336524926,0.859523230357577,0.638260694057986,6,1.33333333333333,0.466666666666667,"O7","de-protonated",0,NA,"C15 H20 O7",15,20,7,NA,NA,NA,NA,NA,NA,NA,NA
807,311.127131,311.126636620751,311.126513609165,4010472.5,NA,367771.1,26.66,-1,0.395374808881361,0.972034206226854,0,0.583220523736112,1,2.08333333333333,0.583333333333333,"P1 O7","de-protonated",0,NA,"C12 H25 O7 P1",12,25,7,NA,1,NA,NA,NA,NA,NA,NA
808,311.142401,311.141906578205,311.14176975045,11175407,NA,334586.5,78.61,-1,0.439760163052551,0.981181328200289,0.962686166257783,0.973783263423286,5,1.5625,0.25,"P1 O4","de-protonated",0,NA,"C16 H25 O4 P1",16,25,4,NA,1,NA,NA,NA,NA,NA,NA
809,311.150403,311.14990855591,311.150011958927,5390834,NA,317068.1,36.67,-1,-0.332325287905134,0.98016023996708,0,0.588096143980248,5,1.5,0.375,"O6","de-protonated",0,NA,"C16 H24 O6",16,24,6,NA,NA,NA,NA,NA,NA,NA,NA
810,311.169084,311.168589503861,311.168639403582,34436600,NA,330229.9,247.25,-1,-0.160362309137391,0.663206551545685,0.963604993660143,0.783365928391468,4,1.64705882352941,0.176470588235294,"S1 O3","de-protonated",0,NA,"C17 H28 O3 S1",17,28,3,NA,NA,1,NA,NA,NA,NA,NA
818,313.035793,313.035293302803,313.035376127153,1417969.6,NA,367680.7,7.66,-1,-0.2645846337048,0.987378013532833,0,0.5924268081197,12,0.625,0.4375,"O7","de-protonated",0,NA,"C16 H10 O7",16,10,7,NA,NA,NA,NA,NA,NA,NA,NA
819,313.056954,313.056454243843,313.056505495252,3696890.3,NA,346177.3,23.78,-1,-0.163712965478139,0.995148630185565,0,0.597089178111339,7,1.07692307692308,0.692307692307692,"O9","de-protonated",0,NA,"C13 H14 O9",13,14,9,NA,NA,NA,NA,NA,NA,NA,NA
820,313.085294,313.084794164882,313.084648796159,2503941.8,NA,320115.5,15.34,-1,0.464311244030797,0.96163761143303,0,0.576982566859818,6,1.35714285714286,0.428571428571429,"P1 O6","de-protonated",0,NA,"C14 H19 O6 P1",14,19,6,NA,1,NA,NA,NA,NA,NA,NA
821,313.093304,313.092804142564,313.092891004637,7907593,NA,342094.2,53.55,-1,-0.277432272443053,0.493065603479062,0.867648864333947,0.642898907821016,6,1.28571428571429,0.571428571428571,"O8","de-protonated",0,NA,"C14 H18 O8",14,18,8,NA,NA,NA,NA,NA,NA,NA,NA
822,313.121682,313.121182063497,313.121034305543,2022420.5,NA,285400.1,11.94,-1,0.471887664682153,0.960400758578536,0,0.576240455147121,5,1.53333333333333,0.333333333333333,"P1 O5","de-protonated",0,NA,"C15 H23 O5 P1",15,23,5,NA,1,NA,NA,NA,NA,NA,NA
823,313.129662,313.129162041263,313.129276514021,8943896,NA,319275.7,60.87,-1,-0.365576668901354,0.488020860908824,0.859523230357577,0.636621808688325,5,1.46666666666667,0.466666666666667,"O7","de-protonated",0,NA,"C15 H22 O7",15,22,7,NA,NA,NA,NA,NA,NA,NA,NA
825,313.142781,313.142281004711,313.142163673643,1979677.1,NA,350969.3,11.63,-1,0.374689458776098,0.974847745599393,0,0.584908647359636,0,2.25,0.583333333333333,"P1 O7","de-protonated",0,NA,"C12 H27 O7 P1",12,27,7,NA,1,NA,NA,NA,NA,NA,NA
826,313.166056,313.165555939861,313.165662023405,3746086.5,NA,314225.4,24.12,-1,-0.33874577121057,0.97939426004158,0,0.587636556024948,4,1.625,0.375,"O6","de-protonated",0,NA,"C16 H26 O6",16,26,6,NA,NA,NA,NA,NA,NA,NA,NA
827,314.161364,314.160861166716,314.160910995598,1629115,NA,360251.9,9.15,-1,-0.158609425748694,0.995445706871101,0,0.597267424122661,4,1.66666666666667,0.4,"N1 O6","de-protonated",0,NA,"C15 H25 O6 N1",15,25,6,1,NA,NA,NA,NA,NA,NA,NA
830,315.036212,315.035706729199,315.035770050346,1532190.1,NA,337817.1,8.47,-1,-0.200996688777373,0.992696335491674,0,0.595617801295005,7,1,0.833333333333333,"O10","de-protonated",0,NA,"C12 H12 O10",12,12,10,NA,NA,NA,NA,NA,NA,NA,NA
831,315.051472,315.050966686682,315.051026191631,1851940.3,NA,379252.6,10.73,-1,-0.188874005529842,0.993548014277956,0,0.596128808566774,11,0.75,0.4375,"O7","de-protonated",0,NA,"C16 H12 O7",16,12,7,NA,NA,NA,NA,NA,NA,NA,NA
832,315.062074,315.061568657142,315.061411427808,1380392.6,NA,401122.5,7.39,-1,0.49904345027858,0.95581703243826,0,0.573490219462956,10,1,0.117647058823529,"S1 P1 O2","de-protonated",0,NA,"C17 H17 O2 S1 P1",17,17,2,NA,1,1,NA,NA,NA,NA,NA
833,315.064537,315.06403165028,315.063913351253,1948713.6,NA,360534.3,11.41,-1,0.375476282190684,0.974743345270767,0,0.58484600716246,6,1.30769230769231,0.538461538461538,"P1 O7","de-protonated",0,NA,"C13 H17 O7 P1",13,17,7,NA,1,NA,NA,NA,NA,NA,NA
834,315.072608,315.072102627792,315.07215555973,3813420.8,NA,352893.4,24.59,-1,-0.167999415944463,0.99489191873101,0,0.596935151238606,6,1.23076923076923,0.692307692307692,"O9","de-protonated",0,NA,"C13 H16 O9",13,16,9,NA,NA,NA,NA,NA,NA,NA,NA
835,315.087891,315.08738558521,315.087411701015,2378803,NA,317165.6,14.45,-1,-0.0828843165040368,0.998754258595218,0,0.599252555157131,10,0.941176470588235,0.352941176470588,"O6","de-protonated",0,NA,"C17 H16 O6",17,16,6,NA,NA,NA,NA,NA,NA,NA,NA
836,315.100845,315.100339549118,315.100298860637,5832760.5,NA,340261.7,38.87,-1,0.129128663838676,0.996979058423785,0,0.598187435054271,5,1.5,0.428571428571429,"P1 O6","de-protonated",0,NA,"C14 H21 O6 P1",14,21,6,NA,1,NA,NA,NA,NA,NA,NA
837,315.108962,315.108456526502,315.108541069115,7679035.5,NA,337299.3,51.92,-1,-0.268296797930179,0.493511838018986,0.867648864333947,0.643166648544971,5,1.42857142857143,0.571428571428571,"O8","de-protonated",0,NA,"C14 H20 O8",14,20,8,NA,NA,NA,NA,NA,NA,NA,NA
838,315.124215,315.123709484004,315.123797210399,1900353.8,NA,305469.8,11.07,-1,-0.278387085998025,0.986036251514923,0,0.591621750908954,9,1.11111111111111,0.277777777777778,"O5","de-protonated",0,NA,"C18 H20 O5",18,20,5,NA,NA,NA,NA,NA,NA,NA,NA
839,315.137235,315.136729447727,315.136684370021,2603079,NA,366393,16.04,-1,0.143041759471513,0.996294271639143,0,0.597776562983486,4,1.66666666666667,0.333333333333333,"P1 O5","de-protonated",0,NA,"C15 H25 O5 P1",15,25,5,NA,1,NA,NA,NA,NA,NA,NA
840,315.145335,315.144829425159,315.144926578499,9270346,NA,335283.3,63.18,-1,-0.308281466080285,0.981396799912507,0.980548862355445,0.981057624889682,4,1.6,0.466666666666667,"O7","de-protonated",0,NA,"C15 H24 O7",15,24,7,NA,NA,NA,NA,NA,NA,NA,NA
841,315.181707,315.181201323819,315.181312087883,4760665,NA,327929.5,31.29,-1,-0.3514296700594,0.977839802807687,0,0.586703881684612,3,1.75,0.375,"O6","de-protonated",0,NA,"C16 H28 O6",16,28,6,NA,NA,NA,NA,NA,NA,NA,NA
843,316.083142,316.082633812224,316.082660673208,1567942.6,NA,350984.9,8.72,-1,-0.0849808839144463,0.998690481004432,0,0.599214288602659,10,0.9375,0.375,"N1 O6","de-protonated",0,NA,"C16 H15 O6 N1",16,15,6,1,NA,NA,NA,NA,NA,NA,NA
844,316.104286,316.103777753312,316.103790041308,1548751.1,NA,404102.3,8.58,-1,-0.0388732925454401,0.999725844512779,0,0.599835506707667,5,1.46153846153846,0.615384615384615,"N1 O8","de-protonated",0,NA,"C13 H19 O8 N1",13,19,8,1,NA,NA,NA,NA,NA,NA,NA
846,316.176968,316.176459550805,316.176561060076,1407724.6,NA,408749,7.58,-1,-0.321052487857705,0.9814710426104,0,0.58888262556624,3,1.8,0.4,"N1 O6","de-protonated",0,NA,"C15 H27 O6 N1",15,27,6,1,NA,NA,NA,NA,NA,NA,NA
847,316.241745,316.241236370322,316.241089870367,18419206,NA,329268.6,127.86,-1,0.463254014343343,0.964299521783438,0.989608878837146,0.974423264604921,1,2.11764705882353,0.117647058823529,"N1 P1 O2","de-protonated",0,NA,"C17 H36 O2 N1 P1",17,36,2,1,1,NA,NA,NA,NA,NA,NA
849,317.030789,317.030278171873,317.030290746725,2931526.3,NA,386503.9,18.35,-1,-0.0396645104134723,0.999714572353063,0,0.599828743411838,11,0.666666666666667,0.533333333333333,"O8","de-protonated",0,NA,"C15 H10 O8",15,10,8,NA,NA,NA,NA,NA,NA,NA,NA
851,317.051831,317.051320113246,317.051420114824,1463118.9,NA,338133,7.97,-1,-0.31541122985632,0.982110663160048,0,0.589266397896029,6,1.16666666666667,0.833333333333333,"O10","de-protonated",0,NA,"C12 H14 O10",12,14,10,NA,NA,NA,NA,NA,NA,NA,NA
852,317.067132,317.066621070614,317.066676256109,3352405,NA,357360,21.33,-1,-0.174050126508716,0.99451837316936,0,0.596711023901616,10,0.875,0.4375,"O7","de-protonated",0,NA,"C16 H14 O7",16,14,7,NA,NA,NA,NA,NA,NA,NA,NA
854,317.08831,317.087799011607,317.087805624208,2843997.5,NA,309889.9,17.73,-1,-0.0208541640350789,0.999921091776939,0,0.599952655066163,5,1.38461538461538,0.692307692307692,"O9","de-protonated",0,NA,"C13 H18 O9",13,18,9,NA,NA,NA,NA,NA,NA,NA,NA
856,317.103488,317.102976969318,317.103061765493,3851107.8,NA,319088.4,24.85,-1,-0.267408881745153,0.987108867949624,0,0.592265320769774,9,1.05882352941176,0.352941176470588,"O6","de-protonated",0,NA,"C17 H18 O6",17,18,6,NA,NA,NA,NA,NA,NA,NA,NA
857,317.116579,317.116067932844,317.115948925115,8144745,NA,325170.9,55.21,-1,0.375281435308527,0.985203641721041,0.880308322119518,0.943245513880432,4,1.64285714285714,0.428571428571429,"P1 O6","de-protonated",0,NA,"C14 H23 O6 P1",14,23,6,NA,1,NA,NA,NA,NA,NA,NA
858,317.124676,317.124164910284,317.124191133593,7616364.5,NA,335833.2,51.48,-1,-0.0826909762719539,0.995507486857441,0.967656269456207,0.984366999896948,4,1.57142857142857,0.571428571428571,"O8","de-protonated",0,NA,"C14 H22 O8",14,22,8,NA,NA,NA,NA,NA,NA,NA,NA
859,317.139881,317.139369867919,317.139447274877,4698994.5,NA,329541.9,30.85,-1,-0.24407861883506,0.989248523197343,0,0.593549113918406,8,1.22222222222222,0.277777777777778,"O5","de-protonated",0,NA,"C18 H22 O5",18,22,5,NA,NA,NA,NA,NA,NA,NA,NA
860,317.152908,317.152396831623,317.152334434499,2824567.8,NA,321287.5,17.6,-1,0.196741808079424,0.993001210583311,0,0.595800726349987,3,1.8,0.333333333333333,"P1 O5","de-protonated",0,NA,"C15 H27 O5 P1",15,27,5,NA,1,NA,NA,NA,NA,NA,NA
861,317.161041,317.160529808963,317.160576642977,5550971,NA,348615.9,36.87,-1,-0.147666568538998,0.996051252896135,0,0.597630751737681,3,1.73333333333333,0.466666666666667,"O7","de-protonated",0,NA,"C15 H26 O7",15,26,7,NA,NA,NA,NA,NA,NA,NA,NA
862,317.197361,317.196849707767,317.196962152361,2212233.8,NA,340798.6,13.27,-1,-0.354494548268443,0.977456000485473,0,0.586473600291284,2,1.875,0.375,"O6","de-protonated",0,NA,"C16 H30 O6",16,30,6,NA,NA,NA,NA,NA,NA,NA,NA
863,317.225772,317.225260628608,317.225105453268,3221397.3,NA,374786.5,20.4,-1,0.489164752100289,0.957511610044866,0,0.57450696602692,1,2.05882352941176,0.176470588235294,"P1 O3","de-protonated",0,NA,"C17 H35 O3 P1",17,35,3,NA,1,NA,NA,NA,NA,NA,NA
865,318.083529,318.08301523871,318.083054596401,1695472.1,NA,395705.1,9.61,-1,-0.123734007239108,0.997225856709395,0,0.598335514025637,5,1.41666666666667,0.75,"N1 O9","de-protonated",0,NA,"C12 H17 O9 N1",12,17,9,1,NA,NA,NA,NA,NA,NA,NA
871,319.010003,319.009486657352,319.009555301818,1604198.5,NA,400854.9,8.96,-1,-0.215179969771278,0.991633680910139,0,0.594980208546083,11,0.571428571428571,0.642857142857143,"O9","de-protonated",0,NA,"C14 H8 O9",14,8,9,NA,NA,NA,NA,NA,NA,NA,NA
872,319.046443,319.045926555822,319.045940811203,4024949.3,NA,312156,26.08,-1,-0.0446812784077761,0.9996378184269,0,0.59978269105614,10,0.8,0.533333333333333,"O8","de-protonated",0,NA,"C15 H12 O8",15,12,8,NA,NA,NA,NA,NA,NA,NA,NA
873,319.059451,319.058934519579,319.058827970825,3480186.5,NA,370173.6,22.23,-1,0.333947050034474,0.979968086920909,0,0.587980852152546,5,1.41666666666667,0.666666666666667,"P1 O8","de-protonated",0,NA,"C12 H17 O8 P1",12,17,8,NA,1,NA,NA,NA,NA,NA,NA
874,319.06758,319.06706349693,319.067070179302,3149437.8,NA,358877.5,19.89,-1,-0.0209434718490187,0.99992041450889,0,0.599952248705334,5,1.33333333333333,0.833333333333333,"O10","de-protonated",0,NA,"C12 H16 O10",12,16,10,NA,NA,NA,NA,NA,NA,NA,NA
876,319.082815,319.082298454482,319.082326320587,5822084,NA,340531.9,38.78,-1,-0.0873320232550136,0.998617069359697,0,0.599170241615818,9,1,0.4375,"O7","de-protonated",0,NA,"C16 H16 O7",16,16,7,NA,NA,NA,NA,NA,NA,NA,NA
877,319.095823,319.095306418239,319.095213480209,8694409,NA,324461.7,59.09,-1,0.291254853805072,0.972239150145923,0.87547630673166,0.933534012780218,4,1.61538461538462,0.538461538461538,"P1 O7","de-protonated",0,NA,"C13 H21 O7 P1",13,21,7,NA,1,NA,NA,NA,NA,NA,NA
878,319.103916,319.10339939569,319.103455688686,1732236.4,NA,355007.2,9.87,-1,-0.176409861846079,0.994369150160195,0,0.596621490096117,4,1.53846153846154,0.692307692307692,"O9","de-protonated",0,NA,"C13 H20 O9",13,20,9,NA,NA,NA,NA,NA,NA,NA,NA
880,319.119206,319.118689353089,319.118711829971,6765202.5,NA,343739,45.45,-1,-0.0704342359159836,0.999227002328188,0.988620000210319,0.99498420148104,8,1.17647058823529,0.352941176470588,"O6","de-protonated",0,NA,"C17 H20 O6",17,20,6,NA,NA,NA,NA,NA,NA,NA,NA
881,319.132269,319.131752316692,319.131598989593,8688280,NA,326000.8,59.05,-1,0.480451009773873,0.974960507062375,0.665115943220474,0.851022681525614,3,1.78571428571429,0.428571428571429,"P1 O6","de-protonated",0,NA,"C14 H25 O6 P1",14,25,6,NA,1,NA,NA,NA,NA,NA,NA
882,319.14032,319.13980329426,319.139841198071,2686619.3,NA,326402.8,16.62,-1,-0.118768656965614,0.997443758705108,0,0.598466255223065,3,1.71428571428571,0.571428571428571,"O8","de-protonated",0,NA,"C14 H24 O8",14,24,8,NA,NA,NA,NA,NA,NA,NA,NA
883,319.155526,319.155009251893,319.155097339355,2778273.3,NA,332381.9,17.26,-1,-0.276002053839473,0.986272847713334,0,0.591763708628001,7,1.33333333333333,0.277777777777778,"O5","de-protonated",0,NA,"C18 H24 O5",18,24,5,NA,NA,NA,NA,NA,NA,NA,NA
885,319.241336,319.240819012808,319.240755517746,47129284,NA,324738.6,330.83,-1,0.198893971170853,0.981276007922307,0.984005818268762,0.982367932060889,0,2.17647058823529,0.176470588235294,"P1 O3","de-protonated",0,NA,"C17 H37 O3 P1",17,37,3,NA,1,NA,NA,NA,NA,NA,NA
886,320.078196,320.077676681133,320.07757529278,1444373.6,NA,266019.3,7.83,-1,0.316761814669494,0.981958524898251,0,0.589175114938951,9,1,0.466666666666667,"N1 O7","de-protonated",0,NA,"C15 H15 O7 N1",15,15,7,1,NA,NA,NA,NA,NA,NA,NA
893,321.025702,321.025180041175,321.025205366296,3569043.8,NA,337078.9,22.85,-1,-0.0788882634871822,0.998871417174563,0,0.599322850304738,10,0.714285714285714,0.642857142857143,"O9","de-protonated",0,NA,"C14 H10 O9",14,10,9,NA,NA,NA,NA,NA,NA,NA,NA
894,321.03873,321.038208004876,321.038092525918,1599897,NA,384088.3,8.93,-1,0.359704847614736,0.976796239563457,0,0.586077743738074,5,1.36363636363636,0.818181818181818,"P1 O9","de-protonated",0,NA,"C11 H15 O9 P1",11,15,9,NA,1,NA,NA,NA,NA,NA,NA
895,321.056308,321.0557859559,321.055717648866,1566112,NA,288124.3,8.69,-1,0.212757569658729,0.991820221010417,0,0.59509213260625,18,0.454545454545455,0.136363636363636,"O3","de-protonated",0,NA,"C22 H10 O3",22,10,3,NA,NA,NA,NA,NA,NA,NA,NA
896,321.062032,321.061509939952,321.061590875681,7812514.5,NA,326943.3,52.85,-1,-0.25208785756496,0.494267735495356,0.859523230357577,0.640369933440244,9,0.933333333333333,0.533333333333333,"O8","de-protonated",0,NA,"C15 H14 O8",15,14,8,NA,NA,NA,NA,NA,NA,NA,NA
897,321.075147,321.074624903411,321.074478035303,5074343.5,NA,336317.7,33.49,-1,0.457426915451269,0.962745470388303,0,0.577647282232982,4,1.58333333333333,0.666666666666667,"P1 O8","de-protonated",0,NA,"C12 H19 O8 P1",12,19,8,NA,1,NA,NA,NA,NA,NA,NA
898,321.098402,321.097879838617,321.097976385065,11066801,NA,320283.7,75.86,-1,-0.300675976652686,0.977041893583423,0.986330925439389,0.98075750632581,8,1.125,0.4375,"O7","de-protonated",0,NA,"C16 H18 O7",16,18,7,NA,NA,NA,NA,NA,NA,NA,NA
899,321.103265,321.102742825068,321.10268509892,21407154,NA,329287.7,148.97,-1,0.179774727642038,0.994133873045426,0.922778828668022,0.965591855294464,8,1.28571428571429,0.214285714285714,"N4 S1 O3","de-protonated",0,NA,"C14 H18 O3 S1 N4",14,18,3,4,NA,1,NA,NA,NA,NA,NA
900,321.111532,321.111009802034,321.110863544687,13387190,NA,335731.2,92.27,-1,0.455473058998478,0.963324935679636,0.961828676866523,0.96272643215439,3,1.76923076923077,0.538461538461538,"P1 O7","de-protonated",0,NA,"C13 H23 O7 P1",13,23,7,NA,1,NA,NA,NA,NA,NA,NA
902,321.134784,321.134261737249,321.134361894449,7374271.5,NA,334397.2,49.75,-1,-0.311885652839657,0.491252426184882,0.843720152817574,0.632239516837959,7,1.29411764705882,0.352941176470588,"O6","de-protonated",0,NA,"C17 H22 O6",17,22,6,NA,NA,NA,NA,NA,NA,NA,NA
903,321.147878,321.147355700766,321.147249054071,7687621,NA,337579,51.97,-1,0.332080363317413,0.490094590799801,0.867648864333947,0.641116300213459,2,1.92857142857143,0.428571428571429,"P1 O6","de-protonated",0,NA,"C14 H27 O6 P1",14,27,6,NA,1,NA,NA,NA,NA,NA,NA
904,321.171182,321.170659635836,321.170747403833,2165198.3,NA,303775.4,12.92,-1,-0.273275190476461,0.986540928016521,0,0.591924556809913,6,1.44444444444444,0.277777777777778,"O5","de-protonated",0,NA,"C18 H26 O5",18,26,5,NA,NA,NA,NA,NA,NA,NA,NA
905,321.184276,321.183753599354,321.183634563455,1901011.6,NA,394007.6,11.06,-1,0.370616324341995,0.975384868255908,0,0.585230920953545,1,2.06666666666667,0.333333333333333,"P1 O5","de-protonated",0,NA,"C15 H31 O5 P1",15,31,5,NA,1,NA,NA,NA,NA,NA,NA
910,322.106623,322.106098029494,322.10611251688,5675847,NA,323920.3,36.77,-1,-0.0449770601918729,0.999633008288498,0,0.599779804973098,3,1.83333333333333,0.583333333333333,"N1 P1 O7","de-protonated",0,NA,"C12 H22 O7 N1 P1",12,22,7,1,1,NA,NA,NA,NA,NA,NA
912,322.130244,322.129718963681,322.129610866642,1397712.6,NA,248474.9,7.3,-1,0.335570015262624,0.979774892840604,0,0.587864935704362,7,1.3125,0.375,"N1 O6","de-protonated",0,NA,"C16 H21 O6 N1",16,21,6,1,NA,NA,NA,NA,NA,NA,NA
913,322.133477,322.132951954673,322.132982170012,3560274,NA,363119.4,22.2,-1,-0.0937977202234764,0.998404885771728,0,0.599042931463037,2,1.92307692307692,0.461538461538462,"N1 S1 O6","de-protonated",0,NA,"C13 H25 O6 S1 N1",13,25,6,1,NA,1,NA,NA,NA,NA,NA
918,323.041311,323.040783425249,323.040855430774,6595775.5,NA,332034.9,43.1,-1,-0.22289912751742,0.991025413829449,0,0.594615248297669,9,0.857142857142857,0.642857142857143,"O9","de-protonated",0,NA,"C14 H12 O9",14,12,9,NA,NA,NA,NA,NA,NA,NA,NA
920,323.077667,323.077139323954,323.077240940159,11563214,NA,323989.6,77.32,-1,-0.314526038921519,0.991005151662832,0.98196805943268,0.987390314770771,8,1.06666666666667,0.533333333333333,"O8","de-protonated",0,NA,"C15 H16 O8",15,16,8,NA,NA,NA,NA,NA,NA,NA,NA
921,323.090757,323.090229287482,323.090128099781,6983891,NA,327871.9,45.78,-1,0.313187227613699,0.982359822900889,0,0.589415893740533,3,1.75,0.666666666666667,"P1 O8","de-protonated",0,NA,"C12 H21 O8 P1",12,21,8,NA,1,NA,NA,NA,NA,NA,NA
922,323.100357,323.099829260734,323.099707718743,7038167,NA,315958.1,46.15,-1,0.376174872123236,0.974650478131097,0,0.584790286878658,8,1.23076923076923,0.461538461538462,"N4 O6","de-protonated",0,NA,"C13 H16 O6 N4",13,16,6,4,NA,NA,NA,NA,NA,NA,NA
925,323.114078,323.113550222505,323.113626449543,13781213,NA,327258.5,92.6,-1,-0.235914031239835,0.992747339457886,0.996462966045687,0.994233590093006,7,1.25,0.4375,"O7","de-protonated",0,NA,"C16 H20 O7",16,20,7,NA,NA,NA,NA,NA,NA,NA,NA
926,323.127109,323.126581186198,323.126513609165,13134050,NA,321006,88.14,-1,0.209134904814138,0.49604765618284,0.875929598413485,0.648000433075098,2,1.92307692307692,0.538461538461538,"P1 O7","de-protonated",0,NA,"C13 H25 O7 P1",13,25,7,NA,1,NA,NA,NA,NA,NA,NA
928,323.150537,323.150009120922,323.150011958927,5481707,NA,339955.7,35.43,-1,-0.00878231492514969,0.999986005132142,0,0.599991603079285,6,1.41176470588235,0.352941176470588,"O6","de-protonated",0,NA,"C17 H24 O6",17,24,6,NA,NA,NA,NA,NA,NA,NA,NA
929,323.163484,323.162956084849,323.162899118549,6171888.5,NA,329923.5,40.18,-1,0.176277350593657,0.994377582455044,0,0.596626549473027,1,2.07142857142857,0.428571428571429,"P1 O6","de-protonated",0,NA,"C14 H29 O6 P1",14,29,6,NA,1,NA,NA,NA,NA,NA,NA
933,324.103526,324.102995465687,324.103002194921,2212458.3,NA,328729,12.91,-1,-0.0207626412774116,0.999921782839784,0,0.59995306970387,16,0.681818181818182,0.0909090909090909,"N1 O2","de-protonated",0,NA,"C22 H15 O2 N1",22,15,2,1,NA,NA,NA,NA,NA,NA,NA
934,324.109315,324.108784449558,324.108875421736,1571948.8,NA,390922.2,8.5,-1,-0.280684008273769,0.985806525884137,0,0.591483915530482,7,1.26666666666667,0.466666666666667,"N1 O7","de-protonated",0,NA,"C15 H19 O7 N1",15,19,7,1,NA,NA,NA,NA,NA,NA,NA
936,324.130565,324.13003439035,324.130004789835,2694261.3,NA,342502.6,16.23,-1,0.0913229716353764,0.998487883198253,0,0.599092729918951,2,1.91666666666667,0.75,"N1 O9","de-protonated",0,NA,"C12 H23 O9 N1",12,23,9,1,NA,NA,NA,NA,NA,NA,NA
943,325.020743,325.020209910121,325.020119985868,2061786.9,NA,362294.1,11.87,-1,0.276672879894732,0.986206501523371,0,0.591723900914023,9,0.769230769230769,0.769230769230769,"O10","de-protonated",0,NA,"C13 H10 O10",13,10,10,NA,NA,NA,NA,NA,NA,NA,NA
944,325.056957,325.056423809221,325.056505495252,7064553.5,NA,338854.4,46.33,-1,-0.251297944762782,0.494303398002538,0.867648864333947,0.643641584535101,8,1,0.642857142857143,"O9","de-protonated",0,NA,"C14 H14 O9",14,14,9,NA,NA,NA,NA,NA,NA,NA,NA
947,325.093331,325.092797707875,325.092891004637,16411640,NA,317879.4,110.71,-1,-0.286984934325555,0.978170391167469,0.98779829660577,0.982021553342789,7,1.2,0.533333333333333,"O8","de-protonated",0,NA,"C15 H18 O8",15,18,8,NA,NA,NA,NA,NA,NA,NA,NA
948,325.10645,325.105916671322,325.105778164259,4314109,NA,343991.6,27.38,-1,0.426036917648526,0.967602139312339,0,0.580561283587403,2,1.91666666666667,0.666666666666667,"P1 O8","de-protonated",0,NA,"C12 H23 O8 P1",12,23,8,NA,1,NA,NA,NA,NA,NA,NA
951,325.129758,325.129224606381,325.129276514021,10150919,NA,314359.7,67.59,-1,-0.159652309338737,0.993702058436743,0.989238315722491,0.991916561351042,6,1.375,0.4375,"O7","de-protonated",0,NA,"C16 H22 O7",16,22,7,NA,NA,NA,NA,NA,NA,NA,NA
952,325.142758,325.14222457016,325.142163673643,5429260,NA,323106,35.06,-1,0.187291973087243,0.993655304720251,0,0.596193182832151,1,2.07692307692308,0.538461538461538,"P1 O7","de-protonated",0,NA,"C13 H27 O7 P1",13,27,7,NA,1,NA,NA,NA,NA,NA,NA
953,325.158053,325.157519527545,325.157419814928,1399314,NA,352637.3,7.3,-1,0.306659516880629,0.983081310846762,0,0.589848786508057,5,1.58823529411765,0.235294117647059,"P1 O4","de-protonated",0,NA,"C17 H27 O4 P1",17,27,4,NA,1,NA,NA,NA,NA,NA,NA
955,325.166152,325.165618504979,325.165662023405,3142165.3,NA,311231.2,19.31,-1,-0.133834628827642,0.996755219851324,0,0.598053131910794,5,1.52941176470588,0.352941176470588,"O6","de-protonated",0,NA,"C17 H26 O6",17,26,6,NA,NA,NA,NA,NA,NA,NA,NA
956,325.179186,325.178652468664,325.178549183027,1923610.5,NA,339300.7,10.92,-1,0.317627460315285,0.981860683800452,0,0.589116410280271,0,2.21428571428571,0.428571428571429,"P1 O6","de-protonated",0,NA,"C14 H31 O6 P1",14,31,6,NA,1,NA,NA,NA,NA,NA,NA
957,325.184739,325.184205453192,325.18428946806,33442844,NA,321174.7,228.03,-1,-0.258360784375686,0.659828754057838,0.963924562703553,0.781467077516124,4,1.66666666666667,0.166666666666667,"S1 O3","de-protonated",0,NA,"C18 H30 O3 S1",18,30,3,NA,NA,1,NA,NA,NA,NA,NA
961,326.12517,326.124633832946,326.124525486214,1488278.1,NA,366571,7.91,-1,0.332225036954948,0.980172088645344,0,0.588103253187207,6,1.4,0.466666666666667,"N1 O7","de-protonated",0,NA,"C15 H21 O7 N1",15,21,7,1,NA,NA,NA,NA,NA,NA,NA
963,326.146139,326.145602774522,326.145654854313,1450398.6,NA,315254.9,7.65,-1,-0.159682615157691,0.995384010431212,0,0.597230406258727,1,2.08333333333333,0.75,"N1 O9","de-protonated",0,NA,"C12 H25 O9 N1",12,25,9,1,NA,NA,NA,NA,NA,NA,NA
968,327.036238,327.035699294512,327.035770050346,3337987.5,NA,329892.6,20.65,-1,-0.216355029018538,0.991542446029801,0,0.594925467617881,8,0.923076923076923,0.769230769230769,"O10","de-protonated",0,NA,"C13 H12 O10",13,12,10,NA,NA,NA,NA,NA,NA,NA,NA
969,327.064508,327.063969215746,327.063913351253,1813006.9,NA,285481.4,10.15,-1,0.170806043964182,0.994720275167431,0,0.596832165100459,7,1.21428571428571,0.5,"P1 O7","de-protonated",0,NA,"C14 H17 O7 P1",14,17,7,NA,1,NA,NA,NA,NA,NA,NA
970,327.072619,327.072080193147,327.07215555973,7675666,NA,311605.1,50.53,-1,-0.23042800178839,0.495205934780029,0.867648864333947,0.644183106601596,7,1.14285714285714,0.642857142857143,"O9","de-protonated",0,NA,"C14 H16 O9",14,16,9,NA,NA,NA,NA,NA,NA,NA,NA
971,327.085533,327.084994157166,327.084909777571,1605399.4,NA,342225.3,8.72,-1,0.257974588731072,0.987997045840556,0,0.592798227504333,15,0.727272727272727,0.0454545454545455,"S1 O1","de-protonated",0,NA,"C22 H16 O1 S1",22,16,1,NA,NA,1,NA,NA,NA,NA,NA
972,327.087859,327.087320150685,327.087411701015,2780952.3,NA,316232,16.82,-1,-0.279895608484745,0.985885584049645,0,0.591531350429787,11,0.888888888888889,0.333333333333333,"O6","de-protonated",0,NA,"C18 H16 O6",18,16,6,NA,NA,NA,NA,NA,NA,NA,NA
973,327.10092,327.100381114294,327.100298860637,2866461.5,NA,318150.3,17.4,-1,0.251463105830212,0.988591900904012,0,0.593155140542407,6,1.4,0.4,"P1 O6","de-protonated",0,NA,"C15 H21 O6 P1",15,21,6,NA,1,NA,NA,NA,NA,NA,NA
974,327.103348,327.102809107529,327.1026678423,1855518.5,NA,316124.8,10.44,-1,0.431868165885856,0.966724220563324,0,0.580034532337994,15,0.727272727272727,0.136363636363636,"O3","de-protonated",0,NA,"C22 H16 O3",22,16,3,NA,NA,NA,NA,NA,NA,NA,NA
975,327.108963,327.108424091885,327.108541069115,13106977,NA,317307.9,87.94,-1,-0.357609830355212,0.972825723819966,0.986679294181593,0.978367151964617,6,1.33333333333333,0.533333333333333,"O8","de-protonated",0,NA,"C15 H20 O8",15,20,8,NA,NA,NA,NA,NA,NA,NA,NA
976,327.122112,327.121573055249,327.121428228737,1804070,NA,366924.1,10.09,-1,0.4427301291129,0.965059278476432,0,0.579035567085859,1,2.08333333333333,0.666666666666667,"P1 O8","de-protonated",0,NA,"C12 H25 O8 P1",12,25,8,NA,1,NA,NA,NA,NA,NA,NA
977,327.124192,327.123653049453,327.123797210399,2221350.8,NA,279970.7,12.96,-1,-0.440692322799838,0.965374568397775,0,0.579224741038665,10,1.05263157894737,0.263157894736842,"O5","de-protonated",0,NA,"C19 H20 O5",19,20,5,NA,NA,NA,NA,NA,NA,NA,NA
978,327.137317,327.136778012884,327.136684370021,2858284,NA,348770.8,17.35,-1,0.286249960107533,0.985242247889213,0,0.591145348733528,5,1.5625,0.3125,"P1 O5","de-protonated",0,NA,"C16 H25 O5 P1",16,25,5,NA,1,NA,NA,NA,NA,NA,NA
980,327.145414,327.144874990324,327.144926578499,7538479.5,NA,320390.1,49.59,-1,-0.157692112560166,0.497749057688579,0.85154837932281,0.639268786342271,5,1.5,0.4375,"O7","de-protonated",0,NA,"C16 H24 O7",16,24,7,NA,NA,NA,NA,NA,NA,NA,NA
981,327.181854,327.181314888795,327.181312087883,2558782,NA,323418.7,15.28,-1,0.00856073153127283,0.999986702417425,0,0.599992021450455,4,1.64705882352941,0.352941176470588,"O6","de-protonated",0,NA,"C17 H28 O6",17,28,6,NA,NA,NA,NA,NA,NA,NA,NA
983,328.080977,328.080435383642,328.080291691545,1418406.3,NA,395082.3,7.43,-1,0.437978447291919,0.965792360034666,0,0.5794754160208,2,2,0.9,"N1 P1 O9","de-protonated",0,NA,"C10 H20 O9 N1 P1",10,20,9,1,1,NA,NA,NA,NA,NA,NA
984,328.104415,328.103873318339,328.103790041308,1471151.6,NA,368070.7,7.79,-1,0.253813072249565,0.988378932795961,0,0.593027359677577,6,1.35714285714286,0.571428571428571,"N1 O8","de-protonated",0,NA,"C14 H19 O8 N1",14,19,8,1,NA,NA,NA,NA,NA,NA,NA
992,329.030689,329.030144737537,329.030290746725,2275874.5,NA,308548.7,13.33,-1,-0.443756065269763,0.96490003402934,0,0.578940020417604,12,0.625,0.5,"O8","de-protonated",0,NA,"C16 H10 O8",16,10,8,NA,NA,NA,NA,NA,NA,NA,NA
993,329.051953,329.051408678291,329.051420114824,2804267,NA,349062.3,16.97,-1,-0.0347560654751183,0.999780836894015,0,0.599868502136409,7,1.07692307692308,0.769230769230769,"O10","de-protonated",0,NA,"C13 H14 O10",13,14,10,NA,NA,NA,NA,NA,NA,NA,NA
994,329.067209,329.066664635785,329.066676256109,2341937.3,NA,272556.9,13.79,-1,-0.0353129776601555,0.999773757925089,0,0.599864254755053,11,0.823529411764706,0.411764705882353,"O7","de-protonated",0,NA,"C17 H14 O7",17,14,7,NA,NA,NA,NA,NA,NA,NA,NA
996,329.088331,329.087786576934,329.087805624208,5960249.5,NA,322511.6,38.71,-1,-0.0578790031014889,0.999392335414228,0,0.599635401248537,6,1.28571428571429,0.642857142857143,"O9","de-protonated",0,NA,"C14 H18 O9",14,18,9,NA,NA,NA,NA,NA,NA,NA,NA
997,329.103477,329.102932534734,329.103061765493,2461759.8,NA,348052.2,14.61,-1,-0.392675650926352,0.972409439649826,0,0.583445663789896,10,1,0.333333333333333,"O6","de-protonated",0,NA,"C18 H18 O6",18,18,6,NA,NA,NA,NA,NA,NA,NA,NA
998,329.116617,329.116072498123,329.115948925115,4616773,NA,315826.7,29.46,-1,0.375469522301817,0.974744243097347,0,0.584846545858408,5,1.53333333333333,0.4,"P1 O6","de-protonated",0,NA,"C15 H23 O6 P1",15,23,6,NA,1,NA,NA,NA,NA,NA,NA
999,329.124664,329.124119475703,329.124191133593,9904712,NA,320037.6,65.88,-1,-0.217722950675776,0.995603650266656,0.987644919354055,0.992420157901615,5,1.46666666666667,0.533333333333333,"O8","de-protonated",0,NA,"C15 H22 O8",15,22,8,NA,NA,NA,NA,NA,NA,NA,NA
1000,329.139988,329.139443433007,329.139447274877,2193486.3,NA,329482,12.76,-1,-0.0116724716405657,0.999975278540048,0,0.599985167124029,9,1.15789473684211,0.263157894736842,"O5","de-protonated",0,NA,"C19 H22 O5",19,22,5,NA,NA,NA,NA,NA,NA,NA,NA
1001,329.15293,329.152385396947,329.152334434499,58667604,NA,315200,401.77,-1,0.154829367996378,0.990165532430644,0.974688953869051,0.983974901006007,4,1.6875,0.3125,"P1 O5","de-protonated",0,NA,"C16 H27 O5 P1",16,27,5,NA,1,NA,NA,NA,NA,NA,NA
1002,329.161001,329.16045637446,329.160576642977,9796183,NA,311801.9,65.13,-1,-0.365379470167353,0.988019631475226,0.95520951324456,0.97489558418296,4,1.625,0.4375,"O7","de-protonated",0,NA,"C16 H26 O7",16,26,7,NA,NA,NA,NA,NA,NA,NA,NA
1003,329.197354,329.196809273172,329.196962152361,2833509.3,NA,332539.3,17.17,-1,-0.464400363290478,0.961623169861626,0,0.576973901916976,3,1.76470588235294,0.352941176470588,"O6","de-protonated",0,NA,"C17 H30 O6",17,30,6,NA,NA,NA,NA,NA,NA,NA,NA
1005,330.120024,330.119476702413,330.119440105786,1567190.5,NA,349944.8,8.45,-1,0.11085874589617,0.997772541533723,0,0.598663524920234,5,1.5,0.571428571428571,"N1 O8","de-protonated",0,NA,"C14 H21 O8 N1",14,21,8,1,NA,NA,NA,NA,NA,NA,NA
1015,331.046346,331.045796121478,331.045940811203,2635593,NA,369267.4,15.8,-1,-0.437068415235787,0.965931918753145,0,0.579559151251887,11,0.75,0.5,"O8","de-protonated",0,NA,"C16 H12 O8",16,12,8,NA,NA,NA,NA,NA,NA,NA,NA
1016,331.059444,331.058894084984,331.058827970825,3384142.3,NA,328475.6,20.96,-1,0.199705169408568,0.992789556311452,0,0.595673733786871,6,1.30769230769231,0.615384615384615,"P1 O8","de-protonated",0,NA,"C13 H17 O8 P1",13,17,8,NA,1,NA,NA,NA,NA,NA,NA
1017,331.067649,331.067099062123,331.067070179302,1974609.5,NA,411617.5,11.25,-1,0.0872416005267766,0.99861992964707,0,0.599171957788242,6,1.23076923076923,0.769230769230769,"O10","de-protonated",0,NA,"C13 H16 O10",13,16,10,NA,NA,NA,NA,NA,NA,NA,NA
1019,331.082858,331.082308019747,331.082326320587,4482391.5,NA,344388.6,28.52,-1,-0.0552757970774256,0.99944575284201,0,0.599667451705206,10,0.941176470588235,0.411764705882353,"O7","de-protonated",0,NA,"C17 H16 O7",17,16,7,NA,NA,NA,NA,NA,NA,NA,NA
1020,331.095785,331.09523498373,331.095213480209,10284381,NA,317384.3,68.49,-1,0.0649466384163975,0.996869935075554,0.961073000899984,0.982551161405326,5,1.5,0.5,"P1 O7","de-protonated",0,NA,"C14 H21 O7 P1",14,21,7,NA,1,NA,NA,NA,NA,NA,NA
1021,331.103879,331.103328961178,331.103455688686,4557152,NA,321680.9,29.04,-1,-0.382742933617795,0.973769351562903,0,0.584261610937742,5,1.42857142857143,0.642857142857143,"O9","de-protonated",0,NA,"C14 H20 O9",14,20,9,NA,NA,NA,NA,NA,NA,NA,NA
1023,331.119171,331.118620918572,331.118711829971,4766054,NA,322493.4,30.48,-1,-0.274558327242026,0.986415104219225,0,0.591849062531535,9,1.11111111111111,0.333333333333333,"O6","de-protonated",0,NA,"C18 H20 O6",18,20,6,NA,NA,NA,NA,NA,NA,NA,NA
1024,331.132251,331.131700882128,331.131598989593,6016363.5,NA,321093.1,39.09,-1,0.307710091562489,0.982966184561506,0,0.589779710736904,4,1.66666666666667,0.4,"P1 O6","de-protonated",0,NA,"C15 H25 O6 P1",15,25,6,NA,1,NA,NA,NA,NA,NA,NA
1025,331.140256,331.139705859824,331.139841198071,8369518.5,NA,323301.5,55.3,-1,-0.408704207836411,0.971579604235128,0.945566547607628,0.961174381584128,4,1.6,0.533333333333333,"O8","de-protonated",0,NA,"C15 H24 O8",15,24,8,NA,NA,NA,NA,NA,NA,NA,NA
1027,331.155654,331.155103816922,331.155097339355,2411380.8,NA,353537.1,14.26,-1,0.0195605218008286,0.999930577599801,0,0.599958346559881,8,1.26315789473684,0.263157894736842,"O5","de-protonated",0,NA,"C19 H24 O5",19,24,5,NA,NA,NA,NA,NA,NA,NA,NA
1029,331.176731,331.176180758197,331.176226707455,5645693,NA,316417.2,36.54,-1,-0.138745641540781,0.996513141986412,0,0.597907885191847,3,1.75,0.4375,"O7","de-protonated",0,NA,"C16 H28 O7",16,28,7,NA,NA,NA,NA,NA,NA,NA,NA
1030,331.213114,331.212563656826,331.212612216839,2008971.6,NA,302309.7,11.49,-1,-0.146612814696808,0.996107299169524,0,0.597664379501714,2,1.88235294117647,0.352941176470588,"O6","de-protonated",0,NA,"C17 H32 O6",17,32,6,NA,NA,NA,NA,NA,NA,NA,NA
1032,332.135634,332.135081086484,332.135090170264,2389756.3,NA,303542.6,13.73,-1,-0.0273496529418689,0.999864284954778,0,0.599918570972867,4,1.64285714285714,0.571428571428571,"N1 O8","de-protonated",0,NA,"C14 H23 O8 N1",14,23,8,1,NA,NA,NA,NA,NA,NA,NA
1035,332.236673,332.236119804967,332.236004489939,6444836.5,NA,317461.4,40.91,-1,0.347087693154396,0.489189039865455,0.843720152817574,0.631001485046303,1,2.11764705882353,0.176470588235294,"N1 P1 O3","de-protonated",0,NA,"C17 H36 O3 N1 P1",17,36,3,1,1,NA,NA,NA,NA,NA,NA
1039,333.025715,333.025159606525,333.025205366296,2897504,NA,336165.8,17.13,-1,-0.137406331454798,0.996580019592864,0,0.597948011755718,11,0.666666666666667,0.6,"O9","de-protonated",0,NA,"C15 H10 O9",15,10,9,NA,NA,NA,NA,NA,NA,NA,NA
1041,333.062007,333.061451505407,333.061590875681,6063214.5,NA,329131.9,38.35,-1,-0.418451953735738,0.96872739314979,0,0.581236435889874,10,0.875,0.5,"O8","de-protonated",0,NA,"C16 H14 O8",16,14,8,NA,NA,NA,NA,NA,NA,NA,NA
1043,333.075141,333.074585468813,333.074478035303,5287027.5,NA,315900.4,33.15,-1,0.322551013083688,0.981299300903518,0,0.588779580542111,5,1.46153846153846,0.615384615384615,"P1 O8","de-protonated",0,NA,"C13 H19 O8 P1",13,19,8,NA,1,NA,NA,NA,NA,NA,NA
1044,333.08329,333.082734446108,333.08272024378,1786230.9,NA,297943.4,9.68,-1,0.0426390418015323,0.999670164749142,0,0.599802098849485,5,1.38461538461538,0.769230769230769,"O10","de-protonated",0,NA,"C13 H18 O10",13,18,10,NA,NA,NA,NA,NA,NA,NA,NA
1047,333.098522,333.097966403668,333.097976385065,9320573,NA,311239.9,60.19,-1,-0.0299653471219613,0.99299583236398,0.974401407217995,0.985558062305586,9,1.05882352941176,0.411764705882353,"O7","de-protonated",0,NA,"C17 H18 O7",17,18,7,NA,NA,NA,NA,NA,NA,NA,NA
1048,333.111477,333.110921367573,333.110863544687,232208512,NA,313259.8,1554.43,-1,0.173584510074964,0.988768723361684,0.995671662455356,0.991529898999153,4,1.64285714285714,0.5,"P1 O7","de-protonated",0,NA,"C14 H23 O7 P1",14,23,7,NA,1,NA,NA,NA,NA,NA,NA
1051,333.134894,333.134338302328,333.134361894449,5822603.5,NA,327967.9,36.74,-1,-0.0708186360304478,0.982698342609107,0.96673333948177,0.976312341358172,8,1.22222222222222,0.333333333333333,"O6","de-protonated",0,NA,"C18 H22 O6",18,22,6,NA,NA,NA,NA,NA,NA,NA,NA
1053,333.15593,333.155374243717,333.155491262549,2731156,NA,328345.5,16.02,-1,-0.351243892076396,0.977862964726766,0,0.586717778836059,3,1.73333333333333,0.533333333333333,"O8","de-protonated",0,NA,"C15 H26 O8",15,26,8,NA,NA,NA,NA,NA,NA,NA,NA
1054,333.17134,333.170784200782,333.170747403833,1903258,NA,317625.9,10.47,-1,0.110444714596701,0.997789130157788,0,0.598673478094673,7,1.36842105263158,0.263157894736842,"O5","de-protonated",0,NA,"C19 H26 O5",19,26,5,NA,NA,NA,NA,NA,NA,NA,NA
1055,333.192343,333.191787142263,333.191876771933,1530530.4,NA,278827.8,7.97,-1,-0.269003167515773,0.9869557063543,0,0.59217342381258,2,1.875,0.4375,"O7","de-protonated",0,NA,"C16 H30 O7",16,30,7,NA,NA,NA,NA,NA,NA,NA,NA
1056,333.220556,333.220000063655,333.22002007284,2462381.8,NA,359551.1,14.21,-1,-0.0600479669906806,0.999345953867581,0,0.599607572320549,1,2.05882352941176,0.235294117647059,"P1 O4","de-protonated",0,NA,"C17 H35 O4 P1",17,35,4,NA,1,NA,NA,NA,NA,NA,NA
1057,333.240142,333.239586009084,333.239495670609,1465013.5,NA,314345,7.53,-1,0.271091739964345,0.986753717840854,0,0.592052230704513,1,2.125,0.3125,"N2 O5","de-protonated",0,NA,"C16 H34 O5 N2",16,34,5,2,NA,NA,NA,NA,NA,NA,NA
1059,334.078544,334.077985673114,334.077969215973,1511684.3,NA,381250.4,7.84,-1,0.0492613764013739,0.999559778446321,0,0.599735867067793,5,1.41666666666667,0.833333333333333,"N1 O10","de-protonated",0,NA,"C12 H17 O10 N1",12,17,10,1,NA,NA,NA,NA,NA,NA,NA
1060,334.093641,334.09308263105,334.093225357258,2098698.3,NA,346853.9,11.77,-1,-0.427204735152669,0.967427211680348,0,0.580456327008209,9,1.0625,0.4375,"N1 O7","de-protonated",0,NA,"C16 H17 O7 N1",16,17,7,1,NA,NA,NA,NA,NA,NA,NA
1065,334.142967,334.142408493617,334.142498026264,1650717.9,NA,328172.2,8.77,-1,-0.267947500358061,0.987057222523881,0,0.592234333514328,3,1.85714285714286,0.428571428571429,"N1 P1 O6","de-protonated",0,NA,"C14 H26 O6 N1 P1",14,26,6,1,1,NA,NA,NA,NA,NA,NA
1066,334.151193,334.150634470698,334.150740234742,2019361.3,NA,356628.2,11.24,-1,-0.316515965021606,0.981986265568374,0,0.589191759341024,3,1.78571428571429,0.571428571428571,"N1 O8","de-protonated",0,NA,"C14 H25 O8 N1",14,25,8,1,NA,NA,NA,NA,NA,NA,NA
1076,335.041382,335.040820990437,335.040855430774,6939524.5,NA,301445.5,44.22,-1,-0.102794440188093,0.499042261796856,0.859523230357577,0.643234649221144,10,0.8,0.6,"O9","de-protonated",0,NA,"C15 H12 O9",15,12,9,NA,NA,NA,NA,NA,NA,NA,NA
1077,335.054387,335.053825954202,335.053742590396,2393481.8,NA,310451.4,13.75,-1,0.248807267104756,0.988830258891653,0,0.593298155334992,5,1.41666666666667,0.75,"P1 O9","de-protonated",0,NA,"C12 H17 O9 P1",12,17,9,NA,1,NA,NA,NA,NA,NA,NA
1080,335.077707,335.077145889228,335.077240940159,10216339,NA,313671.6,66.19,-1,-0.283668716417373,0.989505863769844,0.983231911148463,0.986996282721292,9,1,0.5,"O8","de-protonated",0,NA,"C16 H16 O8",16,16,8,NA,NA,NA,NA,NA,NA,NA,NA
1082,335.114108,335.113546787807,335.113626449543,15424417,NA,313446.6,101.11,-1,-0.237715598465149,0.987044582754979,0.972412684429917,0.981191823424954,8,1.17647058823529,0.411764705882353,"O7","de-protonated",0,NA,"C17 H20 O7",17,20,7,NA,NA,NA,NA,NA,NA,NA,NA
1085,335.127146,335.12658475148,335.126513609165,14420903,NA,305673.6,94.38,-1,0.212284949598269,0.975164719627124,0.930964039667164,0.95748444764314,3,1.78571428571429,0.5,"P1 O7","de-protonated",0,NA,"C14 H25 O7 P1",14,25,7,NA,1,NA,NA,NA,NA,NA,NA
1087,335.144808,335.14424670227,335.144138732113,2012077.8,NA,323779.5,11.19,-1,0.322160361970149,0.981344146483038,0,0.588806487889823,16,0.8,0.04,"O1","de-protonated",0,NA,"C25 H20 O1",25,20,1,NA,NA,NA,NA,NA,NA,NA,NA
1088,335.150513,335.149951686374,335.150011958927,7551920,NA,304470.6,48.33,-1,-0.179837537330423,0.497074427549893,0.836034543948893,0.632658474109493,7,1.33333333333333,0.333333333333333,"O6","de-protonated",0,NA,"C18 H24 O6",18,24,6,NA,NA,NA,NA,NA,NA,NA,NA
1089,335.163555,335.162993650037,335.162899118549,4885429,NA,330882.2,30.45,-1,0.282046394830963,0.985669401073819,0,0.591401640644291,2,1.93333333333333,0.4,"P1 O6","de-protonated",0,NA,"C15 H29 O6 P1",15,29,6,NA,1,NA,NA,NA,NA,NA,NA
1090,335.171596,335.171034627633,335.171141327027,4040632.5,NA,347919.9,24.79,-1,-0.318343021935954,0.981779612009717,0,0.58906776720583,2,1.86666666666667,0.533333333333333,"O8","de-protonated",0,NA,"C15 H28 O8",15,28,8,NA,NA,NA,NA,NA,NA,NA,NA
1091,335.186846,335.186284585143,335.186397468311,1481150.5,NA,386809.3,7.63,-1,-0.336777296303098,0.9796305981984,0,0.58777835891904,6,1.47368421052632,0.263157894736842,"O5","de-protonated",0,NA,"C19 H28 O5",19,28,5,NA,NA,NA,NA,NA,NA,NA,NA
1092,335.2363,335.235738447353,335.235670137318,3268562.3,NA,349608.5,19.61,-1,0.203767204394369,0.992494364764008,0,0.595496618858405,0,2.17647058823529,0.235294117647059,"P1 O4","de-protonated",0,NA,"C17 H37 O4 P1",17,37,4,NA,1,NA,NA,NA,NA,NA,NA
1094,336.073039,336.072475116016,336.072489912352,1484064,NA,385976.1,7.65,-1,-0.0440272145563231,0.999648342506906,0,0.599789005504144,9,1,0.533333333333333,"N1 O8","de-protonated",0,NA,"C15 H15 O8 N1",15,15,8,1,NA,NA,NA,NA,NA,NA,NA
1096,336.094064,336.093500057436,336.093619280451,2405672.3,NA,329538.1,13.83,-1,-0.354731564086707,0.977426187431202,0,0.586455712458721,4,1.58333333333333,0.833333333333333,"N1 O10","de-protonated",0,NA,"C12 H19 O10 N1",12,19,10,1,NA,NA,NA,NA,NA,NA,NA
1102,336.158796,336.158231877078,336.158148090742,105086272,NA,307941.8,702.19,-1,0.249246780408879,0.745105807065202,0.987837534689307,0.842198498114844,2,2,0.428571428571429,"N1 P1 O6","de-protonated",0,NA,"C14 H28 O6 N1 P1",14,28,6,1,1,NA,NA,NA,NA,NA,NA
1109,337.020575,337.020008475974,337.020119985868,3041433.8,NA,339133.1,18.09,-1,-0.330870138480057,0.980331887690924,0,0.588199132614554,10,0.714285714285714,0.714285714285714,"O10","de-protonated",0,NA,"C14 H10 O10",14,10,10,NA,NA,NA,NA,NA,NA,NA,NA
1110,337.056944,337.056377374642,337.056505495252,8816296,NA,310770.7,56.8,-1,-0.380116116894752,0.973672757552946,0.995746860038198,0.982502398547047,9,0.933333333333333,0.6,"O9","de-protonated",0,NA,"C15 H14 O9",15,14,9,NA,NA,NA,NA,NA,NA,NA,NA
1111,337.07,337.069433338265,337.069392654874,2526381.5,NA,348703.1,14.63,-1,0.120697375608914,0.997360172069499,0,0.598416103241699,4,1.58333333333333,0.75,"P1 O9","de-protonated",0,NA,"C12 H19 O9 P1",12,19,9,NA,1,NA,NA,NA,NA,NA,NA
1113,337.093411,337.092844273037,337.092891004637,19697334,NA,308302.8,129.75,-1,-0.138631221843242,0.998046997957384,0.993530841902029,0.996240535535242,8,1.125,0.5,"O8","de-protonated",0,NA,"C16 H18 O8",16,18,8,NA,NA,NA,NA,NA,NA,NA,NA
1114,337.106379,337.105812236906,337.105778164259,11200188,NA,305736.7,72.78,-1,0.101074052134971,0.981889031935808,0.974837696109666,0.979068497605351,3,1.76923076923077,0.615384615384615,"P1 O8","de-protonated",0,NA,"C13 H23 O8 P1",13,23,8,NA,1,NA,NA,NA,NA,NA,NA
1116,337.121685,337.12111819426,337.121034305543,3318466,NA,321620.1,19.94,-1,0.248838570582686,0.98882746385228,0,0.593296478311368,7,1.35294117647059,0.294117647058824,"P1 O5","de-protonated",0,NA,"C17 H23 O5 P1",17,23,5,NA,1,NA,NA,NA,NA,NA,NA
1118,337.129748,337.129181171794,337.129276514021,17088198,NA,306462.9,112.25,-1,-0.28280613123223,0.992776702066466,0.997678555288963,0.994737443355465,7,1.29411764705882,0.411764705882353,"O7","de-protonated",0,NA,"C17 H22 O7",17,22,7,NA,NA,NA,NA,NA,NA,NA,NA
1119,337.142859,337.142292135264,337.142163673643,14200522,NA,301162.9,92.9,-1,0.381031016837672,0.981842880705732,0.983297925684069,0.982424898697067,2,1.92857142857143,0.5,"P1 O7","de-protonated",0,NA,"C14 H27 O7 P1",14,27,7,NA,1,NA,NA,NA,NA,NA,NA
1121,337.166072,337.165505070588,337.165662023405,4199123.5,NA,332824.7,25.85,-1,-0.465506529788098,0.961443705513215,0,0.576866223307929,6,1.44444444444444,0.333333333333333,"O6","de-protonated",0,NA,"C18 H26 O6",18,26,6,NA,NA,NA,NA,NA,NA,NA,NA
1122,337.179203,337.178636034002,337.178549183027,3797721,NA,309831.2,23.16,-1,0.257581554403865,0.988033372369902,0,0.592820023421941,1,2.06666666666667,0.4,"P1 O6","de-protonated",0,NA,"C15 H31 O6 P1",15,31,6,NA,1,NA,NA,NA,NA,NA,NA
1123,337.215337,337.214769933325,337.214934692412,1509351.4,NA,220107.9,7.81,-1,-0.488587751504475,0.957609632438618,0,0.574565779463171,0,2.1875,0.3125,"P1 O5","de-protonated",0,NA,"C16 H35 O5 P1",16,35,5,NA,1,NA,NA,NA,NA,NA,NA
1126,338.088676,338.088106500012,338.08813997683,1949251.4,NA,332982.2,10.76,-1,-0.0990180178050638,0.998222555572435,0,0.598933533343461,8,1.13333333333333,0.533333333333333,"N1 O8","de-protonated",0,NA,"C15 H17 O8 N1",15,17,8,1,NA,NA,NA,NA,NA,NA,NA
1128,338.101712,338.101142463691,338.101027136452,2227784.5,NA,365841.4,12.63,-1,0.3411028957954,0.979109523613689,0,0.587465714168213,3,1.83333333333333,0.666666666666667,"N1 P1 O8","de-protonated",0,NA,"C12 H22 O8 N1 P1",12,22,8,1,1,NA,NA,NA,NA,NA,NA
1130,338.125008,338.124438398783,338.124525486214,2182738,NA,325050.8,12.33,-1,-0.25756023026625,0.988035341725444,0,0.592821205035266,7,1.3125,0.4375,"N1 O7","de-protonated",0,NA,"C16 H21 O7 N1",16,21,7,1,NA,NA,NA,NA,NA,NA,NA
1135,338.174454,338.173884261016,338.17379815522,1691749.6,NA,312990.2,9.03,-1,0.25461995045326,0.988305362436434,0,0.59298321746186,1,2.14285714285714,0.428571428571429,"N1 P1 O6","de-protonated",0,NA,"C14 H30 O6 N1 P1",14,30,6,1,1,NA,NA,NA,NA,NA,NA
1140,339.036221,339.035648859945,339.035770050346,5449149,NA,317242.3,34.22,-1,-0.357456089919425,0.977082117501234,0,0.58624927050074,9,0.857142857142857,0.714285714285714,"O10","de-protonated",0,NA,"C14 H12 O10",14,12,10,NA,NA,NA,NA,NA,NA,NA,NA
1142,339.072664,339.072091758407,339.07215555973,13496779,NA,309716.1,88.17,-1,-0.188164442638349,0.991237032704041,0.977639382706634,0.985797972705078,8,1.06666666666667,0.6,"O9","de-protonated",0,NA,"C15 H16 O9",15,16,9,NA,NA,NA,NA,NA,NA,NA,NA
1143,339.109042,339.10846965705,339.108541069115,24560090,NA,303428.5,162.34,-1,-0.210587631459961,0.99473679734455,0.993084528689317,0.994075889882457,7,1.25,0.5,"O8","de-protonated",0,NA,"C16 H20 O8",16,20,8,NA,NA,NA,NA,NA,NA,NA,NA
1144,339.122113,339.121540620631,339.121428228737,10736095,NA,315078.1,69.66,-1,0.331420799590898,0.982773057928209,0.936295629740083,0.964182086652959,2,1.92307692307692,0.615384615384615,"P1 O8","de-protonated",0,NA,"C13 H25 O8 P1",13,25,8,NA,1,NA,NA,NA,NA,NA,NA
1145,339.137332,339.136759578228,339.136684370021,2746341.3,NA,316203.7,16.1,-1,0.221763701874582,0.991116205924628,0,0.594669723554777,6,1.47058823529412,0.294117647058824,"P1 O5","de-protonated",0,NA,"C17 H25 O5 P1",17,25,5,NA,1,NA,NA,NA,NA,NA,NA
1146,339.139772,339.13919957143,339.139053351684,4933094,NA,317805.6,30.76,-1,0.431149830183224,0.483416485143042,0.792708917554682,0.607133458107698,15,0.833333333333333,0.0833333333333333,"O2","de-protonated",0,NA,"C24 H20 O2",24,20,2,NA,NA,NA,NA,NA,NA,NA,NA
1147,339.145364,339.144791555849,339.144926578499,11479528,NA,301400.2,74.65,-1,-0.398126698029203,0.985422331398604,0.991489909694795,0.98784936271708,6,1.41176470588235,0.411764705882353,"O7","de-protonated",0,NA,"C17 H24 O7",17,24,7,NA,NA,NA,NA,NA,NA,NA,NA
1148,339.158399,339.157826519531,339.157813738121,7791085.5,NA,313827.5,49.92,-1,0.0376857301609251,0.499871168594707,0.867648864333947,0.646982246890403,1,2.07142857142857,0.5,"P1 O7","de-protonated",0,NA,"C14 H29 O7 P1",14,29,7,NA,1,NA,NA,NA,NA,NA,NA
1149,339.18182,339.181247454275,339.181312087883,2726902.8,NA,297443.7,15.97,-1,-0.190557693059936,0.993432851370048,0,0.596059710822029,5,1.55555555555556,0.333333333333333,"O6","de-protonated",0,NA,"C18 H28 O6",18,28,6,NA,NA,NA,NA,NA,NA,NA,NA
1150,339.200392,339.199819402529,339.199939532538,21631486,NA,311004.8,142.71,-1,-0.35415692898017,0.987181160584437,0.989527699824723,0.988119776280551,4,1.68421052631579,0.157894736842105,"S1 O3","de-protonated",0,NA,"C19 H32 O3 S1",19,32,3,NA,NA,1,NA,NA,NA,NA,NA
1151,339.210056,339.209483375603,339.20945538879,1394178.1,NA,321239.5,7.04,-1,0.0825059932950909,0.99876559794059,0,0.599259358764354,4,1.73684210526316,0.157894736842105,"P1 O3","de-protonated",0,NA,"C19 H33 O3 P1",19,33,3,NA,1,NA,NA,NA,NA,NA,NA
1153,340.067882,340.067306985513,340.067404531923,1669719.8,NA,320337.4,8.88,-1,-0.286844340275407,0.985181353983155,0,0.591108812389893,8,1.07142857142857,0.642857142857143,"N1 O9","de-protonated",0,NA,"C14 H15 O9 N1",14,15,9,1,NA,NA,NA,NA,NA,NA,NA
1155,340.08101,340.080434948935,340.080291691545,3364701,NA,326279.8,20.24,-1,0.421245787305523,0.968315118630056,0,0.580989071178034,3,1.81818181818182,0.818181818181818,"N1 P1 O9","de-protonated",0,NA,"C11 H20 O9 N1 P1",11,20,9,1,1,NA,NA,NA,NA,NA,NA
1156,340.104329,340.103753883964,340.103790041308,2087782.3,NA,364900.4,11.68,-1,-0.106312675637074,0.997951298548845,0,0.598770779129307,7,1.26666666666667,0.533333333333333,"N1 O8","de-protonated",0,NA,"C15 H19 O8 N1",15,19,8,1,NA,NA,NA,NA,NA,NA,NA
1158,340.117341,340.116765847709,340.11667720093,5525355.5,NA,308105.1,34.73,-1,0.260636380900517,0.987749605259627,0,0.592649763155776,2,2,0.666666666666667,"N1 P1 O8","de-protonated",0,NA,"C12 H24 O8 N1 P1",12,24,8,1,1,NA,NA,NA,NA,NA,NA
1161,340.153739,340.153163746297,340.153062710314,1535098,NA,319629.1,7.98,-1,0.297030936487709,0.984118717151785,0,0.590471230291071,1,2.15384615384615,0.538461538461538,"N1 P1 O7","de-protonated",0,NA,"C13 H28 O7 N1 P1",13,28,7,1,1,NA,NA,NA,NA,NA,NA
1167,341.015435,341.014857345424,341.014872414187,1797585,NA,322867.4,9.74,-1,-0.0441879952417714,0.999645769873725,0,0.599787461924235,4,1.875,0.625,"N4 S2 P1 O5","de-protonated",0,NA,"C8 H15 O5 S2 N4 P1",8,15,5,4,1,2,NA,NA,NA,NA,NA
1168,341.051839,341.051261243994,341.051420114824,6066399.5,NA,307095.9,38.35,-1,-0.465826618118868,0.961391701022786,0,0.576835020613672,8,1,0.714285714285714,"O10","de-protonated",0,NA,"C14 H14 O10",14,14,10,NA,NA,NA,NA,NA,NA,NA,NA
1169,341.067148,341.06657020134,341.066676256109,1528805.6,NA,250376.4,7.93,-1,-0.310950251512449,0.982608720690303,0,0.589565232414182,12,0.777777777777778,0.388888888888889,"O7","de-protonated",0,NA,"C18 H14 O7",18,14,7,NA,NA,NA,NA,NA,NA,NA,NA
1171,341.088277,341.08769914247,341.087805624208,14185710,NA,307425.2,92.79,-1,-0.312182776404626,0.989797026365464,0.999946140968561,0.993856672206702,7,1.2,0.6,"O9","de-protonated",0,NA,"C15 H18 O9",15,18,9,NA,NA,NA,NA,NA,NA,NA,NA
1172,341.101298,341.100720106191,341.100559842049,2343667.3,NA,304506.6,13.4,-1,0.469844265779347,0.960736158222669,0,0.576441694933602,15,0.782608695652174,0.0434782608695652,"S1 O1","de-protonated",0,NA,"C23 H18 O1 S1",23,18,1,NA,NA,1,NA,NA,NA,NA,NA
1173,341.116674,341.11609606335,341.115948925115,4999417.5,NA,309697.3,31.2,-1,0.431343756491753,0.966803628179181,0,0.580082176907509,6,1.4375,0.375,"P1 O6","de-protonated",0,NA,"C16 H23 O6 P1",16,23,6,NA,1,NA,NA,NA,NA,NA,NA
1175,341.124733,341.124155040896,341.124191133593,15721725,NA,300510.1,103.08,-1,-0.105805151733406,0.997966442326856,0.984371706340027,0.992528547932124,6,1.375,0.5,"O8","de-protonated",0,NA,"C16 H22 O8",16,22,8,NA,NA,NA,NA,NA,NA,NA,NA
1176,341.137725,341.137147004697,341.137078293215,7136513.5,NA,317405,45.53,-1,0.201418981018305,0.992665726322853,0,0.595599435793712,1,2.07692307692308,0.615384615384615,"P1 O8","de-protonated",0,NA,"C13 H27 O8 P1",13,27,8,NA,1,NA,NA,NA,NA,NA,NA
1177,341.152852,341.15227396255,341.152334434499,2381575.8,NA,349800.4,13.65,-1,-0.177257908461166,0.994315036755157,0,0.596589022053094,5,1.58823529411765,0.294117647058824,"P1 O5","de-protonated",0,NA,"C17 H27 O5 P1",17,27,5,NA,1,NA,NA,NA,NA,NA,NA
1179,341.161082,341.16050393962,341.160576642977,8269067,NA,303419,53.12,-1,-0.213105974837474,0.993501308293403,0.994252690860107,0.993801861320085,5,1.52941176470588,0.411764705882353,"O7","de-protonated",0,NA,"C17 H26 O7",17,26,7,NA,NA,NA,NA,NA,NA,NA,NA
1180,341.174185,341.173606903112,341.173463802599,2208528.3,NA,350005,12.49,-1,0.419436234467268,0.968582439896798,0,0.581149463938079,0,2.21428571428571,0.5,"P1 O7","de-protonated",0,NA,"C14 H31 O7 P1",14,31,7,NA,1,NA,NA,NA,NA,NA,NA
1181,341.189429,341.188850860639,341.188719943884,1724182.3,NA,338404.2,9.24,-1,0.383707746526002,0.973638701954354,0,0.584183221172613,4,1.72222222222222,0.222222222222222,"P1 O4","de-protonated",0,NA,"C18 H31 O4 P1",18,31,4,NA,1,NA,NA,NA,NA,NA,NA
1184,342.083528,342.082947369484,342.083054596401,1585530.3,NA,353411.9,8.31,-1,-0.313452875666477,0.982330151183529,0,0.589398090710117,7,1.21428571428571,0.642857142857143,"N1 O9","de-protonated",0,NA,"C14 H17 O9 N1",14,17,9,1,NA,NA,NA,NA,NA,NA,NA
1187,342.120096,342.119515267598,342.119440105786,1719688.8,NA,308420.8,9.21,-1,0.219694654082439,0.991280482128692,0,0.594768289277215,6,1.4,0.533333333333333,"N1 O8","de-protonated",0,NA,"C15 H21 O8 N1",15,21,8,1,NA,NA,NA,NA,NA,NA,NA
1190,342.156329,342.155748166645,342.15582561517,1487511.3,NA,347344.3,7.65,-1,-0.226354542136278,0.990746307775706,0,0.594447784665424,5,1.5625,0.4375,"N1 O7","de-protonated",0,NA,"C16 H25 O7 N1",16,25,7,1,NA,NA,NA,NA,NA,NA,NA
1197,343.046361,343.045777686822,343.045940811203,2107385.5,NA,347942.7,11.48,-1,-0.475517595908456,0.959801650718348,0,0.575880990431009,12,0.705882352941177,0.470588235294118,"O8","de-protonated",0,NA,"C17 H12 O8",17,12,8,NA,NA,NA,NA,NA,NA,NA,NA
1198,343.059544,343.058960650091,343.058827970825,2383870.8,NA,331551.3,13.28,-1,0.386753686033184,0.973224195428438,0,0.583934517257063,7,1.21428571428571,0.571428571428571,"P1 O8","de-protonated",0,NA,"C14 H17 O8 P1",14,17,8,NA,1,NA,NA,NA,NA,NA,NA
1199,343.067588,343.067004627679,343.067070179302,4958210,NA,332552.5,30.06,-1,-0.191075242105298,0.99339724875301,0,0.596038349251806,7,1.14285714285714,0.714285714285714,"O10","de-protonated",0,NA,"C14 H16 O10",14,16,10,NA,NA,NA,NA,NA,NA,NA,NA
1200,343.082752,343.082168585428,343.082326320587,2538504,NA,277653.3,14.29,-1,-0.459758916470363,0.962371904584442,0,0.577423142750665,11,0.888888888888889,0.388888888888889,"O7","de-protonated",0,NA,"C18 H16 O7",18,16,7,NA,NA,NA,NA,NA,NA,NA,NA
1201,343.085177,343.084593578672,343.084666052779,8386569,NA,287019.7,52.4,-1,-0.211242631038567,0.991935825099194,0,0.595161495059516,2,2.33333333333333,0.666666666666667,"N4 S1 P1 O6","de-protonated",0,NA,"C9 H21 O6 S1 N4 P1",9,21,6,4,1,1,NA,NA,NA,NA,NA
1202,343.095832,343.095248548985,343.095213480209,7321613,NA,303692.4,45.46,-1,0.102212955167417,0.997855250482009,0.901001907910906,0.959113913453568,6,1.4,0.466666666666667,"P1 O7","de-protonated",0,NA,"C15 H21 O7 P1",15,21,7,NA,1,NA,NA,NA,NA,NA,NA
1203,343.104002,343.103418526221,343.103455688686,10459152,NA,308815.7,65.91,-1,-0.108312710192503,0.498936786405733,0.859523230357577,0.643171363986471,6,1.33333333333333,0.6,"O9","de-protonated",0,NA,"C15 H20 O9",15,20,9,NA,NA,NA,NA,NA,NA,NA,NA
1205,343.119213,343.11862948384,343.118711829971,5623830.5,NA,314668.6,34.4,-1,-0.239993122947635,0.494801787479684,0.828487690504102,0.628276148689451,10,1.05263157894737,0.315789473684211,"O6","de-protonated",0,NA,"C19 H20 O6",19,20,6,NA,NA,NA,NA,NA,NA,NA,NA
1206,343.132251,343.131667447513,343.131598989593,5921819.5,NA,315906.5,36.34,-1,0.199509227140799,0.992803647526244,0,0.595682188515747,5,1.5625,0.375,"P1 O6","de-protonated",0,NA,"C16 H25 O6 P1",16,25,6,NA,1,NA,NA,NA,NA,NA,NA
1207,343.134695,343.134111440704,343.133967971256,2080284.5,NA,346936.3,11.3,-1,0.418114967076542,0.96877694728627,0,0.581266168371762,14,0.869565217391304,0.130434782608696,"O3","de-protonated",0,NA,"C23 H20 O3",23,20,3,NA,NA,NA,NA,NA,NA,NA,NA
1208,343.140304,343.139720425076,343.139841198071,10383391,NA,308970.3,65.42,-1,-0.351964360313853,0.974835061792086,0.991578173161608,0.981532306339895,5,1.5,0.5,"O8","de-protonated",0,NA,"C16 H24 O8",16,24,8,NA,NA,NA,NA,NA,NA,NA,NA
1209,343.15564,343.155056382346,343.155097339355,1859620.9,NA,318206.7,9.86,-1,-0.119354220027579,0.997418523226512,0,0.598451113935907,9,1.2,0.25,"O5","de-protonated",0,NA,"C20 H24 O5",20,24,5,NA,NA,NA,NA,NA,NA,NA,NA
1210,343.168709,343.168125345933,343.167984498977,50497580,NA,299883.3,326.86,-1,0.410431515360131,0.979023333082193,0.986252411247832,0.981914964348449,4,1.70588235294118,0.294117647058824,"P1 O5","de-protonated",0,NA,"C17 H29 O5 P1",17,29,5,NA,1,NA,NA,NA,NA,NA,NA
1211,343.176754,343.176170323518,343.176226707455,7995437.5,NA,322035.2,49.85,-1,-0.164300240621638,0.99677257291034,0.981525544321545,0.990673761474822,4,1.64705882352941,0.411764705882353,"O7","de-protonated",0,NA,"C17 H28 O7",17,28,7,NA,NA,NA,NA,NA,NA,NA,NA
1213,343.213103,343.212519222242,343.212612216839,2761787.8,NA,320153.2,15.74,-1,-0.270953321311472,0.986767151538395,0,0.592060290923037,3,1.77777777777778,0.333333333333333,"O6","de-protonated",0,NA,"C18 H32 O6",18,32,6,NA,NA,NA,NA,NA,NA,NA,NA
1220,344.135651,344.135064651822,344.135090170264,2458539,NA,304961.3,13.76,-1,-0.0741523954802567,0.99900278783654,0,0.599401672701924,5,1.53333333333333,0.533333333333333,"N1 O8","de-protonated",0,NA,"C15 H23 O8 N1",15,23,8,1,NA,NA,NA,NA,NA,NA,NA
1224,344.272957,344.272370269258,344.272389999323,2496993.5,NA,321272,14.02,-1,-0.0573094621476698,0.9994042321106,0,0.59964253926636,1,2.10526315789474,0.105263157894737,"N1 P1 O2","de-protonated",0,NA,"C19 H40 O2 N1 P1",19,40,2,1,1,NA,NA,NA,NA,NA,NA
1232,345.025756,345.025167171796,345.025205366296,2008333,NA,345035.7,10.83,-1,-0.110700609311693,0.997778884745393,0,0.598667330847236,12,0.625,0.5625,"O9","de-protonated",0,NA,"C16 H10 O9",16,10,9,NA,NA,NA,NA,NA,NA,NA,NA
1233,345.038783,345.0381941355,345.038092525918,1448978.3,NA,364494.8,7.18,-1,0.294488010806071,0.984387352350203,0,0.590632411410122,7,1.15384615384615,0.692307692307692,"P1 O9","de-protonated",0,NA,"C13 H15 O9 P1",13,15,9,NA,1,NA,NA,NA,NA,NA,NA
1234,345.062097,345.061508070542,345.061590875681,3545883.5,NA,315229.1,20.85,-1,-0.239972053871944,0.989605390770584,0,0.59376323446235,11,0.823529411764706,0.470588235294118,"O8","de-protonated",0,NA,"C17 H14 O8",17,14,8,NA,NA,NA,NA,NA,NA,NA,NA
1235,345.075159,345.074570034148,345.074478035303,7213856.5,NA,313865.8,44.76,-1,0.266605766382924,0.493592843318619,0.867648864333947,0.64321525172475,6,1.35714285714286,0.571428571428571,"P1 O8","de-protonated",0,NA,"C14 H19 O8 P1",14,19,8,NA,1,NA,NA,NA,NA,NA,NA
1236,345.0832,345.082611011744,345.08272024378,3593508,NA,250041.2,21.16,-1,-0.316538700113103,0.981983701104446,0,0.589190220662667,6,1.28571428571429,0.714285714285714,"O10","de-protonated",0,NA,"C14 H18 O10",14,18,10,NA,NA,NA,NA,NA,NA,NA,NA
1238,345.098472,345.097882969193,345.097976385065,6335274,NA,317772.2,39.03,-1,-0.270693768341072,0.493396161732847,0.836034543948893,0.630451514619265,10,1,0.388888888888889,"O7","de-protonated",0,NA,"C18 H18 O7",18,18,7,NA,NA,NA,NA,NA,NA,NA,NA
1239,345.111494,345.110904932911,345.110863544687,9007919,NA,302528.3,56.45,-1,0.11992732933696,0.990609858508508,0.799957076477766,0.914348745696211,5,1.53333333333333,0.466666666666667,"P1 O7","de-protonated",0,NA,"C15 H23 O7 P1",15,23,7,NA,1,NA,NA,NA,NA,NA,NA
1240,345.119588,345.118998910359,345.119105753164,7195442.5,NA,309391,44.64,-1,-0.309582411119557,0.986131087480931,0.974346184103924,0.981417126130128,5,1.46666666666667,0.6,"O9","de-protonated",0,NA,"C15 H22 O9",15,22,9,NA,NA,NA,NA,NA,NA,NA,NA
1242,345.134925,345.134335867627,345.134361894449,5519160.5,NA,310121.5,33.71,-1,-0.0754106945869759,0.4994843373587,0.828487690504102,0.631085678616861,9,1.15789473684211,0.315789473684211,"O6","de-protonated",0,NA,"C19 H22 O6",19,22,6,NA,NA,NA,NA,NA,NA,NA,NA
1243,345.147979,345.147389831256,345.147249054071,8274749.5,NA,311207.1,51.67,-1,0.407875725910424,0.982998268083579,0.913172200461434,0.955067841034721,4,1.6875,0.375,"P1 O6","de-protonated",0,NA,"C16 H27 O6 P1",16,27,6,NA,1,NA,NA,NA,NA,NA,NA
1244,345.155983,345.155393808955,345.155491262549,9872193,NA,295932.8,62.08,-1,-0.282346930729711,0.986440446454248,0.987445203639416,0.986842349328315,4,1.625,0.5,"O8","de-protonated",0,NA,"C16 H26 O8",16,26,8,NA,NA,NA,NA,NA,NA,NA,NA
1246,345.171326,345.170736766206,345.170747403833,2673991,NA,329774.7,15.17,-1,-0.0308184497283429,0.999827679088383,0,0.59989660745303,8,1.3,0.25,"O5","de-protonated",0,NA,"C20 H26 O5",20,26,5,NA,NA,NA,NA,NA,NA,NA,NA
1247,345.192424,345.191834707422,345.191876771933,3812175.3,NA,328996.6,22.58,-1,-0.1218583438387,0.997309212399214,0,0.598385527439528,3,1.76470588235294,0.411764705882353,"O7","de-protonated",0,NA,"C17 H30 O7",17,30,7,NA,NA,NA,NA,NA,NA,NA,NA
1255,346.216006,346.2154138555,346.215269045033,3184870.5,NA,350458.5,18.49,-1,0.41826713070821,0.968754576141764,0,0.581252745685058,2,2,0.235294117647059,"N1 P1 O4","de-protonated",0,NA,"C17 H34 O4 N1 P1",17,34,4,1,1,NA,NA,NA,NA,NA,NA
1262,347.041394,347.040799555789,347.040855430774,3389999,NA,329084.3,19.83,-1,-0.161004055342403,0.99530747611443,0,0.597184485668658,11,0.75,0.5625,"O9","de-protonated",0,NA,"C16 H12 O9",16,12,9,NA,NA,NA,NA,NA,NA,NA,NA
1263,347.054337,347.053742519727,347.053609648615,3025460,NA,296223.4,17.45,-1,0.382854719859874,0.973754230040821,0,0.584252538024493,19,0.5,0.0416666666666667,"S1 O1","de-protonated",0,NA,"C24 H12 O1 S1",24,12,1,NA,NA,1,NA,NA,NA,NA,NA
1265,347.077761,347.077166454463,347.077240940159,7540285.5,NA,306707.7,46.88,-1,-0.214608412617945,0.495838940803313,0.843720152817574,0.634991425609017,10,0.941176470588235,0.470588235294118,"O8","de-protonated",0,NA,"C17 H16 O8",17,16,8,NA,NA,NA,NA,NA,NA,NA,NA
1266,347.090843,347.090248418014,347.090128099781,20418114,NA,304162.8,130.81,-1,0.346648386616666,0.984601493413003,0.902559907362499,0.951784858992801,5,1.5,0.571428571428571,"P1 O8","de-protonated",0,NA,"C14 H21 O8 P1",14,21,8,NA,1,NA,NA,NA,NA,NA,NA
1268,347.114079,347.113484353273,347.113626449543,10167884,NA,306669.9,64,-1,-0.409365288805623,0.984733984125714,0.98111091932716,0.983284758206292,9,1.11111111111111,0.388888888888889,"O7","de-protonated",0,NA,"C18 H20 O7",18,20,7,NA,NA,NA,NA,NA,NA,NA,NA
1269,347.127167,347.126572316807,347.126513609165,9991761,NA,298991.2,62.86,-1,0.169124626724105,0.988902097377042,0.713388825939604,0.878696788802067,4,1.66666666666667,0.466666666666667,"P1 O7","de-protonated",0,NA,"C15 H25 O7 P1",15,25,7,NA,1,NA,NA,NA,NA,NA,NA
1270,347.135284,347.134689294191,347.134755817642,4242004,NA,316264.1,25.38,-1,-0.191635812840048,0.993358579146155,0,0.596015147487693,4,1.6,0.6,"O9","de-protonated",0,NA,"C15 H24 O9",15,24,9,NA,NA,NA,NA,NA,NA,NA,NA
1272,347.150549,347.14995425166,347.150011958927,6544986.5,NA,318575.8,40.39,-1,-0.166231500994731,0.991692429610526,0.904529076743051,0.956827088463536,8,1.26315789473684,0.315789473684211,"O6","de-protonated",0,NA,"C19 H24 O6",19,24,6,NA,NA,NA,NA,NA,NA,NA,NA
1273,347.163548,347.162953215442,347.162899118549,3337311.5,NA,306028.8,19.48,-1,0.155825672926106,0.995603819872638,0,0.597362291923583,3,1.8125,0.375,"P1 O6","de-protonated",0,NA,"C16 H29 O6 P1",16,29,6,NA,1,NA,NA,NA,NA,NA,NA
1274,347.171578,347.170983193068,347.171141327027,3535458.8,NA,326585.3,20.78,-1,-0.455492809077219,0.963053965176047,0,0.577832379105628,3,1.75,0.5,"O8","de-protonated",0,NA,"C16 H28 O8",16,28,8,NA,NA,NA,NA,NA,NA,NA,NA
1275,347.186837,347.186242150553,347.186397468311,2520168.8,NA,323119.8,14.16,-1,-0.44736130004281,0.964337721149846,0,0.578602632689907,7,1.4,0.25,"O5","de-protonated",0,NA,"C20 H28 O5",20,28,5,NA,NA,NA,NA,NA,NA,NA,NA
1277,347.272796,347.272200911053,347.272055646702,1485963,NA,375009.6,7.42,-1,0.418301295445768,0.968749552183447,0,0.581249731310068,0,2.15789473684211,0.157894736842105,"P1 O3","de-protonated",0,NA,"C19 H41 O3 P1",19,41,3,NA,1,NA,NA,NA,NA,NA,NA
1279,348.073075,348.072477681301,348.072489912352,1451977.3,NA,317070.1,7.19,-1,-0.0351393768414298,0.999775976649308,0,0.599865585989585,10,0.9375,0.5,"N1 O8","de-protonated",0,NA,"C16 H15 O8 N1",16,15,8,1,NA,NA,NA,NA,NA,NA,NA
1283,348.122349,348.121751544013,348.121762581358,1490396.9,NA,355796.6,7.44,-1,-0.0317054146974926,0.999817618367995,0,0.599890571020797,4,1.71428571428571,0.5,"N1 P1 O7","de-protonated",0,NA,"C14 H24 O7 N1 P1",14,24,7,1,1,NA,NA,NA,NA,NA,NA
1287,348.231574,348.230976239688,348.230919109511,6680584.5,NA,297329.4,41.27,-1,0.164058314353567,0.497564095437072,0.843720152817574,0.636026518389273,1,2.11764705882353,0.235294117647059,"N1 P1 O4","de-protonated",0,NA,"C17 H36 O4 N1 P1",17,36,4,1,1,NA,NA,NA,NA,NA,NA
1294,349.020653,349.020053041142,349.020119985868,2757954.3,NA,323168.2,15.7,-1,-0.19180764029911,0.993346703666111,0,0.596008022199666,11,0.666666666666667,0.666666666666667,"O10","de-protonated",0,NA,"C15 H10 O10",15,10,10,NA,NA,NA,NA,NA,NA,NA,NA
1295,349.056978,349.056377939933,349.056505495252,7584080.5,NA,234337.9,47.16,-1,-0.365428855301241,0.488030429137055,0.85154837932281,0.633437609211357,10,0.875,0.5625,"O9","de-protonated",0,NA,"C16 H14 O9",16,14,9,NA,NA,NA,NA,NA,NA,NA,NA
1296,349.070073,349.069472903447,349.069392654874,4190550,NA,309423.9,25.04,-1,0.229892894817694,0.990456136619015,0,0.594273681971409,5,1.46153846153846,0.692307692307692,"P1 O9","de-protonated",0,NA,"C13 H19 O9 P1",13,19,9,NA,1,NA,NA,NA,NA,NA,NA
1298,349.093315,349.09271483869,349.092728813384,16306527,NA,296804,104.01,-1,-0.0400314672113905,0.666199633689326,0.926630606056794,0.770372022636314,4,1.91666666666667,0.166666666666667,"N4 S2 P1 O2","de-protonated",0,NA,"C12 H23 O2 S2 N4 P1",12,23,2,4,1,2,NA,NA,NA,NA,NA
1299,349.106407,349.105806802213,349.105778164259,259084640,NA,299091.4,1686.31,-1,0.082032313021065,0.49715802015879,0.976899061700693,0.689054436775551,4,1.64285714285714,0.571428571428571,"P1 O8","de-protonated",0,NA,"C14 H23 O8 P1",14,23,8,NA,1,NA,NA,NA,NA,NA,NA
1300,349.129806,349.129205737018,349.129276514021,16613742,NA,296178.7,106.01,-1,-0.202724341205794,0.995409986459365,0.994526790272076,0.995056707984449,8,1.22222222222222,0.388888888888889,"O7","de-protonated",0,NA,"C18 H22 O7",18,22,7,NA,NA,NA,NA,NA,NA,NA,NA
1301,349.14281,349.142209700786,349.142163673643,13361523,NA,297827.4,84.81,-1,0.131829232495798,0.979054499785939,0.943694407733972,0.964910462965152,3,1.8,0.466666666666667,"P1 O7","de-protonated",0,NA,"C15 H27 O7 P1",15,27,7,NA,1,NA,NA,NA,NA,NA,NA
1303,349.160505,349.159904651484,349.159788796591,1503993.9,NA,254081.7,7.53,-1,0.331810526984182,0.980221043225026,0,0.588132625935016,16,0.846153846153846,0.0384615384615385,"O1","de-protonated",0,NA,"C26 H22 O1",26,22,1,NA,NA,NA,NA,NA,NA,NA,NA
1304,349.166157,349.165556635737,349.165662023405,6617468,NA,303291.6,40.86,-1,-0.301827126988197,0.989568314726309,0.971743289863461,0.98243830478117,7,1.36842105263158,0.315789473684211,"O6","de-protonated",0,NA,"C19 H26 O6",19,26,6,NA,NA,NA,NA,NA,NA,NA,NA
1305,349.1793,349.178699599117,349.178549183027,3672449.3,NA,304697.9,21.66,-1,0.430771278606645,0.966890211747399,0,0.580134127048439,2,1.9375,0.375,"P1 O6","de-protonated",0,NA,"C16 H31 O6 P1",16,31,6,NA,1,NA,NA,NA,NA,NA,NA
1306,349.202623,349.202022534134,349.202047532789,2307978.8,NA,277426.9,12.77,-1,-0.0715879395755459,0.999070537985428,0,0.599442322791257,6,1.5,0.25,"O5","de-protonated",0,NA,"C20 H30 O5",20,30,5,NA,NA,NA,NA,NA,NA,NA,NA
1307,349.21548,349.214879498312,349.214934692412,1973647.8,NA,355575.4,10.59,-1,-0.158051944899461,0.99547759311781,0,0.597286555870686,1,2.05882352941176,0.294117647058824,"P1 O5","de-protonated",0,NA,"C17 H35 O5 P1",17,35,5,NA,1,NA,NA,NA,NA,NA,NA
1309,350.055283,350.054680158438,350.05474564826,1546717.9,NA,306374.1,7.81,-1,-0.187084515300902,0.993669308038199,0,0.59620158482292,10,1,0.428571428571429,"N3 P1 O6","de-protonated",0,NA,"C14 H14 O6 N3 P1",14,14,6,3,1,NA,NA,NA,NA,NA,NA
1310,350.088714,350.088111065292,350.08813997683,1695467.1,NA,331177.8,8.78,-1,-0.0825835970041264,0.998763276171277,0,0.599257965702766,9,1.0625,0.5,"N1 O8","de-protonated",0,NA,"C16 H17 O8 N1",16,17,8,1,NA,NA,NA,NA,NA,NA,NA
1313,350.125108,350.12450496389,350.124525486214,2208505.8,NA,310094.1,12.12,-1,-0.0586143564052591,0.999376801400477,0,0.599626080840286,8,1.23529411764706,0.411764705882353,"N1 O7","de-protonated",0,NA,"C17 H21 O7 N1",17,21,7,1,NA,NA,NA,NA,NA,NA,NA
1315,350.138157,350.137553927533,350.137412645836,5166847,NA,318104.7,31.4,-1,0.403503572503009,0.970889524635272,0,0.582533714781163,3,1.85714285714286,0.5,"N1 P1 O7","de-protonated",0,NA,"C14 H26 O7 N1 P1",14,26,7,1,1,NA,NA,NA,NA,NA,NA
1319,350.24734,350.246736623325,350.246569173989,13681450,NA,299103.4,86.89,-1,0.478089868917713,0.9666909930862,0.992689906943032,0.977090558628933,0,2.23529411764706,0.235294117647059,"N1 P1 O4","de-protonated",0,NA,"C17 H38 O4 N1 P1",17,38,4,1,1,NA,NA,NA,NA,NA,NA
1322,351.036311,351.03570542508,351.035770050346,5524580,NA,311491.5,33.73,-1,-0.184098805526984,0.993869144813742,0,0.596321486888245,10,0.8,0.666666666666667,"O10","de-protonated",0,NA,"C15 H12 O10",15,12,10,NA,NA,NA,NA,NA,NA,NA,NA
1323,351.072703,351.072097323684,351.07215555973,13091955,NA,293376,83.05,-1,-0.165880561524752,0.989373794921692,0.9849757627434,0.987614582050375,9,1,0.5625,"O9","de-protonated",0,NA,"C16 H16 O9",16,16,9,NA,NA,NA,NA,NA,NA,NA,NA
1325,351.108991,351.108385222578,351.108541069115,29144194,NA,292291.2,187.67,-1,-0.443869967947056,0.973268872661505,0.997031794506001,0.982774041399304,8,1.17647058823529,0.470588235294118,"O8","de-protonated",0,NA,"C17 H20 O8",17,20,8,NA,NA,NA,NA,NA,NA,NA,NA
1326,351.122075,351.121469186123,351.121428228737,16057478,NA,299153.9,102.38,-1,0.116647356066564,0.99745791730643,0.962495107410504,0.983472793348059,3,1.78571428571429,0.571428571428571,"P1 O8","de-protonated",0,NA,"C14 H25 O8 P1",14,25,8,NA,1,NA,NA,NA,NA,NA,NA
1328,351.145481,351.144875120909,351.144926578499,16585872,NA,298326.3,105.82,-1,-0.146542314442965,0.989267149444499,0.997094433030503,0.992398062878901,7,1.33333333333333,0.388888888888889,"O7","de-protonated",0,NA,"C18 H24 O7",18,24,7,NA,NA,NA,NA,NA,NA,NA,NA
1329,351.158458,351.157852084752,351.157813738121,10792085,NA,292244.6,68.06,-1,0.109200563152003,0.498919303301154,0.859523230357577,0.643160874123723,2,1.93333333333333,0.466666666666667,"P1 O7","de-protonated",0,NA,"C15 H29 O7 P1",15,29,7,NA,1,NA,NA,NA,NA,NA,NA
1330,351.17369,351.173084042312,351.173069879406,2746011,NA,313128.5,15.62,-1,0.0403302748801474,0.9997049116209,0,0.59982294697254,6,1.52631578947368,0.210526315789474,"P1 O4","de-protonated",0,NA,"C19 H29 O4 P1",19,29,4,NA,1,NA,NA,NA,NA,NA,NA
1331,351.181804,351.181198019705,351.181312087883,3849374,NA,309881.6,22.81,-1,-0.324812780201389,0.981038629181935,0,0.588623177509161,6,1.47368421052632,0.315789473684211,"O6","de-protonated",0,NA,"C19 H28 O6",19,28,6,NA,NA,NA,NA,NA,NA,NA,NA
1332,351.194947,351.194340983086,351.194199247505,3020451.3,NA,286787.9,17.41,-1,0.403581780891309,0.970878404912531,0,0.582527042947518,1,2.0625,0.375,"P1 O6","de-protonated",0,NA,"C16 H33 O6 P1",16,33,6,NA,1,NA,NA,NA,NA,NA,NA
1333,351.231179,351.230572882135,351.23058475689,1740977.8,NA,360810.5,9.07,-1,-0.0338089981585901,0.999792616884177,0,0.599875570130506,0,2.17647058823529,0.294117647058824,"P1 O5","de-protonated",0,NA,"C17 H37 O5 P1",17,37,5,NA,1,NA,NA,NA,NA,NA,NA
1337,352.081028,352.080419514271,352.080291691545,1533444,NA,328741.7,7.72,-1,0.363049931072843,0.976367828693832,0,0.585820697216299,4,1.66666666666667,0.75,"N1 P1 O9","de-protonated",0,NA,"C12 H20 O9 N1 P1",12,20,9,1,1,NA,NA,NA,NA,NA,NA
1340,352.117459,352.116850412766,352.11667720093,1602066.5,NA,327227.9,8.16,-1,0.491916026088145,0.957042764128227,0,0.574225658476936,3,1.84615384615385,0.615384615384615,"N1 P1 O8","de-protonated",0,NA,"C13 H24 O8 N1 P1",13,24,8,1,1,NA,NA,NA,NA,NA,NA
1343,352.140634,352.140025348196,352.140175550692,2351131.8,NA,324579.8,13.04,-1,-0.426541777313555,0.967526571153787,0,0.580515942692272,7,1.35294117647059,0.411764705882353,"N1 O7","de-protonated",0,NA,"C17 H23 O7 N1",17,23,7,1,NA,NA,NA,NA,NA,NA,NA
1345,352.153773,352.153164311587,352.153062710314,2727457,NA,341437.3,15.5,-1,0.288514524872879,0.985009588682825,0,0.591005753209695,2,2,0.5,"N1 P1 O7","de-protonated",0,NA,"C14 H28 O7 N1 P1",14,28,7,1,1,NA,NA,NA,NA,NA,NA
1346,352.162036,352.161427288565,352.161304918791,2345508.3,NA,274959.5,13.01,-1,0.347482167923198,0.978329440700228,0,0.586997664420137,2,1.92857142857143,0.642857142857143,"N1 O9","de-protonated",0,NA,"C14 H27 O9 N1",14,27,9,1,NA,NA,NA,NA,NA,NA,NA
1351,353.05198,353.051368808987,353.051420114824,9090950,NA,297536.6,56.97,-1,-0.14532114598297,0.988941389063161,0.973325790956531,0.982695149820509,9,0.933333333333333,0.666666666666667,"O10","de-protonated",0,NA,"C15 H14 O10",15,14,10,NA,NA,NA,NA,NA,NA,NA,NA
1352,353.080333,353.079721729989,353.079563415731,3281809.8,NA,328526.8,19.11,-1,0.448381257095579,0.964177871356271,0,0.578506722813762,8,1.1875,0.4375,"P1 O7","de-protonated",0,NA,"C16 H19 O7 P1",16,19,7,NA,1,NA,NA,NA,NA,NA,NA
1353,353.088324,353.087712707725,353.087805624208,24307604,NA,292190.7,156.14,-1,-0.263154043031746,0.986918537529785,0.993241197552808,0.989447601538994,8,1.125,0.5625,"O9","de-protonated",0,NA,"C16 H18 O9",16,18,9,NA,NA,NA,NA,NA,NA,NA,NA
1354,353.099626,353.099014676235,353.099039013501,2241433.3,NA,271052.9,12.33,-1,-0.0689247576759444,0.999138377249135,0,0.599483026349481,8,1.2,0.533333333333333,"N2 O8","de-protonated",0,NA,"C15 H18 O8 N2",15,18,8,2,NA,NA,NA,NA,NA,NA,NA
1355,353.101333,353.100721671479,353.100559842049,4666266,NA,322704.7,28.13,-1,0.458309752283708,0.48130212709635,0.792708917554682,0.605864843279682,16,0.75,0.0416666666666667,"S1 O1","de-protonated",0,NA,"C24 H18 O1 S1",24,18,1,NA,NA,1,NA,NA,NA,NA,NA
1356,353.12475,353.124138606234,353.124191133593,28030884,NA,291717.3,180.41,-1,-0.148750382954985,0.986791696331085,0.995027526664211,0.990086028464335,7,1.29411764705882,0.470588235294118,"O8","de-protonated",0,NA,"C17 H22 O8",17,22,8,NA,NA,NA,NA,NA,NA,NA,NA
1357,353.137819,353.137207569821,353.137078293215,15804329,NA,302676,100.72,-1,0.366080522929784,0.985531034737595,0.990280846281486,0.987430959355151,2,1.92857142857143,0.571428571428571,"P1 O8","de-protonated",0,NA,"C14 H27 O8 P1",14,27,8,NA,1,NA,NA,NA,NA,NA,NA
1358,353.153009,353.152397527498,353.152334434499,4230062.5,NA,317728.5,25.29,-1,0.178656609764778,0.99422522588494,0,0.596535135530964,6,1.5,0.277777777777778,"P1 O5","de-protonated",0,NA,"C18 H27 O5 P1",18,27,5,NA,1,NA,NA,NA,NA,NA,NA
1360,353.161059,353.160447505069,353.160576642977,10678194,NA,294810.4,67.31,-1,-0.365663429624211,0.987774898909689,0.996105089190071,0.991106975021842,6,1.44444444444444,0.388888888888889,"O7","de-protonated",0,NA,"C18 H26 O7",18,26,7,NA,NA,NA,NA,NA,NA,NA,NA
1361,353.174142,353.173530468617,353.173463802599,5819319,NA,295472.7,35.65,-1,0.188762817959797,0.993555583912582,0,0.596133350347549,1,2.06666666666667,0.466666666666667,"P1 O7","de-protonated",0,NA,"C15 H31 O7 P1",15,31,7,NA,1,NA,NA,NA,NA,NA,NA
1362,353.189507,353.188895425807,353.188719943884,2597309.3,NA,315502.8,14.65,-1,0.496850304543621,0.956195906744732,0,0.573717544046839,5,1.63157894736842,0.210526315789474,"P1 O4","de-protonated",0,NA,"C19 H31 O4 P1",19,31,4,NA,1,NA,NA,NA,NA,NA,NA
1363,353.197463,353.19685140364,353.196962152361,2029504.3,NA,325660.9,10.95,-1,-0.313560798264691,0.982318089774636,0,0.589390853864782,5,1.57894736842105,0.315789473684211,"O6","de-protonated",0,NA,"C19 H30 O6",19,30,6,NA,NA,NA,NA,NA,NA,NA,NA
1364,353.21054,353.209928367204,353.209849311983,1975749.5,NA,310348.9,10.59,-1,0.223819412990877,0.990951490934474,0,0.594570894560684,0,2.1875,0.375,"P1 O6","de-protonated",0,NA,"C16 H35 O6 P1",16,35,6,NA,1,NA,NA,NA,NA,NA,NA
1366,354.08356,354.08294593478,354.083054596401,2640161,NA,282338.8,14.92,-1,-0.306881731568502,0.983056991358988,0,0.589834194815393,8,1.13333333333333,0.6,"N1 O9","de-protonated",0,NA,"C15 H17 O9 N1",15,17,9,1,NA,NA,NA,NA,NA,NA,NA
1368,354.096695,354.096080898183,354.095941756023,2768166.3,NA,332484.3,15.76,-1,0.392950451558154,0.972371348145931,0,0.583422808887558,3,1.83333333333333,0.75,"N1 P1 O9","de-protonated",0,NA,"C12 H22 O9 N1 P1",12,22,9,1,1,NA,NA,NA,NA,NA,NA
1369,354.119941,354.119326833415,354.119440105786,2605871.5,NA,322679.2,14.7,-1,-0.319870523204924,0.981605961115574,0,0.588963576669344,7,1.3125,0.5,"N1 O8","de-protonated",0,NA,"C16 H21 O8 N1",16,21,8,1,NA,NA,NA,NA,NA,NA,NA
1371,354.132933,354.132318797216,354.132327265408,1998644.8,NA,333335.9,10.74,-1,-0.0239125052651941,0.999896251588499,0,0.599937750953099,2,2,0.615384615384615,"N1 P1 O8","de-protonated",0,NA,"C13 H26 O8 N1 P1",13,26,8,1,1,NA,NA,NA,NA,NA,NA
1373,354.156443,354.155828731713,354.15582561517,1877822.1,NA,312792.6,9.95,-1,0.00879991918274241,0.999985948970537,0,0.599991569382322,6,1.47058823529412,0.411764705882353,"N1 O7","de-protonated",0,NA,"C17 H25 O7 N1",17,25,7,1,NA,NA,NA,NA,NA,NA,NA
1377,355.031253,355.030636294301,355.030684669918,3362458.5,NA,322059,19.06,-1,-0.136257564499736,0.996636869247489,0,0.597982121548493,9,0.857142857142857,0.785714285714286,"O11","de-protonated",0,NA,"C14 H12 O11",14,12,11,NA,NA,NA,NA,NA,NA,NA,NA
1378,355.046401,355.045784252096,355.045940811203,1531808.5,NA,267686,7.47,-1,-0.440954504720486,0.96533407931262,0,0.579200447587572,13,0.666666666666667,0.444444444444444,"O8","de-protonated",0,NA,"C18 H12 O8",18,12,8,NA,NA,NA,NA,NA,NA,NA,NA
1379,355.059542,355.058925215482,355.058827970825,2638501.8,NA,338427.1,14.48,-1,0.273883226205306,0.986481375788962,0,0.591888825473377,8,1.13333333333333,0.533333333333333,"P1 O8","de-protonated",0,NA,"C15 H17 O8 P1",15,17,8,NA,1,NA,NA,NA,NA,NA,NA
1380,355.067564,355.066947193131,355.067070179302,12651177,NA,296791.9,77.85,-1,-0.346374478051783,0.98811110877065,0.983613285569973,0.986311979490379,8,1.06666666666667,0.666666666666667,"O10","de-protonated",0,NA,"C15 H16 O10",15,16,10,NA,NA,NA,NA,NA,NA,NA,NA
1382,355.083029,355.082412150042,355.082326320587,2093743.1,NA,349615.4,11.03,-1,0.241717057658939,0.989454471059328,0,0.593672682635597,12,0.842105263157895,0.368421052631579,"O7","de-protonated",0,NA,"C19 H16 O7",19,16,7,NA,NA,NA,NA,NA,NA,NA,NA
1383,355.095969,355.095352113988,355.095213480209,8262324.5,NA,295349.6,50.07,-1,0.390412977243548,0.985913977910469,0.907589052443756,0.954584007723784,7,1.3125,0.4375,"P1 O7","de-protonated",0,NA,"C16 H21 O7 P1",16,21,7,NA,1,NA,NA,NA,NA,NA,NA
1384,355.103992,355.103375091635,355.103455688686,26049208,NA,293694.7,162.64,-1,-0.226967804775494,0.495348166032826,0.85154837932281,0.637828251348819,7,1.25,0.5625,"O9","de-protonated",0,NA,"C16 H20 O9",16,20,9,NA,NA,NA,NA,NA,NA,NA,NA
1385,355.113614,355.112997064825,355.112838603157,2092731.3,NA,247633.5,11.02,-1,0.446229061721343,0.964514772471844,0,0.578708863483106,20,0.592592592592593,0.037037037037037,"O1","de-protonated",0,NA,"C27 H16 O1",27,16,1,NA,NA,NA,NA,NA,NA,NA,NA
1386,355.116971,355.116354055472,355.116209906527,3253948.5,NA,322627.2,18.37,-1,0.405920488728128,0.970544949232429,0,0.582326969539458,15,0.833333333333333,0.0416666666666667,"S1 O1","de-protonated",0,NA,"C24 H20 O1 S1",24,20,1,NA,NA,1,NA,NA,NA,NA,NA
1387,355.132282,355.131665012812,355.131598989593,7942850.5,NA,294867.4,48.05,-1,0.185911981420265,0.978806734943304,0.87973218518521,0.939176915040066,6,1.47058823529412,0.352941176470588,"P1 O6","de-protonated",0,NA,"C17 H25 O6 P1",17,25,6,NA,1,NA,NA,NA,NA,NA,NA
1389,355.140411,355.139793990163,355.139841198071,17148614,NA,286434.9,106.31,-1,-0.132927658012697,0.995929341249422,0.98655395287772,0.992179185900741,6,1.41176470588235,0.470588235294118,"O8","de-protonated",0,NA,"C17 H24 O8",17,24,8,NA,NA,NA,NA,NA,NA,NA,NA
1390,355.15349,355.152872953722,355.152728357693,14719691,NA,293908.2,90.94,-1,0.407137600721609,0.982620088214078,0.991193928765933,0.98604962443482,1,2.07142857142857,0.571428571428571,"P1 O8","de-protonated",0,NA,"C14 H29 O8 P1",14,29,8,NA,1,NA,NA,NA,NA,NA,NA
1391,355.168615,355.167997911581,355.167984498977,6232785,NA,293160.6,37.22,-1,0.0377641113740159,0.99985790854332,0.851588881983986,0.940550297919586,5,1.61111111111111,0.277777777777778,"P1 O5","de-protonated",0,NA,"C18 H29 O5 P1",18,29,5,NA,1,NA,NA,NA,NA,NA,NA
1393,355.176725,355.176107888985,355.176226707455,7617236.5,NA,296993.7,45.99,-1,-0.33453384945433,0.489949169683267,0.836034543948893,0.628383319389518,5,1.55555555555556,0.388888888888889,"O7","de-protonated",0,NA,"C18 H28 O7",18,28,7,NA,NA,NA,NA,NA,NA,NA,NA
1394,355.189769,355.189151852641,355.189113867077,1974489.6,NA,331963.5,10.28,-1,0.106944618535469,0.997926895752348,0,0.598756137451409,0,2.2,0.466666666666667,"P1 O7","de-protonated",0,NA,"C15 H33 O7 P1",15,33,7,NA,1,NA,NA,NA,NA,NA,NA
1396,355.213205,355.212587787343,355.212612216839,1819362.9,NA,317208.5,9.29,-1,-0.0687742916635579,0.999142133457183,0,0.59948528007431,4,1.68421052631579,0.315789473684211,"O6","de-protonated",0,NA,"C19 H32 O6",19,32,6,NA,NA,NA,NA,NA,NA,NA,NA
1398,356.091136,356.090516341236,356.090462452402,1458752.6,NA,307956,7.01,-1,0.15133467490675,0.995853051268558,0,0.597511830761135,7,1.33333333333333,0.466666666666667,"N1 P1 O7","de-protonated",0,NA,"C15 H20 O7 N1 P1",15,20,7,1,1,NA,NA,NA,NA,NA,NA
1401,356.112273,356.111653282344,356.111591820501,22178890,NA,290406.8,138.14,-1,0.172591525087055,0.497304808545065,0.884369916155675,0.652130851589309,2,2,0.75,"N1 P1 O9","de-protonated",0,NA,"C12 H24 O9 N1 P1",12,24,9,1,1,NA,NA,NA,NA,NA,NA
1409,357.036314,357.035691707764,357.035590602474,1506489.3,NA,353020.9,7.31,-1,0.283179865818466,0.985554825352619,0,0.591332895211571,12,0.833333333333333,0.222222222222222,"S1 P1 O4","de-protonated",0,NA,"C18 H15 O4 S1 P1",18,15,4,NA,1,1,NA,NA,NA,NA,NA
1410,357.038728,357.038105701038,357.037959584137,2179514.3,NA,313466.3,11.57,-1,0.409247526473896,0.970067455708323,0,0.582040473424994,21,0.4,0.04,"S1 O1","de-protonated",0,NA,"C25 H10 O1 S1",25,10,1,NA,NA,1,NA,NA,NA,NA,NA
1411,357.046801,357.046178678545,357.046334734396,4354493.5,NA,291924.4,25.33,-1,-0.437074505668227,0.965930985647728,0,0.579558591388637,8,1,0.785714285714286,"O11","de-protonated",0,NA,"C14 H14 O11",14,14,11,NA,NA,NA,NA,NA,NA,NA,NA
1412,357.062095,357.061472635933,357.061590875681,3343811.5,NA,314363,18.94,-1,-0.33114664428452,0.980299327046091,0,0.588179596227655,12,0.777777777777778,0.444444444444444,"O8","de-protonated",0,NA,"C18 H14 O8",18,14,8,NA,NA,NA,NA,NA,NA,NA,NA
1413,357.075234,357.074611599325,357.074478035303,6999496.5,NA,291553.8,42.07,-1,0.374050878600942,0.971810346108878,0.94813572971525,0.962340499551427,7,1.26666666666667,0.533333333333333,"P1 O8","de-protonated",0,NA,"C15 H19 O8 P1",15,19,8,NA,1,NA,NA,NA,NA,NA,NA
1414,357.083271,357.082648576932,357.08272024378,12852684,NA,290583.9,79.12,-1,-0.200700969057913,0.991473668067874,0.997740725883254,0.993980491194026,7,1.2,0.666666666666667,"O10","de-protonated",0,NA,"C15 H18 O10",15,18,10,NA,NA,NA,NA,NA,NA,NA,NA
1416,357.098472,357.097849534579,357.097976385065,6245842,NA,291975.7,37.3,-1,-0.355226001225185,0.488681966702534,0.828487690504102,0.624604256223161,11,0.947368421052632,0.368421052631579,"O7","de-protonated",0,NA,"C19 H18 O7",19,18,7,NA,NA,NA,NA,NA,NA,NA,NA
1417,357.111523,357.110900498216,357.110863544687,12914135,NA,291392.8,79.5,-1,0.103479150732329,0.997022072662073,0.920724745841418,0.966503141933811,6,1.4375,0.4375,"P1 O7","de-protonated",0,NA,"C16 H23 O7 P1",16,23,7,NA,1,NA,NA,NA,NA,NA,NA
1418,357.119591,357.118968475737,357.119105753164,14585306,NA,294013.2,90.08,-1,-0.384402362004266,0.978146131210308,0.990173472639019,0.982957067781792,6,1.375,0.5625,"O9","de-protonated",0,NA,"C16 H22 O9",16,22,9,NA,NA,NA,NA,NA,NA,NA,NA
1420,357.134957,357.134334432924,357.134361894449,3146208.5,NA,294307.9,17.69,-1,-0.0768941008290872,0.998927723154964,0,0.599356633892978,10,1.1,0.3,"O6","de-protonated",0,NA,"C20 H22 O6",20,22,6,NA,NA,NA,NA,NA,NA,NA,NA
1421,357.147968,357.147345396672,357.147249054071,8355301.5,NA,287977.2,50.65,-1,0.269755965230418,0.986734073980893,0.939764425091192,0.967946214425013,5,1.58823529411765,0.352941176470588,"P1 O6","de-protonated",0,NA,"C17 H27 O6 P1",17,27,6,NA,1,NA,NA,NA,NA,NA,NA
1423,357.156018,357.155395374243,357.155491262549,13225449,NA,293093.8,81.47,-1,-0.268477758040297,0.990922771130509,0.980607969272052,0.986796850387126,5,1.52941176470588,0.470588235294118,"O8","de-protonated",0,NA,"C17 H26 O8",17,26,8,NA,NA,NA,NA,NA,NA,NA,NA
1425,357.169138,357.168515337688,357.168378422171,1906670.1,NA,309157.5,9.84,-1,0.383336055133689,0.973689071213021,0,0.584213442727812,0,2.21428571428571,0.571428571428571,"P1 O8","de-protonated",0,NA,"C14 H31 O8 P1",14,31,8,NA,1,NA,NA,NA,NA,NA,NA
1426,357.184303,357.183680295435,357.183634563456,4691444,NA,301974.2,27.46,-1,0.128034923421038,0.99702994165509,0,0.598217964993054,4,1.72222222222222,0.277777777777778,"P1 O5","de-protonated",0,NA,"C18 H31 O5 P1",18,31,5,NA,1,NA,NA,NA,NA,NA,NA
1427,357.192381,357.191758272928,357.191876771933,7998967.5,NA,287269,48.4,-1,-0.331751679748244,0.97950774182261,0.973540931832471,0.977121017826554,4,1.66666666666667,0.388888888888889,"O7","de-protonated",0,NA,"C18 H30 O7",18,30,7,NA,NA,NA,NA,NA,NA,NA,NA
1428,357.220804,357.220181193735,357.22002007284,1601026.8,NA,335383.7,7.91,-1,0.451041056500468,0.96375943513144,0,0.578255661078864,3,1.84210526315789,0.210526315789474,"P1 O4","de-protonated",0,NA,"C19 H35 O4 P1",19,35,4,NA,1,NA,NA,NA,NA,NA,NA
1429,357.228719,357.228096171682,357.228262281317,1579013.9,NA,343367.7,7.77,-1,-0.464995781567832,0.961526618151105,0,0.576915970890663,3,1.78947368421053,0.315789473684211,"O6","de-protonated",0,NA,"C19 H34 O6",19,34,6,NA,NA,NA,NA,NA,NA,NA,NA
1439,358.187635,358.187009499933,358.187125744126,6436740,NA,299643.4,38.51,-1,-0.324534815062806,0.490535379734902,0.843720152817574,0.631809288967971,4,1.70588235294118,0.411764705882353,"N1 O7","de-protonated",0,NA,"C17 H29 O7 N1",17,29,7,1,NA,NA,NA,NA,NA,NA,NA
1444,359.041408,359.040780121136,359.040855430774,2864344.5,NA,312469.7,15.9,-1,-0.209752281530481,0.992048759721005,0,0.595229255832603,12,0.705882352941177,0.529411764705882,"O9","de-protonated",0,NA,"C17 H12 O9",17,12,9,NA,NA,NA,NA,NA,NA,NA,NA
1445,359.054479,359.053851084717,359.053742590396,3418333.8,NA,299087.4,19.4,-1,0.302167357857701,0.983569288539401,0,0.590141573123641,7,1.21428571428571,0.642857142857143,"P1 O9","de-protonated",0,NA,"C14 H17 O9 P1",14,17,9,NA,1,NA,NA,NA,NA,NA,NA
1446,359.062606,359.061978062073,359.061984798874,3098849,NA,308934.5,17.38,-1,-0.01876222061627,0.99993612830595,0,0.59996167698357,7,1.14285714285714,0.785714285714286,"O11","de-protonated",0,NA,"C14 H16 O11",14,16,11,NA,NA,NA,NA,NA,NA,NA,NA
1448,359.077731,359.077103019932,359.077240940159,6543591,NA,298424.8,39.18,-1,-0.384096263688627,0.486793001591624,0.836034543948893,0.626489618534531,11,0.888888888888889,0.444444444444444,"O8","de-protonated",0,NA,"C18 H16 O8",18,16,8,NA,NA,NA,NA,NA,NA,NA,NA
1449,359.090835,359.090206983421,359.090128099781,11806956,NA,284840.9,72.49,-1,0.219676439211214,0.995498840923268,0.953389258257595,0.978655007856999,6,1.4,0.533333333333333,"P1 O8","de-protonated",0,NA,"C15 H21 O8 P1",15,21,8,NA,1,NA,NA,NA,NA,NA,NA
1450,359.098937,359.098308960847,359.098370308258,5928175.5,NA,292699.1,35.29,-1,-0.170837340826343,0.994718345296831,0,0.596831007178098,6,1.33333333333333,0.666666666666667,"O10","de-protonated",0,NA,"C15 H20 O10",15,20,10,NA,NA,NA,NA,NA,NA,NA,NA
1452,359.114234,359.113605918227,359.113626449543,8218869.5,NA,290613.3,49.78,-1,-0.0571722006153845,0.988343705773894,0.958215734623826,0.976292517313867,10,1.05263157894737,0.368421052631579,"O7","de-protonated",0,NA,"C19 H20 O7",19,20,7,NA,NA,NA,NA,NA,NA,NA,NA
1453,359.127265,359.126636881919,359.126513609165,13578491,NA,292072,83.7,-1,0.343257180587553,0.986686350073489,0.90475888264647,0.953915363102681,5,1.5625,0.4375,"P1 O7","de-protonated",0,NA,"C16 H25 O7 P1",16,25,7,NA,1,NA,NA,NA,NA,NA,NA
1454,359.135267,359.134638859624,359.134755817642,8976638,NA,288753,54.58,-1,-0.325666108298381,0.985489802032069,0.987456534741238,0.986276495115736,5,1.5,0.5625,"O9","de-protonated",0,NA,"C16 H24 O9",16,24,9,NA,NA,NA,NA,NA,NA,NA,NA
1455,359.144946,359.144317832656,359.144138732113,2790146,NA,302181.9,15.43,-1,0.498687084785376,0.955878699252288,0,0.573527219551373,18,0.740740740740741,0.037037037037037,"O1","de-protonated",0,NA,"C27 H20 O1",27,20,1,NA,NA,NA,NA,NA,NA,NA,NA
1456,359.150518,359.149889817131,359.150011958927,6161668,NA,277226.8,36.76,-1,-0.340085734781997,0.489616313429212,0.821075868479145,0.622200135449186,9,1.2,0.3,"O6","de-protonated",0,NA,"C20 H24 O6",20,24,6,NA,NA,NA,NA,NA,NA,NA,NA
1457,359.16364,359.163011780571,359.162899118549,8251657.5,NA,291831.4,49.99,-1,0.313679452450179,0.989922076971454,0.895541937669819,0.9521700212508,4,1.70588235294118,0.352941176470588,"P1 O6","de-protonated",0,NA,"C17 H29 O6 P1",17,29,6,NA,1,NA,NA,NA,NA,NA,NA
1458,359.171744,359.171115757991,359.171141327027,10318093,NA,290715.1,63.07,-1,-0.0711890028823144,0.499540431780688,0.843720152817574,0.637212320195443,4,1.64705882352941,0.470588235294118,"O8","de-protonated",0,NA,"C17 H28 O8",17,28,8,NA,NA,NA,NA,NA,NA,NA,NA
1459,359.199881,359.199252679595,359.199284627934,2231575.8,NA,304121.4,11.89,-1,-0.0889432121474653,0.998565608221731,0,0.599139364933039,3,1.83333333333333,0.277777777777778,"P1 O5","de-protonated",0,NA,"C18 H33 O5 P1",18,33,5,NA,1,NA,NA,NA,NA,NA,NA
1460,359.20803,359.207401656891,359.207526836411,4599067,NA,284059.8,26.88,-1,-0.348488021549635,0.97820517914272,0,0.586923107485632,3,1.77777777777778,0.388888888888889,"O7","de-protonated",0,NA,"C18 H32 O7",18,32,7,NA,NA,NA,NA,NA,NA,NA,NA
1468,360.195256,360.194624906264,360.194533600126,1487268.9,NA,307734.9,7.18,-1,0.253491179796315,0.988408218997011,0,0.593044931398206,3,1.88235294117647,0.294117647058824,"N1 P1 O5","de-protonated",0,NA,"C17 H32 O5 N1 P1",17,32,5,1,1,NA,NA,NA,NA,NA,NA
1472,360.984481,360.983847707311,360.983734476484,2372064,NA,258615.7,12.78,-1,0.313672934527577,0.982305553205962,0,0.589383331923577,13,0.4,0.733333333333333,"O11","de-protonated",0,NA,"C15 H6 O11",15,6,11,NA,NA,NA,NA,NA,NA,NA,NA
1473,361.020493,361.019859606974,361.019957794616,1802734.3,NA,326221.2,9.17,-1,-0.271972892288092,0.986668044390825,0,0.592000826634495,7,1.36363636363636,0.363636363636364,"N4 S2 P1 O4","de-protonated",0,NA,"C11 H15 O4 S2 N4 P1",11,15,4,4,1,2,NA,NA,NA,NA,NA
1474,361.057062,361.056428505084,361.056505495252,6591485,NA,300072.4,39.48,-1,-0.213235786241274,0.495891779924589,0.843720152817574,0.635023129081783,11,0.823529411764706,0.529411764705882,"O9","de-protonated",0,NA,"C17 H14 O9",17,14,9,NA,NA,NA,NA,NA,NA,NA,NA
1475,361.070018,361.069384468986,361.069259713093,7584770,NA,281524.7,45.77,-1,0.345517903192519,0.489285556224391,0.785920818505338,0.607939661136769,19,0.56,0.04,"S1 O1","de-protonated",0,NA,"C25 H14 O1 S1",25,14,1,NA,NA,1,NA,NA,NA,NA,NA
1476,361.087808,361.087174419419,361.087017777822,3619849.3,NA,305621.8,20.67,-1,0.43380567449978,0.96643005740485,0,0.57985803444291,19,0.56,0.12,"O3","de-protonated",0,NA,"C25 H14 O3",25,14,3,NA,NA,NA,NA,NA,NA,NA,NA
1477,361.093394,361.092760403856,361.092891004637,13456395,NA,295680.4,82.93,-1,-0.361681950155367,0.986165369833275,0.999593293390391,0.991536539256122,10,1,0.444444444444444,"O8","de-protonated",0,NA,"C18 H18 O8",18,18,8,NA,NA,NA,NA,NA,NA,NA,NA
1478,361.106536,361.105902367239,361.105778164259,13120529,NA,288124.7,80.8,-1,0.34395179488777,0.989380019537587,0.902094411172195,0.95446577619143,5,1.53333333333333,0.533333333333333,"P1 O8","de-protonated",0,NA,"C15 H23 O8 P1",15,23,8,NA,1,NA,NA,NA,NA,NA,NA
1479,361.114509,361.113875345025,361.114020372736,3130899.8,NA,278801,17.58,-1,-0.401611965160876,0.971157856871739,0,0.582694714123044,5,1.46666666666667,0.666666666666667,"O10","de-protonated",0,NA,"C15 H22 O10",15,22,10,NA,NA,NA,NA,NA,NA,NA,NA
1481,361.129763,361.129129302524,361.129276514021,13534234,NA,286103.6,83.42,-1,-0.407642101583857,0.982158979613702,0.984645435699956,0.983153562048203,9,1.15789473684211,0.368421052631579,"O7","de-protonated",0,NA,"C19 H22 O7",19,22,7,NA,NA,NA,NA,NA,NA,NA,NA
1482,361.142796,361.142162266211,361.142163673643,11949087,NA,289369.4,73.39,-1,-0.0038971689404902,0.994553746183539,0.756706168847225,0.899414715249013,4,1.6875,0.4375,"P1 O7","de-protonated",0,NA,"C16 H27 O7 P1",16,27,7,NA,1,NA,NA,NA,NA,NA,NA
1483,361.150875,361.150241243701,361.15040588212,4904994.5,NA,305229,28.81,-1,-0.455872170144814,0.962993551407902,0,0.577796130844741,4,1.625,0.5625,"O9","de-protonated",0,NA,"C16 H26 O9",16,26,9,NA,NA,NA,NA,NA,NA,NA,NA
1486,361.166217,361.165583200955,361.165662023405,6605864.5,NA,294772.1,39.57,-1,-0.218244585738384,0.995676076481319,0.959168756811376,0.981073148613342,8,1.3,0.3,"O6","de-protonated",0,NA,"C20 H26 O6",20,26,6,NA,NA,NA,NA,NA,NA,NA,NA
1487,361.179269,361.178635164589,361.178549183027,3894317.8,NA,297370.3,22.41,-1,0.238058329134799,0.989769671603982,0,0.593861802962389,3,1.82352941176471,0.352941176470588,"P1 O6","de-protonated",0,NA,"C17 H31 O6 P1",17,31,6,NA,1,NA,NA,NA,NA,NA,NA
1488,361.187435,361.186801141837,361.186791391505,3416113,NA,295287.6,19.38,-1,0.026995262680753,0.999867779062905,0,0.599920667437743,3,1.76470588235294,0.470588235294118,"O8","de-protonated",0,NA,"C17 H30 O8",17,30,8,NA,NA,NA,NA,NA,NA,NA,NA
1489,362.08863,362.087993630911,362.08813997683,2475928.8,NA,280909.9,13.43,-1,-0.404172084547015,0.97079440972575,0,0.58247664583545,10,1,0.470588235294118,"N1 O8","de-protonated",0,NA,"C17 H17 O8 N1",17,17,8,1,NA,NA,NA,NA,NA,NA,NA
1495,362.182645,362.182008368965,362.182040363698,1860542.4,NA,286286.9,9.54,-1,-0.0883388158852765,0.998585022494872,0,0.599151013496923,3,1.8125,0.5,"N1 O8","de-protonated",0,NA,"C16 H29 O8 N1",16,29,8,1,NA,NA,NA,NA,NA,NA,NA
1496,362.210913,362.210276290204,362.210183664604,3210697.8,NA,309844.3,18.08,-1,0.25572334492944,0.988204386936471,0,0.592922632161882,2,2,0.294117647058824,"N1 P1 O5","de-protonated",0,NA,"C17 H34 O5 N1 P1",17,34,5,1,1,NA,NA,NA,NA,NA,NA
1497,363.036292,363.035652990518,363.035770050346,5350163.5,NA,291536.4,31.62,-1,-0.322447089719031,0.98131123610061,0,0.588786741660366,11,0.75,0.625,"O10","de-protonated",0,NA,"C16 H12 O10",16,12,10,NA,NA,NA,NA,NA,NA,NA,NA
1498,363.049307,363.048667954256,363.048524268186,1692440.6,NA,316515.1,8.47,-1,0.395776486932123,0.971978158177824,0,0.583186894906694,19,0.5,0.0833333333333333,"S1 O2","de-protonated",0,NA,"C24 H12 O2 S1",24,12,2,NA,NA,1,NA,NA,NA,NA,NA
1499,363.072761,363.072121888908,363.07215555973,11460386,NA,259498.5,70.29,-1,-0.0927386521703031,0.996129735801014,0.975716696280652,0.987964519992869,10,0.941176470588235,0.529411764705882,"O9","de-protonated",0,NA,"C17 H16 O9",17,16,9,NA,NA,NA,NA,NA,NA,NA,NA
1500,363.085808,363.085168852556,363.085042719352,16971560,NA,288637,105.17,-1,0.347393004183338,0.986912318426911,0.96667355653921,0.978816813671831,5,1.5,0.642857142857143,"P1 O9","de-protonated",0,NA,"C14 H21 O9 P1",14,21,9,NA,1,NA,NA,NA,NA,NA,NA
1501,363.109046,363.10840678781,363.108541069115,22968112,NA,286532,143.12,-1,-0.369810372050926,0.971997940127061,0.998066407521852,0.982425327084977,9,1.11111111111111,0.444444444444444,"O8","de-protonated",0,NA,"C18 H20 O8",18,20,8,NA,NA,NA,NA,NA,NA,NA,NA
1502,363.122136,363.121496751338,363.121428228737,13944630,NA,285723.9,86.01,-1,0.188704373982609,0.992750485088596,0.919616555040456,0.96349691306934,4,1.66666666666667,0.533333333333333,"P1 O8","de-protonated",0,NA,"C15 H25 O8 P1",15,25,8,NA,1,NA,NA,NA,NA,NA,NA
1504,363.145536,363.144896686141,363.144926578499,17405760,NA,285834.8,107.92,-1,-0.0823152295362329,0.994521636955388,0.990209904525147,0.992796943983292,8,1.26315789473684,0.368421052631579,"O7","de-protonated",0,NA,"C19 H24 O7",19,24,7,NA,NA,NA,NA,NA,NA,NA,NA
1505,363.158547,363.157907649889,363.157813738121,10446660,NA,287397.6,63.87,-1,0.258597681206735,0.993866495349359,0.953454095213737,0.97770153529511,3,1.8125,0.4375,"P1 O7","de-protonated",0,NA,"C16 H29 O7 P1",16,29,7,NA,1,NA,NA,NA,NA,NA,NA
1507,363.181815,363.18117558506,363.181312087883,5818189.5,NA,298502.4,34.58,-1,-0.375853104164406,0.487346636369685,0.821075868479145,0.620838329213469,7,1.4,0.3,"O6","de-protonated",0,NA,"C20 H28 O6",20,28,6,NA,NA,NA,NA,NA,NA,NA,NA
1508,363.194968,363.194328548413,363.194199247505,3060562.8,NA,313808.6,17.13,-1,0.356010386808286,0.977265002558261,0,0.586359001534957,2,1.94117647058824,0.352941176470588,"P1 O6","de-protonated",0,NA,"C17 H33 O6 P1",17,33,6,NA,1,NA,NA,NA,NA,NA,NA
1509,364.068066,364.067424115771,364.067404531923,1725615.9,NA,345924.9,8.68,-1,0.0537918192776647,0.999475105177191,0,0.599685063106315,10,0.9375,0.5625,"N1 O9","de-protonated",0,NA,"C16 H15 O9 N1",16,15,9,1,NA,NA,NA,NA,NA,NA,NA
1512,364.104261,364.103619014924,364.103790041308,2348734.3,NA,372309.8,12.62,-1,-0.469718767337544,0.960756713666817,0,0.57645402820009,9,1.11764705882353,0.470588235294118,"N1 O8","de-protonated",0,NA,"C17 H19 O8 N1",17,19,8,1,NA,NA,NA,NA,NA,NA,NA
1518,364.190062,364.189419775864,364.189448219698,1901792.8,NA,349898.5,9.79,-1,-0.0781017529452179,0.998893796390261,0,0.599336277834156,2,2,0.375,"N1 P1 O6","de-protonated",0,NA,"C16 H32 O6 N1 P1",16,32,6,1,1,NA,NA,NA,NA,NA,NA
1519,364.22654,364.225897674228,364.225833729082,16087279,NA,279559.5,99.57,-1,0.17556455321686,0.997030420791148,0.976107058306027,0.9886610757971,1,2.11764705882353,0.294117647058824,"N1 P1 O5","de-protonated",0,NA,"C17 H36 O5 N1 P1",17,36,5,1,1,NA,NA,NA,NA,NA,NA
1521,365.051875,365.051230374665,365.051257923572,8507961,NA,291510.5,51.6,-1,-0.0754658589982712,0.998967166075681,0,0.599380299645409,5,1.72727272727273,0.363636363636364,"N4 S2 P1 O4","de-protonated",0,NA,"C11 H19 O4 S2 N4 P1",11,19,4,4,1,2,NA,NA,NA,NA,NA
1522,365.065083,365.064438337865,365.064307274446,3019838.8,NA,259866.7,16.87,-1,0.359014606805374,0.976884169627023,0,0.586130501776214,5,1.46153846153846,0.769230769230769,"P1 O10","de-protonated",0,NA,"C13 H19 O10 P1",13,19,10,NA,1,NA,NA,NA,NA,NA,NA
1524,365.088355,365.087710273024,365.087805624208,22870600,NA,282947,142.5,-1,-0.261173293150916,0.993654514351359,0.999202266826344,0.995873615341353,9,1.05882352941176,0.529411764705882,"O9","de-protonated",0,NA,"C17 H18 O9",17,18,9,NA,NA,NA,NA,NA,NA,NA,NA
1525,365.101339,365.100694236848,365.100559842049,18860622,NA,282587.4,117.12,-1,0.368103513667575,0.969599138876457,0.961769758957755,0.966467386908976,17,0.72,0.04,"S1 O1","de-protonated",0,NA,"C25 H18 O1 S1",25,18,1,NA,NA,1,NA,NA,NA,NA,NA
1526,365.124722,365.124077171697,365.124191133593,30190166,NA,283954.6,188.82,-1,-0.312118172094907,0.977288035099754,0.99416956198078,0.984040645852164,8,1.22222222222222,0.444444444444444,"O8","de-protonated",0,NA,"C18 H22 O8",18,22,8,NA,NA,NA,NA,NA,NA,NA,NA
1527,365.137838,365.137193135153,365.137078293215,15759964,NA,283472.9,97.49,-1,0.314517329737147,0.987190230456585,0.951849920157248,0.97305410633685,3,1.8,0.533333333333333,"P1 O8","de-protonated",0,NA,"C15 H27 O8 P1",15,27,8,NA,1,NA,NA,NA,NA,NA,NA
1528,365.153092,365.152447092652,365.152334434499,3626594,NA,286299.5,20.71,-1,0.308523710334551,0.982876763642654,0,0.589726058185592,7,1.42105263157895,0.263157894736842,"P1 O5","de-protonated",0,NA,"C19 H27 O5 P1",19,27,5,NA,1,NA,NA,NA,NA,NA,NA
1530,365.161075,365.16043007041,365.160576642977,11754085,NA,283693.5,72.14,-1,-0.401392089307051,0.984024675591229,0.995763691081711,0.988720281787421,7,1.36842105263158,0.368421052631579,"O7","de-protonated",0,NA,"C19 H26 O7",19,26,7,NA,NA,NA,NA,NA,NA,NA,NA
1531,365.174131,365.173486034033,365.173463802599,6648426.5,NA,302987.5,39.83,-1,0.060879106909119,0.999499213364464,0.957993128363213,0.982896779363964,2,1.9375,0.4375,"P1 O7","de-protonated",0,NA,"C16 H31 O7 P1",16,31,7,NA,1,NA,NA,NA,NA,NA,NA
1532,365.197537,365.196891968819,365.196962152361,3380851.8,NA,304202.1,19.15,-1,-0.192179972399606,0.993320934714807,0,0.595992560828884,6,1.5,0.3,"O6","de-protonated",0,NA,"C20 H30 O6",20,30,6,NA,NA,NA,NA,NA,NA,NA,NA
1533,365.210639,365.209993932314,365.209849311983,3589753,NA,296622.5,20.47,-1,0.395992416731725,0.971948006282236,0,0.583168803769341,1,2.05882352941176,0.352941176470588,"P1 O6","de-protonated",0,NA,"C17 H35 O6 P1",17,35,6,NA,1,NA,NA,NA,NA,NA,NA
1535,365.246941,365.246295831169,365.246234821368,4279943.5,NA,304914.2,24.84,-1,0.16703745410548,0.994950101297826,0,0.596970060778696,0,2.16666666666667,0.277777777777778,"P1 O5","de-protonated",0,NA,"C18 H39 O5 P1",18,39,5,NA,1,NA,NA,NA,NA,NA,NA
1536,366.083728,366.083080499698,366.083054596401,2686934.5,NA,268647.7,14.76,-1,0.0707579775155288,0.999091954948606,0,0.599455172969163,9,1.0625,0.5625,"N1 O9","de-protonated",0,NA,"C16 H17 O9 N1",16,17,9,1,NA,NA,NA,NA,NA,NA,NA
1539,366.11996,366.119312398748,366.119440105786,2544613,NA,312747.6,13.86,-1,-0.348812502229993,0.978165020067199,0,0.586899012040319,8,1.23529411764706,0.470588235294118,"N1 O8","de-protonated",0,NA,"C17 H21 O8 N1",17,21,8,1,NA,NA,NA,NA,NA,NA,NA
1541,366.13308,366.132432362192,366.132327265408,2142186.3,NA,298306.9,11.31,-1,0.287045903846445,0.985160676087468,0,0.591096405652481,3,1.85714285714286,0.571428571428571,"N1 P1 O8","de-protonated",0,NA,"C14 H26 O8 N1 P1",14,26,8,1,1,NA,NA,NA,NA,NA,NA
1543,366.156547,366.155899296808,366.15582561517,1627891.6,NA,293319.4,8.05,-1,0.201230277386116,0.992679412022749,0,0.595607647213649,7,1.38888888888889,0.388888888888889,"N1 O7","de-protonated",0,NA,"C18 H25 O7 N1",18,25,7,1,NA,NA,NA,NA,NA,NA,NA
1545,366.169436,366.168788260897,366.168712774792,1750008.9,NA,325630.2,8.83,-1,0.206151159679029,0.992318394674622,0,0.595391036804773,2,2,0.466666666666667,"N1 P1 O7","de-protonated",0,NA,"C15 H30 O7 N1 P1",15,30,7,1,1,NA,NA,NA,NA,NA,NA
1549,367.031308,367.030657859534,367.030684669918,4294994,NA,286217.5,24.18,-1,-0.0730467104689558,0.999032290656957,0,0.599419374394174,10,0.8,0.733333333333333,"O11","de-protonated",0,NA,"C15 H12 O11",15,12,11,NA,NA,NA,NA,NA,NA,NA,NA
1551,367.067599,367.066948758419,367.067070179302,13909345,NA,281380,83.19,-1,-0.330786640947465,0.988759030649596,0.993395406444682,0.990613580967631,9,1,0.625,"O10","de-protonated",0,NA,"C16 H16 O10",16,16,10,NA,NA,NA,NA,NA,NA,NA,NA
1552,367.104073,367.103422656794,367.103455688686,35024240,NA,283030.2,212.78,-1,-0.0899797903337914,0.988804298381353,0.995067067180659,0.991309405901076,8,1.17647058823529,0.529411764705882,"O9","de-protonated",0,NA,"C17 H20 O9",17,20,9,NA,NA,NA,NA,NA,NA,NA,NA
1553,367.11712,367.116469620443,367.116342848308,7738740.5,NA,293576.3,45.31,-1,0.345318689078023,0.489297774701651,0.867648864333947,0.640638210554569,3,1.78571428571429,0.642857142857143,"P1 O9","de-protonated",0,NA,"C14 H25 O9 P1",14,25,9,NA,1,NA,NA,NA,NA,NA,NA
1554,367.132349,367.131698578011,367.131598989593,7101818.5,NA,290982.3,41.41,-1,0.271260818497915,0.988099031744133,0.904715443172138,0.954745596315335,7,1.38888888888889,0.333333333333333,"P1 O6","de-protonated",0,NA,"C18 H25 O6 P1",18,25,6,NA,1,NA,NA,NA,NA,NA,NA
1556,367.140349,367.139698555722,367.139841198071,24165758,NA,278820.5,146.14,-1,-0.388523208552646,0.986440008426846,0.978877265753772,0.983414911357617,7,1.33333333333333,0.444444444444444,"O8","de-protonated",0,NA,"C18 H24 O8",18,24,8,NA,NA,NA,NA,NA,NA,NA,NA
1557,367.153438,367.152787519253,367.152728357693,12268931,NA,276102.6,73.12,-1,0.161136103678362,0.994331157150576,0.997566007384995,0.995625097244343,2,1.93333333333333,0.533333333333333,"P1 O8","de-protonated",0,NA,"C15 H29 O8 P1",15,29,8,NA,1,NA,NA,NA,NA,NA,NA
1558,367.168778,367.168127476512,367.167984498977,6694281,NA,295207.9,38.9,-1,0.389406322722227,0.486430343434807,0.828487690504102,0.623253282262525,6,1.52631578947368,0.263157894736842,"P1 O5","de-protonated",0,NA,"C19 H29 O5 P1",19,29,5,NA,1,NA,NA,NA,NA,NA,NA
1560,367.176834,367.176183454066,367.176226707455,6094220.5,NA,299243.9,35.22,-1,-0.117800079035118,0.498742614789747,0.828487690504102,0.630640645075489,6,1.47368421052632,0.368421052631579,"O7","de-protonated",0,NA,"C19 H28 O7",19,28,7,NA,NA,NA,NA,NA,NA,NA,NA
1561,367.189871,367.189220417742,367.189113867077,4095377.5,NA,291628,22.95,-1,0.290179260332395,0.984837421498185,0,0.590902452898911,1,2.0625,0.4375,"P1 O7","de-protonated",0,NA,"C16 H33 O7 P1",16,33,7,NA,1,NA,NA,NA,NA,NA,NA
1562,367.264784,367.264133209018,367.264253867508,10253744,NA,291200.7,60.75,-1,-0.328533170926253,0.990027713509741,0.941528836262552,0.970628162610865,8,1.44,0.08,"O2","de-protonated",0,NA,"C25 H36 O2",25,36,2,NA,NA,NA,NA,NA,NA,NA,NA
1563,368.062989,368.062335985045,368.062319151495,1538287.6,NA,267432.8,7.26,-1,0.0457355987572622,0.999620527636654,0,0.599772316581992,9,1,0.666666666666667,"N1 O10","de-protonated",0,NA,"C15 H15 O10 N1",15,15,10,1,NA,NA,NA,NA,NA,NA,NA
1566,368.099295,368.098641883889,368.098704660879,2570494.3,NA,320361.4,13.59,-1,-0.170543904304069,0.994736425850595,0,0.596841855510357,8,1.1875,0.5625,"N1 O9","de-protonated",0,NA,"C16 H19 O9 N1",16,19,9,1,NA,NA,NA,NA,NA,NA,NA
1568,368.112216,368.111562847888,368.11145887872,4578051.5,NA,290392.8,25.91,-1,0.282439370191554,0.492814864053536,0.792708917554682,0.612772485453994,16,0.791666666666667,0.0416666666666667,"N1 S1 O1","de-protonated",0,NA,"C24 H19 O1 S1 N1",24,19,1,1,NA,1,NA,NA,NA,NA,NA
1575,369.046929,369.046273243574,369.046334734396,7374970.5,NA,279630.4,43.08,-1,-0.16662087023795,0.497487597508039,0.859523230357577,0.642301850647854,9,0.933333333333333,0.733333333333333,"O11","de-protonated",0,NA,"C15 H14 O11",15,14,11,NA,NA,NA,NA,NA,NA,NA,NA
1576,369.062107,369.061451201285,369.061590875681,1901184.5,NA,350767.7,9.48,-1,-0.378458227554024,0.974345797947665,0,0.584607478768599,13,0.736842105263158,0.421052631578947,"O8","de-protonated",0,NA,"C19 H14 O8",19,14,8,NA,NA,NA,NA,NA,NA,NA,NA
1577,369.075162,369.074506164911,369.074478035303,5881989.5,NA,279102.2,33.91,-1,0.0762166175081431,0.998946524814465,0,0.599367914888679,8,1.1875,0.5,"P1 O8","de-protonated",0,NA,"C16 H19 O8 P1",16,19,8,NA,1,NA,NA,NA,NA,NA,NA
1578,369.083258,369.082602142354,369.08272024378,20926600,NA,281146.3,126.25,-1,-0.319986333115235,0.983854163536655,0.993055433892777,0.987534671679104,8,1.125,0.625,"O10","de-protonated",0,NA,"C16 H18 O10",16,18,10,NA,NA,NA,NA,NA,NA,NA,NA
1581,369.09871,369.098054099301,369.097976385065,1979023.3,NA,309970.8,9.96,-1,0.21055178067081,0.99198827367502,0,0.595192964205012,12,0.9,0.35,"O7","de-protonated",0,NA,"C20 H18 O7",20,18,7,NA,NA,NA,NA,NA,NA,NA,NA
1582,369.111645,369.110989063261,369.110863544687,10479764,NA,289958.5,62.13,-1,0.340056570696873,0.489618075643166,0.843720152817574,0.631258906512929,7,1.35294117647059,0.411764705882353,"P1 O7","de-protonated",0,NA,"C17 H23 O7 P1",17,23,7,NA,1,NA,NA,NA,NA,NA,NA
1583,369.119667,369.11901104091,369.119105753164,28774552,NA,282863,174.42,-1,-0.25658995300088,0.979121207413588,0.99655282641089,0.986093855012509,7,1.29411764705882,0.529411764705882,"O9","de-protonated",0,NA,"C17 H22 O9",17,22,9,NA,NA,NA,NA,NA,NA,NA,NA
1584,369.132639,369.131983004767,369.131859971005,5688477,NA,290285.7,32.73,-1,0.333305726461125,0.490022090443044,0.785920818505338,0.608381581667961,15,0.88,0.04,"S1 O1","de-protonated",0,NA,"C25 H22 O1 S1",25,22,1,NA,NA,1,NA,NA,NA,NA,NA
1585,369.147917,369.1472609622,369.147249054071,9738403,NA,291736.6,57.58,-1,0.0322584782354086,0.982140806111794,0.897875291972751,0.948434600456177,6,1.5,0.333333333333333,"P1 O6","de-protonated",0,NA,"C18 H27 O6 P1",18,27,6,NA,1,NA,NA,NA,NA,NA,NA
1587,369.156022,369.155365939617,369.155491262549,12030118,NA,276957.4,71.65,-1,-0.339485485671804,0.987198519913609,0.972637698490684,0.981374191344439,6,1.44444444444444,0.444444444444444,"O8","de-protonated",0,NA,"C18 H26 O8",18,26,8,NA,NA,NA,NA,NA,NA,NA,NA
1588,369.169126,369.168469903107,369.168378422171,6766763.5,NA,275683.4,39.34,-1,0.247802741346894,0.494459884468464,0.859523230357577,0.640485222824109,1,2.06666666666667,0.533333333333333,"P1 O8","de-protonated",0,NA,"C15 H31 O8 P1",15,31,8,NA,1,NA,NA,NA,NA,NA,NA
1589,369.18442,369.183763860494,369.183634563455,6662321.5,NA,287641.1,38.7,-1,0.350224188660605,0.985511303873266,0.96405499969518,0.976928782202032,5,1.63157894736842,0.263157894736842,"P1 O5","de-protonated",0,NA,"C19 H31 O5 P1",19,31,5,NA,1,NA,NA,NA,NA,NA,NA
1590,369.192412,369.191755838227,369.191876771933,4811957,NA,290025,27.35,-1,-0.327563290551815,0.980719269163384,0,0.58843156149803,5,1.57894736842105,0.368421052631579,"O7","de-protonated",0,NA,"C19 H30 O7",19,30,7,NA,NA,NA,NA,NA,NA,NA,NA
1591,370.078601,370.077942369111,370.077969215973,2477080.8,NA,303059.5,13.01,-1,-0.0725437987349902,0.999045563411795,0,0.599427338047077,8,1.13333333333333,0.666666666666667,"N1 O10","de-protonated",0,NA,"C15 H17 O10 N1",15,17,10,1,NA,NA,NA,NA,NA,NA,NA
1593,370.091594,370.09093533291,370.090856375595,2269726,NA,313420.2,11.74,-1,0.213345759778301,0.991775117581036,0,0.595065070548621,3,1.83333333333333,0.833333333333333,"N1 P1 O10","de-protonated",0,NA,"C12 H22 O10 N1 P1",12,22,10,1,1,NA,NA,NA,NA,NA,NA
1595,370.127923,370.127264231689,370.127108943198,18526764,NA,279080.7,111.52,-1,0.419554493507258,0.484282501322869,0.792708917554682,0.607653067815594,15,0.875,0.0416666666666667,"N1 S1 O1","de-protonated",0,NA,"C24 H21 O1 S1 N1",24,21,1,1,NA,1,NA,NA,NA,NA,NA
1599,370.288833,370.288173783359,370.288040063801,2200685,NA,328399.9,11.32,-1,0.361123080678378,0.976615065202147,0,0.585969039121288,2,2,0.0952380952380952,"N1 P1 O2","de-protonated",0,NA,"C21 H42 O2 N1 P1",21,42,2,1,1,NA,NA,NA,NA,NA,NA
1601,371.038696,371.038034694077,371.037973384775,1790362.5,NA,330665,8.8,-1,0.165237272556105,0.99505809347891,0,0.597034856087346,22,0.375,0.0416666666666667,"N2 P1 O1","de-protonated",0,NA,"C24 H9 O1 N2 P1",24,9,1,2,1,NA,NA,NA,NA,NA,NA
1602,371.041299,371.040637686825,371.040693239522,2084251.5,NA,312257,10.6,-1,-0.149721306168405,0.995940821879574,0,0.597564493127745,8,1.30769230769231,0.230769230769231,"N4 S2 P1 O3","de-protonated",0,NA,"C13 H17 O3 S2 N4 P1",13,17,3,4,1,2,NA,NA,NA,NA,NA
1603,371.05451,371.053848650016,371.053742590396,4124576.8,NA,279054,23.12,-1,0.285833580597082,0.985284832731521,0,0.591170899638913,8,1.13333333333333,0.6,"P1 O9","de-protonated",0,NA,"C15 H17 O9 P1",15,17,9,NA,1,NA,NA,NA,NA,NA,NA
1604,371.062591,371.061929627501,371.061984798874,8682404,NA,284218.3,51.1,-1,-0.148685058548902,0.497998351890416,0.859523230357577,0.642608303277281,8,1.06666666666667,0.733333333333333,"O11","de-protonated",0,NA,"C15 H16 O11",15,16,11,NA,NA,NA,NA,NA,NA,NA,NA
1606,371.077767,371.077105585217,371.077240940159,3951530.3,NA,299453.6,22.06,-1,-0.364762175019962,0.97614707747829,0,0.585688246486974,12,0.842105263157895,0.421052631578947,"O8","de-protonated",0,NA,"C19 H16 O8",19,16,8,NA,NA,NA,NA,NA,NA,NA,NA
1607,371.090804,371.090142548893,371.090128099781,13702063,NA,279055.8,81.91,-1,0.0389369359274087,0.999630473702126,0.962265546678788,0.984684502892791,7,1.3125,0.5,"P1 O8","de-protonated",0,NA,"C16 H21 O8 P1",16,21,8,NA,1,NA,NA,NA,NA,NA,NA
1608,371.098866,371.098204526431,371.098370308258,17863602,NA,279778,107.45,-1,-0.446732835777423,0.975912091737893,0.995806978447237,0.983870046421631,7,1.25,0.625,"O10","de-protonated",0,NA,"C16 H20 O10",16,20,10,NA,NA,NA,NA,NA,NA,NA,NA
1610,371.111661,371.110999490781,371.111124526098,1969847.9,NA,264702.8,9.9,-1,-0.336921501493708,0.979613329523749,0,0.587767997714249,15,0.833333333333333,0.0833333333333333,"S1 O2","de-protonated",0,NA,"C24 H20 O2 S1",24,20,2,NA,NA,1,NA,NA,NA,NA,NA
1611,371.114144,371.113482483863,371.113626449543,4484025,NA,280131.5,25.33,-1,-0.387928843792987,0.973063445498894,0,0.583838067299337,11,1,0.35,"O7","de-protonated",0,NA,"C20 H20 O7",20,20,7,NA,NA,NA,NA,NA,NA,NA,NA
1612,371.127251,371.126589447344,371.126513609165,14078910,NA,286627.5,84.22,-1,0.204345893396214,0.990445185014078,0.929679760754886,0.966139015310401,6,1.47058823529412,0.411764705882353,"P1 O7","de-protonated",0,NA,"C17 H25 O7 P1",17,25,7,NA,1,NA,NA,NA,NA,NA,NA
1613,371.135347,371.134685424787,371.134755817642,15156161,NA,280787.2,90.83,-1,-0.189669262987426,0.991696658760266,0.992076937726194,0.991848770346637,6,1.41176470588235,0.529411764705882,"O9","de-protonated",0,NA,"C17 H24 O9",17,24,9,NA,NA,NA,NA,NA,NA,NA,NA
1615,371.148363,371.147701388521,371.147642977264,8053702.5,NA,287775.4,47.24,-1,0.157380110293141,0.497757936115301,0.867648864333947,0.645714307402759,1,2.07142857142857,0.642857142857143,"P1 O9","de-protonated",0,NA,"C14 H29 O9 P1",14,29,9,NA,1,NA,NA,NA,NA,NA,NA
1617,371.163605,371.162943346054,371.162899118549,9997261,NA,287317.7,59.17,-1,0.119159282065819,0.997052207402443,0.923149468984221,0.967491112035154,5,1.61111111111111,0.333333333333333,"P1 O6","de-protonated",0,NA,"C18 H29 O6 P1",18,29,6,NA,1,NA,NA,NA,NA,NA,NA
1618,371.171669,371.171007323586,371.171141327027,10912720,NA,281082.9,64.79,-1,-0.361028716904882,0.488313570470726,0.836034543948893,0.627401959861993,5,1.55555555555556,0.444444444444444,"O8","de-protonated",0,NA,"C18 H28 O8",18,28,8,NA,NA,NA,NA,NA,NA,NA,NA
1620,371.184803,371.184141286991,371.184028486649,2692053.3,NA,276062.9,14.33,-1,0.303893309607617,0.983382623784607,0,0.590029574270764,0,2.2,0.533333333333333,"P1 O8","de-protonated",0,NA,"C15 H33 O8 P1",15,33,8,NA,1,NA,NA,NA,NA,NA,NA
1621,371.200043,371.199381244529,371.199284627933,5658587.5,NA,283473.9,32.54,-1,0.260282279812247,0.98209982454566,0.853155972274399,0.930522283637156,4,1.73684210526316,0.263157894736842,"P1 O5","de-protonated",0,NA,"C19 H33 O5 P1",19,33,5,NA,1,NA,NA,NA,NA,NA,NA
1622,371.208126,371.207464222009,371.207526836411,7216094.5,NA,277981.4,42.1,-1,-0.168677620500302,0.497425349984995,0.828487690504102,0.629850286192638,4,1.68421052631579,0.368421052631579,"O7","de-protonated",0,NA,"C19 H32 O7",19,32,7,NA,NA,NA,NA,NA,NA,NA,NA
1626,372.107304,372.106639716703,372.106506440073,1535048.3,NA,260646.4,7.23,-1,0.35816796386809,0.976991803964281,0,0.586195082378569,2,2,0.833333333333333,"N1 P1 O10","de-protonated",0,NA,"C12 H24 O10 N1 P1",12,24,10,1,1,NA,NA,NA,NA,NA,NA
1634,372.304357,372.30369216767,372.303690128279,190117264,NA,280251.7,1164.68,-1,0.00547776123672682,0.997830868878502,0.995313056387288,0.996823743882016,1,2.0952380952381,0.0952380952380952,"N1 P1 O2","de-protonated",0,NA,"C21 H44 O2 N1 P1",21,44,2,1,1,NA,NA,NA,NA,NA,NA
1640,373.057131,373.056464070278,373.056505495252,4515526.5,NA,292653.8,25.52,-1,-0.111042091292339,0.997765175855823,0,0.598659105513494,12,0.777777777777778,0.5,"O9","de-protonated",0,NA,"C18 H14 O9",18,14,9,NA,NA,NA,NA,NA,NA,NA,NA
1641,373.070163,373.069496033968,373.069392654874,8369868,NA,280920.6,49.17,-1,0.277104194083546,0.984022411129058,0.947294064950972,0.969331072657824,7,1.26666666666667,0.6,"P1 O9","de-protonated",0,NA,"C15 H19 O9 P1",15,19,9,NA,1,NA,NA,NA,NA,NA,NA
1642,373.078142,373.077475011737,373.077634863352,6762191,NA,282531,39.31,-1,-0.42846742944785,0.483618784697621,0.859523230357577,0.633980562961604,7,1.2,0.733333333333333,"O11","de-protonated",0,NA,"C15 H18 O11",15,18,11,NA,NA,NA,NA,NA,NA,NA,NA
1643,373.087829,373.087161984746,373.087017777822,4372179,NA,279325.5,24.64,-1,0.38652356533007,0.486627809829892,0.779247987650237,0.60367588095803,20,0.538461538461538,0.115384615384615,"O3","de-protonated",0,NA,"C26 H14 O3",26,14,3,NA,NA,NA,NA,NA,NA,NA,NA
1644,373.093397,373.092729969233,373.092891004637,8429269,NA,280699.6,49.54,-1,-0.431622815052975,0.98115448032198,0.986094412949702,0.983130453373069,11,0.947368421052632,0.421052631578947,"O8","de-protonated",0,NA,"C19 H18 O8",19,18,8,NA,NA,NA,NA,NA,NA,NA,NA
1645,373.106521,373.105853932666,373.105778164259,20661978,NA,277705.1,124.62,-1,0.203074871185855,0.995561221384,0.929902863638704,0.969297878285882,6,1.4375,0.5,"P1 O8","de-protonated",0,NA,"C16 H23 O8 P1",16,23,8,NA,1,NA,NA,NA,NA,NA,NA
1646,373.114637,373.113969910054,373.114020372736,8863454,NA,290215,52.2,-1,-0.135247349863249,0.998086441010517,0.997912932369693,0.998017037554187,6,1.375,0.625,"O10","de-protonated",0,NA,"C16 H22 O10",16,22,10,NA,NA,NA,NA,NA,NA,NA,NA
1648,373.129888,373.129220867561,373.129276514021,8601316,NA,268188.5,50.59,-1,-0.149134531918791,0.497986256115754,0.821075868479145,0.627222101061111,10,1.1,0.35,"O7","de-protonated",0,NA,"C20 H22 O7",20,22,7,NA,NA,NA,NA,NA,NA,NA,NA
1649,373.142921,373.142253831248,373.142163673643,13883113,NA,277699.8,83.01,-1,0.241617308452562,0.980636794804573,0.91795634809002,0.955564616118751,5,1.58823529411765,0.411764705882353,"P1 O7","de-protonated",0,NA,"C17 H27 O7 P1",17,27,7,NA,1,NA,NA,NA,NA,NA,NA
1651,373.150961,373.150293808847,373.15040588212,9494252,NA,289565.4,56.07,-1,-0.300343431545546,0.989875821770244,0.977415075163654,0.984891523127608,5,1.52941176470588,0.529411764705882,"O9","de-protonated",0,NA,"C17 H26 O9",17,26,9,NA,NA,NA,NA,NA,NA,NA,NA
1652,373.160627,373.159959781915,373.159788796591,3337968.3,NA,279631.5,18.29,-1,0.458209404444272,0.962620318233621,0,0.577572190940172,18,0.785714285714286,0.0357142857142857,"O1","de-protonated",0,NA,"C28 H22 O1",28,22,1,NA,NA,NA,NA,NA,NA,NA,NA
1653,373.166286,373.165618766148,373.165662023405,2852594.8,NA,304816.5,15.31,-1,-0.115919714505007,0.997564774996367,0,0.59853886499782,9,1.23809523809524,0.285714285714286,"O6","de-protonated",0,NA,"C21 H26 O6",21,26,6,NA,NA,NA,NA,NA,NA,NA,NA
1654,373.179339,373.17867172978,373.178549183027,7192312,NA,272878.5,41.95,-1,0.328386378865224,0.976146632410991,0.874304047976356,0.935409598637137,4,1.72222222222222,0.333333333333333,"P1 O6","de-protonated",0,NA,"C18 H31 O6 P1",18,31,6,NA,1,NA,NA,NA,NA,NA,NA
1655,373.187399,373.186731707323,373.186791391505,9422587,NA,283804.6,55.63,-1,-0.159931120891663,0.994022950259472,0.982708348090853,0.989497109392024,4,1.66666666666667,0.444444444444444,"O8","de-protonated",0,NA,"C18 H30 O8",18,30,8,NA,NA,NA,NA,NA,NA,NA,NA
1657,373.215752,373.215084628325,373.214934692412,2714886.5,NA,289193.1,14.46,-1,0.401741462137966,0.971139525040997,0,0.582683715024598,3,1.84210526315789,0.263157894736842,"P1 O5","de-protonated",0,NA,"C19 H35 O5 P1",19,35,5,NA,1,NA,NA,NA,NA,NA,NA
1658,373.223762,373.223094606007,373.223176900889,4395786,NA,276333.7,24.78,-1,-0.220497778661453,0.991216896064541,0,0.594730137638724,3,1.78947368421053,0.368421052631579,"O7","de-protonated",0,NA,"C19 H34 O7",19,34,7,NA,NA,NA,NA,NA,NA,NA,NA
1659,373.288556,373.287888425477,373.28770571118,1642787.9,NA,319037.2,7.88,-1,0.489473117883351,0.957459180729603,0,0.574475508437762,1,2.04761904761905,0.142857142857143,"P1 O3","de-protonated",0,NA,"C21 H43 O3 P1",21,43,3,NA,1,NA,NA,NA,NA,NA,NA
1661,374.065289,374.06461926133,374.064508685286,1541724.9,NA,265326.6,7.26,-1,0.295606884901441,0.984269429785408,0,0.590561657871245,20,0.52,0.04,"N1 S1 O1","de-protonated",0,NA,"C25 H13 O1 S1 N1",25,13,1,1,NA,1,NA,NA,NA,NA,NA
1667,374.125098,374.124428094689,374.124525486214,1555573,NA,315773.5,7.35,-1,-0.260318472357467,0.987779288376739,0,0.592667573026043,10,1.10526315789474,0.368421052631579,"N1 O7","de-protonated",0,NA,"C19 H21 O7 N1",19,21,7,1,NA,NA,NA,NA,NA,NA,NA
1675,374.320061,374.31939055148,374.319340192757,5948611.5,NA,279936.7,34.31,-1,0.13453411794462,0.498360634610156,0.813795485951173,0.624534575146563,0,2.19047619047619,0.0952380952380952,"N1 P1 O2","de-protonated",0,NA,"C21 H46 O2 N1 P1",21,46,2,1,1,NA,NA,NA,NA,NA,NA
1682,375.000177,374.999504656528,374.999384540962,1728982,NA,334883.3,8.41,-1,0.320308703228994,0.9815559997713,0,0.58893359986278,13,0.5,0.6875,"O11","de-protonated",0,NA,"C16 H8 O11",16,8,11,NA,NA,NA,NA,NA,NA,NA,NA
1683,375.036326,375.035653555809,375.035770050346,4696548.5,NA,292023.2,26.62,-1,-0.310622468767333,0.982645046934988,0,0.589587028160993,12,0.705882352941177,0.588235294117647,"O10","de-protonated",0,NA,"C17 H12 O10",17,12,10,NA,NA,NA,NA,NA,NA,NA,NA
1684,375.049348,375.048675519527,375.048524268186,3989993.8,NA,296255.6,22.29,-1,0.40328472457079,0.485460314904734,0.785920818505338,0.605644516344976,20,0.48,0.08,"S1 O2","de-protonated",0,NA,"C25 H12 O2 S1",25,12,2,NA,NA,1,NA,NA,NA,NA,NA
1685,375.057607,375.056934496516,375.056899418445,1821165.1,NA,280517.9,8.97,-1,0.0935273299139164,0.998414061689267,0,0.59904843701356,7,1.14285714285714,0.857142857142857,"O12","de-protonated",0,NA,"C14 H16 O12",14,16,12,NA,NA,NA,NA,NA,NA,NA,NA
1686,375.072783,375.072110454232,375.07215555973,10426867,NA,283163.1,61.79,-1,-0.120258188929251,0.993776206957025,0.997886695228288,0.99542040226553,11,0.888888888888889,0.5,"O9","de-protonated",0,NA,"C18 H16 O9",18,16,9,NA,NA,NA,NA,NA,NA,NA,NA
1687,375.085857,375.085184417805,375.085042719352,19548664,NA,274683.8,117.78,-1,0.377776868209959,0.979368096885218,0.982454967351536,0.980602845071745,6,1.4,0.6,"P1 O9","de-protonated",0,NA,"C15 H21 O9 P1",15,21,9,NA,1,NA,NA,NA,NA,NA,NA
1689,375.109081,375.108408353098,375.108541069115,19778050,NA,272330.2,119.19,-1,-0.353806970837939,0.977328558628093,0.987607978982341,0.981440326769792,10,1.05263157894737,0.421052631578947,"O8","de-protonated",0,NA,"C19 H20 O8",19,20,8,NA,NA,NA,NA,NA,NA,NA,NA
1690,375.122139,375.121466316716,375.121428228737,20437512,NA,274112.7,123.24,-1,0.101535065976865,0.997370380384318,0.901903937164286,0.959183803096305,5,1.5625,0.5,"P1 O8","de-protonated",0,NA,"C16 H25 O8 P1",16,25,8,NA,1,NA,NA,NA,NA,NA,NA
1691,375.130218,375.129545294206,375.129670437214,4215306.5,NA,268283.5,23.67,-1,-0.33359933418329,0.980009361328055,0,0.588005616796833,5,1.5,0.625,"O10","de-protonated",0,NA,"C16 H24 O10",16,24,10,NA,NA,NA,NA,NA,NA,NA,NA
1693,375.145572,375.144899251426,375.144926578499,16214545,NA,273144.2,97.32,-1,-0.0728440419194246,0.989289637127917,0.983821330359919,0.987102314420717,9,1.2,0.35,"O7","de-protonated",0,NA,"C20 H24 O7",20,24,7,NA,NA,NA,NA,NA,NA,NA,NA
1694,375.15864,375.157967215016,375.157813738121,13703702,NA,275559.9,81.91,-1,0.409099555713552,0.97028744212973,0.877264996112186,0.933078463722712,4,1.70588235294118,0.411764705882353,"P1 O7","de-protonated",0,NA,"C17 H29 O7 P1",17,29,7,NA,1,NA,NA,NA,NA,NA,NA
1695,375.166653,375.16598019269,375.166055946598,6132249,NA,288556.3,35.43,-1,-0.201921008853535,0.496314627649397,0.843720152817574,0.635276837716668,4,1.64705882352941,0.529411764705882,"O9","de-protonated",0,NA,"C17 H28 O9",17,28,9,NA,NA,NA,NA,NA,NA,NA,NA
1696,375.176197,375.175524166098,375.175438861069,1949213,NA,298561.2,9.76,-1,0.227373704769163,0.990663181680519,0,0.594397909008311,17,0.857142857142857,0.0357142857142857,"O1","de-protonated",0,NA,"C28 H24 O1",28,24,1,NA,NA,NA,NA,NA,NA,NA,NA
1697,375.181857,375.181184150328,375.181312087883,2753055.3,NA,276142,14.69,-1,-0.341001939326856,0.979121757743802,0,0.587473054646281,8,1.33333333333333,0.285714285714286,"O6","de-protonated",0,NA,"C21 H28 O6",21,28,6,NA,NA,NA,NA,NA,NA,NA,NA
1698,375.194946,375.194273113859,375.194199247505,4412964.5,NA,282709.9,24.88,-1,0.196874989856471,0.992991765191669,0,0.595795059115001,3,1.83333333333333,0.333333333333333,"P1 O6","de-protonated",0,NA,"C18 H33 O6 P1",18,33,6,NA,1,NA,NA,NA,NA,NA,NA
1699,375.203008,375.202335091397,375.202441455983,4236840,NA,276413.3,23.8,-1,-0.283485857068236,0.985523818067999,0,0.591314290840799,3,1.77777777777778,0.444444444444444,"O8","de-protonated",0,NA,"C18 H32 O8",18,32,8,NA,NA,NA,NA,NA,NA,NA,NA
1700,375.23129,375.230617012597,375.23058475689,1582899.3,NA,315769,7.51,-1,0.0859623624730405,0.99866007839279,0,0.599196047035674,2,1.94736842105263,0.263157894736842,"P1 O5","de-protonated",0,NA,"C19 H37 O5 P1",19,37,5,NA,1,NA,NA,NA,NA,NA,NA
1701,375.239452,375.238778989856,375.238826965367,1864246.6,NA,307726.3,9.24,-1,-0.12785326967933,0.997038350928174,0,0.598223010556904,2,1.89473684210526,0.368421052631579,"O7","de-protonated",0,NA,"C19 H36 O7",19,36,7,NA,NA,NA,NA,NA,NA,NA,NA
1704,376.067953,376.067277681472,376.067404531923,1734021.1,NA,348677.5,8.44,-1,-0.337307754161676,0.979567040572773,0,0.587740224343664,11,0.882352941176471,0.529411764705882,"N1 O9","de-protonated",0,NA,"C17 H15 O9 N1",17,15,9,1,NA,NA,NA,NA,NA,NA,NA
1707,376.104408,376.1037325799,376.103790041308,2759059.8,NA,298225.8,14.73,-1,-0.152780719237241,0.995773590681184,0,0.59746415440871,10,1.05555555555556,0.444444444444444,"N1 O8","de-protonated",0,NA,"C18 H19 O8 N1",18,19,8,1,NA,NA,NA,NA,NA,NA,NA
1711,376.140885,376.140209478267,376.140175550692,1988002.6,NA,295510.9,10,-1,0.0901992862726115,0.998524838714441,0,0.599114903228664,9,1.21052631578947,0.368421052631579,"N1 O7","de-protonated",0,NA,"C19 H23 O7 N1",19,23,7,1,NA,NA,NA,NA,NA,NA,NA
1722,377.015564,377.014886041221,377.01503460544,2483972.3,NA,304437.5,13.04,-1,-0.3940538310819,0.972218149903282,0,0.583330889941969,12,0.625,0.6875,"O11","de-protonated",0,NA,"C16 H10 O11",16,10,11,NA,NA,NA,NA,NA,NA,NA,NA
1723,377.052067,377.051388939516,377.051420114824,9202963,NA,282168.1,54.28,-1,-0.0826818483084447,0.499380166769019,0.843720152817574,0.637116161188441,11,0.823529411764706,0.588235294117647,"O10","de-protonated",0,NA,"C17 H14 O10",17,14,10,NA,NA,NA,NA,NA,NA,NA,NA
1724,377.06511,377.064431903175,377.064307274446,6987032,NA,293492,40.68,-1,0.330523803481117,0.989270545147754,0.922979215679874,0.962754013360602,6,1.35714285714286,0.714285714285714,"P1 O10","de-protonated",0,NA,"C14 H19 O10 P1",14,19,10,NA,1,NA,NA,NA,NA,NA,NA
1726,377.088347,377.087668838432,377.087805624208,22940962,NA,277475,138.6,-1,-0.362742508942159,0.978782905892983,0.989540370997726,0.98308589193488,10,1,0.5,"O9","de-protonated",0,NA,"C18 H18 O9",18,18,9,NA,NA,NA,NA,NA,NA,NA,NA
1727,377.101402,377.100723802058,377.100559842049,16330023,NA,268497.3,98.02,-1,0.434791210453798,0.965478160531425,0.974072278144996,0.968915807576853,18,0.692307692307692,0.0384615384615385,"S1 O1","de-protonated",0,NA,"C26 H18 O1 S1",26,18,1,NA,NA,1,NA,NA,NA,NA,NA
1728,377.124805,377.124126736852,377.124191133593,33766704,NA,272467.2,205.04,-1,-0.170757385600357,0.981569562934051,0.995904127428712,0.987303388731915,9,1.15789473684211,0.421052631578947,"O8","de-protonated",0,NA,"C19 H22 O8",19,22,8,NA,NA,NA,NA,NA,NA,NA,NA
1729,377.137878,377.137199700428,377.137078293215,17120566,NA,277109.4,102.87,-1,0.321917997242608,0.98944667659953,0.749713948869175,0.893553585507388,4,1.6875,0.5,"P1 O8","de-protonated",0,NA,"C16 H27 O8 P1",16,27,8,NA,1,NA,NA,NA,NA,NA,NA
1731,377.161115,377.160436635684,377.160576642977,16043327,NA,273846.7,96.26,-1,-0.371214017011511,0.987551879624152,0.99697422060991,0.991320816018455,8,1.3,0.35,"O7","de-protonated",0,NA,"C20 H26 O7",20,26,7,NA,NA,NA,NA,NA,NA,NA,NA
1732,377.174164,377.173485599327,377.173463802599,11806020,NA,274730.5,70.25,-1,0.0577896643598894,0.984270786704746,0.90444948520322,0.952342266104135,3,1.82352941176471,0.411764705882353,"P1 O7","de-protonated",0,NA,"C17 H31 O7 P1",17,31,7,NA,1,NA,NA,NA,NA,NA,NA
1733,377.182324,377.181645576591,377.181706011076,1893703.6,NA,309748.6,9.41,-1,-0.160226448195651,0.995352588724889,0,0.597211553234933,3,1.76470588235294,0.529411764705882,"O9","de-protonated",0,NA,"C17 H30 O9",17,30,9,NA,NA,NA,NA,NA,NA,NA,NA
1735,377.210619,377.209940497755,377.209849311983,3173715,NA,313406.8,17.27,-1,0.241737516100076,0.989452695327144,0,0.593671617196286,2,1.94444444444444,0.333333333333333,"P1 O6","de-protonated",0,NA,"C18 H35 O6 P1",18,35,6,NA,1,NA,NA,NA,NA,NA,NA
1737,378.047329,378.046648166499,378.046669087017,1735589.8,NA,262766.7,8.44,-1,-0.055338453632317,0.999444495971965,0,0.599666697583179,11,0.8125,0.625,"N1 O10","de-protonated",0,NA,"C16 H13 O10 N1",16,13,10,1,NA,NA,NA,NA,NA,NA,NA
1739,378.083716,378.083035065117,378.083054596401,2965172.5,NA,292906.1,15.99,-1,-0.0516587143610404,0.999515899118887,0,0.599709539471332,10,1,0.529411764705882,"N1 O9","de-protonated",0,NA,"C17 H17 O9 N1",17,17,9,1,NA,NA,NA,NA,NA,NA,NA
1742,378.119963,378.119281964125,378.119440105786,3028163,NA,299815.9,16.38,-1,-0.41823202969934,0.968759737379461,0,0.581255842427677,9,1.16666666666667,0.444444444444444,"N1 O8","de-protonated",0,NA,"C18 H21 O8 N1",18,21,8,1,NA,NA,NA,NA,NA,NA,NA
1744,378.133142,378.132460927405,378.132327265408,1546184.4,NA,298255.3,7.28,-1,0.353479424981439,0.977583472674949,0,0.58655008360497,4,1.73333333333333,0.533333333333333,"N1 P1 O8","de-protonated",0,NA,"C15 H26 O8 N1 P1",15,26,8,1,1,NA,NA,NA,NA,NA,NA
1747,378.169442,378.168760826265,378.168712774792,2519255.3,NA,303748.8,13.25,-1,0.127063588033741,0.997074769610119,0,0.598244861766071,3,1.875,0.4375,"N1 P1 O7","de-protonated",0,NA,"C16 H30 O7 N1 P1",16,30,7,1,1,NA,NA,NA,NA,NA,NA
1749,378.205737,378.20505572514,378.205098284176,3734245.8,NA,287101.7,20.71,-1,-0.112528986770058,0.997704994061241,0,0.598622996436744,2,2,0.352941176470588,"N1 P1 O6","de-protonated",0,NA,"C17 H34 O6 N1 P1",17,34,6,1,1,NA,NA,NA,NA,NA,NA
1750,378.242301,378.241619623264,378.24148379356,2175732.8,NA,270685.6,11.14,-1,0.359108426113649,0.976872227399843,0,0.586123336439906,1,2.11111111111111,0.277777777777778,"N1 P1 O5","de-protonated",0,NA,"C18 H38 O5 N1 P1",18,38,5,1,1,NA,NA,NA,NA,NA,NA
1755,379.03117,379.030486425303,379.030522478666,4984884.5,NA,267368.4,28.38,-1,-0.0951199439841882,0.998359634768883,0,0.59901578086133,6,1.54545454545455,0.454545454545455,"N4 S2 P1 O5","de-protonated",0,NA,"C11 H17 O5 S2 N4 P1",11,17,5,4,1,2,NA,NA,NA,NA,NA
1756,379.049454,379.04877037436,379.048931992017,1853499.6,NA,313430,9.16,-1,-0.426376764395046,0.967551279733134,0,0.58053076783988,15,0.684210526315789,0.263157894736842,"N2 P1 O5","de-protonated",0,NA,"C19 H13 O5 N2 P1",19,13,5,2,1,NA,NA,NA,NA,NA,NA
1758,379.067696,379.067012323534,379.067070179302,17641540,NA,274277.2,106.06,-1,-0.152626731446586,0.992997605743816,0.988210795018967,0.991082881453876,10,0.941176470588235,0.588235294117647,"O10","de-protonated",0,NA,"C17 H16 O10",17,16,10,NA,NA,NA,NA,NA,NA,NA,NA
1759,379.080708,379.08002428728,379.079957338924,12374088,NA,275141.5,73.74,-1,0.176607479723986,0.497178281598054,0.867648864333947,0.645366514692411,5,1.5,0.714285714285714,"P1 O10","de-protonated",0,NA,"C14 H21 O10 P1",14,21,10,NA,1,NA,NA,NA,NA,NA,NA
1760,379.103979,379.103295222442,379.103455688686,42475600,NA,271691.1,258.49,-1,-0.423278242918965,0.967180893660094,0.973708674722991,0.969792006085253,9,1.11111111111111,0.5,"O9","de-protonated",0,NA,"C18 H20 O9",18,20,9,NA,NA,NA,NA,NA,NA,NA,NA
1761,379.117024,379.116340186096,379.116209906527,12408919,NA,272051,73.95,-1,0.343640196451576,0.97061059518833,0.938827131070967,0.957897209541385,17,0.769230769230769,0.0384615384615385,"S1 O1","de-protonated",0,NA,"C26 H20 O1 S1",26,20,1,NA,NA,1,NA,NA,NA,NA,NA
1762,379.140421,379.139737120906,379.139841198071,35766368,NA,269380.8,217.31,-1,-0.274508645398227,0.987610381698718,0.977964245033072,0.98375192703246,8,1.26315789473684,0.421052631578947,"O8","de-protonated",0,NA,"C19 H24 O8",19,24,8,NA,NA,NA,NA,NA,NA,NA,NA
1763,379.153517,379.152833084418,379.152728357693,15392870,NA,270505.6,92.26,-1,0.276212506669657,0.992665323622921,0.933024483075261,0.968808987403857,3,1.8125,0.5,"P1 O8","de-protonated",0,NA,"C16 H29 O8 P1",16,29,8,NA,1,NA,NA,NA,NA,NA,NA
1764,379.176729,379.176045019744,379.176226707455,11745391,NA,269691.5,69.88,-1,-0.47916429786525,0.479597766408037,0.821075868479145,0.616189007236481,7,1.4,0.35,"O7","de-protonated",0,NA,"C20 H28 O7",20,28,7,NA,NA,NA,NA,NA,NA,NA,NA
1765,379.18981,379.189125983298,379.189113867077,7503988.5,NA,281942.3,43.84,-1,0.0319529769121259,0.978324768902978,0.976334795975194,0.977528779731865,2,1.94117647058824,0.411764705882353,"P1 O7","de-protonated",0,NA,"C17 H33 O7 P1",17,33,7,NA,1,NA,NA,NA,NA,NA,NA
1766,379.226315,379.225630881587,379.225499376461,2364035.3,NA,318897.7,12.3,-1,0.346772899036941,0.97841685617485,0,0.58705011370491,1,2.05555555555556,0.333333333333333,"P1 O6","de-protonated",0,NA,"C18 H37 O6 P1",18,37,6,NA,1,NA,NA,NA,NA,NA,NA
1769,380.099223,380.098536449475,380.098704660879,3816933.5,NA,294824.2,21.21,-1,-0.44254663883387,0.965087723503249,0,0.579052634101949,9,1.11764705882353,0.529411764705882,"N1 O9","de-protonated",0,NA,"C17 H19 O9 N1",17,19,9,1,NA,NA,NA,NA,NA,NA,NA
1771,380.112309,380.111622413015,380.11145887872,2025450.8,NA,286352.7,10.22,-1,0.43022721653672,0.966972398210485,0,0.580183438926291,17,0.76,0.04,"N1 S1 O1","de-protonated",0,NA,"C25 H19 O1 S1 N1",25,19,1,1,NA,1,NA,NA,NA,NA,NA
1773,380.135679,380.134992347901,380.135090170264,2655732.3,NA,321549.9,14.08,-1,-0.257335787735636,0.98805606009384,0,0.592833636056304,8,1.27777777777778,0.444444444444444,"N1 O8","de-protonated",0,NA,"C18 H23 O8 N1",18,23,8,1,NA,NA,NA,NA,NA,NA,NA
1775,380.148599,380.147912311903,380.147977329886,2048505.5,NA,288731.5,10.36,-1,-0.171033351853446,0.994706250636059,0,0.596823750381635,3,1.86666666666667,0.533333333333333,"N1 P1 O8","de-protonated",0,NA,"C15 H28 O8 N1 P1",15,28,8,1,1,NA,NA,NA,NA,NA,NA
1777,380.185111,380.184424210172,380.18436283927,17601032,NA,271972.5,105.81,-1,0.161424057713612,0.997523642718013,0.9872258092086,0.993404509314248,2,2,0.4375,"N1 P1 O7","de-protonated",0,NA,"C16 H32 O7 N1 P1",16,32,7,1,1,NA,NA,NA,NA,NA,NA
1779,380.221574,380.220887108579,380.220748348654,3727895.3,NA,273759.3,20.01,-1,0.364945692656611,0.976123358791138,0,0.585674015274683,1,2.11764705882353,0.352941176470588,"N1 P1 O6","de-protonated",0,NA,"C17 H36 O6 N1 P1",17,36,6,1,1,NA,NA,NA,NA,NA,NA
1786,381.04696,381.046270808873,381.046334734396,9509734,NA,274174,54.38,-1,-0.167763120797853,0.497453120633075,0.85154837932281,0.639091224108969,10,0.875,0.6875,"O11","de-protonated",0,NA,"C16 H14 O11",16,14,11,NA,NA,NA,NA,NA,NA,NA,NA
1787,381.083222,381.08253270784,381.08272024378,28722038,NA,270910.2,168.58,-1,-0.49211347175101,0.960419282450878,0.997041907252142,0.975068332371384,9,1.05882352941176,0.588235294117647,"O10","de-protonated",0,NA,"C17 H18 O10",17,18,10,NA,NA,NA,NA,NA,NA,NA,NA
1788,381.096295,381.095605671415,381.09547446162,4056954.3,NA,284179.1,21.97,-1,0.344296386884897,0.489360369880756,0.785920818505338,0.607984549330589,17,0.72,0.08,"S1 O2","de-protonated",0,NA,"C25 H18 O2 S1",25,18,2,NA,NA,1,NA,NA,NA,NA,NA
1789,381.111663,381.110973628597,381.110863544687,9800577,NA,274140.3,56.11,-1,0.288850096775689,0.989584371338058,0.848129686427893,0.933002497373992,8,1.27777777777778,0.388888888888889,"P1 O7","de-protonated",0,NA,"C18 H23 O7 P1",18,23,7,NA,1,NA,NA,NA,NA,NA,NA
1790,381.119728,381.119038606126,381.119105753164,44909444,NA,272396.2,264.8,-1,-0.176183868640905,0.992318715030521,0.992538234567971,0.992406522845501,8,1.22222222222222,0.5,"O9","de-protonated",0,NA,"C18 H22 O9",18,22,9,NA,NA,NA,NA,NA,NA,NA,NA
1791,381.13274,381.132050569872,381.131992912786,11367305,NA,275237.7,65.42,-1,0.151278523846724,0.997768509472426,0.994170872816031,0.996329454809868,3,1.8,0.6,"P1 O9","de-protonated",0,NA,"C15 H27 O9 P1",15,27,9,NA,1,NA,NA,NA,NA,NA,NA
1792,381.147977,381.147287527418,381.147249054071,9739151,NA,276138.6,55.74,-1,0.10094090137559,0.996445995204387,0.899023984816512,0.957477191049237,7,1.42105263157895,0.315789473684211,"P1 O6","de-protonated",0,NA,"C19 H27 O6 P1",19,27,6,NA,1,NA,NA,NA,NA,NA,NA
1793,381.155993,381.155303505084,381.155491262549,22082450,NA,268757.3,129.11,-1,-0.492600708158112,0.962151314947327,0.978612389709335,0.96873574485213,7,1.36842105263158,0.421052631578947,"O8","de-protonated",0,NA,"C19 H26 O8",19,26,8,NA,NA,NA,NA,NA,NA,NA,NA
1794,381.16906,381.168370468676,381.168378422171,11422616,NA,275201.8,65.75,-1,-0.0208660919855913,0.999137448853538,0.952339011008992,0.980418073715719,2,1.9375,0.5,"P1 O8","de-protonated",0,NA,"C16 H31 O8 P1",16,31,8,NA,1,NA,NA,NA,NA,NA,NA
1796,381.192473,381.191783403442,381.191876771933,5226401.5,NA,288397.8,28.92,-1,-0.244938300369545,0.494586532696981,0.821075868479145,0.625182267009847,6,1.5,0.35,"O7","de-protonated",0,NA,"C20 H30 O7",20,30,7,NA,NA,NA,NA,NA,NA,NA,NA
1797,381.205496,381.204806367158,381.204763931555,4156326.8,NA,304320.3,22.56,-1,0.111319706949851,0.997753999920694,0,0.598652399952417,1,2.05882352941176,0.411764705882353,"P1 O7","de-protonated",0,NA,"C17 H35 O7 P1",17,35,7,NA,1,NA,NA,NA,NA,NA,NA
1800,382.078525,382.077832934709,382.077969215973,2489609.8,NA,290182.2,12.65,-1,-0.356684434734465,0.97717982177547,0,0.586307893065282,9,1.0625,0.625,"N1 O10","de-protonated",0,NA,"C16 H17 O10 N1",16,17,10,1,NA,NA,NA,NA,NA,NA,NA
1802,382.09164,382.090947898167,382.090856375595,2685711.3,NA,302562.4,13.81,-1,0.23953091460699,0.98964337394261,0,0.593786024365566,4,1.69230769230769,0.769230769230769,"N1 P1 O10","de-protonated",0,NA,"C13 H22 O10 N1 P1",13,22,10,1,1,NA,NA,NA,NA,NA,NA
1805,382.12805,382.127357796721,382.127241884979,4499742,NA,277249,24.6,-1,0.303332840804286,0.983443352162124,0,0.590066011297275,3,1.85714285714286,0.642857142857143,"N1 P1 O9","de-protonated",0,NA,"C14 H26 O9 N1 P1",14,26,9,1,1,NA,NA,NA,NA,NA,NA
1816,383.026283,383.025588294048,383.025599289489,2711179.8,NA,262920.4,13.96,-1,-0.0287068049949532,0.999850482826902,0,0.599910289696141,10,0.8,0.8,"O12","de-protonated",0,NA,"C15 H12 O12",15,12,12,NA,NA,NA,NA,NA,NA,NA,NA
1817,383.0413,383.040605252208,383.040693239522,1846417.8,NA,288025.7,8.82,-1,-0.229707485644626,0.990471451161584,0,0.594282870696951,9,1.21428571428571,0.214285714285714,"N4 S2 P1 O3","de-protonated",0,NA,"C14 H17 O3 S2 N4 P1",14,17,3,4,1,2,NA,NA,NA,NA,NA
1819,383.054608,383.053913215129,383.053742590396,2976919.3,NA,280041.9,15.54,-1,0.445432881358629,0.964639024182519,0,0.578783414509511,9,1.0625,0.5625,"P1 O9","de-protonated",0,NA,"C16 H17 O9 P1",16,17,9,NA,1,NA,NA,NA,NA,NA,NA
1820,383.06258,383.061885192917,383.061984798874,13919898,NA,266311.5,80.59,-1,-0.2600256895408,0.988471006308165,0.963927349602815,0.978653543626025,9,1,0.6875,"O11","de-protonated",0,NA,"C16 H16 O11",16,16,11,NA,NA,NA,NA,NA,NA,NA,NA
1821,383.077884,383.077189150277,383.077240940159,1747104.6,NA,259169,8.23,-1,-0.135194358999616,0.996689062250701,0,0.598013437350421,13,0.8,0.4,"O8","de-protonated",0,NA,"C20 H16 O8",20,16,8,NA,NA,NA,NA,NA,NA,NA,NA
1822,383.090879,383.09018411407,383.090128099781,10081958,NA,272255,57.78,-1,0.146216999582442,0.998030597444708,0.92971864234971,0.970705815406709,8,1.23529411764706,0.470588235294118,"P1 O8","de-protonated",0,NA,"C17 H21 O8 P1",17,21,8,NA,1,NA,NA,NA,NA,NA,NA
1823,383.098909,383.098214091696,383.098370308258,34375336,NA,270984.9,202.18,-1,-0.407771407330111,0.976092888683698,0.992211051302246,0.982540153731117,8,1.17647058823529,0.588235294117647,"O10","de-protonated",0,NA,"C17 H20 O10",17,20,10,NA,NA,NA,NA,NA,NA,NA,NA
1824,383.103591,383.102896078651,383.103079022113,3226283.3,NA,275353.1,17.02,-1,-0.477530648792564,0.959467586623239,0,0.575680551973943,8,1.33333333333333,0.4,"N4 S1 O6","de-protonated",0,NA,"C15 H20 O6 S1 N4",15,20,6,4,NA,1,NA,NA,NA,NA,NA
1826,383.112056,383.111361055066,383.11125746788,2932910.5,NA,272572.8,15.28,-1,0.270384082912758,0.986822326606514,0,0.592093395963908,3,1.78571428571429,0.714285714285714,"P1 O10","de-protonated",0,NA,"C14 H25 O10 P1",14,25,10,NA,1,NA,NA,NA,NA,NA,NA
1827,383.127347,383.126652012462,383.126513609165,16766645,NA,276832.9,97.51,-1,0.361246982614379,0.978361772163421,0.947929376956184,0.966188814080526,7,1.38888888888889,0.388888888888889,"P1 O7","de-protonated",0,NA,"C18 H25 O7 P1",18,25,7,NA,1,NA,NA,NA,NA,NA,NA
1828,383.13537,383.134674990108,383.134755817642,27666104,NA,271878.9,162.3,-1,-0.210963722198832,0.994595670884167,0.991488158986707,0.993352666125183,7,1.33333333333333,0.5,"O9","de-protonated",0,NA,"C18 H24 O9",18,24,9,NA,NA,NA,NA,NA,NA,NA,NA
1830,383.148308,383.14761295406,383.147510035483,6438589.5,NA,268464,36.12,-1,0.268613457188032,0.493496613674832,0.779247987650237,0.607797163264994,15,0.923076923076923,0.0384615384615385,"S1 O1","de-protonated",0,NA,"C26 H24 O1 S1",26,24,1,NA,NA,1,NA,NA,NA,NA,NA
1831,383.163575,383.162879911523,383.162899118549,13207236,NA,269204.5,76.35,-1,-0.0501275734141963,0.99961791160488,0.986234625853354,0.99426459730427,6,1.52631578947368,0.315789473684211,"P1 O6","de-protonated",0,NA,"C19 H29 O6 P1",19,29,6,NA,1,NA,NA,NA,NA,NA,NA
1832,383.16614,383.165444904376,383.165268100212,3533508.5,NA,282091.2,18.85,-1,0.461430559614674,0.962103043075898,0,0.577261825845539,15,0.923076923076923,0.115384615384615,"O3","de-protonated",0,NA,"C26 H24 O3",26,24,3,NA,NA,NA,NA,NA,NA,NA,NA
1833,383.171632,383.170936889074,383.170979135774,10200775,NA,274493,58.48,-1,-0.110255479680972,0.998679339322773,0.943908473046894,0.976770992812421,1,2.35714285714286,0.142857142857143,"N4 S2 P1 O2","de-protonated",0,NA,"C14 H33 O2 S2 N4 P1",14,33,2,4,1,2,NA,NA,NA,NA,NA
1834,383.184704,383.184008852653,383.184028486649,3749580.3,NA,292752.7,20.14,-1,-0.0512390766460757,0.999523730273552,0,0.599714238164131,1,2.0625,0.5,"P1 O8","de-protonated",0,NA,"C16 H33 O8 P1",16,33,8,NA,1,NA,NA,NA,NA,NA,NA
1835,383.208122,383.207426787405,383.207526836411,3774165.8,NA,274883.5,20.28,-1,-0.261083091283303,0.987707836209083,0,0.59262470172545,5,1.6,0.35,"O7","de-protonated",0,NA,"C20 H32 O7",20,32,7,NA,NA,NA,NA,NA,NA,NA,NA
1840,384.107181,384.106483282431,384.106373498291,3649092.3,NA,247271,19.54,-1,0.285817021383336,0.985286525066675,0,0.591171915040005,16,0.791666666666667,0.0833333333333333,"N1 S1 O2","de-protonated",0,NA,"C24 H19 O2 S1 N1",24,19,2,1,NA,1,NA,NA,NA,NA,NA
1843,384.143717,384.143019180634,384.142891949457,2228307.3,NA,317432.5,11.09,-1,0.331207941298142,0.980292105323585,0,0.588175263194151,2,2,0.642857142857143,"N1 P1 O9","de-protonated",0,NA,"C14 H28 O9 N1 P1",14,28,9,1,1,NA,NA,NA,NA,NA,NA
1853,385.041887,385.041186678136,385.041249353967,3741121.8,NA,290963.4,20.08,-1,-0.162776926352212,0.995203814742686,0,0.597122288845612,9,0.933333333333333,0.8,"O12","de-protonated",0,NA,"C15 H14 O12",15,14,12,NA,NA,NA,NA,NA,NA,NA,NA
1854,385.057088,385.056387635783,385.056505495252,2852296,NA,275776.3,14.8,-1,-0.306083568411167,0.983144264251137,0,0.589886558550682,13,0.736842105263158,0.473684210526316,"O9","de-protonated",0,NA,"C19 H14 O9",19,14,9,NA,NA,NA,NA,NA,NA,NA,NA
1855,385.070256,385.069555599094,385.069392654874,7403981.5,NA,271430.4,41.85,-1,0.423155469832046,0.983645133664082,0.939849592773608,0.966126917307892,8,1.1875,0.5625,"P1 O9","de-protonated",0,NA,"C16 H19 O9 P1",16,19,9,NA,1,NA,NA,NA,NA,NA,NA
1856,385.07826,385.077559576793,385.077634863352,14625233,NA,266068.9,84.78,-1,-0.195510078071962,0.496544133742357,0.85154837932281,0.638545831974538,8,1.125,0.6875,"O11","de-protonated",0,NA,"C16 H18 O11",16,18,11,NA,NA,NA,NA,NA,NA,NA,NA
1857,385.081326,385.080625568251,385.080626044167,1578962,NA,334123.4,7.23,-1,-0.00123588636957047,0.999999722852572,0,0.599999833711543,8,1.26666666666667,0.533333333333333,"N2 P1 O8","de-protonated",0,NA,"C15 H19 O8 N2 P1",15,19,8,2,1,NA,NA,NA,NA,NA,NA
1859,385.093518,385.092817534281,385.092891004637,3270103,NA,298221.1,17.28,-1,-0.190786060132746,0.99341715356121,0,0.596050292136726,12,0.9,0.4,"O8","de-protonated",0,NA,"C20 H18 O8",20,18,8,NA,NA,NA,NA,NA,NA,NA,NA
1860,385.106489,385.105788498141,385.105778164259,20498908,NA,265804.2,119.69,-1,0.0268338807524968,0.991290339399797,0.951410209446632,0.975338287418531,7,1.35294117647059,0.470588235294118,"P1 O8","de-protonated",0,NA,"C17 H23 O8 P1",17,23,8,NA,1,NA,NA,NA,NA,NA,NA
1861,385.114522,385.113821475759,385.113858181484,22358496,NA,268362.4,130.75,-1,-0.0953113568611573,0.663982518661818,0.926630606056794,0.769041753619808,2,2.25,0.333333333333333,"N4 S2 P1 O4","de-protonated",0,NA,"C12 H27 O4 S2 N4 P1",12,27,4,4,1,2,NA,NA,NA,NA,NA
1862,385.117603,385.116902467175,385.117011553551,1571808.8,NA,267277.5,7.19,-1,-0.283255147358106,0.985547199796527,0,0.591328319877916,7,1.4375,0.4375,"N2 P1 O7","de-protonated",0,NA,"C16 H23 O7 N2 P1",16,23,7,2,1,NA,NA,NA,NA,NA,NA
1864,385.129789,385.129088433222,385.129276514021,3023333.8,NA,279458.8,15.81,-1,-0.488357572654958,0.957648706348278,0,0.574589223808967,11,1.04761904761905,0.333333333333333,"O7","de-protonated",0,NA,"C21 H22 O7",21,22,7,NA,NA,NA,NA,NA,NA,NA,NA
1865,385.142967,385.142266396505,385.142163673643,18156012,NA,268826.9,105.77,-1,0.266714144124071,0.993537367075333,0.981288357711332,0.988637763329733,6,1.5,0.388888888888889,"P1 O7","de-protonated",0,NA,"C18 H27 O7 P1",18,27,7,NA,1,NA,NA,NA,NA,NA,NA
1866,385.151027,385.150326374049,385.15040588212,12851694,NA,270543.3,74.24,-1,-0.206433825793418,0.496148698107355,0.836034543948893,0.63210303644397,6,1.44444444444444,0.5,"O9","de-protonated",0,NA,"C18 H26 O9",18,26,9,NA,NA,NA,NA,NA,NA,NA,NA
1868,385.164026,385.16332533783,385.163160099961,5942772,NA,250591.1,33.17,-1,0.429007461913875,0.483578151591148,0.779247987650237,0.601846086014784,14,1,0.0384615384615385,"S1 O1","de-protonated",0,NA,"C26 H26 O1 S1",26,26,1,NA,NA,1,NA,NA,NA,NA,NA
1869,385.179285,385.178584295316,385.178549183027,11190778,NA,271698.6,64.36,-1,0.0911584730658681,0.998681760731272,0.952850759246513,0.980349360137368,5,1.63157894736842,0.315789473684211,"P1 O6","de-protonated",0,NA,"C19 H31 O6 P1",19,31,6,NA,1,NA,NA,NA,NA,NA,NA
1870,385.187304,385.186603272973,385.186791391505,9118205,NA,265194.8,52.04,-1,-0.488382613060288,0.968216538606115,0.999845957625818,0.980868306213996,5,1.57894736842105,0.421052631578947,"O8","de-protonated",0,NA,"C19 H30 O8",19,30,8,NA,NA,NA,NA,NA,NA,NA,NA
1871,385.223773,385.223072171362,385.223176900889,3986956.3,NA,271405.4,21.54,-1,-0.271867148352847,0.98667834004165,0,0.59200700402499,4,1.7,0.35,"O7","de-protonated",0,NA,"C20 H34 O7",20,34,7,NA,NA,NA,NA,NA,NA,NA,NA
1874,386.081493,386.080789781568,386.080767148278,2341738.8,NA,314794.6,11.76,-1,0.0586231995609712,0.99937661340081,0,0.599625968040486,11,1.1,0.05,"N1 S2 P1 O1","de-protonated",0,NA,"C20 H22 O1 S2 N1 P1",20,22,1,1,1,2,NA,NA,NA,NA,NA
1875,386.101652,386.1009487254,386.101027136452,1605491,NA,260014.8,7.38,-1,-0.203084286071157,0.992544402482789,0,0.595526641489673,7,1.375,0.5,"N1 P1 O8","de-protonated",0,NA,"C16 H22 O8 N1 P1",16,22,8,1,1,NA,NA,NA,NA,NA,NA
1880,386.167467,386.166763542025,386.166784222413,1864078,NA,271423.1,8.92,-1,-0.0535529940012192,0.99947975448365,0,0.59968785269019,1,2.07142857142857,0.785714285714286,"N1 O11","de-protonated",0,NA,"C14 H29 O11 N1",14,29,11,1,NA,NA,NA,NA,NA,NA,NA
1891,387.036381,387.035675121041,387.035770050346,2871537.8,NA,265356.6,14.91,-1,-0.245272690163126,0.989143644510554,0,0.593486186706332,13,0.666666666666667,0.555555555555556,"O10","de-protonated",0,NA,"C18 H12 O10",18,12,10,NA,NA,NA,NA,NA,NA,NA,NA
1892,387.049418,387.048712084718,387.048524268186,3068151,NA,289606.3,16.08,-1,0.485253190428766,0.958174045420516,0,0.57490442725231,21,0.461538461538462,0.0769230769230769,"S1 O2","de-protonated",0,NA,"C26 H12 O2 S1",26,12,2,NA,NA,1,NA,NA,NA,NA,NA
1893,387.057561,387.056855062029,387.056899418445,3681530.5,NA,295152.8,19.72,-1,-0.114599212620579,0.997619875116069,0,0.598571925069642,8,1.06666666666667,0.8,"O12","de-protonated",0,NA,"C15 H16 O12",15,16,12,NA,NA,NA,NA,NA,NA,NA,NA
1895,387.072757,387.07205101969,387.07215555973,5215488.5,NA,276137.6,28.84,-1,-0.270078947139034,0.493425928132057,0.828487690504102,0.627450633080875,12,0.842105263157895,0.473684210526316,"O9","de-protonated",0,NA,"C19 H16 O9",19,16,9,NA,NA,NA,NA,NA,NA,NA,NA
1896,387.076126,387.075420010303,387.0755268631,1673986,NA,299800.5,7.79,-1,-0.276051544397894,0.98626795833743,0,0.591760775002458,7,1.25,0.5625,"S1 O9","de-protonated",0,NA,"C16 H20 O9 S1",16,20,9,NA,NA,1,NA,NA,NA,NA,NA
1897,387.085804,387.085097983338,387.084909777571,16129286,NA,264643.4,93.71,-1,0.486213135089711,0.479005962926533,0.772687513667176,0.59647858322279,20,0.592592592592593,0.037037037037037,"S1 O1","de-protonated",0,NA,"C27 H16 O1 S1",27,16,1,NA,NA,1,NA,NA,NA,NA,NA
1898,387.093825,387.09311896099,387.09328492783,8013065,NA,275103,45.47,-1,-0.428751534080647,0.483597414060025,0.85154837932281,0.630777800165139,7,1.25,0.6875,"O11","de-protonated",0,NA,"C16 H20 O11",16,20,11,NA,NA,NA,NA,NA,NA,NA,NA
1899,387.103538,387.102831933927,387.1026678423,6307085,NA,266257.5,35.33,-1,0.423896916761842,0.483960764682696,0.772687513667176,0.599451464276488,20,0.592592592592593,0.111111111111111,"O3","de-protonated",0,NA,"C27 H16 O3",27,16,3,NA,NA,NA,NA,NA,NA,NA,NA
1900,387.109115,387.108408918389,387.108541069115,7570703.5,NA,262020.8,42.84,-1,-0.341378998093361,0.987925672592312,0.977166346187695,0.983621942030466,11,1,0.4,"O8","de-protonated",0,NA,"C20 H20 O8",20,20,8,NA,NA,NA,NA,NA,NA,NA,NA
1901,387.122167,387.121460882023,387.121428228737,22170900,NA,267279.5,129.63,-1,0.0843489511510729,0.998241434876299,0.949223117380915,0.978634107878146,6,1.47058823529412,0.470588235294118,"P1 O8","de-protonated",0,NA,"C17 H25 O8 P1",17,25,8,NA,1,NA,NA,NA,NA,NA,NA
1902,387.130276,387.12956985943,387.129670437214,8512792,NA,269840.3,48.44,-1,-0.259803864376316,0.493913631209455,0.843720152817574,0.633836239852702,6,1.41176470588235,0.588235294117647,"O10","de-protonated",0,NA,"C17 H24 O10",17,24,10,NA,NA,NA,NA,NA,NA,NA,NA
1904,387.145583,387.144876816781,387.144926578499,4663582.5,NA,276415.3,25.56,-1,-0.128535115740822,0.498503362492448,0.813795485951173,0.624620211875938,10,1.14285714285714,0.333333333333333,"O7","de-protonated",0,NA,"C21 H24 O7",21,24,7,NA,NA,NA,NA,NA,NA,NA,NA
1905,387.158595,387.157888780527,387.157813738121,13085988,NA,269693.7,75.62,-1,0.193828984290321,0.985522970456791,0.921078235120987,0.959745076322469,5,1.61111111111111,0.388888888888889,"P1 O7","de-protonated",0,NA,"C18 H29 O7 P1",18,29,7,NA,1,NA,NA,NA,NA,NA,NA
1906,387.16664,387.165933758112,387.166055946598,8703271,NA,271205.5,49.57,-1,-0.315597105964872,0.491044881050279,0.836034543948893,0.629040746209724,5,1.55555555555556,0.5,"O9","de-protonated",0,NA,"C18 H28 O9",18,28,9,NA,NA,NA,NA,NA,NA,NA,NA
1907,387.17628,387.175573731252,387.175438861069,4166955,NA,275154.3,22.61,-1,0.348343851886493,0.489111505357441,0.759892473118277,0.597423892461776,18,0.827586206896552,0.0344827586206897,"O1","de-protonated",0,NA,"C29 H24 O1",29,24,1,NA,NA,NA,NA,NA,NA,NA,NA
1908,387.194902,387.194195679367,387.194199247505,7228722.5,NA,274127.6,40.81,-1,-0.0092153696845034,0.995782300787017,0.889066585368834,0.953096014619744,4,1.73684210526316,0.315789473684211,"P1 O6","de-protonated",0,NA,"C19 H33 O6 P1",19,33,6,NA,1,NA,NA,NA,NA,NA,NA
1909,387.203035,387.202328656707,387.202441455983,7318838,NA,274006,41.34,-1,-0.291318605852737,0.987132042368184,0.996835262166463,0.991013330287496,4,1.68421052631579,0.421052631578947,"O8","de-protonated",0,NA,"C19 H32 O8",19,32,8,NA,NA,NA,NA,NA,NA,NA,NA
1910,387.239373,387.238666555462,387.238826965367,2968389,NA,258355,15.48,-1,-0.414240241844815,0.969344040326337,0,0.581606424195802,3,1.8,0.35,"O7","de-protonated",0,NA,"C20 H36 O7",20,36,7,NA,NA,NA,NA,NA,NA,NA,NA
1925,389.052005,389.051293505074,389.051420114824,6411308.5,NA,261031.6,35.94,-1,-0.325431918675985,0.987794643888912,0.957910594964264,0.975841024319053,12,0.777777777777778,0.555555555555556,"O10","de-protonated",0,NA,"C18 H14 O10",18,14,10,NA,NA,NA,NA,NA,NA,NA,NA
1926,389.065145,389.064433468463,389.064307274446,7264306,NA,267994.3,41.01,-1,0.324352593125429,0.988838091297182,0.953827885324709,0.974834008908193,7,1.26666666666667,0.666666666666667,"P1 O10","de-protonated",0,NA,"C15 H19 O10 P1",15,19,10,NA,1,NA,NA,NA,NA,NA,NA
1928,389.088469,389.087757403477,389.087805624208,11393084,NA,270061.7,65.56,-1,-0.123932774092429,0.498608474591255,0.828487690504102,0.630560160956394,11,0.947368421052632,0.473684210526316,"O9","de-protonated",0,NA,"C19 H18 O9",19,18,9,NA,NA,NA,NA,NA,NA,NA,NA
1929,389.101463,389.100751367273,389.100559842049,19398720,NA,266118.7,113.14,-1,0.492225517451462,0.959569425103323,0.953220058609536,0.957029678505808,19,0.666666666666667,0.037037037037037,"S1 O1","de-protonated",0,NA,"C27 H18 O1 S1",27,18,1,NA,NA,1,NA,NA,NA,NA,NA
1930,389.11918,389.11846831791,389.118317906778,7598152,NA,265980.8,43,-1,0.386543435925701,0.486626453459914,0.772687513667176,0.601050877542819,19,0.666666666666667,0.111111111111111,"O3","de-protonated",0,NA,"C27 H18 O3",27,18,3,NA,NA,NA,NA,NA,NA,NA,NA
1931,389.124704,389.123992302519,389.12402894234,15306827,NA,269663.1,88.82,-1,-0.0941597510713743,0.66220176508726,0.928544651443954,0.768738919629937,5,1.8,0.133333333333333,"N4 S2 P1 O2","de-protonated",0,NA,"C15 H27 O2 S2 N4 P1",15,27,2,4,1,2,NA,NA,NA,NA,NA
1932,389.137819,389.137107265977,389.137078293215,16715856,NA,263001.6,97.19,-1,0.0744538734382086,0.998912160594395,0.899717588327281,0.959234331687549,5,1.58823529411765,0.470588235294118,"P1 O8","de-protonated",0,NA,"C17 H27 O8 P1",17,27,8,NA,1,NA,NA,NA,NA,NA,NA
1933,389.145975,389.145263243253,389.145320501692,3931219.3,NA,271964.2,21.2,-1,-0.147138963145469,0.996079364556532,0,0.597647618733919,5,1.52941176470588,0.588235294117647,"O10","de-protonated",0,NA,"C17 H26 O10",17,26,10,NA,NA,NA,NA,NA,NA,NA,NA
1935,389.161189,389.160477200863,389.160576642977,7340121.5,NA,266447.3,41.46,-1,-0.255529772007071,0.993894309385992,0.996926665033053,0.995107251644817,9,1.23809523809524,0.333333333333333,"O7","de-protonated",0,NA,"C21 H26 O7",21,26,7,NA,NA,NA,NA,NA,NA,NA,NA
1936,389.174242,389.173530164495,389.173463802599,8271967,NA,273615.5,47,-1,0.170520094995886,0.997191267728732,0.886734560501926,0.95300858483801,4,1.72222222222222,0.388888888888889,"P1 O7","de-protonated",0,NA,"C18 H31 O7 P1",18,31,7,NA,1,NA,NA,NA,NA,NA,NA
1937,389.182295,389.181583142058,389.181706011076,5105762,NA,258856.2,28.18,-1,-0.315711188001315,0.982076928133082,0,0.589246156879849,4,1.66666666666667,0.5,"O9","de-protonated",0,NA,"C18 H30 O9",18,30,9,NA,NA,NA,NA,NA,NA,NA,NA
1938,389.191859,389.19114711541,389.191088925547,2282598,NA,272172.9,11.4,-1,0.149514891730656,0.99595198393037,0,0.597571190358222,17,0.896551724137931,0.0344827586206897,"O1","de-protonated",0,NA,"C29 H26 O1",29,26,1,NA,NA,NA,NA,NA,NA,NA,NA
1940,389.210558,389.209846063311,389.209849311983,3088493.8,NA,291314.6,16.19,-1,-0.00834684041206804,0.999987358596222,0,0.599992415157733,3,1.84210526315789,0.315789473684211,"P1 O6","de-protonated",0,NA,"C19 H35 O6 P1",19,35,6,NA,1,NA,NA,NA,NA,NA,NA
1941,389.218723,389.218011040561,389.218091520461,2732657,NA,277722,14.08,-1,-0.206773274800827,0.992272142081177,0,0.595363285248706,3,1.78947368421053,0.421052631578947,"O8","de-protonated",0,NA,"C19 H34 O8",19,34,8,NA,NA,NA,NA,NA,NA,NA,NA
1945,390.083675,390.082960630617,390.083054596401,1554900.9,NA,295320.3,7.07,-1,-0.240886610262381,0.989526427252822,0,0.593715856351693,11,0.944444444444444,0.5,"N1 O9","de-protonated",0,NA,"C18 H17 O9 N1",18,17,9,1,NA,NA,NA,NA,NA,NA,NA
1946,390.096582,390.095867594655,390.095808814242,1744346.1,NA,273241.3,8.2,-1,0.150681990861104,0.995888671009698,0,0.597533202605819,19,0.653846153846154,0.0384615384615385,"N1 S1 O1","de-protonated",0,NA,"C26 H17 O1 S1 N1",26,17,1,1,NA,1,NA,NA,NA,NA,NA
1948,390.120066,390.119351529223,390.119440105786,2365411.8,NA,274978,11.89,-1,-0.227049855100618,0.990689635595032,0,0.594413781357019,10,1.10526315789474,0.421052631578947,"N1 O8","de-protonated",0,NA,"C19 H21 O8 N1",19,21,8,1,NA,NA,NA,NA,NA,NA,NA
1958,391.031391,391.030673990073,391.030684669918,4311899,NA,291622.2,23.46,-1,-0.0273120367297312,0.999864657992782,0,0.599918794795669,12,0.705882352941177,0.647058823529412,"O11","de-protonated",0,NA,"C17 H12 O11",17,12,11,NA,NA,NA,NA,NA,NA,NA,NA
1960,391.067742,391.067024888791,391.067070179302,12821354,NA,268990.1,74.04,-1,-0.115812641932684,0.989070830505929,0.984427082104782,0.98721333114547,11,0.888888888888889,0.555555555555556,"O10","de-protonated",0,NA,"C18 H16 O10",18,16,10,NA,NA,NA,NA,NA,NA,NA,NA
1961,391.080723,391.080005852624,391.079824397142,9218927,NA,271778.6,52.63,-1,0.46398578965321,0.480845164432929,0.779247987650237,0.600206293719852,19,0.615384615384615,0.0769230769230769,"S1 O2","de-protonated",0,NA,"C26 H16 O2 S1",26,16,2,NA,NA,1,NA,NA,NA,NA,NA
1962,391.098468,391.097750803182,391.097582461872,6861687,NA,271420,38.61,-1,0.430433011766691,0.483470661003171,0.779247987650237,0.601781591661998,19,0.615384615384615,0.153846153846154,"O4","de-protonated",0,NA,"C26 H16 O4",26,16,4,NA,NA,NA,NA,NA,NA,NA,NA
1963,391.104042,391.103324787652,391.103455688686,29422458,NA,259874.1,172.72,-1,-0.334696696464617,0.988608086650654,0.994808564133637,0.991088277643847,10,1.05263157894737,0.473684210526316,"O9","de-protonated",0,NA,"C19 H20 O9",19,20,9,NA,NA,NA,NA,NA,NA,NA,NA
1964,391.117172,391.116454751069,391.116342848308,18002814,NA,258270.8,104.84,-1,0.286111185069102,0.98271425565874,0.942990110656702,0.966824597657925,5,1.5625,0.5625,"P1 O9","de-protonated",0,NA,"C16 H25 O9 P1",16,25,9,NA,1,NA,NA,NA,NA,NA,NA
1966,391.140502,391.139784686066,391.139841198071,26030984,NA,263794.8,152.56,-1,-0.144480306996254,0.98681693240693,0.989844924532159,0.988028129257022,9,1.2,0.4,"O8","de-protonated",0,NA,"C20 H24 O8",20,24,8,NA,NA,NA,NA,NA,NA,NA,NA
1967,391.153473,391.152755649926,391.152728357693,15958925,NA,259969.1,92.69,-1,0.0697738546046815,0.995828783469516,0.887649499452078,0.952557069862541,4,1.70588235294118,0.470588235294118,"P1 O8","de-protonated",0,NA,"C17 H29 O8 P1",17,29,8,NA,1,NA,NA,NA,NA,NA,NA
1968,391.161577,391.160859627347,391.16097056617,1679248.9,NA,269314.4,7.81,-1,-0.283614244890097,0.985510798348115,0,0.591306479008869,4,1.64705882352941,0.588235294117647,"O10","de-protonated",0,NA,"C17 H28 O10",17,28,10,NA,NA,NA,NA,NA,NA,NA,NA
1969,391.171127,391.170409600738,391.17035348064,2551188.8,NA,284865.2,12.99,-1,0.143467155556407,0.996272238910383,0,0.59776334334623,17,0.857142857142857,0.0714285714285714,"O2","de-protonated",0,NA,"C28 H24 O2",28,24,2,NA,NA,NA,NA,NA,NA,NA,NA
1970,391.176759,391.176041585046,391.176226707455,6106007,NA,270507,34.12,-1,-0.473245549957626,0.972645375882921,0.982936029184471,0.976761637203541,8,1.33333333333333,0.333333333333333,"O7","de-protonated",0,NA,"C21 H28 O7",21,28,7,NA,NA,NA,NA,NA,NA,NA,NA
1971,391.189913,391.189195548396,391.189113867077,6589340.5,NA,273260.5,37,-1,0.208802639451525,0.995562617604941,0.919571865656686,0.965166316825639,3,1.83333333333333,0.388888888888889,"P1 O7","de-protonated",0,NA,"C18 H33 O7 P1",18,33,7,NA,1,NA,NA,NA,NA,NA,NA
1972,391.197908,391.197190526121,391.197356075554,1556895.8,NA,353490.3,7.08,-1,-0.423186484199061,0.968027227353428,0,0.580816336412057,3,1.77777777777778,0.5,"O9","de-protonated",0,NA,"C18 H32 O9",18,32,9,NA,NA,NA,NA,NA,NA,NA,NA
1973,391.226233,391.225515447201,391.225499376461,2374059.5,NA,323247.1,11.94,-1,0.0410779455863701,0.99969387078684,0,0.599816322472104,2,1.94736842105263,0.315789473684211,"P1 O6","de-protonated",0,NA,"C19 H37 O6 P1",19,37,6,NA,1,NA,NA,NA,NA,NA,NA
1978,392.099407,392.098687014348,392.098704660879,2716947.8,NA,289167.8,13.98,-1,-0.0450053292936081,0.999632546903098,0,0.599779528141859,10,1.05555555555556,0.5,"N1 O9","de-protonated",0,NA,"C18 H19 O9 N1",18,19,9,1,NA,NA,NA,NA,NA,NA,NA
1982,392.135669,392.134948913314,392.135090170264,2540322.8,NA,275594.2,12.93,-1,-0.36022522085576,0.976729842585207,0,0.586037905551124,9,1.21052631578947,0.421052631578947,"N1 O8","de-protonated",0,NA,"C19 H23 O8 N1",19,23,8,1,NA,NA,NA,NA,NA,NA,NA
1987,392.221485,392.220764674212,392.220748348654,2496838,NA,277967.5,12.67,-1,0.0416233917254366,0.999685688334496,0,0.599811413000698,2,2,0.333333333333333,"N1 P1 O6","de-protonated",0,NA,"C18 H36 O6 N1 P1",18,36,6,1,1,NA,NA,NA,NA,NA,NA
1988,392.257874,392.257153572824,392.257133858038,1728853.1,NA,327705.8,8.1,-1,0.0502598531259748,0.999541756057152,0,0.599725053634291,1,2.10526315789474,0.263157894736842,"N1 P1 O5","de-protonated",0,NA,"C19 H40 O5 N1 P1",19,40,5,1,1,NA,NA,NA,NA,NA,NA
1992,393.047015,393.046292374106,393.046334734396,9100955,NA,271459.9,51.92,-1,-0.107774291063174,0.996707037363442,0.992787639574596,0.995139278247903,11,0.823529411764706,0.647058823529412,"O11","de-protonated",0,NA,"C17 H14 O11",17,14,11,NA,NA,NA,NA,NA,NA,NA,NA
1994,393.060053,393.059330337779,393.059221894018,2388640.5,NA,268144.3,12.02,-1,0.275896748218932,0.986283248452338,0,0.591769949071403,6,1.35714285714286,0.785714285714286,"P1 O11","de-protonated",0,NA,"C14 H19 O11 P1",14,19,11,NA,1,NA,NA,NA,NA,NA,NA
1995,393.083297,393.082574273016,393.08272024378,28612266,NA,261863.5,167.9,-1,-0.371348717220817,0.981532378141068,0.978210857367147,0.9802037698315,10,1,0.555555555555556,"O10","de-protonated",0,NA,"C18 H18 O10",18,18,10,NA,NA,NA,NA,NA,NA,NA,NA
1996,393.096348,393.095625236653,393.09547446162,8781488,NA,261359.4,50.02,-1,0.383558302107182,0.966362404050914,0.960860997388417,0.964161841385915,18,0.692307692307692,0.0769230769230769,"S1 O2","de-protonated",0,NA,"C26 H18 O2 S1",26,18,2,NA,NA,1,NA,NA,NA,NA,NA
1997,393.119784,393.119061171355,393.119105753164,50894520,NA,264078,300.35,-1,-0.113405347998804,0.998026433745671,0.993139490842197,0.996071656584282,9,1.15789473684211,0.473684210526316,"O9","de-protonated",0,NA,"C19 H22 O9",19,22,9,NA,NA,NA,NA,NA,NA,NA,NA
1998,393.132864,393.132141134912,393.131992912786,19105470,NA,263235.5,111.39,-1,0.377028906225036,0.975370435209142,0.982360229859221,0.978166353069174,4,1.6875,0.5625,"P1 O9","de-protonated",0,NA,"C16 H27 O9 P1",16,27,9,NA,1,NA,NA,NA,NA,NA,NA
1999,393.156099,393.155376070174,393.155491262549,27621064,NA,263326,162.01,-1,-0.292994444535156,0.978643911691104,0.982284087222635,0.980099981903716,8,1.3,0.4,"O8","de-protonated",0,NA,"C20 H26 O8",20,26,8,NA,NA,NA,NA,NA,NA,NA,NA
2000,393.169122,393.168399033889,393.168378422171,16725710,NA,262274.2,97.24,-1,0.0524246593306565,0.994940602860565,0.952548279895125,0.977983673674389,3,1.82352941176471,0.470588235294118,"P1 O8","de-protonated",0,NA,"C17 H31 O8 P1",17,31,8,NA,1,NA,NA,NA,NA,NA,NA
2002,393.192571,393.191847968555,393.191876771933,3605207.5,NA,273181,19.25,-1,-0.0732552722324308,0.999026759486357,0,0.599416055691814,7,1.42857142857143,0.333333333333333,"O7","de-protonated",0,NA,"C21 H30 O7",21,30,7,NA,NA,NA,NA,NA,NA,NA,NA
2003,393.205656,393.204932932097,393.204763931555,6723293,NA,278821.1,37.79,-1,0.429802885968333,0.483518215340367,0.836034543948893,0.624524746783777,2,1.94444444444444,0.388888888888889,"P1 O7","de-protonated",0,NA,"C18 H35 O7 P1",18,35,7,NA,1,NA,NA,NA,NA,NA,NA
2004,393.27834,393.277616729584,393.277534950324,15623931,NA,261288.2,90.69,-1,0.207942872369835,0.992979476576952,0.954732633290427,0.977680739262342,0,2.15,0.25,"P1 O5","de-protonated",0,NA,"C20 H43 O5 P1",20,43,5,NA,1,NA,NA,NA,NA,NA,NA
2006,394.078505,394.07777950015,394.077969215973,2151494.3,NA,290002.8,10.61,-1,-0.481416973440588,0.958818995099612,0,0.575291397059767,10,1,0.588235294117647,"N1 O10","de-protonated",0,NA,"C17 H17 O10 N1",17,17,10,1,NA,NA,NA,NA,NA,NA,NA
2008,394.091619,394.090893463611,394.090723433813,5878859.5,NA,270185.8,32.77,-1,0.4314483640534,0.483393897688367,0.785920818505338,0.604404666015155,18,0.68,0.08,"N1 S1 O2","de-protonated",0,NA,"C25 H17 O2 S1 N1",25,17,2,1,NA,1,NA,NA,NA,NA,NA
2010,394.115038,394.114312398361,394.114354725357,4106325.3,NA,244342.1,22.23,-1,-0.107397753650604,0.997909309047276,0,0.598745585428366,9,1.16666666666667,0.5,"N1 O9","de-protonated",0,NA,"C18 H21 O9 N1",18,21,9,1,NA,NA,NA,NA,NA,NA,NA
2012,394.128036,394.127310362146,394.127241884979,2160218.8,NA,267987.9,10.66,-1,0.173743804183098,0.994537598396797,0,0.596722559038078,4,1.73333333333333,0.6,"N1 P1 O9","de-protonated",0,NA,"C15 H26 O9 N1 P1",15,26,9,1,1,NA,NA,NA,NA,NA,NA
2015,394.16442,394.163694260772,394.163627394364,13752426,NA,254462.2,79.57,-1,0.169641244251795,0.497395925924275,0.85154837932281,0.639056907283689,3,1.875,0.5,"N1 P1 O8","de-protonated",0,NA,"C16 H30 O8 N1 P1",16,30,8,1,1,NA,NA,NA,NA,NA,NA
2017,394.200801,394.200075159406,394.200012903748,1919608.8,NA,319343.5,9.23,-1,0.157929113348653,0.995484603760465,0,0.597290762256279,2,2,0.411764705882353,"N1 P1 O7","de-protonated",0,NA,"C17 H34 O7 N1 P1",17,34,7,1,1,NA,NA,NA,NA,NA,NA
2018,394.237195,394.236469058005,394.236398413132,1614215.9,NA,262688,7.42,-1,0.179194191333246,0.994190522056284,0,0.59651431323377,1,2.11111111111111,0.333333333333333,"N1 P1 O6","de-protonated",0,NA,"C18 H38 O6 N1 P1",18,38,6,1,1,NA,NA,NA,NA,NA,NA
2026,395.062642,395.06191375813,395.061984798874,19565022,NA,258940.9,110.63,-1,-0.179821766659427,0.98360216700593,0.991705392877594,0.986843457354595,10,0.941176470588235,0.647058823529412,"O11","de-protonated",0,NA,"C17 H16 O11",17,16,11,NA,NA,NA,NA,NA,NA,NA,NA
2027,395.090986,395.090257679157,395.090128099781,7404010,NA,282757.2,40.55,-1,0.327974219633484,0.98718342835218,0.786083181756798,0.906743329714027,9,1.16666666666667,0.444444444444444,"P1 O8","de-protonated",0,NA,"C18 H21 O8 P1",18,21,8,NA,1,NA,NA,NA,NA,NA,NA
2028,395.098978,395.09824965689,395.098370308258,54155756,NA,261774,309.96,-1,-0.30537045314254,0.659981393535158,0.983098412746522,0.789228201219704,9,1.11111111111111,0.555555555555556,"O10","de-protonated",0,NA,"C18 H20 O10",18,20,10,NA,NA,NA,NA,NA,NA,NA,NA
2029,395.111899,395.111170620889,395.111124526098,8319474.5,NA,233517.9,45.83,-1,0.116662851756844,0.498766745064658,0.779247987650237,0.61095924209889,17,0.769230769230769,0.0769230769230769,"S1 O2","de-protonated",0,NA,"C26 H20 O2 S1",26,20,2,NA,NA,1,NA,NA,NA,NA,NA
2030,395.12733,395.126601577895,395.126513609165,14264825,NA,263848.8,80.09,-1,0.222634338223779,0.995152256631237,0.886358729260318,0.951634845682869,8,1.31578947368421,0.368421052631579,"P1 O7","de-protonated",0,NA,"C19 H25 O7 P1",19,25,7,NA,1,NA,NA,NA,NA,NA,NA
2031,395.135373,395.134644555485,395.134755817642,52484604,NA,261617.4,300.33,-1,-0.281580284798476,0.653357330757839,0.978049711736133,0.783234283149156,8,1.26315789473684,0.473684210526316,"O9","de-protonated",0,NA,"C19 H24 O9",19,24,9,NA,NA,NA,NA,NA,NA,NA,NA
2032,395.148492,395.147763518933,395.147642977264,13629954,NA,263440.2,76.43,-1,0.305054757832693,0.986338498502144,0.957777268735905,0.974914006595649,3,1.8125,0.5625,"P1 O9","de-protonated",0,NA,"C16 H29 O9 P1",16,29,9,NA,1,NA,NA,NA,NA,NA,NA
2035,395.171843,395.171114453872,395.171141327027,17697292,NA,262578.5,99.87,-1,-0.068003839058318,0.99947522438972,0.99975857124725,0.999588563132732,7,1.4,0.4,"O8","de-protonated",0,NA,"C20 H28 O8",20,28,8,NA,NA,NA,NA,NA,NA,NA,NA
2036,395.184832,395.184103417682,395.184028486649,12053009,NA,269844.8,67.34,-1,0.18961047916052,0.977085172640015,0.976985877862428,0.97704545472898,2,1.94117647058824,0.470588235294118,"P1 O8","de-protonated",0,NA,"C17 H33 O8 P1",17,33,8,NA,1,NA,NA,NA,NA,NA,NA
2037,395.200041,395.199312375306,395.199284627933,1678871.1,NA,307459.7,7.56,-1,0.0702110902899613,0.99910593098216,0,0.599463558589296,6,1.57142857142857,0.238095238095238,"P1 O5","de-protonated",0,NA,"C21 H33 O5 P1",21,33,5,NA,1,NA,NA,NA,NA,NA,NA
2038,395.20256,395.201831368288,395.201653609596,2560536.3,NA,274716.1,12.64,-1,0.449792377273429,0.963956161318879,0,0.578373696791327,15,1,0.0714285714285714,"O2","de-protonated",0,NA,"C28 H28 O2",28,28,2,NA,NA,NA,NA,NA,NA,NA,NA
2039,395.208182,395.207453352624,395.207526836411,1868826.5,NA,308908.8,8.65,-1,-0.18593721612702,0.99374647357487,0,0.596247884144922,6,1.52380952380952,0.333333333333333,"O7","de-protonated",0,NA,"C21 H32 O7",21,32,7,NA,NA,NA,NA,NA,NA,NA,NA
2040,395.221199,395.220470316355,395.220413996033,2248224,NA,308063.5,10.84,-1,0.142503576283422,0.996322052948729,0,0.597793231769237,1,2.05555555555556,0.388888888888889,"P1 O7","de-protonated",0,NA,"C18 H37 O7 P1",18,37,7,NA,1,NA,NA,NA,NA,NA,NA
2043,396.088638,396.087906899481,396.087746053637,2923400.3,NA,290950.6,14.73,-1,0.406086394579883,0.970521225359489,0,0.582312735215693,18,0.625,0.208333333333333,"N1 O5","de-protonated",0,NA,"C24 H15 O5 N1",24,15,5,1,NA,NA,NA,NA,NA,NA,NA
2046,396.107268,396.106536847574,396.106373498291,3547024,NA,267545.6,18.32,-1,0.412387412939618,0.969613465001991,0,0.581768079001195,17,0.76,0.08,"N1 S1 O2","de-protonated",0,NA,"C25 H19 O2 S1 N1",25,19,2,1,NA,1,NA,NA,NA,NA,NA
2049,396.143708,396.142976746044,396.142891949457,3375007,NA,246295.8,17.33,-1,0.214055555958488,0.991720526135264,0,0.595032315681158,3,1.86666666666667,0.6,"N1 P1 O9","de-protonated",0,NA,"C15 H28 O9 N1 P1",15,28,9,1,1,NA,NA,NA,NA,NA,NA
2052,396.167168,396.16643668068,396.16639029922,2205608.8,NA,259007.1,10.59,-1,0.117075706361959,0.997516023664834,0,0.598509614198901,7,1.42105263157895,0.421052631578947,"N1 O8","de-protonated",0,NA,"C19 H27 O8 N1",19,27,8,1,NA,NA,NA,NA,NA,NA,NA
2054,396.180177,396.179445644434,396.179277458842,1842606.3,NA,298225.3,8.5,-1,0.42451890242668,0.967828854424156,0,0.580697312654494,2,2,0.5,"N1 P1 O8","de-protonated",0,NA,"C16 H32 O8 N1 P1",16,32,8,1,1,NA,NA,NA,NA,NA,NA
2056,397.031342,397.030608272902,397.030505222046,1732112.4,NA,190508.6,7.86,-1,0.259554003087843,0.987850522200861,0,0.592710313320517,14,0.75,0.25,"S1 P1 O5","de-protonated",0,NA,"C20 H15 O5 S1 P1",20,15,5,NA,1,1,NA,NA,NA,NA,NA
2057,397.041922,397.041188243424,397.041249353967,9127189,NA,253650.3,50.48,-1,-0.153914846811388,0.497855372883731,0.85154837932281,0.639332575459363,10,0.875,0.75,"O12","de-protonated",0,NA,"C16 H14 O12",16,14,12,NA,NA,NA,NA,NA,NA,NA,NA
2058,397.057065,397.056331201233,397.056505495252,2444059,NA,257449.3,11.96,-1,-0.438965278824083,0.965640718475855,0,0.579384431085513,14,0.7,0.45,"O9","de-protonated",0,NA,"C20 H14 O9",20,14,9,NA,NA,NA,NA,NA,NA,NA,NA
2059,397.07015,397.069416164775,397.069259713093,6735136.5,NA,260981.7,36.69,-1,0.394016102775477,0.970429770646299,0.932584212737732,0.955291547482872,22,0.5,0.0357142857142857,"S1 O1","de-protonated",0,NA,"C28 H14 O1 S1",28,14,1,NA,NA,1,NA,NA,NA,NA,NA
2060,397.078189,397.077455142377,397.077634863352,32701732,NA,258490.9,186.33,-1,-0.452609160967336,0.976685106429607,0.983903674736974,0.979572533752554,9,1.05882352941176,0.647058823529412,"O11","de-protonated",0,NA,"C17 H18 O11",17,18,11,NA,NA,NA,NA,NA,NA,NA,NA
2062,397.106579,397.105845063276,397.105778164259,21503280,NA,261236.8,121.79,-1,0.16846649167162,0.995145658600716,0.931119051807989,0.969535015883625,8,1.27777777777778,0.444444444444444,"P1 O8","de-protonated",0,NA,"C18 H23 O8 P1",18,23,8,NA,1,NA,NA,NA,NA,NA,NA
2063,397.114653,397.11391904078,397.114020372736,58236212,NA,257726.3,333.47,-1,-0.255170935560022,0.654167554649194,0.972203895299317,0.781382090909243,8,1.22222222222222,0.555555555555556,"O10","de-protonated",0,NA,"C18 H22 O10",18,22,10,NA,NA,NA,NA,NA,NA,NA,NA
2065,397.127723,397.126989004364,397.126907532358,4769080.5,NA,252732.2,25.36,-1,0.205153578147469,0.99239227574002,0,0.595435365444012,3,1.8,0.666666666666667,"P1 O10","de-protonated",0,NA,"C15 H27 O10 P1",15,27,10,NA,1,NA,NA,NA,NA,NA,NA
2066,397.14299,397.142255961827,397.142163673643,25165118,NA,262284.8,142.9,-1,0.232380725104947,0.995081838917147,0.962451983224204,0.98202989663997,7,1.42105263157895,0.368421052631579,"P1 O7","de-protonated",0,NA,"C19 H27 O7 P1",19,27,7,NA,1,NA,NA,NA,NA,NA,NA
2067,397.151008,397.150273939487,397.15040588212,30629186,NA,257369.2,174.38,-1,-0.332223337534303,0.979677120264704,0.987361658368966,0.982750935506409,7,1.36842105263158,0.473684210526316,"O9","de-protonated",0,NA,"C19 H26 O9",19,26,9,NA,NA,NA,NA,NA,NA,NA,NA
2068,397.164004,397.163269903277,397.163160099961,12459336,NA,259882.2,69.68,-1,0.276469037359872,0.979174626025283,0.922096514620203,0.956343381463251,15,0.962962962962963,0.037037037037037,"S1 O1","de-protonated",0,NA,"C27 H26 O1 S1",27,26,1,NA,NA,1,NA,NA,NA,NA,NA
2069,397.179331,397.178596860573,397.178549183027,5871950,NA,268820.2,31.72,-1,0.120040585901434,0.994763476609005,0.946205792132169,0.97534040281827,6,1.55,0.3,"P1 O6","de-protonated",0,NA,"C20 H31 O6 P1",20,31,6,NA,1,NA,NA,NA,NA,NA,NA
2070,397.181835,397.181100853596,397.18091816469,3853647,NA,271111.2,20.09,-1,0.459963955419711,0.481169487635031,0.772687513667176,0.597776698047889,15,0.962962962962963,0.111111111111111,"O3","de-protonated",0,NA,"C27 H26 O3",27,26,3,NA,NA,NA,NA,NA,NA,NA,NA
2071,397.18737,397.186635838174,397.186791391505,8705361,NA,261618.7,48.05,-1,-0.391637721783269,0.979985875549223,0.98745425096328,0.982973225714846,6,1.5,0.4,"O8","de-protonated",0,NA,"C20 H30 O8",20,30,8,NA,NA,NA,NA,NA,NA,NA,NA
2072,397.200465,397.199730801689,397.199678551127,5987671,NA,257413.8,32.38,-1,0.131547343020841,0.498432504335431,0.843720152817574,0.636547563728288,1,2.05882352941176,0.470588235294118,"P1 O8","de-protonated",0,NA,"C17 H35 O8 P1",17,35,8,NA,1,NA,NA,NA,NA,NA,NA
2074,397.223882,397.223147736444,397.223176900889,3047776.5,NA,289448.9,15.44,-1,-0.0734208034855809,0.999022358304868,0,0.599413414982921,5,1.61904761904762,0.333333333333333,"O7","de-protonated",0,NA,"C21 H34 O7",21,34,7,NA,NA,NA,NA,NA,NA,NA,NA
2079,398.122892,398.122155231606,398.122023562769,11343575,NA,252630.4,63.25,-1,0.330724826111301,0.490174494424452,0.785920818505338,0.608473024056806,16,0.84,0.08,"N1 S1 O2","de-protonated",0,NA,"C25 H21 O2 S1 N1",25,21,2,1,NA,1,NA,NA,NA,NA,NA
2083,398.159173,398.15843613052,398.158409072154,2798822.5,NA,247211.3,14.01,-1,0.0679587956501164,0.999162348792864,0,0.599497409275719,15,0.961538461538462,0.0384615384615385,"N1 S1 O1","de-protonated",0,NA,"C26 H25 O1 S1 N1",26,25,1,1,NA,1,NA,NA,NA,NA,NA
2088,399.036456,399.035716686218,399.035770050346,2657364.8,NA,231371.4,13.19,-1,-0.133732692686743,0.996760152778235,0,0.598056091666941,14,0.631578947368421,0.526315789473684,"O10","de-protonated",0,NA,"C19 H12 O10",19,12,10,NA,NA,NA,NA,NA,NA,NA,NA
2089,399.049513,399.048773649838,399.048657209968,3728474.3,NA,268448.2,19.36,-1,0.291793665490439,0.984669542383645,0,0.590801725430187,9,1.0625,0.625,"P1 O10","de-protonated",0,NA,"C16 H17 O10 P1",16,17,10,NA,1,NA,NA,NA,NA,NA,NA
2090,399.057555,399.056815627432,399.056899418445,11036766,NA,257647.7,61.48,-1,-0.209972597609207,0.496016057162932,0.85154837932281,0.638228986026883,9,1,0.75,"O12","de-protonated",0,NA,"C16 H16 O12",16,16,12,NA,NA,NA,NA,NA,NA,NA,NA
2091,399.067217,399.066477600511,399.066282332916,1661025.6,NA,296906.1,7.45,-1,0.489311184926707,0.957486716839249,0,0.574492030103549,22,0.444444444444444,0.148148148148148,"O4","de-protonated",0,NA,"C27 H12 O4",27,12,4,NA,NA,NA,NA,NA,NA,NA,NA
2092,399.07286,399.072120584789,399.07215555973,2964580,NA,296233,14.96,-1,-0.0876406467115507,0.998607284607405,0,0.599164370764443,13,0.8,0.45,"O9","de-protonated",0,NA,"C20 H16 O9",20,16,9,NA,NA,NA,NA,NA,NA,NA,NA
2093,399.085785,399.085045548777,399.084909777571,18018410,NA,258669.5,101.71,-1,0.340206313617358,0.968273118399503,0.955566047023852,0.963190289849242,21,0.571428571428571,0.0357142857142857,"S1 O1","de-protonated",0,NA,"C28 H16 O1 S1",28,16,1,NA,NA,1,NA,NA,NA,NA,NA
2094,399.093851,399.093111526303,399.09328492783,29180012,NA,257861.1,166.03,-1,-0.434488710392905,0.982581832212905,0.99574320477297,0.987846381236931,8,1.17647058823529,0.647058823529412,"O11","de-protonated",0,NA,"C17 H20 O11",17,20,11,NA,NA,NA,NA,NA,NA,NA,NA
2095,399.09704,399.096300517418,399.096276108645,2162286,NA,260534.9,10.34,-1,0.0611601127442433,0.999321510690491,0,0.599592906414295,8,1.3125,0.5,"N2 P1 O8","de-protonated",0,NA,"C16 H21 O8 N2 P1",16,21,8,2,1,NA,NA,NA,NA,NA,NA
2097,399.109142,399.108402483699,399.108541069115,3383411.3,NA,284780.2,17.37,-1,-0.347237408683277,0.978359625915942,0,0.587015775549566,12,0.952380952380952,0.380952380952381,"O8","de-protonated",0,NA,"C21 H20 O8",21,20,8,NA,NA,NA,NA,NA,NA,NA,NA
2098,399.122291,399.121551447063,399.121428228737,35831928,NA,259869,204.36,-1,0.308723906399615,0.990251056033936,0.987103217696998,0.988991920699161,7,1.38888888888889,0.444444444444444,"P1 O8","de-protonated",0,NA,"C18 H25 O8 P1",18,25,8,NA,1,NA,NA,NA,NA,NA,NA
2099,399.130357,399.129617424589,399.129670437214,28319868,NA,257106.8,161.07,-1,-0.13282055554545,0.982171058281964,0.994570034105666,0.987130648611445,7,1.33333333333333,0.555555555555556,"O10","de-protonated",0,NA,"C18 H24 O10",18,24,10,NA,NA,NA,NA,NA,NA,NA,NA
2101,399.158602,399.157862345893,399.157813738121,24354952,NA,257893.9,138.22,-1,0.121775824214542,0.99804066288454,0.963032487360956,0.984037392675106,6,1.52631578947368,0.368421052631579,"P1 O7","de-protonated",0,NA,"C19 H29 O7 P1",19,29,7,NA,1,NA,NA,NA,NA,NA,NA
2102,399.160996,399.160256339222,399.160182719784,3179144.8,NA,250321.1,16.2,-1,0.18443582772441,0.993846746518989,0,0.596308047911393,15,0.923076923076923,0.153846153846154,"O4","de-protonated",0,NA,"C26 H24 O4",26,24,4,NA,NA,NA,NA,NA,NA,NA,NA
2103,399.166622,399.165882323547,399.166055946598,12963979,NA,258939.2,72.58,-1,-0.434964467750094,0.979580811661841,0.995566577975661,0.985975118187369,6,1.47368421052632,0.473684210526316,"O9","de-protonated",0,NA,"C19 H28 O9",19,28,9,NA,NA,NA,NA,NA,NA,NA,NA
2104,399.179562,399.178822287494,399.178810164439,2907792.5,NA,273546.2,14.63,-1,0.0303699858848531,0.999832657340069,0,0.599899594404042,14,1.03703703703704,0.037037037037037,"S1 O1","de-protonated",0,NA,"C27 H28 O1 S1",27,28,1,NA,NA,1,NA,NA,NA,NA,NA
2105,399.195015,399.194275244438,399.194199247505,3712151,NA,276678.4,19.27,-1,0.19037584497781,0.993445338223377,0,0.596067202934026,5,1.65,0.3,"P1 O6","de-protonated",0,NA,"C20 H33 O6 P1",20,33,6,NA,1,NA,NA,NA,NA,NA,NA
2106,399.203088,399.202348221945,399.202441455983,8167578.5,NA,261928.5,44.94,-1,-0.233550770153948,0.49507576191472,0.821075868479145,0.62547580454049,5,1.6,0.4,"O8","de-protonated",0,NA,"C20 H32 O8",20,32,8,NA,NA,NA,NA,NA,NA,NA,NA
2107,399.216237,399.215497185309,399.215328615605,1757343.9,NA,275948.1,8,-1,0.422252584764105,0.968165920479373,0,0.580899552287624,0,2.17647058823529,0.470588235294118,"P1 O8","de-protonated",0,NA,"C17 H37 O8 P1",17,37,8,NA,1,NA,NA,NA,NA,NA,NA
2108,399.239457,399.238717120613,399.238826965367,3345577.5,NA,266085.9,17.15,-1,-0.275135448874432,0.986358325026246,0,0.591814995015747,4,1.71428571428571,0.333333333333333,"O7","de-protonated",0,NA,"C21 H36 O7",21,36,7,NA,NA,NA,NA,NA,NA,NA,NA
2114,400.138605,400.137862615391,400.137673627247,5456418,NA,267169.1,29.32,-1,0.472307797697614,0.480165816449551,0.785920818505338,0.602467817271865,15,0.92,0.08,"N1 S1 O2","de-protonated",0,NA,"C25 H23 O2 S1 N1",25,23,2,1,NA,1,NA,NA,NA,NA,NA
2118,400.198363,400.197620448892,400.197690428176,17183290,NA,257278.8,96.89,-1,-0.174861787838644,0.497233635099996,0.828487690504102,0.629735257261638,5,1.63157894736842,0.421052631578947,"N1 O8","de-protonated",0,NA,"C19 H31 O8 N1",19,31,8,1,NA,NA,NA,NA,NA,NA,NA
2119,400.335756,400.335013066085,400.334990257235,2712180.5,NA,258907.2,13.5,-1,0.0569744097995131,0.999411175861507,0,0.599646705516904,1,2.08695652173913,0.0869565217391304,"N1 P1 O2","de-protonated",0,NA,"C23 H48 O2 N1 P1",23,48,2,1,1,NA,NA,NA,NA,NA,NA
2122,401.036796,401.036051112835,401.036163973539,2109338.3,NA,294133.5,10.03,-1,-0.281422759989353,0.985732250232164,0,0.591439350139299,9,0.933333333333333,0.866666666666667,"O13","de-protonated",0,NA,"C15 H14 O13",15,14,13,NA,NA,NA,NA,NA,NA,NA,NA
2124,401.052074,401.051329070267,401.051420114824,4394912.5,NA,276593.5,23.2,-1,-0.227014672721913,0.990692507267152,0,0.594415504360291,13,0.736842105263158,0.526315789473684,"O10","de-protonated",0,NA,"C19 H14 O10",19,14,10,NA,NA,NA,NA,NA,NA,NA,NA
2125,401.065158,401.064413033812,401.064307274446,9706406,NA,254728.7,53.8,-1,0.263696779621647,0.979017530926077,0.93956504832046,0.96323653788383,8,1.1875,0.625,"P1 O10","de-protonated",0,NA,"C16 H19 O10 P1",16,19,10,NA,1,NA,NA,NA,NA,NA,NA
2126,401.073271,401.072526011208,401.072549482923,8971177,NA,253006.1,49.57,-1,-0.0585223691388802,0.499689377654684,0.85154837932281,0.640432978321934,8,1.125,0.75,"O12","de-protonated",0,NA,"C16 H18 O12",16,18,12,NA,NA,NA,NA,NA,NA,NA,NA
2128,401.088501,401.087755968774,401.087805624208,6738864,NA,272498.1,36.7,-1,-0.123801905817537,0.498611407752552,0.821075868479145,0.627597192043189,12,0.9,0.45,"O9","de-protonated",0,NA,"C20 H18 O9",20,18,9,NA,NA,NA,NA,NA,NA,NA,NA
2129,401.091667,401.090921959952,401.090796805023,2290097.3,NA,271770.6,11.07,-1,0.312036402243051,0.982488084775129,0,0.589492850865078,12,1,0.315789473684211,"N2 P1 O6","de-protonated",0,NA,"C19 H19 O6 N2 P1",19,19,6,2,1,NA,NA,NA,NA,NA,NA
2130,401.101521,401.100775932497,401.10069278383,31622070,NA,252696.5,180.1,-1,0.20730122934169,0.996014416494275,0.983737176683764,0.99110352057007,7,1.35294117647059,0.529411764705882,"P1 O9","de-protonated",0,NA,"C17 H23 O9 P1",17,23,9,NA,1,NA,NA,NA,NA,NA,NA
2131,401.109547,401.108801910135,401.108934992308,14066617,NA,257225.6,78.93,-1,-0.331785610445514,0.490111992027994,0.843720152817574,0.631555256343826,7,1.29411764705882,0.647058823529412,"O11","de-protonated",0,NA,"C17 H22 O11",17,22,11,NA,NA,NA,NA,NA,NA,NA,NA
2133,401.124816,401.124070867592,401.124191133593,7351231,NA,259919,40.23,-1,-0.299822357215791,0.983234972457043,0.995483150848535,0.98813424381364,11,1.04761904761905,0.380952380952381,"O8","de-protonated",0,NA,"C21 H22 O8",21,22,8,NA,NA,NA,NA,NA,NA,NA,NA
2134,401.137871,401.137125831218,401.137078293215,31368132,NA,253668.8,178.63,-1,0.118508126098729,0.994508163277606,0.967383009052546,0.983658101587582,6,1.5,0.444444444444444,"P1 O8","de-protonated",0,NA,"C18 H27 O8 P1",18,27,8,NA,1,NA,NA,NA,NA,NA,NA
2135,401.146015,401.145269808527,401.145320501692,10040264,NA,264446.3,55.73,-1,-0.126371073923284,0.998336126369724,0.982116479230154,0.991848267513896,6,1.44444444444444,0.555555555555556,"O10","de-protonated",0,NA,"C18 H26 O10",18,26,10,NA,NA,NA,NA,NA,NA,NA,NA
2137,401.161315,401.160569765898,401.160576642977,4936654.5,NA,258983.1,26.32,-1,-0.0171429581780041,0.499973338548798,0.806643077274283,0.622641234038992,10,1.18181818181818,0.318181818181818,"O7","de-protonated",0,NA,"C22 H26 O7",22,26,7,NA,NA,NA,NA,NA,NA,NA,NA
2138,401.174362,401.173616729546,401.173463802599,18105300,NA,264878.8,102.2,-1,0.381199059847011,0.983734400842852,0.937607353763969,0.965283582011299,5,1.63157894736842,0.368421052631579,"P1 O7","de-protonated",0,NA,"C19 H31 O7 P1",19,31,7,NA,1,NA,NA,NA,NA,NA,NA
2139,401.182408,401.181662707128,401.181706011076,9266135,NA,262674.7,51.27,-1,-0.107940983914643,0.982071208685011,0.990336353693906,0.985377266688569,5,1.57894736842105,0.473684210526316,"O9","de-protonated",0,NA,"C19 H30 O9",19,30,9,NA,NA,NA,NA,NA,NA,NA,NA
2141,401.210573,401.209827628654,401.209849311983,2983907.3,NA,287673.5,15.07,-1,-0.0540448566241769,0.999470156651251,0,0.599682093990751,4,1.75,0.3,"P1 O6","de-protonated",0,NA,"C20 H35 O6 P1",20,35,6,NA,1,NA,NA,NA,NA,NA,NA
2142,401.218673,401.217927606086,401.218091520461,7031782.5,NA,261984.3,38.39,-1,-0.408541833098283,0.985084354247772,0.990684551123466,0.98732443299805,4,1.7,0.4,"O8","de-protonated",0,NA,"C20 H34 O8",20,34,8,NA,NA,NA,NA,NA,NA,NA,NA
2143,401.255223,401.25447750425,401.254477029845,2392054,NA,250389.4,11.65,-1,0.00118230413731878,0.999999746363243,0,0.599999847817946,3,1.80952380952381,0.333333333333333,"O7","de-protonated",0,NA,"C21 H38 O7",21,38,7,NA,NA,NA,NA,NA,NA,NA,NA
2144,402.059972,402.059224262044,402.059423304857,1655367.9,NA,238746.7,7.41,-1,-0.495058198214447,0.956504371917175,0,0.573902623150305,21,0.5,0.0769230769230769,"N1 S1 O2","de-protonated",0,NA,"C26 H13 O2 S1 N1",26,13,2,1,NA,1,NA,NA,NA,NA,NA
2147,402.112831,402.112083114767,402.112067277234,2124126,NA,242312,10.11,-1,0.0393858694765684,0.999718567930959,0,0.599831140758575,10,1.23809523809524,0.0476190476190476,"N1 S2 P1 O1","de-protonated",0,NA,"C21 H26 O1 S2 N1 P1",21,26,1,1,1,2,NA,NA,NA,NA,NA
2150,402.135605,402.134857051314,402.134696247071,2583911.8,NA,250156.1,12.76,-1,0.399876570449374,0.9714029855055,0,0.5828417913033,15,0.875,0.208333333333333,"N1 O5","de-protonated",0,NA,"C24 H21 O5 N1",24,21,5,1,NA,NA,NA,NA,NA,NA,NA
2155,402.213956,402.213207833011,402.213340492654,2062728.6,NA,236991.1,9.75,-1,-0.329824074589956,0.980454833265973,0,0.588272899959584,4,1.73684210526316,0.421052631578947,"N1 O8","de-protonated",0,NA,"C19 H33 O8 N1",19,33,8,1,NA,NA,NA,NA,NA,NA,NA
2157,402.269044,402.268295679524,402.268353446693,2265503.8,NA,269214.2,10.92,-1,-0.143603563926799,0.996265160100759,0,0.597759096060456,2,1.95238095238095,0.19047619047619,"N1 S1 O4","de-protonated",0,NA,"C21 H41 O4 S1 N1",21,41,4,1,NA,1,NA,NA,NA,NA,NA
2163,403.031255,403.030504555838,403.030684669918,3899104.5,NA,269975.4,20.33,-1,-0.446899173871723,0.964410035396448,0,0.578646021237869,13,0.666666666666667,0.611111111111111,"O11","de-protonated",0,NA,"C18 H12 O11",18,12,11,NA,NA,NA,NA,NA,NA,NA,NA
2164,403.044483,403.043732518982,403.04357182954,2316006,NA,278480.4,11.21,-1,0.398690000574301,0.971570015721098,0,0.582942009432659,8,1.13333333333333,0.733333333333333,"P1 O11","de-protonated",0,NA,"C15 H17 O11 P1",15,17,11,NA,1,NA,NA,NA,NA,NA,NA
2165,403.067732,403.066981454205,403.067070179302,8902384,NA,262109.1,49.17,-1,-0.220124896768839,0.994627350059906,0.989314561444588,0.992502234613779,12,0.842105263157895,0.526315789473684,"O10","de-protonated",0,NA,"C19 H16 O10",19,16,10,NA,NA,NA,NA,NA,NA,NA,NA
2166,403.080714,403.079963418034,403.079824397142,15582965,NA,248186.5,87.66,-1,0.344896676276517,0.976913537461512,0.915538030713524,0.952363334762317,20,0.592592592592593,0.0740740740740741,"S1 O2","de-protonated",0,NA,"C27 H16 O2 S1",27,16,2,NA,NA,1,NA,NA,NA,NA,NA
2167,403.088627,403.087876395987,403.087686483065,3956472.8,NA,247514.7,20.67,-1,0.471145431680807,0.480261371040196,0.759892473118277,0.592113811871429,25,0.413793103448276,0.0344827586206897,"N2 O1","de-protonated",0,NA,"C29 H12 O1 N2",29,12,1,2,NA,NA,NA,NA,NA,NA,NA
2168,403.098468,403.097717368568,403.097582461872,9117437,NA,257862.9,50.41,-1,0.334675030714617,0.489940770445388,0.772687513667176,0.603039467734103,20,0.592592592592593,0.148148148148148,"O4","de-protonated",0,NA,"C27 H16 O4",27,16,4,NA,NA,NA,NA,NA,NA,NA,NA
2169,403.104027,403.103276353079,403.103455688686,15496959,NA,259135.3,87.17,-1,-0.444887298348488,0.48236202441589,0.821075868479145,0.617847562041192,11,1,0.45,"O9","de-protonated",0,NA,"C20 H20 O9",20,20,9,NA,NA,NA,NA,NA,NA,NA,NA
2170,403.117132,403.116381316566,403.116209906527,28452612,NA,252240.8,161.83,-1,0.425212469090954,0.241931341067324,0.716989585832438,0.43195463897337,19,0.714285714285714,0.0357142857142857,"S1 O1","de-protonated",0,NA,"C28 H20 O1 S1",28,20,1,NA,NA,1,NA,NA,NA,NA,NA
2171,403.12529,403.124539293836,403.124585056786,3880712,NA,259835.9,20.23,-1,-0.113520613065551,0.997664415287429,0,0.598598649172458,6,1.41176470588235,0.647058823529412,"O11","de-protonated",0,NA,"C17 H24 O11",17,24,11,NA,NA,NA,NA,NA,NA,NA,NA
2173,403.140548,403.139797251324,403.139841198071,13256463,NA,248995.8,74.26,-1,-0.109011173172174,0.998922945441065,0.992545934247126,0.996372140963489,10,1.14285714285714,0.380952380952381,"O8","de-protonated",0,NA,"C21 H24 O8",21,24,8,NA,NA,NA,NA,NA,NA,NA,NA
2174,403.153583,403.152832215005,403.152728357693,18519828,NA,256149,104.59,-1,0.257612823460319,0.994005318420836,0.927691906655135,0.967479953714556,5,1.61111111111111,0.444444444444444,"P1 O8","de-protonated",0,NA,"C18 H29 O8 P1",18,29,8,NA,1,NA,NA,NA,NA,NA,NA
2175,403.161593,403.160842192688,403.16097056617,5904151.5,NA,254304.1,31.89,-1,-0.318417435567826,0.490885585498467,0.836034543948893,0.628945168878637,5,1.55555555555556,0.555555555555556,"O10","de-protonated",0,NA,"C18 H28 O10",18,28,10,NA,NA,NA,NA,NA,NA,NA,NA
2176,403.17128,403.170529165698,403.17035348064,5270299.5,NA,254278.7,28.24,-1,0.435758868814731,0.483066135586844,0.759892473118277,0.593796670599418,18,0.827586206896552,0.0689655172413793,"O2","de-protonated",0,NA,"C29 H24 O2",29,24,2,NA,NA,NA,NA,NA,NA,NA,NA
2177,403.176865,403.176114150136,403.176226707455,4264734,NA,256568.4,22.44,-1,-0.279176476554314,0.985957507839958,0,0.591574504703975,9,1.27272727272727,0.318181818181818,"O7","de-protonated",0,NA,"C22 H28 O7",22,28,7,NA,NA,NA,NA,NA,NA,NA,NA
2178,403.189864,403.189113113918,403.189113867077,11527971,NA,252858.9,64.3,-1,-0.00186800285897254,0.999958458672777,0.903250847004717,0.961275414005553,4,1.73684210526316,0.368421052631579,"P1 O7","de-protonated",0,NA,"C19 H33 O7 P1",19,33,7,NA,1,NA,NA,NA,NA,NA,NA
2179,403.198002,403.197251091244,403.197356075554,5487398.5,NA,262664.4,29.49,-1,-0.260379460761678,0.493886798314678,0.828487690504102,0.627727155190448,4,1.68421052631579,0.473684210526316,"O9","de-protonated",0,NA,"C19 H32 O9",19,32,9,NA,NA,NA,NA,NA,NA,NA,NA
2180,403.207664,403.206913064324,403.206738990025,1590826.8,NA,218412.2,7.03,-1,0.431724676819454,0.966745957040254,0,0.580047574224153,17,0.933333333333333,0.0333333333333333,"O1","de-protonated",0,NA,"C30 H28 O1",30,28,1,NA,NA,NA,NA,NA,NA,NA,NA
2182,403.23438,403.233628989887,403.233741584939,3450678,NA,268990.3,17.75,-1,-0.279230232758487,0.985952137644828,0,0.591571282586897,3,1.8,0.4,"O8","de-protonated",0,NA,"C20 H36 O8",20,36,8,NA,NA,NA,NA,NA,NA,NA,NA
2189,404.112195,404.111441544103,404.11145887872,1735848.1,NA,230182.5,7.87,-1,-0.0428956319728296,0.999666183751555,0,0.599799710250933,19,0.703703703703704,0.037037037037037,"N1 S1 O1","de-protonated",0,NA,"C27 H19 O1 S1 N1",27,19,1,1,NA,1,NA,NA,NA,NA,NA
2199,404.938961,404.938205240553,404.938047586168,11090437,NA,255730,61.77,-1,0.389329641385452,0.486435613994625,0.85154837932281,0.632480720125899,14,0.375,0.5625,"S2 O9","de-protonated",0,NA,"C16 H6 O9 S2",16,6,9,NA,NA,2,NA,NA,NA,NA,NA
2200,405.047047,405.046290939402,405.046334734396,7846451,NA,259859.5,43.08,-1,-0.108123416866871,0.498940495484219,0.836034543948893,0.633778114870089,12,0.777777777777778,0.611111111111111,"O11","de-protonated",0,NA,"C18 H14 O11",18,14,11,NA,NA,NA,NA,NA,NA,NA,NA
2201,405.060093,405.059336903053,405.059221894018,5083704.5,NA,261232.3,27.16,-1,0.283931408147003,0.985478610511089,0,0.591287166306653,7,1.26666666666667,0.733333333333333,"P1 O11","de-protonated",0,NA,"C15 H19 O11 P1",15,19,11,NA,1,NA,NA,NA,NA,NA,NA
2202,405.08338,405.08262383817,405.08272024378,17398338,NA,258249.7,98.12,-1,-0.237989933677134,0.991881210839334,0.976235784490589,0.985623040299836,11,0.947368421052632,0.526315789473684,"O10","de-protonated",0,NA,"C19 H18 O10",19,18,10,NA,NA,NA,NA,NA,NA,NA,NA
2203,405.096365,405.095608801991,405.09547446162,17500744,NA,250474.8,98.71,-1,0.33162644206305,0.977291278093572,0.942909430704199,0.963538539137823,19,0.666666666666667,0.0740740740740741,"S1 O2","de-protonated",0,NA,"C27 H18 O2 S1",27,18,2,NA,NA,1,NA,NA,NA,NA,NA
2204,405.114169,405.113412752385,405.11323252635,8829519,NA,253398.2,48.74,-1,0.444878175206916,0.482362734888306,0.772687513667176,0.598492646399854,19,0.666666666666667,0.148148148148148,"O4","de-protonated",0,NA,"C27 H18 O4",27,18,4,NA,NA,NA,NA,NA,NA,NA,NA
2205,405.119752,405.11899573683,405.119105753164,29952594,NA,253128.3,170.47,-1,-0.271565405823737,0.988654648781143,0.988782966318262,0.98870597579599,10,1.1,0.45,"O9","de-protonated",0,NA,"C20 H22 O9",20,22,9,NA,NA,NA,NA,NA,NA,NA,NA
2206,405.132819,405.132062700422,405.131992912786,17742424,NA,251066.9,100.1,-1,0.172259010359589,0.994985505411443,0.933340914961975,0.970327669231656,5,1.58823529411765,0.529411764705882,"P1 O9","de-protonated",0,NA,"C17 H27 O9 P1",17,27,9,NA,1,NA,NA,NA,NA,NA,NA
2208,405.156162,405.155405635384,405.155491262549,16112225,NA,253091.7,90.71,-1,-0.211343957241977,0.995809933554702,0.975002028094776,0.987486771370731,9,1.23809523809524,0.380952380952381,"O8","de-protonated",0,NA,"C21 H26 O8",21,26,8,NA,NA,NA,NA,NA,NA,NA,NA
2209,405.16919,405.168433599085,405.168378422171,14441063,NA,262057.4,81.08,-1,0.136182676769231,0.997325799821681,0.920396010924625,0.966553884262858,4,1.72222222222222,0.444444444444444,"P1 O8","de-protonated",0,NA,"C18 H31 O8 P1",18,31,8,NA,1,NA,NA,NA,NA,NA,NA
2210,405.177212,405.176455576734,405.176620630648,1679978.1,NA,283270.3,7.54,-1,-0.407362877530725,0.970338388628415,0,0.582203033177049,4,1.66666666666667,0.555555555555556,"O10","de-protonated",0,NA,"C18 H30 O10",18,30,10,NA,NA,NA,NA,NA,NA,NA,NA
2211,405.186881,405.186124549794,405.186003545118,3291758.3,NA,266319,16.83,-1,0.298639821157262,0.983947599522829,0,0.590368559713697,17,0.896551724137931,0.0689655172413793,"O2","de-protonated",0,NA,"C29 H26 O2",29,26,2,NA,NA,NA,NA,NA,NA,NA,NA
2212,405.190266,405.189509540363,405.189374848488,3274351.8,NA,282720.8,16.73,-1,0.332417093439554,0.980149386443933,0,0.58808963186636,12,1.15384615384615,0.0769230769230769,"S1 O2","de-protonated",0,NA,"C26 H30 O2 S1",26,30,2,NA,NA,1,NA,NA,NA,NA,NA
2213,405.192425,405.191668534347,405.191714580681,3916400.5,NA,254670.4,20.43,-1,-0.113640856577387,0.997659470660206,0,0.598595682396123,3,2.05882352941176,0.0588235294117647,"N4 S2 P1 O1","de-protonated",0,NA,"C17 H35 O1 S2 N4 P1",17,35,1,4,1,2,NA,NA,NA,NA,NA
2214,405.205558,405.204801497756,405.204763931555,5613174,NA,265324.1,30.21,-1,0.0927091786050604,0.499220832747788,0.828487690504102,0.630927575850314,3,1.84210526315789,0.368421052631579,"P1 O7","de-protonated",0,NA,"C19 H35 O7 P1",19,35,7,NA,1,NA,NA,NA,NA,NA,NA
2215,405.213621,405.21286447529,405.213006140032,2251897.5,NA,297174.7,10.84,-1,-0.349605614014392,0.978066710897044,0,0.586840026538226,3,1.78947368421053,0.473684210526316,"O9","de-protonated",0,NA,"C19 H34 O9",19,34,9,NA,NA,NA,NA,NA,NA,NA,NA
2217,406.078734,406.077975064897,406.077969215973,2495975.8,NA,292679.4,12.24,-1,0.0144034512119349,0.999962357471668,0,0.599977414483001,11,0.944444444444444,0.555555555555556,"N1 O10","de-protonated",0,NA,"C18 H17 O10 N1",18,17,10,1,NA,NA,NA,NA,NA,NA,NA
2220,406.114955,406.114195963978,406.114354725357,3094007,NA,261635.1,15.69,-1,-0.390927771532326,0.97265113302555,0,0.58359067981533,10,1.10526315789474,0.473684210526316,"N1 O9","de-protonated",0,NA,"C19 H21 O9 N1",19,21,9,1,NA,NA,NA,NA,NA,NA,NA
2223,406.151534,406.150774862061,406.150740234742,1965574.6,NA,259434.4,9.18,-1,0.0852573084547753,0.998681953607482,0,0.599209172164489,9,1.25,0.4,"N1 O8","de-protonated",0,NA,"C20 H25 O8 N1",20,25,8,1,NA,NA,NA,NA,NA,NA,NA
2226,406.237288,406.236528623131,406.236398413132,2235435,NA,292390.4,10.74,-1,0.320527652111812,0.981531010519265,0,0.588918606311559,2,2,0.315789473684211,"N1 P1 O6","de-protonated",0,NA,"C19 H38 O6 N1 P1",19,38,6,1,1,NA,NA,NA,NA,NA,NA
2230,407.026217,407.025455425003,407.025599289489,3825017.5,NA,250007.7,19.9,-1,-0.35345316496369,0.977586765596838,0,0.586552059358103,12,0.705882352941177,0.705882352941177,"O12","de-protonated",0,NA,"C17 H12 O12",17,12,12,NA,NA,NA,NA,NA,NA,NA,NA
2231,407.062617,407.061855323585,407.061984798874,13376905,NA,254599.7,74.94,-1,-0.318072661431403,0.981766958500261,0.97300982223153,0.978264103992769,11,0.888888888888889,0.611111111111111,"O11","de-protonated",0,NA,"C18 H16 O11",18,16,11,NA,NA,NA,NA,NA,NA,NA,NA
2232,407.065044,407.064282316823,407.064191589284,3216266,NA,269532.4,16.39,-1,0.22288263170151,0.991026736144693,0,0.594616041686816,15,0.8,0.1,"N4 S2 O2","de-protonated",0,NA,"C20 H16 O2 S2 N4",20,16,2,4,NA,2,NA,NA,NA,NA,NA
2233,407.075673,407.074911287208,407.074739016714,3956110.5,NA,284632.2,20.65,-1,0.423191314258899,0.484013254648963,0.779247987650237,0.602107147849473,19,0.615384615384615,0.115384615384615,"S1 O3","de-protonated",0,NA,"C26 H16 O3 S1",26,16,3,NA,NA,1,NA,NA,NA,NA,NA
2234,407.099063,407.098301222038,407.098370308258,35630488,NA,251008.1,203.18,-1,-0.16970399474661,0.994753339211872,0.985519011720288,0.991059608215238,10,1.05263157894737,0.526315789473684,"O10","de-protonated",0,NA,"C19 H20 O10",19,20,10,NA,NA,NA,NA,NA,NA,NA,NA
2235,407.112059,407.111297185829,407.111124526098,10851742,NA,243697.7,60.39,-1,0.424109585446935,0.483944928168117,0.772687513667176,0.599441962367741,18,0.740740740740741,0.0740740740740741,"S1 O2","de-protonated",0,NA,"C27 H20 O2 S1",27,20,2,NA,NA,1,NA,NA,NA,NA,NA
2236,407.135358,407.134596120913,407.134755817642,40848808,NA,252636.1,233.25,-1,-0.39224538681481,0.977207568788088,0.985220245890287,0.980412639628968,9,1.2,0.45,"O9","de-protonated",0,NA,"C20 H24 O9",20,24,9,NA,NA,NA,NA,NA,NA,NA,NA
2237,407.148436,407.147674084474,407.147510035483,14077358,NA,250193.2,78.98,-1,0.402922743316799,0.981800262914258,0.944821085622571,0.967008591997583,17,0.857142857142857,0.0357142857142857,"S1 O1","de-protonated",0,NA,"C28 H24 O1 S1",28,24,1,NA,NA,1,NA,NA,NA,NA,NA
2239,407.17186,407.17109801921,407.171141327027,12656056,NA,251077.1,70.79,-1,-0.106362686878933,0.498974686293725,0.813795485951173,0.624903006156704,8,1.33333333333333,0.380952380952381,"O8","de-protonated",0,NA,"C21 H28 O8",21,28,8,NA,NA,NA,NA,NA,NA,NA,NA
2240,407.184945,407.184182982752,407.184028486649,13020605,NA,251294.8,72.89,-1,0.379425745913294,0.987106189084033,0.983745631067302,0.98576196587734,3,1.83333333333333,0.444444444444444,"P1 O8","de-protonated",0,NA,"C18 H33 O8 P1",18,33,8,NA,1,NA,NA,NA,NA,NA,NA
2241,407.202526,407.201763933768,407.201653609596,1835460.5,NA,262295.7,8.43,-1,0.270932523257965,0.986769169437527,0,0.592061501662516,16,0.96551724137931,0.0689655172413793,"O2","de-protonated",0,NA,"C29 H28 O2",29,28,2,NA,NA,NA,NA,NA,NA,NA,NA
2242,407.20821,407.207447917931,407.207526836411,2188743,NA,251903,10.47,-1,-0.193804079386411,0.993207954417646,0,0.595924772650588,7,1.45454545454545,0.318181818181818,"O7","de-protonated",0,NA,"C22 H32 O7",22,32,7,NA,NA,NA,NA,NA,NA,NA,NA
2243,407.22113,407.220367881933,407.220413996033,3993036.5,NA,258726.6,20.87,-1,-0.113241130048064,0.997675887997477,0,0.598605532798486,2,1.94736842105263,0.368421052631579,"P1 O7","de-protonated",0,NA,"C19 H37 O7 P1",19,37,7,NA,1,NA,NA,NA,NA,NA,NA
2244,408.057908,408.057143550487,408.057233771067,1711408.1,NA,233025.1,7.72,-1,-0.221097855886966,0.991169237166154,0,0.594701542299692,11,0.882352941176471,0.647058823529412,"N1 O11","de-protonated",0,NA,"C17 H15 O11 N1",17,15,11,1,NA,NA,NA,NA,NA,NA,NA
2246,408.094238,408.093473449264,408.093619280451,3358527.5,NA,254880.2,17.21,-1,-0.357347383490982,0.977095893713828,0,0.586257536228297,10,1.05555555555556,0.555555555555556,"N1 O10","de-protonated",0,NA,"C18 H19 O10 N1",18,19,10,1,NA,NA,NA,NA,NA,NA,NA
2248,408.11563,408.114865389661,408.11474864855,1936200.8,NA,315608.4,9.01,-1,0.286049722960933,0.985262734472006,0,0.591157640683204,5,1.53333333333333,0.8,"N1 O12","de-protonated",0,NA,"C15 H23 O12 N1",15,23,12,1,NA,NA,NA,NA,NA,NA,NA
2249,408.130585,408.129820347993,408.130004789835,2458447,NA,276260.9,12.02,-1,-0.451919339045268,0.963620761407556,0,0.578172456844533,9,1.21052631578947,0.473684210526316,"N1 O9","de-protonated",0,NA,"C19 H23 O9 N1",19,23,9,1,NA,NA,NA,NA,NA,NA,NA
2251,408.143686,408.142921311491,408.142759007676,1693524.6,NA,247311.9,7.61,-1,0.397664326385185,0.971714020162077,0,0.583028412097246,17,0.851851851851852,0.037037037037037,"N1 S1 O1","de-protonated",0,NA,"C27 H23 O1 S1 N1",27,23,1,1,NA,1,NA,NA,NA,NA,NA
2254,408.180022,408.179257210251,408.179277458842,1632100.1,NA,281191,7.26,-1,-0.0496071008984769,0.999553579052121,0,0.599732147431273,3,1.88235294117647,0.470588235294118,"N1 P1 O8","de-protonated",0,NA,"C17 H32 O8 N1 P1",17,32,8,1,1,NA,NA,NA,NA,NA,NA
2258,409.041934,409.041166808776,409.041249353967,7047379.5,NA,270331.5,38.46,-1,-0.201801630190965,0.49631896797804,0.843720152817574,0.635279441913854,11,0.823529411764706,0.705882352941177,"O12","de-protonated",0,NA,"C17 H14 O12",17,14,12,NA,NA,NA,NA,NA,NA,NA,NA
2260,409.07829,409.077522707481,409.077634863352,25981154,NA,252288.5,147.57,-1,-0.274167692195472,0.493226735207823,0.836034543948893,0.630349858704251,10,1,0.611111111111111,"O11","de-protonated",0,NA,"C18 H18 O11",18,18,11,NA,NA,NA,NA,NA,NA,NA,NA
2261,409.091196,409.090428671522,409.090389081192,2937064.3,NA,182643.3,14.78,-1,0.0967764844156226,0.998302051376228,0,0.598981230825737,18,0.692307692307692,0.115384615384615,"S1 O3","de-protonated",0,NA,"C26 H18 O3 S1",26,18,3,NA,NA,1,NA,NA,NA,NA,NA
2262,409.106554,409.105786628731,409.105778164259,9464047,NA,253044.4,52.39,-1,0.0206901804833606,0.989226753990968,0.848208095601888,0.932819290635336,9,1.21052631578947,0.421052631578947,"P1 O8","de-protonated",0,NA,"C19 H23 O8 P1",19,23,8,NA,1,NA,NA,NA,NA,NA,NA
2263,409.114606,409.113838606296,409.114020372736,51851508,NA,250711.9,296.65,-1,-0.444292863605642,0.652564831192133,0.97704983847325,0.78235883410458,9,1.15789473684211,0.526315789473684,"O10","de-protonated",0,NA,"C19 H22 O10",19,22,10,NA,NA,NA,NA,NA,NA,NA,NA
2264,409.12769,409.126922569841,409.126774590576,14303480,NA,248591,80.28,-1,0.361695382141387,0.971219353016105,0.911322480964316,0.947260604195389,17,0.814814814814815,0.0740740740740741,"S1 O2","de-protonated",0,NA,"C27 H22 O2 S1",27,22,2,NA,NA,1,NA,NA,NA,NA,NA
2265,409.143055,409.142287527031,409.142163673643,7858430.5,NA,264128.4,43.14,-1,0.302714800376411,0.991730328052475,0.881828330882188,0.94776952918436,8,1.35,0.35,"P1 O7","de-protonated",0,NA,"C20 H27 O7 P1",20,27,7,NA,1,NA,NA,NA,NA,NA,NA
2266,409.15111,409.150342504588,409.15040588212,31740162,NA,249432.3,180.76,-1,-0.154900327964587,0.991916409479522,0.994353116574343,0.99289109231745,8,1.3,0.45,"O9","de-protonated",0,NA,"C20 H26 O9",20,26,9,NA,NA,NA,NA,NA,NA,NA,NA
2267,409.164154,409.163386468245,409.163293041742,13435143,NA,250705.4,75.27,-1,0.228335493724789,0.994162489584878,0.991596157429292,0.993135956722644,3,1.82352941176471,0.529411764705882,"P1 O9","de-protonated",0,NA,"C17 H31 O9 P1",17,31,9,NA,1,NA,NA,NA,NA,NA,NA
2268,409.179434,409.178666425671,409.178549183027,3394830,NA,279417,17.41,-1,0.286531746450954,0.985213394317846,0,0.591128036590708,7,1.47619047619048,0.285714285714286,"P1 O6","de-protonated",0,NA,"C21 H31 O6 P1",21,31,6,NA,1,NA,NA,NA,NA,NA,NA
2269,409.181875,409.18110741887,409.18091816469,3653903,NA,254581.6,18.91,-1,0.462519564847758,0.480963703390423,0.766236582456902,0.595072855017014,16,0.928571428571429,0.107142857142857,"O3","de-protonated",0,NA,"C28 H26 O3",28,26,3,NA,NA,NA,NA,NA,NA,NA,NA
2270,409.187362,409.186594403582,409.186791391505,6355217.5,NA,259539.5,34.47,-1,-0.481413199081392,0.479409813670935,0.813795485951173,0.61316408258303,7,1.42857142857143,0.380952380952381,"O8","de-protonated",0,NA,"C21 H30 O8",21,30,8,NA,NA,NA,NA,NA,NA,NA,NA
2271,409.200456,409.1996883671,409.199678551127,7850263,NA,258327.9,43.09,-1,0.0239882224864849,0.499947796779468,0.836034543948893,0.634382495647238,2,1.94444444444444,0.444444444444444,"P1 O8","de-protonated",0,NA,"C18 H35 O8 P1",18,35,8,NA,1,NA,NA,NA,NA,NA,NA
2272,409.218201,409.217433317658,409.217303674074,1761566.5,NA,217522.5,8,-1,0.316808655583544,0.981953237206957,0,0.589171942324174,15,1.03448275862069,0.0689655172413793,"O2","de-protonated",0,NA,"C29 H30 O2",29,30,2,NA,NA,NA,NA,NA,NA,NA,NA
2273,409.236856,409.236088265681,409.236064060511,2831654.5,NA,267905,14.17,-1,0.0591472072403811,0.999365422774184,0,0.59961925366451,1,2.05263157894737,0.368421052631579,"P1 O7","de-protonated",0,NA,"C19 H39 O7 P1",19,39,7,NA,1,NA,NA,NA,NA,NA,NA
2274,410.073512,410.072741934575,410.072883835545,2516107.8,NA,275901.9,12.35,-1,-0.346038411612296,0.978507199721948,0,0.587104319833169,10,1,0.647058823529412,"N1 O11","de-protonated",0,NA,"C17 H17 O11 N1",17,17,11,1,NA,NA,NA,NA,NA,NA,NA
2275,410.081528,410.080757912241,410.080767148278,5077647,NA,257637.6,27.11,-1,-0.0225224820165781,0.499953981088313,0.806643077274283,0.622629619562701,13,1,0.0454545454545455,"N1 S2 P1 O1","de-protonated",0,NA,"C22 H22 O1 S2 N1 P1",22,22,1,1,1,2,NA,NA,NA,NA,NA
2278,410.122865,410.122094797067,410.122023562769,2035872.8,NA,248223.4,9.58,-1,0.17369049617172,0.994540940662234,0,0.59672456439734,17,0.807692307692308,0.0769230769230769,"N1 S1 O2","de-protonated",0,NA,"C26 H21 O2 S1 N1",26,21,2,1,NA,1,NA,NA,NA,NA,NA
2282,410.15931,410.158539695523,410.158409072154,2329264.3,NA,244754.6,11.27,-1,0.318470539280889,0.981765146084929,0,0.589059087650957,16,0.925925925925926,0.037037037037037,"N1 S1 O1","de-protonated",0,NA,"C27 H25 O1 S1 N1",27,25,1,1,NA,1,NA,NA,NA,NA,NA
2284,410.195757,410.194986593974,410.19492752332,3734208,NA,250751.5,19.37,-1,0.144006301764964,0.996244221366688,0,0.597746532820013,2,2,0.470588235294118,"N1 P1 O8","de-protonated",0,NA,"C17 H34 O8 N1 P1",17,34,8,1,1,NA,NA,NA,NA,NA,NA
2286,411.021093,411.020320294408,411.020513909061,2298913,NA,280513.6,10.83,-1,-0.471058368879052,0.960537038991046,0,0.576322223394627,11,0.75,0.8125,"O13","de-protonated",0,NA,"C16 H12 O13",16,12,13,NA,NA,NA,NA,NA,NA,NA,NA
2287,411.057607,411.056834192672,411.056899418445,13845553,NA,260578.4,75.81,-1,-0.158678210187339,0.989849393478008,0.959732441447922,0.977802612665974,10,0.941176470588235,0.705882352941177,"O12","de-protonated",0,NA,"C17 H16 O12",17,16,12,NA,NA,NA,NA,NA,NA,NA,NA
2288,411.085922,411.08514911378,411.085042719352,10206269,NA,251164.5,55.33,-1,0.258813668919404,0.990982302991091,0.893376051221887,0.95193980228341,9,1.16666666666667,0.5,"P1 O9","de-protonated",0,NA,"C18 H21 O9 P1",18,21,9,NA,1,NA,NA,NA,NA,NA,NA
2289,411.093914,411.093141091513,411.09328492783,37270592,NA,248783.8,207.62,-1,-0.349887293115227,0.977065934059662,0.995116752375123,0.984286261385847,9,1.11111111111111,0.611111111111111,"O11","de-protonated",0,NA,"C18 H20 O11",18,20,11,NA,NA,NA,NA,NA,NA,NA,NA
2290,411.106788,411.106015055643,411.10603914567,4880454,NA,218840.4,25.36,-1,-0.0585980855230371,0.499688573617356,0.779247987650237,0.611512339230508,17,0.769230769230769,0.115384615384615,"S1 O3","de-protonated",0,NA,"C26 H20 O3 S1",26,20,3,NA,NA,1,NA,NA,NA,NA,NA
2291,411.122281,411.121508012476,411.121428228737,18175052,NA,251864,100.17,-1,0.194063686124339,0.991265608623187,0.949892777825207,0.974716476303995,8,1.31578947368421,0.421052631578947,"P1 O8","de-protonated",0,NA,"C19 H25 O8 P1",19,25,8,NA,1,NA,NA,NA,NA,NA,NA
2292,411.130347,411.129573990003,411.129670437214,41342032,NA,248332.7,230.53,-1,-0.234590734257195,0.987515359873199,0.996303194406099,0.991030493686359,8,1.26315789473684,0.526315789473684,"O10","de-protonated",0,NA,"C19 H24 O10",19,24,10,NA,NA,NA,NA,NA,NA,NA,NA
2293,411.143458,411.142684953473,411.142557596836,4924501.5,NA,223790.1,25.61,-1,0.309762719419718,0.982740152250082,0,0.589644091350049,3,1.8125,0.625,"P1 O10","de-protonated",0,NA,"C16 H29 O10 P1",16,29,10,NA,1,NA,NA,NA,NA,NA,NA
2294,411.158746,411.157972910877,411.157813738121,13476956,NA,253181.3,73.73,-1,0.387132995536805,0.986423446144576,0.954401394682855,0.973614625559887,7,1.45,0.35,"P1 O7","de-protonated",0,NA,"C20 H29 O7 P1",20,29,7,NA,1,NA,NA,NA,NA,NA,NA
2296,411.166773,411.165999888512,411.166055946598,16700511,NA,253086.5,91.87,-1,-0.136339285596666,0.98814925679578,0.993438668865584,0.990265021623701,7,1.4,0.45,"O9","de-protonated",0,NA,"C20 H28 O9",20,28,9,NA,NA,NA,NA,NA,NA,NA,NA
2297,411.179793,411.179019852235,411.17894310622,9935973,NA,260606.3,53.81,-1,0.186648699926256,0.994304926382193,0.962947653438251,0.981762017204616,2,1.94117647058824,0.529411764705882,"P1 O9","de-protonated",0,NA,"C17 H33 O9 P1",17,33,9,NA,1,NA,NA,NA,NA,NA,NA
2298,411.195036,411.194262809765,411.194199247505,2847339.5,NA,276879.7,13.92,-1,0.154579661138044,0.99567369247979,0,0.597404215487874,6,1.57142857142857,0.285714285714286,"P1 O6","de-protonated",0,NA,"C21 H33 O6 P1",21,33,6,NA,1,NA,NA,NA,NA,NA,NA
2299,411.197507,411.19673380288,411.196568229168,2420844.8,NA,266699.5,11.52,-1,0.402663166584652,0.971008886148645,0,0.582605331689187,15,1,0.107142857142857,"O3","de-protonated",0,NA,"C28 H28 O3",28,28,3,NA,NA,NA,NA,NA,NA,NA,NA
2300,411.203052,411.202278787431,411.202441455983,3646575,NA,279694.9,18.42,-1,-0.395592378374613,0.9720038543841,0,0.58320231263046,6,1.52380952380952,0.380952380952381,"O8","de-protonated",0,NA,"C21 H32 O8",21,32,8,NA,NA,NA,NA,NA,NA,NA,NA
2301,411.216132,411.215358750987,411.215328615605,3127412.8,NA,268075.4,15.49,-1,0.0732837041248589,0.999026004238145,0,0.599415602542887,1,2.05555555555556,0.444444444444444,"P1 O8","de-protonated",0,NA,"C18 H37 O8 P1",18,37,8,NA,1,NA,NA,NA,NA,NA,NA
2307,412.138545,412.137769180944,412.137673627247,3342848.3,NA,245772.7,16.7,-1,0.231848972491582,0.990293829025068,0,0.594176297415041,16,0.884615384615385,0.0769230769230769,"N1 S1 O2","de-protonated",0,NA,"C26 H23 O2 S1 N1",26,23,2,1,NA,1,NA,NA,NA,NA,NA
2315,413.036797,413.036018678218,413.036163973539,3914626.3,NA,263562.8,19.92,-1,-0.351773849614915,0.977796861218928,0,0.586678116731357,10,0.875,0.8125,"O13","de-protonated",0,NA,"C16 H14 O13",16,14,13,NA,NA,NA,NA,NA,NA,NA,NA
2316,413.051907,413.051128636118,413.051257923572,2468232.8,NA,263281.2,11.78,-1,-0.313005835008376,0.982380069716435,0,0.589428041829861,9,1.26666666666667,0.266666666666667,"N4 S2 P1 O4","de-protonated",0,NA,"C15 H19 O4 S2 N4 P1",15,19,4,4,1,2,NA,NA,NA,NA,NA
2317,413.065189,413.064410599111,413.064307274446,6150030.5,NA,264110.4,32.5,-1,0.250141838790999,0.49435539600949,0.843720152817574,0.634101298732723,9,1.11764705882353,0.588235294117647,"P1 O10","de-protonated",0,NA,"C17 H19 O10 P1",17,19,10,NA,1,NA,NA,NA,NA,NA,NA
2318,413.073282,413.072503576563,413.072549482923,16426898,NA,252743.8,90.33,-1,-0.111133893851783,0.992341237979839,0.9975257524462,0.994415043766384,9,1.05882352941176,0.705882352941177,"O12","de-protonated",0,NA,"C17 H18 O12",17,18,12,NA,NA,NA,NA,NA,NA,NA,NA
2320,413.088567,413.087788533975,413.087805624208,3210136.8,NA,254887,15.96,-1,-0.0413719139385164,0.999689474253199,0,0.599813684551919,13,0.857142857142857,0.428571428571429,"O9","de-protonated",0,NA,"C21 H18 O9",21,18,9,NA,NA,NA,NA,NA,NA,NA,NA
2321,413.101574,413.100795497735,413.10069278383,24188830,NA,248863,134,-1,0.248641327243756,0.993771766162411,0.945158784802445,0.974326573618425,8,1.27777777777778,0.5,"P1 O9","de-protonated",0,NA,"C18 H23 O9 P1",18,23,9,NA,1,NA,NA,NA,NA,NA,NA
2322,413.109591,413.108812475398,413.108934992308,29956002,NA,247722.4,166.46,-1,-0.296572888039782,0.989025410342013,0.993669650848666,0.990883106544674,8,1.22222222222222,0.611111111111111,"O11","de-protonated",0,NA,"C18 H22 O11",18,22,11,NA,NA,NA,NA,NA,NA,NA,NA
2324,413.137839,413.137060396693,413.137078293215,28784558,NA,250280.1,159.87,-1,-0.043318605150189,0.982894644954196,0.985955919819574,0.984119154900347,7,1.42105263157895,0.421052631578947,"P1 O8","de-protonated",0,NA,"C19 H27 O8 P1",19,27,8,NA,1,NA,NA,NA,NA,NA,NA
2325,413.145924,413.145145374166,413.145320501692,19048370,NA,247442,105.08,-1,-0.423888441190348,0.978725078129006,0.999137372627804,0.986889995928525,7,1.36842105263158,0.526315789473684,"O10","de-protonated",0,NA,"C19 H26 O10",19,26,10,NA,NA,NA,NA,NA,NA,NA,NA
2327,413.159022,413.158243337672,413.158074719532,4631479,NA,246198.7,23.95,-1,0.408120160742976,0.485114832245443,0.772687513667176,0.600143904814136,15,0.962962962962963,0.0740740740740741,"S1 O2","de-protonated",0,NA,"C27 H26 O2 S1",27,26,2,NA,NA,1,NA,NA,NA,NA,NA
2328,413.174345,413.173566294979,413.173463802599,7819197.5,NA,255708.8,41.89,-1,0.248061381342967,0.981113660132665,0.91610501504702,0.955110202098407,6,1.55,0.35,"P1 O7","de-protonated",0,NA,"C20 H31 O7 P1",20,31,7,NA,1,NA,NA,NA,NA,NA,NA
2330,413.18243,413.181651272452,413.181706011076,7559105,NA,261179.6,40.43,-1,-0.132480753811861,0.996717055527975,0.951877772340126,0.978781342252836,6,1.5,0.45,"O9","de-protonated",0,NA,"C20 H30 O9",20,30,9,NA,NA,NA,NA,NA,NA,NA,NA
2331,413.195437,413.194658236212,413.194460228917,4900806.5,NA,258297.3,25.47,-1,0.479210915122272,0.479593878540064,0.766236582456902,0.594250960106799,14,1.07142857142857,0.0357142857142857,"S1 O1","de-protonated",0,NA,"C28 H30 O1 S1",28,30,1,NA,NA,1,NA,NA,NA,NA,NA
2332,413.210774,413.20999519348,413.209849311983,2289101.3,NA,290624.2,10.77,-1,0.353044577521707,0.97763797106114,0,0.586582782636684,5,1.66666666666667,0.285714285714286,"P1 O6","de-protonated",0,NA,"C21 H35 O6 P1",21,35,6,NA,1,NA,NA,NA,NA,NA,NA
2333,413.218724,413.217945171329,413.218091520461,5200848.5,NA,250101.8,27.16,-1,-0.354169224857904,0.48874844517529,0.813795485951173,0.618767261485643,5,1.61904761904762,0.380952380952381,"O8","de-protonated",0,NA,"C21 H34 O8",21,34,8,NA,NA,NA,NA,NA,NA,NA,NA
2334,413.23174,413.230961135064,413.230978680083,1665494.3,NA,275119.9,7.26,-1,-0.0424581395987147,0.99967295710135,0,0.59980377426081,0,2.16666666666667,0.444444444444444,"P1 O8","de-protonated",0,NA,"C18 H39 O8 P1",18,39,8,NA,1,NA,NA,NA,NA,NA,NA
2335,413.25511,413.25433106995,413.254477029845,2126816.3,NA,256564.8,9.86,-1,-0.353196160945278,0.977618980747024,0,0.586571388448215,4,1.72727272727273,0.318181818181818,"O7","de-protonated",0,NA,"C22 H38 O7",22,38,7,NA,NA,NA,NA,NA,NA,NA,NA
2340,414.117971,414.117189665831,414.117071124123,2392916,NA,242638.2,11.35,-1,0.286251683253024,0.985242071531076,0,0.591145242918646,3,1.85714285714286,0.785714285714286,"N1 P1 O11","de-protonated",0,NA,"C14 H26 O11 N1 P1",14,26,11,1,1,NA,NA,NA,NA,NA,NA
2343,414.154441,414.153659564218,414.153456633507,2224483.8,NA,232115.5,10.41,-1,0.489989176107346,0.957371371411262,0,0.574422822846757,2,2,0.666666666666667,"N1 P1 O10","de-protonated",0,NA,"C15 H30 O10 N1 P1",15,30,10,1,1,NA,NA,NA,NA,NA,NA
2346,414.213926,414.21314439848,414.213340492654,1812349.5,NA,271560.4,8.09,-1,-0.473413467383961,0.960149443786323,0,0.576089666271794,5,1.65,0.4,"N1 O8","de-protonated",0,NA,"C20 H33 O8 N1",20,33,8,1,NA,NA,NA,NA,NA,NA,NA
2349,415.031377,415.030593120883,415.030684669918,2597086.5,NA,272378.5,12.5,-1,-0.220583773107846,0.991210074086316,0,0.594726044451789,14,0.631578947368421,0.578947368421053,"O11","de-protonated",0,NA,"C19 H12 O11",19,12,11,NA,NA,NA,NA,NA,NA,NA,NA
2350,415.044513,415.043729084283,415.04357182954,2896612.3,NA,273643,14.19,-1,0.378887313180041,0.974288347663688,0,0.584573008598213,9,1.0625,0.6875,"P1 O11","de-protonated",0,NA,"C16 H17 O11 P1",16,17,11,NA,1,NA,NA,NA,NA,NA,NA
2351,415.052576,415.051792061818,415.051814038017,4547303.5,NA,270449.3,23.48,-1,-0.052948085329898,0.99949143801659,0,0.599694862809954,9,1,0.8125,"O13","de-protonated",0,NA,"C16 H16 O13",16,16,13,NA,NA,NA,NA,NA,NA,NA,NA
2352,415.067771,415.066987019482,415.067070179302,4546286,NA,260320.5,23.47,-1,-0.200352729290441,0.99274288998599,0,0.595645733991594,13,0.8,0.5,"O10","de-protonated",0,NA,"C20 H16 O10",20,16,10,NA,NA,NA,NA,NA,NA,NA,NA
2353,415.080763,415.079978983283,415.079824397142,15973108,NA,241749.1,87.77,-1,0.372425089366413,0.985876443342643,0.952823676121124,0.972655336454035,21,0.571428571428571,0.0714285714285714,"S1 O2","de-protonated",0,NA,"C28 H16 O2 S1",28,16,2,NA,NA,1,NA,NA,NA,NA,NA
2354,415.088804,415.088019960879,415.088199547401,12151543,NA,251689.6,66.26,-1,-0.432646658063406,0.980188354180264,0.962558972722578,0.973136601597189,8,1.17647058823529,0.705882352941177,"O12","de-protonated",0,NA,"C17 H20 O12",17,20,12,NA,NA,NA,NA,NA,NA,NA,NA
2355,415.098567,415.097782933677,415.097582461872,7770875.5,NA,249844.8,41.61,-1,0.482951031064274,0.479280824782964,0.766236582456902,0.594063127852539,21,0.571428571428571,0.142857142857143,"O4","de-protonated",0,NA,"C28 H16 O4",28,16,4,NA,NA,NA,NA,NA,NA,NA,NA
2356,415.104119,415.103334918208,415.103455688686,6075134,NA,252896.2,32.07,-1,-0.29094067148458,0.492379178097375,0.813795485951173,0.620945701238894,12,0.952380952380952,0.428571428571429,"O9","de-protonated",0,NA,"C21 H20 O9",21,20,9,NA,NA,NA,NA,NA,NA,NA,NA
2357,415.117182,415.116397881812,415.116209906527,36928260,NA,246686.2,205.69,-1,0.452825692318834,0.240869348421624,0.709753344431729,0.428422946825666,20,0.689655172413793,0.0344827586206897,"S1 O1","de-protonated",0,NA,"C29 H20 O1 S1",29,20,1,NA,NA,1,NA,NA,NA,NA,NA
2358,415.125291,415.124506859218,415.124585056786,13720327,NA,250818.1,75.09,-1,-0.188371322985063,0.996468232215997,0.969569520074084,0.985708747359232,7,1.33333333333333,0.611111111111111,"O11","de-protonated",0,NA,"C18 H24 O11",18,24,11,NA,NA,NA,NA,NA,NA,NA,NA
2360,415.14058,415.13979581662,415.139841198071,6361869.5,NA,240431.7,33.69,-1,-0.109316057421103,0.498917018607101,0.806643077274283,0.622007442073974,11,1.09090909090909,0.363636363636364,"O8","de-protonated",0,NA,"C22 H24 O8",22,24,8,NA,NA,NA,NA,NA,NA,NA,NA
2361,415.15367,415.152885780148,415.152728357693,26155796,NA,252366.5,145.07,-1,0.379191668350399,0.986336087910497,0.946287808798036,0.970316776265513,6,1.52631578947368,0.421052631578947,"P1 O8","de-protonated",0,NA,"C19 H29 O8 P1",19,29,8,NA,1,NA,NA,NA,NA,NA,NA
2362,415.161709,415.16092475775,415.16097056617,8540951,NA,252030.7,45.95,-1,-0.110338936843943,0.997110917775079,0.999093935370918,0.997904124813415,6,1.47368421052632,0.526315789473684,"O10","de-protonated",0,NA,"C19 H28 O10",19,28,10,NA,NA,NA,NA,NA,NA,NA,NA
2364,415.176794,415.17600971572,415.176064516203,2548509.3,NA,261129.5,12.23,-1,-0.131993358028102,0.996843747718343,0,0.598106248631006,5,1.83333333333333,0.0555555555555556,"N4 S2 P1 O1","de-protonated",0,NA,"C18 H33 O1 S2 N4 P1",18,33,1,4,1,2,NA,NA,NA,NA,NA
2365,415.189901,415.189116679201,415.189113867077,6151971,NA,248613.2,32.5,-1,0.00677311598377228,0.993331252151537,0.802526866323672,0.917009497820391,5,1.65,0.35,"P1 O7","de-protonated",0,NA,"C20 H33 O7 P1",20,33,7,NA,1,NA,NA,NA,NA,NA,NA
2366,415.197986,415.197201656674,415.197356075554,7086886.5,NA,263465.6,37.77,-1,-0.371916819208328,0.487606989200658,0.821075868479145,0.620994540912053,5,1.6,0.45,"O9","de-protonated",0,NA,"C20 H32 O9",20,32,9,NA,NA,NA,NA,NA,NA,NA,NA
2367,415.234513,415.233728554902,415.233741584939,5245750.5,NA,259422.7,27.4,-1,-0.0313800041671941,0.499910671296948,0.813795485951173,0.625464597158638,4,1.71428571428571,0.380952380952381,"O8","de-protonated",0,NA,"C21 H36 O8",21,36,8,NA,NA,NA,NA,NA,NA,NA,NA
2368,415.270745,415.269960453952,415.270127094323,2115910,NA,284253.4,9.79,-1,-0.401281865063548,0.97120456127979,0,0.582722736767874,3,1.81818181818182,0.318181818181818,"O7","de-protonated",0,NA,"C22 H40 O7",22,40,7,NA,NA,NA,NA,NA,NA,NA,NA
2370,416.063193,416.062406246019,416.062319151495,1878173,NA,252903.8,8.45,-1,0.209330477833009,0.992080580000418,0,0.595248348000251,13,0.789473684210526,0.526315789473684,"N1 O10","de-protonated",0,NA,"C19 H15 O10 N1",19,15,10,1,NA,NA,NA,NA,NA,NA,NA
2373,416.099347,416.098560145286,416.098704660879,2258092.8,NA,258305.9,10.59,-1,-0.347310845896877,0.978350571322491,0,0.587010342793495,12,0.95,0.45,"N1 O9","de-protonated",0,NA,"C20 H19 O9 N1",20,19,9,1,NA,NA,NA,NA,NA,NA,NA
2386,417.047048,417.046258504785,417.046334734396,6467144,NA,260429.9,34.27,-1,-0.18278451242777,0.496978052676859,0.828487690504102,0.629581907807756,13,0.736842105263158,0.578947368421053,"O11","de-protonated",0,NA,"C19 H14 O11",19,14,11,NA,NA,NA,NA,NA,NA,NA,NA
2387,417.060087,417.059297468455,417.059088952236,7069261.5,NA,245734,37.66,-1,0.499968049095603,0.477828424793359,0.772687513667176,0.595772060342886,21,0.518518518518518,0.111111111111111,"S1 O3","de-protonated",0,NA,"C27 H14 O3 S1",27,14,3,NA,NA,1,NA,NA,NA,NA,NA
2388,417.0682,417.067410445851,417.067464102495,3389009,NA,268879.4,16.95,-1,-0.128652194532368,0.997001277719975,0,0.598200766631985,8,1.125,0.8125,"O13","de-protonated",0,NA,"C16 H18 O13",16,18,13,NA,NA,NA,NA,NA,NA,NA,NA
2389,417.077829,417.077039419022,417.076847016965,5051989,NA,244413.1,26.31,-1,0.461310806463926,0.481061166859571,0.772687513667176,0.597711705582613,21,0.518518518518518,0.185185185185185,"O5","de-protonated",0,NA,"C27 H14 O5",27,14,5,NA,NA,NA,NA,NA,NA,NA,NA
2390,417.083396,417.082606403511,417.08272024378,10190424,NA,246794.5,55.22,-1,-0.272944102621048,0.976117043840518,0.977504407339789,0.976671989240226,12,0.9,0.5,"O10","de-protonated",0,NA,"C20 H18 O10",20,18,10,NA,NA,NA,NA,NA,NA,NA,NA
2391,417.096447,417.095657367148,417.09547446162,26582622,NA,243894.5,147.47,-1,0.438521967115476,0.490691779822233,0.892315538440601,0.65134128326958,20,0.642857142857143,0.0714285714285714,"S1 O2","de-protonated",0,NA,"C28 H18 O2 S1",28,18,2,NA,NA,1,NA,NA,NA,NA,NA
2392,417.104521,417.103731344652,417.103849611879,5540448.5,NA,248890.2,29.06,-1,-0.283543839752,0.985517938792989,0,0.591310763275794,7,1.29411764705882,0.705882352941177,"O12","de-protonated",0,NA,"C17 H22 O12",17,22,12,NA,NA,NA,NA,NA,NA,NA,NA
2394,417.119842,417.119052301965,417.119105753164,15703655,NA,243663.3,86.25,-1,-0.128143733725143,0.99108526057728,0.994165190442637,0.992317232523423,11,1.04761904761905,0.428571428571429,"O9","de-protonated",0,NA,"C21 H22 O9",21,22,9,NA,NA,NA,NA,NA,NA,NA,NA
2395,417.132898,417.132108265588,417.131992912786,33152622,NA,244562.8,184.44,-1,0.276537890960001,0.984187091242004,0.968255634825336,0.977814508675337,6,1.5,0.5,"P1 O9","de-protonated",0,NA,"C18 H27 O9 P1",18,27,9,NA,1,NA,NA,NA,NA,NA,NA
2396,417.140941,417.140151243178,417.140235121264,5381744.5,NA,251164.7,28.17,-1,-0.201078865845981,0.992690383980409,0,0.595614230388245,6,1.44444444444444,0.611111111111111,"O11","de-protonated",0,NA,"C18 H26 O11",18,26,11,NA,NA,NA,NA,NA,NA,NA,NA
2398,417.156198,417.155408200669,417.155491262549,10495607,NA,246170.3,56.94,-1,-0.199114913582147,0.996134209375364,0.98693752560719,0.992455535868094,10,1.18181818181818,0.363636363636364,"O8","de-protonated",0,NA,"C22 H26 O8",22,26,8,NA,NA,NA,NA,NA,NA,NA,NA
2399,417.169219,417.16842916439,417.168378422171,19353212,NA,246421.3,106.78,-1,0.121634864203631,0.998278323144799,0.901744240585217,0.959664690120966,5,1.63157894736842,0.421052631578947,"P1 O8","de-protonated",0,NA,"C19 H31 O8 P1",19,31,8,NA,1,NA,NA,NA,NA,NA,NA
2400,417.177151,417.176361142289,417.176458439396,5852800.5,NA,247827.7,30.82,-1,-0.233227701293755,0.990178617468893,0,0.594107170481336,0,2.5,0.285714285714286,"N4 S2 P1 O4","de-protonated",0,NA,"C14 H35 O4 S2 N4 P1",14,35,4,4,1,2,NA,NA,NA,NA,NA
2401,417.19253,417.19174009944,417.191876771933,3345543,NA,232814.5,16.71,-1,-0.327601040148643,0.98071486807465,0,0.58842892084479,9,1.30434782608696,0.304347826086957,"O7","de-protonated",0,NA,"C23 H30 O7",23,30,7,NA,NA,NA,NA,NA,NA,NA,NA
2402,417.205563,417.204773063127,417.204763931555,5106316.5,NA,259372.9,26.62,-1,0.0218875075638187,0.990796520252469,0.88970662238346,0.950360561104865,4,1.75,0.35,"P1 O7","de-protonated",0,NA,"C20 H35 O7 P1",20,35,7,NA,1,NA,NA,NA,NA,NA,NA
2403,417.213682,417.212892040506,417.213006140032,5208720,NA,245504,27.19,-1,-0.273480271587428,0.493260428177855,0.821075868479145,0.624386604298371,4,1.7,0.45,"O9","de-protonated",0,NA,"C20 H34 O9",20,34,9,NA,NA,NA,NA,NA,NA,NA,NA
2404,417.250005,417.249214939302,417.249391649417,3104416,NA,256093.6,15.35,-1,-0.423511976076461,0.967978821323203,0,0.580787292793922,3,1.80952380952381,0.380952380952381,"O8","de-protonated",0,NA,"C21 H38 O8",21,38,8,NA,NA,NA,NA,NA,NA,NA,NA
2410,418.115011,418.114218529207,418.114354725357,2200600,NA,290217.6,10.26,-1,-0.325738996208097,0.980931375960624,0,0.588558825576374,11,1.05,0.45,"N1 O9","de-protonated",0,NA,"C20 H21 O9 N1",20,21,9,1,NA,NA,NA,NA,NA,NA,NA
2421,418.954693,418.95389818967,418.953697650646,10996102,NA,243239.3,59.75,-1,0.47866631772424,0.479639276195727,0.843720152817574,0.625271626844466,14,0.470588235294118,0.529411764705882,"S2 O9","de-protonated",0,NA,"C17 H8 O9 S2",17,8,9,NA,NA,2,NA,NA,NA,NA,NA
2422,419.026231,419.02543599035,419.025599289489,4365733,NA,264303.6,22.44,-1,-0.389711607267948,0.972818701002261,0,0.583691220601357,13,0.666666666666667,0.666666666666667,"O12","de-protonated",0,NA,"C18 H12 O12",18,12,12,NA,NA,NA,NA,NA,NA,NA,NA
2423,419.062683,419.061887888786,419.061984798874,12222901,NA,253576.8,66.66,-1,-0.231254780425676,0.991847537326914,0.99427264154239,0.992817579013105,12,0.842105263157895,0.578947368421053,"O11","de-protonated",0,NA,"C19 H16 O11",19,16,11,NA,NA,NA,NA,NA,NA,NA,NA
2424,419.075682,419.074886852568,419.074739016714,13107643,NA,231909.5,71.64,-1,0.352767276302086,0.488836345555036,0.772687513667176,0.602376812799892,20,0.592592592592593,0.111111111111111,"S1 O3","de-protonated",0,NA,"C27 H16 O3 S1",27,16,3,NA,NA,1,NA,NA,NA,NA,NA
2425,419.093462,419.092666803029,419.092497081443,9380290,NA,251723.6,50.66,-1,0.404974050089838,0.485340055919568,0.772687513667176,0.600279039018611,20,0.592592592592593,0.185185185185185,"O5","de-protonated",0,NA,"C27 H16 O5",27,16,5,NA,NA,NA,NA,NA,NA,NA,NA
2426,419.098964,419.0981687877,419.098370308258,25395652,NA,247052.4,140.78,-1,-0.480843097019333,0.962507630015365,0.990847158845927,0.97384344154759,11,1,0.5,"O10","de-protonated",0,NA,"C20 H20 O10",20,20,10,NA,NA,NA,NA,NA,NA,NA,NA
2427,419.102107,419.101311778943,419.101361489073,2305478,NA,266416,10.85,-1,-0.118611235597301,0.997450521891081,0,0.598470313134648,11,1.10526315789474,0.368421052631579,"N2 P1 O7","de-protonated",0,NA,"C19 H21 O7 N2 P1",19,21,7,2,1,NA,NA,NA,NA,NA,NA
2428,419.11204,419.111244751267,419.111124526098,26853834,NA,235413,148.99,-1,0.28685749818636,0.492585024703155,0.91006670118639,0.659577695296449,19,0.714285714285714,0.0714285714285714,"S1 O2","de-protonated",0,NA,"C28 H20 O2 S1",28,20,2,NA,NA,1,NA,NA,NA,NA,NA
2430,419.135461,419.134665686011,419.134755817642,30122452,NA,240633.3,167.38,-1,-0.215042131512555,0.990732940743503,0.989697574345414,0.990318794184267,10,1.14285714285714,0.428571428571429,"O9","de-protonated",0,NA,"C21 H24 O9",21,24,9,NA,NA,NA,NA,NA,NA,NA,NA
2431,419.148552,419.147756649537,419.147642977264,22282714,NA,238851.5,123.26,-1,0.271198643816931,0.991067040207917,0.915275642284725,0.96075048103864,5,1.61111111111111,0.5,"P1 O9","de-protonated",0,NA,"C18 H29 O9 P1",18,29,9,NA,1,NA,NA,NA,NA,NA,NA
2433,419.171823,419.171027584699,419.171141327027,13144548,NA,241049,71.84,-1,-0.271350569657065,0.993101268989061,0.988905450206751,0.991422941476138,9,1.27272727272727,0.363636363636364,"O8","de-protonated",0,NA,"C22 H28 O8",22,28,8,NA,NA,NA,NA,NA,NA,NA,NA
2434,419.18485,419.184054548403,419.184028486649,13386218,NA,249242.9,73.2,-1,0.0621725833318951,0.997776412474968,0.890990634395322,0.95506210124311,4,1.73684210526316,0.421052631578947,"P1 O8","de-protonated",0,NA,"C19 H33 O8 P1",19,33,8,NA,1,NA,NA,NA,NA,NA,NA
2435,419.192921,419.192125525915,419.192270695126,3144173.8,NA,265535.8,15.57,-1,-0.346306984069056,0.978474185975799,0,0.587084511585479,4,1.68421052631579,0.526315789473684,"O10","de-protonated",0,NA,"C19 H32 O10",19,32,10,NA,NA,NA,NA,NA,NA,NA,NA
2437,419.208151,419.207355483481,419.207526836411,1892852.3,NA,303832.7,8.53,-1,-0.40875442123762,0.970138456895138,0,0.582083074137083,8,1.39130434782609,0.304347826086957,"O7","de-protonated",0,NA,"C23 H32 O7",23,32,7,NA,NA,NA,NA,NA,NA,NA,NA
2438,419.221293,419.220497446864,419.220413996033,4569594,NA,257743,23.59,-1,0.199061946165659,0.992835762718609,0,0.595701457631165,3,1.85,0.35,"P1 O7","de-protonated",0,NA,"C20 H37 O7 P1",20,37,7,NA,1,NA,NA,NA,NA,NA,NA
2440,420.057936,420.057138115795,420.057233771067,1760103.3,NA,237768.8,7.78,-1,-0.227719616180367,0.990634884771455,0,0.594380930862873,12,0.833333333333333,0.611111111111111,"N1 O11","de-protonated",0,NA,"C18 H15 O11 N1",18,15,11,1,NA,NA,NA,NA,NA,NA,NA
2443,420.094406,420.093608014181,420.093619280451,3278711.3,NA,281762.2,16.32,-1,-0.0268184736674133,0.999869505080407,0,0.599921703048244,11,1,0.526315789473684,"N1 O10","de-protonated",0,NA,"C19 H19 O10 N1",19,19,10,1,NA,NA,NA,NA,NA,NA,NA
2447,420.130628,420.129829913259,420.130004789835,2589575,NA,296167,12.45,-1,-0.416243958540705,0.969051400183296,0,0.581430840109978,10,1.15,0.45,"N1 O9","de-protonated",0,NA,"C20 H23 O9 N1",20,23,9,1,NA,NA,NA,NA,NA,NA,NA
2453,420.224605,420.223806651419,420.223905176703,2154416,NA,256732.5,10,-1,-0.234459019513933,0.990075158051825,0,0.594045094831095,3,1.84210526315789,0.473684210526316,"N1 O9","de-protonated",0,NA,"C19 H35 O9 N1",19,35,9,1,NA,NA,NA,NA,NA,NA,NA
2454,420.252982,420.252183572354,420.25204847761,3256252.5,NA,244874.6,16.2,-1,0.321461238118499,0.981424273250741,0,0.588854563950445,2,2,0.3,"N1 P1 O6","de-protonated",0,NA,"C20 H40 O6 N1 P1",20,40,6,1,1,NA,NA,NA,NA,NA,NA
2455,420.289388,420.288589470919,420.288433986994,3178444.5,NA,276203.4,15.76,-1,0.369945760916969,0.975472760538603,0,0.585283656323162,1,2.0952380952381,0.238095238095238,"N1 P1 O5","de-protonated",0,NA,"C21 H44 O5 N1 P1",21,44,5,1,1,NA,NA,NA,NA,NA,NA
2461,421.041887,421.041086374293,421.041249353967,9039125,NA,244139.9,48.74,-1,-0.387087191081636,0.977578896158382,0.996258016053332,0.985050544116362,12,0.777777777777778,0.666666666666667,"O12","de-protonated",0,NA,"C18 H14 O12",18,14,12,NA,NA,NA,NA,NA,NA,NA,NA
2462,421.078366,421.077565272654,421.077634863352,27501862,NA,241401.8,152.63,-1,-0.165268092023967,0.992539670522554,0.989800351645058,0.991443942971555,11,0.947368421052632,0.578947368421053,"O11","de-protonated",0,NA,"C19 H18 O11",19,18,11,NA,NA,NA,NA,NA,NA,NA,NA
2463,421.091445,421.090644236213,421.090522022974,11011371,NA,225123,59.83,-1,0.290230326666546,0.492416062514421,0.85154837932281,0.636068989237776,6,1.4375,0.6875,"P1 O11","de-protonated",0,NA,"C16 H23 O11 P1",16,23,11,NA,1,NA,NA,NA,NA,NA,NA
2464,421.114768,421.113967171231,421.114020372736,52577588,NA,241998.7,293.73,-1,-0.126335156019883,0.49769993883544,0.965805782663275,0.684942276366574,10,1.1,0.5,"O10","de-protonated",0,NA,"C20 H22 O10",20,22,10,NA,NA,NA,NA,NA,NA,NA,NA
2465,421.127755,421.126954135046,421.126774590576,14476603,NA,226456.7,79.33,-1,0.426343040506455,0.967566685395147,0.996316453556495,0.979066592659686,18,0.785714285714286,0.0714285714285714,"S1 O2","de-protonated",0,NA,"C28 H22 O2 S1",28,22,2,NA,NA,1,NA,NA,NA,NA,NA
2466,421.151094,421.150293070018,421.15040588212,34923844,NA,238716,194.39,-1,-0.267866539837183,0.993029445918617,0.981817743527763,0.988544764962275,9,1.23809523809524,0.428571428571429,"O9","de-protonated",0,NA,"C21 H26 O9",21,26,9,NA,NA,NA,NA,NA,NA,NA,NA
2467,421.155883,421.155082056675,421.155114595975,77612360,NA,244643.8,434.61,-1,-0.0772620329022791,0.399725820631582,0.938068740286791,0.615062988493666,9,1.36842105263158,0.263157894736842,"N4 S1 O5","de-protonated",0,NA,"C19 H26 O5 S1 N4",19,26,5,4,NA,1,NA,NA,NA,NA,NA
2468,421.164144,421.163343033658,421.163160099961,19989836,NA,239449.8,110.36,-1,0.434353511597078,0.974341860994253,0.961182805365646,0.96907823874281,17,0.896551724137931,0.0344827586206897,"S1 O1","de-protonated",0,NA,"C29 H26 O1 S1",29,26,1,NA,NA,1,NA,NA,NA,NA,NA
2470,421.187605,421.186803968291,421.186791391505,9160021,NA,242683.7,49.42,-1,0.0298603527434785,0.499919113029657,0.806643077274283,0.622608698727507,8,1.36363636363636,0.363636363636364,"O8","de-protonated",0,NA,"C22 H30 O8",22,30,8,NA,NA,NA,NA,NA,NA,NA,NA
2471,421.200658,421.199856931922,421.199678551127,13813083,NA,247001.1,75.6,-1,0.423506485609554,0.983781172919765,0.980268972601063,0.982376292792284,3,1.84210526315789,0.421052631578947,"P1 O8","de-protonated",0,NA,"C19 H35 O8 P1",19,35,8,NA,1,NA,NA,NA,NA,NA,NA
2472,421.227259,421.226457857806,421.226548204259,32720230,NA,242121.7,181.99,-1,-0.214484232382104,0.663731999763546,0.964547155349658,0.784058061997991,2,1.9,0.35,"S1 O7","de-protonated",0,NA,"C20 H38 O7 S1",20,38,7,NA,NA,1,NA,NA,NA,NA,NA
2473,421.236879,421.236077831003,421.236064060511,3865962.8,NA,252357.8,19.63,-1,0.0326906760366248,0.999806108162979,0,0.599883664897787,2,1.95,0.35,"P1 O7","de-protonated",0,NA,"C20 H39 O7 P1",20,39,7,NA,1,NA,NA,NA,NA,NA,NA
2476,422.073579,422.072775499774,422.072883835545,2327769.3,NA,277329.9,10.97,-1,-0.256675504898518,0.988116908815115,0,0.592870145289069,11,0.944444444444444,0.611111111111111,"N1 O11","de-protonated",0,NA,"C18 H17 O11 N1",18,17,11,1,NA,NA,NA,NA,NA,NA,NA
2478,422.109914,422.109110398537,422.109269344929,4018921.3,NA,239656.9,20.48,-1,-0.376552716539093,0.9746001810984,0,0.58476010865904,10,1.10526315789474,0.526315789473684,"N1 O10","de-protonated",0,NA,"C19 H21 O10 N1",19,21,10,1,NA,NA,NA,NA,NA,NA,NA
2480,422.121249,422.120445366955,422.120502734221,1873134.3,NA,222348.7,8.41,-1,-0.13590258179856,0.99665434059104,0,0.597992604354624,10,1.16666666666667,0.5,"N3 O9","de-protonated",0,NA,"C18 H21 O9 N3",18,21,9,3,NA,NA,NA,NA,NA,NA,NA
2482,422.146417,422.145613296832,422.145654854313,3246841.3,NA,274801.3,16.14,-1,-0.0984434665803183,0.998243104862827,0,0.598945862917696,9,1.25,0.45,"N1 O9","de-protonated",0,NA,"C20 H25 O9 N1",20,25,9,1,NA,NA,NA,NA,NA,NA,NA
2484,422.15929,422.158486260965,422.158409072154,16148223,NA,241203.1,88.74,-1,0.182843239181651,0.49697611640943,0.766236582456902,0.604680302828419,17,0.892857142857143,0.0357142857142857,"N1 S1 O1","de-protonated",0,NA,"C28 H25 O1 S1 N1",28,25,1,1,NA,1,NA,NA,NA,NA,NA
2486,422.18016,422.179356202816,422.179538440253,2123528,NA,260252.4,9.82,-1,-0.431658619572352,0.966755961474932,0,0.580053576884959,12,1.16,0.12,"N1 S1 O3","de-protonated",0,NA,"C25 H29 O3 S1 N1",25,29,3,1,NA,1,NA,NA,NA,NA,NA
2495,423.021229,423.020422859415,423.020513909061,2862201.3,NA,236036,13.97,-1,-0.215236952599095,0.991629267874177,0,0.594977560724506,12,0.705882352941177,0.764705882352941,"O13","de-protonated",0,NA,"C17 H12 O13",17,12,13,NA,NA,NA,NA,NA,NA,NA,NA
2496,423.057681,423.056874757852,423.056899418445,17148042,NA,247681,94.36,-1,-0.0582914350965045,0.990135903111206,0.983323548220791,0.98741096115504,11,0.888888888888889,0.666666666666667,"O12","de-protonated",0,NA,"C18 H16 O12",18,16,12,NA,NA,NA,NA,NA,NA,NA,NA
2498,423.085993,423.085186678968,423.085042719352,7035029.5,NA,239934.1,37.45,-1,0.340261652533609,0.988173101420309,0.798137609268265,0.912158904559491,10,1.10526315789474,0.473684210526316,"P1 O9","de-protonated",0,NA,"C19 H21 O9 P1",19,21,9,NA,1,NA,NA,NA,NA,NA,NA
2499,423.094017,423.093210656612,423.09328492783,49121432,NA,240789.1,274.28,-1,-0.17554336306152,0.663795971803552,0.959696606366696,0.78215622562881,10,1.05263157894737,0.578947368421053,"O11","de-protonated",0,NA,"C19 H20 O11",19,20,11,NA,NA,NA,NA,NA,NA,NA,NA
2500,423.106959,423.106152620552,423.10603914567,5199007,NA,198483.1,27.12,-1,0.268194900938383,0.493516733303368,0.772687513667176,0.605185045448891,18,0.740740740740741,0.111111111111111,"S1 O3","de-protonated",0,NA,"C27 H20 O3 S1",27,20,3,NA,NA,1,NA,NA,NA,NA,NA
2501,423.122348,423.121541577675,423.121428228737,10707110,NA,253990.3,58.12,-1,0.267887492927347,0.493531490672114,0.821075868479145,0.624549241794927,9,1.25,0.4,"P1 O8","de-protonated",0,NA,"C20 H25 O8 P1",20,25,8,NA,1,NA,NA,NA,NA,NA,NA
2502,423.130328,423.129521555441,423.129670437214,61933736,NA,240615.2,346.38,-1,-0.351858503813337,0.493698345177605,0.961066782052386,0.680645719927518,9,1.2,0.5,"O10","de-protonated",0,NA,"C20 H24 O10",20,24,10,NA,NA,NA,NA,NA,NA,NA,NA
2503,423.143414,423.142607518981,423.142424655054,10713263,NA,231347.7,58.15,-1,0.432156918670419,0.483340229182499,0.766236582456902,0.59649877049226,17,0.857142857142857,0.0714285714285714,"S1 O2","de-protonated",0,NA,"C28 H24 O2 S1",28,24,2,NA,NA,1,NA,NA,NA,NA,NA
2504,423.153017,423.152210492225,423.152137215799,23341236,NA,245806.1,129.21,-1,0.17316803975911,0.995495990203024,0.974719613394942,0.987185439479791,9,1.33333333333333,0.444444444444444,"N4 O8","de-protonated",0,NA,"C18 H24 O8 N4",18,24,8,4,NA,NA,NA,NA,NA,NA,NA
2505,423.158829,423.158022476031,423.157813738121,8026293.5,NA,259646.5,43.03,-1,0.493286201051453,0.967754425033157,0.875712376693849,0.930937605697434,8,1.38095238095238,0.333333333333333,"P1 O7","de-protonated",0,NA,"C21 H29 O7 P1",21,29,7,NA,1,NA,NA,NA,NA,NA,NA
2507,423.166799,423.165992453825,423.166055946598,23496890,NA,238834.6,130.09,-1,-0.150042217068006,0.997617718415082,0.968968103075207,0.986157872279132,8,1.33333333333333,0.428571428571429,"O9","de-protonated",0,NA,"C21 H28 O9",21,28,9,NA,NA,NA,NA,NA,NA,NA,NA
2508,423.179879,423.179072417381,423.17894310622,16636095,NA,243929.1,91.48,-1,0.305570877680186,0.988896928110546,0.976348045991344,0.983877375262866,3,1.83333333333333,0.5,"P1 O9","de-protonated",0,NA,"C18 H33 O9 P1",18,33,9,NA,1,NA,NA,NA,NA,NA,NA
2509,423.197532,423.196725368196,423.196568229168,4764870.5,NA,227502.4,24.68,-1,0.371314514209066,0.487646597105216,0.759892473118277,0.596544947510441,16,0.96551724137931,0.103448275862069,"O3","de-protonated",0,NA,"C29 H28 O3",29,28,3,NA,NA,NA,NA,NA,NA,NA,NA
2510,423.203103,423.202296352674,423.202441455983,4400329,NA,258618.4,22.63,-1,-0.34286973368799,0.978894852842353,0,0.587336911705412,7,1.45454545454545,0.363636363636364,"O8","de-protonated",0,NA,"C22 H32 O8",22,32,8,NA,NA,NA,NA,NA,NA,NA,NA
2511,423.216137,423.215330316359,423.215328615605,6623438.5,NA,235552.1,35.14,-1,0.00401864936663286,0.991412486138258,0.96492943888571,0.980819267237239,2,1.94736842105263,0.421052631578947,"P1 O8","de-protonated",0,NA,"C19 H37 O8 P1",19,37,8,NA,1,NA,NA,NA,NA,NA,NA
2513,423.25254,423.251733214932,423.251714124989,2155742.8,NA,286107.6,10,-1,0.0451030496256467,0.999630949759446,0,0.599778569855668,1,2.05,0.35,"P1 O7","de-protonated",0,NA,"C20 H41 O7 P1",20,41,7,NA,1,NA,NA,NA,NA,NA,NA
2514,423.327479,423.326672006136,423.32685412542,7973119.5,NA,254911.3,42.73,-1,-0.430209619481732,0.975769089605253,0.972243425266791,0.974358823869868,8,1.51724137931034,0.0689655172413793,"O2","de-protonated",0,NA,"C29 H44 O2",29,44,2,NA,NA,NA,NA,NA,NA,NA,NA
2518,424.077923,424.077113915235,424.077138319478,3031113.5,NA,236844.4,14.92,-1,-0.0575467075311141,0.999399290755803,0,0.599639574453482,5,1.71428571428571,0.428571428571429,"N3 S2 P1 O6","de-protonated",0,NA,"C14 H24 O6 S2 N3 P1",14,24,6,3,1,2,NA,NA,NA,NA,NA
2521,424.125822,424.125012781778,424.124919409407,5359198.5,NA,253905.6,28.02,-1,0.22015299451062,0.495622110852226,0.828487690504102,0.628768342712977,9,1.21052631578947,0.526315789473684,"N1 O10","de-protonated",0,NA,"C19 H23 O10 N1",19,23,10,1,NA,NA,NA,NA,NA,NA,NA
2523,424.138739,424.137929745788,424.137806569029,2723940.3,NA,217776.6,13.19,-1,0.290416835201666,0.984812773165578,0,0.590887663899347,4,1.75,0.625,"N1 P1 O10","de-protonated",0,NA,"C16 H28 O10 N1 P1",16,28,10,1,1,NA,NA,NA,NA,NA,NA
2525,424.156361,424.15555169669,424.155431691977,5448300,NA,244064.2,28.52,-1,0.282926267022546,0.492790249433448,0.772687513667176,0.604749155126939,17,0.851851851851852,0.148148148148148,"N1 O4","de-protonated",0,NA,"C27 H23 O4 N1",27,23,4,1,NA,NA,NA,NA,NA,NA,NA
2528,424.17509,424.174280644507,424.174192078413,2201716.3,NA,284829,10.25,-1,0.208796515627237,0.992120770952808,0,0.595272462571685,3,1.88235294117647,0.529411764705882,"N1 P1 O9","de-protonated",0,NA,"C17 H32 O9 N1 P1",17,32,9,1,1,NA,NA,NA,NA,NA,NA
2537,425.026234,425.025422273034,425.025419841617,2133994.8,NA,208869,9.87,-1,0.00572063858703525,0.999994061981296,0,0.599996437188778,15,0.714285714285714,0.285714285714286,"S1 P1 O6","de-protonated",0,NA,"C21 H15 O6 S1 P1",21,15,6,NA,1,1,NA,NA,NA,NA,NA
2538,425.07326,425.072448142009,425.072549482923,30452736,NA,183609.1,169.22,-1,-0.238408512233994,0.989900092328046,0.974544724521163,0.983757945205292,10,1,0.666666666666667,"O12","de-protonated",0,NA,"C18 H18 O12",18,18,12,NA,NA,NA,NA,NA,NA,NA,NA
2539,425.101566,425.100754063143,425.100559842049,17837068,NA,238274.9,98.23,-1,0.456882705571354,0.967576999761893,0.999978249229446,0.980537499548914,22,0.6,0.0333333333333333,"S1 O1","de-protonated",0,NA,"C30 H18 O1 S1",30,18,1,NA,NA,1,NA,NA,NA,NA,NA
2540,425.109579,425.108767040817,425.108934992308,57576464,NA,239282.1,321.85,-1,-0.395078713169931,0.492842396131428,0.963009159949636,0.680909101658711,9,1.15789473684211,0.578947368421053,"O11","de-protonated",0,NA,"C19 H22 O11",19,22,11,NA,NA,NA,NA,NA,NA,NA,NA
2542,425.137971,425.13715896171,425.137078293215,18025500,NA,246328.5,99.29,-1,0.189747024940206,0.978839745710587,0.942795675156267,0.964422117488859,8,1.35,0.4,"P1 O8","de-protonated",0,NA,"C20 H27 O8 P1",20,27,8,NA,1,NA,NA,NA,NA,NA,NA
2543,425.146035,425.145222939242,425.145320501692,39332896,NA,240204.3,219.19,-1,-0.229480238852951,0.995244777400876,0.993467959470718,0.994534050228813,8,1.3,0.5,"O10","de-protonated",0,NA,"C20 H26 O10",20,26,10,NA,NA,NA,NA,NA,NA,NA,NA
2545,425.159123,425.158310902776,425.158207661314,8242213.5,NA,238742.6,44.24,-1,0.242830693195449,0.494678798438981,0.843720152817574,0.634295340190418,3,1.82352941176471,0.588235294117647,"P1 O10","de-protonated",0,NA,"C17 H31 O10 P1",17,31,10,NA,1,NA,NA,NA,NA,NA,NA
2546,425.17444,425.1736278601,425.173463802599,9684012,NA,256800.7,52.36,-1,0.38586016046275,0.486673056092329,0.813795485951173,0.617522028035867,7,1.47619047619048,0.333333333333333,"P1 O7","de-protonated",0,NA,"C21 H31 O7 P1",21,31,7,NA,1,NA,NA,NA,NA,NA,NA
2547,425.176831,425.176018853438,425.175832784262,5537837,NA,240949.6,29.02,-1,0.437628768628937,0.482923008624532,0.766236582456902,0.59624843815748,16,0.928571428571429,0.142857142857143,"O4","de-protonated",0,NA,"C28 H26 O4",28,26,4,NA,NA,NA,NA,NA,NA,NA,NA
2548,425.182455,425.181642837768,425.181706011076,11123760,NA,249589.6,60.46,-1,-0.148579553499785,0.979774036904641,0.998241622288132,0.987161071058038,7,1.42857142857143,0.428571428571429,"O9","de-protonated",0,NA,"C21 H30 O9",21,30,9,NA,NA,NA,NA,NA,NA,NA,NA
2549,425.195513,425.194700801386,425.194593170698,10359861,NA,237819.8,56.16,-1,0.253132775562335,0.993908337098012,0.98711308404497,0.991190235876795,2,1.94444444444444,0.5,"P1 O9","de-protonated",0,NA,"C18 H35 O9 P1",18,35,9,NA,1,NA,NA,NA,NA,NA,NA
2550,425.210733,425.20992075898,425.209849311983,1882684,NA,283568.7,8.46,-1,0.16802761393355,0.994890208236402,0,0.596934124941841,6,1.59090909090909,0.272727272727273,"P1 O6","de-protonated",0,NA,"C22 H35 O6 P1",22,35,6,NA,1,NA,NA,NA,NA,NA,NA
2552,425.218702,425.217889736776,425.218091520461,3458111.5,NA,261278.7,17.32,-1,-0.474541625677205,0.959963145726972,0,0.575977887436183,6,1.54545454545455,0.363636363636364,"O8","de-protonated",0,NA,"C22 H34 O8",22,34,8,NA,NA,NA,NA,NA,NA,NA,NA
2553,425.231834,425.231021700188,425.230978680083,3116101.3,NA,248235.3,15.4,-1,0.1011687933563,0.99814457349592,0,0.598886744097552,1,2.05263157894737,0.421052631578947,"P1 O8","de-protonated",0,NA,"C19 H39 O8 P1",19,39,8,NA,1,NA,NA,NA,NA,NA,NA
2555,426.068627,426.0678123687,426.067798455116,2750902,NA,214793.8,13.34,-1,0.0326557972554904,0.999806521641694,0,0.599883912985016,10,1,0.705882352941177,"N1 O12","de-protonated",0,NA,"C17 H17 O12 N1",17,17,12,1,NA,NA,NA,NA,NA,NA,NA
2556,426.07135,426.070535361113,426.07065669415,3415479.3,NA,282622.5,17.08,-1,-0.284772102190704,0.985393122330862,0,0.591235873398517,23,0.481481481481481,0.037037037037037,"N3 S1 O1","de-protonated",0,NA,"C27 H13 O1 S1 N3",27,13,1,3,NA,1,NA,NA,NA,NA,NA
2560,426.117972,426.117157231214,426.117071124123,2938315.8,NA,194726.9,14.39,-1,0.202073789704334,0.992618138412467,0,0.59557088304748,4,1.73333333333333,0.733333333333333,"N1 P1 O11","de-protonated",0,NA,"C15 H26 O11 N1 P1",15,26,11,1,1,NA,NA,NA,NA,NA,NA
2563,426.154324,426.153509129929,426.153323691725,3192795.8,NA,234261.9,15.83,-1,0.435144333683104,0.966226098233613,0,0.579735658940168,16,0.925925925925926,0.0740740740740741,"N1 S1 O2","de-protonated",0,NA,"C27 H25 O2 S1 N1",27,25,2,1,NA,1,NA,NA,NA,NA,NA
2564,426.177857,426.177042064361,426.176954983269,2523622.3,NA,256433.8,12.06,-1,0.204330832968685,0.992452942834656,0,0.595471765700794,7,1.45,0.45,"N1 O9","de-protonated",0,NA,"C20 H29 O9 N1",20,29,9,1,NA,NA,NA,NA,NA,NA,NA
2571,427.042051,427.041233656529,427.041069906095,2443107.5,NA,269523.2,11.61,-1,0.383453595076504,0.973673147941892,0,0.584203888765135,14,0.80952380952381,0.285714285714286,"S1 P1 O6","de-protonated",0,NA,"C21 H17 O6 S1 P1",21,17,6,NA,1,1,NA,NA,NA,NA,NA
2572,427.044408,427.043590649962,427.043438887758,3070820.5,NA,273651.2,15.14,-1,0.355378843585185,0.977344672452727,0,0.586406803471636,23,0.428571428571429,0.107142857142857,"S1 O3","de-protonated",0,NA,"C28 H12 O3 S1",28,12,3,NA,NA,1,NA,NA,NA,NA,NA
2573,427.052538,427.05172062731,427.051814038017,10135400,NA,245685.2,54.89,-1,-0.218733896870023,0.981564788657936,0.991355812696888,0.985481198273517,10,0.941176470588235,0.764705882352941,"O13","de-protonated",0,NA,"C17 H16 O13",17,16,13,NA,NA,NA,NA,NA,NA,NA,NA
2574,427.080907,427.080089548267,427.079957338924,13778805,NA,241880.9,75.39,-1,0.309565787702374,0.990887493853656,0.941169821353768,0.971000424853701,9,1.16666666666667,0.555555555555556,"P1 O10","de-protonated",0,NA,"C18 H21 O10 P1",18,21,10,NA,1,NA,NA,NA,NA,NA,NA
2575,427.088963,427.088145525822,427.088199547401,32436088,NA,239394.4,180.38,-1,-0.126488111588202,0.987585570306737,0.973147440765382,0.981810318490195,9,1.11111111111111,0.666666666666667,"O12","de-protonated",0,NA,"C18 H20 O12",18,20,12,NA,NA,NA,NA,NA,NA,NA,NA
2577,427.117294,427.116476446885,427.116342848308,33656708,NA,241666.4,187.25,-1,0.3127920043063,0.991197600153168,0.969040365751248,0.9823347063924,8,1.31578947368421,0.473684210526316,"P1 O9","de-protonated",0,NA,"C19 H25 O9 P1",19,25,9,NA,1,NA,NA,NA,NA,NA,NA
2578,427.125313,427.124495424543,427.124585056786,35704712,NA,238340.4,198.77,-1,-0.209850348644958,0.977871030588578,0.987166495244366,0.981589216450894,8,1.26315789473684,0.578947368421053,"O11","de-protonated",0,NA,"C19 H24 O11",19,24,11,NA,NA,NA,NA,NA,NA,NA,NA
2579,427.134996,427.134178397564,427.133967971256,6358924.5,NA,232489.8,33.64,-1,0.492647092775354,0.478458889639522,0.753652554121787,0.588536355432428,21,0.666666666666667,0.1,"O3","de-protonated",0,NA,"C30 H20 O3",30,20,3,NA,NA,NA,NA,NA,NA,NA,NA
2580,427.153634,427.152816345634,427.152728357693,19152788,NA,241380.8,105.63,-1,0.205987076015712,0.979269900499101,0.949004956123185,0.967163922748735,7,1.45,0.4,"P1 O8","de-protonated",0,NA,"C20 H29 O8 P1",20,29,8,NA,1,NA,NA,NA,NA,NA,NA
2581,427.16164,427.160822323328,427.16097056617,16261016,NA,236194,89.36,-1,-0.347042104835193,0.984663631946948,0.995529635695665,0.989010033446435,7,1.4,0.5,"O10","de-protonated",0,NA,"C20 H28 O10",20,28,10,NA,NA,NA,NA,NA,NA,NA,NA
2583,427.174741,427.173923286825,427.17372478401,7296926,NA,233906.4,38.92,-1,0.464688728480627,0.480788211719253,0.766236582456902,0.594967560014312,15,1,0.0714285714285714,"S1 O2","de-protonated",0,NA,"C28 H28 O2 S1",28,28,2,NA,NA,1,NA,NA,NA,NA,NA
2586,427.198102,427.197284221737,427.197356075554,6414248.5,NA,243279.5,33.95,-1,-0.168198179785625,0.497439927813355,0.813795485951173,0.623982151068482,6,1.52380952380952,0.428571428571429,"O9","de-protonated",0,NA,"C21 H32 O9",21,32,9,NA,NA,NA,NA,NA,NA,NA,NA
2587,427.211129,427.210311185441,427.210110293395,4506542,NA,249285.2,23.22,-1,0.470241787319169,0.480335507329288,0.759892473118277,0.592158293644884,14,1.10344827586207,0.0344827586206897,"S1 O1","de-protonated",0,NA,"C29 H32 O1 S1",29,32,1,NA,NA,1,NA,NA,NA,NA,NA
2588,427.234466,427.233648120419,427.233741584939,5220280.5,NA,233484.6,26.55,-1,-0.218766710102695,0.495676833347525,0.806643077274283,0.620063330918228,5,1.63636363636364,0.363636363636364,"O8","de-protonated",0,NA,"C22 H36 O8",22,36,8,NA,NA,NA,NA,NA,NA,NA,NA
2595,428.133572,428.132751615313,428.132588246819,3340101.5,NA,210171.5,16.23,-1,0.381583880216476,0.973925892300846,0,0.584355535380508,16,0.884615384615385,0.115384615384615,"N1 S1 O3","de-protonated",0,NA,"C26 H23 O3 S1 N1",26,23,3,1,NA,1,NA,NA,NA,NA,NA
2598,428.17004,428.169219513706,428.169106697985,1896277.8,NA,244172,8.31,-1,0.263484027101008,0.987482145168234,0,0.59248928710094,2,2,0.625,"N1 P1 O10","de-protonated",0,NA,"C16 H32 O10 N1 P1",16,32,10,1,1,NA,NA,NA,NA,NA,NA
2599,428.193305,428.192484448884,428.192605047747,2437472,NA,273193.5,11.28,-1,-0.281646300416142,0.98570973763633,0,0.591425842581798,6,1.55,0.45,"N1 O9","de-protonated",0,NA,"C20 H31 O9 N1",20,31,9,1,NA,NA,NA,NA,NA,NA,NA
2603,429.047177,429.046354069811,429.046334734396,4376281.5,NA,272103.6,21.92,-1,0.045066030159703,0.999631555213847,0,0.599778933128308,14,0.7,0.55,"O11","de-protonated",0,NA,"C20 H14 O11",20,14,11,NA,NA,NA,NA,NA,NA,NA,NA
2604,429.060179,429.059356033584,429.059221894018,6628063.5,NA,244211.3,34.27,-1,0.312636484151888,0.990840061794884,0.926601285245805,0.965144551175252,9,1.11764705882353,0.647058823529412,"P1 O11","de-protonated",0,NA,"C17 H19 O11 P1",17,19,11,NA,1,NA,NA,NA,NA,NA,NA
2605,429.068223,429.067400011172,429.067464102495,10320611,NA,251775,54.53,-1,-0.149373533239065,0.99513404128954,0.987914176428128,0.992246095344975,9,1.05882352941176,0.764705882352941,"O13","de-protonated",0,NA,"C17 H18 O13",17,18,13,NA,NA,NA,NA,NA,NA,NA,NA
2607,429.083474,429.082650968679,429.08272024378,6245097.5,NA,231083.3,32.17,-1,-0.161449290019768,0.984162513189095,0.962233727383333,0.97539099886679,13,0.857142857142857,0.476190476190476,"O10","de-protonated",0,NA,"C21 H18 O10",21,18,10,NA,NA,NA,NA,NA,NA,NA,NA
2608,429.096491,429.095667932411,429.09547446162,30339824,NA,235186.9,164.37,-1,0.450880520482028,0.485714244031052,0.869553229979415,0.639249838410397,21,0.620689655172414,0.0689655172413793,"S1 O2","de-protonated",0,NA,"C29 H18 O2 S1",29,18,2,NA,NA,1,NA,NA,NA,NA,NA
2609,429.104553,429.103729909949,429.103849611879,16954100,NA,242285.5,90.93,-1,-0.278957951140427,0.992138947977671,0.989658143303805,0.991146626108125,8,1.22222222222222,0.666666666666667,"O12","de-protonated",0,NA,"C18 H22 O12",18,22,12,NA,NA,NA,NA,NA,NA,NA,NA
2611,429.119872,429.119048867267,429.119105753164,7430905.5,NA,239111.5,38.68,-1,-0.132564355577937,0.997791167055155,0.987839754653928,0.993810602094665,12,1,0.409090909090909,"O9","de-protonated",0,NA,"C22 H22 O9",22,22,9,NA,NA,NA,NA,NA,NA,NA,NA
2612,429.132959,429.132135830803,429.131992912786,39236352,NA,238004.2,213.18,-1,0.333039762741406,0.981401823219142,0.962724057687133,0.973930717006339,7,1.42105263157895,0.473684210526316,"P1 O9","de-protonated",0,NA,"C19 H27 O9 P1",19,27,9,NA,1,NA,NA,NA,NA,NA,NA
2613,429.141013,429.140189808363,429.140235121264,14062339,NA,237544.6,75.06,-1,-0.105589960582707,0.993618407274629,0.982741492554934,0.989267641386751,7,1.36842105263158,0.578947368421053,"O11","de-protonated",0,NA,"C19 H26 O11",19,26,11,NA,NA,NA,NA,NA,NA,NA,NA
2615,429.156323,429.155499765706,429.155491262549,5283594,NA,235816.8,26.9,-1,0.0198136986400852,0.499964384465126,0.799615297578637,0.61982474971053,11,1.1304347826087,0.347826086956522,"O8","de-protonated",0,NA,"C23 H26 O8",23,26,8,NA,NA,NA,NA,NA,NA,NA,NA
2616,429.169392,429.168568729293,429.168378422171,14668560,NA,242984.6,78.39,-1,0.443432303375625,0.98136196615928,0.940597592173456,0.96505621656495,6,1.55,0.4,"P1 O8","de-protonated",0,NA,"C20 H31 O8 P1",20,31,8,NA,1,NA,NA,NA,NA,NA,NA
2617,429.177423,429.176599706917,429.176620630648,8616723,NA,233357.3,45.18,-1,-0.0487531938275168,0.499784406169963,0.821075868479145,0.628300991093636,6,1.5,0.5,"O10","de-protonated",0,NA,"C20 H30 O10",20,30,10,NA,NA,NA,NA,NA,NA,NA,NA
2619,429.190358,429.189534670877,429.189374848488,4484889,NA,231699.9,22.51,-1,0.372381979352642,0.487576358288947,0.766236582456902,0.599040447956129,14,1.07142857142857,0.0714285714285714,"S1 O2","de-protonated",0,NA,"C28 H30 O2 S1",28,30,2,NA,NA,1,NA,NA,NA,NA,NA
2620,429.205673,429.204849628206,429.204763931555,3153695.8,NA,254145.7,15.21,-1,0.199663793630067,0.99279253299158,0,0.595675519794948,5,1.66666666666667,0.333333333333333,"P1 O7","de-protonated",0,NA,"C21 H35 O7 P1",21,35,7,NA,1,NA,NA,NA,NA,NA,NA
2621,429.213699,429.212875605844,429.213006140032,7293731,NA,244305.4,37.92,-1,-0.304124493481361,0.990888631500609,0.997039766970721,0.993349085688654,5,1.61904761904762,0.428571428571429,"O9","de-protonated",0,NA,"C21 H34 O9",21,34,9,NA,NA,NA,NA,NA,NA,NA,NA
2622,429.250245,429.249421504019,429.249391649417,4852531.5,NA,256258.3,24.53,-1,0.0695507157323435,0.499561331490748,0.806643077274283,0.622394029804162,4,1.72727272727273,0.363636363636364,"O8","de-protonated",0,NA,"C22 H38 O8",22,38,8,NA,NA,NA,NA,NA,NA,NA,NA
2627,430.091438,430.090612160272,430.090723433813,2242471.8,NA,187373.7,10.21,-1,-0.25872109119335,0.987927900908885,0,0.592756740545331,21,0.607142857142857,0.0714285714285714,"N1 S1 O2","de-protonated",0,NA,"C28 H17 O2 S1 N1",28,17,2,1,NA,1,NA,NA,NA,NA,NA
2635,430.149221,430.148394999276,430.148238311297,3966145.3,NA,204013.2,19.66,-1,0.364265071937047,0.488105634197832,0.779247987650237,0.604562575578794,15,0.961538461538462,0.115384615384615,"N1 S1 O3","de-protonated",0,NA,"C26 H25 O3 S1 N1",26,25,3,1,NA,1,NA,NA,NA,NA,NA
2638,430.208874,430.20804783307,430.208255112225,2750171.8,NA,259315.2,12.99,-1,-0.481811199571162,0.958752933348763,0,0.575251760009257,5,1.65,0.45,"N1 O9","de-protonated",0,NA,"C20 H33 O9 N1",20,33,9,1,NA,NA,NA,NA,NA,NA,NA
2642,431.026529,431.025700554905,431.025599289489,2637381.8,NA,286906.4,12.37,-1,0.234940605826419,0.990034548335214,0,0.594020729001128,14,0.631578947368421,0.631578947368421,"O12","de-protonated",0,NA,"C19 H12 O12",19,12,12,NA,NA,NA,NA,NA,NA,NA,NA
2644,431.062686,431.061857454164,431.061984798874,7814742,NA,241365.1,40.78,-1,-0.295420878333092,0.492144531882135,0.821075868479145,0.623717066520939,13,0.8,0.55,"O11","de-protonated",0,NA,"C20 H16 O11",20,16,11,NA,NA,NA,NA,NA,NA,NA,NA
2645,431.075767,431.074938417717,431.074739016714,13723228,NA,235534.4,73.2,-1,0.462567125565128,0.963042507346591,0.949121962555511,0.957474289430159,21,0.571428571428571,0.107142857142857,"S1 O3","de-protonated",0,NA,"C28 H16 O3 S1",28,16,3,NA,NA,1,NA,NA,NA,NA,NA
2646,431.083858,431.083029395174,431.083114166973,4568671.5,NA,246851.3,22.97,-1,-0.196648387599775,0.993007832301273,0,0.595804699380764,8,1.17647058823529,0.764705882352941,"O13","de-protonated",0,NA,"C17 H20 O13",17,20,13,NA,NA,NA,NA,NA,NA,NA,NA
2647,431.093524,431.092695368242,431.092497081443,8980068,NA,236737.6,47.17,-1,0.459963465031596,0.979443176698961,0.963353183570006,0.973007179447379,21,0.571428571428571,0.178571428571429,"O5","de-protonated",0,NA,"C28 H16 O5",28,16,5,NA,NA,NA,NA,NA,NA,NA,NA
2648,431.099117,431.098288352659,431.098370308258,12387942,NA,235363.3,65.87,-1,-0.190108812317062,0.979568506199091,0.973108390827241,0.976984460050351,12,0.952380952380952,0.476190476190476,"O10","de-protonated",0,NA,"C21 H20 O10",21,20,10,NA,NA,NA,NA,NA,NA,NA,NA
2649,431.112218,431.111389316157,431.11125746788,34272876,NA,234290.7,185.95,-1,0.305833527517052,0.989058144617265,0.991445163524516,0.990012952180166,7,1.38888888888889,0.555555555555556,"P1 O10","de-protonated",0,NA,"C18 H25 O10 P1",18,25,10,NA,1,NA,NA,NA,NA,NA,NA
2650,431.120315,431.119486293597,431.119499676357,5701231.5,NA,242923.7,29.18,-1,-0.0310418824072346,0.499912585804476,0.836034543948893,0.634361369062242,7,1.33333333333333,0.666666666666667,"O12","de-protonated",0,NA,"C18 H24 O12",18,24,12,NA,NA,NA,NA,NA,NA,NA,NA
2652,431.135601,431.134772251006,431.134755817642,13043318,NA,243744.8,69.47,-1,0.0381165377154325,0.981585101303626,0.9603273030998,0.973081982022095,11,1.09090909090909,0.409090909090909,"O9","de-protonated",0,NA,"C22 H24 O9",22,24,9,NA,NA,NA,NA,NA,NA,NA,NA
2653,431.148614,431.147785214749,431.147642977264,28350076,NA,236158.6,153.45,-1,0.329904355161617,0.983660711476824,0.966443928806101,0.976773998408535,6,1.52631578947368,0.473684210526316,"P1 O9","de-protonated",0,NA,"C19 H29 O9 P1",19,29,9,NA,1,NA,NA,NA,NA,NA,NA
2654,431.156698,431.155869192226,431.155885185742,4810367.5,NA,257586.5,24.29,-1,-0.0370945094517221,0.999750357296087,0,0.599850214377652,6,1.47368421052632,0.578947368421053,"O11","de-protonated",0,NA,"C19 H28 O11",19,28,11,NA,NA,NA,NA,NA,NA,NA,NA
2655,431.166305,431.165476165458,431.165268100212,4448900,NA,241706.1,22.31,-1,0.482564950823041,0.479313243484235,0.753652554121787,0.589048967739256,19,0.8,0.1,"O3","de-protonated",0,NA,"C30 H24 O3",30,24,3,NA,NA,NA,NA,NA,NA,NA,NA
2656,431.171849,431.171020150012,431.171141327027,5897862.5,NA,231523.7,30.26,-1,-0.281041571009548,0.492885299727402,0.799615297578637,0.615577298867896,10,1.21739130434783,0.347826086956522,"O8","de-protonated",0,NA,"C23 H28 O8",23,28,8,NA,NA,NA,NA,NA,NA,NA,NA
2657,431.184923,431.184094113585,431.184028486649,9211532,NA,239242.4,48.44,-1,0.152201685920077,0.99740573887387,0.862810128793041,0.943567494841539,5,1.65,0.4,"P1 O8","de-protonated",0,NA,"C20 H33 O8 P1",20,33,8,NA,1,NA,NA,NA,NA,NA,NA
2658,431.192937,431.192108091256,431.192270695126,5296783.5,NA,247193.4,26.96,-1,-0.377102933265636,0.487263426474438,0.821075868479145,0.620788403276321,5,1.6,0.5,"O10","de-protonated",0,NA,"C20 H32 O10",20,32,10,NA,NA,NA,NA,NA,NA,NA,NA
2659,431.208306,431.207477048434,431.207526836411,2742934.5,NA,241983.5,12.95,-1,-0.115461751632565,0.99758395540909,0,0.598550373245454,9,1.33333333333333,0.291666666666667,"O7","de-protonated",0,NA,"C24 H32 O7",24,32,7,NA,NA,NA,NA,NA,NA,NA,NA
2661,431.229522,431.228692989322,431.22865620451,5461664,NA,236710.9,27.87,-1,0.0853023362024442,0.499340280967189,0.813795485951173,0.625122362960783,4,1.71428571428571,0.428571428571429,"O9","de-protonated",0,NA,"C21 H36 O9",21,36,9,NA,NA,NA,NA,NA,NA,NA,NA
2672,432.224818,432.223986216211,432.223905176703,1708633,NA,299184.4,7.27,-1,0.187494273936262,0.993641634738098,0,0.596184980842859,4,1.75,0.45,"N1 O9","de-protonated",0,NA,"C20 H35 O9 N1",20,35,9,1,NA,NA,NA,NA,NA,NA,NA
2673,433.041997,433.041162939372,433.041249353967,7344579.5,NA,243686,38.19,-1,-0.199552804002826,0.496400257434538,0.828487690504102,0.629235230662363,13,0.736842105263158,0.631578947368421,"O12","de-protonated",0,NA,"C19 H14 O12",19,14,12,NA,NA,NA,NA,NA,NA,NA,NA
2674,433.055041,433.054206903028,433.054003571808,4248009.5,NA,243256.2,21.2,-1,0.469528555226697,0.480393929480104,0.772687513667176,0.597311363154933,21,0.518518518518518,0.148148148148148,"S1 O4","de-protonated",0,NA,"C27 H14 O4 S1",27,14,4,NA,NA,1,NA,NA,NA,NA,NA
2675,433.078326,433.077491838151,433.077634863352,13842900,NA,240763.4,73.85,-1,-0.330253028231375,0.982537746269496,0.956826538531628,0.972253263174349,12,0.9,0.55,"O11","de-protonated",0,NA,"C20 H18 O11",20,18,11,NA,NA,NA,NA,NA,NA,NA,NA
2676,433.091381,433.090546801777,433.090389081192,17160666,NA,229051.3,92.05,-1,0.364174752392568,0.974848740327104,0.924879010565724,0.954860848422552,20,0.642857142857143,0.107142857142857,"S1 O3","de-protonated",0,NA,"C28 H18 O3 S1",28,18,3,NA,NA,1,NA,NA,NA,NA,NA
2678,433.11479,433.113955736555,433.114020372736,23976420,NA,236014.1,129.45,-1,-0.149235947634647,0.994162107909138,0.977724961136762,0.987587249200188,11,1.04761904761905,0.476190476190476,"O10","de-protonated",0,NA,"C21 H22 O10",21,22,10,NA,NA,NA,NA,NA,NA,NA,NA
2679,433.12786,433.127025700139,433.126907532358,23804394,NA,230066.4,128.5,-1,0.272824843678331,0.992338543903245,0.971993628218205,0.984200577629229,6,1.5,0.555555555555556,"P1 O10","de-protonated",0,NA,"C18 H27 O10 P1",18,27,10,NA,1,NA,NA,NA,NA,NA,NA
2681,433.151176,433.150341635175,433.15040588212,19208692,NA,234429.7,103.29,-1,-0.148324794477581,0.997243193094324,0.999812499720579,0.998270915744826,10,1.18181818181818,0.409090909090909,"O9","de-protonated",0,NA,"C22 H26 O9",22,26,9,NA,NA,NA,NA,NA,NA,NA,NA
2682,433.1642,433.163365598888,433.163160099961,17308154,NA,234187.7,92.86,-1,0.47441459913653,0.47999207127984,0.753652554121787,0.589456264416619,18,0.866666666666667,0.0333333333333333,"S1 O1","de-protonated",0,NA,"C30 H26 O1 S1",30,26,1,NA,NA,1,NA,NA,NA,NA,NA
2683,433.172174,433.17133957667,433.17153525022,2219005.3,NA,283549.1,10.07,-1,-0.451723009059715,0.963651782006359,0,0.578191069203816,5,1.57894736842105,0.578947368421053,"O11","de-protonated",0,NA,"C19 H30 O11",19,30,11,NA,NA,NA,NA,NA,NA,NA,NA
2684,433.1819,433.181065549572,433.18091816469,2958849.5,NA,246751.6,14.13,-1,0.340238628593975,0.979214145174538,0,0.587528487104723,18,0.866666666666667,0.1,"O3","de-protonated",0,NA,"C30 H26 O3",30,26,3,NA,NA,NA,NA,NA,NA,NA,NA
2685,433.187484,433.186649534013,433.186791391505,6537732,NA,237704.8,33.77,-1,-0.327474184393294,0.970829714843574,0.955014708310558,0.964503712230368,9,1.30434782608696,0.347826086956522,"O8","de-protonated",0,NA,"C23 H30 O8",23,30,8,NA,NA,NA,NA,NA,NA,NA,NA
2686,433.200505,433.199670497734,433.199678551127,8012298,NA,239137.1,41.86,-1,-0.0185904859747953,0.998653324638206,0.868584474384293,0.946625784536641,4,1.75,0.4,"P1 O8","de-protonated",0,NA,"C20 H35 O8 P1",20,35,8,NA,1,NA,NA,NA,NA,NA,NA
2687,433.208648,433.207813475046,433.207920759604,2967053.5,NA,259327.5,14.18,-1,-0.247651423318319,0.98893322171565,0,0.59335993302939,4,1.7,0.5,"O10","de-protonated",0,NA,"C20 H34 O10",20,34,10,NA,NA,NA,NA,NA,NA,NA,NA
2688,433.237068,433.236233395862,433.236064060511,2416666,NA,290928.7,11.16,-1,0.390861621928584,0.972660260066182,0,0.583596156039709,3,1.85714285714286,0.333333333333333,"P1 O7","de-protonated",0,NA,"C21 H39 O7 P1",21,39,7,NA,1,NA,NA,NA,NA,NA,NA
2689,434.073728,434.072891064745,434.072883835545,1948557.3,NA,313605.1,8.58,-1,0.0166543455688035,0.999949673347586,0,0.599969804008551,12,0.894736842105263,0.578947368421053,"N1 O11","de-protonated",0,NA,"C19 H17 O11 N1",19,17,11,1,NA,NA,NA,NA,NA,NA,NA
2692,434.110055,434.10921796353,434.109269344929,2210461.5,NA,210877.7,10.02,-1,-0.118360521321782,0.997461274731056,0,0.598476764838633,11,1.05,0.5,"N1 O10","de-protonated",0,NA,"C20 H21 O10 N1",20,21,10,1,NA,NA,NA,NA,NA,NA,NA
2703,435.021355,435.020515424449,435.020513909061,2703154,NA,232394.7,12.72,-1,0.00348348660930707,0.999997798180868,0,0.599998678908521,13,0.666666666666667,0.722222222222222,"O13","de-protonated",0,NA,"C18 H12 O13",18,12,13,NA,NA,NA,NA,NA,NA,NA,NA
2704,435.048242,435.047402349536,435.047492697009,2014270,NA,162891.1,8.94,-1,-0.207672665684627,0.992205032224439,0,0.595323019334664,21,0.541666666666667,0.0416666666666667,"N4 S1 P1 O1","de-protonated",0,NA,"C24 H13 O1 S1 N4 P1",24,13,1,4,1,1,NA,NA,NA,NA,NA
2705,435.057699,435.056859323187,435.056899418445,11031874,NA,242415.8,58.42,-1,-0.0921609529580931,0.999025099748731,0.959746556773264,0.983313682558544,12,0.842105263157895,0.631578947368421,"O12","de-protonated",0,NA,"C19 H16 O12",19,16,12,NA,NA,NA,NA,NA,NA,NA,NA
2706,435.070673,435.069833287039,435.069653636286,5289288,NA,226254.7,26.91,-1,0.412924117381898,0.484767768986738,0.772687513667176,0.599935666858914,20,0.592592592592593,0.148148148148148,"S1 O4","de-protonated",0,NA,"C27 H16 O4 S1",27,16,4,NA,NA,1,NA,NA,NA,NA,NA
2707,435.088447,435.087607237516,435.087411701015,5757264,NA,238972.6,29.48,-1,0.449418888697827,0.482007452652052,0.772687513667176,0.598279477058102,20,0.592592592592593,0.222222222222222,"O6","de-protonated",0,NA,"C27 H16 O6",27,16,6,NA,NA,NA,NA,NA,NA,NA,NA
2708,435.094013,435.093173222008,435.09328492783,24829266,NA,235544.4,134.12,-1,-0.256739934550858,0.993817534655299,0.998214656691872,0.995576383469928,11,1,0.55,"O11","de-protonated",0,NA,"C20 H20 O11",20,20,11,NA,NA,NA,NA,NA,NA,NA,NA
2709,435.106995,435.106155185838,435.10603914567,11988312,NA,220043.2,63.67,-1,0.266693994077374,0.984662554151022,0.928478784106483,0.962189046133206,19,0.714285714285714,0.107142857142857,"S1 O3","de-protonated",0,NA,"C28 H20 O3 S1",28,20,3,NA,NA,1,NA,NA,NA,NA,NA
2710,435.124836,435.123996136129,435.123797210399,7611744,NA,233110.1,39.65,-1,0.457170420033029,0.481393225767154,0.766236582456902,0.595330568443053,19,0.714285714285714,0.178571428571429,"O5","de-protonated",0,NA,"C28 H20 O5",28,20,5,NA,NA,NA,NA,NA,NA,NA,NA
2711,435.130375,435.129535120696,435.129670437214,35790180,NA,231388.5,194.26,-1,-0.310979754749418,0.98883984290585,0.975857300801433,0.983646826064083,10,1.14285714285714,0.476190476190476,"O10","de-protonated",0,NA,"C21 H24 O10",21,24,10,NA,NA,NA,NA,NA,NA,NA,NA
2712,435.143426,435.142586084333,435.142424655054,12529000,NA,225294.7,66.63,-1,0.370980325692394,0.975337526631666,0.962652545871559,0.970263534327623,18,0.827586206896552,0.0689655172413793,"S1 O2","de-protonated",0,NA,"C29 H24 O2 S1",29,24,2,NA,NA,1,NA,NA,NA,NA,NA
2714,435.16684,435.166000019096,435.166055946598,18345330,NA,236339.1,98.55,-1,-0.128519909313145,0.995185191718302,0.999514227838443,0.996916806166358,9,1.27272727272727,0.409090909090909,"O9","de-protonated",0,NA,"C22 H28 O9",22,28,9,NA,NA,NA,NA,NA,NA,NA,NA
2715,435.179883,435.179042982756,435.17894310622,12987768,NA,237430.9,69.15,-1,0.229506820054556,0.981134505397509,0.905326385892347,0.950811257595445,4,1.73684210526316,0.473684210526316,"P1 O9","de-protonated",0,NA,"C19 H33 O9 P1",19,33,9,NA,1,NA,NA,NA,NA,NA,NA
2717,435.203307,435.202466917491,435.202441455983,3447170.8,NA,251018.2,16.8,-1,0.0585049767036507,0.999379124398938,0,0.599627474639363,8,1.39130434782609,0.347826086956522,"O8","de-protonated",0,NA,"C23 H32 O8",23,32,8,NA,NA,NA,NA,NA,NA,NA,NA
2718,435.216173,435.215332881644,435.215328615605,8005000.5,NA,244490.9,41.81,-1,0.00980213462274957,0.992986849710121,0.896826466765978,0.954522696532464,3,1.85,0.4,"P1 O8","de-protonated",0,NA,"C20 H37 O8 P1",20,37,8,NA,1,NA,NA,NA,NA,NA,NA
2719,435.252558,435.251717780267,435.251714124989,2750360.5,NA,236728.5,12.98,-1,0.00839807932026043,0.999987202916789,0,0.599992321750073,2,1.95238095238095,0.333333333333333,"P1 O7","de-protonated",0,NA,"C21 H41 O7 P1",21,41,7,NA,1,NA,NA,NA,NA,NA,NA
2722,436.074261,436.073418490824,436.073277758738,1685253.5,NA,260616.5,7.14,-1,0.322725773500328,0.981279222000233,0,0.58876753320014,7,1.26666666666667,0.933333333333333,"N1 O14","de-protonated",0,NA,"C15 H19 O14 N1",15,19,14,1,NA,NA,NA,NA,NA,NA,NA
2723,436.089523,436.0886804483,436.088533900023,2888460.3,NA,244161.3,13.74,-1,0.336051664558778,0.979717385534275,0,0.587830431320565,11,1,0.578947368421053,"N1 O11","de-protonated",0,NA,"C19 H19 O11 N1",19,19,11,1,NA,NA,NA,NA,NA,NA,NA
2726,436.125572,436.12472934786,436.124919409407,3018524.3,NA,243301.2,14.45,-1,-0.435796118139674,0.96612657999349,0,0.579675947996094,10,1.15,0.5,"N1 O10","de-protonated",0,NA,"C20 H23 O10 N1",20,23,10,1,NA,NA,NA,NA,NA,NA,NA
2730,436.175165,436.174322209683,436.174192078413,16428850,NA,238119.6,88.03,-1,0.298347018670058,0.491989403986615,0.836034543948893,0.629607459971526,4,1.77777777777778,0.5,"N1 P1 O9","de-protonated",0,NA,"C18 H32 O9 N1 P1",18,32,9,1,1,NA,NA,NA,NA,NA,NA
2734,436.965164,436.964319008574,436.964262334696,2658961.3,NA,241427.5,12.48,-1,0.129699114402253,0.996952349096812,0,0.598171409458087,13,0.588235294117647,0.588235294117647,"S2 O10","de-protonated",0,NA,"C17 H10 O10 S2",17,10,10,NA,NA,2,NA,NA,NA,NA,NA
2735,437.036828,437.035982808902,437.036163973539,6035633,NA,239596,31,-1,-0.414530081763425,0.484650895747565,0.836034543948893,0.625204355028096,12,0.777777777777778,0.722222222222222,"O13","de-protonated",0,NA,"C18 H14 O13",18,14,13,NA,NA,NA,NA,NA,NA,NA,NA
2736,437.062881,437.062035736313,437.062002055494,2977980.8,NA,198874.4,14.23,-1,0.0770618792535626,0.9989230412828,0,0.59935382476968,7,1.38461538461538,0.846153846153846,"N4 S1 O11","de-protonated",0,NA,"C13 H18 O11 S1 N4",13,18,11,4,NA,1,NA,NA,NA,NA,NA
2737,437.07323,437.072384707478,437.072549482923,20664514,NA,234160.5,111.27,-1,-0.376997926763929,0.980122565409248,0.975029702605643,0.978085420287806,11,0.947368421052632,0.631578947368421,"O12","de-protonated",0,NA,"C19 H18 O12",19,18,12,NA,NA,NA,NA,NA,NA,NA,NA
2739,437.101623,437.100777628369,437.100559842049,5984462,NA,224188.3,30.72,-1,0.49825221166466,0.969035743422827,0.879489595583278,0.933217284287007,23,0.580645161290323,0.032258064516129,"S1 O1","de-protonated",0,NA,"C31 H18 O1 S1",31,18,1,NA,NA,1,NA,NA,NA,NA,NA
2740,437.109714,437.108868605826,437.108934992308,43884752,NA,235027.1,238.67,-1,-0.151876286056642,0.990343903232449,0.986726908938236,0.988897105514764,10,1.1,0.55,"O11","de-protonated",0,NA,"C20 H22 O11",20,22,11,NA,NA,NA,NA,NA,NA,NA,NA
2741,437.122707,437.121861569625,437.121689210148,5585111.5,NA,233509.2,28.53,-1,0.394305477998806,0.48609157666387,0.766236582456902,0.598149578981083,18,0.785714285714286,0.107142857142857,"S1 O3","de-protonated",0,NA,"C28 H22 O3 S1",28,22,3,NA,NA,1,NA,NA,NA,NA,NA
2742,437.138131,437.13728552665,437.137078293215,7784670,NA,247264.6,40.6,-1,0.4740696815575,0.979279873745896,0.911581343485276,0.952200461641648,9,1.28571428571429,0.380952380952381,"P1 O8","de-protonated",0,NA,"C21 H27 O8 P1",21,27,8,NA,1,NA,NA,NA,NA,NA,NA
2743,437.146044,437.145198504603,437.145320501692,35463392,NA,232377.8,192.46,-1,-0.27907673598161,0.992956236888919,0.998245713386962,0.995072027488136,9,1.23809523809524,0.476190476190476,"O10","de-protonated",0,NA,"C21 H26 O10",21,26,10,NA,NA,NA,NA,NA,NA,NA,NA
2744,437.159081,437.158235468279,437.158074719532,9226471,NA,231350.9,48.51,-1,0.367713090081957,0.487882155631575,0.759892473118277,0.596686282626256,17,0.896551724137931,0.0689655172413793,"S1 O2","de-protonated",0,NA,"C29 H26 O2 S1",29,26,2,NA,NA,1,NA,NA,NA,NA,NA
2745,437.174429,437.173583425516,437.173463802599,4714734,NA,239187.5,23.75,-1,0.273628037745217,0.493253192566857,0.806643077274283,0.618609146449827,8,1.40909090909091,0.318181818181818,"P1 O7","de-protonated",0,NA,"C22 H31 O7 P1",22,31,7,NA,1,NA,NA,NA,NA,NA,NA
2746,437.176881,437.176035418684,437.175832784262,4017391.3,NA,186134.2,19.93,-1,0.463507831758183,0.480883843600535,0.759892473118277,0.592487295407632,17,0.896551724137931,0.137931034482759,"O4","de-protonated",0,NA,"C29 H26 O4",29,26,4,NA,NA,NA,NA,NA,NA,NA,NA
2747,437.182375,437.181529403377,437.181706011076,11272434,NA,232928.5,59.73,-1,-0.403968640990557,0.984402475823536,0.98195772428768,0.983424575209194,8,1.36363636363636,0.409090909090909,"O9","de-protonated",0,NA,"C22 H30 O9",22,30,9,NA,NA,NA,NA,NA,NA,NA,NA
2748,437.1955,437.194654366808,437.194460228917,11200760,NA,228516.4,59.34,-1,0.44405386733961,0.977390353810256,0.947705952505757,0.965516593288457,16,1,0.0333333333333333,"S1 O1","de-protonated",0,NA,"C30 H30 O1 S1",30,30,1,NA,NA,1,NA,NA,NA,NA,NA
2750,437.218932,437.218086301521,437.218091520461,1985794,NA,262798.1,8.78,-1,-0.0119366966947099,0.999974146667492,0,0.599984488000495,7,1.47826086956522,0.347826086956522,"O8","de-protonated",0,NA,"C23 H34 O8",23,34,8,NA,NA,NA,NA,NA,NA,NA,NA
2751,437.232009,437.231163265086,437.230978680083,4254984,NA,254242.8,21.23,-1,0.422168171742443,0.96817844251038,0,0.580907065506228,2,1.95,0.4,"P1 O8","de-protonated",0,NA,"C20 H39 O8 P1",20,39,8,NA,1,NA,NA,NA,NA,NA,NA
2753,438.089859,438.089010874929,438.088927823216,10072709,NA,233167.2,53.15,-1,0.189577292360166,0.496750016341242,0.859523230357577,0.641859301947776,6,1.4,0.933333333333333,"N1 O14","de-protonated",0,NA,"C15 H21 O14 N1",15,21,14,1,NA,NA,NA,NA,NA,NA,NA
2754,438.093621,438.092772864447,438.092788383956,3783302.5,NA,237010,18.64,-1,-0.0354251651081324,0.999772318287522,0,0.599863390972513,5,1.73333333333333,0.4,"N3 S2 P1 O6","de-protonated",0,NA,"C15 H26 O6 S2 N3 P1",15,26,6,3,1,2,NA,NA,NA,NA,NA
2759,438.154338,438.153489695276,438.153323691725,3511969.5,NA,214108.8,17.15,-1,0.378870914974289,0.487145272176959,0.766236582456902,0.598781796288936,17,0.892857142857143,0.0714285714285714,"N1 S1 O2","de-protonated",0,NA,"C28 H25 O2 S1 N1",28,25,2,1,NA,1,NA,NA,NA,NA,NA
2762,438.17793,438.177081629544,438.176954983269,2212012,NA,234803.1,10.02,-1,0.289029974857473,0.984956383426458,0,0.590973830055875,8,1.38095238095238,0.428571428571429,"N1 O9","de-protonated",0,NA,"C21 H29 O9 N1",21,29,9,1,NA,NA,NA,NA,NA,NA,NA
2764,438.190809,438.18996059366,438.189842142891,1795761.8,NA,257001.3,7.74,-1,0.270318380474384,0.986828687732988,0,0.592097212639793,3,1.88888888888889,0.5,"N1 P1 O9","de-protonated",0,NA,"C18 H34 O9 N1 P1",18,34,9,1,1,NA,NA,NA,NA,NA,NA
2767,439.041918,439.041067222285,439.041069906095,2002987.9,NA,187117.9,8.87,-1,-0.00611289159145447,0.999993219749432,0,0.599995931849659,15,0.772727272727273,0.272727272727273,"S1 P1 O6","de-protonated",0,NA,"C22 H17 O6 S1 P1",22,17,6,NA,1,1,NA,NA,NA,NA,NA
2768,439.052531,439.051680192715,439.051814038017,11111473,NA,235724.4,58.85,-1,-0.304850813126481,0.491639312465432,0.836034543948893,0.629397405058816,11,0.888888888888889,0.722222222222222,"O13","de-protonated",0,NA,"C18 H16 O13",18,16,13,NA,NA,NA,NA,NA,NA,NA,NA
2769,439.088901,439.08805009138,439.088199547401,33981504,NA,184095.9,184.33,-1,-0.340378132978143,0.979701156481742,0.991887248368767,0.984575593236552,10,1.05263157894737,0.631578947368421,"O12","de-protonated",0,NA,"C19 H20 O12",19,20,12,NA,NA,NA,NA,NA,NA,NA,NA
2770,439.117281,439.116430012307,439.116342848308,14488653,NA,234377.5,77.38,-1,0.19849864413124,0.996200294311146,0.912775023873306,0.96283018613601,9,1.25,0.45,"P1 O9","de-protonated",0,NA,"C20 H25 O9 P1",20,25,9,NA,1,NA,NA,NA,NA,NA,NA
2771,439.125297,439.124445989973,439.124585056786,48997456,NA,232625.2,266.72,-1,-0.316691020714642,0.494188416178794,0.964233388113576,0.682206404952707,9,1.2,0.55,"O11","de-protonated",0,NA,"C20 H24 O11",20,24,11,NA,NA,NA,NA,NA,NA,NA,NA
2772,439.153597,439.152745911123,439.152728357693,13481054,NA,237021.9,71.85,-1,0.0399711284125459,0.499855071532111,0.813795485951173,0.625431237299736,8,1.38095238095238,0.380952380952381,"P1 O8","de-protonated",0,NA,"C21 H29 O8 P1",21,29,8,NA,1,NA,NA,NA,NA,NA,NA
2773,439.161663,439.160811888649,439.16097056617,20698210,NA,235065.6,111.45,-1,-0.36131972454255,0.978901128632,0.994320227954795,0.985068768361118,8,1.33333333333333,0.476190476190476,"O10","de-protonated",0,NA,"C21 H28 O10",21,28,10,NA,NA,NA,NA,NA,NA,NA,NA
2774,439.174711,439.173859852294,439.17372478401,6491239,NA,222371.6,33.5,-1,0.30755092233692,0.491491825709252,0.759892473118277,0.598852084672862,16,0.96551724137931,0.0689655172413793,"S1 O2","de-protonated",0,NA,"C29 H28 O2 S1",29,28,2,NA,NA,1,NA,NA,NA,NA,NA
2775,439.190164,439.189312809239,439.189113867077,4962413.5,NA,242416.4,25.11,-1,0.452976077707939,0.481726789940584,0.806643077274282,0.611693304874063,7,1.5,0.318181818181818,"P1 O7","de-protonated",0,NA,"C22 H33 O7 P1",22,33,7,NA,1,NA,NA,NA,NA,NA,NA
2777,439.198146,439.197294786999,439.197356075554,5770353.5,NA,245795.5,29.54,-1,-0.139546729925155,0.49823641613183,0.806643077274283,0.621599080588811,7,1.45454545454545,0.409090909090909,"O9","de-protonated",0,NA,"C22 H32 O9",22,32,9,NA,NA,NA,NA,NA,NA,NA,NA
2778,439.211196,439.210344750639,439.210243235176,6050935,NA,238663.8,31.08,-1,0.231131820336766,0.495176746024786,0.828487690504102,0.628501123816512,2,1.94736842105263,0.473684210526316,"P1 O9","de-protonated",0,NA,"C19 H37 O9 P1",19,37,9,NA,1,NA,NA,NA,NA,NA,NA
2779,439.226384,439.225532708322,439.225499376461,1995389.9,NA,256277.5,8.83,-1,0.0758878095848002,0.998955590114199,0,0.599373354068519,6,1.60869565217391,0.260869565217391,"P1 O6","de-protonated",0,NA,"C23 H37 O6 P1",23,37,6,NA,1,NA,NA,NA,NA,NA,NA
2780,439.234247,439.233395686414,439.233579393686,2139265.3,NA,244079.4,9.62,-1,-0.418245053992169,0.968757822340212,0,0.581254693404127,1,2.27777777777778,0.111111111111111,"N4 S2 P1 O2","de-protonated",0,NA,"C18 H41 O2 S2 N4 P1",18,41,2,4,1,2,NA,NA,NA,NA,NA
2781,439.247618,439.24676664916,439.246628744561,2342535.3,NA,252937.6,10.73,-1,0.3139571029871,0.982273764489453,0,0.589364258693672,1,2.05,0.4,"P1 O8","de-protonated",0,NA,"C20 H41 O8 P1",20,41,8,NA,1,NA,NA,NA,NA,NA,NA
2782,440.084289,440.083435318012,440.083448519594,2908667,NA,222256.9,13.84,-1,-0.0299979070033373,0.999836732297437,0,0.599902039378462,10,1.05555555555556,0.666666666666667,"N1 O12","de-protonated",0,NA,"C18 H19 O12 N1",18,19,12,1,NA,NA,NA,NA,NA,NA,NA
2787,440.133688,440.132834180376,440.132721188601,2730000.8,NA,242377,12.86,-1,0.256722051199566,0.988112624314704,0,0.592867574588822,4,1.75,0.6875,"N1 P1 O11","de-protonated",0,NA,"C16 H28 O11 N1 P1",16,28,11,1,1,NA,NA,NA,NA,NA,NA
2788,440.157163,440.156309114969,440.156219538363,4588059.5,NA,252158.1,23.05,-1,0.203510940553096,0.992513160720359,0,0.595507896432216,8,1.35,0.5,"N1 O10","de-protonated",0,NA,"C20 H27 O10 N1",20,27,10,1,NA,NA,NA,NA,NA,NA,NA
2793,441.031817,441.030960677993,441.031078593111,2674591.8,NA,220885.7,12.55,-1,-0.267362378601913,0.987113322154917,0,0.59226799329295,11,0.823529411764706,0.823529411764706,"O14","de-protonated",0,NA,"C17 H14 O14",17,14,14,NA,NA,NA,NA,NA,NA,NA,NA
2794,441.060154,441.059297599039,441.059088952236,5231532.5,NA,197919.9,26.58,-1,0.473058618736275,0.480103978695991,0.759892473118277,0.592019376464906,23,0.482758620689655,0.103448275862069,"S1 O3","de-protonated",0,NA,"C29 H14 O3 S1",29,14,3,NA,NA,1,NA,NA,NA,NA,NA
2795,441.068256,441.067399576466,441.067464102495,15316912,NA,235249.4,81.92,-1,-0.146295147047346,0.993240689295473,0.988671412928866,0.99141297874883,10,1,0.722222222222222,"O13","de-protonated",0,NA,"C18 H18 O13",18,18,13,NA,NA,NA,NA,NA,NA,NA,NA
2796,441.09661,441.095753497465,441.095607403402,18544572,NA,223367.3,99.63,-1,0.331207250089363,0.990145959939933,0.932520134453739,0.967095629745455,9,1.21052631578947,0.526315789473684,"P1 O10","de-protonated",0,NA,"C19 H23 O10 P1",19,23,10,NA,1,NA,NA,NA,NA,NA,NA
2797,441.104647,441.103790475072,441.103849611879,33777600,NA,230726.8,183.2,-1,-0.134065497673934,0.987516801960191,0.996690716619115,0.991186367823761,9,1.15789473684211,0.631578947368421,"O12","de-protonated",0,NA,"C19 H22 O12",19,22,12,NA,NA,NA,NA,NA,NA,NA,NA
2799,441.13289,441.132033396381,441.131859971005,24184780,NA,228093.7,130.57,-1,0.39313727292916,0.243086359382086,0.695538045412044,0.424067033794069,21,0.709677419354839,0.032258064516129,"S1 O1","de-protonated",0,NA,"C31 H22 O1 S1",31,22,1,NA,NA,1,NA,NA,NA,NA,NA
2800,441.140916,441.140059374019,441.140235121264,26200016,NA,231984.8,141.63,-1,-0.398393142890114,0.985458121600434,0.998279615019929,0.990586718968232,8,1.3,0.55,"O11","de-protonated",0,NA,"C20 H26 O11",20,26,11,NA,NA,NA,NA,NA,NA,NA,NA
2801,441.150601,441.149744347034,441.149618035734,4617172.5,NA,240005.4,23.21,-1,0.286323041368836,0.492617383681871,0.747514279669976,0.594576142077113,21,0.709677419354839,0.0967741935483871,"O3","de-protonated",0,NA,"C31 H22 O3",31,22,3,NA,NA,NA,NA,NA,NA,NA,NA
2802,441.153773,441.152916338197,441.152989339104,3076566,NA,169852.7,14.76,-1,-0.165477531050551,0.995043747455976,0,0.597026248473586,16,0.928571428571429,0.107142857142857,"S1 O3","de-protonated",0,NA,"C28 H26 O3 S1",28,26,3,NA,NA,1,NA,NA,NA,NA,NA
2803,441.169337,441.168480294832,441.168378422171,13662173,NA,226009.6,72.84,-1,0.230915601068096,0.993822323704065,0.933177914516333,0.969564560028972,7,1.47619047619048,0.380952380952381,"P1 O8","de-protonated",0,NA,"C21 H31 O8 P1",21,31,8,NA,1,NA,NA,NA,NA,NA,NA
2804,441.177354,441.176497272495,441.176620630648,9433056,NA,233682.9,49.63,-1,-0.279611718929503,0.989616622984819,0.990075415822998,0.989800140120091,7,1.42857142857143,0.476190476190476,"O10","de-protonated",0,NA,"C21 H30 O10",21,30,10,NA,NA,NA,NA,NA,NA,NA,NA
2805,441.19046,441.189603235979,441.18950779027,5267430,NA,234487.2,26.78,-1,0.216337213073663,0.991543832956189,0,0.594926299773713,2,1.94444444444444,0.555555555555556,"P1 O10","de-protonated",0,NA,"C18 H35 O10 P1",18,35,10,NA,1,NA,NA,NA,NA,NA,NA
2806,441.205707,441.204850193497,441.204763931555,3442669,NA,178619.3,16.77,-1,0.195514530365411,0.993087953773906,0,0.595852772264344,6,1.59090909090909,0.318181818181818,"P1 O7","de-protonated",0,NA,"C22 H35 O7 P1",22,35,7,NA,1,NA,NA,NA,NA,NA,NA
2808,441.213786,441.212929170987,441.213006140032,5763056.5,NA,235011.5,29.5,-1,-0.174448721845838,0.497246653304988,0.806643077274283,0.621005222892706,6,1.54545454545455,0.409090909090909,"O9","de-protonated",0,NA,"C22 H34 O9",22,34,9,NA,NA,NA,NA,NA,NA,NA,NA
2809,441.226831,441.225974134641,441.225760357873,1941494.3,NA,279158.3,8.53,-1,0.484506544069095,0.958299939660421,0,0.574979963796252,14,1.13333333333333,0.0333333333333333,"S1 O1","de-protonated",0,NA,"C30 H34 O1 S1",30,34,1,NA,NA,1,NA,NA,NA,NA,NA
2810,441.249945,441.24908807024,441.249229458164,2496000.5,NA,243834.6,11.57,-1,-0.320426449450494,0.981542563106952,0,0.588925537864171,0,2.38888888888889,0.111111111111111,"N4 S2 P1 O2","de-protonated",0,NA,"C18 H43 O2 S2 N4 P1",18,43,2,4,1,2,NA,NA,NA,NA,NA
2816,442.127952,442.127092623922,442.127108943198,1822086.5,NA,177686.6,7.87,-1,-0.0369108244100866,0.999752823237448,0,0.599851693942469,21,0.7,0.0333333333333333,"N1 S1 O1","de-protonated",0,NA,"C30 H21 O1 S1 N1",30,21,1,1,NA,1,NA,NA,NA,NA,NA
2819,442.149254,442.14839456457,442.148238311297,2921871.8,NA,225394.3,13.91,-1,0.353395669072971,0.977593974581399,0,0.58655638474884,16,0.925925925925926,0.111111111111111,"N1 S1 O3","de-protonated",0,NA,"C27 H25 O3 S1 N1",27,25,3,1,NA,1,NA,NA,NA,NA,NA
2822,442.209327,442.208467397193,442.208255112225,1785002.6,NA,184206.8,7.67,-1,0.480056546670862,0.959046585789711,0,0.575427951473827,6,1.57142857142857,0.428571428571429,"N1 O9","de-protonated",0,NA,"C21 H33 O9 N1",21,33,9,1,NA,NA,NA,NA,NA,NA,NA
2827,443.04741,443.046548062111,443.046728657589,4964126.5,NA,230221.6,25.11,-1,-0.407621737762556,0.970301245072734,0,0.582180747043641,10,0.941176470588235,0.823529411764706,"O14","de-protonated",0,NA,"C17 H16 O14",17,16,14,NA,NA,NA,NA,NA,NA,NA,NA
2828,443.06273,443.061868019426,443.061984798874,4638501.5,NA,243225.2,23.32,-1,-0.263573611148965,0.987473685175034,0,0.59248421110502,14,0.761904761904762,0.523809523809524,"O11","de-protonated",0,NA,"C21 H16 O11",21,16,11,NA,NA,NA,NA,NA,NA,NA,NA
2829,443.075708,443.074845983267,443.074739016714,13626155,NA,222022.5,72.63,-1,0.241418757188016,0.49474017297412,0.759892473118277,0.600801093031783,22,0.551724137931034,0.103448275862069,"S1 O3","de-protonated",0,NA,"C29 H16 O3 S1",29,16,3,NA,NA,1,NA,NA,NA,NA,NA
2830,443.083836,443.082973960621,443.083114166973,16358191,NA,228923.2,87.62,-1,-0.316433526869092,0.989901770815878,0.997507749942328,0.992944162466458,9,1.11111111111111,0.722222222222222,"O13","de-protonated",0,NA,"C18 H20 O13",18,20,13,NA,NA,NA,NA,NA,NA,NA,NA
2832,443.099205,443.098342917799,443.098370308258,6898485.5,NA,221459.6,35.72,-1,-0.0618157517367083,0.499653445460155,0.806643077274283,0.622449298185806,13,0.909090909090909,0.454545454545455,"O10","de-protonated",0,NA,"C22 H20 O10",22,20,10,NA,NA,NA,NA,NA,NA,NA,NA
2833,443.112259,443.111396881428,443.11125746788,38521660,NA,227603.3,209.23,-1,0.314624251953793,0.983411599414402,0.980552859834827,0.982268103582572,8,1.31578947368421,0.526315789473684,"P1 O10","de-protonated",0,NA,"C19 H25 O10 P1",19,25,10,NA,1,NA,NA,NA,NA,NA,NA
2834,443.120319,443.119456858971,443.119499676357,20974398,NA,232089.2,112.95,-1,-0.0966271773583015,0.997791916157425,0.994397072616694,0.996433978741133,8,1.26315789473684,0.631578947368421,"O12","de-protonated",0,NA,"C19 H24 O12",19,24,12,NA,NA,NA,NA,NA,NA,NA,NA
2836,443.135537,443.13467481657,443.134755817642,7283525.5,NA,225462,37.83,-1,-0.182791060663809,0.496977836806786,0.799615297578637,0.618032821115526,12,1.04347826086957,0.391304347826087,"O9","de-protonated",0,NA,"C23 H24 O9",23,24,9,NA,NA,NA,NA,NA,NA,NA,NA
2837,443.148599,443.147736780177,443.147642977264,27880268,NA,231113.2,150.84,-1,0.211674176453417,0.993495155169704,0.989147835825988,0.991756227432218,7,1.45,0.45,"P1 O9","de-protonated",0,NA,"C20 H29 O9 P1",20,29,9,NA,1,NA,NA,NA,NA,NA,NA
2838,443.156609,443.155746757859,443.155885185742,11881295,NA,237265.6,63.06,-1,-0.312368372400883,0.985069354140408,0.991656078627582,0.987704043935277,7,1.4,0.55,"O11","de-protonated",0,NA,"C20 H28 O11",20,28,11,NA,NA,NA,NA,NA,NA,NA,NA
2839,443.166343,443.165480730738,443.165268100212,5408595.5,NA,220576.6,27.55,-1,0.479799617077828,0.479544751107277,0.747514279669976,0.586732562532356,20,0.774193548387097,0.0967741935483871,"O3","de-protonated",0,NA,"C31 H24 O3",31,24,3,NA,NA,NA,NA,NA,NA,NA,NA
2840,443.17186,443.170997715366,443.171141327027,4474710,NA,229308.8,22.42,-1,-0.324054629755887,0.490563101136178,0.792708917554682,0.611421427703579,11,1.16666666666667,0.333333333333333,"O8","de-protonated",0,NA,"C24 H28 O8",24,28,8,NA,NA,NA,NA,NA,NA,NA,NA
2841,443.184897,443.184034679043,443.184028486649,10244956,NA,240037.1,54.08,-1,0.0139725116079184,0.989393635605508,0.850046616015866,0.933654827769651,6,1.57142857142857,0.380952380952381,"P1 O8","de-protonated",0,NA,"C21 H33 O8 P1",21,33,8,NA,1,NA,NA,NA,NA,NA,NA
2842,443.192969,443.192106656552,443.192270695126,6884191,NA,229609.7,35.64,-1,-0.370129590708037,0.982258343272863,0.984061934578742,0.982979779795215,6,1.52380952380952,0.476190476190476,"O10","de-protonated",0,NA,"C21 H32 O10",21,32,10,NA,NA,NA,NA,NA,NA,NA,NA
2843,443.206039,443.205176620136,443.205024912966,4134757,NA,185102.1,20.56,-1,0.342295690430862,0.489482357776258,0.759892473118277,0.597646403913066,14,1.10344827586207,0.0689655172413793,"S1 O2","de-protonated",0,NA,"C29 H32 O2 S1",29,32,2,NA,NA,1,NA,NA,NA,NA,NA
2845,443.229458,443.228595554886,443.22865620451,7261039.5,NA,235397.6,37.71,-1,-0.136835972800794,0.998106829516017,0.982619906634449,0.99191206036339,5,1.63636363636364,0.409090909090909,"O9","de-protonated",0,NA,"C22 H36 O9",22,36,9,NA,NA,NA,NA,NA,NA,NA,NA
2846,443.265808,443.264945453607,443.265041713895,4054911.5,NA,241002.6,20.12,-1,-0.2171619204011,0.9914795138876,0,0.59488770833256,4,1.73913043478261,0.347826086956522,"O8","de-protonated",0,NA,"C23 H40 O8",23,40,8,NA,NA,NA,NA,NA,NA,NA,NA
2856,444.166504,444.165638944072,444.165738850597,1865999.1,NA,211440.1,8.11,-1,-0.22493073343501,0.990861824380098,0,0.594517094628059,2,2.06666666666667,0.666666666666667,"N3 S1 O10","de-protonated",0,NA,"C15 H31 O10 S1 N3",15,31,10,3,NA,1,NA,NA,NA,NA,NA
2859,444.22477,444.22390478173,444.223905176703,3348776.8,NA,268266.2,16.24,-1,-0.000889131664221067,0.999999856554823,0,0.599999913932894,5,1.66666666666667,0.428571428571429,"N1 O9","de-protonated",0,NA,"C21 H35 O9 N1",21,35,9,1,NA,NA,NA,NA,NA,NA,NA
2865,445.042057,445.04118950459,445.041249353967,5684883,NA,237556.7,29.06,-1,-0.1344805167325,0.991567883404322,0.912858680434042,0.96008420221621,14,0.7,0.6,"O12","de-protonated",0,NA,"C20 H14 O12",20,14,12,NA,NA,NA,NA,NA,NA,NA,NA
2866,445.055129,445.054261468169,445.054136513589,6301337,NA,233173.8,32.44,-1,0.280762651319955,0.492899313983191,0.843720152817574,0.633227649516944,9,1.11764705882353,0.705882352941177,"P1 O12","de-protonated",0,NA,"C17 H19 O12 P1",17,19,12,NA,1,NA,NA,NA,NA,NA,NA
2867,445.063225,445.062357445611,445.062378722067,4058780.5,NA,265738.3,20.14,-1,-0.0478055578656293,0.999585408335364,0,0.599751245001218,9,1.05882352941176,0.823529411764706,"O14","de-protonated",0,NA,"C17 H18 O14",17,18,14,NA,NA,NA,NA,NA,NA,NA,NA
2868,445.07285,445.071982418794,445.071761636537,4645537,NA,214397.5,23.36,-1,0.496059907648592,0.478166039218327,0.766236582456902,0.593394256513757,22,0.5,0.214285714285714,"O6","de-protonated",0,NA,"C28 H14 O6",28,14,6,NA,NA,NA,NA,NA,NA,NA,NA
2869,445.078501,445.077633403049,445.077634863352,9199267,NA,226725.5,48.34,-1,-0.00328100608506568,0.999153163246805,0.967510964222006,0.986496283636885,13,0.857142857142857,0.523809523809524,"O11","de-protonated",0,NA,"C21 H18 O11",21,18,11,NA,NA,NA,NA,NA,NA,NA,NA
2870,445.091437,445.090569367007,445.090389081192,27143850,NA,225246.2,146.8,-1,0.405054386804905,0.483119312831094,0.887141042564076,0.644728004724286,21,0.620689655172414,0.103448275862069,"S1 O3","de-protonated",0,NA,"C29 H18 O3 S1",29,18,3,NA,NA,1,NA,NA,NA,NA,NA
2871,445.099455,445.098587344667,445.098764231451,8068780.5,NA,235672.3,42.14,-1,-0.397410189482294,0.485874823440397,0.836034543948893,0.625938711643795,8,1.22222222222222,0.722222222222222,"O13","de-protonated",0,NA,"C18 H22 O13",18,22,13,NA,NA,NA,NA,NA,NA,NA,NA
2872,445.109178,445.108310317576,445.108147145921,13008561,NA,227545.9,69.24,-1,0.366588785204472,0.487955245978528,0.759892473118277,0.596730136834428,21,0.620689655172414,0.172413793103448,"O5","de-protonated",0,NA,"C29 H18 O5",29,18,5,NA,NA,NA,NA,NA,NA,NA,NA
2873,445.11468,445.113812302247,445.114020372736,12713651,NA,225984.9,67.62,-1,-0.467454359489823,0.972836416559784,0.950558741608481,0.963925346579263,12,1,0.454545454545455,"O10","de-protonated",0,NA,"C22 H22 O10",22,22,10,NA,NA,NA,NA,NA,NA,NA,NA
2874,445.127769,445.126901265778,445.126774590576,40406712,NA,226080.3,219.57,-1,0.284582300438808,0.246353111065309,0.702603098175752,0.428853105909486,20,0.733333333333333,0.0666666666666667,"S1 O2","de-protonated",0,NA,"C30 H22 O2 S1",30,22,2,NA,NA,1,NA,NA,NA,NA,NA
2875,445.135867,445.134999243215,445.135149740835,7591613,NA,233271.1,39.52,-1,-0.338094217930583,0.489736316361315,0.828487690504102,0.62523686601843,7,1.36842105263158,0.631578947368421,"O12","de-protonated",0,NA,"C19 H26 O12",19,26,12,NA,NA,NA,NA,NA,NA,NA,NA
2876,445.145547,445.144679216245,445.144532655306,9461441,NA,227498.8,49.78,-1,0.329243488304254,0.989422120341379,0.933972510899174,0.967242276564497,20,0.733333333333333,0.133333333333333,"O4","de-protonated",0,NA,"C30 H22 O4",30,22,4,NA,NA,NA,NA,NA,NA,NA,NA
2877,445.15119,445.150322200522,445.15040588212,11853508,NA,226812.2,62.9,-1,-0.187984998725933,0.996667619709892,0.998879422244945,0.997552340723913,11,1.1304347826087,0.391304347826087,"O9","de-protonated",0,NA,"C23 H26 O9",23,26,9,NA,NA,NA,NA,NA,NA,NA,NA
2878,445.164296,445.163428164006,445.163293041742,21032650,NA,227171.4,113.27,-1,0.303534153612947,0.982414402529272,0.942032632966043,0.96626169470398,6,1.55,0.45,"P1 O9","de-protonated",0,NA,"C20 H31 O9 P1",20,31,9,NA,1,NA,NA,NA,NA,NA,NA
2879,445.172366,445.171498141521,445.17153525022,5527245,NA,243296.4,28.19,-1,-0.0833582019421855,0.49936999099679,0.821075868479145,0.628052341989732,6,1.5,0.55,"O11","de-protonated",0,NA,"C20 H30 O11",20,30,11,NA,NA,NA,NA,NA,NA,NA,NA
2881,445.187597,445.186729099084,445.186791391505,6673108,NA,190787.9,34.48,-1,-0.139924233567833,0.978908992388485,0.994513832312033,0.985150928357904,10,1.25,0.333333333333333,"O8","de-protonated",0,NA,"C24 H30 O8",24,30,8,NA,NA,NA,NA,NA,NA,NA,NA
2882,445.200627,445.19975906278,445.199678551127,7628505.5,NA,229225.1,39.72,-1,0.18084391535021,0.99675967149887,0.833113483290844,0.93130119621566,5,1.66666666666667,0.380952380952381,"P1 O8","de-protonated",0,NA,"C21 H35 O8 P1",21,35,8,NA,1,NA,NA,NA,NA,NA,NA
2883,445.208722,445.207854040225,445.207920759604,5676765,NA,234422.8,29.01,-1,-0.149861167581901,0.497966625032006,0.813795485951173,0.624298169399673,5,1.61904761904762,0.476190476190476,"O10","de-protonated",0,NA,"C21 H34 O10",21,34,10,NA,NA,NA,NA,NA,NA,NA,NA
2884,445.244981,445.2441129392,445.244306268988,4868845,NA,252989.4,24.58,-1,-0.434210580301967,0.483184213695377,0.806643077274283,0.612567759126939,4,1.72727272727273,0.409090909090909,"O9","de-protonated",0,NA,"C22 H38 O9",22,38,9,NA,NA,NA,NA,NA,NA,NA,NA
2885,445.281624,445.280755837104,445.280691778373,2237693.5,NA,248911.2,10.14,-1,0.143861462875245,0.99625175838393,0,0.597751055030358,3,1.82608695652174,0.347826086956522,"O8","de-protonated",0,NA,"C23 H42 O8",23,42,8,NA,NA,NA,NA,NA,NA,NA,NA
2889,446.110078,446.109207528851,446.109269344929,2591340.5,NA,228212,11.76,-1,-0.138567123043946,0.996522093405514,0,0.597913256043308,12,1,0.476190476190476,"N1 O10","de-protonated",0,NA,"C21 H21 O10 N1",21,21,10,1,NA,NA,NA,NA,NA,NA,NA
2897,446.240372,446.239501165823,446.239555241181,1926822.3,NA,212881.3,8.21,-1,-0.121180108825049,0.99733904185648,0,0.598403425113888,4,1.76190476190476,0.428571428571429,"N1 O9","de-protonated",0,NA,"C21 H37 O9 N1",21,37,9,1,NA,NA,NA,NA,NA,NA,NA
2901,447.021326,447.020452989915,447.020513909061,2890240,NA,255054.2,13.36,-1,-0.136278187915253,0.996635852824144,0,0.597981511694486,14,0.631578947368421,0.684210526315789,"O13","de-protonated",0,NA,"C19 H12 O13",19,12,13,NA,NA,NA,NA,NA,NA,NA,NA
2902,447.05761,447.05673688882,447.056899418445,10261008,NA,223162.1,52.72,-1,-0.363554673301815,0.979843003258367,0.970651901257995,0.976166562458219,13,0.8,0.6,"O12","de-protonated",0,NA,"C20 H16 O12",20,16,12,NA,NA,NA,NA,NA,NA,NA,NA
2903,447.070599,447.06972585263,447.069653636286,10768918,NA,221439.3,55.44,-1,0.161532646658287,0.977071134994981,0.918470236670679,0.95363077566526,21,0.571428571428571,0.142857142857143,"S1 O4","de-protonated",0,NA,"C28 H16 O4 S1",28,16,4,NA,NA,1,NA,NA,NA,NA,NA
2904,447.08845,447.087576802893,447.087411701015,7963165.5,NA,218986.6,40.45,-1,0.369283218359329,0.487779726470289,0.766236582456902,0.599162468864935,21,0.571428571428571,0.214285714285714,"O6","de-protonated",0,NA,"C28 H16 O6",28,16,6,NA,NA,NA,NA,NA,NA,NA,NA
2905,447.093997,447.093123787438,447.09328492783,19604000,NA,228642.6,102.63,-1,-0.360417829667436,0.976950725082607,0.956353560102667,0.968711859090631,12,0.952380952380952,0.523809523809524,"O11","de-protonated",0,NA,"C21 H20 O11",21,20,11,NA,NA,NA,NA,NA,NA,NA,NA
2906,447.107104,447.106230750919,447.10603914567,27931174,NA,223106.8,147.1,-1,0.428545428653514,0.241806459417595,0.709753344431729,0.428985213423248,20,0.689655172413793,0.103448275862069,"S1 O3","de-protonated",0,NA,"C29 H20 O3 S1",29,20,3,NA,NA,1,NA,NA,NA,NA,NA
2908,447.130476,447.1296026858,447.129670437214,25367088,NA,226624.3,133.41,-1,-0.151525203219516,0.9974979908949,0.996004870223415,0.996900742626306,11,1.09090909090909,0.454545454545455,"O10","de-protonated",0,NA,"C22 H24 O10",22,24,10,NA,NA,NA,NA,NA,NA,NA,NA
2909,447.135147,447.134273672785,447.134379151069,11510322,NA,241596.9,59.4,-1,-0.235898397991461,0.98873749438397,0.959488987379481,0.977038091582174,11,1.2,0.3,"N4 S1 O6","de-protonated",0,NA,"C20 H24 O6 S1 N4",20,24,6,4,NA,1,NA,NA,NA,NA,NA
2910,447.143554,447.142680649362,447.142557596836,26948150,NA,223490.1,141.85,-1,0.275197526261672,0.493176105367216,0.828487690504102,0.627300739421971,6,1.52631578947368,0.526315789473684,"P1 O10","de-protonated",0,NA,"C19 H29 O10 P1",19,29,10,NA,1,NA,NA,NA,NA,NA,NA
2912,447.166815,447.165941584551,447.166055946598,16413248,NA,223284.4,85.58,-1,-0.255748497345887,0.993938127798962,0.983852544065231,0.98990389430547,10,1.21739130434783,0.391304347826087,"O9","de-protonated",0,NA,"C23 H28 O9",23,28,9,NA,NA,NA,NA,NA,NA,NA,NA
2913,447.17985,447.178976548233,447.178810164439,14643782,NA,227704.3,76.13,-1,0.372074415482113,0.976481895607419,0.96928569824419,0.973603416662127,18,0.903225806451613,0.032258064516129,"S1 O1","de-protonated",0,NA,"C31 H28 O1 S1",31,28,1,NA,NA,1,NA,NA,NA,NA,NA
2914,447.187805,447.186931526069,447.187023123445,2773065.8,NA,235624.2,12.73,-1,-0.204830131500978,0.992416154495146,0,0.595449692697087,0,2.46666666666667,0.333333333333333,"N4 S2 P1 O5","de-protonated",0,NA,"C15 H37 O5 S2 N4 P1",15,37,5,4,1,2,NA,NA,NA,NA,NA
2915,447.197642,447.196768498661,447.196568229168,2262094,NA,249247.7,10,-1,0.447833250156934,0.964263798102435,0,0.578558278861461,18,0.903225806451613,0.0967741935483871,"O3","de-protonated",0,NA,"C31 H28 O3",31,28,3,NA,NA,NA,NA,NA,NA,NA,NA
2916,447.203177,447.202303483239,447.202441455983,5091920.5,NA,233353.3,25.12,-1,-0.308524128634214,0.491438358805359,0.792708917554682,0.611946582305088,9,1.33333333333333,0.333333333333333,"O8","de-protonated",0,NA,"C24 H32 O8",24,32,8,NA,NA,NA,NA,NA,NA,NA,NA
2917,447.216253,447.215379446806,447.215328615605,7328342,NA,230405,37.06,-1,0.113661582132058,0.986568283903276,0.889029223475829,0.947552659732298,4,1.76190476190476,0.380952380952381,"P1 O8","de-protonated",0,NA,"C21 H37 O8 P1",21,37,8,NA,1,NA,NA,NA,NA,NA,NA
2918,447.224338,447.22346442428,447.223570824082,3106393.8,NA,238422,14.51,-1,-0.237911883717777,0.989782189930536,0,0.593869313958322,4,1.71428571428571,0.476190476190476,"O10","de-protonated",0,NA,"C21 H36 O10",21,36,10,NA,NA,NA,NA,NA,NA,NA,NA
2920,447.260697,447.259823322976,447.259956333466,1929833.9,NA,258952,8.23,-1,-0.297389669322179,0.984080640574437,0,0.590448384344662,3,1.81818181818182,0.409090909090909,"O9","de-protonated",0,NA,"C22 H40 O9",22,40,9,NA,NA,NA,NA,NA,NA,NA,NA
2923,448.089234,448.088358014491,448.088533900023,2699736.3,NA,234199.7,12.34,-1,-0.392524062253516,0.972430441355469,0,0.583458264813281,12,0.95,0.55,"N1 O11","de-protonated",0,NA,"C20 H19 O11 N1",20,19,11,1,NA,NA,NA,NA,NA,NA,NA
2925,448.102235,448.101358978268,448.101288117863,1834206.1,NA,180693.6,7.71,-1,0.158134793116306,0.995472861484278,0,0.597283716890567,20,0.678571428571429,0.107142857142857,"N1 S1 O3","de-protonated",0,NA,"C28 H19 O3 S1 N1",28,19,3,1,NA,1,NA,NA,NA,NA,NA
2929,448.138728,448.13785187659,448.137673627247,3235822.3,NA,234805.3,15.2,-1,0.397755764004218,0.971701196534514,0,0.583020717920708,19,0.793103448275862,0.0689655172413793,"N1 S1 O2","de-protonated",0,NA,"C29 H23 O2 S1 N1",29,23,2,1,NA,1,NA,NA,NA,NA,NA
2930,448.14702,448.146143853487,448.146048777506,6188018,NA,239588.8,30.97,-1,0.212154008017743,0.495933187916542,0.836034543948893,0.631973730329482,6,1.5,0.666666666666667,"N1 O12","de-protonated",0,NA,"C18 H27 O12 N1",18,27,12,1,NA,NA,NA,NA,NA,NA,NA
2931,448.162137,448.161260811367,448.161304918791,1995768.6,NA,264871.7,8.58,-1,-0.0984186347448673,0.998243990307191,0,0.598946394184315,10,1.22727272727273,0.409090909090909,"N1 O9","de-protonated",0,NA,"C22 H27 O9 N1",22,27,9,1,NA,NA,NA,NA,NA,NA,NA
2933,448.175213,448.174336774935,448.174192078413,1709566.4,NA,245328.6,7.05,-1,0.32285777319681,0.981264049104979,0,0.588758429462987,5,1.68421052631579,0.473684210526316,"N1 P1 O9","de-protonated",0,NA,"C19 H32 O9 N1 P1",19,32,9,1,1,NA,NA,NA,NA,NA,NA
2942,449.036842,449.035963374249,449.036163973539,6843771,NA,227489.7,34.47,-1,-0.44673303928535,0.482218007731788,0.828487690504102,0.620725880840714,13,0.736842105263158,0.684210526315789,"O13","de-protonated",0,NA,"C19 H14 O13",19,14,13,NA,NA,NA,NA,NA,NA,NA,NA
2943,449.073252,449.072373272803,449.072549482923,16934284,NA,226710.8,88.36,-1,-0.392386755773891,0.975465046450918,0.982755446109574,0.978381206314381,12,0.9,0.6,"O12","de-protonated",0,NA,"C20 H18 O12",20,18,12,NA,NA,NA,NA,NA,NA,NA,NA
2944,449.086333,449.085454236356,449.085303700764,10196369,NA,217576.1,52.37,-1,0.335204895499273,0.489909217097589,0.766236582456902,0.600440163241314,20,0.642857142857143,0.142857142857143,"S1 O4","de-protonated",0,NA,"C28 H18 O4 S1",28,18,4,NA,NA,1,NA,NA,NA,NA,NA
2946,449.10974,449.108861171139,449.108934992308,34698652,NA,226568.6,183.25,-1,-0.164372522670267,0.997264778644428,0.981419224598766,0.990926557026163,11,1.04761904761905,0.523809523809524,"O11","de-protonated",0,NA,"C21 H22 O11",21,22,11,NA,NA,NA,NA,NA,NA,NA,NA
2947,449.122797,449.121918134759,449.12182215193,17356194,NA,216013.5,90.62,-1,0.2137122380033,0.983046613447404,0.969536196726972,0.977642446759231,6,1.5,0.611111111111111,"P1 O11","de-protonated",0,NA,"C18 H27 O11 P1",18,27,11,NA,1,NA,NA,NA,NA,NA,NA
2949,449.1461,449.145221069832,449.145320501692,34239916,NA,227092.1,180.79,-1,-0.221380153019044,0.995195362179654,0.991781057206415,0.993829640190359,10,1.18181818181818,0.454545454545455,"O10","de-protonated",0,NA,"C22 H26 O10",22,26,10,NA,NA,NA,NA,NA,NA,NA,NA
2950,449.150767,449.149888056829,449.150029215547,11167150,NA,234396.5,57.56,-1,-0.314279659477244,0.984084571776675,0.92826901714966,0.961758349925869,10,1.3,0.3,"N4 S1 O6","de-protonated",0,NA,"C20 H26 O6 S1 N4",20,26,6,4,NA,1,NA,NA,NA,NA,NA
2951,449.159128,449.158249033533,449.158074719532,14910897,NA,222772.4,77.56,-1,0.388090542786547,0.968463040222378,0.996517980201692,0.979685016214103,18,0.866666666666667,0.0666666666666667,"S1 O2","de-protonated",0,NA,"C30 H26 O2 S1",30,26,2,NA,NA,1,NA,NA,NA,NA,NA
2952,449.174339,449.173459991152,449.173463802599,76412344,NA,227644.8,406.04,-1,-0.00848546715660943,0.749076408886414,0.974245299001793,0.839143964932566,9,1.34782608695652,0.304347826086957,"P1 O7","de-protonated",0,NA,"C23 H31 O7 P1",23,31,7,NA,1,NA,NA,NA,NA,NA,NA
2953,449.182406,449.181526968676,449.181706011076,13034940,NA,229908.5,67.54,-1,-0.398596821908119,0.485791556211374,0.799615297578637,0.61132105275828,9,1.30434782608696,0.391304347826087,"O9","de-protonated",0,NA,"C23 H30 O9",23,30,9,NA,NA,NA,NA,NA,NA,NA,NA
2954,449.195494,449.19461493221,449.194460228917,14226881,NA,228778.1,73.9,-1,0.344401605101944,0.983047435155814,0.970489799512958,0.978024380898672,17,0.967741935483871,0.032258064516129,"S1 O1","de-protonated",0,NA,"C31 H30 O1 S1",31,30,1,NA,NA,1,NA,NA,NA,NA,NA
2956,449.232007,449.231127830477,449.230978680083,6981073.5,NA,236588.7,35.2,-1,0.332012708578082,0.988407585720182,0.937369517707557,0.967992358515132,3,1.85714285714286,0.380952380952381,"P1 O8","de-protonated",0,NA,"C21 H39 O8 P1",21,39,8,NA,1,NA,NA,NA,NA,NA,NA
2958,450.10501,450.1041283981,450.104183964501,2926930.8,NA,226205.4,13.54,-1,-0.123452308657832,0.997238456379871,0,0.598343073827922,11,1.05,0.55,"N1 O11","de-protonated",0,NA,"C20 H21 O11 N1",20,21,11,1,NA,NA,NA,NA,NA,NA,NA
2961,450.141435,450.140553296612,450.140569473885,3187554.8,NA,217358.4,14.94,-1,-0.0359382691157916,0.999765675740437,0,0.599859405444262,10,1.19047619047619,0.476190476190476,"N1 O10","de-protonated",0,NA,"C21 H25 O10 N1",21,25,10,1,NA,NA,NA,NA,NA,NA,NA
2963,450.15414,450.153258261213,450.153323691725,3735400.5,NA,237079.7,17.86,-1,-0.14535161416986,0.498086927686881,0.759892473118277,0.60280914585944,18,0.862068965517241,0.0689655172413793,"N1 S1 O2","de-protonated",0,NA,"C29 H25 O2 S1 N1",29,25,2,1,NA,1,NA,NA,NA,NA,NA
2966,450.190776,450.189894159137,450.18970920111,54900600,NA,227210.6,291.14,-1,0.410844636878102,0.489858009566138,0.867316155523051,0.640841267948903,17,0.966666666666667,0.0333333333333333,"N1 S1 O1","de-protonated",0,NA,"C30 H29 O1 S1 N1",30,29,1,1,NA,1,NA,NA,NA,NA,NA
2970,450.980971,450.980086957482,450.979912399174,1937109,NA,262810.2,8.26,-1,0.387064485654271,0.973181725976704,0,0.583909035586023,13,0.666666666666667,0.555555555555556,"S2 O10","de-protonated",0,NA,"C18 H12 O10 S2",18,12,10,NA,NA,2,NA,NA,NA,NA,NA
2971,451.016281,451.0153968591,451.015428528633,1905892.6,NA,261106.5,8.09,-1,-0.0702182903014014,0.999105747684681,0,0.599463448610809,13,0.666666666666667,0.777777777777778,"O14","de-protonated",0,NA,"C18 H12 O14",18,12,14,NA,NA,NA,NA,NA,NA,NA,NA
2972,451.052587,451.051702757944,451.051814038017,11639029,NA,230767.2,60.08,-1,-0.246712394280018,0.994232838486877,0.99268873086256,0.99361519543715,12,0.842105263157895,0.684210526315789,"O13","de-protonated",0,NA,"C19 H16 O13",19,16,13,NA,NA,NA,NA,NA,NA,NA,NA
2973,451.065722,451.064837721347,451.064701197639,3064058.5,NA,203869,14.27,-1,0.30266990003808,0.983515043770008,0,0.590109026262005,7,1.3125,0.8125,"P1 O13","de-protonated",0,NA,"C16 H21 O13 P1",16,21,13,NA,1,NA,NA,NA,NA,NA,NA
2974,451.088904,451.088019656757,451.088199547401,31471876,NA,230713,166.01,-1,-0.398792618792081,0.975821287294725,0.973957410250504,0.975075736477036,11,1,0.6,"O12","de-protonated",0,NA,"C20 H20 O12",20,20,12,NA,NA,NA,NA,NA,NA,NA,NA
2975,451.101976,451.101091620336,451.100953765242,6791434.5,NA,203376.5,34.18,-1,0.305596990153658,0.491598680026329,0.766236582456902,0.601453840998558,19,0.714285714285714,0.142857142857143,"S1 O4","de-protonated",0,NA,"C28 H20 O4 S1",28,20,4,NA,NA,1,NA,NA,NA,NA,NA
2976,451.117397,451.116512577369,451.116342848308,8610065,NA,211882.8,43.9,-1,0.376242323337143,0.975224771487686,0.828941801756767,0.916711583595318,10,1.19047619047619,0.428571428571429,"P1 O9","de-protonated",0,NA,"C21 H25 O9 P1",21,25,9,NA,1,NA,NA,NA,NA,NA,NA
2977,451.125411,451.124526555041,451.124585056786,49723668,NA,226389.9,263.49,-1,-0.12967979824303,0.498658805309284,0.961528345191582,0.683806621262203,10,1.14285714285714,0.523809523809524,"O11","de-protonated",0,NA,"C21 H24 O11",21,24,11,NA,NA,NA,NA,NA,NA,NA,NA
2978,451.138463,451.137578518675,451.137472216408,8644891,NA,212006.9,44.08,-1,0.235631650350441,0.494988066712455,0.836034543948893,0.63140665760703,5,1.61111111111111,0.611111111111111,"P1 O11","de-protonated",0,NA,"C18 H29 O11 P1",18,29,11,NA,1,NA,NA,NA,NA,NA,NA
2979,451.153799,451.152914475945,451.152728357693,8325409.5,NA,219424.8,42.38,-1,0.412539348809882,0.965695709283459,0.866393761737525,0.925974930265086,9,1.31818181818182,0.363636363636364,"P1 O8","de-protonated",0,NA,"C22 H29 O8 P1",22,29,8,NA,1,NA,NA,NA,NA,NA,NA
2980,451.161789,451.160904453683,451.16097056617,30210340,NA,226138,159.27,-1,-0.146538576677358,0.997891095700903,0.987945605866557,0.993912899767164,9,1.27272727272727,0.454545454545455,"O10","de-protonated",0,NA,"C22 H28 O10",22,28,10,NA,NA,NA,NA,NA,NA,NA,NA
2981,451.17146,451.170575426738,451.17035348064,23869736,NA,224621.8,125.4,-1,0.491934135200426,0.31901322339915,0.703115790895168,0.472654250397557,22,0.727272727272727,0.0606060606060606,"O2","de-protonated",0,NA,"C33 H24 O2",33,24,2,NA,NA,NA,NA,NA,NA,NA,NA
2982,451.174749,451.173864417574,451.17372478401,12308779,NA,221704.9,63.65,-1,0.309489573762942,0.491385157159092,0.753652554121787,0.59629211594417,17,0.933333333333333,0.0666666666666667,"S1 O2","de-protonated",0,NA,"C30 H28 O2 S1",30,28,2,NA,NA,1,NA,NA,NA,NA,NA
2984,451.190036,451.189151374981,451.189113867077,4587825,NA,223023.5,22.41,-1,0.083131226414448,0.499373415073253,0.799615297578637,0.619470168075407,8,1.43478260869565,0.304347826086957,"P1 O7","de-protonated",0,NA,"C23 H33 O7 P1",23,33,7,NA,1,NA,NA,NA,NA,NA,NA
2986,451.198051,451.19716635265,451.197356075554,7450932.5,NA,232178.9,37.71,-1,-0.420487624910614,0.972654730229236,0.979762876224793,0.975497988627459,8,1.39130434782609,0.391304347826087,"O9","de-protonated",0,NA,"C23 H32 O9",23,32,9,NA,NA,NA,NA,NA,NA,NA,NA
2987,451.21111,451.210225316264,451.210110293395,13904186,NA,222844.3,72.17,-1,0.254920860997081,0.494138933667735,0.747514279669976,0.595489072068631,16,1.03225806451613,0.032258064516129,"S1 O1","de-protonated",0,NA,"C31 H32 O1 S1",31,32,1,NA,NA,1,NA,NA,NA,NA,NA
2988,451.228818,451.227933266926,451.227868358124,1929538.4,NA,179008.4,8.21,-1,0.143849275650901,0.996252392230209,0,0.597751435338125,16,1.03225806451613,0.0967741935483871,"O3","de-protonated",0,NA,"C31 H32 O3",31,32,3,NA,NA,NA,NA,NA,NA,NA,NA
2989,451.247664,451.246779214417,451.246628744561,4313418.5,NA,241173.2,20.95,-1,0.333453696543472,0.980026636479928,0,0.588015981887957,2,1.95238095238095,0.380952380952381,"P1 O8","de-protonated",0,NA,"C21 H41 O8 P1",21,41,8,NA,1,NA,NA,NA,NA,NA,NA
2991,452.084342,452.08345488325,452.083448519594,2823355,NA,230273.8,12.99,-1,0.0140762850169255,0.999964048076995,0,0.599978428846197,11,1,0.631578947368421,"N1 O12","de-protonated",0,NA,"C19 H19 O12 N1",19,19,12,1,NA,NA,NA,NA,NA,NA,NA
2997,452.170145,452.169257644184,452.169106697985,3449568.8,NA,245481.4,16.33,-1,0.333826873033345,0.979982356781862,0,0.587989414069117,4,1.77777777777778,0.555555555555556,"N1 P1 O10","de-protonated",0,NA,"C18 H32 O10 N1 P1",18,32,10,1,1,NA,NA,NA,NA,NA,NA
3001,452.206456,452.205568543014,452.205359265588,1889008.8,NA,255661.3,8,-1,0.462792891879934,0.961883264257396,0,0.577129958554438,16,1.03333333333333,0.0333333333333333,"N1 S1 O1","de-protonated",0,NA,"C30 H31 O1 S1 N1",30,31,1,1,NA,1,NA,NA,NA,NA,NA
3005,453.031973,453.031083242943,453.031078593111,4723804,NA,239655.4,23.14,-1,0.0102638270675804,0.999980885262876,0,0.599988531157726,12,0.777777777777778,0.777777777777778,"O14","de-protonated",0,NA,"C18 H14 O14",18,14,14,NA,NA,NA,NA,NA,NA,NA,NA
3006,453.068311,453.067421141698,453.067464102495,21474412,NA,225743.9,112.6,-1,-0.094822075437015,0.999145993326289,0.957943146475328,0.982664854585905,11,0.947368421052632,0.684210526315789,"O13","de-protonated",0,NA,"C19 H18 O13",19,18,13,NA,NA,NA,NA,NA,NA,NA,NA
3007,453.096517,453.09562706311,453.09547446162,10392696,NA,202589.7,53.41,-1,0.336797646392531,0.489814080845107,0.747514279669976,0.592894160375055,23,0.580645161290323,0.0645161290322581,"S1 O2","de-protonated",0,NA,"C31 H18 O2 S1",31,18,2,NA,NA,1,NA,NA,NA,NA,NA
3008,453.104583,453.103693040636,453.103849611879,46251132,NA,225869.2,244.94,-1,-0.345552666159953,0.658038625634762,0.970237689511239,0.782918251185353,10,1.1,0.6,"O12","de-protonated",0,NA,"C20 H22 O12",20,22,12,NA,NA,NA,NA,NA,NA,NA,NA
3009,453.132939,453.13204896163,453.131859971005,17775752,NA,220486.1,92.85,-1,0.417076445445063,0.977379949296935,0.999839171699949,0.986363638258141,22,0.6875,0.03125,"S1 O1","de-protonated",0,NA,"C32 H22 O1 S1",32,22,1,NA,NA,1,NA,NA,NA,NA,NA
3010,453.140997,453.140106939179,453.140235121264,42679436,NA,221666.4,225.86,-1,-0.282875090221831,0.653119102014936,0.974446925956427,0.781650231591533,9,1.23809523809524,0.523809523809524,"O11","de-protonated",0,NA,"C21 H26 O11",21,26,11,NA,NA,NA,NA,NA,NA,NA,NA
3011,453.153998,453.153107902955,453.152989339104,5402769.5,NA,196797.8,26.76,-1,0.261641992675217,0.493827739327571,0.759892473118277,0.600253632843854,17,0.896551724137931,0.103448275862069,"S1 O3","de-protonated",0,NA,"C29 H26 O3 S1",29,26,3,NA,NA,1,NA,NA,NA,NA,NA
3012,453.169413,453.168522860006,453.168378422171,11068568,NA,224756.9,57.02,-1,0.318728847652452,0.985555800465534,0.926293489850981,0.961850876219713,8,1.40909090909091,0.363636363636364,"P1 O8","de-protonated",0,NA,"C22 H31 O8 P1",22,31,8,NA,1,NA,NA,NA,NA,NA,NA
3013,453.177421,453.176530837694,453.176620630648,16030876,NA,233583.9,83.53,-1,-0.198141188879031,0.992462034707537,0.981547089704747,0.988096056706421,8,1.36363636363636,0.454545454545455,"O10","de-protonated",0,NA,"C22 H30 O10",22,30,10,NA,NA,NA,NA,NA,NA,NA,NA
3015,453.190472,453.189581801331,453.189374848488,8318113.5,NA,208893.2,42.33,-1,0.456658637153539,0.975417087759071,0.954816777515632,0.967176963661696,16,1,0.0666666666666667,"S1 O2","de-protonated",0,NA,"C30 H30 O2 S1",30,30,2,NA,NA,1,NA,NA,NA,NA,NA
3016,453.205845,453.204954758498,453.204763931555,5656744,NA,179492.9,28.12,-1,0.421061203324335,0.484171218069086,0.799615297578637,0.610348849872907,7,1.52173913043478,0.304347826086957,"P1 O7","de-protonated",0,NA,"C23 H35 O7 P1",23,35,7,NA,1,NA,NA,NA,NA,NA,NA
3017,453.213754,453.212863736462,453.213006140032,3502251.8,NA,250865.3,16.61,-1,-0.31420892256296,0.982245571308928,0,0.589347342785356,7,1.47826086956522,0.391304347826087,"O9","de-protonated",0,NA,"C23 H34 O9",23,34,9,NA,NA,NA,NA,NA,NA,NA,NA
3018,453.2268,453.225909700113,453.225760357873,9256113,NA,217745.8,47.34,-1,0.329509602650187,0.975149381373671,0.950709568731546,0.965373456316821,15,1.09677419354839,0.032258064516129,"S1 O1","de-protonated",0,NA,"C31 H34 O1 S1",31,34,1,NA,NA,1,NA,NA,NA,NA,NA
3024,454.149176,454.148283130172,454.148238311297,2972742.5,NA,205178.3,13.78,-1,0.0986877666803778,0.99823438183348,0,0.598940629100088,17,0.892857142857143,0.107142857142857,"N1 S1 O3","de-protonated",0,NA,"C28 H25 O3 S1 N1",28,25,3,1,NA,1,NA,NA,NA,NA,NA
3027,454.185672,454.184779028487,454.184623820681,2724438.5,NA,239885.2,12.45,-1,0.341728445081623,0.979033640830296,0,0.587420184498178,16,1,0.0689655172413793,"N1 S1 O2","de-protonated",0,NA,"C29 H29 O2 S1 N1",29,29,2,1,NA,1,NA,NA,NA,NA,NA
3030,455.036958,455.036062656618,455.035984525667,2621899.8,NA,199396.8,11.9,-1,0.171702797409466,0.994664839722556,0,0.596798903833533,15,0.772727272727273,0.318181818181818,"S1 P1 O7","de-protonated",0,NA,"C22 H17 O7 S1 P1",22,17,7,NA,1,1,NA,NA,NA,NA,NA
3031,455.047481,455.046585627299,455.046728657589,8636368,NA,225704.2,44.03,-1,-0.314320004357951,0.491116563950828,0.836034543948893,0.629083755950054,11,0.888888888888889,0.777777777777778,"O14","de-protonated",0,NA,"C18 H16 O14",18,16,14,NA,NA,NA,NA,NA,NA,NA,NA
3032,455.07578,455.074884548452,455.074739016714,7962588.5,NA,179026.7,40.43,-1,0.319797442537184,0.979504264920352,0.971490071992774,0.976298587749321,23,0.533333333333333,0.1,"S1 O3","de-protonated",0,NA,"C30 H16 O3 S1",30,16,3,NA,NA,1,NA,NA,NA,NA,NA
3033,455.083929,455.083033525747,455.083114166973,23707616,NA,225990.3,124.53,-1,-0.177201094972864,0.975508980069209,0.994403931735601,0.983066960735766,10,1.05263157894737,0.684210526315789,"O13","de-protonated",0,NA,"C19 H20 O13",19,20,13,NA,NA,NA,NA,NA,NA,NA,NA
3034,455.112297,455.111401446707,455.11125746788,23224300,NA,219118.6,121.94,-1,0.316359626677514,0.987812952345052,0.952341071664006,0.973624200072633,9,1.25,0.5,"P1 O10","de-protonated",0,NA,"C20 H25 O10 P1",20,25,10,NA,1,NA,NA,NA,NA,NA,NA
3035,455.120383,455.119487424178,455.119499676357,38158320,NA,225703.5,201.71,-1,-0.0269207961188181,0.991712153262863,0.985867602284888,0.989374332871673,9,1.2,0.6,"O12","de-protonated",0,NA,"C20 H24 O12",20,24,12,NA,NA,NA,NA,NA,NA,NA,NA
3037,455.148651,455.147755345417,455.147642977264,23035900,NA,222493,120.94,-1,0.246882862586077,0.991155521449553,0.961863752765072,0.979438813975761,8,1.38095238095238,0.428571428571429,"P1 O9","de-protonated",0,NA,"C21 H29 O9 P1",21,29,9,NA,1,NA,NA,NA,NA,NA,NA
3038,455.156668,455.15577232308,455.155885185742,20996096,NA,223660.8,110.04,-1,-0.247964851473257,0.988368208062022,0.982544223748461,0.986038614336598,8,1.33333333333333,0.523809523809524,"O11","de-protonated",0,NA,"C21 H28 O11",21,28,11,NA,NA,NA,NA,NA,NA,NA,NA
3039,455.166279,455.165383296302,455.165268100212,2751492.3,NA,242979.4,12.6,-1,0.253086291625164,0.988445004713441,0,0.593067002828064,21,0.75,0.09375,"O3","de-protonated",0,NA,"C32 H24 O3",32,24,3,NA,NA,NA,NA,NA,NA,NA,NA
3041,455.184943,455.1840472443,455.184028486649,9814029,NA,221163.8,50.32,-1,0.0412089400302521,0.993066789439135,0.917200135592346,0.96272012790042,7,1.5,0.363636363636364,"P1 O8","de-protonated",0,NA,"C22 H33 O8 P1",22,33,8,NA,1,NA,NA,NA,NA,NA,NA
3042,455.192997,455.19210122186,455.192270695126,7153680,NA,228206.5,36.11,-1,-0.372311388380761,0.487581009062413,0.806643077274283,0.615205836347161,7,1.45454545454545,0.454545454545455,"O10","de-protonated",0,NA,"C22 H32 O10",22,32,10,NA,NA,NA,NA,NA,NA,NA,NA
3043,455.206077,455.205181185416,455.205024912966,6516758,NA,219836.5,32.71,-1,0.343301240332022,0.489421131732009,0.753652554121787,0.595113700687921,15,1.06666666666667,0.0666666666666667,"S1 O2","de-protonated",0,NA,"C30 H32 O2 S1",30,32,2,NA,NA,1,NA,NA,NA,NA,NA
3044,455.221421,455.220525142664,455.220413996033,3502108.5,NA,193707,16.6,-1,0.244160033112124,0.989241388256095,0,0.593544832953657,6,1.60869565217391,0.304347826086957,"P1 O7","de-protonated",0,NA,"C23 H37 O7 P1",23,37,7,NA,1,NA,NA,NA,NA,NA,NA
3045,455.22945,455.228554120294,455.22865620451,4244512,NA,238203.4,20.57,-1,-0.224248221701179,0.495458472146755,0.799615297578637,0.617121202319508,6,1.56521739130435,0.391304347826087,"O9","de-protonated",0,NA,"C23 H36 O9",23,36,9,NA,NA,NA,NA,NA,NA,NA,NA
3047,455.265926,455.265030018664,455.265041713895,3212336,NA,227140.6,15.06,-1,-0.0256888404600427,0.999880266182278,0,0.599928159709367,5,1.66666666666667,0.333333333333333,"O8","de-protonated",0,NA,"C24 H40 O8",24,40,8,NA,NA,NA,NA,NA,NA,NA,NA
3052,456.128683,456.127784614835,456.127635808172,2180009.5,NA,217958.6,9.54,-1,0.32623908459929,0.980873345051261,0,0.588524007030757,4,1.75,0.75,"N1 P1 O12","de-protonated",0,NA,"C16 H28 O12 N1 P1",16,28,12,1,1,NA,NA,NA,NA,NA,NA
3053,456.143702,456.142803572988,456.142759007676,1777328.1,NA,152018.2,7.39,-1,0.0977003621530596,0.998269505863459,0,0.598961703518075,21,0.741935483870968,0.032258064516129,"N1 S1 O1","de-protonated",0,NA,"C31 H23 O1 S1 N1",31,23,1,1,NA,1,NA,NA,NA,NA,NA
3056,456.165065,456.164166513467,456.164021317557,3630521.5,NA,204501.9,17.29,-1,0.318297592553481,0.981784764297959,0,0.589070858578775,3,1.88235294117647,0.647058823529412,"N1 P1 O11","de-protonated",0,NA,"C17 H32 O11 N1 P1",17,32,11,1,1,NA,NA,NA,NA,NA,NA
3062,457.055176,457.054275033423,457.054136513589,4519742.5,NA,190690.6,22.04,-1,0.303070955592716,0.983471691018545,0,0.590083014611127,10,1.05555555555556,0.666666666666667,"P1 O12","de-protonated",0,NA,"C18 H19 O12 P1",18,19,12,NA,1,NA,NA,NA,NA,NA,NA
3063,457.063272,457.062371010866,457.062378722067,10007362,NA,223730.2,51.35,-1,-0.0168712217335932,0.987149611832806,0.976061933582853,0.982714540532825,10,1,0.777777777777778,"O14","de-protonated",0,NA,"C18 H18 O14",18,18,14,NA,NA,NA,NA,NA,NA,NA,NA
3064,457.078531,457.077629968351,457.077634863352,5021512.5,NA,221343.3,24.72,-1,-0.0107093415997536,0.499989594933577,0.806643077274283,0.622650987869859,14,0.818181818181818,0.5,"O11","de-protonated",0,NA,"C22 H18 O11",22,18,11,NA,NA,NA,NA,NA,NA,NA,NA
3065,457.091613,457.090711931902,457.090522022974,20443982,NA,215097.7,107.09,-1,0.415473345055017,0.9788259788586,0.987933393696784,0.982468944793873,9,1.21052631578947,0.578947368421053,"P1 O11","de-protonated",0,NA,"C19 H23 O11 P1",19,23,11,NA,1,NA,NA,NA,NA,NA,NA
3066,457.099655,457.098753909495,457.098764231451,17589074,NA,228246.1,91.84,-1,-0.022581456768161,0.999484523454551,0.998973142833077,0.999279971205962,9,1.15789473684211,0.684210526315789,"O13","de-protonated",0,NA,"C19 H22 O13",19,22,13,NA,NA,NA,NA,NA,NA,NA,NA
3068,457.114877,457.113975867083,457.114020372736,5976920.5,NA,225804.7,29.82,-1,-0.0973622568941257,0.499140726037608,0.799615297578637,0.619330554654019,13,0.956521739130435,0.434782608695652,"O10","de-protonated",0,NA,"C23 H22 O10",23,22,10,NA,NA,NA,NA,NA,NA,NA,NA
3069,457.127883,457.126981830846,457.126774590576,31572830,NA,221792.8,166.53,-1,0.45335403854959,0.482216044009532,0.889832168633495,0.645262493859117,21,0.709677419354839,0.0645161290322581,"S1 O2","de-protonated",0,NA,"C31 H22 O2 S1",31,22,2,NA,NA,1,NA,NA,NA,NA,NA
3070,457.135956,457.135054808353,457.135149740835,17347426,NA,225241.7,90.55,-1,-0.207668307391161,0.995084314647578,0.986227304807396,0.991541510711505,8,1.3,0.6,"O12","de-protonated",0,NA,"C20 H26 O12",20,26,12,NA,NA,NA,NA,NA,NA,NA,NA
3071,457.145588,457.144686781516,457.144532655306,6687590,NA,232503,33.61,-1,0.337149848579273,0.489792985149367,0.747514279669976,0.59288150295761,21,0.709677419354839,0.129032258064516,"O4","de-protonated",0,NA,"C31 H22 O4",31,22,4,NA,NA,NA,NA,NA,NA,NA,NA
3072,457.151165,457.150263765977,457.15040588212,6085480.5,NA,211731.1,30.4,-1,-0.310873930067686,0.491308591125774,0.792708917554682,0.611868721697337,12,1.08333333333333,0.375,"O9","de-protonated",0,NA,"C24 H26 O9",24,26,9,NA,NA,NA,NA,NA,NA,NA,NA
3073,457.164277,457.163375729444,457.163160099961,17793902,NA,221797.3,92.94,-1,0.47166854702486,0.48021839409683,0.741475186234394,0.584721110951856,20,0.8125,0.03125,"S1 O1","de-protonated",0,NA,"C32 H26 O1 S1",32,26,1,NA,NA,1,NA,NA,NA,NA,NA
3074,457.172375,457.171473706881,457.17153525022,8205169.5,NA,219735,41.72,-1,-0.134617607619879,0.998084792342977,0.989567377333538,0.994677826339201,7,1.42857142857143,0.523809523809524,"O11","de-protonated",0,NA,"C21 H30 O11",21,30,11,NA,NA,NA,NA,NA,NA,NA,NA
3076,457.187495,457.186593664754,457.186791391505,3260280,NA,174003.5,15.31,-1,-0.432485702951409,0.96663059595649,0,0.579978357573894,11,1.2,0.32,"O8","de-protonated",0,NA,"C25 H30 O8",25,30,8,NA,NA,NA,NA,NA,NA,NA,NA
3077,457.200769,457.199867627769,457.199678551127,6140798,NA,220677.1,30.69,-1,0.413553752730222,0.984573270745634,0.531434192411741,0.803317639412077,6,1.59090909090909,0.363636363636364,"P1 O8","de-protonated",0,NA,"C22 H35 O8 P1",22,35,8,NA,1,NA,NA,NA,NA,NA,NA
3078,457.208767,457.207865605485,457.207920759604,5360513.5,NA,246006.9,26.53,-1,-0.120632465404576,0.498681503461009,0.806643077274283,0.621866132986318,6,1.54545454545455,0.454545454545455,"O10","de-protonated",0,NA,"C22 H34 O10",22,34,10,NA,NA,NA,NA,NA,NA,NA,NA
3079,457.245139,457.244237504145,457.244306268988,5811089,NA,230762.1,28.93,-1,-0.150389720281208,0.497952285981084,0.799615297578637,0.618617490620105,5,1.65217391304348,0.391304347826087,"O9","de-protonated",0,NA,"C23 H38 O9",23,38,9,NA,NA,NA,NA,NA,NA,NA,NA
3080,457.281493,457.280591402855,457.280691778373,2617761.3,NA,237744.9,11.88,-1,-0.219505261384429,0.991295443766586,0,0.594777266259952,4,1.75,0.333333333333333,"O8","de-protonated",0,NA,"C24 H42 O8",24,42,8,NA,NA,NA,NA,NA,NA,NA,NA
3081,458.045326,458.04442227465,458.044381638893,1980654.1,NA,217378.1,8.47,-1,0.0887157619118323,0.998572929814435,0,0.599143757888661,18,0.72,0.08,"N1 S2 P1 O2","de-protonated",0,NA,"C25 H18 O2 S2 N1 P1",25,18,2,1,1,2,NA,NA,NA,NA,NA
3095,459.057717,459.056810453908,459.056899418445,5625511,NA,223241.5,27.94,-1,-0.193798498138432,0.496604172140349,0.813795485951173,0.623480697664679,14,0.761904761904762,0.571428571428571,"O12","de-protonated",0,NA,"C21 H16 O12",21,16,12,NA,NA,NA,NA,NA,NA,NA,NA
3096,459.070804,459.069897417445,459.069786578067,10098348,NA,211274.6,51.83,-1,0.241443415230503,0.989599153616388,0.996476567214555,0.992350119055655,9,1.16666666666667,0.666666666666667,"P1 O12","de-protonated",0,NA,"C18 H21 O12 P1",18,21,12,NA,1,NA,NA,NA,NA,NA,NA
3097,459.07895,459.078043394748,459.078028786545,5918384,NA,244781,29.5,-1,0.0318207413863718,0.499908144635424,0.836034543948893,0.634358704360812,9,1.11111111111111,0.777777777777778,"O14","de-protonated",0,NA,"C18 H20 O14",18,20,14,NA,NA,NA,NA,NA,NA,NA,NA
3099,459.09418,459.093273352314,459.09328492783,9787063,NA,217427.9,50.16,-1,-0.0252138643880708,0.499942326327181,0.806643077274283,0.622622626706022,13,0.909090909090909,0.5,"O11","de-protonated",0,NA,"C22 H20 O11",22,20,11,NA,NA,NA,NA,NA,NA,NA,NA
3100,459.107202,459.106295316032,459.106172087452,29034172,NA,219274.3,152.97,-1,0.26840976560324,0.984380775441647,0.995416946206446,0.988795243747567,8,1.31578947368421,0.578947368421053,"P1 O11","de-protonated",0,NA,"C19 H25 O11 P1",19,25,11,NA,1,NA,NA,NA,NA,NA,NA
3101,459.115269,459.114362293555,459.114414295929,7548608,NA,237670.7,38.21,-1,-0.113266697989597,0.49883741980472,0.828487690504102,0.630697528084473,8,1.26315789473684,0.684210526315789,"O13","de-protonated",0,NA,"C19 H24 O13",19,24,13,NA,NA,NA,NA,NA,NA,NA,NA
3102,459.124909,459.124002266696,459.123797210399,9162436,NA,217951.4,46.83,-1,0.446625284935399,0.482226430629863,0.753652554121787,0.590796880026633,21,0.666666666666667,0.166666666666667,"O5","de-protonated",0,NA,"C30 H20 O5",30,20,5,NA,NA,NA,NA,NA,NA,NA,NA
3103,459.130514,459.129607251079,459.129670437214,11364038,NA,225767,58.59,-1,-0.137621544835742,0.9924712699496,0.988331798066331,0.990815481196292,12,1.04347826086957,0.434782608695652,"O10","de-protonated",0,NA,"C23 H24 O10",23,24,10,NA,NA,NA,NA,NA,NA,NA,NA
3104,459.143487,459.142580214934,459.142424655054,25708236,NA,223077.1,135.2,-1,0.338805283795936,0.244846773577083,0.695538045412044,0.425123282311067,20,0.774193548387097,0.0645161290322581,"S1 O2","de-protonated",0,NA,"C31 H24 O2 S1",31,24,2,NA,NA,1,NA,NA,NA,NA,NA
3105,459.151584,459.150677192374,459.150799805313,6758095.5,NA,223173.4,33.99,-1,-0.267042853025762,0.493571953415917,0.821075868479145,0.624573519441208,7,1.4,0.6,"O12","de-protonated",0,NA,"C20 H28 O12",20,28,12,NA,NA,NA,NA,NA,NA,NA,NA
3107,459.166833,459.165926149887,459.166055946598,10100438,NA,222138.8,51.84,-1,-0.282679239543664,0.975694346474264,0.975117079260535,0.975463439588772,11,1.16666666666667,0.375,"O9","de-protonated",0,NA,"C24 H28 O9",24,28,9,NA,NA,NA,NA,NA,NA,NA,NA
3108,459.179951,459.179044113337,459.17894310622,12261084,NA,222047.9,63.38,-1,0.219973320761748,0.995031079742859,0.909741874058422,0.960915397469084,6,1.57142857142857,0.428571428571429,"P1 O9","de-protonated",0,NA,"C21 H33 O9 P1",21,33,9,NA,1,NA,NA,NA,NA,NA,NA
3109,459.188068,459.187161090721,459.187185314698,4056799.5,NA,249230.7,19.56,-1,-0.052754033588261,0.999495157948177,0,0.599697094768906,6,1.52380952380952,0.523809523809524,"O11","de-protonated",0,NA,"C21 H32 O11",21,32,11,NA,NA,NA,NA,NA,NA,NA,NA
3111,459.203361,459.202454048112,459.202441455983,3394278.3,NA,174930.2,16.02,-1,0.0274217384033297,0.999863568652744,0,0.599918141191646,10,1.28,0.32,"O8","de-protonated",0,NA,"C25 H32 O8",25,32,8,NA,NA,NA,NA,NA,NA,NA,NA
3113,459.216422,459.215515011721,459.215328615605,3659499.8,NA,253482.4,17.44,-1,0.405901338349898,0.970547687073124,0,0.582328612243874,5,1.68181818181818,0.363636363636364,"P1 O8","de-protonated",0,NA,"C22 H37 O8 P1",22,37,8,NA,1,NA,NA,NA,NA,NA,NA
3114,459.224399,459.223491989495,459.223570824082,5511919.5,NA,230433.7,27.33,-1,-0.171669294864499,0.497333457972404,0.806643077274283,0.621057305693156,5,1.63636363636364,0.454545454545455,"O10","de-protonated",0,NA,"C22 H36 O10",22,36,10,NA,NA,NA,NA,NA,NA,NA,NA
3115,459.260767,459.259859888166,459.259956333466,4038399,NA,233598.8,19.46,-1,-0.210001544317805,0.992029926056293,0,0.595217955633776,4,1.73913043478261,0.391304347826087,"O9","de-protonated",0,NA,"C23 H40 O9",23,40,9,NA,NA,NA,NA,NA,NA,NA,NA
3116,459.304364,459.303456766695,459.303355775658,8412946,NA,231077.5,42.82,-1,0.219878727520132,0.995631813589579,0.972228815503497,0.986270614355146,7,1.60714285714286,0.107142857142857,"P1 O3","de-protonated",0,NA,"C28 H45 O3 P1",28,45,3,NA,1,NA,NA,NA,NA,NA,NA
3121,460.097302,460.096392557397,460.096417212756,2780266.3,NA,217678.5,12.74,-1,-0.0535873727964362,0.999479086491334,0,0.599687451894801,16,0.923076923076923,0.0384615384615385,"N1 S2 P1 O1","de-protonated",0,NA,"C26 H24 O1 S2 N1 P1",26,24,1,1,1,2,NA,NA,NA,NA,NA
3123,460.125737,460.124827478171,460.124919409407,2161782.8,NA,195554.8,9.43,-1,-0.199796254721008,0.992783001257378,0,0.595669800754427,12,1.04545454545455,0.454545454545455,"N1 O10","de-protonated",0,NA,"C22 H23 O10 N1",22,23,10,1,NA,NA,NA,NA,NA,NA,NA
3129,460.219568,460.218658216738,460.218819796275,2616479.3,NA,223091.2,11.86,-1,-0.351092850489842,0.977881787253991,0,0.586729072352394,5,1.66666666666667,0.476190476190476,"N1 O10","de-protonated",0,NA,"C21 H35 O10 N1",21,35,10,1,NA,NA,NA,NA,NA,NA,NA
3134,461.037024,461.036111939127,461.036163973539,4524545.5,NA,238887.2,22.05,-1,-0.112864057039871,0.997691322144575,0,0.598614793286745,14,0.7,0.65,"O13","de-protonated",0,NA,"C20 H14 O13",20,14,13,NA,NA,NA,NA,NA,NA,NA,NA
3135,461.049921,461.049008903193,461.04891819138,3174919.3,NA,236583.6,14.84,-1,0.196750952518103,0.993000562251602,0,0.595800337350961,22,0.5,0.178571428571429,"S1 O5","de-protonated",0,NA,"C28 H14 O5 S1",28,14,5,NA,NA,1,NA,NA,NA,NA,NA
3137,461.073411,461.072498837745,461.072549482923,10279441,NA,223390.5,52.79,-1,-0.109842102641173,0.998852559022489,0.979890156827062,0.991267598144318,13,0.857142857142857,0.571428571428571,"O12","de-protonated",0,NA,"C21 H18 O12",21,18,12,NA,NA,NA,NA,NA,NA,NA,NA
3138,461.086519,461.085606801223,461.085436642545,14510615,NA,216093.9,75.39,-1,0.36903936765727,0.983086356413817,0.987091987262966,0.984688608753477,8,1.27777777777778,0.666666666666667,"P1 O12","de-protonated",0,NA,"C18 H23 O12 P1",18,23,12,NA,1,NA,NA,NA,NA,NA,NA
3140,461.109838,461.108925736252,461.108934992308,15407649,NA,227229.3,80.18,-1,-0.020073469413616,0.99698276583345,0.992458291862041,0.995172976244887,12,1,0.5,"O11","de-protonated",0,NA,"C22 H22 O11",22,22,11,NA,NA,NA,NA,NA,NA,NA,NA
3141,461.122823,461.121910700072,461.121689210148,22211110,NA,223958,116.52,-1,0.480328576126855,0.319667041400805,0.725419308212223,0.481967948125372,20,0.733333333333333,0.1,"S1 O3","de-protonated",0,NA,"C30 H22 O3 S1",30,22,3,NA,NA,1,NA,NA,NA,NA,NA
3142,461.140578,461.139665650603,461.139447274877,8090158.5,NA,213864,41.1,-1,0.473556810291833,0.480062897744607,0.753652554121787,0.589498760295479,20,0.733333333333333,0.166666666666667,"O5","de-protonated",0,NA,"C30 H22 O5",30,22,5,NA,NA,NA,NA,NA,NA,NA,NA
3143,461.146042,461.145129635379,461.145320501692,15735345,NA,223170.1,81.93,-1,-0.413896236439507,0.984694424840639,0.981502149454906,0.983417514686346,11,1.1304347826087,0.434782608695652,"O10","de-protonated",0,NA,"C23 H26 O10",23,26,10,NA,NA,NA,NA,NA,NA,NA,NA
3144,461.159068,461.158155599086,461.158074719532,16407094,NA,216227,85.52,-1,0.175383579168652,0.497217146780888,0.747514279669976,0.597335999936523,19,0.838709677419355,0.0645161290322581,"S1 O2","de-protonated",0,NA,"C31 H26 O2 S1",31,26,2,NA,NA,1,NA,NA,NA,NA,NA
3145,461.17688,461.175967549458,461.175832784262,3764798,NA,200949.3,17.99,-1,0.29222085497704,0.492312484340885,0.747514279669976,0.594393202472521,19,0.838709677419355,0.129032258064516,"O4","de-protonated",0,NA,"C31 H26 O4",31,26,4,NA,NA,NA,NA,NA,NA,NA,NA
3146,461.182493,461.181580533819,461.181706011076,9663041,NA,224843.3,49.5,-1,-0.272077698951935,0.980360512156561,0.97310390985125,0.977457871234437,10,1.25,0.375,"O9","de-protonated",0,NA,"C24 H30 O9",24,30,9,NA,NA,NA,NA,NA,NA,NA,NA
3147,461.195617,461.194704497253,461.194593170698,8512070,NA,214497.3,43.35,-1,0.241387379541134,0.99010805311515,0.869997296334755,0.942063750402992,5,1.66666666666667,0.428571428571429,"P1 O9","de-protonated",0,NA,"C21 H35 O9 P1",21,35,9,NA,1,NA,NA,NA,NA,NA,NA
3148,461.203747,461.202834474601,461.202835379176,2931273.8,NA,238139.6,13.54,-1,-0.00196133892727934,0.999999301994294,0,0.599999581196577,5,1.61904761904762,0.523809523809524,"O11","de-protonated",0,NA,"C21 H34 O11",21,34,11,NA,NA,NA,NA,NA,NA,NA,NA
3149,461.219019,461.21810643205,461.218091520461,2625616.5,NA,244179.5,11.91,-1,0.032330884598447,0.99981035219595,0,0.59988621131757,9,1.36,0.32,"O8","de-protonated",0,NA,"C25 H34 O8",25,34,8,NA,NA,NA,NA,NA,NA,NA,NA
3150,461.232034,461.231121395787,461.230978680083,4364886,NA,242837.1,21.2,-1,0.309423501170024,0.982777606516601,0,0.589666563909961,4,1.77272727272727,0.363636363636364,"P1 O8","de-protonated",0,NA,"C22 H39 O8 P1",22,39,8,NA,1,NA,NA,NA,NA,NA,NA
3151,461.240083,461.239170373361,461.23922088856,2636377.5,NA,239960.1,11.97,-1,-0.109520606791938,0.997825932669673,0,0.598695559601804,4,1.72727272727273,0.454545454545455,"O10","de-protonated",0,NA,"C22 H38 O10",22,38,10,NA,NA,NA,NA,NA,NA,NA,NA
3152,461.283683,461.282770251882,461.282620330752,1840748.3,NA,296651.2,7.72,-1,0.325009274381897,0.981015900249103,0,0.588609540149462,7,1.59259259259259,0.148148148148148,"P1 O4","de-protonated",0,NA,"C27 H43 O4 P1",27,43,4,NA,1,NA,NA,NA,NA,NA,NA
3158,462.105084,462.104168963279,462.104183964501,2034127.4,NA,261422.7,8.75,-1,-0.0324628555144658,0.999808800943783,0,0.59988528056627,12,1,0.523809523809524,"N1 O11","de-protonated",0,NA,"C21 H21 O11 N1",21,21,11,1,NA,NA,NA,NA,NA,NA,NA
3161,462.141434,462.140518862,462.140569473885,2223583,NA,190577.8,9.76,-1,-0.109516212049791,0.997826106954337,0,0.598695664172602,11,1.13636363636364,0.454545454545455,"N1 O10","de-protonated",0,NA,"C22 H25 O10 N1",22,25,10,1,NA,NA,NA,NA,NA,NA,NA
3166,462.235311,462.234395600439,462.234469860753,1896967.6,NA,230628.3,8.02,-1,-0.160655077157578,0.995327748725245,0,0.597196649235147,4,1.76190476190476,0.476190476190476,"N1 O10","de-protonated",0,NA,"C21 H37 O10 N1",21,37,10,1,NA,NA,NA,NA,NA,NA,NA
3170,463.052631,463.051713323207,463.051814038017,9067880,NA,216820.3,46.31,-1,-0.217502247185611,0.995220770748123,0.993405227812062,0.994494553573699,13,0.8,0.65,"O13","de-protonated",0,NA,"C20 H16 O13",20,16,13,NA,NA,NA,NA,NA,NA,NA,NA
3171,463.065577,463.064659287137,463.064568255858,4931949.5,NA,207022.6,24.22,-1,0.196584418881493,0.496506182333178,0.766236582456902,0.604398342382668,21,0.571428571428571,0.178571428571429,"S1 O5","de-protonated",0,NA,"C28 H16 O5 S1",28,16,5,NA,NA,1,NA,NA,NA,NA,NA
3172,463.089006,463.088088221858,463.088199547401,17997176,NA,219600.4,94.01,-1,-0.240398142784118,0.990077612746975,0.993710587921834,0.991530802816919,12,0.952380952380952,0.571428571428571,"O12","de-protonated",0,NA,"C21 H20 O12",21,20,12,NA,NA,NA,NA,NA,NA,NA,NA
3173,463.102022,463.101104185593,463.100953765242,11754877,NA,219377.3,60.67,-1,0.324811145071655,0.989712375092147,0.927611603175649,0.964872066325548,20,0.689655172413793,0.137931034482759,"S1 O4","de-protonated",0,NA,"C29 H20 O4 S1",29,20,4,NA,NA,1,NA,NA,NA,NA,NA
3175,463.125471,463.124553120259,463.124585056786,27045256,NA,221230.6,142.33,-1,-0.0689588242189504,0.993483929768018,0.999774403074506,0.996000119090613,11,1.09090909090909,0.5,"O11","de-protonated",0,NA,"C22 H24 O11",22,24,11,NA,NA,NA,NA,NA,NA,NA,NA
3176,463.138496,463.137578083968,463.137472216408,13356429,NA,213805,69.22,-1,0.228587767131068,0.994871080599324,0.971317931115269,0.985449820805702,6,1.52631578947368,0.578947368421053,"P1 O11","de-protonated",0,NA,"C19 H29 O11 P1",19,29,11,NA,1,NA,NA,NA,NA,NA,NA
3177,463.15619,463.155272034669,463.155097339355,5300628.5,NA,181398.5,26.19,-1,0.377185341476736,0.487257930774185,0.753652554121787,0.593815780113226,19,0.8,0.166666666666667,"O5","de-protonated",0,NA,"C30 H24 O5",30,24,5,NA,NA,NA,NA,NA,NA,NA,NA
3178,463.161796,463.160878019049,463.16097056617,19578264,NA,220661.7,102.45,-1,-0.199816319590354,0.985168323055118,0.994663144776949,0.98896625174385,10,1.21739130434783,0.434782608695652,"O10","de-protonated",0,NA,"C23 H28 O10",23,28,10,NA,NA,NA,NA,NA,NA,NA,NA
3179,463.174815,463.173896982776,463.17372478401,11656605,NA,217775.1,60.14,-1,0.371780081976495,0.487615986465667,0.747514279669976,0.59157530374739,18,0.903225806451613,0.0645161290322581,"S1 O2","de-protonated",0,NA,"C31 H28 O2 S1",31,28,2,NA,NA,1,NA,NA,NA,NA,NA
3180,463.192615,463.191696933181,463.19148284874,2701220.5,NA,185138.4,12.31,-1,0.462194252690579,0.961979913589187,0,0.577187948153512,18,0.903225806451613,0.129032258064516,"O4","de-protonated",0,NA,"C31 H28 O4",31,28,4,NA,NA,NA,NA,NA,NA,NA,NA
3181,463.198174,463.197255917692,463.197356075554,7542183,NA,221289.1,38.17,-1,-0.216231505878023,0.495776029842766,0.792708917554682,0.614549184927532,9,1.33333333333333,0.375,"O9","de-protonated",0,NA,"C24 H32 O9",24,32,9,NA,NA,NA,NA,NA,NA,NA,NA
3182,463.211168,463.210249881488,463.210110293395,9248172,NA,229787.9,47.28,-1,0.301349410437644,0.491828695999895,0.741475186234394,0.591687292093695,17,1,0.03125,"S1 O1","de-protonated",0,NA,"C32 H32 O1 S1",32,32,1,NA,NA,1,NA,NA,NA,NA,NA
3183,463.228824,463.227905832295,463.227868358124,2054580,NA,233824.1,8.85,-1,0.0808979195423837,0.998813218684074,0,0.599287931210444,17,1,0.09375,"O3","de-protonated",0,NA,"C32 H32 O3",32,32,3,NA,NA,NA,NA,NA,NA,NA,NA
3184,463.247681,463.246762779755,463.246628744561,4608444,NA,220176.6,22.5,-1,0.289338737147283,0.492462234287214,0.806643077274283,0.618134571482041,3,1.86363636363636,0.363636363636364,"P1 O8","de-protonated",0,NA,"C22 H41 O8 P1",22,41,8,NA,1,NA,NA,NA,NA,NA,NA
3187,464.08444,464.083519448362,464.083448519594,2213156,NA,224991,9.7,-1,0.152836236969325,0.995770525028672,0,0.597462315017203,12,0.95,0.6,"N1 O12","de-protonated",0,NA,"C20 H19 O12 N1",20,19,12,1,NA,NA,NA,NA,NA,NA,NA
3190,464.120882,464.119961346827,464.119834028979,2472243.8,NA,177566.7,11.08,-1,0.274321067328751,0.986438413022025,0,0.591863047813215,11,1.0952380952381,0.523809523809524,"N1 O11","de-protonated",0,NA,"C21 H23 O11 N1",21,23,11,1,NA,NA,NA,NA,NA,NA,NA
3193,464.157116,464.156195245871,464.156219538363,2748227.3,NA,214916.3,12.56,-1,-0.0523368876213365,0.999503108357673,0,0.599701865014604,10,1.22727272727273,0.454545454545455,"N1 O10","de-protonated",0,NA,"C22 H27 O10 N1",22,27,10,1,NA,NA,NA,NA,NA,NA,NA
3200,465.032087,465.031163808011,465.031078593111,4846778.5,NA,223998.1,23.76,-1,0.183245603271545,0.993925667242369,0,0.596355400345421,13,0.736842105263158,0.736842105263158,"O14","de-protonated",0,NA,"C19 H14 O14",19,14,14,NA,NA,NA,NA,NA,NA,NA,NA
3201,465.068405,465.067481706821,465.067464102495,14254282,NA,223711.4,74.01,-1,0.0378532743951131,0.989024876241021,0.960965859210743,0.977801269428909,12,0.9,0.65,"O13","de-protonated",0,NA,"C20 H18 O13",20,18,13,NA,NA,NA,NA,NA,NA,NA,NA
3202,465.081351,465.080427670751,465.080218320336,3616975.8,NA,199403.2,17.2,-1,0.450138292827895,0.481950856906508,0.766236582456902,0.595665147126666,20,0.642857142857143,0.178571428571429,"S1 O5","de-protonated",0,NA,"C28 H18 O5 S1",28,18,5,NA,NA,1,NA,NA,NA,NA,NA
3203,465.104669,465.103745605782,465.103849611879,28209370,NA,225056,148.55,-1,-0.223619085231397,0.981147293279506,0.985298853244033,0.982807917265316,11,1.04761904761905,0.571428571428571,"O12","de-protonated",0,NA,"C21 H22 O12",21,22,12,NA,NA,NA,NA,NA,NA,NA,NA
3204,465.133055,465.132131526692,465.131992912786,8048870,NA,193893.6,40.87,-1,0.298009829990352,0.98801201795137,0.893670263410038,0.950275316134837,10,1.22727272727273,0.409090909090909,"P1 O9","de-protonated",0,NA,"C22 H27 O9 P1",22,27,9,NA,1,NA,NA,NA,NA,NA,NA
3205,465.141037,465.140113504453,465.140235121264,31486186,NA,221465,166.05,-1,-0.261462676607479,0.984743725692542,0.992570644000531,0.987874493015737,10,1.18181818181818,0.5,"O11","de-protonated",0,NA,"C22 H26 O11",22,26,11,NA,NA,NA,NA,NA,NA,NA,NA
3206,465.154176,465.153252467845,465.153122280886,7145711,NA,207696.9,36.04,-1,0.279879791846356,0.972863866327551,0.933587251964964,0.957153220582517,5,1.63157894736842,0.578947368421053,"P1 O11","de-protonated",0,NA,"C19 H31 O11 P1",19,31,11,NA,1,NA,NA,NA,NA,NA,NA
3207,465.169379,465.168455425486,465.168378422171,104108280,NA,220822.8,553.94,-1,0.165538585223772,0.737080933185829,0.985122956582745,0.836297742544595,9,1.34782608695652,0.347826086956522,"P1 O8","de-protonated",0,NA,"C23 H31 O8 P1",23,31,8,NA,1,NA,NA,NA,NA,NA,NA
3208,465.177466,465.176542402954,465.176620630648,15401209,NA,226862.9,80.14,-1,-0.168167725497189,0.996263330584529,0.992861054765521,0.994902420256925,9,1.30434782608696,0.434782608695652,"O10","de-protonated",0,NA,"C23 H30 O10",23,30,10,NA,NA,NA,NA,NA,NA,NA,NA
3209,465.190576,465.189652366426,465.18950779027,10643711,NA,219024.6,54.73,-1,0.310789804972517,0.491313253330595,0.821075868479145,0.623218299390015,4,1.75,0.5,"P1 O10","de-protonated",0,NA,"C20 H35 O10 P1",20,35,10,NA,1,NA,NA,NA,NA,NA,NA
3210,465.214019,465.213095301109,465.213006140032,4040968.5,NA,226658.3,19.46,-1,0.191656457631269,0.993357152881499,0,0.5960142917289,8,1.41666666666667,0.375,"O9","de-protonated",0,NA,"C24 H34 O9",24,34,9,NA,NA,NA,NA,NA,NA,NA,NA
3211,465.22695,465.22602626508,465.225893299654,8313102,NA,222881.8,42.28,-1,0.285808309693145,0.99132087114385,0.974083566724838,0.984425949376245,3,1.85714285714286,0.428571428571429,"P1 O9","de-protonated",0,NA,"C21 H39 O9 P1",21,39,9,NA,1,NA,NA,NA,NA,NA,NA
3212,466.063792,466.062865933456,466.062713074688,1891700.3,NA,205985.4,7.98,-1,0.327978969201212,0.980670779830149,0,0.588402467898089,12,0.894736842105263,0.684210526315789,"N1 O13","de-protonated",0,NA,"C19 H17 O13 N1",19,17,13,1,NA,NA,NA,NA,NA,NA,NA
3214,466.099847,466.098920832999,466.099098584072,2979971.5,NA,207254.3,13.79,-1,-0.381358971960229,0.973956216120712,0,0.584373729672427,11,1.05,0.6,"N1 O12","de-protonated",0,NA,"C20 H21 O12 N1",20,21,12,1,NA,NA,NA,NA,NA,NA,NA
3221,466.185865,466.184938593334,466.184756762463,2956968.3,NA,248337.3,13.67,-1,0.390040362208433,0.972773452479315,0,0.583664071487589,4,1.78947368421053,0.526315789473684,"N1 P1 O10","de-protonated",0,NA,"C19 H34 O10 N1 P1",19,34,10,1,1,NA,NA,NA,NA,NA,NA
3222,466.19413,466.193203570306,466.19299897094,2435243.8,NA,240072,10.88,-1,0.438872669433157,0.965654962804363,0,0.579392977682618,4,1.73684210526316,0.631578947368421,"N1 O12","de-protonated",0,NA,"C19 H33 O12 N1",19,33,12,1,NA,NA,NA,NA,NA,NA,NA
3226,467.021378,467.020449265413,467.0205954426,2598412.8,NA,242867,11.42,-1,-0.312999444967256,0.982380782758544,0,0.589428469655126,25,0.4,0.0666666666666667,"S2 O2","de-protonated",0,NA,"C30 H12 O2 S2",30,12,2,NA,NA,2,NA,NA,NA,NA,NA
3227,467.047564,467.046635192453,467.046728657589,7988248,NA,226624.9,39.39,-1,-0.200119452173227,0.496379859114749,0.828487690504102,0.62922299167049,12,0.842105263157895,0.736842105263158,"O14","de-protonated",0,NA,"C19 H16 O14",19,16,14,NA,NA,NA,NA,NA,NA,NA,NA
3228,467.083926,467.082997091141,467.083114166973,23868456,NA,220078.6,121.81,-1,-0.250653103787777,0.976784104036095,0.989100299399539,0.981710582181473,11,1,0.65,"O13","de-protonated",0,NA,"C20 H20 O13",20,20,13,NA,NA,NA,NA,NA,NA,NA,NA
3229,467.112225,467.111296012294,467.111124526098,10652724,NA,195307.8,53.22,-1,0.367120769025571,0.487920688580143,0.741475186234394,0.589342487641844,23,0.625,0.0625,"S1 O2","de-protonated",0,NA,"C32 H20 O2 S1",32,20,2,NA,NA,1,NA,NA,NA,NA,NA
3230,467.120307,467.119377989775,467.119499676357,39130168,NA,219769.9,201.02,-1,-0.260504179560113,0.992660998704062,0.993183375278358,0.99286994933378,10,1.14285714285714,0.571428571428571,"O12","de-protonated",0,NA,"C21 H24 O12",21,24,12,NA,NA,NA,NA,NA,NA,NA,NA
3231,467.14877,467.147840910471,467.147642977264,13157443,NA,218279.9,66.22,-1,0.42370588823594,0.971414229088971,0.937042632068174,0.957665590280652,9,1.31818181818182,0.409090909090909,"P1 O9","de-protonated",0,NA,"C22 H29 O9 P1",22,29,9,NA,1,NA,NA,NA,NA,NA,NA
3232,467.156819,467.155889888045,467.155885185742,27956294,NA,221392.3,143.03,-1,0.0100658119082189,0.999964789104799,0.9889656002642,0.99556511356856,9,1.27272727272727,0.5,"O11","de-protonated",0,NA,"C22 H28 O11",22,28,11,NA,NA,NA,NA,NA,NA,NA,NA
3234,467.169556,467.168626852557,467.168639403582,4875340,NA,206903.4,23.24,-1,-0.0268661550962494,0.499934520338035,0.753652554121787,0.601421733851536,17,0.933333333333333,0.1,"S1 O3","de-protonated",0,NA,"C30 H28 O3 S1",30,28,3,NA,NA,1,NA,NA,NA,NA,NA
3236,467.185179,467.184249809028,467.184028486649,8361042.5,NA,214544,41.33,-1,0.473737041037148,0.977682343089431,0.913580753193157,0.952041707130922,8,1.43478260869565,0.347826086956522,"P1 O8","de-protonated",0,NA,"C23 H33 O8 P1",23,33,8,NA,1,NA,NA,NA,NA,NA,NA
3237,467.193161,467.192231786788,467.192270695126,9122902,NA,225019.1,45.28,-1,-0.0832812102620631,0.49937115351107,0.799615297578637,0.619468811138097,8,1.39130434782609,0.434782608695652,"O10","de-protonated",0,NA,"C23 H32 O10",23,32,10,NA,NA,NA,NA,NA,NA,NA,NA
3238,467.206192,467.205262750481,467.205157854748,8987740,NA,221064.3,44.58,-1,0.224517497895448,0.992622808823465,0.918197165255152,0.96285255139614,3,1.85,0.5,"P1 O10","de-protonated",0,NA,"C20 H37 O10 P1",20,37,10,NA,1,NA,NA,NA,NA,NA,NA
3239,467.223838,467.222908701315,467.222782977696,3287139,NA,180583.3,14.99,-1,0.269087091391739,0.493473809649856,0.747514279669976,0.595089997657904,16,1.03225806451613,0.129032258064516,"O4","de-protonated",0,NA,"C31 H32 O4",31,32,4,NA,NA,NA,NA,NA,NA,NA,NA
3240,467.229348,467.228418685963,467.228494013258,3175525.5,NA,245042.4,14.41,-1,-0.161221534285561,0.995294820431832,0,0.597176892259099,2,2.15789473684211,0.157894736842105,"N4 S2 P1 O3","de-protonated",0,NA,"C19 H41 O3 S2 N4 P1",19,41,3,4,1,2,NA,NA,NA,NA,NA
3241,467.242534,467.241604649224,467.241410422351,5119083,NA,226050.4,24.5,-1,0.415688484060661,0.484566329549365,0.741475186234395,0.587329872223377,15,1.125,0.03125,"S1 O1","de-protonated",0,NA,"C32 H36 O1 S1",32,36,1,NA,NA,1,NA,NA,NA,NA,NA
3248,468.165106,468.164174078738,468.164021317557,2764275.5,NA,241563.7,12.28,-1,0.326298421097614,0.980866453886598,0,0.588519872331959,4,1.77777777777778,0.611111111111111,"N1 P1 O11","de-protonated",0,NA,"C18 H32 O11 N1 P1",18,32,11,1,1,NA,NA,NA,NA,NA,NA
3252,468.201384,468.200451977659,468.200273885159,1844738.8,NA,212716.1,7.5,-1,0.380376753126669,0.974088447742183,0,0.58445306864531,16,1.03333333333333,0.0666666666666667,"N1 S1 O2","de-protonated",0,NA,"C30 H31 O2 S1 N1",30,31,2,1,NA,1,NA,NA,NA,NA,NA
3255,469.026974,469.026039677386,469.025993212683,2014048.9,NA,227919.1,8.38,-1,0.0990663712916251,0.998220820734641,0,0.598932492440785,12,0.777777777777778,0.833333333333333,"O15","de-protonated",0,NA,"C18 H14 O15",18,14,15,NA,NA,NA,NA,NA,NA,NA,NA
3256,469.055067,469.054132599113,469.054003571808,3714412.8,NA,167646.7,17.21,-1,0.275079849467739,0.493181900066344,0.753652554121787,0.597370161688521,24,0.466666666666667,0.133333333333333,"S1 O4","de-protonated",0,NA,"C30 H14 O4 S1",30,14,4,NA,NA,1,NA,NA,NA,NA,NA
3257,469.063221,469.062286576394,469.062378722067,13866864,NA,211214.6,69.9,-1,-0.196446522501436,0.496511065035314,0.828487690504102,0.62930171522283,11,0.947368421052632,0.736842105263158,"O14","de-protonated",0,NA,"C19 H18 O14",19,18,14,NA,NA,NA,NA,NA,NA,NA,NA
3258,469.091511,469.090576497572,469.090389081192,11020156,NA,183224.9,55.12,-1,0.399531484477426,0.485725805271916,0.747514279669976,0.59044119503114,23,0.580645161290323,0.0967741935483871,"S1 O3","de-protonated",0,NA,"C31 H18 O3 S1",31,18,3,NA,NA,1,NA,NA,NA,NA,NA
3259,469.099525,469.098590475243,469.098764231451,27121536,NA,219087.4,138.69,-1,-0.370404318885812,0.978016471582184,0.990573489169091,0.983039278616947,10,1.1,0.65,"O13","de-protonated",0,NA,"C20 H22 O13",20,22,13,NA,NA,NA,NA,NA,NA,NA,NA
3260,469.127974,469.127039395978,469.126907532358,20948876,NA,212537.5,106.66,-1,0.281083045174496,0.982325529590263,0.952182614163258,0.970268363419461,9,1.28571428571429,0.476190476190476,"P1 O10","de-protonated",0,NA,"C21 H27 O10 P1",21,27,10,NA,1,NA,NA,NA,NA,NA,NA
3261,469.136026,469.135091373543,469.135149740835,30857104,NA,219747.7,158.08,-1,-0.124414664578807,0.997973789602935,0.986491240122769,0.993380769810869,9,1.23809523809524,0.571428571428571,"O12","de-protonated",0,NA,"C21 H26 O12",21,26,12,NA,NA,NA,NA,NA,NA,NA,NA
3263,469.164384,469.163449294532,469.163293041742,15566747,NA,212915.4,78.72,-1,0.333045640062056,0.987695958854854,0.96580275114776,0.978938675772016,8,1.40909090909091,0.409090909090909,"P1 O9","de-protonated",0,NA,"C22 H31 O9 P1",22,31,9,NA,1,NA,NA,NA,NA,NA,NA
3264,469.172437,469.171502272094,469.17153525022,12834719,NA,214470.2,64.54,-1,-0.0702901244534779,0.997579751343887,0.986530413836155,0.993160016340794,8,1.36363636363636,0.5,"O11","de-protonated",0,NA,"C22 H30 O11",22,30,11,NA,NA,NA,NA,NA,NA,NA,NA
3265,469.181962,469.181027245555,469.18091816469,3408802.5,NA,235192.8,15.62,-1,0.232492117780183,0.495120084409033,0.73553288925895,0.591285206349,21,0.787878787878788,0.0909090909090909,"O3","de-protonated",0,NA,"C33 H26 O3",33,26,3,NA,NA,NA,NA,NA,NA,NA,NA
3266,469.185394,469.184459235993,469.18428946806,3664804,NA,160299.4,16.95,-1,0.36183635464863,0.488261845117328,0.753652554121788,0.594418128719112,16,1,0.1,"S1 O3","de-protonated",0,NA,"C30 H30 O3 S1",30,30,3,NA,NA,1,NA,NA,NA,NA,NA
3267,469.200637,469.199702193523,469.199678551127,6864810.5,NA,199009.8,33.56,-1,0.0503887730454689,0.995092620896305,0.95407859061314,0.978687008783039,7,1.52173913043478,0.347826086956522,"P1 O8","de-protonated",0,NA,"C23 H35 O8 P1",23,35,8,NA,1,NA,NA,NA,NA,NA,NA
3268,469.208604,469.207669171325,469.207758568352,5198766,NA,231694.5,24.91,-1,-0.190527597227956,0.993434918754933,0,0.59606095125296,2,2.16666666666667,0.222222222222222,"N4 S2 P1 O4","de-protonated",0,NA,"C18 H39 O4 S2 N4 P1",18,39,4,4,1,2,NA,NA,NA,NA,NA
3269,469.221793,469.220858134577,469.220674977444,8968115,NA,209170.9,44.47,-1,0.390343271035381,0.972881119270585,0.921588245002746,0.952363969563449,15,1.09677419354839,0.0645161290322581,"S1 O2","de-protonated",0,NA,"C31 H34 O2 S1",31,34,2,NA,NA,1,NA,NA,NA,NA,NA
3270,469.239473,469.238538085317,469.238433042174,1812922.9,NA,203796.9,7.34,-1,0.223858780365377,0.990948322038949,0,0.59456899322337,15,1.09677419354839,0.129032258064516,"O4","de-protonated",0,NA,"C31 H34 O4",31,34,4,NA,NA,NA,NA,NA,NA,NA,NA
3271,469.244998,469.244063069923,469.244144077736,3901373.3,NA,216874.6,18.18,-1,-0.172634680088034,0.994606928399828,0,0.596764157039896,1,2.26315789473684,0.157894736842105,"N4 S2 P1 O3","de-protonated",0,NA,"C19 H43 O3 S2 N4 P1",19,43,3,4,1,2,NA,NA,NA,NA,NA
3272,469.25818,469.257245033195,469.257060486829,1896898.8,NA,273229.2,7.77,-1,0.393273500163528,0.972326536580572,0,0.583395921948343,14,1.1875,0.03125,"S1 O1","de-protonated",0,NA,"C32 H38 O1 S1",32,38,1,NA,NA,1,NA,NA,NA,NA,NA
3273,469.281691,469.280755967689,469.280691778373,2021836.8,NA,226829.3,8.42,-1,0.136782350464652,0.996610957692078,0,0.597966574615247,5,1.68,0.32,"O8","de-protonated",0,NA,"C25 H42 O8",25,42,8,NA,NA,NA,NA,NA,NA,NA,NA
3275,470.066435,470.065497781221,470.065511006993,2254616.5,NA,228359.2,9.63,-1,-0.0281360183681388,0.999856369089021,0,0.599913821453413,14,0.956521739130435,0.173913043478261,"N1 S2 P1 O4","de-protonated",0,NA,"C23 H22 O4 S2 N1 P1",23,22,4,1,1,2,NA,NA,NA,NA,NA
3282,470.180763,470.179825462678,470.179671382035,2965832.5,NA,250047.5,13.32,-1,0.32770588109501,0.980702642491938,0,0.588421585495163,3,1.88888888888889,0.611111111111111,"N1 P1 O11","de-protonated",0,NA,"C18 H34 O11 N1 P1",18,34,11,1,1,NA,NA,NA,NA,NA,NA
3285,471.042523,471.041583061627,471.041643277161,4612787.5,NA,220696.6,21.86,-1,-0.127834840713398,0.997039203394786,0,0.598223522036872,11,0.888888888888889,0.833333333333333,"O15","de-protonated",0,NA,"C18 H16 O15",18,16,15,NA,NA,NA,NA,NA,NA,NA,NA
3286,471.057766,471.056826019157,471.056899418445,3757754,NA,221510.3,17.43,-1,-0.1558183072393,0.99560423455204,0,0.597362540731224,15,0.727272727272727,0.545454545454545,"O12","de-protonated",0,NA,"C22 H16 O12",22,16,12,NA,NA,NA,NA,NA,NA,NA,NA
3287,471.070741,471.069800983006,471.069653636286,7985855.5,NA,176126.8,39.37,-1,0.312791789111491,0.491201973350155,0.753652554121787,0.596182205658808,23,0.533333333333333,0.133333333333333,"S1 O4","de-protonated",0,NA,"C30 H16 O4 S1",30,16,4,NA,NA,1,NA,NA,NA,NA,NA
3288,471.078831,471.077890960465,471.078028786545,13761219,NA,220494.1,69.35,-1,-0.29257590323225,0.979496083751402,0.989188117392237,0.983372897207736,10,1.05263157894737,0.736842105263158,"O14","de-protonated",0,NA,"C19 H20 O14",19,20,14,NA,NA,NA,NA,NA,NA,NA,NA
3289,471.094087,471.093146917959,471.09328492783,5438153.5,NA,214684.2,26.15,-1,-0.292956566372056,0.492274027575051,0.799615297578637,0.615210535576485,14,0.869565217391304,0.478260869565217,"O11","de-protonated",0,NA,"C23 H20 O11",23,20,11,NA,NA,NA,NA,NA,NA,NA,NA
3290,471.10717,471.106229881506,471.10603914567,24558286,NA,214564.2,125.38,-1,0.404868162320282,0.491731580964208,0.889852196506662,0.65097982718119,22,0.645161290322581,0.0967741935483871,"S1 O3","de-protonated",0,NA,"C31 H20 O3 S1",31,20,3,NA,NA,1,NA,NA,NA,NA,NA
3291,471.115237,471.11429685903,471.114414295929,20724434,NA,214890.5,105.49,-1,-0.249274688931193,0.993493340354102,0.997655394484716,0.995158162006347,9,1.2,0.65,"O13","de-protonated",0,NA,"C20 H24 O13",20,24,13,NA,NA,NA,NA,NA,NA,NA,NA
3293,471.130641,471.129700816111,471.129670437214,5540568.5,NA,222750.3,26.68,-1,0.0644809679487388,0.499622929013053,0.792708917554682,0.616857324429704,13,1,0.416666666666667,"O10","de-protonated",0,NA,"C24 H24 O10",24,24,10,NA,NA,NA,NA,NA,NA,NA,NA
3294,471.14367,471.142729779809,471.142557596836,29096670,NA,214805.7,148.94,-1,0.365458332626732,0.981450783888973,0.976207824704434,0.979353600215158,8,1.38095238095238,0.476190476190476,"P1 O10","de-protonated",0,NA,"C21 H29 O10 P1",21,29,10,NA,1,NA,NA,NA,NA,NA,NA
3295,471.151745,471.150804757311,471.150799805313,14297826,NA,219537.6,72.13,-1,0.0105104297194309,0.999000982841804,0.988275644619195,0.99471084755276,8,1.33333333333333,0.571428571428571,"O12","de-protonated",0,NA,"C21 H28 O12",21,28,12,NA,NA,NA,NA,NA,NA,NA,NA
3297,471.167092,471.166151714551,471.166055946598,3980008.3,NA,218870.3,18.58,-1,0.203257325538611,0.496265869728798,0.785920818505338,0.612127849239414,12,1.12,0.36,"O9","de-protonated",0,NA,"C25 H28 O9",25,28,9,NA,NA,NA,NA,NA,NA,NA,NA
3298,471.180064,471.179123678408,471.17894310622,13392622,NA,213477.8,67.43,-1,0.383234841579036,0.975505302526887,0.919111455351372,0.952947763656681,7,1.5,0.409090909090909,"P1 O9","de-protonated",0,NA,"C22 H33 O9 P1",22,33,9,NA,1,NA,NA,NA,NA,NA,NA
3299,471.188004,471.187063656285,471.187185314698,5862129,NA,219137.9,28.35,-1,-0.258195503193914,0.493988301953612,0.806643077274283,0.619050212081881,7,1.45454545454545,0.5,"O11","de-protonated",0,NA,"C22 H32 O11",22,32,11,NA,NA,NA,NA,NA,NA,NA,NA
3301,471.200981,471.200040620129,471.199939532538,3123446.3,NA,168296.2,14.13,-1,0.214532265450569,0.991683761631703,0,0.595010256979022,15,1.06666666666667,0.1,"S1 O3","de-protonated",0,NA,"C30 H32 O3 S1",30,32,3,NA,NA,1,NA,NA,NA,NA,NA
3302,471.216301,471.215360577444,471.215328615605,5243645,NA,201109.8,25.14,-1,0.0678285215173182,0.999248501015818,0.659978187076133,0.863540375439944,6,1.60869565217391,0.347826086956522,"P1 O8","de-protonated",0,NA,"C23 H37 O8 P1",23,37,8,NA,1,NA,NA,NA,NA,NA,NA
3303,471.224328,471.223387555079,471.223570824082,5729024,NA,221489,27.66,-1,-0.388921553661927,0.486463646701265,0.799615297578637,0.611724307052214,6,1.56521739130435,0.434782608695652,"O10","de-protonated",0,NA,"C23 H36 O10",23,36,10,NA,NA,NA,NA,NA,NA,NA,NA
3304,471.237416,471.236475518613,471.236325041922,1877765.8,NA,285745.9,7.67,-1,0.319323197931765,0.98166827470988,0,0.589000964825928,14,1.16129032258065,0.0645161290322581,"S1 O2","de-protonated",0,NA,"C31 H36 O2 S1",31,36,2,NA,NA,1,NA,NA,NA,NA,NA
3305,471.260919,471.259978453128,471.259956333466,4525839.5,NA,240900.1,21.41,-1,0.0469372829957611,0.499800164370182,0.792708917554682,0.616963665643982,5,1.66666666666667,0.375,"O9","de-protonated",0,NA,"C24 H40 O9",24,40,9,NA,NA,NA,NA,NA,NA,NA,NA
3306,471.297307,471.296366351743,471.296341842851,2165022.8,NA,253019,9.16,-1,0.0520031464646771,0.999509423746441,0,0.599705654247865,4,1.76,0.32,"O8","de-protonated",0,NA,"C25 H44 O8",25,44,8,NA,NA,NA,NA,NA,NA,NA,NA
3314,472.159746,472.1588029488,472.158802995347,1775752.8,NA,221923.5,7.14,-1,-9.85820951958148e-05,0.999999998236604,0,0.599999998941962,16,0.964285714285714,0.142857142857143,"N1 S1 O4","de-protonated",0,NA,"C28 H27 O4 S1 N1",28,27,4,1,NA,1,NA,NA,NA,NA,NA
3318,473.03718,473.036234504078,473.036163973539,3927544,NA,223172.7,18.3,-1,0.149101790350078,0.995974276893713,0,0.597584566136228,15,0.666666666666667,0.619047619047619,"O13","de-protonated",0,NA,"C21 H14 O13",21,14,13,NA,NA,NA,NA,NA,NA,NA,NA
3319,473.050183,473.049237467849,473.049051133161,3890685.5,NA,195027.4,18.11,-1,0.393901409032034,0.972239337008868,0,0.583343602205321,10,1.05555555555556,0.722222222222222,"P1 O13","de-protonated",0,NA,"C18 H19 O13 P1",18,19,13,NA,1,NA,NA,NA,NA,NA,NA
3320,473.058232,473.057286445423,473.057293341639,4620800.5,NA,232714.6,21.9,-1,-0.0145779719441114,0.99996143976473,0,0.599976863858838,10,1,0.833333333333333,"O15","de-protonated",0,NA,"C18 H18 O15",18,18,15,NA,NA,NA,NA,NA,NA,NA,NA
3321,473.073528,473.072582402805,473.072549482923,7726599,NA,213634,38.02,-1,0.0695873841274181,0.499560869024106,0.806643077274283,0.622393752324177,14,0.818181818181818,0.545454545454545,"O12","de-protonated",0,NA,"C22 H18 O12",22,18,12,NA,NA,NA,NA,NA,NA,NA,NA
3322,473.086478,473.085532366723,473.085303700764,16600588,NA,205856.5,84.08,-1,0.483350375734573,0.479247267315144,0.753652554121787,0.589009382037802,22,0.6,0.133333333333333,"S1 O4","de-protonated",0,NA,"C30 H18 O4 S1",30,18,4,NA,NA,1,NA,NA,NA,NA,NA
3323,473.094507,473.093561344353,473.093678851023,8803856,NA,216639.3,43.61,-1,-0.24837928612169,0.494434219089001,0.828487690504102,0.628055607655041,9,1.15789473684211,0.736842105263158,"O14","de-protonated",0,NA,"C19 H22 O14",19,22,14,NA,NA,NA,NA,NA,NA,NA,NA
3324,473.104173,473.103227317421,473.103061765493,7853588,NA,212811.8,38.68,-1,0.349927830079207,0.489013355029192,0.753652554121788,0.59486903466623,22,0.6,0.2,"O6","de-protonated",0,NA,"C30 H18 O6",30,18,6,NA,NA,NA,NA,NA,NA,NA,NA
3325,473.109779,473.108833301801,473.108934992308,11288086,NA,210472,56.51,-1,-0.214940997166518,0.994923099071736,0.954768399652362,0.978861219303986,13,0.956521739130435,0.478260869565217,"O11","de-protonated",0,NA,"C23 H22 O11",23,22,11,NA,NA,NA,NA,NA,NA,NA,NA
3326,473.122797,473.12185126553,473.121689210148,29842972,NA,213833.7,152.81,-1,0.34252368060298,0.490502852418804,0.872494571587818,0.64329954008641,21,0.709677419354839,0.0967741935483871,"S1 O3","de-protonated",0,NA,"C31 H22 O3 S1",31,22,3,NA,NA,1,NA,NA,NA,NA,NA
3327,473.130833,473.12988724314,473.130064360407,9416223,NA,218599.2,46.79,-1,-0.37435217082011,0.487446217645778,0.821075868479145,0.620898077979125,8,1.3,0.65,"O13","de-protonated",0,NA,"C20 H26 O13",20,26,13,NA,NA,NA,NA,NA,NA,NA,NA
3329,473.146153,473.145207200456,473.145320501692,12369445,NA,215310.1,62.12,-1,-0.239463926834566,0.984353975727948,0.957822645202628,0.97374144351782,12,1.08333333333333,0.416666666666667,"O10","de-protonated",0,NA,"C24 H26 O10",24,26,10,NA,NA,NA,NA,NA,NA,NA,NA
3330,473.159279,473.158333163884,473.158207661314,22142506,NA,212471.7,112.84,-1,0.265244410246973,0.993215044486567,0.974938914218838,0.985904592379476,7,1.47619047619048,0.476190476190476,"P1 O10","de-protonated",0,NA,"C21 H31 O10 P1",21,31,10,NA,1,NA,NA,NA,NA,NA,NA
3331,473.167331,473.166385141449,473.166449869791,5328430.5,NA,221298,25.57,-1,-0.136798250107631,0.498305085547811,0.813795485951173,0.624501245709156,7,1.42857142857143,0.571428571428571,"O12","de-protonated",0,NA,"C21 H30 O12",21,30,12,NA,NA,NA,NA,NA,NA,NA,NA
3333,473.182638,473.1816920988,473.181706011076,7159348.5,NA,216395.9,35.08,-1,-0.0294015506665075,0.499921579384796,0.785920818505338,0.614321275033012,11,1.2,0.36,"O9","de-protonated",0,NA,"C25 H30 O9",25,30,9,NA,NA,NA,NA,NA,NA,NA,NA
3334,473.195734,473.194788062312,473.194593170698,8476218,NA,199205,41.91,-1,0.411863568694763,0.484844716539119,0.806643077274283,0.613564060833184,6,1.59090909090909,0.409090909090909,"P1 O9","de-protonated",0,NA,"C22 H35 O9 P1",22,35,9,NA,1,NA,NA,NA,NA,NA,NA
3335,473.203657,473.202711040237,473.202835379176,4204093.5,NA,228373,19.74,-1,-0.262760341881871,0.987550384576109,0,0.592530230745665,6,1.54545454545455,0.5,"O11","de-protonated",0,NA,"C22 H34 O11",22,34,11,NA,NA,NA,NA,NA,NA,NA,NA
3336,473.219035,473.21808899739,473.218091520461,2399812,NA,193230.9,10.37,-1,-0.00533172806505173,0.999994841912679,0,0.599996905147607,10,1.30769230769231,0.307692307692308,"O8","de-protonated",0,NA,"C26 H34 O8",26,34,8,NA,NA,NA,NA,NA,NA,NA,NA
3338,473.240013,473.239066938941,473.23922088856,5162572.5,NA,222835.5,24.71,-1,-0.325310354881595,0.490490523966225,0.799615297578637,0.61414043341119,5,1.65217391304348,0.434782608695652,"O10","de-protonated",0,NA,"C23 H38 O10",23,38,10,NA,NA,NA,NA,NA,NA,NA,NA
3339,473.28349,473.282543817805,473.282620330752,32357982,NA,216631.3,165.86,-1,-0.161664392061856,0.66160489497288,0.960328157557397,0.781094200006687,8,1.53571428571429,0.142857142857143,"P1 O4","de-protonated",0,NA,"C28 H43 O4 P1",28,43,4,NA,1,NA,NA,NA,NA,NA,NA
3340,473.313151,473.312204735163,473.311991907329,1910379.1,NA,221915.2,7.83,-1,0.44965654325364,0.963977531144766,0,0.57838651868686,3,1.84,0.32,"O8","de-protonated",0,NA,"C25 H46 O8",25,46,8,NA,NA,NA,NA,NA,NA,NA,NA
3348,474.199197,474.198248266446,474.198084351369,4341724.5,NA,230334.8,20.45,-1,0.345667944033589,0.978552698519954,0,0.587131619111972,6,1.57142857142857,0.523809523809524,"N1 O11","de-protonated",0,NA,"C21 H33 O11 N1",21,33,11,1,NA,NA,NA,NA,NA,NA,NA
3349,474.235448,474.234499165442,474.234469860753,2652139.3,NA,219289.9,11.68,-1,0.0617936721418071,0.999307385795295,0,0.599584431477177,5,1.68181818181818,0.454545454545455,"N1 O10","de-protonated",0,NA,"C22 H37 O10 N1",22,37,10,1,NA,NA,NA,NA,NA,NA,NA
3351,474.983703,474.982752080641,474.982903579989,6213922,NA,208934.5,30.17,-1,-0.318957475899711,0.490854927647702,0.828487690504102,0.625908032790262,15,0.684210526315789,0.368421052631579,"N2 S2 P1 O7","de-protonated",0,NA,"C19 H13 O7 S2 N2 P1",19,13,7,2,1,2,NA,NA,NA,NA,NA
3352,475.052626,475.051674888606,475.051814038017,7786814.5,NA,205590.7,38.33,-1,-0.292914176070414,0.974311486270347,0.969183241004489,0.972260188164004,14,0.761904761904762,0.619047619047619,"O13","de-protonated",0,NA,"C21 H16 O13",21,16,13,NA,NA,NA,NA,NA,NA,NA,NA
3353,475.065676,475.064724852246,475.064568255858,7215428,NA,200502.1,35.36,-1,0.32963179990658,0.490238695468588,0.759892473118277,0.598100206528464,22,0.551724137931034,0.172413793103448,"S1 O5","de-protonated",0,NA,"C29 H16 O5 S1",29,16,5,NA,NA,1,NA,NA,NA,NA,NA
3355,475.089128,475.088176786904,475.088199547401,11723086,NA,210976.1,58.76,-1,-0.0479079412013278,0.987075517178985,0.990133606739353,0.988298753003132,13,0.909090909090909,0.545454545454545,"O12","de-protonated",0,NA,"C22 H20 O12",22,20,12,NA,NA,NA,NA,NA,NA,NA,NA
3356,475.102176,475.101224750549,475.101086707023,20746580,NA,213332.3,105.59,-1,0.290556114836013,0.990842496700795,0.982370591179482,0.987453734492269,8,1.31578947368421,0.631578947368421,"P1 O12","de-protonated",0,NA,"C19 H25 O12 P1",19,25,12,NA,1,NA,NA,NA,NA,NA,NA
3358,475.125525,475.124573685494,475.124585056786,17600860,NA,216233.6,89.27,-1,-0.0239332843694108,0.998603491774872,0.991231848842793,0.99565483460204,12,1.04347826086957,0.478260869565217,"O11","de-protonated",0,NA,"C23 H24 O11",23,24,11,NA,NA,NA,NA,NA,NA,NA,NA
3359,475.13852,475.137568649287,475.137339274626,22270306,NA,209883.4,113.5,-1,0.482754441658306,0.319531556752407,0.717890404929945,0.478875096023422,20,0.774193548387097,0.0967741935483871,"S1 O3","de-protonated",0,NA,"C31 H24 O3 S1",31,24,3,NA,NA,1,NA,NA,NA,NA,NA
3360,475.156138,475.155186600199,475.155097339355,6549865.5,NA,192277.6,31.91,-1,0.187856227231084,0.496808570141283,0.747514279669976,0.59709085395276,20,0.774193548387097,0.161290322580645,"O5","de-protonated",0,NA,"C31 H24 O5",31,24,5,NA,NA,NA,NA,NA,NA,NA,NA
3361,475.161738,475.160786584597,475.16097056617,20668780,NA,213237.1,105.19,-1,-0.387198412201442,0.984533861792863,0.982616554127286,0.983766938726632,11,1.16666666666667,0.416666666666667,"O10","de-protonated",0,NA,"C24 H28 O10",24,28,10,NA,NA,NA,NA,NA,NA,NA,NA
3362,475.174786,475.173834548242,475.17372478401,12427633,NA,215759.9,62.42,-1,0.230998108508636,0.495182298037177,0.741475186234394,0.593699453316064,19,0.875,0.0625,"S1 O2","de-protonated",0,NA,"C32 H28 O2 S1",32,28,2,NA,NA,1,NA,NA,NA,NA,NA
3363,475.182974,475.182022525428,475.182099934269,2836340.8,NA,219826.8,12.64,-1,-0.16290352884443,0.995196369168639,0,0.597117821501183,6,1.52380952380952,0.571428571428571,"O12","de-protonated",0,NA,"C21 H32 O12",21,32,12,NA,NA,NA,NA,NA,NA,NA,NA
3364,475.192527,475.191575498812,475.19148284874,2909560.8,NA,217920.5,13.02,-1,0.194974184618448,0.993125975346947,0,0.595875585208168,19,0.875,0.125,"O4","de-protonated",0,NA,"C32 H28 O4",32,28,4,NA,NA,NA,NA,NA,NA,NA,NA
3365,475.198146,475.197194483156,475.197356075554,7580027,NA,211282.7,37.26,-1,-0.340053235305762,0.489618277171987,0.785920818505338,0.608139293705327,10,1.28,0.36,"O9","de-protonated",0,NA,"C25 H32 O9",25,32,9,NA,NA,NA,NA,NA,NA,NA,NA
3366,475.211272,475.210320446584,475.210110293395,8020352.5,NA,219718,39.54,-1,0.442232151341093,0.975380827331899,0.958509395165458,0.968632254465322,18,0.96969696969697,0.0303030303030303,"S1 O1","de-protonated",0,NA,"C33 H32 O1 S1",33,32,1,NA,NA,1,NA,NA,NA,NA,NA
3367,475.219419,475.218467423885,475.218485443654,3674499.8,NA,209378.2,16.99,-1,-0.0379189141641721,0.999739139115873,0,0.599843483469524,5,1.63636363636364,0.5,"O11","de-protonated",0,NA,"C22 H36 O11",22,36,11,NA,NA,NA,NA,NA,NA,NA,NA
3368,475.234531,475.233579381779,475.233741584939,2063242,NA,237733.4,8.62,-1,-0.341312379509819,0.979084126844263,0,0.587450476106558,9,1.38461538461538,0.307692307692308,"O8","de-protonated",0,NA,"C26 H36 O8",26,36,8,NA,NA,NA,NA,NA,NA,NA,NA
3369,475.247759,475.246807344923,475.246628744561,3473807.5,NA,213334.6,15.94,-1,0.375805638346929,0.974699582674298,0,0.584819749604579,4,1.78260869565217,0.347826086956522,"P1 O8","de-protonated",0,NA,"C23 H41 O8 P1",23,41,8,NA,1,NA,NA,NA,NA,NA,NA
3370,475.295297,475.294345212472,475.294247643237,4400547.5,NA,214761.9,20.75,-1,0.205281750126297,0.988639827885741,0.889268202685102,0.948891177805485,3,1.95652173913043,0.260869565217391,"N2 P1 O6","de-protonated",0,NA,"C23 H45 O6 N2 P1",23,45,6,2,1,NA,NA,NA,NA,NA,NA
3371,475.299258,475.298306201436,475.29827039523,14274981,NA,217631.9,72,-1,0.0753341814446804,0.499485382691925,0.766236582456902,0.606185862597916,7,1.60714285714286,0.142857142857143,"P1 O4","de-protonated",0,NA,"C28 H45 O4 P1",28,45,4,NA,1,NA,NA,NA,NA,NA,NA
3376,476.120935,476.119980912065,476.119834028979,2897656.8,NA,149792.7,12.95,-1,0.308500246317249,0.982879345652316,0,0.58972760739139,12,1.04545454545455,0.5,"N1 O11","de-protonated",0,NA,"C22 H23 O11 N1",22,23,11,1,NA,NA,NA,NA,NA,NA,NA
3382,476.25108,476.250125549452,476.250119925231,2193198.3,NA,262349.3,9.3,-1,0.0118093858853109,0.99997469519697,0,0.599984817118182,4,1.77272727272727,0.454545454545455,"N1 O10","de-protonated",0,NA,"C22 H39 O10 N1",22,39,10,1,NA,NA,NA,NA,NA,NA,NA
3384,476.302833,476.301878405257,476.3017615759,4212547.5,NA,234476.7,19.78,-1,0.245284327185526,0.494571309967097,0.772687513667176,0.605817791447129,7,1.59259259259259,0.222222222222222,"N1 O6","de-protonated",0,NA,"C27 H43 O6 N1",27,43,6,1,NA,NA,NA,NA,NA,NA,NA
3385,476.981813,476.980856513471,476.980774352927,3997787.5,NA,211862.3,18.66,-1,0.172251270338468,0.994630792725859,0,0.596778475635515,16,0.375,0.875,"N4 O14","de-protonated",0,NA,"C16 H6 O14 N4",16,6,14,4,NA,NA,NA,NA,NA,NA,NA
3386,477.032112,477.031155373327,477.031078593111,4282480,NA,215860.8,20.14,-1,0.160954327339578,0.99531036754308,0,0.597186220525848,14,0.7,0.7,"O14","de-protonated",0,NA,"C20 H14 O14",20,14,14,NA,NA,NA,NA,NA,NA,NA,NA
3387,477.068422,477.06746527216,477.067464102495,13108351,NA,214518.7,65.94,-1,0.00245178001007778,0.985805274184445,0.99167898596624,0.988154758897163,13,0.857142857142857,0.619047619047619,"O13","de-protonated",0,NA,"C21 H18 O13",21,18,13,NA,NA,NA,NA,NA,NA,NA,NA
3388,477.081478,477.080521235783,477.080351262117,8293508.5,NA,218569.5,40.96,-1,0.356278905967901,0.488615543837212,0.836034543948893,0.627583143881884,8,1.27777777777778,0.722222222222222,"P1 O13","de-protonated",0,NA,"C18 H23 O13 P1",18,23,13,NA,1,NA,NA,NA,NA,NA,NA
3389,477.099146,477.098189186556,477.097976385065,5874827.5,NA,185213.8,28.4,-1,0.446033103187956,0.482272686406179,0.759892473118277,0.593320601091018,21,0.620689655172414,0.241379310344828,"O7","de-protonated",0,NA,"C29 H18 O7",29,18,7,NA,NA,NA,NA,NA,NA,NA,NA
3390,477.104718,477.103761171031,477.103849611879,21058702,NA,210012.6,107.21,-1,-0.185370226062932,0.996121923746227,0.982444492975439,0.990650951437911,12,1,0.545454545454545,"O12","de-protonated",0,NA,"C22 H22 O12",22,22,12,NA,NA,NA,NA,NA,NA,NA,NA
3391,477.117687,477.116730134896,477.11660382972,14079123,NA,209600.6,70.98,-1,0.264726013919948,0.975060162890674,0.927316826574135,0.955962828364058,20,0.733333333333333,0.133333333333333,"S1 O4","de-protonated",0,NA,"C30 H22 O4 S1",30,22,4,NA,NA,1,NA,NA,NA,NA,NA
3392,477.135541,477.134584085151,477.134361894449,7062682.5,NA,162985.7,34.57,-1,0.465677427526967,0.480707971997262,0.753652554121788,0.589885804847072,20,0.733333333333333,0.2,"O6","de-protonated",0,NA,"C30 H22 O6",30,22,6,NA,NA,NA,NA,NA,NA,NA,NA
3393,477.141105,477.140148069649,477.140235121264,25355420,NA,213525.2,129.51,-1,-0.18244450676666,0.993293603364577,0.997523141832477,0.994985418751737,11,1.1304347826087,0.478260869565217,"O11","de-protonated",0,NA,"C23 H26 O11",23,26,11,NA,NA,NA,NA,NA,NA,NA,NA
3394,477.154145,477.153188033317,477.152989339104,12526754,NA,208932.8,62.93,-1,0.4164161536909,0.984493293682446,0.965178896428215,0.976767534780754,19,0.838709677419355,0.0967741935483871,"S1 O3","de-protonated",0,NA,"C31 H26 O3 S1",31,26,3,NA,NA,1,NA,NA,NA,NA,NA
3395,477.169537,477.168579990431,477.168378422171,3874984.5,NA,160493.4,18.02,-1,0.422425855633171,0.968140209725198,0,0.580884125835119,10,1.29166666666667,0.333333333333333,"P1 O8","de-protonated",0,NA,"C24 H31 O8 P1",24,31,8,NA,1,NA,NA,NA,NA,NA,NA
3396,477.17757,477.176612968049,477.176620630648,17052844,NA,215732.8,86.42,-1,-0.016058201938363,0.990255792614327,0.983939057331435,0.98772909850117,10,1.25,0.416666666666667,"O10","de-protonated",0,NA,"C24 H30 O10",24,30,10,NA,NA,NA,NA,NA,NA,NA,NA
3397,477.190646,477.189688931617,477.18950779027,10509489,NA,212234.4,52.46,-1,0.379600439418545,0.98675095200417,0.955630022782788,0.974302580315617,5,1.66666666666667,0.476190476190476,"P1 O10","de-protonated",0,NA,"C21 H35 O10 P1",21,35,10,NA,1,NA,NA,NA,NA,NA,NA
3399,477.21395,477.212992866687,477.213006140032,5360827,NA,205472,25.73,-1,-0.0278142994902219,0.499929817375607,0.785920818505338,0.614326217827499,9,1.36,0.36,"O9","de-protonated",0,NA,"C25 H34 O9",25,34,9,NA,NA,NA,NA,NA,NA,NA,NA
3400,477.226998,477.226040830332,477.225893299654,9379008,NA,215250.4,46.59,-1,0.309142232295594,0.981239228502655,0.954353708391306,0.970485020458115,4,1.77272727272727,0.409090909090909,"P1 O9","de-protonated",0,NA,"C22 H39 O9 P1",22,39,9,NA,1,NA,NA,NA,NA,NA,NA
3401,477.263185,477.262227729507,477.262278809039,3543247,NA,242323.1,16.3,-1,-0.107026122683176,0.997923737942533,0,0.59875424276552,3,1.8695652173913,0.347826086956522,"P1 O8","de-protonated",0,NA,"C23 H43 O8 P1",23,43,8,NA,1,NA,NA,NA,NA,NA,NA
3403,477.304988,477.304030613035,477.304024480901,1796832.3,NA,205302.1,7.24,-1,0.0128474391023527,0.999970051128639,0,0.599982030677183,11,1.43333333333333,0.0333333333333333,"N2 P1 O1","de-protonated",0,NA,"C30 H43 O1 N2 P1",30,43,1,2,1,NA,NA,NA,NA,NA,NA
3405,478.100025,478.099065397889,478.099098584072,2925606.3,NA,180746.9,13.09,-1,-0.069412771504613,0.999126138164102,0,0.599475682898461,12,1,0.571428571428571,"N1 O12","de-protonated",0,NA,"C21 H21 O12 N1",21,21,12,1,NA,NA,NA,NA,NA,NA,NA
3408,478.136509,478.135549296236,478.135484093457,2552373.3,NA,194893.4,11.16,-1,0.136368836701256,0.996631383394392,0,0.597978830036635,11,1.13636363636364,0.5,"N1 O11","de-protonated",0,NA,"C22 H25 O11 N1",22,25,11,1,NA,NA,NA,NA,NA,NA,NA
3411,478.172695,478.171735195414,478.171869602841,2145348,NA,229601.5,9.04,-1,-0.281086017753719,0.985766130524732,0,0.591459678314839,10,1.26086956521739,0.434782608695652,"N1 O10","de-protonated",0,NA,"C23 H29 O10 N1",23,29,10,1,NA,NA,NA,NA,NA,NA,NA
3414,478.222173,478.221213057558,478.221009330066,2050648.4,NA,215716.1,8.55,-1,0.426011171021478,0.967605990866072,0,0.580563594519643,17,1.03125,0.03125,"N1 S1 O1","de-protonated",0,NA,"C32 H33 O1 S1 N1",32,33,1,1,NA,1,NA,NA,NA,NA,NA
3416,478.978654,478.977691949837,478.977818199561,3649421.3,NA,219457.7,16.85,-1,-0.263581566342477,0.987472933779829,0,0.592483760267898,14,0.722222222222222,0.444444444444444,"N2 S2 P1 O8","de-protonated",0,NA,"C18 H13 O8 S2 N2 P1",18,13,8,2,1,2,NA,NA,NA,NA,NA
3417,479.047603,479.04664075773,479.046728657589,8093609.5,NA,215270.4,39.91,-1,-0.183489111747265,0.496954780943355,0.821075868479145,0.626603215957671,13,0.8,0.7,"O14","de-protonated",0,NA,"C20 H16 O14",20,16,14,NA,NA,NA,NA,NA,NA,NA,NA
3418,479.083922,479.082959656537,479.083114166973,18147256,NA,213971.6,92.09,-1,-0.322512798081781,0.990561608692493,0.999313927249255,0.994062536115198,12,0.952380952380952,0.619047619047619,"O13","de-protonated",0,NA,"C21 H20 O13",21,20,13,NA,NA,NA,NA,NA,NA,NA,NA
3419,479.096954,479.095991620227,479.095868384814,5992381.5,NA,201714.4,29.01,-1,0.257224956539086,0.494033142229295,0.759892473118277,0.600376874584888,20,0.689655172413793,0.172413793103448,"S1 O5","de-protonated",0,NA,"C29 H20 O5 S1",29,20,5,NA,NA,1,NA,NA,NA,NA,NA
3420,479.120378,479.119415554963,479.119499676357,34162632,NA,211423.1,175.22,-1,-0.175574975274114,0.9907292790566,0.977492405093865,0.985434529471506,11,1.09090909090909,0.545454545454545,"O12","de-protonated",0,NA,"C22 H24 O12",22,24,12,NA,NA,NA,NA,NA,NA,NA,NA
3421,479.133416,479.132453518636,479.132253894198,7796684.5,NA,215991.4,38.37,-1,0.416637445983773,0.979928070417951,0.978245817089192,0.979255169086448,19,0.8,0.133333333333333,"S1 O4","de-protonated",0,NA,"C30 H24 O4 S1",30,24,4,NA,NA,1,NA,NA,NA,NA,NA
3422,479.148765,479.147802475871,479.147642977264,25405394,NA,207630.7,129.76,-1,0.33287987274836,0.989108427269446,0.950603112847043,0.973706301500485,10,1.26086956521739,0.391304347826087,"P1 O9","de-protonated",0,NA,"C23 H29 O9 P1",23,29,9,NA,1,NA,NA,NA,NA,NA,NA
3423,479.156835,479.155872453386,479.155885185742,28198870,NA,216449.6,144.26,-1,-0.026572470746629,0.993593328174272,0.992198735702921,0.993035491185732,10,1.21739130434783,0.478260869565217,"O11","de-protonated",0,NA,"C23 H28 O11",23,28,11,NA,NA,NA,NA,NA,NA,NA,NA
3424,479.169893,479.168930417003,479.168772345364,7948251.5,NA,222484.9,39.16,-1,0.329887189941282,0.985702031718406,0.92288283140075,0.960574351591344,5,1.65,0.55,"P1 O11","de-protonated",0,NA,"C20 H33 O11 P1",20,33,11,NA,1,NA,NA,NA,NA,NA,NA
3425,479.185054,479.184091374762,479.184028486649,5186529.5,NA,170943.7,24.82,-1,0.131240002431584,0.498439808789025,0.792708917554682,0.616147452295288,9,1.375,0.333333333333333,"P1 O8","de-protonated",0,NA,"C24 H33 O8 P1",24,33,8,NA,1,NA,NA,NA,NA,NA,NA
3426,479.193148,479.19218535221,479.192270695126,11560933,NA,209926.3,57.91,-1,-0.178097438483657,0.497130607046985,0.792708917554682,0.615361931250064,9,1.33333333333333,0.416666666666667,"O10","de-protonated",0,NA,"C24 H32 O10",24,32,10,NA,NA,NA,NA,NA,NA,NA,NA
3427,479.206152,479.205189315978,479.205024912966,9629674,NA,215041.5,47.89,-1,0.343074473536611,0.489434954150865,0.741475186234394,0.590251046984277,17,1,0.0625,"S1 O2","de-protonated",0,NA,"C32 H32 O2 S1",32,32,2,NA,NA,1,NA,NA,NA,NA,NA
3428,479.223734,479.222771266991,479.222782977696,3532273.3,NA,177719.1,16.24,-1,-0.0244368704259561,0.499945825928563,0.741475186234394,0.596557570050896,17,1,0.125,"O4","de-protonated",0,NA,"C32 H32 O4",32,32,4,NA,NA,NA,NA,NA,NA,NA,NA
3429,479.229524,479.228561250859,479.22865620451,3257331.5,NA,218658.1,14.81,-1,-0.198138509686896,0.992901841565769,0,0.595741104939461,8,1.44,0.36,"O9","de-protonated",0,NA,"C25 H36 O9",25,36,9,NA,NA,NA,NA,NA,NA,NA,NA
3430,479.242559,479.24159621454,479.241410422351,7759865,NA,212510.4,38.18,-1,0.387679748542919,0.486548778885856,0.73553288925895,0.586142423035094,16,1.09090909090909,0.0303030303030303,"S1 O1","de-protonated",0,NA,"C33 H36 O1 S1",33,36,1,NA,NA,1,NA,NA,NA,NA,NA
3431,479.279075,479.278112112799,479.277928873517,3129863.8,NA,203697.6,14.15,-1,0.382323639342275,0.973826032983928,0,0.584295619790357,2,1.95652173913043,0.347826086956522,"P1 O8","de-protonated",0,NA,"C23 H45 O8 P1",23,45,8,NA,1,NA,NA,NA,NA,NA,NA
3433,480.115617,480.11465178201,480.11474864855,3407196,NA,215539.1,15.59,-1,-0.201757059668827,0.992641175619044,0,0.595584705371426,11,1.0952380952381,0.571428571428571,"N1 O12","de-protonated",0,NA,"C21 H23 O12 N1",21,23,12,1,NA,NA,NA,NA,NA,NA,NA
3440,480.188702,480.18773657838,480.187519667319,1794809.6,NA,115321.3,7.22,-1,0.451721570768106,0.963652009213759,0,0.578191205528256,9,1.34782608695652,0.434782608695652,"N1 O10","de-protonated",0,NA,"C23 H31 O10 N1",23,31,10,1,NA,NA,NA,NA,NA,NA,NA
3441,480.201507,480.200541542702,480.200406826941,16013695,NA,214153.9,81.02,-1,0.280540705962865,0.492910455919068,0.821075868479145,0.624176620943099,4,1.8,0.5,"N1 P1 O10","de-protonated",0,NA,"C20 H36 O10 N1 P1",20,36,10,1,1,NA,NA,NA,NA,NA,NA
3445,481.026938,481.025970242871,481.025993212683,2783949,NA,219911.9,12.35,-1,-0.0477517043809632,0.999586341700227,0,0.599751805020136,13,0.736842105263158,0.789473684210526,"O15","de-protonated",0,NA,"C19 H14 O15",19,14,15,NA,NA,NA,NA,NA,NA,NA,NA
3447,481.063257,481.062289141679,481.062378722067,13961948,NA,216084.9,70.37,-1,-0.186213663486814,0.996678654554026,0.958437219899495,0.981382080692214,12,0.9,0.7,"O14","de-protonated",0,NA,"C20 H18 O14",20,18,14,NA,NA,NA,NA,NA,NA,NA,NA
3448,481.091527,481.090559062912,481.090389081192,6839015,NA,169232.7,33.4,-1,0.353325953362701,0.985483163568075,0.924908259157288,0.96125320180376,24,0.5625,0.09375,"S1 O3","de-protonated",0,NA,"C32 H18 O3 S1",32,18,3,NA,NA,1,NA,NA,NA,NA,NA
3449,481.099683,481.098715040188,481.098764231451,28281578,NA,213956.8,144.69,-1,-0.102247743356135,0.985894924043551,0.984948143566509,0.985516211852734,11,1.04761904761905,0.619047619047619,"O13","de-protonated",0,NA,"C21 H22 O13",21,22,13,NA,NA,NA,NA,NA,NA,NA,NA
3450,481.128047,481.12707896116,481.126907532358,12034806,NA,199174,60.36,-1,0.35630682702798,0.986196216027422,0.912316371205932,0.956644278098826,10,1.22727272727273,0.454545454545455,"P1 O10","de-protonated",0,NA,"C22 H27 O10 P1",22,27,10,NA,1,NA,NA,NA,NA,NA,NA
3451,481.136119,481.135150938669,481.135149740835,37153528,NA,223531.6,190.73,-1,0.00248960002497837,0.993403583402993,0.999963387568303,0.996027505069117,10,1.18181818181818,0.545454545454545,"O12","de-protonated",0,NA,"C22 H26 O12",22,26,12,NA,NA,NA,NA,NA,NA,NA,NA
3452,481.145763,481.144794911799,481.14488352839,8729341,NA,221217.7,43.21,-1,-0.184178600083527,0.986886997314144,0.925018844192794,0.962139736065604,0,2.33333333333333,0.6,"N2 S2 P1 O9","de-protonated",0,NA,"C15 H35 O9 S2 N2 P1",15,35,9,2,1,2,NA,NA,NA,NA,NA
3453,481.164294,481.163325860168,481.163160099961,591276800,NA,216546.2,3066.71,-1,0.344498957495156,0.244479609509295,0.8337341896285,0.480181441556977,22,0.764705882352941,0.0294117647058824,"S1 O1","de-protonated",0,NA,"C34 H26 O1 S1",34,26,1,NA,NA,1,NA,NA,NA,NA,NA
3454,481.172389,481.171420837613,481.17153525022,19278600,NA,212388.5,97.96,-1,-0.237779249033677,0.986417024446059,0.986801931626582,0.986570987318268,9,1.30434782608696,0.478260869565217,"O11","de-protonated",0,NA,"C23 H30 O11",23,30,11,NA,NA,NA,NA,NA,NA,NA,NA
3455,481.185467,481.184498801175,481.18428946806,6779661,NA,204537.9,33.09,-1,0.435037302200328,0.483121213581624,0.747514279669976,0.588878440016965,17,0.967741935483871,0.0967741935483871,"S1 O3","de-protonated",0,NA,"C31 H30 O3 S1",31,30,3,NA,NA,1,NA,NA,NA,NA,NA
3456,481.200795,481.199826758468,481.199678551127,6710035,NA,180050.8,32.73,-1,0.307995512174583,0.491467420659557,0.792708917554682,0.611964019417607,8,1.45833333333333,0.333333333333333,"P1 O8","de-protonated",0,NA,"C24 H35 O8 P1",24,35,8,NA,1,NA,NA,NA,NA,NA,NA
3457,481.208777,481.207808736228,481.207920759604,6578966.5,NA,212204.1,32.05,-1,-0.23279620038926,0.995011770007949,0.98975607284595,0.992909491143149,8,1.41666666666667,0.416666666666667,"O10","de-protonated",0,NA,"C24 H34 O10",24,34,10,NA,NA,NA,NA,NA,NA,NA,NA
3458,481.221818,481.220849699893,481.220674977444,7795483.5,NA,216228.5,38.36,-1,0.363081758601769,0.488181867173209,0.741475186234394,0.589499194797683,16,1.0625,0.0625,"S1 O2","de-protonated",0,NA,"C32 H34 O2 S1",32,34,2,NA,NA,1,NA,NA,NA,NA,NA
3459,481.239559,481.238590650463,481.238433042174,2264355,NA,177321.6,9.65,-1,0.327505615497012,0.980725992347838,0,0.588435595408703,16,1.0625,0.125,"O4","de-protonated",0,NA,"C32 H34 O4",32,34,4,NA,NA,NA,NA,NA,NA,NA,NA
3460,481.258348,481.257379598113,481.25719342861,4476714.5,NA,212156.8,21.14,-1,0.386839937379911,0.486606206390771,0.806643077274283,0.614620954744176,2,1.95454545454545,0.409090909090909,"P1 O9","de-protonated",0,NA,"C22 H43 O9 P1",22,43,9,NA,1,NA,NA,NA,NA,NA,NA
3467,482.144299,482.14332812966,482.143152930869,2508431.3,NA,193442.6,10.92,-1,0.363375048354315,0.976325988970082,0,0.585795593382049,18,0.862068965517241,0.137931034482759,"N1 S1 O4","de-protonated",0,NA,"C29 H25 O4 S1 N1",29,25,4,1,NA,1,NA,NA,NA,NA,NA
3476,483.042479,483.041505627135,483.041643277161,5797367.5,NA,225713.7,27.99,-1,-0.284965131406684,0.492686729509413,0.828487690504102,0.627007113907289,12,0.842105263157895,0.789473684210526,"O15","de-protonated",0,NA,"C19 H16 O15",19,16,15,NA,NA,NA,NA,NA,NA,NA,NA
3478,483.078888,483.077914525692,483.078028786545,17866246,NA,211827.8,90.63,-1,-0.236526702138526,0.991533063020466,0.957568926725168,0.977947408502347,11,1,0.7,"O14","de-protonated",0,NA,"C20 H20 O14",20,20,14,NA,NA,NA,NA,NA,NA,NA,NA
3479,483.094139,483.093165483199,483.09328492783,2620428.3,NA,157889.9,11.5,-1,-0.24724961885609,0.988968904748006,0,0.593381342848804,15,0.833333333333333,0.458333333333333,"O11","de-protonated",0,NA,"C24 H20 O11",24,20,11,NA,NA,NA,NA,NA,NA,NA,NA
3480,483.107299,483.106325446533,483.106172087452,12394002,NA,198542.2,62.22,-1,0.317443845091544,0.490940729362841,0.813795485951173,0.620082631998174,10,1.19047619047619,0.523809523809524,"P1 O11","de-protonated",0,NA,"C21 H25 O11 P1",21,25,11,NA,1,NA,NA,NA,NA,NA,NA
3481,483.115336,483.11436242414,483.114414295929,29412884,NA,212916.4,150.56,-1,-0.107369575057158,0.99792968141586,0.981360736450549,0.991302103429736,10,1.14285714285714,0.619047619047619,"O13","de-protonated",0,NA,"C21 H24 O13",21,24,13,NA,NA,NA,NA,NA,NA,NA,NA
3482,483.143727,483.142753345036,483.142557596836,20405792,NA,207564.9,103.81,-1,0.405156194863637,0.975622875823411,0.956587419432219,0.968008693266934,9,1.31818181818182,0.454545454545455,"P1 O10","de-protonated",0,NA,"C22 H29 O10 P1",22,29,10,NA,1,NA,NA,NA,NA,NA,NA
3484,483.164098,483.163124288278,483.163173900599,6999592,NA,445264.7,34.23,-1,-0.102682330148415,0.499044347724784,0.741475186234394,0.596016683128628,22,0.78125,0.03125,"N2 P1 O1","de-protonated",0,NA,"C32 H25 O1 N2 P1",32,25,1,2,1,NA,NA,NA,NA,NA,NA
3486,483.180019,483.179045243919,483.178810164439,13622831,NA,204036.2,68.6,-1,0.486526882277438,0.959523303577268,0.964034623534331,0.961327831560093,21,0.823529411764706,0.0294117647058824,"S1 O1","de-protonated",0,NA,"C34 H28 O1 S1",34,28,1,NA,NA,1,NA,NA,NA,NA,NA
3487,483.188064,483.187090221504,483.187185314698,9928242,NA,218939.4,49.43,-1,-0.196804048045781,0.983880831014771,0.981217524410417,0.982815508373029,8,1.39130434782609,0.478260869565217,"O11","de-protonated",0,NA,"C23 H32 O11",23,32,11,NA,NA,NA,NA,NA,NA,NA,NA
3488,483.22424,483.223266120709,483.22340863283,4241984,NA,228400.3,19.91,-1,-0.294919736536836,0.984341902380226,0,0.590605141428136,2,2.15789473684211,0.210526315789474,"N4 S2 P1 O4","de-protonated",0,NA,"C19 H41 O4 S2 N4 P1",19,41,4,4,1,2,NA,NA,NA,NA,NA
3489,483.237489,483.236515083795,483.236325041922,5254725.5,NA,224455.7,25.17,-1,0.393269012538869,0.486163579658903,0.741475186234394,0.588288222289099,15,1.125,0.0625,"S1 O2","de-protonated",0,NA,"C32 H36 O2 S1",32,36,2,NA,NA,1,NA,NA,NA,NA,NA
3490,483.260925,483.259951018497,483.259956333466,2707023,NA,248517.4,11.95,-1,-0.0109981579164259,0.999978052302555,0,0.599986831381533,6,1.6,0.36,"O9","de-protonated",0,NA,"C25 H40 O9",25,40,9,NA,NA,NA,NA,NA,NA,NA,NA
3492,484.11077,484.109793650644,484.109663268122,3845026,NA,199756.4,17.85,-1,0.269324352393846,0.986924743117806,0,0.592154845870684,10,1.15,0.65,"N1 O13","de-protonated",0,NA,"C20 H23 O13 N1",20,23,13,1,NA,NA,NA,NA,NA,NA,NA
3495,484.155002,484.154025527404,484.153932090239,5365683.5,NA,224502,25.74,-1,0.192990613467103,0.496632330030617,0.779247987650237,0.609678593078465,12,1.23076923076923,0.0769230769230769,"N1 S2 P1 O2","de-protonated",0,NA,"C26 H32 O2 S2 N1 P1",26,32,2,1,1,2,NA,NA,NA,NA,NA
3499,484.196439,484.195462411951,484.195321446513,2243524,NA,224258,9.54,-1,0.291133417039863,0.984738309548753,0,0.590842985729252,3,1.89473684210526,0.578947368421053,"N1 P1 O11","de-protonated",0,NA,"C19 H36 O11 N1 P1",19,36,11,1,1,NA,NA,NA,NA,NA,NA
3500,484.219722,484.21874534708,484.218819796275,2002893.4,NA,198673.1,8.29,-1,-0.153751139527168,0.995719845664884,0,0.59743190739893,7,1.52173913043478,0.434782608695652,"N1 O10","de-protonated",0,NA,"C23 H35 O10 N1",23,35,10,1,NA,NA,NA,NA,NA,NA,NA
3502,485.058219,485.057240010844,485.057293341639,8274202,NA,216934.2,40.84,-1,-0.109947412204206,0.498904486720701,0.828487690504102,0.630737768234061,11,0.947368421052632,0.789473684210526,"O15","de-protonated",0,NA,"C19 H18 O15",19,18,15,NA,NA,NA,NA,NA,NA,NA,NA
3503,485.086474,485.08549493212,485.085303700764,10328357,NA,187853.9,51.5,-1,0.394222118189181,0.976291319555434,0.97303973689332,0.974990686490588,23,0.580645161290323,0.129032258064516,"S1 O4","de-protonated",0,NA,"C31 H18 O4 S1",31,18,4,NA,NA,1,NA,NA,NA,NA,NA
3504,485.094533,485.093553909666,485.093678851023,15196457,NA,211932.5,76.77,-1,-0.257561297164848,0.992109023789307,0.974736897636966,0.985160173328371,10,1.1,0.7,"O14","de-protonated",0,NA,"C20 H22 O14",20,22,14,NA,NA,NA,NA,NA,NA,NA,NA
3505,485.104016,485.103036883244,485.103061765493,4197676.5,NA,168945.3,19.68,-1,-0.0512927070773401,0.499761366497449,0.747514279669976,0.59886253176646,23,0.580645161290323,0.193548387096774,"O6","de-protonated",0,NA,"C31 H18 O6",31,18,6,NA,NA,NA,NA,NA,NA,NA,NA
3506,485.109851,485.108871866986,485.108934992308,4678958.5,NA,197502.2,22.18,-1,-0.130126074446836,0.498466140819813,0.792708917554682,0.616163251513761,14,0.916666666666667,0.458333333333333,"O11","de-protonated",0,NA,"C24 H22 O11",24,22,11,NA,NA,NA,NA,NA,NA,NA,NA
3507,485.122833,485.121853830816,485.121689210148,22409524,NA,209765.4,114.2,-1,0.339338914856746,0.326440929159619,0.710456249648542,0.480047057355188,22,0.6875,0.09375,"S1 O3","de-protonated",0,NA,"C32 H22 O3 S1",32,22,3,NA,NA,1,NA,NA,NA,NA,NA
3508,485.13095,485.1299708082,485.130064360407,18506040,NA,216110.7,93.94,-1,-0.192839434246524,0.994377419833121,0.997604336848714,0.995668186639358,9,1.23809523809524,0.619047619047619,"O13","de-protonated",0,NA,"C21 H26 O13",21,26,13,NA,NA,NA,NA,NA,NA,NA,NA
3509,485.140658,485.139678781151,485.139447274877,7344443,NA,212098.4,36.01,-1,0.477195320127752,0.479761661976927,0.741475186234394,0.584447071679914,22,0.6875,0.15625,"O5","de-protonated",0,NA,"C32 H22 O5",32,22,5,NA,NA,NA,NA,NA,NA,NA,NA
3510,485.146262,485.145282765537,485.145320501692,5255485,NA,205945.9,25.17,-1,-0.0777831982371806,0.499451398410768,0.785920818505338,0.614039166448596,13,1.04,0.4,"O10","de-protonated",0,NA,"C25 H26 O10",25,26,10,NA,NA,NA,NA,NA,NA,NA,NA
3511,485.159346,485.158366729083,485.158207661314,20349250,NA,206504.3,103.51,-1,0.327867829582196,0.98385355372334,0.980409945463976,0.982476110419594,8,1.40909090909091,0.454545454545455,"P1 O10","de-protonated",0,NA,"C22 H31 O10 P1",22,31,10,NA,1,NA,NA,NA,NA,NA,NA
3512,485.167356,485.166376706765,485.166449869791,9875781,NA,195678.2,49.15,-1,-0.15079984721377,0.497941125191861,0.806643077274283,0.62142190602483,8,1.36363636363636,0.545454545454545,"O12","de-protonated",0,NA,"C22 H30 O12",22,30,12,NA,NA,NA,NA,NA,NA,NA,NA
3514,485.182619,485.181639664239,485.181706011076,3400523.5,NA,162995.9,15.54,-1,-0.136746370878636,0.996612737359995,0,0.597967642415997,12,1.15384615384615,0.346153846153846,"O9","de-protonated",0,NA,"C26 H30 O9",26,30,9,NA,NA,NA,NA,NA,NA,NA,NA
3515,485.195793,485.194813627533,485.194593170698,10010961,NA,202348.2,49.85,-1,0.454367872158106,0.981333115167543,0.948723314710768,0.968289194984833,7,1.52173913043478,0.391304347826087,"P1 O9","de-protonated",0,NA,"C23 H35 O9 P1",23,35,9,NA,1,NA,NA,NA,NA,NA,NA
3516,485.203808,485.202828605202,485.202835379176,4744532,NA,220272.9,22.52,-1,-0.0139611180529292,0.999318754350131,0.922644305539762,0.968648974825983,7,1.47826086956522,0.478260869565217,"O11","de-protonated",0,NA,"C23 H34 O11",23,34,11,NA,NA,NA,NA,NA,NA,NA,NA
3518,485.216833,485.215853568911,485.215722538798,4576601,NA,203972.5,21.65,-1,0.27004506945486,0.986855132790843,0,0.592113079674506,2,1.95,0.55,"P1 O11","de-protonated",0,NA,"C20 H39 O11 P1",20,39,11,NA,1,NA,NA,NA,NA,NA,NA
3519,485.232087,485.23110752641,485.230978680083,3402079,NA,198183.2,15.55,-1,0.265536070954554,0.987287654343733,0,0.59237259260624,6,1.625,0.333333333333333,"P1 O8","de-protonated",0,NA,"C24 H39 O8 P1",24,39,8,NA,1,NA,NA,NA,NA,NA,NA
3520,485.240161,485.239181503914,485.23922088856,4741474,NA,229195.2,22.5,-1,-0.0811654211695174,0.499402680924683,0.792708917554682,0.616725175576682,6,1.58333333333333,0.416666666666667,"O10","de-protonated",0,NA,"C24 H38 O10",24,38,10,NA,NA,NA,NA,NA,NA,NA,NA
3522,485.276417,485.275437402897,485.275606397944,3350896.5,NA,237351.5,15.29,-1,-0.348245501977095,0.978235171040355,0,0.586941102624213,5,1.68,0.36,"O9","de-protonated",0,NA,"C25 H42 O9",25,42,9,NA,NA,NA,NA,NA,NA,NA,NA
3527,486.154511,486.153528956336,486.153323691725,1935051.4,NA,154615.9,7.93,-1,0.422221962899925,0.968170463271129,0,0.580902277962677,21,0.78125,0.0625,"N1 S1 O2","de-protonated",0,NA,"C32 H25 O2 S1 N1",32,25,2,1,NA,1,NA,NA,NA,NA,NA
3531,487.05277,487.051785453591,487.051814038017,4950060,NA,213881.7,23.58,-1,-0.058688676573336,0.499687610260661,0.806643077274283,0.622469797066109,15,0.727272727272727,0.590909090909091,"O13","de-protonated",0,NA,"C22 H16 O13",22,16,13,NA,NA,NA,NA,NA,NA,NA,NA
3532,487.065682,487.064697417615,487.064568255858,5671985.5,NA,188234.5,27.33,-1,0.265184055526659,0.493660561263989,0.753652554121787,0.597657358407108,23,0.533333333333333,0.166666666666667,"S1 O5","de-protonated",0,NA,"C30 H16 O5 S1",30,16,5,NA,NA,1,NA,NA,NA,NA,NA
3533,487.073945,487.072960394592,487.072943406117,5981236.5,NA,223356,28.93,-1,0.0348787100722239,0.499889643801681,0.828487690504102,0.631328862482649,10,1.05263157894737,0.789473684210526,"O15","de-protonated",0,NA,"C19 H20 O15",19,20,15,NA,NA,NA,NA,NA,NA,NA,NA
3534,487.083299,487.08231436853,487.082326320587,2480696.3,NA,191882,10.76,-1,-0.0245380626492972,0.999890752716616,0,0.59993445162997,23,0.533333333333333,0.233333333333333,"O7","de-protonated",0,NA,"C30 H16 O7",30,16,7,NA,NA,NA,NA,NA,NA,NA,NA
3535,487.089238,487.088253351983,487.088199547401,7138362.5,NA,208267.7,34.94,-1,0.110461681399663,0.498894225789128,0.799615297578637,0.619182654504932,14,0.869565217391304,0.521739130434783,"O12","de-protonated",0,NA,"C23 H20 O12",23,20,12,NA,NA,NA,NA,NA,NA,NA,NA
3536,487.10226,487.101275315701,487.101086707023,18740288,NA,206908.2,95.15,-1,0.387206439327902,0.985258313665628,0.975366748170334,0.98130168746751,9,1.25,0.6,"P1 O12","de-protonated",0,NA,"C20 H25 O12 P1",20,25,12,NA,1,NA,NA,NA,NA,NA,NA
3537,487.110335,487.109350293202,487.109328915501,9098307,NA,206878.4,45.11,-1,0.0438868648251729,0.99815664082185,0.992555336665591,0.995916119159346,9,1.2,0.7,"O14","de-protonated",0,NA,"C20 H24 O14",20,24,14,NA,NA,NA,NA,NA,NA,NA,NA
3538,487.119894,487.118909266569,487.118711829971,6726726.5,NA,207339.5,32.8,-1,0.405315157435504,0.985305445715365,0.97933874390942,0.982918764992987,22,0.645161290322581,0.193548387096774,"O6","de-protonated",0,NA,"C31 H20 O6",31,20,6,NA,NA,NA,NA,NA,NA,NA,NA
3539,487.125503,487.124518250941,487.124585056786,9438281,NA,214879.6,46.88,-1,-0.13714324229159,0.993674162247238,0.98356191502849,0.989629263359739,13,1,0.458333333333333,"O11","de-protonated",0,NA,"C24 H24 O11",24,24,11,NA,NA,NA,NA,NA,NA,NA,NA
3540,487.138558,487.137573214567,487.137339274626,24532046,NA,208920,125.21,-1,0.480234056533257,0.483573778632843,0.861468351534516,0.634731607793512,21,0.75,0.09375,"S1 O3","de-protonated",0,NA,"C32 H24 O3 S1",32,24,3,NA,NA,1,NA,NA,NA,NA,NA
3541,487.146605,487.145620192146,487.145714424885,7257169,NA,209910.1,35.56,-1,-0.193438505821703,0.990902346448581,0.975012655637515,0.984546470124155,8,1.33333333333333,0.619047619047619,"O13","de-protonated",0,NA,"C21 H28 O13",21,28,13,NA,NA,NA,NA,NA,NA,NA,NA
3542,487.156232,487.155247165323,487.155097339355,5382229,NA,210867.2,25.82,-1,0.307552909420786,0.491491716707191,0.741475186234394,0.591485104518072,21,0.75,0.15625,"O5","de-protonated",0,NA,"C32 H24 O5",32,24,5,NA,NA,NA,NA,NA,NA,NA,NA
3543,487.161851,487.160866149667,487.16097056617,8172631,NA,222949.6,40.31,-1,-0.214336757316713,0.495849424610308,0.785920818505338,0.61187798216832,12,1.12,0.4,"O10","de-protonated",0,NA,"C25 H28 O10",25,28,10,NA,NA,NA,NA,NA,NA,NA,NA
3544,487.174842,487.173857113472,487.17372478401,14459996,NA,208232.2,72.94,-1,0.271626843638294,0.493350861288716,0.73553288925895,0.59022367247681,20,0.848484848484849,0.0606060606060606,"S1 O2","de-protonated",0,NA,"C33 H28 O2 S1",33,28,2,NA,NA,1,NA,NA,NA,NA,NA
3545,487.182846,487.181861091171,487.182099934269,4171871.3,NA,214590.9,19.54,-1,-0.490254257822334,0.957326233886448,0,0.574395740331869,7,1.45454545454545,0.545454545454545,"O12","de-protonated",0,NA,"C22 H32 O12",22,32,12,NA,NA,NA,NA,NA,NA,NA,NA
3546,487.192657,487.191672063835,487.19148284874,3562595,NA,213576.2,16.38,-1,0.38837931677453,0.486500851506797,0.73553288925895,0.586113666607658,20,0.848484848484849,0.121212121212121,"O4","de-protonated",0,NA,"C33 H28 O4",33,28,4,NA,NA,NA,NA,NA,NA,NA,NA
3547,487.198168,487.19718304848,487.197356075554,3931237.3,NA,199700.2,18.29,-1,-0.355147810189739,0.488686891929363,0.779247987650237,0.604911330217713,11,1.23076923076923,0.346153846153846,"O9","de-protonated",0,NA,"C26 H32 O9",26,32,9,NA,NA,NA,NA,NA,NA,NA,NA
3548,487.211332,487.210347011802,487.210110293395,6763626.5,NA,189548.4,32.99,-1,0.485865138536976,0.479035365426293,0.72968508002065,0.579295251264036,19,0.941176470588235,0.0294117647058824,"S1 O1","de-protonated",0,NA,"C34 H32 O1 S1",34,32,1,NA,NA,1,NA,NA,NA,NA,NA
3549,487.219377,487.218391989387,487.218485443654,4153453.5,NA,218564.9,19.45,-1,-0.191811824140942,0.993346414378048,0,0.596007848626829,6,1.56521739130435,0.478260869565217,"O11","de-protonated",0,NA,"C23 H36 O11",23,36,11,NA,NA,NA,NA,NA,NA,NA,NA
3551,487.247827,487.246841910119,487.246628744561,2646136.8,NA,185422.1,11.62,-1,0.437490063935531,0.965867290050723,0,0.579520374030434,5,1.70833333333333,0.333333333333333,"P1 O8","de-protonated",0,NA,"C24 H41 O8 P1",24,41,8,NA,1,NA,NA,NA,NA,NA,NA
3552,487.255928,487.254942887548,487.254870953038,4845692,NA,213353.1,23.04,-1,0.147632203430685,0.498026543481727,0.792708917554682,0.615899493110909,5,1.66666666666667,0.416666666666667,"O10","de-protonated",0,NA,"C24 H40 O10",24,40,10,NA,NA,NA,NA,NA,NA,NA,NA
3553,487.292312,487.291326786174,487.291256462422,2615434,NA,235609.8,11.46,-1,0.144315645447935,0.99622809876653,0,0.597736859259918,4,1.76,0.36,"O9","de-protonated",0,NA,"C25 H44 O9",25,44,9,NA,NA,NA,NA,NA,NA,NA,NA
3562,489.032104,489.031113938735,489.031078593111,3484463.8,NA,215295.8,15.49,-1,0.0722768462903566,0.999052571588228,0,0.599431542952937,15,0.666666666666667,0.666666666666667,"O14","de-protonated",0,NA,"C21 H14 O14",21,14,14,NA,NA,NA,NA,NA,NA,NA,NA
3563,489.068387,489.067396837643,489.067464102495,8222526,NA,205838.3,39.34,-1,-0.13753696058238,0.977872514732112,0.9917869651572,0.983438294902147,14,0.818181818181818,0.590909090909091,"O13","de-protonated",0,NA,"C22 H18 O13",22,18,13,NA,NA,NA,NA,NA,NA,NA,NA
3564,489.081465,489.080474801204,489.080351262117,10250051,NA,211481.8,49.54,-1,0.252594664675045,0.494244796891774,0.828487690504102,0.627941954336706,9,1.21052631578947,0.684210526315789,"P1 O13","de-protonated",0,NA,"C19 H23 O13 P1",19,23,13,NA,1,NA,NA,NA,NA,NA,NA
3565,489.089682,489.08869177831,489.088593470595,2835270,NA,238820.9,12.22,-1,0.201001856986144,0.992695961265038,0,0.595617576759023,9,1.15789473684211,0.789473684210526,"O15","de-protonated",0,NA,"C19 H22 O15",19,22,15,NA,NA,NA,NA,NA,NA,NA,NA
3567,489.104705,489.103714736453,489.103849611879,11110220,NA,205600.3,53.87,-1,-0.275760304868741,0.989716002810173,0.996846629090709,0.992568253322387,13,0.956521739130435,0.521739130434783,"O12","de-protonated",0,NA,"C23 H22 O12",23,22,12,NA,NA,NA,NA,NA,NA,NA,NA
3568,489.1178,489.116809699967,489.11660382972,18134864,NA,209141.1,89.23,-1,0.420902185230827,0.972062990942577,0.950565322864647,0.963463923711405,21,0.709677419354839,0.129032258064516,"S1 O4","de-protonated",0,NA,"C31 H22 O4 S1",31,22,4,NA,NA,1,NA,NA,NA,NA,NA
3569,489.135582,489.134591650423,489.134361894449,6704984,NA,194142,31.7,-1,0.469719552260543,0.480378292559818,0.747514279669976,0.587232687403881,21,0.709677419354839,0.193548387096774,"O6","de-protonated",0,NA,"C31 H22 O6",31,22,6,NA,NA,NA,NA,NA,NA,NA,NA
3570,489.141164,489.14017363487,489.140235121264,17913690,NA,213743.7,88.12,-1,-0.125702997372643,0.998568024331363,0.980743548200478,0.991438233879009,12,1.08333333333333,0.458333333333333,"O11","de-protonated",0,NA,"C24 H26 O11",24,26,11,NA,NA,NA,NA,NA,NA,NA,NA
3571,489.154252,489.153261598404,489.153122280886,15599455,NA,205925,76.47,-1,0.284813715672803,0.979290245482855,0.933985534161795,0.961168360954431,7,1.47619047619048,0.523809523809524,"P1 O11","de-protonated",0,NA,"C21 H31 O11 P1",21,31,11,NA,1,NA,NA,NA,NA,NA,NA
3572,489.171953,489.170962549085,489.170747403833,3711846,NA,187250.3,16.63,-1,0.439816266231377,0.482754848272521,0.741475186234394,0.58624298345727,20,0.8125,0.15625,"O5","de-protonated",0,NA,"C32 H26 O5",32,26,5,NA,NA,NA,NA,NA,NA,NA,NA
3573,489.177553,489.176562533482,489.176620630648,10194792,NA,210785.7,49.26,-1,-0.118765213244013,0.995691229088327,0.970483214549636,0.985608023272851,11,1.2,0.4,"O10","de-protonated",0,NA,"C25 H30 O10",25,30,10,NA,NA,NA,NA,NA,NA,NA,NA
3574,489.190667,489.189676496944,489.18950779027,8619885,NA,197488,41.34,-1,0.344869771740696,0.986969923175542,0.872978607765621,0.941373397011573,6,1.59090909090909,0.454545454545455,"P1 O10","de-protonated",0,NA,"C22 H35 O10 P1",22,35,10,NA,1,NA,NA,NA,NA,NA,NA
3575,489.198721,489.197730474504,489.197749998747,1813872.4,NA,251785.8,7.08,-1,-0.0399107391288047,0.999711018120943,0,0.599826610872566,6,1.54545454545455,0.545454545454545,"O12","de-protonated",0,NA,"C22 H34 O12",22,34,12,NA,NA,NA,NA,NA,NA,NA,NA
3576,489.213863,489.212872432315,489.213006140032,4669302,NA,215892.2,21.45,-1,-0.273311861884544,0.493268669997367,0.779247987650237,0.607660397058515,10,1.30769230769231,0.346153846153846,"O9","de-protonated",0,NA,"C26 H34 O9",26,34,9,NA,NA,NA,NA,NA,NA,NA,NA
3577,489.227058,489.226067395551,489.225893299654,5889915.5,NA,209679.5,27.6,-1,0.355859938579236,0.988482845000512,0.839401975230104,0.928850497092349,5,1.69565217391304,0.391304347826087,"P1 O9","de-protonated",0,NA,"C23 H39 O9 P1",23,39,9,NA,1,NA,NA,NA,NA,NA,NA
3578,489.235204,489.234213372854,489.234135508132,2796414.5,NA,240449.6,12.02,-1,0.159156356242523,0.995414315966897,0,0.597248589580138,5,1.65217391304348,0.478260869565217,"O11","de-protonated",0,NA,"C23 H38 O11",23,38,11,NA,NA,NA,NA,NA,NA,NA,NA
3579,489.263358,489.262367294411,489.262278809039,2659209.5,NA,228183.1,11.33,-1,0.180854678752211,0.994082677821658,0,0.596449606692995,4,1.79166666666667,0.333333333333333,"P1 O8","de-protonated",0,NA,"C24 H43 O8 P1",24,43,8,NA,1,NA,NA,NA,NA,NA,NA
3580,489.271481,489.270490271778,489.270521017516,2434444.5,NA,231340.1,10.2,-1,-0.0628399550479385,0.999283741185464,0,0.599570244711278,4,1.75,0.416666666666667,"O10","de-protonated",0,NA,"C24 H42 O10",24,42,10,NA,NA,NA,NA,NA,NA,NA,NA
3584,490.136679,490.135685861148,490.135484093457,1955034.5,NA,171192.1,7.79,-1,0.411656976863149,0.969719368182795,0,0.581831620909677,12,1.08695652173913,0.478260869565217,"N1 O11","de-protonated",0,NA,"C23 H25 O11 N1",23,25,11,1,NA,NA,NA,NA,NA,NA,NA
3592,491.047575,491.046579323194,491.046728657589,7297592.5,NA,203655,34.68,-1,-0.304114428487002,0.491679317562209,0.813795485951173,0.620525784917795,14,0.761904761904762,0.666666666666667,"O14","de-protonated",0,NA,"C21 H16 O14",21,16,14,NA,NA,NA,NA,NA,NA,NA,NA
3593,491.060623,491.059627286839,491.059482875429,3799613.5,NA,206605.3,17.07,-1,0.294081297449729,0.492215055074113,0.759892473118277,0.599286022291779,22,0.551724137931034,0.206896551724138,"S1 O6","de-protonated",0,NA,"C29 H16 O6 S1",29,16,6,NA,NA,1,NA,NA,NA,NA,NA
3594,491.084064,491.083068221527,491.083114166973,11770438,NA,203544.6,57.19,-1,-0.0935594086854097,0.99905022896655,0.984720741795484,0.993318434098123,13,0.909090909090909,0.590909090909091,"O13","de-protonated",0,NA,"C22 H20 O13",22,20,13,NA,NA,NA,NA,NA,NA,NA,NA
3595,491.097133,491.096137185114,491.096001326595,10031691,NA,207617.8,48.44,-1,0.276643505034817,0.493104705020381,0.828487690504102,0.62725789921387,8,1.31578947368421,0.684210526315789,"P1 O13","de-protonated",0,NA,"C19 H25 O13 P1",19,25,13,NA,1,NA,NA,NA,NA,NA,NA
3597,491.120491,491.119495120034,491.119499676357,18098772,NA,205378.1,89.04,-1,-0.00927742370466521,0.999953318323797,0.982993647189179,0.993169449869949,12,1.04347826086957,0.521739130434783,"O12","de-protonated",0,NA,"C23 H24 O12",23,24,12,NA,NA,NA,NA,NA,NA,NA,NA
3598,491.133542,491.132546083671,491.132386835979,11672153,NA,206942.8,56.7,-1,0.324245958226386,0.982564194617908,0.984048493288646,0.983157914086203,7,1.45,0.6,"P1 O12","de-protonated",0,NA,"C20 H29 O12 P1",20,29,12,NA,1,NA,NA,NA,NA,NA,NA
3599,491.156844,491.155848018746,491.155885185742,19958370,NA,208625,98.4,-1,-0.0756725033257191,0.999279155983089,0.971518583951779,0.988174927170565,11,1.16666666666667,0.458333333333333,"O11","de-protonated",0,NA,"C24 H28 O11",24,28,11,NA,NA,NA,NA,NA,NA,NA,NA
3600,491.169834,491.168837982553,491.168639403582,8979047,NA,206845.3,43.14,-1,0.404298962380787,0.979294198256407,0.984554847067744,0.981398457780942,19,0.875,0.09375,"S1 O3","de-protonated",0,NA,"C32 H28 O3 S1",32,28,3,NA,NA,1,NA,NA,NA,NA,NA
3601,491.185423,491.184426939119,491.184225191141,2531437.3,NA,167387.2,10.69,-1,0.410737902149467,0.969852371016633,0,0.58191142260998,2,2.13333333333333,0.933333333333333,"N4 O14","de-protonated",0,NA,"C15 H32 O14 N4",15,32,14,4,NA,NA,NA,NA,NA,NA,NA
3602,491.193094,491.192097917746,491.192270695126,9519728,NA,213095.8,45.86,-1,-0.351751015543144,0.982951427160727,0.96833169866648,0.977103535763028,10,1.28,0.4,"O10","de-protonated",0,NA,"C25 H32 O10",25,32,10,NA,NA,NA,NA,NA,NA,NA,NA
3603,491.206224,491.205227881163,491.205024912966,8405621,NA,213756.6,40.25,-1,0.41320464218973,0.983761389616542,0.969704099780728,0.978138473682217,18,0.96969696969697,0.0606060606060606,"S1 O2","de-protonated",0,NA,"C33 H32 O2 S1",33,32,2,NA,NA,1,NA,NA,NA,NA,NA
3604,491.229581,491.228584816085,491.22865620451,2999934,NA,240522.9,13.05,-1,-0.145326263348343,0.996175187340182,0,0.597705112404109,9,1.38461538461538,0.346153846153846,"O9","de-protonated",0,NA,"C26 H36 O9",26,36,9,NA,NA,NA,NA,NA,NA,NA,NA
3605,491.242771,491.241774779335,491.241543364132,7010947,NA,205931.3,33.23,-1,0.471082313497061,0.978120729082557,0.956364373218464,0.96941818673692,4,1.78260869565217,0.391304347826087,"P1 O9","de-protonated",0,NA,"C23 H41 O9 P1",23,41,9,NA,1,NA,NA,NA,NA,NA,NA
3606,491.279124,491.278127678048,491.277928873517,2872977,NA,226188.3,12.41,-1,0.404668150923553,0.970723734399108,0,0.582434240639465,3,1.875,0.333333333333333,"P1 O8","de-protonated",0,NA,"C24 H45 O8 P1",24,45,8,NA,1,NA,NA,NA,NA,NA,NA
3609,492.100646,492.099647389108,492.099492507265,2525130.5,NA,222817.7,10.65,-1,0.314736847304448,0.982186395249538,0,0.589311837149723,8,1.27777777777778,0.833333333333333,"N1 O15","de-protonated",0,NA,"C18 H23 O15 N1",18,23,15,1,NA,NA,NA,NA,NA,NA,NA
3610,492.115737,492.114738347062,492.11474864855,2136784.3,NA,159969.2,8.7,-1,-0.0209331031017402,0.999920493289025,0,0.599952295973415,12,1.04545454545455,0.545454545454545,"N1 O12","de-protonated",0,NA,"C22 H23 O12 N1",22,23,12,1,NA,NA,NA,NA,NA,NA,NA
3613,492.152131,492.15113224566,492.151134157935,2099678,NA,199136.2,8.51,-1,-0.00388554381866801,0.999997260591144,0,0.599998356354686,11,1.17391304347826,0.478260869565217,"N1 O11","de-protonated",0,NA,"C23 H27 O11 N1",23,27,11,1,NA,NA,NA,NA,NA,NA,NA
3618,492.238032,492.237033006321,492.236792336325,2557950.8,NA,239223.7,10.82,-1,0.488931342413473,0.957551275027887,0,0.574530765016732,4,1.81818181818182,0.409090909090909,"N1 P1 O9","de-protonated",0,NA,"C22 H40 O9 N1 P1",22,40,9,1,1,NA,NA,NA,NA,NA,NA
3621,493.063312,493.062310706911,493.062378722067,9909560,NA,213847.8,47.82,-1,-0.137944322341433,0.498276616385232,0.813795485951173,0.624484164211608,13,0.857142857142857,0.666666666666667,"O14","de-protonated",0,NA,"C21 H18 O14",21,18,14,NA,NA,NA,NA,NA,NA,NA,NA
3622,493.099812,493.098810605214,493.098764231451,19955014,NA,205953.2,98.38,-1,0.0940455877440624,0.998723688784329,0.969559158971904,0.987057876859359,12,1,0.590909090909091,"O13","de-protonated",0,NA,"C22 H22 O13",22,22,13,NA,NA,NA,NA,NA,NA,NA,NA
3623,493.112782,493.111780569077,493.111651391073,6542666.5,NA,212349.9,30.87,-1,0.261965020517602,0.493812583904761,0.828487690504102,0.627682626544497,7,1.42105263157895,0.684210526315789,"P1 O13","de-protonated",0,NA,"C19 H27 O13 P1",19,27,13,NA,1,NA,NA,NA,NA,NA,NA
3625,493.136165,493.135163503927,493.135149740835,25148756,NA,208155.9,124.52,-1,0.0279093700405732,0.998207533153553,0.983691532182242,0.992401132765028,11,1.1304347826087,0.521739130434783,"O12","de-protonated",0,NA,"C23 H26 O12",23,26,12,NA,NA,NA,NA,NA,NA,NA,NA
3626,493.149233,493.148231467516,493.148036900457,6882648,NA,203523.8,32.58,-1,0.394540877287369,0.486075198614483,0.821075868479145,0.620075466560348,6,1.55,0.6,"P1 O12","de-protonated",0,NA,"C20 H31 O12 P1",20,31,12,NA,1,NA,NA,NA,NA,NA,NA
3628,493.172424,493.171422402901,493.17153525022,18599266,NA,203981.5,91.56,-1,-0.228819610093827,0.495272310233547,0.792708917554682,0.614246953162001,10,1.25,0.458333333333333,"O11","de-protonated",0,NA,"C24 H30 O11",24,30,11,NA,NA,NA,NA,NA,NA,NA,NA
3629,493.185547,493.184545366338,493.184422409842,6731110,NA,208083.2,31.82,-1,0.249311394419065,0.993242492429779,0.937052469789077,0.970766483373498,5,1.66666666666667,0.523809523809524,"P1 O11","de-protonated",0,NA,"C21 H35 O11 P1",21,35,11,NA,1,NA,NA,NA,NA,NA,NA
3630,493.20081,493.199808323812,493.199678551127,3074923.8,NA,154728.5,13.42,-1,0.263124026144395,0.987516114085234,0,0.59250966845114,9,1.4,0.32,"P1 O8","de-protonated",0,NA,"C25 H35 O8 P1",25,35,8,NA,1,NA,NA,NA,NA,NA,NA
3631,493.208777,493.207775301614,493.207920759604,6671726.5,NA,219581.9,31.52,-1,-0.294922250738287,0.492170818754281,0.785920818505338,0.609670818654704,9,1.36,0.4,"O10","de-protonated",0,NA,"C25 H34 O10",25,34,10,NA,NA,NA,NA,NA,NA,NA,NA
3632,493.221932,493.220930264961,493.220807919226,9375092,NA,205183.9,45.13,-1,0.248054691267854,0.984283270044791,0.977247388505964,0.98146891742926,4,1.77272727272727,0.454545454545455,"P1 O10","de-protonated",0,NA,"C22 H39 O10 P1",22,39,10,NA,1,NA,NA,NA,NA,NA,NA
3633,493.239314,493.238312216531,493.238433042174,2480762.3,NA,172194.2,10.43,-1,-0.244963965764092,0.989170808646263,0,0.593502485187758,17,1.03030303030303,0.121212121212121,"O4","de-protonated",0,NA,"C33 H34 O4",33,34,4,NA,NA,NA,NA,NA,NA,NA,NA
3635,493.258397,493.257395163362,493.25719342861,6276481.5,NA,215715.3,29.53,-1,0.408984915463492,0.983178548722153,0.963397707853171,0.97526621237456,3,1.8695652173913,0.391304347826087,"P1 O9","de-protonated",0,NA,"C23 H43 O9 P1",23,43,9,NA,1,NA,NA,NA,NA,NA,NA
3636,493.294802,493.29380006193,493.293578937995,2098063.3,NA,262856.6,8.5,-1,0.448260314787992,0.964196843324215,0,0.578518105994529,2,1.95833333333333,0.333333333333333,"P1 O8","de-protonated",0,NA,"C24 H47 O8 P1",24,47,8,NA,1,NA,NA,NA,NA,NA,NA
3639,494.131538,494.130533730601,494.130398713028,3439306.3,NA,180610.3,15.25,-1,0.273242797358451,0.986544097050144,0,0.591926458230086,11,1.13636363636364,0.545454545454545,"N1 O12","de-protonated",0,NA,"C22 H25 O12 N1",22,25,12,1,NA,NA,NA,NA,NA,NA,NA
3641,494.152676,494.151671671706,494.151528081128,2169554.3,NA,216326.7,8.86,-1,0.29058005441759,0.98479582788129,0,0.590877496728774,6,1.52631578947368,0.736842105263158,"N1 O14","de-protonated",0,NA,"C19 H29 O14 N1",19,29,14,1,NA,NA,NA,NA,NA,NA,NA
3642,494.167656,494.166651629968,494.166784222413,2319064,NA,252913.2,9.61,-1,-0.268315169592196,0.987021910448172,0,0.592213146268903,10,1.26086956521739,0.478260869565217,"N1 O11","de-protonated",0,NA,"C23 H29 O11 N1",23,29,11,1,NA,NA,NA,NA,NA,NA,NA
3643,494.175625,494.174620607765,494.174667535146,4979419,NA,218270.2,23,-1,-0.0949611220864035,0.499182551779596,0.766236582456902,0.606004164050518,13,1.21428571428571,0.0357142857142857,"N1 S2 P1 O1","de-protonated",0,NA,"C28 H34 O1 S2 N1 P1",28,34,1,1,1,2,NA,NA,NA,NA,NA
3644,494.180867,494.179862593159,494.179671382035,2719453,NA,229521.9,11.63,-1,0.38692632608241,0.973200608880075,0,0.583920365328045,5,1.7,0.55,"N1 P1 O11","de-protonated",0,NA,"C20 H34 O11 N1 P1",20,34,11,1,1,NA,NA,NA,NA,NA,NA
3646,494.217149,494.21614449207,494.215923949637,10096363,NA,212839.3,48.76,-1,0.446247119642292,0.48225597598477,0.741475186234394,0.58594366008462,17,1.03125,0.0625,"N1 S1 O2","de-protonated",0,NA,"C32 H33 O2 S1 N1",32,33,2,1,NA,1,NA,NA,NA,NA,NA
3651,494.949477,494.948470451644,494.948612270218,14655485,NA,210222.1,71.7,-1,-0.286531914530187,0.328404459033039,0.75231136827376,0.497967222729328,19,0.363636363636364,0.454545454545455,"S2 O10","de-protonated",0,NA,"C22 H8 O10 S2",22,8,10,NA,NA,2,NA,NA,NA,NA,NA
3652,495.042584,495.041577192228,495.041643277161,6909983.5,NA,201807.2,32.72,-1,-0.133493683461005,0.498385852173929,0.821075868479145,0.627461858696016,13,0.8,0.75,"O15","de-protonated",0,NA,"C20 H16 O15",20,16,15,NA,NA,NA,NA,NA,NA,NA,NA
3653,495.05788,495.05687314961,495.056899418445,2101285.3,NA,162455.1,8.51,-1,-0.0530622547510439,0.999489243037151,0,0.599693545822291,17,0.666666666666667,0.5,"O12","de-protonated",0,NA,"C24 H16 O12",24,16,12,NA,NA,NA,NA,NA,NA,NA,NA
3654,495.079005,495.077998090751,495.078028786545,15962157,NA,207039.2,78.28,-1,-0.0620019305445761,0.999191504037178,0.955633434109222,0.981768276065996,12,0.952380952380952,0.666666666666667,"O14","de-protonated",0,NA,"C21 H20 O14",21,20,14,NA,NA,NA,NA,NA,NA,NA,NA
3655,495.091949,495.090942054686,495.090783004385,2552882,NA,197972.7,10.79,-1,0.321254821760638,0.981447898647646,0,0.588868739188587,20,0.689655172413793,0.206896551724138,"S1 O6","de-protonated",0,NA,"C29 H20 O6 S1",29,20,6,NA,NA,1,NA,NA,NA,NA,NA
3656,495.115384,495.114376989391,495.114414295929,27525178,NA,206630.7,136.48,-1,-0.0753493264832129,0.998737244929298,0.992058349439115,0.996065686733225,11,1.09090909090909,0.590909090909091,"O13","de-protonated",0,NA,"C22 H24 O13",22,24,13,NA,NA,NA,NA,NA,NA,NA,NA
3657,495.143657,495.142649910617,495.142424655054,35520580,NA,200524.4,176.73,-1,0.454930846495309,0.240785843250945,0.674845888472993,0.414409861339764,23,0.705882352941177,0.0588235294117647,"S1 O2","de-protonated",0,NA,"C34 H24 O2 S1",34,24,2,NA,NA,1,NA,NA,NA,NA,NA
3658,495.151672,495.150664888285,495.150799805313,25870408,NA,206025.2,128.15,-1,-0.272476644029876,0.979413494234149,0.983705874585026,0.9811304463745,10,1.21739130434783,0.521739130434783,"O12","de-protonated",0,NA,"C23 H28 O12",23,28,12,NA,NA,NA,NA,NA,NA,NA,NA
3659,495.164746,495.163738851858,495.163554023154,3480653.3,NA,198264.1,15.46,-1,0.373267989602093,0.487517913716305,0.747514279669976,0.591516460097773,18,0.903225806451613,0.129032258064516,"S1 O4","de-protonated",0,NA,"C31 H28 O4 S1",31,28,4,NA,NA,1,NA,NA,NA,NA,NA
3660,495.18004,495.179032809246,495.178810164439,9211987,NA,192694,44.31,-1,0.449625069795526,0.963995441779152,0.987925059761535,0.973567288972105,22,0.8,0.0285714285714286,"S1 O1","de-protonated",0,NA,"C35 H28 O1 S1",35,28,1,NA,NA,1,NA,NA,NA,NA,NA
3661,495.188029,495.187021786987,495.187185314698,11845718,NA,212945.5,57.56,-1,-0.330234133450344,0.971545906761759,0.975907365268792,0.973290490164572,9,1.33333333333333,0.458333333333333,"O11","de-protonated",0,NA,"C24 H32 O11",24,32,11,NA,NA,NA,NA,NA,NA,NA,NA
3662,495.201126,495.200118750496,495.199939532538,5505115,NA,215920.5,25.65,-1,0.361910297528342,0.488257103926499,0.741475186234395,0.589544336849657,17,1,0.09375,"S1 O3","de-protonated",0,NA,"C32 H32 O3 S1",32,32,3,NA,NA,1,NA,NA,NA,NA,NA
3663,495.216633,495.21562570729,495.215525320097,4357216.5,NA,160006.8,19.87,-1,0.202714147212205,0.992571453570877,0,0.595542872142526,0,2.4,0.933333333333333,"N4 O14","de-protonated",0,NA,"C15 H36 O14 N4",15,36,14,4,NA,NA,NA,NA,NA,NA,NA
3664,495.224401,495.223393685646,495.223570824082,3716195.5,NA,228200.7,16.64,-1,-0.357693870224275,0.977051970009039,0,0.586231182005424,8,1.44,0.4,"O10","de-protonated",0,NA,"C25 H36 O10",25,36,10,NA,NA,NA,NA,NA,NA,NA,NA
3665,495.237594,495.236586648888,495.236457983704,7245928.5,NA,208840.7,34.41,-1,0.25980555687602,0.493913552394174,0.806643077274283,0.619005362346218,3,1.86363636363636,0.454545454545455,"P1 O10","de-protonated",0,NA,"C22 H41 O10 P1",22,41,10,NA,1,NA,NA,NA,NA,NA,NA
3666,495.255179,495.254171599892,495.254083106652,2242159,NA,184878.2,9.22,-1,0.178682505236795,0.994223556553277,0,0.596534133931966,16,1.09090909090909,0.121212121212121,"O4","de-protonated",0,NA,"C33 H36 O4",33,36,4,NA,NA,NA,NA,NA,NA,NA,NA
3667,495.273943,495.272935547611,495.272710551307,3079286,NA,234731.9,13.44,-1,0.454287708543001,0.48162278524786,0.72968508002065,0.580847703156976,15,1.17647058823529,0.0294117647058824,"S1 O1","de-protonated",0,NA,"C34 H40 O1 S1",34,40,1,NA,NA,1,NA,NA,NA,NA,NA
3671,496.110791,496.109781215971,496.109663268122,3956141,NA,194791.8,17.85,-1,0.237745517311502,0.9897964019723,0,0.59387784118338,11,1.0952380952381,0.619047619047619,"N1 O13","de-protonated",0,NA,"C21 H23 O13 N1",21,23,13,1,NA,NA,NA,NA,NA,NA,NA
3675,496.159983,496.158973078911,496.158802995347,1884607.3,NA,231462.9,7.42,-1,0.342800658293764,0.978903265447552,0,0.587341959268531,18,0.9,0.133333333333333,"N1 S1 O4","de-protonated",0,NA,"C30 H27 O4 S1 N1",30,27,4,1,NA,1,NA,NA,NA,NA,NA
3678,496.196316,496.195305977679,496.195188504731,2737612.8,NA,226254,11.72,-1,0.236747455631429,0.989881458083946,0,0.593928874850367,17,1,0.0967741935483871,"N1 S1 O3","de-protonated",0,NA,"C31 H31 O3 S1 N1",31,31,3,1,NA,1,NA,NA,NA,NA,NA
3684,497.058181,497.057168576336,497.057293341639,7533323,NA,211081.7,35.85,-1,-0.251007890812122,0.991466861358224,0.950163506945918,0.974945519593301,12,0.9,0.75,"O15","de-protonated",0,NA,"C20 H18 O15",20,18,15,NA,NA,NA,NA,NA,NA,NA,NA
3685,497.086469,497.085456497519,497.085303700764,5600021.5,NA,169191.5,26.12,-1,0.307385380866383,0.985804525605452,0.926923362057275,0.962252060186181,24,0.5625,0.125,"S1 O4","de-protonated",0,NA,"C32 H18 O4 S1",32,18,4,NA,NA,1,NA,NA,NA,NA,NA
3686,497.094908,497.093895474006,497.093678851023,15029017,NA,192945.9,73.58,-1,0.435778994389375,0.982817329799528,0.999093870690093,0.989327946155754,11,1.04761904761905,0.666666666666667,"O14","de-protonated",0,NA,"C21 H22 O14",21,22,14,NA,NA,NA,NA,NA,NA,NA,NA
3688,497.131148,497.130135373034,497.130064360407,25666342,NA,206743.4,127.12,-1,0.142845166220454,0.997739178238649,0.992261753529852,0.99554820835513,10,1.18181818181818,0.590909090909091,"O13","de-protonated",0,NA,"C22 H26 O13",22,26,13,NA,NA,NA,NA,NA,NA,NA,NA
3689,497.140821,497.139808346083,497.139798147962,12309290,NA,212668.7,59.89,-1,0.0205135874404809,0.663574313859295,0.928544651443954,0.769562448893159,0,2.33333333333333,0.666666666666667,"N2 S2 P1 O10","de-protonated",0,NA,"C15 H35 O10 S2 N2 P1",15,35,10,2,1,2,NA,NA,NA,NA,NA
3690,497.159393,497.158380294337,497.158207661314,63308592,NA,204591.4,316.59,-1,0.34723961196235,0.488672442371788,0.96111343307772,0.677648838654161,9,1.34782608695652,0.434782608695652,"P1 O10","de-protonated",0,NA,"C23 H31 O10 P1",23,31,10,NA,1,NA,NA,NA,NA,NA,NA
3691,497.167463,497.166450271852,497.166449869791,17240884,NA,206269.6,84.71,-1,0.00080870467930575,0.9999916180914,0.996676057262722,0.998665393759929,9,1.30434782608696,0.521739130434783,"O12","de-protonated",0,NA,"C23 H30 O12",23,30,12,NA,NA,NA,NA,NA,NA,NA,NA
3693,497.195676,497.194663193245,497.194460228917,9919294,NA,190493.2,47.86,-1,0.408219206374412,0.963239601048053,0.988853998071915,0.973485359857598,21,0.857142857142857,0.0285714285714286,"S1 O1","de-protonated",0,NA,"C35 H30 O1 S1",35,30,1,NA,NA,1,NA,NA,NA,NA,NA
3694,497.203759,497.202746170724,497.202835379176,5872448.5,NA,217541.3,27.49,-1,-0.179420642222837,0.497087936282769,0.792708917554682,0.615336328791534,8,1.41666666666667,0.458333333333333,"O11","de-protonated",0,NA,"C24 H34 O11",24,34,11,NA,NA,NA,NA,NA,NA,NA,NA
3695,497.216725,497.215712134598,497.215589597016,4378437.5,NA,195656.2,19.97,-1,0.246447585420718,0.494519980738211,0.741475186234394,0.593302062936684,16,1.0625,0.09375,"S1 O3","de-protonated",0,NA,"C32 H34 O3 S1",32,34,3,NA,NA,1,NA,NA,NA,NA,NA
3696,497.232217,497.231204091433,497.230978680083,3621707,NA,142523.2,16.16,-1,0.45333328077579,0.963396986777482,0,0.578038192066489,7,1.56,0.32,"P1 O8","de-protonated",0,NA,"C25 H39 O8 P1",25,39,8,NA,1,NA,NA,NA,NA,NA,NA
3700,498.093472,498.092456691789,498.092437510872,2820231,NA,239636.8,12.13,-1,0.0385087511345976,0.499865480800618,0.707195036525566,0.582797303090598,33,0.342105263157895,0.0263157894736842,"N1 O1","de-protonated",0,NA,"C38 H13 O1 N1",38,13,1,1,NA,NA,NA,NA,NA,NA,NA
3702,498.126407,498.125391600025,498.1253133326,4788371,NA,183703.6,22.03,-1,0.1571239667731,0.497765211983925,0.813795485951173,0.624177321570824,10,1.19047619047619,0.619047619047619,"N1 O13","de-protonated",0,NA,"C21 H25 O13 N1",21,25,13,1,NA,NA,NA,NA,NA,NA,NA
3707,498.175546,498.174530463113,498.174453059825,4655269,NA,202754.5,21.36,-1,0.155373861698677,0.497814610175046,0.753652554121787,0.600149787753742,17,0.966666666666667,0.133333333333333,"N1 S1 O4","de-protonated",0,NA,"C30 H29 O4 S1 N1",30,29,4,1,NA,1,NA,NA,NA,NA,NA
3710,498.211945,498.210929361698,498.210838569209,2282674.3,NA,250966.4,9.42,-1,0.182237080665914,0.99399214474566,0,0.596395286847396,16,1.06451612903226,0.0967741935483871,"N1 S1 O3","de-protonated",0,NA,"C31 H33 O3 S1 N1",31,33,3,1,NA,1,NA,NA,NA,NA,NA
3712,499.052683,499.051665019219,499.051814038017,3962340.3,NA,214565.7,17.87,-1,-0.298603860941062,0.983951433950088,0,0.590370860370053,16,0.695652173913043,0.565217391304348,"O13","de-protonated",0,NA,"C23 H16 O13",23,16,13,NA,NA,NA,NA,NA,NA,NA,NA
3713,499.065533,499.064514983416,499.064568255858,5288425,NA,159373.6,24.55,-1,-0.10674458824527,0.498967317801603,0.747514279669976,0.598386102548952,24,0.516129032258065,0.161290322580645,"S1 O5","de-protonated",0,NA,"C31 H16 O5 S1",31,16,5,NA,NA,1,NA,NA,NA,NA,NA
3714,499.073833,499.07281496029,499.072943406117,10329580,NA,206520.1,49.92,-1,-0.257368843920251,0.985283809974988,0.993678133750761,0.988641539485297,11,1,0.75,"O15","de-protonated",0,NA,"C20 H20 O15",20,20,15,NA,NA,NA,NA,NA,NA,NA,NA
3715,499.102174,499.101155881326,499.100953765242,13514230,NA,193270.4,65.95,-1,0.404960324189321,0.966917094342659,0.964436210924023,0.965924740975205,23,0.625,0.125,"S1 O4","de-protonated",0,NA,"C32 H20 O4 S1",32,20,4,NA,NA,1,NA,NA,NA,NA,NA
3716,499.11026,499.109241858797,499.109328915501,16029177,NA,207783.2,78.61,-1,-0.174424117583725,0.996041763597955,0.974706384613582,0.987507612004206,10,1.14285714285714,0.666666666666667,"O14","de-protonated",0,NA,"C21 H24 O14",21,24,14,NA,NA,NA,NA,NA,NA,NA,NA
3717,499.119763,499.118744832319,499.118711829971,5406204.5,NA,182830.4,25.14,-1,0.066121239514228,0.499603508798546,0.741475186234394,0.596352179772885,23,0.625,0.1875,"O6","de-protonated",0,NA,"C32 H20 O6",32,20,6,NA,NA,NA,NA,NA,NA,NA,NA
3718,499.138641,499.137622779721,499.137472216408,20960772,NA,198683.9,103.43,-1,0.301646984177767,0.991789858071034,0.982455565081813,0.988056140875346,9,1.31818181818182,0.5,"P1 O11","de-protonated",0,NA,"C22 H29 O11 P1",22,29,11,NA,1,NA,NA,NA,NA,NA,NA
3719,499.146699,499.14568075727,499.145714424885,15980039,NA,207975.9,78.36,-1,-0.0674504749870341,0.9988762189978,0.994281411869458,0.997038296146463,9,1.27272727272727,0.590909090909091,"O13","de-protonated",0,NA,"C22 H28 O13",22,28,13,NA,NA,NA,NA,NA,NA,NA,NA
3721,499.16187,499.160851715,499.16097056617,4401676,NA,205362.7,20.09,-1,-0.23810188930092,0.494882973286929,0.779247987650237,0.608628979032252,13,1.07692307692308,0.384615384615385,"O10","de-protonated",0,NA,"C26 H28 O10",26,28,10,NA,NA,NA,NA,NA,NA,NA,NA
3722,499.17506,499.17404167825,499.173857725792,16446993,NA,198585.3,80.71,-1,0.368513804930937,0.973768294929811,0.971742799766637,0.972958096864541,8,1.43478260869565,0.434782608695652,"P1 O10","de-protonated",0,NA,"C23 H33 O10 P1",23,33,10,NA,1,NA,NA,NA,NA,NA,NA
3723,499.183125,499.182106655779,499.182099934269,7941651.5,NA,215361.7,37.9,-1,0.0134650448238572,0.999965318530041,0.998409595580112,0.99934302935007,8,1.39130434782609,0.521739130434783,"O12","de-protonated",0,NA,"C23 H32 O12",23,32,12,NA,NA,NA,NA,NA,NA,NA,NA
3725,499.198242,499.19722361366,499.197356075554,1903385.1,NA,160169.6,7.51,-1,-0.265349752319752,0.98730537414527,0,0.592383224487162,12,1.18518518518519,0.333333333333333,"O9","de-protonated",0,NA,"C27 H32 O9",27,32,9,NA,NA,NA,NA,NA,NA,NA,NA
3726,499.211442,499.210423576881,499.210243235176,6948382,NA,202731.2,32.9,-1,0.361254015841312,0.488299152219637,0.792708917554682,0.610063058353655,7,1.54166666666667,0.375,"P1 O9","de-protonated",0,NA,"C24 H37 O9 P1",24,37,9,NA,1,NA,NA,NA,NA,NA,NA
3727,499.219445,499.218426554583,499.218485443654,4417057,NA,229717.7,20.16,-1,-0.117962519600101,0.498739149032036,0.792708917554682,0.616327056441094,7,1.5,0.458333333333333,"O11","de-protonated",0,NA,"C24 H36 O11",24,36,11,NA,NA,NA,NA,NA,NA,NA,NA
3728,499.232513,499.231494518173,499.231372603276,3849765.8,NA,201263.9,17.31,-1,0.244205200227428,0.98923742892035,0,0.59354245735221,2,1.95238095238095,0.523809523809524,"P1 O11","de-protonated",0,NA,"C21 H41 O11 P1",21,41,11,NA,1,NA,NA,NA,NA,NA,NA
3729,499.25581,499.254791453262,499.254870953038,4014638,NA,224397.7,18.14,-1,-0.15923685500232,0.497704843363489,0.785920818505338,0.612991233420229,6,1.6,0.4,"O10","de-protonated",0,NA,"C25 H40 O10",25,40,10,NA,NA,NA,NA,NA,NA,NA,NA
3730,499.292229,499.291210351791,499.291256462422,2597435.3,NA,225704,11,-1,-0.0923521699871495,0.9984536349278,0,0.59907218095668,5,1.69230769230769,0.346153846153846,"O9","de-protonated",0,NA,"C26 H44 O9",26,44,9,NA,NA,NA,NA,NA,NA,NA,NA
3734,500.128651,500.127630021337,500.127717341712,2171753.3,NA,193620.4,8.86,-1,-0.174596150783717,0.994484020845487,0,0.596690412507292,17,0.96551724137931,0.0344827586206897,"N1 S2 P1 O1","de-protonated",0,NA,"C29 H28 O1 S2 N1 P1",29,28,1,1,1,2,NA,NA,NA,NA,NA
3740,500.215021,500.213999780692,500.214223673217,2558344.5,NA,193198.8,10.81,-1,-0.447593280670383,0.964301394318519,0,0.578580836591111,11,1.38461538461538,0.115384615384615,"N3 S1 P1 O3","de-protonated",0,NA,"C26 H36 O3 S1 N3 P1",26,36,3,3,1,1,NA,NA,NA,NA,NA
3743,501.031994,501.030970504427,501.031078593111,2699437.5,NA,215036.3,11.51,-1,-0.215732493548963,0.991590842263276,0,0.594954505357966,16,0.636363636363636,0.636363636363636,"O14","de-protonated",0,NA,"C22 H14 O14",22,14,14,NA,NA,NA,NA,NA,NA,NA,NA
3744,501.053227,501.052203445267,501.05220796121,3617973.3,NA,214361,16.14,-1,-0.00901291913517792,0.999985260539869,0,0.599991156323922,11,0.947368421052632,0.842105263157895,"O16","de-protonated",0,NA,"C19 H18 O16",19,18,16,NA,NA,NA,NA,NA,NA,NA,NA
3745,501.068555,501.06753140256,501.067464102495,5890234.5,NA,204282.5,27.57,-1,0.134313380430146,0.996254849262589,0.939671943678776,0.973621687029064,15,0.782608695652174,0.565217391304348,"O13","de-protonated",0,NA,"C23 H18 O13",23,18,13,NA,NA,NA,NA,NA,NA,NA,NA
3746,501.081512,501.080488366459,501.080351262117,9066687,NA,186965,43.56,-1,0.273617477802071,0.97513137211919,0.949877611626112,0.965029867921959,10,1.15,0.65,"P1 O13","de-protonated",0,NA,"C20 H23 O13 P1",20,23,13,NA,1,NA,NA,NA,NA,NA,NA
3747,501.089717,501.088693343598,501.088593470595,8638658,NA,212334.5,41.41,-1,0.199312067439284,0.496408906266425,0.821075868479145,0.626275691151513,10,1.1,0.75,"O15","de-protonated",0,NA,"C20 H22 O15",20,22,15,NA,NA,NA,NA,NA,NA,NA,NA
3748,501.099036,501.098012317633,501.097976385065,3274949.5,NA,164438,14.41,-1,0.0717076701038031,0.499533713897116,0.747514279669976,0.59872594020626,23,0.580645161290323,0.225806451612903,"O7","de-protonated",0,NA,"C31 H18 O7",31,18,7,NA,NA,NA,NA,NA,NA,NA,NA
3749,501.104807,501.103783301554,501.103849611879,7520455.5,NA,197405.9,35.78,-1,-0.132328509241207,0.982784806449208,0.992956480464583,0.986853476055358,14,0.916666666666667,0.5,"O12","de-protonated",0,NA,"C24 H22 O12",24,22,12,NA,NA,NA,NA,NA,NA,NA,NA
3750,501.11786,501.116836265185,501.11660382972,22145228,NA,200613.1,109.39,-1,0.463835091331,0.320571575863869,0.710456249648542,0.476525445377738,22,0.6875,0.125,"S1 O4","de-protonated",0,NA,"C32 H22 O4 S1",32,22,4,NA,NA,1,NA,NA,NA,NA,NA
3751,501.125975,501.124951242575,501.124978979979,8470735,NA,214103.1,40.56,-1,-0.0553502711303647,0.499722129378692,0.813795485951173,0.625351472007684,9,1.23809523809524,0.666666666666667,"O14","de-protonated",0,NA,"C21 H26 O14",21,26,14,NA,NA,NA,NA,NA,NA,NA,NA
3752,501.135576,501.134552215825,501.134361894449,6949074.5,NA,198807.6,32.9,-1,0.379781132960964,0.487084237990465,0.741475186234394,0.588840617288037,22,0.6875,0.1875,"O6","de-protonated",0,NA,"C32 H22 O6",32,22,6,NA,NA,NA,NA,NA,NA,NA,NA
3753,501.141085,501.140061200476,501.140235121264,8122580.5,NA,202462,38.81,-1,-0.347050138658084,0.988835641040898,0.988374491489134,0.988651181220192,13,1.04,0.44,"O11","de-protonated",0,NA,"C25 H26 O11",25,26,11,NA,NA,NA,NA,NA,NA,NA,NA
3754,501.154183,501.153159163982,501.152989339104,20170970,NA,199531,99.45,-1,0.338868332084533,0.326459833845194,0.703115790895168,0.477122216665184,21,0.787878787878788,0.0909090909090909,"S1 O3","de-protonated",0,NA,"C33 H26 O3 S1",33,26,3,NA,NA,1,NA,NA,NA,NA,NA
3755,501.162109,501.161085141898,501.160851425026,5759196,NA,215442.7,26.92,-1,0.466351015070922,0.480653215755761,0.723929522638802,0.577963738508977,26,0.628571428571429,0.0571428571428571,"N2 O2","de-protonated",0,NA,"C35 H22 O2 N2",35,22,2,2,NA,NA,NA,NA,NA,NA,NA
3756,501.171895,501.170871114632,501.170747403833,5468383.5,NA,209832.5,25.45,-1,0.246843614536325,0.49450245160431,0.73553288925895,0.590914626666166,21,0.787878787878788,0.151515151515152,"O5","de-protonated",0,NA,"C33 H26 O5",33,26,5,NA,NA,NA,NA,NA,NA,NA,NA
3757,501.177517,501.176493098968,501.176620630648,6871265.5,NA,207362.5,32.51,-1,-0.254464543183091,0.994087620726382,0.996249957653052,0.994952555497051,12,1.15384615384615,0.384615384615385,"O10","de-protonated",0,NA,"C26 H30 O10",26,30,10,NA,NA,NA,NA,NA,NA,NA,NA
3758,501.190627,501.189603062441,501.189374848488,11708646,NA,193238.5,56.86,-1,0.455344753769536,0.481538765284313,0.72968508002065,0.580797291178848,20,0.882352941176471,0.0588235294117647,"S1 O2","de-protonated",0,NA,"C34 H30 O2 S1",34,30,2,NA,NA,1,NA,NA,NA,NA,NA
3759,501.198626,501.197602040154,501.197749998747,3543273,NA,208450.6,15.76,-1,-0.295210011563318,0.984311307396051,0,0.590586784437631,7,1.47826086956522,0.521739130434783,"O12","de-protonated",0,NA,"C23 H34 O12",23,34,12,NA,NA,NA,NA,NA,NA,NA,NA
3760,501.213941,501.212916997483,501.213006140032,3670254.5,NA,165677,16.4,-1,-0.177853623779415,0.497138435535836,0.772687513667176,0.607358066788372,11,1.25925925925926,0.333333333333333,"O9","de-protonated",0,NA,"C27 H34 O9",27,34,9,NA,NA,NA,NA,NA,NA,NA,NA
3761,501.227101,501.226076960816,501.225893299654,5135603.5,NA,198570.1,23.78,-1,0.366423930712735,0.986355431956109,0.783435752143148,0.905187560030924,6,1.625,0.375,"P1 O9","de-protonated",0,NA,"C24 H39 O9 P1",24,39,9,NA,1,NA,NA,NA,NA,NA,NA
3762,501.235164,501.234139938351,501.234135508132,3937526,NA,217726.2,17.75,-1,0.0088386224680627,0.9999858251028,0,0.59999149506168,6,1.58333333333333,0.458333333333333,"O11","de-protonated",0,NA,"C24 H38 O11",24,38,11,NA,NA,NA,NA,NA,NA,NA,NA
3763,501.24822,501.247195901974,501.247022667754,2808058.8,NA,172825.5,12.06,-1,0.34560648261684,0.978560242365341,0,0.587136145419205,1,2.04761904761905,0.523809523809524,"P1 O11","de-protonated",0,NA,"C21 H43 O11 P1",21,43,11,NA,1,NA,NA,NA,NA,NA,NA
3764,501.271622,501.270597836771,501.270521017516,4241667,NA,215086.5,19.28,-1,0.153249097742524,0.497873846243482,0.785920818505338,0.613092635148224,5,1.68,0.4,"O10","de-protonated",0,NA,"C25 H42 O10",25,42,10,NA,NA,NA,NA,NA,NA,NA,NA
3765,501.307795,501.306770735985,501.3069065269,2216720,NA,253957.8,9.08,-1,-0.270873816616178,0.986774864545655,0,0.592064918727393,4,1.76923076923077,0.346153846153846,"O9","de-protonated",0,NA,"C26 H46 O9",26,46,9,NA,NA,NA,NA,NA,NA,NA,NA
3774,502.165534,502.164507346137,502.164496774289,1820737.1,NA,270322.8,7.09,-1,0.0210525603015287,0.999919583307763,0,0.599951749984658,11,1.30769230769231,0.115384615384615,"N1 S2 P1 O3","de-protonated",0,NA,"C26 H34 O3 S2 N1 P1",26,34,3,1,1,2,NA,NA,NA,NA,NA
3775,502.175912,502.174885317222,502.174860783656,1904452.9,NA,143364.7,7.51,-1,0.0488546284911846,0.999567016625993,0,0.599740209975596,12,1.25,0.291666666666667,"N3 P1 O7","de-protonated",0,NA,"C24 H30 O7 N3 P1",24,30,7,3,1,NA,NA,NA,NA,NA,NA
3782,503.047767,503.046737888044,503.046728657589,5653369,NA,186372.1,26.38,-1,0.0183491012583713,0.499969454997759,0.806643077274283,0.622638903908368,15,0.727272727272727,0.636363636363636,"O14","de-protonated",0,NA,"C22 H16 O14",22,16,14,NA,NA,NA,NA,NA,NA,NA,NA
3783,503.060635,503.059605852191,503.059482875429,3477373.3,NA,204566.4,15.43,-1,0.244457695478734,0.494607641032077,0.753652554121787,0.598225606267961,23,0.533333333333333,0.2,"S1 O6","de-protonated",0,NA,"C30 H16 O6 S1",30,16,6,NA,NA,1,NA,NA,NA,NA,NA
3784,503.084007,503.082977787072,503.083114166973,9210758,NA,203827,44.28,-1,-0.271088211201648,0.975158869084487,0.999709069438719,0.98497894922618,14,0.869565217391304,0.565217391304348,"O13","de-protonated",0,NA,"C23 H20 O13",23,20,13,NA,NA,NA,NA,NA,NA,NA,NA
3785,503.097121,503.096091750533,503.095868384814,12708746,NA,201500.2,61.89,-1,0.443982417040199,0.968528686609157,0.914099880974317,0.946757164355221,22,0.645161290322581,0.161290322580645,"S1 O5","de-protonated",0,NA,"C31 H20 O5 S1",31,20,5,NA,NA,1,NA,NA,NA,NA,NA
3786,503.10526,503.104230727856,503.104243535072,3643277,NA,209790.6,16.26,-1,-0.0254563871924758,0.999882423147115,0,0.599929453888269,9,1.2,0.75,"O15","de-protonated",0,NA,"C20 H24 O15",20,24,15,NA,NA,NA,NA,NA,NA,NA,NA
3788,503.120485,503.119455685436,503.119499676357,13028242,NA,200534.6,63.5,-1,-0.0874363277742683,0.982229525051566,0.997085043771521,0.988171732539548,13,1,0.5,"O12","de-protonated",0,NA,"C24 H24 O12",24,24,12,NA,NA,NA,NA,NA,NA,NA,NA
3789,503.133655,503.132625648741,503.132386835979,18647960,NA,205766.8,91.79,-1,0.474651937054489,0.977530120968576,0.990070788055347,0.982546387803284,8,1.38095238095238,0.571428571428571,"P1 O12","de-protonated",0,NA,"C21 H29 O12 P1",21,29,12,NA,1,NA,NA,NA,NA,NA,NA
3790,503.141588,503.140558626638,503.140629044457,3259289.8,NA,225621.2,14.33,-1,-0.139956533675441,0.996452122383319,0,0.597871273429991,8,1.33333333333333,0.666666666666667,"O14","de-protonated",0,NA,"C21 H28 O14",21,28,14,NA,NA,NA,NA,NA,NA,NA,NA
3792,503.156963,503.1559335838,503.155885185742,13294495,NA,212150.4,64.84,-1,0.0961889943463556,0.996753469984677,0.989235574494509,0.99374631178861,12,1.12,0.44,"O11","de-protonated",0,NA,"C25 H28 O11",25,28,11,NA,NA,NA,NA,NA,NA,NA,NA
3793,503.170011,503.168981547446,503.168772345364,13544356,NA,203734.5,66.1,-1,0.415769208128038,0.984464114063312,0.998934532681881,0.99025228151074,7,1.5,0.5,"P1 O11","de-protonated",0,NA,"C22 H33 O11 P1",22,33,11,NA,1,NA,NA,NA,NA,NA,NA
3795,503.193362,503.192332482385,503.192270695126,8653740,NA,205078.5,41.48,-1,0.122790556100368,0.997181454462407,0.984703446264998,0.992190251183444,11,1.23076923076923,0.384615384615385,"O10","de-protonated",0,NA,"C26 H32 O10",26,32,10,NA,NA,NA,NA,NA,NA,NA,NA
3796,503.206404,503.205374446047,503.205157854748,8178608.5,NA,204534.3,39.09,-1,0.430423447628923,0.972296245613853,0.956708597399741,0.966061186328208,6,1.60869565217391,0.434782608695652,"P1 O10","de-protonated",0,NA,"C23 H37 O10 P1",23,37,10,NA,1,NA,NA,NA,NA,NA,NA
3797,503.214375,503.213345423838,503.213400063225,2556851.3,NA,241606.4,10.79,-1,-0.108580946814838,0.997863038843818,0,0.598717823306291,6,1.56521739130435,0.521739130434783,"O12","de-protonated",0,NA,"C23 H36 O12",23,36,12,NA,NA,NA,NA,NA,NA,NA,NA
3798,503.229394,503.228364381992,503.228494013258,3038648.5,NA,200691.1,13.22,-1,-0.257599217545442,0.988031740999122,0,0.592819044599473,5,1.86363636363636,0.136363636363636,"N4 S2 P1 O3","de-protonated",0,NA,"C22 H41 O3 S2 N4 P1",22,41,3,4,1,2,NA,NA,NA,NA,NA
3799,503.242759,503.241729344754,503.241543364132,4492221.5,NA,206350.9,20.53,-1,0.369565319314622,0.981642975791374,0.80621354181006,0.911471202198848,5,1.70833333333333,0.375,"P1 O9","de-protonated",0,NA,"C24 H41 O9 P1",24,41,9,NA,1,NA,NA,NA,NA,NA,NA
3800,503.250654,503.249624322757,503.24978557261,2823104.3,NA,244628.3,12.13,-1,-0.320417131985084,0.981543626547042,0,0.588926175928225,5,1.66666666666667,0.458333333333333,"O11","de-protonated",0,NA,"C24 H40 O11",24,40,11,NA,NA,NA,NA,NA,NA,NA,NA
3805,504.115665,504.114632912648,504.11474864855,2368751,NA,156586.1,9.84,-1,-0.229582457266134,0.99048177149166,0,0.594289062894996,13,1,0.521739130434783,"N1 O12","de-protonated",0,NA,"C23 H23 O12 N1",23,23,12,1,NA,NA,NA,NA,NA,NA,NA
3808,504.152179,504.151146810912,504.151134157935,2158843.8,NA,145579.6,8.79,-1,0.0250975870527645,0.999885714022091,0,0.599931428413255,12,1.125,0.458333333333333,"N1 O11","de-protonated",0,NA,"C24 H27 O11 N1",24,27,11,1,NA,NA,NA,NA,NA,NA,NA
3817,505.063401,505.062366272049,505.062378722067,8560184,NA,184173.1,41.01,-1,-0.0246504564584982,0.499944874845181,0.806643077274283,0.622624155816822,14,0.818181818181818,0.636363636363636,"O14","de-protonated",0,NA,"C22 H18 O14",22,18,14,NA,NA,NA,NA,NA,NA,NA,NA
3818,505.07633,505.075295236026,505.075132939907,5388861,NA,208708.3,25.04,-1,0.321330645407081,0.490719610972407,0.753652554121787,0.595892788232159,22,0.6,0.2,"S1 O6","de-protonated",0,NA,"C30 H18 O6 S1",30,18,6,NA,NA,1,NA,NA,NA,NA,NA
3819,505.099819,505.09878417058,505.098764231451,14659141,NA,194634.2,71.7,-1,0.0394757036238514,0.996625805451812,0.978931935633071,0.989548257524316,13,0.956521739130435,0.565217391304348,"O13","de-protonated",0,NA,"C23 H22 O13",23,22,13,NA,NA,NA,NA,NA,NA,NA,NA
3820,505.112876,505.111841134201,505.111651391073,10030665,NA,203993.8,48.41,-1,0.375645913133301,0.97079168176004,0.994792660768778,0.980392073363536,8,1.35,0.65,"P1 O13","de-protonated",0,NA,"C20 H27 O13 P1",20,27,13,NA,1,NA,NA,NA,NA,NA,NA
3822,505.136181,505.135146069268,505.135149740835,24350290,NA,203138.6,120.48,-1,-0.00726848586733102,0.999896475169179,0.991118436135706,0.99638525955579,12,1.08333333333333,0.5,"O12","de-protonated",0,NA,"C24 H26 O12",24,26,12,NA,NA,NA,NA,NA,NA,NA,NA
3823,505.149246,505.148211032866,505.148036900457,11251286,NA,202774.6,54.55,-1,0.344715599554051,0.968105614121574,0.998925370528363,0.98043351668429,7,1.47619047619048,0.571428571428571,"P1 O12","de-protonated",0,NA,"C21 H31 O12 P1",21,31,12,NA,1,NA,NA,NA,NA,NA,NA
3824,505.166268,505.165232985439,505.165010574783,4109916,NA,118123,18.61,-1,0.440273280090182,0.482719617606178,0.792708917554682,0.606715337585579,11,1.25,0.333333333333333,"N2 S1 O8","de-protonated",0,NA,"C24 H30 O8 S1 N2",24,30,8,2,NA,1,NA,NA,NA,NA,NA
3825,505.172474,505.171438968148,505.17153525022,16010846,NA,205150.9,78.51,-1,-0.190592829229865,0.990025483943866,0.97944371397891,0.985792775957884,11,1.2,0.44,"O11","de-protonated",0,NA,"C25 H30 O11",25,30,11,NA,NA,NA,NA,NA,NA,NA,NA
3826,505.185564,505.184528931676,505.18428946806,7689826.5,NA,211180.3,36.63,-1,0.474012396758676,0.480025295245014,0.73553288925895,0.582228332850588,19,0.909090909090909,0.0909090909090909,"S1 O3","de-protonated",0,NA,"C33 H30 O3 S1",33,30,3,NA,NA,1,NA,NA,NA,NA,NA
3828,505.208918,505.207882866607,505.207920759604,7413354.5,NA,208510.9,35.23,-1,-0.0750047572443397,0.996471282449295,0.991824858772825,0.994612712978707,10,1.30769230769231,0.384615384615385,"O10","de-protonated",0,NA,"C26 H34 O10",26,34,10,NA,NA,NA,NA,NA,NA,NA,NA
3829,505.221941,505.220905830322,505.220674977444,7229039,NA,205156.4,34.31,-1,0.456934739043274,0.481412044180547,0.72968508002065,0.580721258516588,18,1,0.0588235294117647,"S1 O2","de-protonated",0,NA,"C34 H34 O2 S1",34,34,2,NA,NA,1,NA,NA,NA,NA,NA
3830,505.245188,505.24415276555,505.244306268988,2109559.3,NA,245320.5,8.54,-1,-0.303820223085817,0.983390549059046,0,0.590034329435428,9,1.40740740740741,0.333333333333333,"O9","de-protonated",0,NA,"C27 H38 O9",27,38,9,NA,NA,NA,NA,NA,NA,NA,NA
3831,505.25841,505.257374728711,505.25719342861,5860987.5,NA,210283.6,27.42,-1,0.35882735210225,0.488453998160055,0.792708917554682,0.610155965917906,4,1.79166666666667,0.375,"P1 O9","de-protonated",0,NA,"C24 H43 O9 P1",24,43,9,NA,1,NA,NA,NA,NA,NA,NA
3832,505.294633,505.293597627786,505.293578937995,1877128.3,NA,251363.7,7.37,-1,0.0369879849995714,0.999751788859576,0,0.599851073315746,3,1.88,0.32,"P1 O8","de-protonated",0,NA,"C25 H47 O8 P1",25,47,8,NA,1,NA,NA,NA,NA,NA,NA
3836,506.094856,506.09381839819,506.094013203644,1990555.8,NA,190735.5,7.94,-1,-0.384919498618391,0.973474172175946,0,0.584084503305568,13,0.954545454545455,0.590909090909091,"N1 O13","de-protonated",0,NA,"C22 H21 O13 N1",22,21,13,1,NA,NA,NA,NA,NA,NA,NA
3839,506.131361,506.130323296479,506.130398713028,2113704.3,NA,118113.1,8.56,-1,-0.149006163406531,0.995979428669006,0,0.597587657201403,12,1.08695652173913,0.521739130434783,"N1 O12","de-protonated",0,NA,"C23 H25 O12 N1",23,25,12,1,NA,NA,NA,NA,NA,NA,NA
3842,506.167902,506.166864194668,506.166784222413,2158772.8,NA,148625.1,8.78,-1,0.157995858363781,0.995480794941454,0,0.597288476964872,11,1.20833333333333,0.458333333333333,"N1 O11","de-protonated",0,NA,"C24 H29 O11 N1",24,29,11,1,NA,NA,NA,NA,NA,NA,NA
3847,506.261996,506.260957932502,506.261173866651,2200533,NA,246715.3,8.99,-1,-0.426527176766967,0.967528757759463,0,0.580517254655678,8,1.61538461538462,0.115384615384615,"N3 S1 P1 O3","de-protonated",0,NA,"C26 H42 O3 S1 N3 P1",26,42,3,3,1,1,NA,NA,NA,NA,NA
3851,507.042644,507.041603757446,507.041643277161,5988575.5,NA,206206.3,28.06,-1,-0.0779417521842981,0.499449160816463,0.813795485951173,0.625187690870347,14,0.761904761904762,0.714285714285714,"O15","de-protonated",0,NA,"C21 H16 O15",21,16,15,NA,NA,NA,NA,NA,NA,NA,NA
3852,507.079099,507.078058655875,507.078028786545,13164780,NA,207080.1,64.18,-1,0.0589048003255128,0.499685305970644,0.806643077274283,0.622468414492099,13,0.909090909090909,0.636363636363636,"O14","de-protonated",0,NA,"C22 H20 O14",22,20,14,NA,NA,NA,NA,NA,NA,NA,NA
3854,507.115468,507.114427554543,507.114414295929,20803832,NA,203884.9,102.63,-1,0.026145211899956,0.994246822340697,0.994240285713158,0.994244207689681,12,1.04347826086957,0.565217391304348,"O13","de-protonated",0,NA,"C23 H24 O13",23,24,13,NA,NA,NA,NA,NA,NA,NA,NA
3855,507.128516,507.127475518188,507.127301455551,7364860.5,NA,212416.7,34.99,-1,0.343232629671127,0.975896526081846,0.962322871289755,0.97046706416501,7,1.45,0.65,"P1 O13","de-protonated",0,NA,"C20 H29 O13 P1",20,29,13,NA,1,NA,NA,NA,NA,NA,NA
3856,507.143663,507.142622475985,507.142424655054,5479682,NA,158047.2,25.5,-1,0.390069774322631,0.972363046859456,0.931272178621792,0.95592669956439,24,0.685714285714286,0.0571428571428571,"S1 O2","de-protonated",0,NA,"C35 H24 O2 S1",35,24,2,NA,NA,1,NA,NA,NA,NA,NA
3857,507.151711,507.150670453562,507.150799805313,22982916,NA,202448.9,113.6,-1,-0.255055796936598,0.994127093752952,0.998245672200389,0.995774525131926,11,1.16666666666667,0.5,"O12","de-protonated",0,NA,"C24 H28 O12",24,28,12,NA,NA,NA,NA,NA,NA,NA,NA
3858,507.164802,507.163761417088,507.163554023154,4889865,NA,215745.8,22.53,-1,0.408929096378766,0.48505665749256,0.741475186234394,0.587624068989294,19,0.875,0.125,"S1 O4","de-protonated",0,NA,"C32 H28 O4 S1",32,28,4,NA,NA,1,NA,NA,NA,NA,NA
3859,507.180052,507.179011374598,507.178810164439,5001486,NA,185480.2,23.09,-1,0.396724301316268,0.485922846193485,0.718264051224716,0.578859328205978,23,0.777777777777778,0.0277777777777778,"S1 O1","de-protonated",0,NA,"C36 H28 O1 S1",36,28,1,NA,NA,1,NA,NA,NA,NA,NA
3860,507.188109,507.187068352149,507.187185314698,12828945,NA,198026.1,62.49,-1,-0.230610220062075,0.993918183482079,0.97563590175992,0.986605270793215,10,1.28,0.44,"O11","de-protonated",0,NA,"C25 H32 O11",25,32,11,NA,NA,NA,NA,NA,NA,NA,NA
3861,507.201121,507.200080315895,507.199939532538,6844693.5,NA,212086.4,32.37,-1,0.277569743119006,0.493058777575353,0.73553288925895,0.590048422248792,18,0.96969696969697,0.0909090909090909,"S1 O3","de-protonated",0,NA,"C33 H32 O3 S1",33,32,3,NA,NA,1,NA,NA,NA,NA,NA
3863,507.224548,507.223507250622,507.223570824082,4865309.5,NA,202749.6,22.41,-1,-0.125336170051113,0.498576826458161,0.779247987650237,0.610845290934992,9,1.38461538461538,0.384615384615385,"O10","de-protonated",0,NA,"C26 H36 O10",26,36,10,NA,NA,NA,NA,NA,NA,NA,NA
3864,507.23764,507.236599214145,507.236457983704,8888610,NA,208890.7,42.66,-1,0.278431171259504,0.992642798066723,0.981344062022405,0.988123303648996,4,1.78260869565217,0.434782608695652,"P1 O10","de-protonated",0,NA,"C23 H41 O10 P1",23,41,10,NA,1,NA,NA,NA,NA,NA,NA
3865,507.248896,507.247855182783,507.247691372996,6947109.5,NA,197795.8,32.88,-1,0.32293845781436,0.490627385877782,0.806643077274283,0.617033662436382,4,1.86363636363636,0.409090909090909,"N2 P1 O9","de-protonated",0,NA,"C22 H41 O9 N2 P1",22,41,9,2,1,NA,NA,NA,NA,NA,NA
3866,507.274109,507.273068112535,507.272843493088,5360942,NA,201993,24.9,-1,0.442798090125735,0.48252437012294,0.792708917554682,0.606598189095637,3,1.875,0.375,"P1 O9","de-protonated",0,NA,"C24 H45 O9 P1",24,45,9,NA,1,NA,NA,NA,NA,NA,NA
3869,508.082118,508.081074861245,508.081161071471,2741823.5,NA,235737.3,11.72,-1,-0.169678059325511,0.994789596987438,0,0.596873758192463,16,0.923076923076923,0.153846153846154,"N1 S2 P1 O4","de-protonated",0,NA,"C26 H24 O4 S2 N1 P1",26,24,4,1,1,2,NA,NA,NA,NA,NA
3870,508.1111,508.110056780495,508.110152525492,2558537.3,NA,174921.7,10.79,-1,-0.188433544758012,0.993577974978746,0,0.596146784987248,16,0.96,0.2,"N3 S1 P1 O5","de-protonated",0,NA,"C25 H24 O5 S1 N3 P1",25,24,5,3,1,1,NA,NA,NA,NA,NA
3878,508.196587,508.19554354231,508.195321446513,15061606,NA,201603.6,73.73,-1,0.437028417557155,0.482969023216424,0.813795485951173,0.615299608310323,5,1.71428571428571,0.523809523809524,"N1 P1 O11","de-protonated",0,NA,"C21 H36 O11 N1 P1",21,36,11,1,1,NA,NA,NA,NA,NA,NA
3879,508.204818,508.203774519376,508.20356365499,2123368.8,NA,234110.3,8.6,-1,0.414921109258309,0.969244749041872,0,0.581546849425123,5,1.66666666666667,0.619047619047619,"N1 O13","de-protonated",0,NA,"C21 H35 O13 N1",21,35,13,1,NA,NA,NA,NA,NA,NA,NA
3884,509.022172,509.02112624205,509.020907832254,2005371,NA,183628.6,8.01,-1,0.429078241332918,0.967145644935763,0,0.580287386961458,14,0.7,0.8,"O16","de-protonated",0,NA,"C20 H14 O16",20,14,16,NA,NA,NA,NA,NA,NA,NA,NA
3885,509.037234,509.036188200084,509.036163973539,2115456,NA,207134.8,8.56,-1,0.0475929741793192,0.99958908662701,0,0.599753451976206,18,0.583333333333333,0.541666666666667,"O13","de-protonated",0,NA,"C24 H14 O13",24,14,13,NA,NA,NA,NA,NA,NA,NA,NA
3886,509.058362,509.057316141217,509.057293341639,9249671,NA,199500.1,44.47,-1,0.0447878435320024,0.988543976248946,0.984261723498972,0.986831075148956,13,0.857142857142857,0.714285714285714,"O15","de-protonated",0,NA,"C21 H18 O15",21,18,15,NA,NA,NA,NA,NA,NA,NA,NA
3887,509.094718,509.093672039921,509.093678851023,16298899,NA,198378.4,79.95,-1,-0.0133788768365043,0.999889513193615,0.981553644446774,0.992555165694879,12,1,0.636363636363636,"O14","de-protonated",0,NA,"C22 H22 O14",22,22,14,NA,NA,NA,NA,NA,NA,NA,NA
3888,509.123063,509.122016960946,509.12182215193,11867037,NA,187861.6,57.64,-1,0.382637332874328,0.965707064847507,0.912840708385154,0.944560522262566,11,1.17391304347826,0.478260869565217,"P1 O11","de-protonated",0,NA,"C23 H27 O11 P1",23,27,11,NA,1,NA,NA,NA,NA,NA,NA
3889,509.131058,509.13001193867,509.130064360407,24482720,NA,202147.5,121.14,-1,-0.102963350079138,0.998886164354563,0.994605338084586,0.997173833846572,11,1.1304347826087,0.565217391304348,"O13","de-protonated",0,NA,"C23 H26 O13",23,26,13,NA,NA,NA,NA,NA,NA,NA,NA
3890,509.159411,509.158364859672,509.158207661314,11142057,NA,191085.4,53.99,-1,0.308741676051143,0.491426384681701,0.792708917554682,0.611939397830893,10,1.29166666666667,0.416666666666667,"P1 O10","de-protonated",0,NA,"C24 H31 O10 P1",24,31,10,NA,1,NA,NA,NA,NA,NA,NA
3891,509.167424,509.166377837346,509.166449869791,19825580,NA,201200.5,97.7,-1,-0.141471310682278,0.997305098601571,0.981289373491472,0.990898808557532,10,1.25,0.5,"O12","de-protonated",0,NA,"C24 H30 O12",24,30,12,NA,NA,NA,NA,NA,NA,NA,NA
3892,509.180394,509.179347801209,509.179204087632,4305840,NA,207431.6,19.59,-1,0.28224557524114,0.492824649724406,0.741475186234394,0.592284864328402,18,0.9375,0.125,"S1 O4","de-protonated",0,NA,"C32 H30 O4 S1",32,30,4,NA,NA,1,NA,NA,NA,NA,NA
3893,509.195823,509.194776758221,509.194593170698,9178037,NA,179331.9,44.11,-1,0.36054491696757,0.977060855595902,0.95750933235011,0.969240246297585,9,1.4,0.36,"P1 O9","de-protonated",0,NA,"C25 H35 O9 P1",25,35,9,NA,1,NA,NA,NA,NA,NA,NA
3894,509.20002,509.198973746527,509.198812627183,3616694.3,NA,238633.6,16.12,-1,0.316417359428566,0.981997385988948,0,0.589198431593369,5,1.7,0.65,"N2 O13","de-protonated",0,NA,"C20 H34 O13 N2",20,34,13,2,NA,NA,NA,NA,NA,NA,NA
3895,509.203861,509.202814735825,509.202835379176,8149943.5,NA,202330,38.93,-1,-0.0405405258186649,0.999769611285614,0.965333764605717,0.985995272613655,9,1.36,0.44,"O11","de-protonated",0,NA,"C25 H34 O11",25,34,11,NA,NA,NA,NA,NA,NA,NA,NA
3896,509.21701,509.215963699189,509.215722538798,6239164,NA,209153.7,29.32,-1,0.473591801403522,0.480060010879228,0.806643077274283,0.61069323743725,4,1.77272727272727,0.5,"P1 O11","de-protonated",0,NA,"C22 H39 O11 P1",22,39,11,NA,1,NA,NA,NA,NA,NA,NA
3897,509.232301,509.231254656585,509.231175384575,3250625,NA,156147.6,14.27,-1,0.155669986443161,0.995612580701572,0,0.597367548420943,0,2.375,0.875,"N4 O14","de-protonated",0,NA,"C16 H38 O14 N4",16,38,14,4,NA,NA,NA,NA,NA,NA,NA
3898,509.240386,509.239339634058,509.23922088856,2158531.8,NA,187288.2,8.78,-1,0.233182153856716,0.990182434273006,0,0.594109460563804,8,1.46153846153846,0.384615384615385,"O10","de-protonated",0,NA,"C26 H38 O10",26,38,10,NA,NA,NA,NA,NA,NA,NA,NA
3900,509.253399,509.252352597801,509.252108048182,6867912,NA,207317.9,32.48,-1,0.480213268639282,0.479510198640829,0.799615297578637,0.607552238215952,3,1.8695652173913,0.434782608695652,"P1 O10","de-protonated",0,NA,"C23 H43 O10 P1",23,43,10,NA,1,NA,NA,NA,NA,NA,NA
3901,509.289763,509.288716496483,509.288493557566,3461076.3,NA,216841,15.33,-1,0.437745835325149,0.965828058131691,0,0.579496834879015,2,1.95833333333333,0.375,"P1 O9","de-protonated",0,NA,"C24 H47 O9 P1",24,47,9,NA,1,NA,NA,NA,NA,NA,NA
3909,510.154667,510.153618086672,510.153456633507,1974515.4,NA,219492.3,7.85,-1,0.316479606852777,0.981990366313927,0,0.589194219788356,10,1.30434782608696,0.434782608695652,"N1 P1 O10","de-protonated",0,NA,"C23 H30 O10 N1 P1",23,30,10,1,1,NA,NA,NA,NA,NA,NA
3910,510.162895,510.161846063747,510.161698841984,4550902,NA,188767.6,20.82,-1,0.288578627730635,0.492501488468564,0.799615297578637,0.615347012112593,10,1.26086956521739,0.521739130434783,"N1 O12","de-protonated",0,NA,"C23 H29 O12 N1",23,29,12,1,NA,NA,NA,NA,NA,NA,NA
3912,510.175798,510.174749027797,510.174586001606,2371322.3,NA,234920.2,9.85,-1,0.319549806635955,0.981642487520797,0,0.588985492512478,5,1.7,0.6,"N1 P1 O12","de-protonated",0,NA,"C20 H34 O12 N1 P1",20,34,12,1,1,NA,NA,NA,NA,NA,NA
3916,510.21218,510.211130926429,510.210971510991,4355334.5,NA,205143.7,19.83,-1,0.312450038809173,0.982442036551629,0,0.589465221930978,4,1.80952380952381,0.523809523809524,"N1 P1 O11","de-protonated",0,NA,"C21 H38 O11 N1 P1",21,38,11,1,1,NA,NA,NA,NA,NA,NA
3917,510.220392,510.219342903548,510.219213719468,2103561,NA,186798.8,8.5,-1,0.253193287441997,0.988435289297158,0,0.593061173578295,4,1.76190476190476,0.619047619047619,"N1 O13","de-protonated",0,NA,"C21 H37 O13 N1",21,37,13,1,NA,NA,NA,NA,NA,NA,NA
3920,511.027948,511.026896653521,511.026661917925,2061842.9,NA,156699.6,8.29,-1,0.459341192045397,0.962438949304016,0,0.57746336958241,18,0.545454545454545,0.590909090909091,"N2 O13","de-protonated",0,NA,"C22 H12 O13 N2",22,12,13,2,NA,NA,NA,NA,NA,NA,NA
3921,511.037726,511.036674626278,511.036557896732,3479062,NA,214383.4,15.42,-1,0.228417211184981,0.990577690384689,0,0.594346614230814,13,0.8,0.8,"O16","de-protonated",0,NA,"C20 H16 O16",20,16,16,NA,NA,NA,NA,NA,NA,NA,NA
3922,511.074072,511.07302052501,511.072943406117,12015138,NA,194705.3,58.39,-1,0.150896059269843,0.996755404502363,0.957044648551915,0.980871102122184,12,0.952380952380952,0.714285714285714,"O15","de-protonated",0,NA,"C21 H20 O15",21,20,15,NA,NA,NA,NA,NA,NA,NA,NA
3924,511.109331,511.10827942677,511.108164402541,28669486,NA,171071.2,142.21,-1,0.225048701906733,0.247713070133361,0.724312612827618,0.438352887211064,20,0.740740740740741,0.185185185185185,"N4 S1 O5","de-protonated",0,NA,"C27 H20 O5 S1 N4",27,20,5,4,NA,1,NA,NA,NA,NA,NA
3925,511.119985,511.118933397086,511.118711829971,4920881,NA,180670.1,22.68,-1,0.433494430311881,0.483238697464634,0.73553288925895,0.58415637418236,24,0.606060606060606,0.181818181818182,"O6","de-protonated",0,NA,"C33 H20 O6",33,20,6,NA,NA,NA,NA,NA,NA,NA,NA
3926,511.138687,511.137635344978,511.137472216408,46011960,NA,196675.5,229.5,-1,0.31914813422666,0.658377891498827,0.976546597641775,0.785645373956006,10,1.26086956521739,0.478260869565217,"P1 O11","de-protonated",0,NA,"C23 H29 O11 P1",23,29,11,NA,1,NA,NA,NA,NA,NA,NA
3927,511.146734,511.145682322557,511.145714424885,20706874,NA,203474.6,102.13,-1,-0.0628046497506647,0.999011050370335,0.980445653918809,0.991584891789725,10,1.21739130434783,0.565217391304348,"O13","de-protonated",0,NA,"C23 H28 O13",23,28,13,NA,NA,NA,NA,NA,NA,NA,NA
3928,511.156182,511.155130296233,511.155097339355,2983484.8,NA,241398.3,12.93,-1,0.0644752992690544,0.499622995283605,0.72968508002065,0.591647829178423,23,0.705882352941177,0.147058823529412,"O5","de-protonated",0,NA,"C34 H24 O5",34,24,5,NA,NA,NA,NA,NA,NA,NA,NA
3929,511.175048,511.173996243669,511.173857725792,13506115,NA,199105.6,65.89,-1,0.270979969869268,0.993030744847219,0.968705621437997,0.98330069548353,9,1.375,0.416666666666667,"P1 O10","de-protonated",0,NA,"C24 H33 O10 P1",24,33,10,NA,1,NA,NA,NA,NA,NA,NA
3930,511.183053,511.182001221365,511.182099934269,10888774,NA,204392.9,52.72,-1,-0.193107122828546,0.995479965710095,0.982807219377445,0.990410867177035,9,1.33333333333333,0.5,"O12","de-protonated",0,NA,"C24 H32 O12",24,32,12,NA,NA,NA,NA,NA,NA,NA,NA
3933,511.211393,511.210341142403,511.210110293395,6181455,NA,189400.8,29.02,-1,0.451573637048621,0.481837687387241,0.718264051224716,0.576408232922231,21,0.888888888888889,0.0277777777777778,"S1 O1","de-protonated",0,NA,"C36 H32 O1 S1",36,32,1,NA,NA,1,NA,NA,NA,NA,NA
3934,511.219539,511.218487119707,511.218485443654,4133457.5,NA,202883.1,18.71,-1,0.00327854579585612,0.499999024817458,0.785920818505338,0.61436774229261,8,1.44,0.44,"O11","de-protonated",0,NA,"C25 H36 O11",25,36,11,NA,NA,NA,NA,NA,NA,NA,NA
3935,511.2326,511.231548083316,511.231372603276,4862550,NA,202357.1,22.38,-1,0.343249749165205,0.489424271108985,0.806643077274283,0.616311793575104,3,1.86363636363636,0.5,"P1 O11","de-protonated",0,NA,"C22 H41 O11 P1",22,41,11,NA,1,NA,NA,NA,NA,NA,NA
3936,511.249257,511.248205036906,511.248346277601,2534939.3,NA,122061.8,10.67,-1,-0.276266311334618,0.986246730752606,0,0.591748038451563,7,1.6,0.28,"N2 S1 O7","de-protonated",0,NA,"C25 H40 O7 S1 N2",25,40,7,2,NA,1,NA,NA,NA,NA,NA
3937,511.256053,511.255001017971,511.254870953038,2925661.5,NA,209032.7,12.64,-1,0.254403313172466,0.988325137603076,0,0.592995082561846,7,1.53846153846154,0.384615384615385,"O10","de-protonated",0,NA,"C26 H40 O10",26,40,10,NA,NA,NA,NA,NA,NA,NA,NA
3938,511.272203,511.271150972974,511.270996474248,5195363,NA,206265.9,24.06,-1,0.302185584922794,0.49178366130993,0.747514279669976,0.594075908653948,10,1.41935483870968,0.0645161290322581,"S2 O2","de-protonated",0,NA,"C31 H44 O2 S2",31,44,2,NA,NA,2,NA,NA,NA,NA,NA
3939,511.292209,511.291156917232,511.291256462422,2027113.3,NA,207047.6,8.11,-1,-0.194693706481073,0.993145670352672,0,0.595887402211603,6,1.62962962962963,0.333333333333333,"O9","de-protonated",0,NA,"C27 H44 O9",27,44,9,NA,NA,NA,NA,NA,NA,NA,NA
3942,512.108924,512.107869641687,512.10808757535,9371507,NA,198160.8,45.08,-1,-0.425561846155625,0.48383658619093,0.701787487586891,0.571016946749314,33,0.384615384615385,0.0256410256410256,"N1 O1","de-protonated",0,NA,"C39 H15 O1 N1",39,15,1,1,NA,NA,NA,NA,NA,NA,NA
3943,512.113613,512.112558628622,512.112461200427,3420532.8,NA,144038.5,15.12,-1,0.190247655711396,0.993454133449071,0,0.596072480069442,14,1.07692307692308,0.153846153846154,"N1 S2 P1 O4","de-protonated",0,NA,"C26 H28 O4 S2 N1 P1",26,28,4,1,1,2,NA,NA,NA,NA,NA
3949,512.214909,512.213854346389,512.213734415847,2389397.5,NA,192143.8,9.93,-1,0.234141598617247,0.990101879883502,0,0.594061127930101,8,1.45833333333333,0.458333333333333,"N1 O11","de-protonated",0,NA,"C24 H35 O11 N1",24,35,11,1,NA,NA,NA,NA,NA,NA,NA
3950,512.227913,512.226858310157,512.226621575469,2037145.9,NA,253912.6,8.16,-1,0.462167873470361,0.961984169817235,0,0.577190501890341,3,1.9047619047619,0.523809523809524,"N1 P1 O11","de-protonated",0,NA,"C21 H40 O11 N1 P1",21,40,11,1,1,NA,NA,NA,NA,NA,NA
3951,513.053277,513.052220010513,513.05220796121,5494948,NA,188048.2,25.28,-1,0.0234855301703776,0.499949961666491,0.821075868479145,0.628400324391553,12,0.9,0.8,"O16","de-protonated",0,NA,"C20 H18 O16",20,18,16,NA,NA,NA,NA,NA,NA,NA,NA
3952,513.068555,513.067497967945,513.067464102495,3787945,NA,209683.8,16.79,-1,0.066005842624225,0.999209781965068,0,0.599525869179041,16,0.75,0.541666666666667,"O13","de-protonated",0,NA,"C24 H18 O13",24,18,13,NA,NA,NA,NA,NA,NA,NA,NA
3953,513.081271,513.080213932516,513.080218320336,5631149,NA,138656,25.96,-1,-0.00855191722792307,0.990624809883666,0.985240724854634,0.988471175872053,24,0.5625,0.15625,"S1 O5","de-protonated",0,NA,"C32 H18 O5 S1",32,18,5,NA,NA,1,NA,NA,NA,NA,NA
3954,513.089667,513.088609909123,513.088593470595,10528944,NA,195221.4,50.34,-1,0.0320383818714063,0.998236858767787,0.972969526135329,0.988129925714804,11,1.04761904761905,0.714285714285714,"O15","de-protonated",0,NA,"C21 H22 O15",21,22,15,NA,NA,NA,NA,NA,NA,NA,NA
3957,513.126071,513.125013807693,513.124978979979,15222971,NA,205537,73.71,-1,0.0678737461327316,0.999577258079545,0.977412309652542,0.990711278708744,10,1.18181818181818,0.636363636363636,"O14","de-protonated",0,NA,"C22 H26 O14",22,26,14,NA,NA,NA,NA,NA,NA,NA,NA
3958,513.135779,513.134721780645,513.134712767534,14084286,NA,199855.7,68.04,-1,0.0175648047213822,0.333314673529699,0.798105698340358,0.519231083453963,0,2.33333333333333,0.733333333333333,"N2 S2 P1 O11","de-protonated",0,NA,"C15 H35 O11 S2 N2 P1",15,35,11,2,1,2,NA,NA,NA,NA,NA
3959,513.141065,513.140007765917,513.140235121264,3902656.3,NA,195465,17.36,-1,-0.443066692670331,0.482503537628964,0.779247987650237,0.601201317637474,14,1,0.423076923076923,"O11","de-protonated",0,NA,"C26 H26 O11",26,26,11,NA,NA,NA,NA,NA,NA,NA,NA
3960,513.154391,513.153333728788,513.153122280886,19884228,NA,197528.1,96.92,-1,0.412056154184293,0.98389713982453,0.965642798861366,0.976595403439265,9,1.34782608695652,0.478260869565217,"P1 O11","de-protonated",0,NA,"C23 H31 O11 P1",23,31,11,NA,1,NA,NA,NA,NA,NA,NA
3961,513.162431,513.161373706386,513.161364489363,10342599,NA,202563.4,49.42,-1,0.0179612574395819,0.995420358745751,0.993072740498965,0.994481311447036,9,1.30434782608696,0.565217391304348,"O13","de-protonated",0,NA,"C23 H30 O13",23,30,13,NA,NA,NA,NA,NA,NA,NA,NA
3962,513.171991,513.17093367975,513.170747403834,4392138,NA,205905.5,19.79,-1,0.36299013095701,0.488187760279036,0.72968508002065,0.584786688175681,22,0.764705882352941,0.147058823529412,"O5","de-protonated",0,NA,"C34 H26 O5",34,26,5,NA,NA,NA,NA,NA,NA,NA,NA
3963,513.177445,513.176387664554,513.176620630648,3907788,NA,170589.2,17.38,-1,-0.453968642200279,0.48164811096249,0.772687513667176,0.598063872044365,13,1.11111111111111,0.37037037037037,"O10","de-protonated",0,NA,"C27 H30 O10",27,30,10,NA,NA,NA,NA,NA,NA,NA,NA
3964,513.19061,513.189552627874,513.189374848488,11516112,NA,195639.6,55.26,-1,0.346420627457964,0.974163289273392,0.959906575450008,0.968460603744038,21,0.857142857142857,0.0571428571428571,"S1 O2","de-protonated",0,NA,"C35 H30 O2 S1",35,30,2,NA,NA,1,NA,NA,NA,NA,NA
3965,513.198617,513.197559605564,513.197749998747,4660434.5,NA,203697.4,21.13,-1,-0.370993799072405,0.487667662625426,0.792708917554682,0.609684164597128,8,1.41666666666667,0.5,"O12","de-protonated",0,NA,"C24 H34 O12",24,34,12,NA,NA,NA,NA,NA,NA,NA,NA
3966,513.208136,513.207078579042,513.207132913218,2281685.8,NA,182126.9,9.29,-1,-0.105871824266785,0.997968236961619,0,0.598780942176972,21,0.857142857142857,0.114285714285714,"O4","de-protonated",0,NA,"C35 H30 O4",35,30,4,NA,NA,NA,NA,NA,NA,NA,NA
3967,513.226906,513.225848526745,513.225760357873,4265180,NA,189428.4,19.16,-1,0.171793544238977,0.996272457405182,0.941442165612139,0.974340340687964,20,0.944444444444444,0.0277777777777778,"S1 O1","de-protonated",0,NA,"C36 H34 O1 S1",36,34,1,NA,NA,1,NA,NA,NA,NA,NA
3968,513.235003,513.233945504185,513.234135508132,2665694.3,NA,220515.6,11.2,-1,-0.370209098476079,0.975438262317951,0,0.58526295739077,7,1.52,0.44,"O11","de-protonated",0,NA,"C25 H38 O11",25,38,11,NA,NA,NA,NA,NA,NA,NA,NA
3969,513.248293,513.247235467156,513.247022667754,2680546.8,NA,196614,11.27,-1,0.414614002932293,0.969289553461764,0,0.581573732077058,2,1.95454545454545,0.5,"P1 O11","de-protonated",0,NA,"C22 H43 O11 P1",22,43,11,NA,1,NA,NA,NA,NA,NA,NA
3970,513.27132,513.270262402998,513.270358826264,2912490,NA,176179.1,12.43,-1,-0.187860576959313,0.993616845639937,0,0.596170107383962,1,2.23809523809524,0.19047619047619,"N4 S2 P1 O4","de-protonated",0,NA,"C21 H47 O4 S2 N4 P1",21,47,4,4,1,2,NA,NA,NA,NA,NA
3971,513.30764,513.306582301803,513.306744335648,2263285.5,NA,215483.2,9.2,-1,-0.315666698716083,0.982081933607417,0,0.58924916016445,0,2.31818181818182,0.136363636363636,"N4 S2 P1 O3","de-protonated",0,NA,"C22 H51 O3 S2 N4 P1",22,51,3,4,1,2,NA,NA,NA,NA,NA
3975,514.121275,514.120215034838,514.120227952172,4304377,NA,199120.6,19.36,-1,-0.0251251223041006,0.999885463126332,0,0.599931277875799,10,1.19047619047619,0.666666666666667,"N1 O14","de-protonated",0,NA,"C21 H25 O14 N1",21,25,14,1,NA,NA,NA,NA,NA,NA,NA
3980,514.170308,514.169247898222,514.169367679396,2339336.8,NA,189424.9,9.57,-1,-0.232960542693026,0.99020099451501,0,0.594120596709006,17,0.966666666666667,0.166666666666667,"N1 S1 O5","de-protonated",0,NA,"C30 H29 O5 S1 N1",30,29,5,1,NA,1,NA,NA,NA,NA,NA
3983,515.047648,515.046585453761,515.046728657589,4274974,NA,189872.6,19.21,-1,-0.278040456652714,0.493035380093821,0.799615297578637,0.615667347087747,16,0.695652173913043,0.608695652173913,"O14","de-protonated",0,NA,"C23 H16 O14",23,16,14,NA,NA,NA,NA,NA,NA,NA,NA
3984,515.060667,515.059604417487,515.059482875429,2473762.3,NA,171804.1,10.24,-1,0.235976741010895,0.989946899517299,0,0.59396813971038,24,0.516129032258065,0.193548387096774,"S1 O6","de-protonated",0,NA,"C31 H16 O6 S1",31,16,6,NA,NA,1,NA,NA,NA,NA,NA
3985,515.068881,515.067818394602,515.067858025688,4799268.5,NA,197748.1,21.82,-1,-0.0769434280580962,0.998926347730926,0,0.599355808638556,11,1,0.8,"O16","de-protonated",0,NA,"C20 H20 O16",20,20,16,NA,NA,NA,NA,NA,NA,NA,NA
3986,515.083988,515.08292535251,515.083114166973,5687081.5,NA,185945.9,26.24,-1,-0.366570865682075,0.487956409191732,0.792708917554682,0.609857412536912,15,0.833333333333333,0.541666666666667,"O13","de-protonated",0,NA,"C24 H20 O13",24,20,13,NA,NA,NA,NA,NA,NA,NA,NA
3987,515.097072,515.096009316055,515.095868384814,8817454,NA,183405.1,41.82,-1,0.273601964735418,0.493254469550585,0.741475186234394,0.592542756224109,23,0.625,0.15625,"S1 O5","de-protonated",0,NA,"C32 H20 O5 S1",32,20,5,NA,NA,1,NA,NA,NA,NA,NA
3988,515.105299,515.104236293133,515.104243535073,7402288,NA,204365.4,34.78,-1,-0.0140591727739984,0.999803914044058,0.968719657722987,0.987370211515629,10,1.14285714285714,0.714285714285714,"O15","de-protonated",0,NA,"C21 H24 O15",21,24,15,NA,NA,NA,NA,NA,NA,NA,NA
3989,515.11469,515.113627266968,515.113626449543,3906355,NA,185821.5,17.37,-1,0.00158688215272108,0.499999771538468,0.741475186234394,0.596589937416839,23,0.625,0.21875,"O7","de-protonated",0,NA,"C32 H20 O7",32,20,7,NA,NA,NA,NA,NA,NA,NA,NA
3990,515.120494,515.119431250796,515.119499676357,6949685,NA,191438,32.52,-1,-0.132834344423899,0.498401732233061,0.785920818505338,0.613409366741972,14,0.96,0.48,"O12","de-protonated",0,NA,"C25 H24 O12",25,24,12,NA,NA,NA,NA,NA,NA,NA,NA
3991,515.133596,515.132533214291,515.132386835979,17599290,NA,196465.1,85.54,-1,0.284156686031224,0.980741151055156,0.963377954554836,0.973795872455028,9,1.31818181818182,0.545454545454545,"P1 O12","de-protonated",0,NA,"C22 H29 O12 P1",22,29,12,NA,1,NA,NA,NA,NA,NA,NA
3992,515.141655,515.140592191837,515.140629044457,7183163.5,NA,207700,33.69,-1,-0.0715389497726835,0.499535904539,0.806643077274283,0.622378773633113,9,1.27272727272727,0.636363636363636,"O14","de-protonated",0,NA,"C22 H28 O14",22,28,14,NA,NA,NA,NA,NA,NA,NA,NA
3993,515.151324,515.150261164897,515.150011958927,5866302.5,NA,210715.5,27.13,-1,0.483754177133174,0.479213309531782,0.73553288925895,0.581741141422649,22,0.727272727272727,0.181818181818182,"O6","de-protonated",0,NA,"C33 H24 O6",33,24,6,NA,NA,NA,NA,NA,NA,NA,NA
3994,515.156933,515.155870149269,515.155885185742,6554432.5,NA,205776.4,30.56,-1,-0.0291881988294685,0.49992271328343,0.779247987650237,0.611652823030153,13,1.07692307692308,0.423076923076923,"O11","de-protonated",0,NA,"C26 H28 O11",26,28,11,NA,NA,NA,NA,NA,NA,NA,NA
3995,515.170033,515.16897011277,515.168772345364,15330116,NA,197068.6,74.24,-1,0.383888575869787,0.972408518559539,0.97744602573107,0.974423521428151,8,1.43478260869565,0.478260869565217,"P1 O11","de-protonated",0,NA,"C23 H33 O11 P1",23,33,11,NA,1,NA,NA,NA,NA,NA,NA
3996,515.177995,515.176932090586,515.177014553841,4117319,NA,215239.2,18.42,-1,-0.160067807146753,0.995361765656657,0,0.597217059393994,8,1.39130434782609,0.565217391304348,"O13","de-protonated",0,NA,"C23 H32 O13",23,32,13,NA,NA,NA,NA,NA,NA,NA,NA
3997,515.187613,515.186550063788,515.186397468311,3595082,NA,206896.6,15.82,-1,0.296194692996296,0.492103652435741,0.72968508002065,0.587136223469705,21,0.823529411764706,0.147058823529412,"O5","de-protonated",0,NA,"C34 H28 O5",34,28,5,NA,NA,NA,NA,NA,NA,NA,NA
3998,515.193406,515.192343047648,515.192270695126,3819339.8,NA,237137.9,16.94,-1,0.14043790209101,0.498213859446977,0.772687513667176,0.608003321135057,12,1.18518518518519,0.37037037037037,"O10","de-protonated",0,NA,"C27 H32 O10",27,32,10,NA,NA,NA,NA,NA,NA,NA,NA
3999,515.206453,515.205390011296,515.205157854748,7490384,NA,201210.7,35.21,-1,0.450609906057786,0.965772393272312,0.893487523195847,0.936858445241726,7,1.54166666666667,0.416666666666667,"P1 O10","de-protonated",0,NA,"C24 H37 O10 P1",24,37,10,NA,1,NA,NA,NA,NA,NA,NA
4000,515.214285,515.213221989474,515.213400063225,3097426.5,NA,209085.8,13.35,-1,-0.345631055279673,0.978557226442251,0,0.587134335865351,7,1.5,0.5,"O12","de-protonated",0,NA,"C24 H36 O12",24,36,12,NA,NA,NA,NA,NA,NA,NA,NA
4001,515.230056,515.228992945533,515.229145461881,1939799.4,NA,126426.3,7.58,-1,-0.296016538070735,0.984226146526284,0,0.59053568791577,15,1.19354838709677,0.032258064516129,"N2 S1 P1 O1","de-protonated",0,NA,"C31 H37 O1 S1 N2 P1",31,37,1,2,1,1,NA,NA,NA,NA,NA
4002,515.242749,515.241685910167,515.241543364132,2726747.3,NA,181413.4,11.5,-1,0.276658660113536,0.986207909515864,0,0.591724745709518,6,1.64,0.36,"P1 O9","de-protonated",0,NA,"C25 H41 O9 P1",25,41,9,NA,1,NA,NA,NA,NA,NA,NA
4003,515.250672,515.249608888092,515.24978557261,3897181.8,NA,218542.8,17.33,-1,-0.342910414526238,0.978889897615104,0,0.587333938569062,6,1.6,0.44,"O11","de-protonated",0,NA,"C25 H40 O11",25,40,11,NA,NA,NA,NA,NA,NA,NA,NA
4005,515.287333,515.286269785947,515.286171081994,3591017.3,NA,197037.1,15.8,-1,0.191551720519741,0.993364387176168,0,0.596018632305701,5,1.69230769230769,0.384615384615385,"O10","de-protonated",0,NA,"C26 H44 O10",26,44,10,NA,NA,NA,NA,NA,NA,NA,NA
4006,515.323569,515.322505684985,515.322556591378,2020724.6,NA,202941.1,7.99,-1,-0.098785493539498,0.99823088634537,0,0.598938531807222,4,1.77777777777778,0.333333333333333,"O9","de-protonated",0,NA,"C27 H48 O9",27,48,9,NA,NA,NA,NA,NA,NA,NA,NA
4008,516.100832,516.099766519361,516.099981764636,2850919.5,NA,213908.7,12.12,-1,-0.417061194411519,0.968931664031086,0,0.581358998418652,14,1.04347826086957,0.304347826086957,"N3 S1 P1 O7","de-protonated",0,NA,"C23 H24 O7 S1 N3 P1",23,24,7,3,1,1,NA,NA,NA,NA,NA
4010,516.115998,516.114932477105,516.11474864855,1967724,NA,205230.5,7.72,-1,0.356177682367476,0.977243875424259,0,0.586346325254556,14,0.958333333333333,0.5,"N1 O12","de-protonated",0,NA,"C24 H23 O12 N1",24,23,12,1,NA,NA,NA,NA,NA,NA,NA
4014,516.977456,516.976388076896,516.976361647932,2782582.8,NA,188659.9,11.78,-1,0.051122190233243,0.999525900210387,0,0.599715540126232,25,0.379310344827586,0.137931034482759,"S2 P1 O4","de-protonated",0,NA,"C29 H11 O4 S2 P1",29,11,4,NA,1,2,NA,NA,NA,NA,NA
4015,517.063582,517.06251383693,517.062378722067,5926289,NA,188462.8,27.43,-1,0.261312500390964,0.493843179254718,0.799615297578637,0.616152026584285,15,0.782608695652174,0.608695652173913,"O14","de-protonated",0,NA,"C23 H18 O14",23,18,14,NA,NA,NA,NA,NA,NA,NA,NA
4016,517.076578,517.07550980072,517.075265881689,5071253,NA,176616.3,23.17,-1,0.471728291022642,0.480213482993237,0.821075868479145,0.6165584371876,10,1.15,0.7,"P1 O14","de-protonated",0,NA,"C20 H23 O14 P1",20,23,14,NA,1,NA,NA,NA,NA,NA,NA
4017,517.084571,517.08350277845,517.083508090166,3504535.5,NA,206831.9,15.37,-1,-0.0102724533645276,0.999980853119484,0,0.59998851187169,10,1.1,0.8,"O16","de-protonated",0,NA,"C20 H22 O16",20,22,16,NA,NA,NA,NA,NA,NA,NA,NA
4019,517.099782,517.098713736069,517.098764231451,8945052,NA,189570.5,42.45,-1,-0.0976513304689584,0.995825636955512,0.987721751828271,0.992584082904616,14,0.916666666666667,0.541666666666667,"O13","de-protonated",0,NA,"C24 H22 O13",24,22,13,NA,NA,NA,NA,NA,NA,NA,NA
4020,517.112956,517.111887699363,517.111651391073,12144032,NA,200422.5,58.38,-1,0.456977307522287,0.980124614436354,0.968636286777221,0.975529283372701,9,1.28571428571429,0.619047619047619,"P1 O13","de-protonated",0,NA,"C21 H27 O13 P1",21,27,13,NA,1,NA,NA,NA,NA,NA,NA
4021,517.120919,517.119850677176,517.119893599551,3547554.8,NA,215249.7,15.58,-1,-0.0830027515768523,0.998750698147925,0,0.599250418888755,9,1.23809523809524,0.714285714285714,"O15","de-protonated",0,NA,"C21 H26 O15",21,26,15,NA,NA,NA,NA,NA,NA,NA,NA
4022,517.130461,517.12939265059,517.129276514021,5024165.5,NA,185215.3,22.93,-1,0.224579374454344,0.495445110402567,0.741475186234394,0.593857140735298,22,0.6875,0.21875,"O7","de-protonated",0,NA,"C32 H22 O7",32,22,7,NA,NA,NA,NA,NA,NA,NA,NA
4023,517.136248,517.135179634467,517.135149740835,10972584,NA,198580,52.55,-1,0.0578062255548886,0.993778181415908,0.990248950274117,0.992366488959191,13,1.04,0.48,"O12","de-protonated",0,NA,"C25 H26 O12",25,26,12,NA,NA,NA,NA,NA,NA,NA,NA
4024,517.149246,517.148177598251,517.148036900457,14134700,NA,201248.9,68.29,-1,0.272064832199014,0.982963209634454,0.996018886266868,0.98818548028742,8,1.40909090909091,0.545454545454545,"P1 O12","de-protonated",0,NA,"C22 H31 O12 P1",22,31,12,NA,1,NA,NA,NA,NA,NA,NA
4025,517.157262,517.156193575917,517.156279108935,2309550,NA,173596.1,9.42,-1,-0.165391045926447,0.995048913927826,0,0.597029348356695,8,1.36363636363636,0.636363636363636,"O14","de-protonated",0,NA,"C22 H30 O14",22,30,14,NA,NA,NA,NA,NA,NA,NA,NA
4026,517.166865,517.165796549161,517.165662023405,4553137,NA,192534.4,20.59,-1,0.26012120598145,0.493898844684763,0.73553288925895,0.590552462514438,21,0.787878787878788,0.181818181818182,"O6","de-protonated",0,NA,"C33 H26 O6",33,26,6,NA,NA,NA,NA,NA,NA,NA,NA
4027,517.172629,517.171560533101,517.17153525022,9170355,NA,201060.4,43.58,-1,0.04888683872747,0.993899751204387,0.995207697507738,0.994422929725727,12,1.15384615384615,0.423076923076923,"O11","de-protonated",0,NA,"C26 H30 O11",26,30,11,NA,NA,NA,NA,NA,NA,NA,NA
4028,517.185527,517.184458497165,517.18428946806,9522615,NA,198043.1,45.33,-1,0.326825674849493,0.490402583643398,0.72968508002065,0.586115582194299,20,0.882352941176471,0.0882352941176471,"S1 O3","de-protonated",0,NA,"C34 H30 O3 S1",34,30,3,NA,NA,1,NA,NA,NA,NA,NA
4029,517.193632,517.192563474582,517.192664618319,2378169.3,NA,221946.3,9.76,-1,-0.1955629766026,0.993084539772586,0,0.595850723863551,7,1.47826086956522,0.565217391304348,"O13","de-protonated",0,NA,"C23 H34 O13",23,34,13,NA,NA,NA,NA,NA,NA,NA,NA
4030,517.203297,517.202228447654,517.202047532789,2419900,NA,118923.8,9.97,-1,0.349795336040802,0.978043162516234,0,0.58682589750974,20,0.882352941176471,0.147058823529412,"O5","de-protonated",0,NA,"C34 H30 O5",34,30,5,NA,NA,NA,NA,NA,NA,NA,NA
4031,517.20893,517.207861431959,517.207920759604,4979134,NA,202213.6,22.71,-1,-0.11470753431274,0.498807689434274,0.772687513667176,0.608359619127435,11,1.25925925925926,0.37037037037037,"O10","de-protonated",0,NA,"C27 H34 O10",27,34,10,NA,NA,NA,NA,NA,NA,NA,NA
4033,517.23028,517.229211372473,517.229050127703,2207172.5,NA,247558.9,8.91,-1,0.311747318669296,0.982520232162028,0,0.589512139297217,6,1.58333333333333,0.5,"O12","de-protonated",0,NA,"C24 H38 O12",24,38,12,NA,NA,NA,NA,NA,NA,NA,NA
4034,517.243777,517.242708334867,517.242806667251,2447560.5,NA,130653.7,10.11,-1,-0.190108750071354,0.993463657338525,0,0.596078194403115,0,2.13636363636364,0.318181818181818,"S2 P1 O7","de-protonated",0,NA,"C22 H47 O7 S2 P1",22,47,7,NA,1,2,NA,NA,NA,NA,NA
4036,517.266452,517.26538327169,517.265435637088,3032527.5,NA,196903.6,13.02,-1,-0.101235060926055,0.998142144277464,0,0.598885286566479,5,1.68,0.44,"O11","de-protonated",0,NA,"C25 H42 O11",25,42,11,NA,NA,NA,NA,NA,NA,NA,NA
4037,517.302801,517.301732170414,517.301821146472,2494938.8,NA,167600.9,10.34,-1,-0.172000280299755,0.994646386510202,0,0.596787831906121,4,1.76923076923077,0.384615384615385,"O10","de-protonated",0,NA,"C26 H46 O10",26,46,10,NA,NA,NA,NA,NA,NA,NA,NA
4042,518.168475,518.167403758457,518.167653602338,2067171,NA,135670,8.21,-1,-0.482168038140436,0.958693094056247,0,0.575215856433748,11,1.26923076923077,0.230769230769231,"N1 S2 O6","de-protonated",0,NA,"C26 H33 O6 S2 N1",26,33,6,1,NA,2,NA,NA,NA,NA,NA
4044,518.189118,518.188046700941,518.187913590512,3679977.3,NA,212647,16.24,-1,0.256876754106483,0.988098378751473,0,0.592859027250884,7,1.5,0.590909090909091,"N1 O13","de-protonated",0,NA,"C22 H33 O13 N1",22,33,13,1,NA,NA,NA,NA,NA,NA,NA
4045,518.225224,518.224152600342,518.224299099896,3386100.3,NA,164918.8,14.78,-1,-0.282695262488446,0.985603865573971,0,0.591362319344383,6,1.60869565217391,0.521739130434783,"N1 O12","de-protonated",0,NA,"C23 H37 O12 N1",23,37,12,1,NA,NA,NA,NA,NA,NA,NA
4046,518.261732,518.260660498623,518.260684609281,2671871.3,NA,197641.1,11.22,-1,-0.046522258818842,0.999607363978319,0,0.599764418386991,5,1.70833333333333,0.458333333333333,"N1 O11","de-protonated",0,NA,"C24 H41 O11 N1",24,41,11,1,NA,NA,NA,NA,NA,NA,NA
4047,519.042649,519.041575322818,519.041643277161,4665323,NA,184602.4,21.15,-1,-0.130922717651539,0.498447331770642,0.806643077274283,0.621725629972098,15,0.727272727272727,0.681818181818182,"O15","de-protonated",0,NA,"C22 H16 O15",22,16,15,NA,NA,NA,NA,NA,NA,NA,NA
4048,519.079116,519.078042221213,519.078028786545,7964662,NA,195452.9,37.57,-1,0.0258817893093381,0.984700110560694,0.993210962488948,0.988104451331995,14,0.869565217391304,0.608695652173913,"O14","de-protonated",0,NA,"C23 H20 O14",23,20,14,NA,NA,NA,NA,NA,NA,NA,NA
4049,519.09216,519.09108618487,519.090915946167,6326266,NA,195865.4,29.41,-1,0.327955465202919,0.490336761585745,0.821075868479145,0.622632404343105,9,1.25,0.7,"P1 O14","de-protonated",0,NA,"C20 H25 O14 P1",20,25,14,NA,1,NA,NA,NA,NA,NA,NA
4050,519.109518,519.108444136506,519.108541069115,3354111.3,NA,142957.9,14.62,-1,-0.186728979513107,0.496846635465335,0.747514279669976,0.597113693147191,22,0.645161290322581,0.258064516129032,"O8","de-protonated",0,NA,"C31 H20 O8",31,20,8,NA,NA,NA,NA,NA,NA,NA,NA
4051,519.115432,519.114358120029,519.114414295929,12832769,NA,192953.3,61.8,-1,-0.108214872855227,0.990511534341888,0.983444446965905,0.987684699391495,13,1,0.541666666666667,"O13","de-protonated",0,NA,"C24 H24 O13",24,24,13,NA,NA,NA,NA,NA,NA,NA,NA
4052,519.128595,519.127521083354,519.127301455551,8882181,NA,205055.2,42.14,-1,0.423071185247881,0.484022182934824,0.813795485951173,0.615931504141363,8,1.38095238095238,0.619047619047619,"P1 O13","de-protonated",0,NA,"C21 H29 O13 P1",21,29,13,NA,1,NA,NA,NA,NA,NA,NA
4053,519.146127,519.145053034506,519.144926578499,3630090.3,NA,172034.1,15.99,-1,0.2435851730846,0.494645858858294,0.741475186234394,0.593377589808734,21,0.75,0.21875,"O7","de-protonated",0,NA,"C32 H24 O7",32,24,7,NA,NA,NA,NA,NA,NA,NA,NA
4054,519.15187,519.150796018505,519.150799805313,14516236,NA,198598,70.18,-1,-0.0072942367854782,0.992249111609375,0.981485590766894,0.987943703272382,12,1.12,0.48,"O12","de-protonated",0,NA,"C25 H28 O12",25,28,12,NA,NA,NA,NA,NA,NA,NA,NA
4055,519.164982,519.163907981972,519.163686964935,7997456,NA,200537.8,37.73,-1,0.425717440876015,0.973616528459748,0.944730073521393,0.962061946484406,7,1.5,0.545454545454545,"P1 O12","de-protonated",0,NA,"C22 H33 O12 P1",22,33,12,NA,1,NA,NA,NA,NA,NA,NA
4056,519.180668,519.179593938267,519.179812486146,2984724.5,NA,113205.4,12.78,-1,-0.420948337309262,0.96835913422602,0,0.581015480535612,10,1.37037037037037,0.148148148148148,"S2 P1 O4","de-protonated",0,NA,"C27 H37 O4 S2 P1",27,37,4,NA,1,2,NA,NA,NA,NA,NA
4057,519.18827,519.187195917086,519.187185314698,10596375,NA,199106.6,50.67,-1,0.0204211289158113,0.998797562455661,0.984367482070116,0.993025530301443,11,1.23076923076923,0.423076923076923,"O11","de-protonated",0,NA,"C26 H32 O11",26,32,11,NA,NA,NA,NA,NA,NA,NA,NA
4058,519.201406,519.200331880486,519.20007247432,7010331,NA,207612.6,32.82,-1,0.499626599594573,0.957693576216625,0.953908819912691,0.956179673695052,6,1.60869565217391,0.478260869565217,"P1 O11","de-protonated",0,NA,"C23 H37 O11 P1",23,37,11,NA,1,NA,NA,NA,NA,NA,NA
4059,519.224582,519.223507815913,519.223570824082,5074978,NA,210976.3,23.18,-1,-0.121350748430678,0.4986657762728,0.772687513667176,0.60827447123055,10,1.33333333333333,0.37037037037037,"O10","de-protonated",0,NA,"C27 H36 O10",27,36,10,NA,NA,NA,NA,NA,NA,NA,NA
4060,519.237734,519.236659779269,519.236457983704,6639653.5,NA,192295.1,30.97,-1,0.388639051692918,0.984882016090543,0.897606152134962,0.94997167050831,5,1.70833333333333,0.416666666666667,"P1 O10","de-protonated",0,NA,"C24 H41 O10 P1",24,41,10,NA,1,NA,NA,NA,NA,NA,NA
4061,519.273991,519.272916678249,519.272710551307,4130864.5,NA,194374.9,18.48,-1,0.39695315756218,0.974015200686893,0.939562590879736,0.96023415676403,17,1.11111111111111,0.0277777777777778,"S1 O1","de-protonated",0,NA,"C36 H40 O1 S1",36,40,1,NA,NA,1,NA,NA,NA,NA,NA
4062,519.32163,519.320555545516,519.320462391765,25649214,NA,199136.4,125.61,-1,0.179376238890021,0.990791738155558,0.993020146253347,0.991683101394673,3,1.96,0.28,"N2 P1 O7","de-protonated",0,NA,"C25 H49 O7 N2 P1",25,49,7,2,1,NA,NA,NA,NA,NA,NA
4065,520.110857,520.109780346558,520.109663268122,2035498.3,NA,177769.1,8.05,-1,0.225103365565038,0.990847856486628,0,0.594508713891977,13,1,0.565217391304348,"N1 O13","de-protonated",0,NA,"C23 H23 O13 N1",23,23,13,1,NA,NA,NA,NA,NA,NA,NA
4067,520.132087,520.131010287406,520.130792636222,2006832.5,NA,249138.9,7.91,-1,0.418454719261755,0.968726986322482,0,0.581236191793489,8,1.35,0.75,"N1 O15","de-protonated",0,NA,"C20 H27 O15 N1",20,27,15,1,NA,NA,NA,NA,NA,NA,NA
4068,520.147524,520.146447244396,520.146538034877,2263861,NA,188536.8,9.19,-1,-0.174547891134289,0.994487061318126,0,0.596692236790875,16,1.03703703703704,0.148148148148148,"N3 S1 P1 O4","de-protonated",0,NA,"C27 H28 O4 S1 N3 P1",27,28,4,3,1,1,NA,NA,NA,NA,NA
4078,521.058349,521.057269706639,521.057293341639,6404674,NA,204664.9,29.8,-1,-0.0453596948404887,0.499813369329804,0.806643077274283,0.622545252507595,14,0.818181818181818,0.681818181818182,"O15","de-protonated",0,NA,"C22 H18 O15",22,18,15,NA,NA,NA,NA,NA,NA,NA,NA
4079,521.071316,521.07023667051,521.070047559479,3160645.8,NA,178106.6,13.65,-1,0.362928231746975,0.976383481150147,0,0.585830088690088,22,0.6,0.233333333333333,"S1 O7","de-protonated",0,NA,"C30 H18 O7 S1",30,18,7,NA,NA,1,NA,NA,NA,NA,NA
4080,521.094763,521.093683605181,521.093678851023,11543117,NA,191045.3,55.38,-1,0.00912342354713467,0.997428859077189,0.995948880858535,0.996836867789727,13,0.956521739130435,0.608695652173913,"O14","de-protonated",0,NA,"C23 H22 O14",23,22,14,NA,NA,NA,NA,NA,NA,NA,NA
4082,521.131169,521.130089503746,521.130064360407,17691224,NA,199445.7,85.99,-1,0.0482477232913252,0.999321416549477,0.996664451477514,0.998258630520692,12,1.08333333333333,0.541666666666667,"O13","de-protonated",0,NA,"C24 H26 O13",24,26,13,NA,NA,NA,NA,NA,NA,NA,NA
4083,521.144229,521.143149467358,521.142951520029,4917851,NA,205119,22.4,-1,0.379833073836329,0.487080750936304,0.813795485951173,0.617766644942252,7,1.47619047619048,0.619047619047619,"P1 O13","de-protonated",0,NA,"C21 H31 O13 P1",21,31,13,NA,1,NA,NA,NA,NA,NA,NA
4085,521.167563,521.166483402345,521.166449869791,16446050,NA,199304.2,79.79,-1,0.0643413504139453,0.997751550301362,0.988028719724058,0.993862418070441,11,1.2,0.48,"O12","de-protonated",0,NA,"C25 H30 O12",25,30,12,NA,NA,NA,NA,NA,NA,NA,NA
4086,521.180611,521.17953136599,521.179337029413,4686437.5,NA,209502.5,21.25,-1,0.372878513904441,0.487543621244984,0.806643077274283,0.615183403656704,6,1.59090909090909,0.545454545454545,"P1 O12","de-protonated",0,NA,"C22 H35 O12 P1",22,35,12,NA,1,NA,NA,NA,NA,NA,NA
4087,521.196029,521.194949323032,521.194789875191,3838570.3,NA,204332.5,17.03,-1,0.305927543012129,0.98316129875345,0,0.58989677925207,2,2.125,0.9375,"N4 O15","de-protonated",0,NA,"C16 H34 O15 N4",16,34,15,4,NA,NA,NA,NA,NA,NA,NA
4088,521.203903,521.202823301094,521.202835379176,8661612,NA,194057.9,41.04,-1,-0.0231734776368076,0.994162684619126,0.975923213018111,0.98686689597872,10,1.30769230769231,0.423076923076923,"O11","de-protonated",0,NA,"C26 H34 O11",26,34,11,NA,NA,NA,NA,NA,NA,NA,NA
4089,521.216745,521.215665265313,521.215589597016,6285936.5,NA,203916.1,29.21,-1,0.145176579790517,0.498091523608559,0.72968508002065,0.590728946173395,18,1,0.0882352941176471,"S1 O3","de-protonated",0,NA,"C34 H34 O3 S1",34,34,3,NA,NA,1,NA,NA,NA,NA,NA
4091,521.240034,521.238954200425,521.239058697308,2932343,NA,192778.8,12.51,-1,-0.200477844713923,0.992733856396972,0,0.595640313838183,4,1.95454545454545,0.181818181818182,"N4 S2 P1 O4","de-protonated",0,NA,"C22 H43 O4 S2 N4 P1",22,43,4,4,1,2,NA,NA,NA,NA,NA
4092,521.25334,521.252260163351,521.252108048182,6318715,NA,206724.3,29.37,-1,0.291826482442993,0.98891899549582,0.946506595164294,0.971954035363209,4,1.79166666666667,0.416666666666667,"P1 O10","de-protonated",0,NA,"C24 H43 O10 P1",24,43,10,NA,1,NA,NA,NA,NA,NA,NA
4093,521.289721,521.288641061986,521.288493557566,3690117.8,NA,199092.8,16.29,-1,0.282961203679493,0.985576963320223,0,0.591346177992134,3,1.88,0.36,"P1 O9","de-protonated",0,NA,"C25 H47 O9 P1",25,47,9,NA,1,NA,NA,NA,NA,NA,NA
4096,522.089799,522.088716832794,522.088927823216,1866606.5,NA,175607.7,7.21,-1,-0.404127362858029,0.970800777285051,0,0.582480466371031,13,0.954545454545455,0.636363636363636,"N1 O14","de-protonated",0,NA,"C22 H21 O14 N1",22,21,14,1,NA,NA,NA,NA,NA,NA,NA
4098,522.126535,522.12545273044,522.1253133326,1831801.1,NA,218260.8,7.03,-1,0.266981577057913,0.987149768036566,0,0.592289860821939,12,1.08695652173913,0.565217391304348,"N1 O13","de-protonated",0,NA,"C23 H25 O13 N1",23,25,13,1,NA,NA,NA,NA,NA,NA,NA
4100,522.162909,522.161826629094,522.161698841984,2512771.8,NA,190723.5,10.42,-1,0.244727083124897,0.989191628855457,0,0.593514977313274,11,1.20833333333333,0.5,"N1 O12","de-protonated",0,NA,"C24 H29 O12 N1",24,29,12,1,NA,NA,NA,NA,NA,NA,NA
4102,522.184099,522.183016570054,522.182828210084,1990025.8,NA,211234.8,7.82,-1,0.360716515076967,0.976667072003464,0,0.586000243202079,6,1.57142857142857,0.666666666666667,"N1 O14","de-protonated",0,NA,"C21 H33 O14 N1",21,33,14,1,NA,NA,NA,NA,NA,NA,NA
4104,522.212078,522.210995492098,522.210838569209,2488210,NA,193689.8,10.3,-1,0.300497189338583,0.983748941502759,0,0.590249364901655,18,1,0.0909090909090909,"N1 S1 O3","de-protonated",0,NA,"C33 H33 O3 S1 N1",33,33,3,1,NA,1,NA,NA,NA,NA,NA
4107,522.322176,522.321093185341,522.320997419069,2675633.8,NA,192686.4,11.24,-1,0.18334754413096,0.993918927568293,0,0.596351356540976,1,2.07692307692308,0.115384615384615,"N1 S2 P1 O3","de-protonated",0,NA,"C26 H54 O3 S2 N1 P1",26,54,3,1,1,2,NA,NA,NA,NA,NA
4111,523.037473,523.036388192368,523.036557896732,3235967.3,NA,209930,14.02,-1,-0.324459852113741,0.981079419987805,0,0.588647651992683,14,0.761904761904762,0.761904761904762,"O16","de-protonated",0,NA,"C21 H16 O16",21,16,16,NA,NA,NA,NA,NA,NA,NA,NA
4112,523.074004,523.072919090585,523.072943406117,8709258,NA,205288.7,41.27,-1,-0.0464859294788542,0.499803988419741,0.806643077274283,0.622539623961558,13,0.909090909090909,0.681818181818182,"O15","de-protonated",0,NA,"C22 H20 O15",22,20,15,NA,NA,NA,NA,NA,NA,NA,NA
4114,523.110495,523.109409988913,523.109328915501,15807636,NA,195962.7,76.61,-1,0.154983685919279,0.983139686377658,0.988373341524973,0.985233148436584,12,1.04347826086957,0.608695652173913,"O14","de-protonated",0,NA,"C23 H24 O14",23,24,14,NA,NA,NA,NA,NA,NA,NA,NA
4116,523.146845,523.145759887634,523.145714424885,18744478,NA,195965.4,91.23,-1,0.0869026494474433,0.998237245824028,0.97095036516523,0.987322493560509,11,1.16666666666667,0.541666666666667,"O13","de-protonated",0,NA,"C24 H28 O13",24,28,13,NA,NA,NA,NA,NA,NA,NA,NA
4117,523.175116,523.174030808865,523.173857725792,10704039,NA,192674.7,51.2,-1,0.330832800656909,0.989153826056838,0.966993426963634,0.980289666419556,10,1.32,0.4,"P1 O10","de-protonated",0,NA,"C25 H33 O10 P1",25,33,10,NA,1,NA,NA,NA,NA,NA,NA
4118,523.18311,523.182024786592,523.182099934269,13067433,NA,197684.3,62.97,-1,-0.143635796736413,0.980704958124107,0.993774596807585,0.985932813597498,10,1.28,0.48,"O12","de-protonated",0,NA,"C25 H32 O12",25,32,12,NA,NA,NA,NA,NA,NA,NA,NA
4119,523.196075,523.194989750468,523.19485415211,4229292.5,NA,197104.3,18.97,-1,0.25917372355839,0.493942940407894,0.73553288925895,0.590578919948316,18,0.96969696969697,0.121212121212121,"S1 O4","de-protonated",0,NA,"C33 H32 O4 S1",33,32,4,NA,NA,1,NA,NA,NA,NA,NA
4120,523.211567,523.210481707304,523.210243235176,4808881,NA,174958.7,21.85,-1,0.455786427818442,0.481503605029037,0.779247987650237,0.600601358077517,9,1.42307692307692,0.346153846153846,"P1 O9","de-protonated",0,NA,"C26 H37 O9 P1",26,37,9,NA,1,NA,NA,NA,NA,NA,NA
4121,523.219412,523.218326685446,523.218485443654,6022323.5,NA,192266.9,27.89,-1,-0.303426220389792,0.491716620871525,0.779247987650237,0.60672916758301,9,1.38461538461538,0.423076923076923,"O11","de-protonated",0,NA,"C26 H36 O11",26,36,11,NA,NA,NA,NA,NA,NA,NA,NA
4122,523.232579,523.23149364876,523.231239661494,5102775,NA,210356.5,23.32,-1,0.485420683486822,0.978855868502704,0.977988426381595,0.97850889165426,17,1.05882352941176,0.0882352941176471,"S1 O3","de-protonated",0,NA,"C34 H36 O3 S1",34,36,3,NA,NA,1,NA,NA,NA,NA,NA
4123,523.247697,523.246611606638,523.246628744561,2078651.4,NA,151126.3,8.26,-1,-0.0327530491615124,0.99980536764609,0,0.599883220587654,8,1.51851851851852,0.296296296296296,"P1 O8","de-protonated",0,NA,"C27 H41 O8 P1",27,41,8,NA,1,NA,NA,NA,NA,NA,NA
4124,523.26901,523.267924547255,523.26775811266,4629697.5,NA,211385.7,20.96,-1,0.318067744077446,0.490905410637294,0.792708917554682,0.611626813404249,3,1.875,0.416666666666667,"P1 O10","de-protonated",0,NA,"C24 H45 O10 P1",24,45,10,NA,1,NA,NA,NA,NA,NA,NA
4126,523.305337,523.304251446041,523.304010680263,1992395.8,NA,229089.4,7.83,-1,0.460087774745773,0.962319083286247,0,0.577391449971748,15,1.22222222222222,0.0277777777777778,"S1 O1","de-protonated",0,NA,"C36 H44 O1 S1",36,44,1,NA,NA,1,NA,NA,NA,NA,NA
4129,524.105778,524.104690215838,524.104577887694,2196398.8,NA,218466.4,8.85,-1,0.214323912515785,0.99169983999523,0,0.595019903997138,12,1.04545454545455,0.636363636363636,"N1 O14","de-protonated",0,NA,"C22 H23 O14 N1",22,23,14,1,NA,NA,NA,NA,NA,NA,NA
4131,524.141942,524.140854115077,524.140963397078,2550713,NA,178111.5,10.61,-1,-0.208497349063155,0.99214324484754,0,0.595285946908524,11,1.17391304347826,0.565217391304348,"N1 O13","de-protonated",0,NA,"C23 H27 O13 N1",23,27,13,1,NA,NA,NA,NA,NA,NA,NA
4135,524.191479,524.190390977056,524.190236066084,2275783,NA,222832.8,9.24,-1,0.295524335773447,0.984278144760191,0,0.590566886856115,5,1.71428571428571,0.571428571428571,"N1 P1 O12","de-protonated",0,NA,"C21 H36 O12 N1 P1",21,36,12,1,1,NA,NA,NA,NA,NA,NA
4136,524.227818,524.226729875807,524.226488633687,5244369,NA,198639.4,24.02,-1,0.460186819107427,0.481151583962055,0.73553288925895,0.582904106080813,17,1.06060606060606,0.0909090909090909,"N1 S1 O3","de-protonated",0,NA,"C33 H35 O3 S1 N1",33,35,3,1,NA,1,NA,NA,NA,NA,NA
4138,524.272558,524.271469751152,524.27124929333,2056669.8,NA,228079.8,8.15,-1,0.420503359626332,0.968424926130104,0,0.581054955678063,3,1.8695652173913,0.521739130434783,"N1 O12","de-protonated",0,NA,"C23 H43 O12 N1",23,43,12,1,NA,NA,NA,NA,NA,NA,NA
4142,524.963417,524.962326826269,524.962168135083,2681503.3,NA,221937.7,11.26,-1,0.302290708806538,0.983555982018441,0,0.590133589211065,19,0.5,0.363636363636364,"N2 S2 P1 O8","de-protonated",0,NA,"C22 H11 O8 S2 N2 P1",22,11,8,2,1,2,NA,NA,NA,NA,NA
4143,525.053365,525.052274575654,525.05220796121,5189304.5,NA,192614.8,23.75,-1,0.1268720375159,0.498541784883718,0.813795485951173,0.6246432653107,13,0.857142857142857,0.761904761904762,"O16","de-protonated",0,NA,"C21 H18 O16",21,18,16,NA,NA,NA,NA,NA,NA,NA,NA
4144,525.079611,525.078520502527,525.078697491787,3331263.8,NA,177681.3,14.5,-1,-0.337071874470554,0.979595314702947,0,0.587757188821768,17,0.75,0.5,"N2 O12","de-protonated",0,NA,"C24 H18 O12 N2",24,18,12,2,NA,NA,NA,NA,NA,NA,NA
4145,525.08975,525.088659474277,525.088593470595,11298499,NA,191238.3,54.16,-1,0.125700088376579,0.996597212123181,0.965125080413964,0.984008359439494,12,1,0.681818181818182,"O15","de-protonated",0,NA,"C22 H22 O15",22,22,15,NA,NA,NA,NA,NA,NA,NA,NA
4146,525.1137,525.112609407547,525.112581077727,5551817,NA,217078,25.55,-1,0.0539499928554541,0.499736007286632,0.759892473118277,0.60379859361929,20,0.758620689655172,0.206896551724138,"N2 S1 O6","de-protonated",0,NA,"C29 H22 O6 S1 N2",29,22,6,2,NA,1,NA,NA,NA,NA,NA
4147,525.118027,525.116936395491,525.116736771501,8160970.5,NA,179309.1,38.54,-1,0.38015164219731,0.986928348360517,0.945309139006897,0.970280664619069,11,1.17391304347826,0.521739130434783,"P1 O12","de-protonated",0,NA,"C23 H27 O12 P1",23,27,12,NA,1,NA,NA,NA,NA,NA,NA
4148,525.126083,525.124992373046,525.124978979979,17192652,NA,193437.3,83.5,-1,0.0255045316335185,0.994945966001831,0.990889024200575,0.993323189281328,11,1.1304347826087,0.608695652173913,"O14","de-protonated",0,NA,"C23 H26 O14",23,26,14,NA,NA,NA,NA,NA,NA,NA,NA
4149,525.154334,525.153243294332,525.152989339104,11888341,NA,190473.2,57.09,-1,0.483583323423522,0.969478972985224,0.999214445056492,0.981373161813731,23,0.742857142857143,0.0857142857142857,"S1 O3","de-protonated",0,NA,"C35 H26 O3 S1",35,26,3,NA,NA,1,NA,NA,NA,NA,NA
4150,525.162362,525.161271271964,525.161364489363,15230679,NA,193807.8,73.73,-1,-0.17750239276553,0.9937619539865,0.993162735064738,0.993522266417795,10,1.25,0.541666666666667,"O13","de-protonated",0,NA,"C24 H30 O13",24,30,13,NA,NA,NA,NA,NA,NA,NA,NA
4151,525.171961,525.170870245219,525.170747403834,3403481.5,NA,201376.2,14.85,-1,0.233907517635153,0.495060781539152,0.723929522638802,0.586608277979012,23,0.742857142857143,0.142857142857143,"O5","de-protonated",0,NA,"C35 H26 O5",35,26,5,NA,NA,NA,NA,NA,NA,NA,NA
4152,525.19064,525.189549193176,525.189374848488,24438494,NA,192876.5,119.57,-1,0.33196537401906,0.245050690574926,0.661461989317088,0.41161521007179,22,0.833333333333333,0.0555555555555556,"S1 O2","de-protonated",0,NA,"C36 H30 O2 S1",36,30,2,NA,NA,1,NA,NA,NA,NA,NA
4153,525.198683,525.197592170766,525.197749998747,7112417,NA,193405.6,33.32,-1,-0.300511533820452,0.990425043623174,0.927066931455296,0.965081798756023,9,1.36,0.48,"O12","de-protonated",0,NA,"C25 H34 O12",25,34,12,NA,NA,NA,NA,NA,NA,NA,NA
4154,525.211757,525.210666134339,525.210504216588,2165988.5,NA,147514.8,8.69,-1,0.30829115175094,0.982902346305735,0,0.589741407783441,17,1.03030303030303,0.121212121212121,"S1 O4","de-protonated",0,NA,"C33 H34 O4 S1",33,34,4,NA,NA,1,NA,NA,NA,NA,NA
4156,525.234964,525.233873069679,525.234135508132,3287787,NA,216216.5,14.28,-1,-0.499659932173849,0.955710259502786,0,0.573426155701672,8,1.46153846153846,0.423076923076923,"O11","de-protonated",0,NA,"C26 H38 O11",26,38,11,NA,NA,NA,NA,NA,NA,NA,NA
4157,525.248276,525.247185032589,525.247022667754,4782830.5,NA,211628.1,21.72,-1,0.309120905831828,0.491405491845666,0.799615297578637,0.614689414138855,3,1.8695652173913,0.478260869565217,"P1 O11","de-protonated",0,NA,"C23 H43 O11 P1",23,43,11,NA,1,NA,NA,NA,NA,NA,NA
4163,526.149576,526.148482521371,526.148238311297,11761639,NA,198880.8,56.46,-1,0.464146900283363,0.480832118130098,0.72968508002065,0.580373302886319,23,0.735294117647059,0.0882352941176471,"N1 S1 O3","de-protonated",0,NA,"C34 H25 O3 S1 N1",34,25,3,1,NA,1,NA,NA,NA,NA,NA
4166,526.170519,526.169425463019,526.169367679396,2060781.1,NA,236445.9,8.17,-1,0.109819435174876,0.997814065536956,0,0.598688439322174,18,0.935483870967742,0.161290322580645,"N1 S1 O5","de-protonated",0,NA,"C31 H29 O5 S1 N1",31,29,5,1,NA,1,NA,NA,NA,NA,NA
4169,526.207184,526.206090360863,526.205886130562,1925111.1,NA,232726.2,7.49,-1,0.388118615566676,0.973037443359525,0,0.583822466015715,4,1.80952380952381,0.571428571428571,"N1 P1 O12","de-protonated",0,NA,"C21 H38 O12 N1 P1",21,38,12,1,1,NA,NA,NA,NA,NA,NA
4172,527.04795,527.046854018305,527.046728657589,2954972.3,NA,193777.1,12.62,-1,0.237855031837002,0.989787047663124,0,0.593872228597874,17,0.666666666666667,0.583333333333333,"O14","de-protonated",0,NA,"C24 H16 O14",24,16,14,NA,NA,NA,NA,NA,NA,NA,NA
4173,527.068924,527.067827959867,527.067858025688,6412514,NA,190329.2,29.83,-1,-0.0570435485820385,0.499704873166686,0.813795485951173,0.625341118280481,12,0.952380952380952,0.761904761904762,"O16","de-protonated",0,NA,"C21 H20 O16",21,20,16,NA,NA,NA,NA,NA,NA,NA,NA
4174,527.083912,527.082815918107,527.082601102636,3096806,NA,190710.7,13.33,-1,0.40755560986244,0.485155367898715,0.707195036525566,0.573971235349455,34,0.315789473684211,0.0526315789473684,"N2 O2","de-protonated",0,NA,"C38 H12 O2 N2",38,12,2,2,NA,NA,NA,NA,NA,NA,NA
4176,527.105423,527.104326858173,527.104243535073,10995948,NA,202445.3,52.65,-1,0.158077081374328,0.981581793002672,0.981623237426577,0.981598370772234,11,1.09090909090909,0.681818181818182,"O15","de-protonated",0,NA,"C22 H24 O15",22,24,15,NA,NA,NA,NA,NA,NA,NA,NA
4177,527.112153,527.111056839422,527.111124526098,6114541.5,NA,174406.8,28.35,-1,-0.128410639579411,0.498506255508313,0.712686567164179,0.584178380170659,28,0.540540540540541,0.0540540540540541,"S1 O2","de-protonated",0,NA,"C37 H20 O2 S1",37,20,2,NA,NA,1,NA,NA,NA,NA,NA
4178,527.120577,527.119480815951,527.119499676357,3479791.8,NA,183599.3,15.23,-1,-0.0357801347469448,0.999767733096129,0,0.599860639857677,15,0.923076923076923,0.461538461538462,"O12","de-protonated",0,NA,"C26 H24 O12",26,24,12,NA,NA,NA,NA,NA,NA,NA,NA
4179,527.133732,527.132635779298,527.132386835979,13662451,NA,189896.8,65.92,-1,0.47225957793808,0.967914688172004,0.955559895818071,0.962972771230431,10,1.26086956521739,0.521739130434783,"P1 O12","de-protonated",0,NA,"C23 H29 O12 P1",23,29,12,NA,1,NA,NA,NA,NA,NA,NA
4180,527.141693,527.140596757117,527.140629044457,12146934,NA,193133.6,58.38,-1,-0.0612499553477238,0.499659758269612,0.799615297578637,0.619641973993222,10,1.21739130434783,0.608695652173913,"O14","de-protonated",0,NA,"C23 H28 O14",23,28,14,NA,NA,NA,NA,NA,NA,NA,NA
4181,527.169992,527.16889567827,527.168639403582,15563005,NA,192036.9,75.38,-1,0.486134167328747,0.64094914316447,0.912013275436807,0.749374796073405,22,0.8,0.0857142857142857,"S1 O3","de-protonated",0,NA,"C35 H28 O3 S1",35,28,3,NA,NA,1,NA,NA,NA,NA,NA
4182,527.178012,527.176915655924,527.177014553841,7543039.5,NA,206719,35.46,-1,-0.187599068619395,0.996384891233822,0.988502775516795,0.993232044947011,9,1.33333333333333,0.541666666666667,"O13","de-protonated",0,NA,"C24 H32 O13",24,32,13,NA,NA,NA,NA,NA,NA,NA,NA
4183,527.187702,527.186605628926,527.186397468311,7244034,NA,197789.4,33.97,-1,0.394852020447536,0.973272981827443,0.934019268082693,0.957571496329543,22,0.8,0.142857142857143,"O5","de-protonated",0,NA,"C35 H28 O5",35,28,5,NA,NA,NA,NA,NA,NA,NA,NA
4184,527.202144,527.201047588687,527.201002160974,2488070,NA,192193.2,10.29,-1,0.0861677296335756,0.998653672820684,0,0.59919220369241,17,1.03225806451613,0.129032258064516,"N2 S1 O4","de-protonated",0,NA,"C31 H32 O4 S1 N2",31,32,4,2,NA,1,NA,NA,NA,NA,NA
4185,527.206333,527.205236577016,527.205024912966,7338247,NA,185335.5,34.44,-1,0.401483368493257,0.485588027873382,0.718264051224716,0.578658437213916,21,0.888888888888889,0.0555555555555556,"S1 O2","de-protonated",0,NA,"C36 H32 O2 S1",36,32,2,NA,NA,1,NA,NA,NA,NA,NA
4186,527.214486,527.2133895543,527.213400063225,3401993.3,NA,178625.1,14.84,-1,-0.0199329639504412,0.999927908852892,0,0.599956745311735,8,1.44,0.48,"O12","de-protonated",0,NA,"C25 H36 O12",25,36,12,NA,NA,NA,NA,NA,NA,NA,NA
4187,527.227376,527.226279518385,527.226154281066,2558220.8,NA,202654.9,10.64,-1,0.237540035859342,0.989813942020681,0,0.593888365212408,16,1.09090909090909,0.121212121212121,"S1 O4","de-protonated",0,NA,"C33 H36 O4 S1",33,36,4,NA,NA,1,NA,NA,NA,NA,NA
4188,527.24278,527.241683475467,527.241543364132,3419408.8,NA,190628.3,14.93,-1,0.26574410903947,0.987267854596712,0,0.592360712758027,7,1.57692307692308,0.346153846153846,"P1 O9","de-protonated",0,NA,"C26 H41 O9 P1",26,41,9,NA,1,NA,NA,NA,NA,NA,NA
4189,527.25092,527.249823452787,527.24978557261,2706707,NA,199445.9,11.38,-1,0.0718448406349422,0.999063858194952,0,0.599438314916971,7,1.53846153846154,0.423076923076923,"O11","de-protonated",0,NA,"C26 H40 O11",26,40,11,NA,NA,NA,NA,NA,NA,NA,NA
4190,527.263951,527.26285441648,527.262672732232,3335446.5,NA,225996.8,14.51,-1,0.344580144128725,0.97868602667232,0,0.587211616003392,2,1.95652173913043,0.478260869565217,"P1 O11","de-protonated",0,NA,"C23 H45 O11 P1",23,45,11,NA,1,NA,NA,NA,NA,NA,NA
4191,527.287506,527.28640935085,527.286171081994,2652445,NA,209423.3,11.11,-1,0.451877688470668,0.96362734333917,0,0.578176406003502,6,1.62962962962963,0.37037037037037,"O10","de-protonated",0,NA,"C27 H44 O10",27,44,10,NA,NA,NA,NA,NA,NA,NA,NA
4192,527.323927,527.322830249373,527.323045848749,2064166.8,NA,200287.7,8.18,-1,-0.408856349345269,0.9701237870736,0,0.58207427224416,9,1.58064516129032,0.032258064516129,"N2 S1 P1 O1","de-protonated",0,NA,"C31 H49 O1 S1 N2 P1",31,49,1,2,1,1,NA,NA,NA,NA,NA
4193,528.100953,528.09985408441,528.099981764636,1882103.1,NA,181824.3,7.28,-1,-0.241772828537633,0.989449629965924,0,0.593669777979555,15,1,0.291666666666667,"N3 S1 P1 O7","de-protonated",0,NA,"C24 H24 O7 S1 N3 P1",24,24,7,3,1,1,NA,NA,NA,NA,NA
4195,528.116221,528.11512204187,528.115237905921,2187771.3,NA,132652.5,8.8,-1,-0.219391608052632,0.991304416061882,0,0.594782649637129,19,0.857142857142857,0.142857142857143,"N3 S1 P1 O4","de-protonated",0,NA,"C28 H24 O4 S1 N3 P1",28,24,4,3,1,1,NA,NA,NA,NA,NA
4198,528.147306,528.14620695526,528.146130311046,2522627.5,NA,263553.2,10.47,-1,0.145119333141772,0.996186051111226,0,0.597711630666736,22,0.794117647058823,0.0294117647058824,"N1 S2 O1","de-protonated",0,NA,"C34 H27 O1 S2 N1",34,27,1,1,NA,2,NA,NA,NA,NA,NA
4203,528.246223,528.245123679656,528.245034544803,2076701.8,NA,169652.4,8.25,-1,0.16873770147023,0.994847040546475,0,0.596908224327885,7,1.56,0.44,"N1 O11","de-protonated",0,NA,"C25 H39 O11 N1",25,39,11,1,NA,NA,NA,NA,NA,NA,NA
4204,529.063388,529.062286402856,529.062378722067,3557109.8,NA,198462.7,15.61,-1,-0.174495890530388,0.994490336549406,0,0.596694201929644,16,0.75,0.583333333333333,"O14","de-protonated",0,NA,"C24 H18 O14",24,18,14,NA,NA,NA,NA,NA,NA,NA,NA
4206,529.084653,529.083551343607,529.083508090166,5241595.5,NA,195180.4,24,-1,0.0817516330796851,0.499394026820455,0.813795485951173,0.625154610472742,11,1.04761904761905,0.761904761904762,"O16","de-protonated",0,NA,"C21 H22 O16",21,22,16,NA,NA,NA,NA,NA,NA,NA,NA
4207,529.099879,529.098777301184,529.098764231451,5117695.5,NA,184968.9,23.38,-1,0.0247018774984741,0.499944644635067,0.785920818505338,0.614335114183175,15,0.88,0.52,"O13","de-protonated",0,NA,"C25 H22 O13",25,22,13,NA,NA,NA,NA,NA,NA,NA,NA
4208,529.113009,529.111907264601,529.111651391073,9593603,NA,190470.9,45.67,-1,0.483590802250491,0.97402727137326,0.970443027809878,0.972593573947907,10,1.22727272727273,0.590909090909091,"P1 O13","de-protonated",0,NA,"C22 H27 O13 P1",22,27,13,NA,1,NA,NA,NA,NA,NA,NA
4209,529.121091,529.119989242083,529.119893599551,6589189,NA,198974.2,30.71,-1,0.18075777029808,0.497044499388735,0.806643077274283,0.620883930542954,10,1.18181818181818,0.681818181818182,"O15","de-protonated",0,NA,"C22 H26 O15",22,26,15,NA,NA,NA,NA,NA,NA,NA,NA
4210,529.13061,529.129508215561,529.129276514021,4065031.5,NA,174196.2,18.14,-1,0.437892118513606,0.482902805325814,0.73553288925895,0.583954838899068,23,0.666666666666667,0.212121212121212,"O7","de-protonated",0,NA,"C33 H22 O7",33,22,7,NA,NA,NA,NA,NA,NA,NA,NA
4211,529.136278,529.135176199768,529.135149740835,6320905,NA,195228.5,29.37,-1,0.0500041114641379,0.499773203291895,0.779247987650237,0.611563117035232,14,1,0.461538461538462,"O12","de-protonated",0,NA,"C26 H26 O12",26,26,12,NA,NA,NA,NA,NA,NA,NA,NA
4213,529.157442,529.156340140801,529.156279108935,6148878.5,NA,200769.5,28.52,-1,0.115338073927807,0.498794561161953,0.799615297578637,0.619122855728627,9,1.30434782608696,0.608695652173913,"O14","de-protonated",0,NA,"C23 H30 O14",23,30,14,NA,NA,NA,NA,NA,NA,NA,NA
4214,529.166984,529.165882114215,529.165662023405,4917009,NA,194142,22.38,-1,0.41592042970644,0.484549370370457,0.72968508002065,0.582603654230534,22,0.764705882352941,0.176470588235294,"O6","de-protonated",0,NA,"C34 H26 O6",34,26,6,NA,NA,NA,NA,NA,NA,NA,NA
4215,529.172677,529.171575098353,529.17153525022,4872978.5,NA,203172.7,22.16,-1,0.0753028658977026,0.499485810223893,0.772687513667176,0.608766491601206,13,1.11111111111111,0.407407407407407,"O11","de-protonated",0,NA,"C27 H30 O11",27,30,11,NA,NA,NA,NA,NA,NA,NA,NA
4216,529.185725,529.184623061998,529.184422409842,11352854,NA,193894.8,54.42,-1,0.379172455107897,0.487125067938267,0.792708917554682,0.609358607784833,8,1.45833333333333,0.458333333333333,"P1 O11","de-protonated",0,NA,"C24 H35 O11 P1",24,35,11,NA,1,NA,NA,NA,NA,NA,NA
4217,529.193782,529.19268003955,529.192664618319,3956504,NA,199916.8,17.6,-1,0.029141051565926,0.999845925485451,0,0.599907555291271,8,1.41666666666667,0.541666666666667,"O13","de-protonated",0,NA,"C24 H34 O13",24,34,13,NA,NA,NA,NA,NA,NA,NA,NA
4218,529.209025,529.20792299708,529.207920759604,3090204,NA,213441.7,13.29,-1,0.00422797062168224,0.999996756476523,0,0.599998053885914,12,1.21428571428571,0.357142857142857,"O10","de-protonated",0,NA,"C28 H34 O10",28,34,10,NA,NA,NA,NA,NA,NA,NA,NA
4219,529.222007,529.220904960909,529.220674977444,5985055.5,NA,193196.3,27.7,-1,0.434570067317726,0.483156832802466,0.718264051224716,0.577199720171366,20,0.944444444444444,0.0555555555555556,"S1 O2","de-protonated",0,NA,"C36 H34 O2 S1",36,34,2,NA,NA,1,NA,NA,NA,NA,NA
4220,529.23007,529.228967938443,529.229050127703,2562337.8,NA,211096.6,10.66,-1,-0.155299978215925,0.995633367067225,0,0.597380020240335,7,1.52,0.48,"O12","de-protonated",0,NA,"C25 H38 O12",25,38,12,NA,NA,NA,NA,NA,NA,NA,NA
4221,529.258279,529.257176859847,529.257060486829,2417449,NA,177319.7,9.94,-1,0.21987995451424,0.991265831501961,0,0.594759498901177,19,1.02702702702703,0.027027027027027,"S1 O1","de-protonated",0,NA,"C37 H38 O1 S1",37,38,1,NA,NA,1,NA,NA,NA,NA,NA
4222,529.266534,529.265431836847,529.265435637088,3512107.3,NA,208564.3,15.39,-1,-0.00718021731905824,0.999990645362243,0,0.599994387217346,6,1.61538461538462,0.423076923076923,"O11","de-protonated",0,NA,"C26 H42 O11",26,42,11,NA,NA,NA,NA,NA,NA,NA,NA
4223,529.303085,529.301982735008,529.301821146472,2808628.8,NA,194488,11.89,-1,0.305286189151524,0.983231232189116,0,0.58993873931347,5,1.7037037037037,0.37037037037037,"O10","de-protonated",0,NA,"C27 H46 O10",27,46,10,NA,NA,NA,NA,NA,NA,NA,NA
4225,530.152493,530.151388368372,530.151528081128,4473873.5,NA,206995.3,20.18,-1,-0.263533628104144,0.493738730687719,0.806643077274282,0.618900469322344,9,1.31818181818182,0.636363636363636,"N1 O14","de-protonated",0,NA,"C22 H29 O14 N1",22,29,14,1,NA,NA,NA,NA,NA,NA,NA
4226,530.189179,530.188074266157,530.187913590512,2693147.3,NA,224305.3,11.31,-1,0.303054144691666,0.983473509334519,0,0.590084105600711,8,1.43478260869565,0.565217391304348,"N1 O13","de-protonated",0,NA,"C23 H33 O13 N1",23,33,13,1,NA,NA,NA,NA,NA,NA,NA
4228,530.261903,530.260798063532,530.260684609281,2041389.9,NA,231161,8.07,-1,0.21395938746786,0.991727933035309,0,0.595036759821185,6,1.64,0.44,"N1 O11","de-protonated",0,NA,"C25 H41 O11 N1",25,41,11,1,NA,NA,NA,NA,NA,NA,NA
4229,531.042778,531.041670887844,531.041643277161,2753782,NA,212173.4,11.61,-1,0.0519934432816817,0.999509606756129,0,0.599705764053678,16,0.695652173913043,0.652173913043478,"O15","de-protonated",0,NA,"C23 H16 O15",23,16,15,NA,NA,NA,NA,NA,NA,NA,NA
4230,531.063841,531.062733829158,531.06277264526,2763003.5,NA,170713,11.66,-1,-0.0730913632152496,0.999031107766169,0,0.599418664659701,11,1,0.85,"O17","de-protonated",0,NA,"C20 H20 O17",20,20,17,NA,NA,NA,NA,NA,NA,NA,NA
4231,531.078982,531.077874786972,531.078028786545,6698239.5,NA,189486.2,31.25,-1,-0.289975417378957,0.492429277282634,0.792708917554682,0.612541133391453,15,0.833333333333333,0.583333333333333,"O14","de-protonated",0,NA,"C24 H20 O14",24,20,14,NA,NA,NA,NA,NA,NA,NA,NA
4232,531.092179,531.091071750202,531.090915946167,5887234.5,NA,198242.4,27.21,-1,0.293366033509223,0.492252583516796,0.813795485951173,0.620869744490547,10,1.19047619047619,0.666666666666667,"P1 O14","de-protonated",0,NA,"C21 H25 O14 P1",21,25,14,NA,1,NA,NA,NA,NA,NA,NA
4233,531.100401,531.099293727294,531.099158154644,3393796.8,NA,207532,14.8,-1,0.255268056096774,0.988246103676441,0,0.592947662205864,10,1.14285714285714,0.761904761904762,"O16","de-protonated",0,NA,"C21 H24 O16",21,24,16,NA,NA,NA,NA,NA,NA,NA,NA
4234,531.109547,531.108439701811,531.108541069115,2840839,NA,166960.1,12.05,-1,-0.190859863000268,0.993412076431757,0,0.596047245859054,23,0.625,0.25,"O8","de-protonated",0,NA,"C32 H20 O8",32,20,8,NA,NA,NA,NA,NA,NA,NA,NA
4235,531.115429,531.114321685423,531.114414295929,7658760.5,NA,192758.6,36.03,-1,-0.174370162285219,0.497249125745272,0.785920818505338,0.612717802849299,14,0.96,0.52,"O13","de-protonated",0,NA,"C25 H24 O13",25,24,13,NA,NA,NA,NA,NA,NA,NA,NA
4236,531.128605,531.127497648711,531.127301455551,11971852,NA,196451.3,57.5,-1,0.369390087321779,0.987609656147822,0.998996848774434,0.992164533198467,9,1.31818181818182,0.590909090909091,"P1 O13","de-protonated",0,NA,"C22 H29 O13 P1",22,29,13,NA,1,NA,NA,NA,NA,NA,NA
4237,531.136809,531.135701625853,531.135543664029,3345678,NA,196550.1,14.56,-1,0.297403980174539,0.984079120670971,0,0.590447472402582,9,1.27272727272727,0.681818181818182,"O15","de-protonated",0,NA,"C22 H28 O15",22,28,15,NA,NA,NA,NA,NA,NA,NA,NA
4239,531.151957,531.150849583648,531.150799805313,9506066,NA,190432.5,45.23,-1,0.0937178936853956,0.499203798748994,0.779247987650237,0.611221474309491,13,1.07692307692308,0.461538461538462,"O12","de-protonated",0,NA,"C26 H28 O12",26,28,12,NA,NA,NA,NA,NA,NA,NA,NA
4240,531.165041,531.163933547193,531.163686964935,11681045,NA,199829.7,56.05,-1,0.464230261536739,0.978931954387352,0.954395547316081,0.969117391558844,8,1.43478260869565,0.521739130434783,"P1 O12","de-protonated",0,NA,"C23 H33 O12 P1",23,33,12,NA,1,NA,NA,NA,NA,NA,NA
4241,531.173187,531.172079524496,531.171929173413,2043671.3,NA,217389,8.08,-1,0.283055400853861,0.985567428570044,0,0.591340457142027,8,1.39130434782609,0.608695652173913,"O14","de-protonated",0,NA,"C23 H32 O14",23,32,14,NA,NA,NA,NA,NA,NA,NA,NA
4243,531.188422,531.187314482048,531.187185314698,7451931,NA,202008.3,35,-1,0.243167293768367,0.992215584779991,0.976991508659755,0.986125954331897,12,1.18518518518519,0.407407407407407,"O11","de-protonated",0,NA,"C27 H32 O11",27,32,11,NA,NA,NA,NA,NA,NA,NA,NA
4245,531.209381,531.208273423652,531.208314682797,2272032.5,NA,178051.5,9.21,-1,-0.0776703680100395,0.998905975919425,0,0.599343585551655,7,1.5,0.541666666666667,"O13","de-protonated",0,NA,"C24 H36 O13",24,36,13,NA,NA,NA,NA,NA,NA,NA,NA
4246,531.224822,531.22371438063,531.223570824082,4007204.5,NA,207677.2,17.85,-1,0.27023753416285,0.49341825649086,0.766236582456902,0.602545586877277,11,1.28571428571429,0.357142857142857,"O10","de-protonated",0,NA,"C28 H36 O10",28,36,10,NA,NA,NA,NA,NA,NA,NA,NA
4247,531.237743,531.236635344629,531.236457983704,4686119.5,NA,202906.4,21.23,-1,0.333864369567257,0.489988952479357,0.785920818505338,0.60836169888975,6,1.64,0.4,"P1 O10","de-protonated",0,NA,"C25 H41 O10 P1",25,41,10,NA,1,NA,NA,NA,NA,NA,NA
4248,531.245911,531.244803321871,531.244700192181,2458409.8,NA,164044.2,10.14,-1,0.194128411813707,0.993185280028931,0,0.595911168017358,6,1.6,0.48,"O12","de-protonated",0,NA,"C25 H40 O12",25,40,12,NA,NA,NA,NA,NA,NA,NA,NA
4249,531.27396,531.272852243721,531.272710551307,2432304.8,NA,194189.5,10.01,-1,0.266703730612458,0.987176328326442,0,0.592305796995865,18,1.08108108108108,0.027027027027027,"S1 O1","de-protonated",0,NA,"C37 H40 O1 S1",37,40,1,NA,NA,1,NA,NA,NA,NA,NA
4250,531.282269,531.28116122057,531.281085701566,2951987,NA,181366.6,12.6,-1,0.142145102392885,0.996340499886955,0,0.597804299932173,5,1.69230769230769,0.423076923076923,"O11","de-protonated",0,NA,"C26 H44 O11",26,44,11,NA,NA,NA,NA,NA,NA,NA,NA
4252,532.154977,532.153866789015,532.153932090239,3210766.8,NA,188552.1,13.89,-1,-0.122711155717435,0.997271469871993,0,0.598362881923196,16,1.06666666666667,0.0666666666666667,"N1 S2 P1 O2","de-protonated",0,NA,"C30 H32 O2 S2 N1 P1",30,32,2,1,1,2,NA,NA,NA,NA,NA
4254,532.184652,532.183541706334,532.183574992884,1910294.4,NA,157792.5,7.41,-1,-0.0625471188149841,0.999290398846426,0,0.599574239307856,25,0.756756756756757,0.027027027027027,"N1 P1 O1","de-protonated",0,NA,"C37 H28 O1 N1 P1",37,28,1,1,1,NA,NA,NA,NA,NA,NA
4256,532.204884,532.203773649964,532.20356365499,3291675.5,NA,183741.8,14.29,-1,0.394576413668145,0.972145450695681,0,0.583287270417409,7,1.52173913043478,0.565217391304348,"N1 O13","de-protonated",0,NA,"C23 H35 O13 N1",23,35,13,1,NA,NA,NA,NA,NA,NA,NA
4257,532.241243,532.24013254866,532.239949164374,3020324.5,NA,203422.6,12.94,-1,0.344551898892585,0.978689483244553,0,0.587213689946732,6,1.625,0.5,"N1 O12","de-protonated",0,NA,"C24 H39 O12 N1",24,39,12,1,NA,NA,NA,NA,NA,NA,NA
4258,532.277705,532.276594447068,532.276334673759,1908781.6,NA,227214.8,7.4,-1,0.488042193123318,0.957702216152021,0,0.574621329691212,5,1.72,0.44,"N1 O11","de-protonated",0,NA,"C25 H43 O11 N1",25,43,11,1,NA,NA,NA,NA,NA,NA,NA
4259,533.058525,533.057412271534,533.057293341639,6608623,NA,185738.3,30.8,-1,0.223109029301442,0.49550428978798,0.799615297578637,0.617148692904243,15,0.782608695652174,0.652173913043478,"O15","de-protonated",0,NA,"C23 H18 O15",23,18,15,NA,NA,NA,NA,NA,NA,NA,NA
4260,533.071528,533.070415235305,533.070180501261,3355378.5,NA,173997.2,14.6,-1,0.440343603230194,0.965428386914659,0,0.579257032148795,10,1.15,0.75,"P1 O15","de-protonated",0,NA,"C20 H23 O15 P1",20,23,15,NA,1,NA,NA,NA,NA,NA,NA
4261,533.095003,533.093890169898,533.093678851023,8865528,NA,191428.3,42.04,-1,0.396401014733603,0.984736615105146,0.979983247780502,0.982835268175289,14,0.916666666666667,0.583333333333333,"O14","de-protonated",0,NA,"C24 H22 O14",24,22,14,NA,NA,NA,NA,NA,NA,NA,NA
4264,533.131112,533.129999069291,533.130064360407,12173057,NA,190816.1,58.5,-1,-0.122467519345432,0.997037172404018,0.981489263083848,0.99081800867595,13,1.04,0.52,"O13","de-protonated",0,NA,"C25 H26 O13",25,26,13,NA,NA,NA,NA,NA,NA,NA,NA
4265,533.144221,533.143108032766,533.142951520029,10225412,NA,193726.2,48.81,-1,0.293566175028857,0.492242091418769,0.806643077274283,0.618002485760974,8,1.40909090909091,0.590909090909091,"P1 O13","de-protonated",0,NA,"C22 H31 O13 P1",22,31,13,NA,1,NA,NA,NA,NA,NA,NA
4266,533.161642,533.160528984227,533.160576642977,3805960.5,NA,127279.5,16.85,-1,-0.0893891101414683,0.499275600290288,0.73553288925895,0.593778515877753,21,0.787878787878788,0.212121212121212,"O7","de-protonated",0,NA,"C33 H26 O7",33,26,7,NA,NA,NA,NA,NA,NA,NA,NA
4267,533.167531,533.166417967819,533.166449869791,13647626,NA,187960.6,65.84,-1,-0.0598349203835524,0.999646400248572,0.980210058491059,0.991871863545567,12,1.15384615384615,0.461538461538462,"O12","de-protonated",0,NA,"C26 H30 O12",26,30,12,NA,NA,NA,NA,NA,NA,NA,NA
4268,533.180612,533.179498931373,533.179337029413,6690573.5,NA,194359.2,31.21,-1,0.303653851743555,0.98390181450013,0.877404927349894,0.941303059640035,7,1.52173913043478,0.521739130434783,"P1 O12","de-protonated",0,NA,"C23 H35 O12 P1",23,35,12,NA,1,NA,NA,NA,NA,NA,NA
4270,533.203916,533.202802866443,533.202835379176,7946003,NA,192984.4,37.46,-1,-0.0609762940917088,0.999183031742557,0.997468502915919,0.998497220211902,11,1.25925925925926,0.407407407407407,"O11","de-protonated",0,NA,"C27 H34 O11",27,34,11,NA,NA,NA,NA,NA,NA,NA,NA
4271,533.217042,533.215928829871,533.215722538798,5914390.5,NA,201937.6,27.34,-1,0.386881077247424,0.972167532516515,0.939070015712983,0.958928525795102,6,1.625,0.458333333333333,"P1 O11","de-protonated",0,NA,"C24 H39 O11 P1",24,39,11,NA,1,NA,NA,NA,NA,NA,NA
4272,533.240402,533.239288764785,533.23922088856,3302172,NA,201812.1,14.34,-1,0.127290383408515,0.9970643331793,0,0.59823859990758,10,1.35714285714286,0.357142857142857,"O10","de-protonated",0,NA,"C28 H38 O10",28,38,10,NA,NA,NA,NA,NA,NA,NA,NA
4275,534.090287,534.08917139682,534.088927823216,2410475.3,NA,189516.6,9.9,-1,0.456054397668526,0.962964514892159,0,0.577778708935295,14,0.91304347826087,0.608695652173913,"N1 O14","de-protonated",0,NA,"C23 H21 O14 N1",23,21,14,1,NA,NA,NA,NA,NA,NA,NA
4277,534.111289,534.110173338304,534.110057191315,1838576.4,NA,250687.4,7.05,-1,0.217458905992728,0.991456293022215,0,0.594873775813329,9,1.25,0.8,"N1 O16","de-protonated",0,NA,"C20 H25 O16 N1",20,25,16,1,NA,NA,NA,NA,NA,NA,NA
4278,534.126399,534.125283296204,534.1253133326,2697716,NA,169224.6,11.33,-1,-0.0562347359688649,0.999426361151723,0,0.599655816691034,13,1.04166666666667,0.541666666666667,"N1 O13","de-protonated",0,NA,"C24 H25 O13 N1",24,25,13,1,NA,NA,NA,NA,NA,NA,NA
4280,534.147806,534.14669023656,534.1464427007,2123769.3,NA,234976.5,8.47,-1,0.463423211733251,0.961781375443137,0,0.577068825265882,8,1.38095238095238,0.714285714285714,"N1 O15","de-protonated",0,NA,"C21 H29 O15 N1",21,29,15,1,NA,NA,NA,NA,NA,NA,NA
4285,534.256737,534.255620933054,534.255599228852,2640403.5,NA,205811.1,11.04,-1,0.0406251272181469,0.999700581748245,0,0.599820349048947,5,1.70833333333333,0.5,"N1 O12","de-protonated",0,NA,"C24 H41 O12 N1",24,41,12,1,NA,NA,NA,NA,NA,NA,NA
4286,535.037773,535.036654756918,535.036557896732,3513550.8,NA,190466.8,15.39,-1,0.18103470497249,0.994070926536263,0,0.596442555921757,15,0.727272727272727,0.727272727272727,"O16","de-protonated",0,NA,"C22 H16 O16",22,16,16,NA,NA,NA,NA,NA,NA,NA,NA
4287,535.07409,535.07297165573,535.072943406117,7844055.5,NA,187692.3,36.95,-1,0.0527958183675129,0.49974717904767,0.799615297578637,0.619694426460057,14,0.869565217391304,0.652173913043478,"O15","de-protonated",0,NA,"C23 H20 O15",23,20,15,NA,NA,NA,NA,NA,NA,NA,NA
4288,535.087025,535.085906619691,535.085697623957,3791066.5,NA,193601.3,16.77,-1,0.390583667009262,0.48634929757869,0.747514279669976,0.590815290415204,22,0.645161290322581,0.225806451612903,"S1 O7","de-protonated",0,NA,"C31 H20 O7 S1",31,20,7,NA,NA,1,NA,NA,NA,NA,NA
4289,535.110451,535.109332554421,535.109328915501,14618848,NA,190138.8,70.67,-1,0.00680032999573407,0.999994531426196,0.977468565955412,0.990984145237882,13,1,0.583333333333333,"O14","de-protonated",0,NA,"C24 H24 O14",24,24,14,NA,NA,NA,NA,NA,NA,NA,NA
4290,535.123535,535.122416517966,535.122216075123,5452003,NA,201436.5,25.04,-1,0.374573951976332,0.487431527110815,0.813795485951173,0.617977110646958,8,1.38095238095238,0.666666666666667,"P1 O14","de-protonated",0,NA,"C21 H29 O14 P1",21,29,14,NA,1,NA,NA,NA,NA,NA,NA
4291,535.139203,535.138084474312,535.138341596333,3932903,NA,123648.4,17.48,-1,-0.480477666654941,0.479488099084592,0.779247987650237,0.59939205451085,11,1.26923076923077,0.230769230769231,"S2 P1 O6","de-protonated",0,NA,"C26 H33 O6 S2 P1",26,33,6,NA,1,2,NA,NA,NA,NA,NA
4292,535.146924,535.145805452799,535.145714424885,17494248,NA,190192.2,84.99,-1,0.170099304996112,0.992583306088908,0.996835997329477,0.994284382585136,12,1.12,0.52,"O13","de-protonated",0,NA,"C25 H28 O13",25,28,13,NA,NA,NA,NA,NA,NA,NA,NA
4294,535.175602,535.174483372896,535.174727105718,4757743.5,NA,159484.9,21.58,-1,-0.455426628378622,0.48153224988916,0.772687513667176,0.597994355400366,10,1.37037037037037,0.185185185185185,"S2 P1 O5","de-protonated",0,NA,"C27 H37 O5 S2 P1",27,37,5,NA,1,2,NA,NA,NA,NA,NA
4295,535.183367,535.182248351261,535.182099934269,13754609,NA,191175.9,66.37,-1,0.277320544907319,0.98694273322255,0.971462307904157,0.980750563095193,11,1.23076923076923,0.461538461538462,"O12","de-protonated",0,NA,"C26 H32 O12",26,32,12,NA,NA,NA,NA,NA,NA,NA,NA
4296,535.196366,535.195247315043,535.194987093891,4359412.5,NA,220702.7,19.6,-1,0.486217468204438,0.97032445151048,0.883706794427408,0.935677388677251,6,1.60869565217391,0.521739130434783,"P1 O12","de-protonated",0,NA,"C23 H37 O12 P1",23,37,12,NA,1,NA,NA,NA,NA,NA,NA
4297,535.211779,535.210660272099,535.210439939669,3213048,NA,142646.1,13.89,-1,0.411674388032797,0.969716845852589,0,0.581830107511554,2,2.11764705882353,0.882352941176471,"N4 O15","de-protonated",0,NA,"C17 H36 O15 N4",17,36,15,4,NA,NA,NA,NA,NA,NA,NA
4298,535.219695,535.218576250043,535.218485443654,6502650,NA,201376.1,30.27,-1,0.169662281785204,0.997305981526006,0.978578952004002,0.989815169717205,10,1.33333333333333,0.407407407407407,"O11","de-protonated",0,NA,"C27 H36 O11",27,36,11,NA,NA,NA,NA,NA,NA,NA,NA
4300,535.248459,535.247340169901,535.247498124486,3024640.8,NA,145569.5,12.96,-1,-0.295105696202684,0.984322305588937,0,0.590593383353362,8,1.55172413793103,0.103448275862069,"S2 P1 O3","de-protonated",0,NA,"C29 H45 O3 S2 P1",29,45,3,NA,1,2,NA,NA,NA,NA,NA
4301,535.268959,535.267840112783,535.267625170878,6172933.5,NA,200090,28.63,-1,0.401559695710488,0.971169681697428,0.983655611140671,0.976164053474725,17,1.11111111111111,0.0555555555555556,"S1 O2","de-protonated",0,NA,"C36 H40 O2 S1",36,40,2,NA,NA,1,NA,NA,NA,NA,NA
4302,535.285166,535.284047067627,535.28388363387,2318089.5,NA,120084.6,9.44,-1,0.305321645891091,0.983227369677392,0,0.589936421806435,7,1.63333333333333,0.0666666666666667,"S2 P1 O2","de-protonated",0,NA,"C30 H49 O2 S2 P1",30,49,2,NA,1,2,NA,NA,NA,NA,NA
4305,536.142305,536.141183679451,536.140963397078,2397651.3,NA,174452,9.83,-1,0.410866521476536,0.969833774812777,0,0.581900264887666,12,1.125,0.541666666666667,"N1 O13","de-protonated",0,NA,"C24 H27 O13 N1",24,27,13,1,NA,NA,NA,NA,NA,NA,NA
4307,536.178789,536.177667577799,536.177838163833,1881051.8,NA,220269.6,7.26,-1,-0.31815196779682,0.981801275282539,0,0.589080765169524,15,1.14285714285714,0.142857142857143,"N3 S1 P1 O4","de-protonated",0,NA,"C28 H32 O4 S1 N3 P1",28,32,4,3,1,1,NA,NA,NA,NA,NA
4312,536.236217,536.235095417792,536.234863783946,1901545,NA,220434,7.36,-1,0.431963419422805,0.966709787338508,0,0.580025872403105,5,1.69565217391304,0.565217391304348,"N1 O13","de-protonated",0,NA,"C23 H39 O13 N1",23,39,13,1,NA,NA,NA,NA,NA,NA,NA
4314,537.053352,537.052228141075,537.05220796121,5655206,NA,205220.5,26.05,-1,0.0375752391422567,0.499871922833783,0.806643077274283,0.622580384609983,14,0.818181818181818,0.727272727272727,"O16","de-protonated",0,NA,"C22 H18 O16",22,18,16,NA,NA,NA,NA,NA,NA,NA,NA
4315,537.079365,537.078241068598,537.078046043165,2889900,NA,153246.8,12.28,-1,0.363123077117037,0.976358418552578,0,0.585815051131547,9,1.29411764705882,0.823529411764706,"N4 S1 O14","de-protonated",0,NA,"C17 H22 O14 S1 N4",17,22,14,4,NA,1,NA,NA,NA,NA,NA
4316,537.089893,537.088769039264,537.088593470595,10977966,NA,190439.7,52.55,-1,0.326889589131772,0.988779938647203,0.989074411810937,0.988897727912697,13,0.956521739130435,0.652173913043478,"O15","de-protonated",0,NA,"C23 H22 O15",23,22,15,NA,NA,NA,NA,NA,NA,NA,NA
4318,537.126193,537.125068938124,537.124978979979,16609975,NA,193192.2,80.58,-1,0.16748084529517,0.995526350404029,0.994234167183815,0.995009477115943,12,1.08333333333333,0.583333333333333,"O14","de-protonated",0,NA,"C24 H26 O14",24,26,14,NA,NA,NA,NA,NA,NA,NA,NA
4320,537.162463,537.161338837068,537.161364489363,16970430,NA,193521.8,82.38,-1,-0.0477552863299704,0.999542624990387,0.993219465143373,0.997013361051582,11,1.2,0.52,"O13","de-protonated",0,NA,"C25 H30 O13",25,30,13,NA,NA,NA,NA,NA,NA,NA,NA
4321,537.175364,537.174239801123,537.174118707204,3186370,NA,198703,13.76,-1,0.225427688313025,0.495410793330578,0.73553288925895,0.591459631701927,19,0.909090909090909,0.151515151515152,"S1 O5","de-protonated",0,NA,"C33 H30 O5 S1",33,30,5,NA,NA,1,NA,NA,NA,NA,NA
4322,537.190796,537.189671758126,537.18950779027,6349509.5,NA,192543.7,29.51,-1,0.305232797662707,0.970362964675955,0.94754268045625,0.961234850988073,10,1.34615384615385,0.384615384615385,"P1 O10","de-protonated",0,NA,"C26 H35 O10 P1",26,35,10,NA,1,NA,NA,NA,NA,NA,NA
4323,537.19877,537.197645735909,537.197749998747,10068679,NA,194385.9,48.02,-1,-0.194086513298897,0.99627135245164,0.962584002345284,0.982796412409098,10,1.30769230769231,0.461538461538462,"O12","de-protonated",0,NA,"C26 H34 O12",26,34,12,NA,NA,NA,NA,NA,NA,NA,NA
4324,537.21189,537.210765699354,537.210504216588,4531914,NA,187813,20.46,-1,0.486741722518332,0.978386459320573,0.960846466419201,0.971370462160024,18,1,0.117647058823529,"S1 O4","de-protonated",0,NA,"C34 H34 O4 S1",34,34,4,NA,NA,1,NA,NA,NA,NA,NA
4325,537.227345,537.226220656293,537.226090004147,4448974,NA,141103,20.04,-1,0.243197694226894,0.989325576311267,0,0.59359534578676,1,2.23529411764706,0.882352941176471,"N4 O15","de-protonated",0,NA,"C17 H38 O15 N4",17,38,15,4,NA,NA,NA,NA,NA,NA,NA
4326,537.235155,537.234030634533,537.234135508132,3259087.5,NA,195660.5,14.12,-1,-0.195210230052186,0.993109378711214,0,0.595865627226729,9,1.40740740740741,0.407407407407407,"O11","de-protonated",0,NA,"C27 H38 O11",27,38,11,NA,NA,NA,NA,NA,NA,NA,NA
4333,538.157992,538.156865063308,538.156613461556,3167136.8,NA,199014.8,13.66,-1,0.467525150180143,0.961115191025102,0,0.576669114615061,11,1.20833333333333,0.541666666666667,"N1 O13","de-protonated",0,NA,"C24 H29 O13 N1",24,29,13,1,NA,NA,NA,NA,NA,NA,NA
4339,538.231014,538.229886859852,538.229873737695,2206641,NA,152880.1,8.88,-1,0.0243802098515865,0.99989215369063,0,0.599935292214378,13,1.31034482758621,0.103448275862069,"N3 S1 P1 O3","de-protonated",0,NA,"C29 H38 O3 S1 N3 P1",29,38,3,3,1,1,NA,NA,NA,NA,NA
4341,538.251832,538.250704801849,538.250513848424,1867701.8,NA,204880.8,7.19,-1,0.354766823160529,0.977421750740782,0,0.586453050444469,4,1.78260869565217,0.565217391304348,"N1 O13","de-protonated",0,NA,"C23 H41 O13 N1",23,41,13,1,NA,NA,NA,NA,NA,NA,NA
4342,539.032772,539.03164262598,539.031472516304,2249827.5,NA,172570.2,9.09,-1,0.315583940205792,0.982091242930516,0,0.589254745758309,14,0.761904761904762,0.80952380952381,"O17","de-protonated",0,NA,"C21 H16 O17",21,16,17,NA,NA,NA,NA,NA,NA,NA,NA
4343,539.048428,539.047298582359,539.047217914959,2232935,NA,181494.5,9.01,-1,0.149648114417747,0.995944781538669,0,0.597566868923202,22,0.607142857142857,0.214285714285714,"N2 S1 P1 O6","de-protonated",0,NA,"C28 H17 O6 S1 N2 P1",28,17,6,2,1,1,NA,NA,NA,NA,NA
4344,539.069118,539.067988524712,539.067858025688,7326827.5,NA,201421.2,34.37,-1,0.242082739696596,0.494711354378208,0.806643077274283,0.619484043536638,13,0.909090909090909,0.727272727272727,"O16","de-protonated",0,NA,"C22 H20 O16",22,20,16,NA,NA,NA,NA,NA,NA,NA,NA
4345,539.105338,539.104208423795,539.104243535073,12854387,NA,188573.7,61.89,-1,-0.065128920225671,0.99269026113089,0.973830811320131,0.985146481206586,12,1.04347826086957,0.652173913043478,"O15","de-protonated",0,NA,"C23 H24 O15",23,24,15,NA,NA,NA,NA,NA,NA,NA,NA
4346,539.123189,539.122059374059,539.122219531105,8311927.5,NA,181784.8,39.27,-1,-0.29707001575988,0.986685223840727,0.932983416380233,0.965204500856529,2,2,0.875,"N2 S2 O14","de-protonated",0,NA,"C16 H32 O14 S2 N2",16,32,14,2,NA,2,NA,NA,NA,NA,NA
4347,539.133653,539.132523344904,539.132253894198,7963769.5,NA,181911.7,37.54,-1,0.499785913086263,0.477844212604948,0.723929522638802,0.57627833661849,24,0.685714285714286,0.114285714285714,"S1 O4","de-protonated",0,NA,"C35 H24 O4 S1",35,24,4,NA,NA,1,NA,NA,NA,NA,NA
4348,539.141696,539.140566322494,539.140629044457,16704635,NA,183570.6,81.05,-1,-0.11633692490953,0.985581072060766,0.968874464109151,0.97889842888012,11,1.16666666666667,0.583333333333333,"O14","de-protonated",0,NA,"C24 H28 O14",24,28,14,NA,NA,NA,NA,NA,NA,NA,NA
4349,539.170049,539.168919243496,539.168772345364,12231810,NA,184651.4,58.79,-1,0.27245296877816,0.988141895324268,0.935426477722754,0.967055728283662,10,1.32,0.44,"P1 O11","de-protonated",0,NA,"C25 H33 O11 P1",25,33,11,NA,1,NA,NA,NA,NA,NA,NA
4350,539.178176,539.177046220853,539.177014553841,11871363,NA,196132.5,56.99,-1,0.0587321248591415,0.999649278464291,0.987084771174536,0.994623475548389,10,1.28,0.52,"O13","de-protonated",0,NA,"C25 H32 O13",25,32,13,NA,NA,NA,NA,NA,NA,NA,NA
4351,539.206529,539.205399141855,539.205157854748,7619721.5,NA,180263.8,36.66,-1,0.447486645059823,0.482159047505146,0.779247987650237,0.600994623563182,9,1.42307692307692,0.384615384615385,"P1 O10","de-protonated",0,NA,"C26 H37 O10 P1",26,37,10,NA,1,NA,NA,NA,NA,NA,NA
4352,539.214548,539.213418119513,539.213400063225,5315723.5,NA,185996.1,24.92,-1,0.0334863471523538,0.499898277927024,0.779247987650237,0.611638161816309,9,1.38461538461538,0.461538461538462,"O12","de-protonated",0,NA,"C26 H36 O12",26,36,12,NA,NA,NA,NA,NA,NA,NA,NA
4355,539.251172,539.25004201747,539.24978557261,2883731.5,NA,222908.8,12.54,-1,0.475558576249515,0.959794862986847,0,0.575876917792108,8,1.48148148148148,0.407407407407407,"O11","de-protonated",0,NA,"C27 H40 O11",27,40,11,NA,NA,NA,NA,NA,NA,NA,NA
4358,539.287275,539.286144916879,539.286171081994,1974427.4,NA,220066,7.9,-1,-0.0485180524209023,0.99957296074368,0,0.599743776446208,7,1.57142857142857,0.357142857142857,"O10","de-protonated",0,NA,"C28 H44 O10",28,44,10,NA,NA,NA,NA,NA,NA,NA,NA
4360,540.100892,540.099759649965,540.099492507266,2061132.6,NA,194152.8,8.34,-1,0.494617571561715,0.956580058983244,0,0.573948035389947,12,1.04545454545455,0.681818181818182,"N1 O15","de-protonated",0,NA,"C22 H23 O15 N1",22,23,15,1,NA,NA,NA,NA,NA,NA,NA
4363,540.1374,540.136267548246,540.13636727402,2598228.5,NA,211673.9,11.08,-1,-0.184630735183945,0.993833774619485,0,0.596300264771691,15,1.07692307692308,0.230769230769231,"N3 S1 P1 O6","de-protonated",0,NA,"C26 H28 O6 S1 N3 P1",26,28,6,3,1,1,NA,NA,NA,NA,NA
4367,540.186473,540.185340411518,540.185150685656,1941343.1,NA,238763.2,7.73,-1,0.351223763406205,0.977865473571587,0,0.586719284142952,5,1.71428571428571,0.619047619047619,"N1 P1 O13","de-protonated",0,NA,"C21 H36 O13 N1 P1",21,36,13,1,1,NA,NA,NA,NA,NA,NA
4368,540.209917,540.208784346198,540.208649035418,2480484,NA,203720.9,10.48,-1,0.250478735126267,0.988680535327411,0,0.593208321196447,9,1.4,0.48,"N1 O12","de-protonated",0,NA,"C25 H35 O12 N1",25,35,12,1,NA,NA,NA,NA,NA,NA,NA
4369,540.222893,540.221760310044,540.22153619504,2090342.9,NA,212474.8,8.49,-1,0.414857587287863,0.969254018953715,0,0.581552411372229,4,1.81818181818182,0.545454545454545,"N1 P1 O12","de-protonated",0,NA,"C22 H40 O12 N1 P1",22,40,12,1,1,NA,NA,NA,NA,NA,NA
4370,540.258984,540.257851209486,540.257788762643,2095470.8,NA,202084.5,8.52,-1,0.115587122325402,0.997578712141473,0,0.598547227284884,16,1.14705882352941,0.0882352941176471,"N1 S1 O3","de-protonated",0,NA,"C34 H39 O3 S1 N1",34,39,3,1,NA,1,NA,NA,NA,NA,NA
4373,541.04839,541.047255010029,541.047122580782,2894359.3,NA,206820.5,12.59,-1,0.244764719460885,0.989188322220178,0,0.593512993332107,13,0.857142857142857,0.80952380952381,"O17","de-protonated",0,NA,"C21 H18 O17",21,18,17,NA,NA,NA,NA,NA,NA,NA,NA
4374,541.063723,541.062587967308,541.062378722067,2616858.5,NA,198591.2,11.17,-1,0.38673034627707,0.973227383404879,0,0.583936430042927,17,0.72,0.56,"O14","de-protonated",0,NA,"C25 H18 O14",25,18,14,NA,NA,NA,NA,NA,NA,NA,NA
4375,541.076621,541.075485931371,541.075265881689,2725405.3,NA,184355.5,11.73,-1,0.406689598498699,0.970434892809087,0,0.582260935685452,12,1.04545454545455,0.636363636363636,"P1 O14","de-protonated",0,NA,"C22 H23 O14 P1",22,23,14,NA,1,NA,NA,NA,NA,NA,NA
4376,541.084629,541.083493909059,541.083508090166,7362079,NA,194994.7,35.35,-1,-0.0262087212727364,0.984926216117316,0.993770841654812,0.988464066332315,12,1,0.727272727272727,"O16","de-protonated",0,NA,"C22 H22 O16",22,22,16,NA,NA,NA,NA,NA,NA,NA,NA
4377,541.100077,541.098941866018,541.098764231451,3553826.3,NA,168688.7,15.95,-1,0.328284924297435,0.980635052105836,0,0.588381031263502,16,0.846153846153846,0.5,"O13","de-protonated",0,NA,"C26 H22 O13",26,22,13,NA,NA,NA,NA,NA,NA,NA,NA
4378,541.112905,541.111769830276,541.111518449292,6802981,NA,165948.4,32.5,-1,0.464564098304355,0.480798315160083,0.72968508002065,0.58035302110431,24,0.647058823529412,0.147058823529412,"S1 O5","de-protonated",0,NA,"C34 H22 O5 S1",34,22,5,NA,NA,1,NA,NA,NA,NA,NA
4379,541.120824,541.119688808212,541.119893599551,12101158,NA,174630.7,59.49,-1,-0.378458343043221,0.487172891246558,0.799615297578637,0.61214985377939,11,1.1304347826087,0.652173913043478,"O15","de-protonated",0,NA,"C23 H26 O15",23,26,15,NA,NA,NA,NA,NA,NA,NA,NA
4380,541.136321,541.135185765034,541.135149740835,3544617.8,NA,180115.1,15.9,-1,0.0665715371441034,0.999196184468644,0,0.599517710681186,15,0.962962962962963,0.444444444444444,"O12","de-protonated",0,NA,"C27 H26 O12",27,26,12,NA,NA,NA,NA,NA,NA,NA,NA
4381,541.149322,541.148186728811,541.148036900457,12224044,NA,190278.2,60.12,-1,0.276871286333807,0.991617625392069,0.938341987063732,0.970307370060734,10,1.29166666666667,0.5,"P1 O12","de-protonated",0,NA,"C24 H31 O12 P1",24,31,12,NA,1,NA,NA,NA,NA,NA,NA
4382,541.157424,541.156288706237,541.156279108935,11241006,NA,190304,55.11,-1,0.0177348062391442,0.999940807096654,0.994251651926394,0.99766514502855,10,1.25,0.583333333333333,"O14","de-protonated",0,NA,"C24 H30 O14",24,30,14,NA,NA,NA,NA,NA,NA,NA,NA
4383,541.167066,541.165930679372,541.165662023405,3762736.3,NA,200533.7,17.01,-1,0.496439418522032,0.478133359962411,0.723929522638802,0.576451825032967,23,0.742857142857143,0.171428571428571,"O6","de-protonated",0,NA,"C35 H26 O6",35,26,6,NA,NA,NA,NA,NA,NA,NA,NA
4384,541.185807,541.184671627155,541.184422409842,39056948,NA,188604.2,196.81,-1,0.460503486909119,0.649265898161294,0.972771595338054,0.778668177031998,9,1.4,0.44,"P1 O11","de-protonated",0,NA,"C25 H35 O11 P1",25,35,11,NA,1,NA,NA,NA,NA,NA,NA
4385,541.193814,541.192678604846,541.192664618319,7097910,NA,195446.8,34,-1,0.0258438959947455,0.499939408251404,0.785920818505338,0.614331972352978,9,1.36,0.52,"O13","de-protonated",0,NA,"C25 H34 O13",25,34,13,NA,NA,NA,NA,NA,NA,NA,NA
4386,541.203399,541.20226357814,541.202047532789,2681400,NA,166586.6,11.5,-1,0.399195368367016,0.971498933644606,0,0.582899360186764,22,0.833333333333333,0.138888888888889,"O5","de-protonated",0,NA,"C36 H30 O5",36,30,5,NA,NA,NA,NA,NA,NA,NA,NA
4388,541.230261,541.229125503297,541.229050127703,3293757.5,NA,203970.9,14.62,-1,0.139267457056839,0.996486911074462,0,0.597892146644677,8,1.46153846153846,0.461538461538462,"O12","de-protonated",0,NA,"C26 H38 O12",26,38,12,NA,NA,NA,NA,NA,NA,NA,NA
4389,541.243102,541.241966467519,541.241804345544,2601536.3,NA,186539,11.1,-1,0.299537053347895,0.983851783284198,0,0.590311069970519,16,1.11764705882353,0.117647058823529,"S1 O4","de-protonated",0,NA,"C34 H38 O4 S1",34,38,4,NA,NA,1,NA,NA,NA,NA,NA
4390,541.25854,541.257404424505,541.25719342861,2676803.5,NA,181518,11.48,-1,0.389825572217342,0.972803019402186,0,0.583681811641311,7,1.59259259259259,0.333333333333333,"P1 O9","de-protonated",0,NA,"C27 H43 O9 P1",27,43,9,NA,1,NA,NA,NA,NA,NA,NA
4391,541.266658,541.265522401887,541.265435637088,2823749.3,NA,184077.5,12.23,-1,0.160299907207378,0.995348336280161,0,0.597209001768096,7,1.55555555555556,0.407407407407407,"O11","de-protonated",0,NA,"C27 H42 O11",27,42,11,NA,NA,NA,NA,NA,NA,NA,NA
4392,541.30277,541.301634301271,541.301821146472,2366028.8,NA,204876.1,9.9,-1,-0.345177484382179,0.978612862363159,0,0.587167717417895,6,1.64285714285714,0.357142857142857,"O10","de-protonated",0,NA,"C28 H46 O10",28,46,10,NA,NA,NA,NA,NA,NA,NA,NA
4395,542.116643,542.115505033643,542.115631829114,1921270.8,NA,165173.6,7.63,-1,-0.233890083627817,0.990123028281587,0,0.594073816968952,15,1.04,0.28,"N3 S1 P1 O7","de-protonated",0,NA,"C25 H26 O7 S1 N3 P1",25,26,7,3,1,1,NA,NA,NA,NA,NA
4396,542.123991,542.12285301317,542.123025884477,3275512.3,NA,223282,14.53,-1,-0.318878368578563,0.981718843326513,0,0.589031305995908,14,1.11111111111111,0.185185185185185,"N1 S2 P1 O5","de-protonated",0,NA,"C27 H30 O5 S2 N1 P1",27,30,5,1,1,2,NA,NA,NA,NA,NA
4397,542.144514,542.143375955989,542.143152930869,5881596.5,NA,199988,27.8,-1,0.411376808325115,0.484879971006651,0.72968508002065,0.582802014612251,23,0.735294117647059,0.117647058823529,"N1 S1 O4","de-protonated",0,NA,"C34 H25 O4 S1 N1",34,25,4,1,NA,1,NA,NA,NA,NA,NA
4401,542.225552,542.224413730199,542.224299099896,2345229.3,NA,176644.4,9.79,-1,0.21140753565747,0.9919232807388,0,0.59515396844328,8,1.48,0.48,"N1 O12","de-protonated",0,NA,"C25 H37 O12 N1",25,37,12,1,NA,NA,NA,NA,NA,NA,NA
4404,543.042954,543.041813452739,543.041643277161,2803636.3,NA,201710.5,12.12,-1,0.313374822661587,0.982338871877299,0,0.589403323126379,17,0.666666666666667,0.625,"O15","de-protonated",0,NA,"C24 H16 O15",24,16,15,NA,NA,NA,NA,NA,NA,NA,NA
4405,543.064115,543.06297439378,543.06277264526,3211192.5,NA,188062.7,14.2,-1,0.371501289122646,0.975268642416275,0,0.585161185449765,12,0.952380952380952,0.80952380952381,"O17","de-protonated",0,NA,"C21 H20 O17",21,20,17,NA,NA,NA,NA,NA,NA,NA,NA
4406,543.079245,543.078104351625,543.078028786545,4739003.5,NA,188306.8,21.98,-1,0.139142214888778,0.498246607867417,0.785920818505338,0.613316292122585,16,0.8,0.56,"O14","de-protonated",0,NA,"C25 H20 O14",25,20,14,NA,NA,NA,NA,NA,NA,NA,NA
4407,543.092215,543.091074315487,543.090915946167,4878270,NA,187984.6,22.69,-1,0.291607382789378,0.492344479830778,0.806643077274283,0.61806391880818,11,1.13636363636364,0.636363636363636,"P1 O14","de-protonated",0,NA,"C22 H25 O14 P1",22,25,14,NA,1,NA,NA,NA,NA,NA,NA
4408,543.100387,543.099246292718,543.099158154644,6186944,NA,191350.2,29.36,-1,0.162287259746479,0.49761627919061,0.806643077274283,0.621226998424079,11,1.09090909090909,0.727272727272727,"O16","de-protonated",0,NA,"C22 H24 O16",22,24,16,NA,NA,NA,NA,NA,NA,NA,NA
4409,543.115455,543.114314250736,543.114414295929,6660035,NA,190940.7,31.77,-1,-0.184206478074136,0.496930996679374,0.779247987650237,0.609857793067719,15,0.923076923076923,0.5,"O13","de-protonated",0,NA,"C26 H24 O13",26,24,13,NA,NA,NA,NA,NA,NA,NA,NA
4410,543.12868,543.127539213888,543.127301455551,10131398,NA,196919.6,49.45,-1,0.437758028813134,0.979789168264063,0.956739804709575,0.970569422842268,10,1.26086956521739,0.565217391304348,"P1 O13","de-protonated",0,NA,"C23 H29 O13 P1",23,29,13,NA,1,NA,NA,NA,NA,NA,NA
4411,543.136862,543.135721191091,543.135543664029,5992391.5,NA,199623.7,28.37,-1,0.326855910286106,0.490400824957448,0.799615297578637,0.614086614005923,10,1.21739130434783,0.652173913043478,"O15","de-protonated",0,NA,"C23 H28 O15",23,28,15,NA,NA,NA,NA,NA,NA,NA,NA
4412,543.165059,543.163918112528,543.163686964935,16713677,NA,189900.6,82.99,-1,0.425557890225188,0.970062494090844,0.970199784433908,0.970117410228069,9,1.375,0.5,"P1 O12","de-protonated",0,NA,"C24 H33 O12 P1",24,33,12,NA,1,NA,NA,NA,NA,NA,NA
4413,543.173107,543.171966090105,543.171929173413,5447630.5,NA,189625.1,25.59,-1,0.0679650211784867,0.499581097690026,0.792708917554682,0.616832225635888,9,1.33333333333333,0.583333333333333,"O14","de-protonated",0,NA,"C24 H32 O14",24,32,14,NA,NA,NA,NA,NA,NA,NA,NA
4415,543.188288,543.187147047807,543.187185314698,4217809.5,NA,215622.6,19.33,-1,-0.0704488099458088,0.499549934606138,0.766236582456902,0.606224593746444,13,1.14285714285714,0.392857142857143,"O11","de-protonated",0,NA,"C28 H32 O11",28,32,11,NA,NA,NA,NA,NA,NA,NA,NA
4416,543.201435,543.200294011177,543.20007247432,8140756.5,NA,193548.8,39.31,-1,0.407836574606789,0.96823435040182,0.937058240940132,0.955763906617145,8,1.48,0.44,"P1 O11","de-protonated",0,NA,"C25 H37 O11 P1",25,37,11,NA,1,NA,NA,NA,NA,NA,NA
4417,543.209727,543.208585988073,543.208314682797,2938838,NA,194389.6,12.81,-1,0.499449785434688,0.955746669796944,0,0.573448001878166,8,1.44,0.52,"O13","de-protonated",0,NA,"C25 H36 O13",25,36,13,NA,NA,NA,NA,NA,NA,NA,NA
4418,543.224786,543.223644946116,543.223570824082,2206169,NA,214432,9.08,-1,0.136448485730759,0.996627453870248,0,0.597976472322149,12,1.24137931034483,0.344827586206897,"O10","de-protonated",0,NA,"C29 H36 O10",29,36,10,NA,NA,NA,NA,NA,NA,NA,NA
4420,543.245871,543.244729887368,543.244700192181,2578397.3,NA,197705.8,10.98,-1,0.0546626351940094,0.999457977603658,0,0.599674786562195,7,1.53846153846154,0.461538461538462,"O12","de-protonated",0,NA,"C26 H40 O12",26,40,12,NA,NA,NA,NA,NA,NA,NA,NA
4421,543.258951,543.257809850925,543.257587351803,2215392,NA,212534.5,9.13,-1,0.409564682262763,0.970021746627993,0,0.582013047976796,2,1.95652173913043,0.521739130434783,"P1 O12","de-protonated",0,NA,"C23 H45 O12 P1",23,45,12,NA,1,NA,NA,NA,NA,NA,NA
4422,543.282412,543.281270785557,543.281085701566,3202020.8,NA,206426.1,14.15,-1,0.3406781429352,0.979160972709186,0,0.587496583625511,6,1.62962962962963,0.407407407407407,"O11","de-protonated",0,NA,"C27 H44 O11",27,44,11,NA,NA,NA,NA,NA,NA,NA,NA
4423,543.318622,543.317480684668,543.31747121095,2052587.9,NA,204213.2,8.3,-1,0.0174368001013704,0.999944833500647,0,0.599966900100388,5,1.71428571428571,0.357142857142857,"O10","de-protonated",0,NA,"C28 H48 O10",28,48,10,NA,NA,NA,NA,NA,NA,NA,NA
4430,544.241184,544.240040114209,544.239949164374,3950755.8,NA,191755.6,17.97,-1,0.167113485557818,0.497472757352957,0.785920818505338,0.612851981813909,7,1.56,0.48,"N1 O12","de-protonated",0,NA,"C25 H39 O12 N1",25,39,12,1,NA,NA,NA,NA,NA,NA,NA
4431,545.05851,545.057363836961,545.057293341639,5167427.5,NA,187880.3,24.16,-1,0.129335619066926,0.498484691002058,0.792708917554682,0.616174381623107,16,0.75,0.625,"O15","de-protonated",0,NA,"C24 H18 O15",24,18,15,NA,NA,NA,NA,NA,NA,NA,NA
4432,545.071581,545.070434800542,545.070180501261,2924870,NA,181187.3,12.74,-1,0.466544109343553,0.961275011177738,0,0.576765006706643,11,1.0952380952381,0.714285714285714,"P1 O15","de-protonated",0,NA,"C21 H23 O15 P1",21,23,15,NA,1,NA,NA,NA,NA,NA,NA
4433,545.094891,545.093744735596,545.093678851023,6568266.5,NA,183537.3,31.3,-1,0.120868348593024,0.498676348914859,0.785920818505338,0.61357413675105,15,0.88,0.56,"O14","de-protonated",0,NA,"C25 H22 O14",25,22,14,NA,NA,NA,NA,NA,NA,NA,NA
4435,545.11597,545.114823676865,545.114808219122,3687758.5,NA,195779.7,16.63,-1,0.0283568571257778,0.99985410569622,0,0.599912463417732,10,1.18181818181818,0.727272727272727,"O16","de-protonated",0,NA,"C22 H26 O16",22,26,16,NA,NA,NA,NA,NA,NA,NA,NA
4436,545.125693,545.124546649775,545.124542006677,2637392.5,NA,112257.7,11.27,-1,0.00851749844844017,0.999986836387298,0,0.599992101832379,0,2.33333333333333,0.866666666666667,"N2 S2 P1 O13","de-protonated",0,NA,"C15 H35 O13 S2 N2 P1",15,35,13,2,1,2,NA,NA,NA,NA,NA
4437,545.131231,545.130084634344,545.130064360407,7174481.5,NA,191511.8,34.39,-1,0.0371910094337621,0.995559967611629,0.986986422157375,0.992130549429927,14,1,0.5,"O13","de-protonated",0,NA,"C26 H26 O13",26,26,13,NA,NA,NA,NA,NA,NA,NA,NA
4439,545.152605,545.151458574792,545.151193728507,2981205.5,NA,194143.1,13.03,-1,0.485821710473804,0.958078066692567,0,0.57484684001554,9,1.30434782608696,0.652173913043478,"O15","de-protonated",0,NA,"C23 H30 O15",23,30,15,NA,NA,NA,NA,NA,NA,NA,NA
4441,545.16761,545.166463532985,545.166449869791,8522072,NA,198205.6,41.25,-1,0.0250624250174583,0.996973010345905,0.97202865271645,0.986995267294123,13,1.11111111111111,0.444444444444444,"O12","de-protonated",0,NA,"C27 H30 O12",27,30,12,NA,NA,NA,NA,NA,NA,NA,NA
4443,545.188816,545.1876694739,545.187579237891,2179420.5,NA,240139.1,8.94,-1,0.165513692468786,0.995041586442551,0,0.597024951865531,8,1.41666666666667,0.583333333333333,"O14","de-protonated",0,NA,"C24 H34 O14",24,34,14,NA,NA,NA,NA,NA,NA,NA,NA
4444,545.198722,545.1975754463,545.197831532287,2179422.5,NA,175216.6,8.94,-1,-0.469712042192807,0.960757815038585,0,0.576454689023151,20,0.944444444444444,0.0277777777777778,"S2 O1","de-protonated",0,NA,"C36 H34 O1 S2",36,34,1,NA,NA,2,NA,NA,NA,NA,NA
4445,545.204046,545.202899431466,545.202835379176,5816671.5,NA,200317.4,27.47,-1,0.117483413615348,0.498749357357834,0.766236582456902,0.605744247397461,12,1.21428571428571,0.392857142857143,"O11","de-protonated",0,NA,"C28 H34 O11",28,34,11,NA,NA,NA,NA,NA,NA,NA,NA
4446,545.217092,545.215945395117,545.215722538798,5087586,NA,205277.3,23.76,-1,0.408748886120253,0.48506962671435,0.785920818505338,0.605410103430745,7,1.56,0.44,"P1 O11","de-protonated",0,NA,"C25 H39 O11 P1",25,39,11,NA,1,NA,NA,NA,NA,NA,NA
4447,545.240282,545.239135330505,545.23922088856,2719078.5,NA,208782,11.69,-1,-0.156918380038367,0.995542086536466,0,0.59732525192188,11,1.31034482758621,0.344827586206897,"O10","de-protonated",0,NA,"C29 H38 O10",29,38,10,NA,NA,NA,NA,NA,NA,NA,NA
4448,545.253281,545.252134294287,545.251975106401,3203433,NA,198686.7,14.16,-1,0.291952882981371,0.987862468483497,0.782784805560738,0.905831403314394,19,1.02702702702703,0.0540540540540541,"S1 O2","de-protonated",0,NA,"C37 H38 O2 S1",37,38,2,NA,NA,1,NA,NA,NA,NA,NA
4449,545.261393,545.260246271685,545.260350256659,2904426.5,NA,210232,12.63,-1,-0.190707016372903,0.993422589079003,0,0.596053553447402,6,1.61538461538462,0.461538461538462,"O12","de-protonated",0,NA,"C26 H42 O12",26,42,12,NA,NA,NA,NA,NA,NA,NA,NA
4450,545.297745,545.2965981704,545.296735766044,2199409.5,NA,225256.9,9.04,-1,-0.25233168385553,0.988513410575904,0,0.593108046345542,5,1.7037037037037,0.407407407407407,"O11","de-protonated",0,NA,"C27 H46 O11",27,46,11,NA,NA,NA,NA,NA,NA,NA,NA
4451,545.334451,545.333304068129,545.333121275428,2142072.8,NA,168853.7,8.75,-1,0.335194570502037,0.979819664813312,0,0.587891798887987,4,1.78571428571429,0.357142857142857,"O10","de-protonated",0,NA,"C28 H50 O10",28,50,10,NA,NA,NA,NA,NA,NA,NA,NA
4454,546.111126,546.109976904144,546.110057191315,2510348.8,NA,203652.5,10.63,-1,-0.147016467754062,0.996085877027673,0,0.597651526216604,10,1.19047619047619,0.761904761904762,"N1 O16","de-protonated",0,NA,"C21 H25 O16 N1",21,25,16,1,NA,NA,NA,NA,NA,NA,NA
4456,546.147517,546.14636780275,546.1464427007,3050003.5,NA,221929.5,13.38,-1,-0.137138949226033,0.996593294008697,0,0.597955976405218,9,1.31818181818182,0.681818181818182,"N1 O15","de-protonated",0,NA,"C22 H29 O15 N1",22,29,15,1,NA,NA,NA,NA,NA,NA,NA
4458,546.184112,546.182962700789,546.182828210084,3342874.5,NA,195584.5,14.87,-1,0.246237519677302,0.989058535090333,0,0.5934351210542,8,1.43478260869565,0.608695652173913,"N1 O14","de-protonated",0,NA,"C23 H33 O14 N1",23,33,14,1,NA,NA,NA,NA,NA,NA,NA
4460,547.037784,547.036632322272,547.036557896732,2891449.8,NA,201966.7,12.57,-1,0.1360522238327,0.996646981111066,0,0.597988188666639,16,0.695652173913043,0.695652173913043,"O16","de-protonated",0,NA,"C23 H16 O16",23,16,16,NA,NA,NA,NA,NA,NA,NA,NA
4461,547.074006,547.07285422135,547.072943406117,6396608.5,NA,194047.4,30.42,-1,-0.163021709312062,0.497594706862873,0.792708917554682,0.615640391139597,15,0.833333333333333,0.625,"O15","de-protonated",0,NA,"C24 H20 O15",24,20,15,NA,NA,NA,NA,NA,NA,NA,NA
4462,547.087182,547.086030184639,547.085830565739,3472067,NA,197672.4,15.52,-1,0.364876750856813,0.976132270486825,0,0.585679362292095,10,1.19047619047619,0.714285714285714,"P1 O15","de-protonated",0,NA,"C21 H25 O15 P1",21,25,15,NA,1,NA,NA,NA,NA,NA,NA
4463,547.110555,547.109403119517,547.109328915501,8628935,NA,186412.8,41.8,-1,0.135629227670241,0.997402101662011,0.993133553317734,0.9956946823243,14,0.96,0.56,"O14","de-protonated",0,NA,"C25 H24 O14",25,24,14,NA,NA,NA,NA,NA,NA,NA,NA
4464,547.123618,547.12246608312,547.122216075123,6582985.5,NA,198769.3,31.37,-1,0.456950915389059,0.481410752834971,0.806643077274283,0.611503682610695,9,1.31818181818182,0.636363636363636,"P1 O14","de-protonated",0,NA,"C22 H29 O14 P1",22,29,14,NA,1,NA,NA,NA,NA,NA,NA
4465,547.141179,547.140027034191,547.139841198071,3423949,NA,146280.6,15.28,-1,0.339650134883962,0.489642619097047,0.73553288925895,0.587998727161808,22,0.727272727272727,0.242424242424242,"O8","de-protonated",0,NA,"C33 H24 O8",33,24,8,NA,NA,NA,NA,NA,NA,NA,NA
4466,547.146984,547.145832018017,547.145714424885,9102030,NA,187602,44.21,-1,0.214921051665937,0.995132743669004,0.966474641084971,0.983669502635391,13,1.07692307692308,0.5,"O13","de-protonated",0,NA,"C26 H28 O13",26,28,13,NA,NA,NA,NA,NA,NA,NA,NA
4468,547.177501,547.176348932991,547.176226707455,3224787.8,NA,174725.4,14.26,-1,0.223375084029443,0.495493609731284,0.72968508002065,0.589170197847031,21,0.823529411764706,0.205882352941176,"O7","de-protonated",0,NA,"C34 H28 O7",34,28,7,NA,NA,NA,NA,NA,NA,NA,NA
4469,547.183387,547.182234916591,547.182099934269,10214101,NA,196127.7,49.87,-1,0.246686288480758,0.993541555070533,0.9742378103066,0.985820057164959,12,1.18518518518519,0.444444444444444,"O12","de-protonated",0,NA,"C27 H32 O12",27,32,12,NA,NA,NA,NA,NA,NA,NA,NA
4471,547.212569,547.211416835283,547.211580645661,2147802,NA,120172.2,8.78,-1,-0.299354735546905,0.98387127568085,0,0.59032276540851,16,1.13793103448276,0.172413793103448,"N4 P1 O5","de-protonated",0,NA,"C29 H33 O5 N4 P1",29,33,5,4,1,NA,NA,NA,NA,NA,NA
4472,547.219802,547.218649815131,547.218485443654,5405403.5,NA,192375.1,25.37,-1,0.300376323664554,0.491880952572041,0.766236582456902,0.601623204525986,11,1.28571428571429,0.392857142857143,"O11","de-protonated",0,NA,"C28 H36 O11",28,36,11,NA,NA,NA,NA,NA,NA,NA,NA
4473,547.232661,547.231508779303,547.231239661494,4952798,NA,197593.8,23.07,-1,0.491780784889867,0.977200349450696,0.985810240186161,0.980644305744882,19,1,0.0833333333333333,"S1 O3","de-protonated",0,NA,"C36 H36 O3 S1",36,36,3,NA,NA,1,NA,NA,NA,NA,NA
4474,547.269015,547.267862678013,547.267625170879,4304612.5,NA,186355.1,19.77,-1,0.433987181160666,0.98211144498509,0.908786804390392,0.952781588747211,18,1.08108108108108,0.0540540540540541,"S1 O2","de-protonated",0,NA,"C37 H40 O2 S1",37,40,2,NA,NA,1,NA,NA,NA,NA,NA
4475,547.305285,547.304132576956,547.304010680263,1986795.1,NA,230303.7,7.96,-1,0.222722091076197,0.991039600166079,0,0.594623760099647,17,1.15789473684211,0.0263157894736842,"S1 O1","de-protonated",0,NA,"C38 H44 O1 S1",38,44,1,NA,NA,1,NA,NA,NA,NA,NA
4479,548.16299,548.161835187203,548.162092765178,2370951,NA,174980,9.91,-1,-0.469893809766792,0.960728042000803,0,0.576436825200482,8,1.40909090909091,0.681818181818182,"N1 O15","de-protonated",0,NA,"C22 H31 O15 N1",22,31,15,1,NA,NA,NA,NA,NA,NA,NA
4484,549.053567,549.052409705862,549.05220796121,4220965.5,NA,200709.9,19.34,-1,0.367441654481897,0.97579964195904,0,0.585479785175424,15,0.782608695652174,0.695652173913043,"O16","de-protonated",0,NA,"C23 H18 O16",23,18,16,NA,NA,NA,NA,NA,NA,NA,NA
4485,549.089894,549.088736604647,549.088593470595,8913964,NA,185418.7,43.25,-1,0.260675697945374,0.49387296588617,0.792708917554682,0.613407346553575,14,0.916666666666667,0.625,"O15","de-protonated",0,NA,"C24 H22 O15",24,22,15,NA,NA,NA,NA,NA,NA,NA,NA
4486,549.102733,549.101575568875,549.101347688435,3397678.3,NA,210001.3,15.14,-1,0.415006156352164,0.484616167917192,0.741475186234394,0.587359775244073,22,0.6875,0.21875,"S1 O7","de-protonated",0,NA,"C32 H22 O7 S1",32,22,7,NA,NA,1,NA,NA,NA,NA,NA
4487,549.126145,549.124987503644,549.124978979979,11504690,NA,189734.9,56.44,-1,0.0155222675828415,0.98766986784955,0.985702928449232,0.986883092089423,13,1.04,0.56,"O14","de-protonated",0,NA,"C25 H26 O14",25,26,14,NA,NA,NA,NA,NA,NA,NA,NA
4488,549.139183,549.138025467317,549.137866139601,4656180.5,NA,218197.1,21.55,-1,0.290141558353825,0.492420665635515,0.806643077274283,0.618109630291022,8,1.40909090909091,0.636363636363636,"P1 O14","de-protonated",0,NA,"C22 H31 O14 P1",22,31,14,NA,1,NA,NA,NA,NA,NA,NA
4489,549.162491,549.161333402376,549.161364489363,13057081,NA,191311.5,64.35,-1,-0.0566081104542883,0.997107990885254,0.989987009738728,0.994259598426643,12,1.15384615384615,0.5,"O13","de-protonated",0,NA,"C26 H30 O13",26,30,13,NA,NA,NA,NA,NA,NA,NA,NA
4490,549.17563,549.174472365768,549.174251648985,3811387.3,NA,214820.4,17.25,-1,0.401906647847718,0.971116132972379,0,0.582669679783427,7,1.52173913043478,0.565217391304348,"P1 O13","de-protonated",0,NA,"C23 H35 O13 P1",23,35,13,NA,1,NA,NA,NA,NA,NA,NA
4491,549.191089,549.189931322696,549.189704494762,3772477.8,NA,163563.2,17.05,-1,0.413022916340869,0.969521182454026,0,0.581712709472415,3,2,0.941176470588235,"N4 O16","de-protonated",0,NA,"C17 H34 O16 N4",17,34,16,4,NA,NA,NA,NA,NA,NA,NA
4492,549.19889,549.19773230096,549.197749998747,9475135,NA,190384.4,46.1,-1,-0.0322247990698688,0.999369123122682,0.99886431095849,0.999167198257006,11,1.25925925925926,0.444444444444444,"O12","de-protonated",0,NA,"C27 H34 O12",27,34,12,NA,NA,NA,NA,NA,NA,NA,NA
4494,549.227509,549.226351221222,549.226090004147,2806852.3,NA,162950.9,12.13,-1,0.475609370693542,0.959786448962515,0,0.575871869377509,2,2.11111111111111,0.833333333333333,"N4 O15","de-protonated",0,NA,"C18 H38 O15 N4",18,38,15,4,NA,NA,NA,NA,NA,NA,NA
4495,549.23537,549.234212199319,549.234135508132,4245573.5,NA,195684.5,19.46,-1,0.139632958699489,0.498234239803686,0.766236582456902,0.605435176864972,10,1.35714285714286,0.392857142857143,"O11","de-protonated",0,NA,"C28 H38 O11",28,38,11,NA,NA,NA,NA,NA,NA,NA,NA
4497,549.264107,549.262949119252,549.263148188964,2119754.5,NA,154998.1,8.63,-1,-0.362430491220646,0.976447446431986,0,0.585868467859191,8,1.56666666666667,0.1,"S2 P1 O3","de-protonated",0,NA,"C30 H47 O3 S2 P1",30,47,3,NA,1,2,NA,NA,NA,NA,NA
4498,549.28482,549.283662061541,549.283408177138,4344910.5,NA,193485.2,19.97,-1,0.462210215507828,0.480988668957788,0.779247987650237,0.600292396434768,4,1.80769230769231,0.384615384615385,"P1 O10","de-protonated",0,NA,"C26 H47 O10 P1",26,47,10,NA,1,NA,NA,NA,NA,NA,NA
4500,550.121755,550.120594729657,550.120717209542,1913055.4,NA,190830,7.58,-1,-0.222641833103944,0.991046027775268,0,0.594627616665161,17,0.962962962962963,0.222222222222222,"N3 S1 P1 O6","de-protonated",0,NA,"C27 H26 O6 S1 N3 P1",27,26,6,3,1,1,NA,NA,NA,NA,NA
4502,550.157873,550.156712629025,550.156613461556,2194149.5,NA,183826.3,9.01,-1,0.18025316084055,0.994121858357743,0,0.596473115014646,12,1.16,0.52,"N1 O13","de-protonated",0,NA,"C25 H29 O13 N1",25,29,13,1,NA,NA,NA,NA,NA,NA,NA
4505,550.243509,550.242348390424,550.242138698165,2128628.3,NA,215677.1,8.68,-1,0.38109087680373,0.973992340597571,0,0.584395404358543,18,1.05714285714286,0.0857142857142857,"N1 S1 O3","de-protonated",0,NA,"C35 H37 O3 S1 N1",35,37,3,1,NA,1,NA,NA,NA,NA,NA
4506,550.251681,550.250520367655,550.250513848424,2135797.8,NA,216314.7,8.71,-1,0.0118477510051424,0.99997453051671,0,0.599984718310026,5,1.70833333333333,0.541666666666667,"N1 O13","de-protonated",0,NA,"C24 H41 O13 N1",24,41,13,1,NA,NA,NA,NA,NA,NA,NA
4508,551.069111,551.067948090117,551.067858025688,7196032,NA,187774.4,34.49,-1,0.163436186005393,0.497582490229526,0.799615297578637,0.618395613169171,14,0.869565217391304,0.695652173913043,"O16","de-protonated",0,NA,"C23 H20 O16",23,20,16,NA,NA,NA,NA,NA,NA,NA,NA
4510,551.105544,551.104380988607,551.104243535073,9901446,NA,186952.8,48.27,-1,0.249414763032484,0.494387977562865,0.792708917554682,0.613716353559592,13,1,0.625,"O15","de-protonated",0,NA,"C24 H24 O15",24,24,15,NA,NA,NA,NA,NA,NA,NA,NA
4512,551.141915,551.140751887269,551.140629044457,13487500,NA,189186.5,66.54,-1,0.222888326576349,0.99276597958661,0.984473775463725,0.989449097937456,12,1.12,0.56,"O14","de-protonated",0,NA,"C25 H28 O14",25,28,14,NA,NA,NA,NA,NA,NA,NA,NA
4514,551.178162,551.176998786277,551.177014553841,13077906,NA,188129.1,64.46,-1,-0.0286070779312889,0.995757783880744,0.995387807542112,0.995609793345291,11,1.23076923076923,0.5,"O13","de-protonated",0,NA,"C26 H32 O13",26,32,13,NA,NA,NA,NA,NA,NA,NA,NA
4515,551.206703,551.205539706756,551.20535455924,4248983,NA,170121.4,19.48,-1,0.335895712821713,0.979736014307321,0,0.587841608584393,2,2.11764705882353,0.941176470588235,"N4 O16","de-protonated",0,NA,"C17 H36 O16 N4",17,36,16,4,NA,NA,NA,NA,NA,NA,NA
4516,551.214573,551.213409684828,551.213400063225,7234968.5,NA,193948.8,34.69,-1,0.0174553138294294,0.499972358147167,0.772687513667176,0.609058420355171,10,1.33333333333333,0.444444444444444,"O12","de-protonated",0,NA,"C27 H36 O12",27,36,12,NA,NA,NA,NA,NA,NA,NA,NA
4517,551.227601,551.22643764853,551.226287222847,4246938.5,NA,176256.3,19.47,-1,0.272892794888586,0.493289157321404,0.792708917554682,0.613057061414715,5,1.70833333333333,0.5,"P1 O12","de-protonated",0,NA,"C24 H41 O12 P1",24,41,12,NA,1,NA,NA,NA,NA,NA,NA
4518,551.243106,551.241942605329,551.241740068625,3181981.3,NA,150092.5,14.04,-1,0.367419028476472,0.97580258589282,0,0.585481551535692,1,2.22222222222222,0.833333333333333,"N4 O15","de-protonated",0,NA,"C18 H40 O15 N4",18,40,15,4,NA,NA,NA,NA,NA,NA,NA
4519,551.263905,551.262741547379,551.26253979045,4760992.5,NA,199955.9,22.09,-1,0.365990637541676,0.487994044413783,0.718264051224716,0.580102047138156,17,1.11111111111111,0.0833333333333333,"S1 O3","de-protonated",0,NA,"C36 H40 O3 S1",36,40,3,NA,NA,1,NA,NA,NA,NA,NA
4520,551.279352,551.27818850434,551.277928873517,2172579.3,NA,152830.5,8.9,-1,0.470961759361838,0.960552900760185,0,0.576331740456111,8,1.55172413793103,0.275862068965517,"P1 O8","de-protonated",0,NA,"C29 H45 O8 P1",29,45,8,NA,1,NA,NA,NA,NA,NA,NA
4525,552.173575,552.17240901284,552.172263526034,1900086.8,NA,206467.5,7.51,-1,0.263480828828327,0.987482447149699,0,0.592489468289819,11,1.24,0.52,"N1 O13","de-protonated",0,NA,"C25 H31 O13 N1",25,31,13,1,NA,NA,NA,NA,NA,NA,NA
4527,552.210126,552.208959911001,552.209138292789,2421308.8,NA,169796.4,10.17,-1,-0.323033024378765,0.981243895380888,0,0.588746337228533,14,1.24137931034483,0.137931034482759,"N3 S1 P1 O4","de-protonated",0,NA,"C29 H36 O4 S1 N3 P1",29,36,4,3,1,1,NA,NA,NA,NA,NA
4531,553.048187,553.04701857598,553.047122580782,2916035.8,NA,213235.2,12.69,-1,-0.188057757665256,0.993603481907287,0,0.596162089144372,14,0.818181818181818,0.772727272727273,"O17","de-protonated",0,NA,"C22 H18 O17",22,18,17,NA,NA,NA,NA,NA,NA,NA,NA
4532,553.0847,553.083531474247,553.083508090166,7300809.5,NA,198061.1,35.02,-1,0.0422794758169363,0.499837851628438,0.799615297578637,0.619748830008518,13,0.956521739130435,0.695652173913043,"O16","de-protonated",0,NA,"C23 H22 O16",23,22,16,NA,NA,NA,NA,NA,NA,NA,NA
4534,553.121106,553.119937372812,553.119893599551,11132623,NA,185984,54.54,-1,0.0791388304814937,0.9913423879469,0.988354464858391,0.990147218711496,12,1.08333333333333,0.625,"O15","de-protonated",0,NA,"C24 H26 O15",24,26,15,NA,NA,NA,NA,NA,NA,NA,NA
4536,553.157587,553.156418271168,553.156279108935,12693205,NA,184452.7,62.49,-1,0.251578511190515,0.988653176286573,0.964826496312249,0.979122504296843,11,1.2,0.56,"O14","de-protonated",0,NA,"C25 H30 O14",25,30,14,NA,NA,NA,NA,NA,NA,NA,NA
4538,553.193887,553.192718170028,553.192664618319,8281819,NA,196451.9,40.02,-1,0.0968048069948648,0.499150529116644,0.779247987650237,0.611189512530082,10,1.30769230769231,0.5,"O13","de-protonated",0,NA,"C26 H34 O13",26,34,13,NA,NA,NA,NA,NA,NA,NA,NA
4539,553.222222,553.221053091081,553.220807919226,4850399.5,NA,188211.1,22.54,-1,0.443171788097145,0.482495383359069,0.772687513667176,0.598572235482312,9,1.44444444444444,0.37037037037037,"P1 O10","de-protonated",0,NA,"C27 H39 O10 P1",27,39,10,NA,1,NA,NA,NA,NA,NA,NA
4540,553.230437,553.229268068192,553.229050127703,4072160.8,NA,197761.4,18.58,-1,0.393942596734862,0.486116806280899,0.772687513667176,0.60074508923541,9,1.40740740740741,0.444444444444444,"O12","de-protonated",0,NA,"C27 H38 O12",27,38,12,NA,NA,NA,NA,NA,NA,NA,NA
4542,553.258736,553.257566989345,553.257390133103,3172581.3,NA,162176.6,13.99,-1,0.319663587617348,0.98162953304476,0,0.588977719826856,0,2.33333333333333,0.833333333333333,"N4 O15","de-protonated",0,NA,"C18 H42 O15 N4",18,42,15,4,NA,NA,NA,NA,NA,NA,NA
4543,553.279629,553.278459931132,553.278189854928,3050216.8,NA,191561.7,13.37,-1,0.488138171947262,0.478842967481448,0.718264051224716,0.574611400978755,16,1.16666666666667,0.0833333333333333,"S1 O3","de-protonated",0,NA,"C36 H42 O3 S1",36,42,3,NA,NA,1,NA,NA,NA,NA,NA
4545,554.088391,554.087219677745,554.087488528207,2158439.5,NA,202743.6,8.83,-1,-0.485213016644219,0.958180823753982,0,0.574908494252389,17,0.84,0.4,"N3 S1 O10","de-protonated",0,NA,"C25 H21 O10 S1 N3",25,21,10,3,NA,1,NA,NA,NA,NA,NA
4547,554.153082,554.151910497502,554.152017338498,2210673.5,NA,199006.8,9.09,-1,-0.192800879251302,0.993277852345452,0,0.595966711407271,15,1.11111111111111,0.222222222222222,"N3 S1 P1 O6","de-protonated",0,NA,"C27 H30 O6 S1 N3 P1",27,30,6,3,1,1,NA,NA,NA,NA,NA
4549,554.189192,554.188020396892,554.187913590512,2412919,NA,212842.7,10.12,-1,0.192725927331861,0.993283060250515,0,0.595969836150309,10,1.32,0.52,"N1 O13","de-protonated",0,NA,"C25 H33 O13 N1",25,33,13,1,NA,NA,NA,NA,NA,NA,NA
4550,554.196813,554.195641375658,554.195796903245,2508152.3,NA,195738.2,10.61,-1,-0.28063653337396,0.985811292625184,0,0.59148677557511,13,1.26666666666667,0.1,"N1 S2 P1 O3","de-protonated",0,NA,"C30 H38 O3 S2 N1 P1",30,38,3,1,1,2,NA,NA,NA,NA,NA
4552,554.531892,554.530719442055,554.530639316256,3052460,NA,189826.5,13.38,-1,0.144493005912018,0.498109419739058,0.707195036525566,0.581743666453661,5,1.81578947368421,0.0263157894736842,"N1 O1","de-protonated",0,NA,"C38 H69 O1 N1",38,69,1,1,NA,NA,NA,NA,NA,NA,NA
4554,555.063916,555.06274195972,555.06277264526,4549629,NA,173227.4,21.01,-1,-0.0552830084826383,0.499722804128002,0.806643077274283,0.622490913386514,13,0.909090909090909,0.772727272727273,"O17","de-protonated",0,NA,"C22 H20 O17",22,20,17,NA,NA,NA,NA,NA,NA,NA,NA
4555,555.07925,555.078075916996,555.078028786545,2717695.5,NA,197230.5,11.67,-1,0.0849077947189529,0.998692731109759,0,0.599215638665856,17,0.769230769230769,0.538461538461538,"O14","de-protonated",0,NA,"C26 H20 O14",26,20,14,NA,NA,NA,NA,NA,NA,NA,NA
4556,555.092325,555.091150880566,555.090915946167,2904065.3,NA,167665,12.62,-1,0.423235893168517,0.968019881661923,0,0.580811928997154,12,1.08695652173913,0.608695652173913,"P1 O14","de-protonated",0,NA,"C23 H25 O14 P1",23,25,14,NA,1,NA,NA,NA,NA,NA,NA
4557,555.10036,555.099185858179,555.099158154644,7716866.5,NA,183747.3,37.14,-1,0.0499073624779481,0.499774079866661,0.799615297578637,0.619710566951451,12,1.04347826086957,0.695652173913043,"O16","de-protonated",0,NA,"C23 H24 O16",23,24,16,NA,NA,NA,NA,NA,NA,NA,NA
4558,555.115323,555.114148816489,555.114414295929,2625540.8,NA,154530.8,11.21,-1,-0.478242742952039,0.959349105359066,0,0.57560946321544,16,0.888888888888889,0.481481481481481,"O13","de-protonated",0,NA,"C27 H24 O13",27,24,13,NA,NA,NA,NA,NA,NA,NA,NA
4559,555.128688,555.127513779251,555.127301455551,6920199,NA,187440.2,33.08,-1,0.382477495800995,0.986699664993509,0.97392573121904,0.981590091483721,11,1.20833333333333,0.541666666666667,"P1 O13","de-protonated",0,NA,"C24 H29 O13 P1",24,29,13,NA,1,NA,NA,NA,NA,NA,NA
4560,555.136781,555.135606756702,555.135543664029,10031112,NA,183874.9,48.93,-1,0.113652736789888,0.498829490920954,0.792708917554682,0.616381261574445,11,1.16666666666667,0.625,"O15","de-protonated",0,NA,"C24 H28 O15",24,28,15,NA,NA,NA,NA,NA,NA,NA,NA
4561,555.151965,555.150790714396,555.150799805313,3024906.3,NA,201436.9,13.24,-1,-0.0163755812833087,0.999951343965285,0,0.599970806379171,15,1,0.428571428571429,"O12","de-protonated",0,NA,"C28 H28 O12",28,28,12,NA,NA,NA,NA,NA,NA,NA,NA
4562,555.165108,555.163933677777,555.163686964935,10313740,NA,189253.4,50.37,-1,0.444396576092915,0.482400220628663,0.785920818505338,0.603808459779333,10,1.32,0.48,"P1 O12","de-protonated",0,NA,"C25 H33 O12 P1",25,33,12,NA,1,NA,NA,NA,NA,NA,NA
4563,555.173148,555.171973655376,555.171929173413,7647245.5,NA,190234.2,36.79,-1,0.0801228603641426,0.995677102134874,0.979583895624067,0.989239819530551,10,1.28,0.56,"O14","de-protonated",0,NA,"C25 H32 O14",25,32,14,NA,NA,NA,NA,NA,NA,NA,NA
4564,555.182931,555.181756628118,555.181662960968,3058703,NA,191161.1,13.41,-1,0.168714417048404,0.994848458911677,0,0.596909075347006,0,2.27777777777778,0.611111111111111,"N2 S2 P1 O11","de-protonated",0,NA,"C18 H41 O11 S2 N2 P1",18,41,11,2,1,2,NA,NA,NA,NA,NA
4565,555.188345,555.187170613034,555.187185314698,2308623.8,NA,212136.8,9.59,-1,-0.0264805535405644,0.999872772697829,0,0.599923663618698,14,1.10344827586207,0.379310344827586,"O11","de-protonated",0,NA,"C29 H32 O11",29,32,11,NA,NA,NA,NA,NA,NA,NA,NA
4566,555.201369,555.200194576746,555.199939532538,7557138,NA,188482.4,36.33,-1,0.459373623447624,0.481216873041396,0.712686567164179,0.573804750690509,22,0.864864864864865,0.0810810810810811,"S1 O3","de-protonated",0,NA,"C37 H32 O3 S1",37,32,3,NA,NA,1,NA,NA,NA,NA,NA
4567,555.209502,555.208327554086,555.208314682797,4291603,NA,186472.3,19.69,-1,0.0231828095467148,0.499951243245201,0.779247987650237,0.611669941007216,9,1.38461538461538,0.5,"O13","de-protonated",0,NA,"C26 H36 O13",26,36,13,NA,NA,NA,NA,NA,NA,NA,NA
4568,555.23806,555.236885474517,555.236654688196,3750935.3,NA,190732.8,16.94,-1,0.415653971575032,0.969137704484602,0,0.581482622690761,0,2.35294117647059,0.941176470588235,"N4 O16","de-protonated",0,NA,"C17 H40 O16 N4",17,40,16,4,NA,NA,NA,NA,NA,NA,NA
4569,555.246044,555.244869452272,555.244700192181,2043928.6,NA,184809.5,8.24,-1,0.304838731852295,0.98327993910285,0,0.58996796346171,8,1.48148148148148,0.444444444444444,"O12","de-protonated",0,NA,"C27 H40 O12",27,40,12,NA,NA,NA,NA,NA,NA,NA,NA
4570,555.258775,555.2576004168,555.257454410022,1823770.5,NA,155650.9,7.12,-1,0.262953297412786,0.987532207853887,0,0.592519324712332,16,1.14285714285714,0.114285714285714,"S1 O4","de-protonated",0,NA,"C35 H40 O4 S1",35,40,4,NA,NA,1,NA,NA,NA,NA,NA
4571,555.274149,555.272974373965,555.272710551307,2012700.8,NA,208627.9,8.08,-1,0.475122679924013,0.959867034650532,0,0.575920220790319,20,1.02564102564103,0.0256410256410256,"S1 O1","de-protonated",0,NA,"C39 H40 O1 S1",39,40,1,NA,NA,1,NA,NA,NA,NA,NA
4573,555.3188,555.317625249558,555.31747121095,2037795.5,NA,180332.2,8.21,-1,0.277388369285521,0.98613556546622,0,0.591681339279732,6,1.6551724137931,0.344827586206897,"O10","de-protonated",0,NA,"C29 H48 O10",29,48,10,NA,NA,NA,NA,NA,NA,NA,NA
4575,556.103363,556.102186063594,556.10229043957,1824920.3,NA,243600.3,7.13,-1,-0.187692044744252,0.993628256778919,0,0.596176954067351,15,1.03703703703704,0.222222222222222,"N1 S2 P1 O6","de-protonated",0,NA,"C27 H28 O6 S2 N1 P1",27,28,6,1,1,2,NA,NA,NA,NA,NA
4576,556.123955,556.12277800622,556.122550427744,3847323.3,NA,216212.3,17.43,-1,0.409223607424195,0.97007090161747,0,0.582042540970482,11,1.21739130434783,0.565217391304348,"N1 P1 O13","de-protonated",0,NA,"C23 H28 O13 N1 P1",23,28,13,1,1,NA,NA,NA,NA,NA,NA
4578,556.168524,556.167346882042,556.167178145606,3047585.8,NA,222220.2,13.35,-1,0.303391574278178,0.983436993306955,0,0.590062195984173,10,1.29166666666667,0.583333333333333,"N1 O14","de-protonated",0,NA,"C24 H31 O14 N1",24,31,14,1,NA,NA,NA,NA,NA,NA,NA
4580,556.204987,556.203809780448,556.20356365499,2170535.3,NA,196988.7,8.89,-1,0.442509673703144,0.96509345258552,0,0.579056071551312,9,1.4,0.52,"N1 O13","de-protonated",0,NA,"C25 H35 O13 N1",25,35,13,1,NA,NA,NA,NA,NA,NA,NA
4583,557.079553,557.078373343716,557.078422709738,4207910,NA,186948.2,19.26,-1,-0.0886159285416039,0.998576137534059,0,0.599145682520435,12,1,0.772727272727273,"O17","de-protonated",0,NA,"C22 H22 O17",22,22,17,NA,NA,NA,NA,NA,NA,NA,NA
4584,557.094591,557.093411301817,557.093678851023,4431144,NA,192632.9,20.4,-1,-0.480258915026872,0.479506384109776,0.779247987650237,0.599403025525961,16,0.846153846153846,0.538461538461538,"O14","de-protonated",0,NA,"C26 H22 O14",26,22,14,NA,NA,NA,NA,NA,NA,NA,NA
4585,557.108006,557.10682626444,557.106566010645,4641066,NA,184056.4,21.47,-1,0.467152625875463,0.480587957452897,0.799615297578637,0.608198893503193,11,1.17391304347826,0.608695652173913,"P1 O14","de-protonated",0,NA,"C23 H27 O14 P1",23,27,14,NA,1,NA,NA,NA,NA,NA,NA
4586,557.115936,557.114756242345,557.114808219122,5146923.5,NA,190503.8,24.05,-1,-0.0932963478584132,0.499210939671016,0.799615297578637,0.619372682834065,11,1.1304347826087,0.695652173913043,"O16","de-protonated",0,NA,"C23 H26 O16",23,26,16,NA,NA,NA,NA,NA,NA,NA,NA
4587,557.131257,557.130077199658,557.130064360407,3219757.5,NA,189016.6,14.23,-1,0.0230453377974586,0.999903639496688,0,0.599942183698013,15,0.962962962962963,0.481481481481481,"O13","de-protonated",0,NA,"C27 H26 O13",27,26,13,NA,NA,NA,NA,NA,NA,NA,NA
4588,557.144372,557.143192163116,557.142951520029,9507119,NA,194353.2,46.26,-1,0.431923416647359,0.968828343998374,0.97258140292786,0.970329567570168,10,1.29166666666667,0.541666666666667,"P1 O13","de-protonated",0,NA,"C24 H31 O13 P1",24,31,13,NA,1,NA,NA,NA,NA,NA,NA
4589,557.152413,557.151233140712,557.151193728507,5110064.5,NA,192679.6,23.86,-1,0.0707387982090985,0.499546223459426,0.792708917554682,0.616811301097529,10,1.25,0.625,"O15","de-protonated",0,NA,"C24 H30 O15",24,30,15,NA,NA,NA,NA,NA,NA,NA,NA
4590,557.162165,557.160985113541,557.160927516061,3212594,NA,201206,14.19,-1,0.103376738993456,0.998062782055184,0,0.59883766923311,0,2.29411764705882,0.705882352941177,"N2 S2 P1 O12","de-protonated",0,NA,"C17 H39 O12 S2 N2 P1",17,39,12,2,1,2,NA,NA,NA,NA,NA
4591,557.167643,557.166463098278,557.166449869791,4937010.5,NA,191951,22.98,-1,0.023742432566117,0.499948861021514,0.766236582456902,0.606463949595669,14,1.07142857142857,0.428571428571429,"O12","de-protonated",0,NA,"C28 H30 O12",28,30,12,NA,NA,NA,NA,NA,NA,NA,NA
4593,557.188978,557.187798038834,557.187579237891,3368245.8,NA,193897.6,14.99,-1,0.392688120860268,0.972407711674153,0,0.583444627004492,9,1.36,0.56,"O14","de-protonated",0,NA,"C25 H34 O14",25,34,14,NA,NA,NA,NA,NA,NA,NA,NA
4595,557.204277,557.203096996208,557.202835379176,3175736,NA,205665.2,14.01,-1,0.46951848708257,0.960789507192733,0,0.57647370431564,13,1.17241379310345,0.379310344827586,"O11","de-protonated",0,NA,"C29 H34 O11",29,34,11,NA,NA,NA,NA,NA,NA,NA,NA
4597,557.225359,557.224178937469,557.223964747275,2227515,NA,203802.6,9.18,-1,0.38438797922966,0.97354640148131,0,0.584127840888786,8,1.46153846153846,0.5,"O13","de-protonated",0,NA,"C26 H38 O13",26,38,13,NA,NA,NA,NA,NA,NA,NA,NA
4598,557.240403,557.239222895553,557.23922088856,2187069,NA,206874.3,8.97,-1,0.00360167235987466,0.999997646242466,0,0.59999858774548,12,1.26666666666667,0.333333333333333,"O10","de-protonated",0,NA,"C30 H38 O10",30,38,10,NA,NA,NA,NA,NA,NA,NA,NA
4600,557.261626,557.260445836421,557.260350256659,1977664.1,NA,211030.2,7.9,-1,0.171517248017458,0.994676333566174,0,0.596805800139704,7,1.55555555555556,0.444444444444444,"O12","de-protonated",0,NA,"C27 H42 O12",27,42,12,NA,NA,NA,NA,NA,NA,NA,NA
4601,557.298185,557.29700473456,557.296735766044,2873669.3,NA,217168.9,12.47,-1,0.482630704188773,0.958615447857518,0,0.575169268714511,6,1.64285714285714,0.392857142857143,"O11","de-protonated",0,NA,"C28 H46 O11",28,46,11,NA,NA,NA,NA,NA,NA,NA,NA
4604,558.18405,558.182867266347,558.182828210084,3412418,NA,198344.7,15.21,-1,0.0699703772472124,0.999112048241881,0,0.599467228945128,9,1.375,0.583333333333333,"N1 O14","de-protonated",0,NA,"C24 H33 O14 N1",24,33,14,1,NA,NA,NA,NA,NA,NA,NA
4607,559.037896,559.036710887346,559.036557896732,2447927.5,NA,205978.2,10.3,-1,0.273668352419875,0.986502435665685,0,0.591901461399411,17,0.666666666666667,0.666666666666667,"O16","de-protonated",0,NA,"C24 H16 O16",24,16,16,NA,NA,NA,NA,NA,NA,NA,NA
4608,559.074138,559.072952786368,559.072943406117,4739644.5,NA,193028.8,21.97,-1,0.0167782241945515,0.499974460950647,0.785920818505338,0.614353003972523,16,0.8,0.6,"O15","de-protonated",0,NA,"C25 H20 O15",25,20,15,NA,NA,NA,NA,NA,NA,NA,NA
4609,559.087288,559.086102749729,559.085830565739,3163710.3,NA,183088.2,13.94,-1,0.486837575828156,0.957906310390308,0,0.574743786234185,11,1.13636363636364,0.681818181818182,"P1 O15","de-protonated",0,NA,"C22 H25 O15 P1",22,25,15,NA,1,NA,NA,NA,NA,NA,NA
4610,559.095817,559.094631725965,559.094429089805,2762815.3,NA,174036.8,11.9,-1,0.362436379502817,0.488223345104913,0.718264051224716,0.580239627552834,28,0.555555555555556,0.0277777777777778,"N2 S2 O1","de-protonated",0,NA,"C36 H20 O1 S2 N2",36,20,1,2,NA,2,NA,NA,NA,NA,NA
4611,559.104907,559.103721700639,559.103455688686,2213952.5,NA,163947.3,9.11,-1,0.47578305885244,0.959757671543904,0,0.575854602926342,24,0.606060606060606,0.272727272727273,"O9","de-protonated",0,NA,"C33 H20 O9",33,20,9,NA,NA,NA,NA,NA,NA,NA,NA
4612,559.110533,559.109347684963,559.109328915501,5601857.5,NA,184013.2,26.36,-1,0.0335702905112909,0.499897767347535,0.779247987650237,0.611637855468616,15,0.923076923076923,0.538461538461538,"O14","de-protonated",0,NA,"C26 H24 O14",26,24,14,NA,NA,NA,NA,NA,NA,NA,NA
4614,559.131674,559.13048862606,559.1304582836,3428932.3,NA,195579.3,15.29,-1,0.054267227548025,0.999465788701603,0,0.599679473220962,10,1.21739130434783,0.695652173913043,"O16","de-protonated",0,NA,"C23 H28 O16",23,28,16,NA,NA,NA,NA,NA,NA,NA,NA
4615,559.141468,559.140282598772,559.140192071155,2307653.5,NA,227789.9,9.58,-1,0.161905042632764,0.995254935085018,0,0.597152961051011,0,2.3125,0.8125,"N2 S2 P1 O13","de-protonated",0,NA,"C16 H37 O13 S2 N2 P1",16,37,13,2,1,2,NA,NA,NA,NA,NA
4616,559.146957,559.145771583478,559.145714424885,6728262,NA,179435.8,32.1,-1,0.102224861308628,0.49905283592043,0.772687513667176,0.608506707019128,14,1.03703703703704,0.481481481481481,"O13","de-protonated",0,NA,"C27 H28 O13",27,28,13,NA,NA,NA,NA,NA,NA,NA,NA
4618,559.168489,559.167303523485,559.167333050355,1944649.1,NA,221341.2,7.73,-1,-0.0528050686556331,0.999494180938892,0,0.599696508563335,13,1.22222222222222,0.259259259259259,"N2 S1 P1 O7","de-protonated",0,NA,"C27 H33 O7 S1 N2 P1",27,33,7,2,1,1,NA,NA,NA,NA,NA
4620,559.183352,559.182166482074,559.182099934269,5653067,NA,189450.8,26.63,-1,0.119009182189887,0.498716703975445,0.766236582456902,0.605724655368028,13,1.14285714285714,0.428571428571429,"O12","de-protonated",0,NA,"C28 H32 O12",28,32,12,NA,NA,NA,NA,NA,NA,NA,NA
4621,559.196442,559.195256445602,559.194987093891,6726221,NA,190865.2,32.09,-1,0.481677620560546,0.973202839935274,0.980024032817649,0.975931317088224,8,1.48,0.48,"P1 O12","de-protonated",0,NA,"C25 H37 O12 P1",25,37,12,NA,1,NA,NA,NA,NA,NA,NA
4622,559.213869,559.212683397047,559.212612216839,1879375.3,NA,140543.2,7.4,-1,0.127286484604711,0.997064512746648,0,0.598238707647989,21,0.888888888888889,0.166666666666667,"O6","de-protonated",0,NA,"C36 H32 O6",36,32,6,NA,NA,NA,NA,NA,NA,NA,NA
4623,559.21975,559.218564380661,559.218485443654,4081232,NA,190926.9,18.62,-1,0.141155933401201,0.498195581467225,0.759892473118277,0.602874338127646,12,1.24137931034483,0.379310344827586,"O11","de-protonated",0,NA,"C29 H36 O11",29,36,11,NA,NA,NA,NA,NA,NA,NA,NA
4624,559.232668,559.231482344669,559.231239661494,4000337.8,NA,181284.9,18.21,-1,0.433958543994422,0.48320339784846,0.712686567164179,0.574996665574748,20,0.972972972972973,0.0810810810810811,"S1 O3","de-protonated",0,NA,"C37 H36 O3 S1",37,36,3,NA,NA,1,NA,NA,NA,NA,NA
4625,559.256319,559.255133278772,559.254870953038,1805909,NA,207193.6,7.03,-1,0.469062939757212,0.960864049766458,0,0.576518429859875,11,1.33333333333333,0.333333333333333,"O10","de-protonated",0,NA,"C30 H40 O10",30,40,10,NA,NA,NA,NA,NA,NA,NA,NA
4626,559.269017,559.267831243392,559.267625170879,2773590.8,NA,193591.9,11.96,-1,0.368468519672056,0.487832926088304,0.707195036525566,0.575577770263209,19,1.05263157894737,0.0526315789473684,"S1 O2","de-protonated",0,NA,"C38 H40 O2 S1",38,40,2,NA,NA,1,NA,NA,NA,NA,NA
4627,559.313505,559.312319119439,559.312385830522,2291292.8,NA,221356.7,9.5,-1,-0.119273386879402,0.997422014165004,0,0.598453208499002,5,1.71428571428571,0.392857142857143,"O11","de-protonated",0,NA,"C28 H48 O11",28,48,11,NA,NA,NA,NA,NA,NA,NA,NA
4628,560.114347,560.113158888119,560.113309353542,1935047.5,NA,174983.8,7.68,-1,-0.268633900002001,0.986991260448522,0,0.592194756269113,19,0.821428571428571,0.285714285714286,"N3 S1 O8","de-protonated",0,NA,"C28 H23 O8 S1 N3",28,23,8,3,NA,1,NA,NA,NA,NA,NA
4629,560.150793,560.149604786572,560.149694862926,1950924.3,NA,142049.4,7.76,-1,-0.160807645296752,0.995318891198436,0,0.597191334719062,18,0.931034482758621,0.241379310344828,"N3 S1 O7","de-protonated",0,NA,"C29 H27 O7 S1 N3",29,27,7,3,NA,1,NA,NA,NA,NA,NA
4630,560.163398,560.162209751452,560.162092765178,2716366,NA,185240.5,11.66,-1,0.208843611777184,0.992117230121631,0,0.595270338072979,9,1.34782608695652,0.652173913043478,"N1 O15","de-protonated",0,NA,"C23 H31 O15 N1",23,31,15,1,NA,NA,NA,NA,NA,NA,NA
4632,560.236238,560.235049548504,560.234863783946,2038999.5,NA,200715.3,8.21,-1,0.331583358783575,0.980247847421352,0,0.588148708452811,7,1.56,0.52,"N1 O13","de-protonated",0,NA,"C25 H39 O13 N1",25,39,13,1,NA,NA,NA,NA,NA,NA,NA
4633,560.272638,560.271449447086,560.27124929333,2275036.3,NA,169361.5,9.42,-1,0.357244380308964,0.977108943475018,0,0.586265366085011,6,1.65384615384615,0.461538461538462,"N1 O12","de-protonated",0,NA,"C26 H43 O12 N1",26,43,12,1,NA,NA,NA,NA,NA,NA,NA
4636,561.05351,561.052319271406,561.05220796121,3932993.5,NA,185656.6,17.86,-1,0.198395433405858,0.992883487144358,0,0.595730092286615,16,0.75,0.666666666666667,"O16","de-protonated",0,NA,"C24 H18 O16",24,18,16,NA,NA,NA,NA,NA,NA,NA,NA
4637,561.089836,561.088645170194,561.088593470595,5935942,NA,188732.1,28.07,-1,0.0921415976989887,0.499230336600963,0.785920818505338,0.613906529362713,15,0.88,0.6,"O15","de-protonated",0,NA,"C25 H22 O15",25,22,15,NA,NA,NA,NA,NA,NA,NA,NA
4638,561.102893,561.101702133814,561.101480630217,3410759.8,NA,201090.9,15.2,-1,0.394765662622958,0.972119100858622,0,0.583271460515173,10,1.22727272727273,0.681818181818182,"P1 O15","de-protonated",0,NA,"C22 H27 O15 P1",22,27,15,NA,1,NA,NA,NA,NA,NA,NA
4639,561.120469,561.119278084844,561.119105753164,2160970,NA,158899.3,8.83,-1,0.307121389505269,0.983030743787853,0,0.589818446272712,23,0.666666666666667,0.272727272727273,"O9","de-protonated",0,NA,"C33 H22 O9",33,22,9,NA,NA,NA,NA,NA,NA,NA,NA
4640,561.126161,561.124970068985,561.124978979979,7646027,NA,183769.8,36.78,-1,-0.0158805872929823,0.996423038356059,0.98925591409647,0.993556188652223,14,1,0.538461538461538,"O14","de-protonated",0,NA,"C26 H26 O14",26,26,14,NA,NA,NA,NA,NA,NA,NA,NA
4641,561.139167,561.137976032747,561.137733197819,5915468.5,NA,200450.9,27.96,-1,0.432754586887662,0.483294895787915,0.72968508002065,0.581850969481009,22,0.764705882352941,0.176470588235294,"S1 O6","de-protonated",0,NA,"C34 H26 O6 S1",34,26,6,NA,NA,1,NA,NA,NA,NA,NA
4642,561.15657,561.155378984259,561.155491262549,3507534.8,NA,137106.9,15.69,-1,-0.200084097612038,0.496381133482947,0.72968508002065,0.589702712098028,22,0.764705882352941,0.235294117647059,"O8","de-protonated",0,NA,"C34 H26 O8",34,26,8,NA,NA,NA,NA,NA,NA,NA,NA
4643,561.162478,561.161286967798,561.161364489363,7705423.5,NA,191439.6,37.08,-1,-0.138144873253545,0.997881988969689,0.948718616757026,0.978216640084624,13,1.11111111111111,0.481481481481481,"O13","de-protonated",0,NA,"C27 H30 O13",27,30,13,NA,NA,NA,NA,NA,NA,NA,NA
4644,561.175684,561.174492931003,561.174251648985,5948241,NA,193234.1,28.13,-1,0.429959173928085,0.483506426660566,0.792708917554682,0.607187423018212,8,1.45833333333333,0.541666666666667,"P1 O13","de-protonated",0,NA,"C24 H35 O13 P1",24,35,13,NA,1,NA,NA,NA,NA,NA,NA
4645,561.191058,561.189866888167,561.189704494762,2505043,NA,146216.4,10.59,-1,0.289373457605432,0.984920877668362,0,0.590952526601017,4,1.88888888888889,0.888888888888889,"N4 O16","de-protonated",0,NA,"C18 H34 O16 N4",18,34,16,4,NA,NA,NA,NA,NA,NA,NA
4646,561.198978,561.197786866101,561.197749998747,6599508,NA,199576.5,31.45,-1,0.0656940502237532,0.978702756197292,0.993204115894896,0.984503300076333,12,1.21428571428571,0.428571428571429,"O12","de-protonated",0,NA,"C28 H34 O12",28,34,12,NA,NA,NA,NA,NA,NA,NA,NA
4647,561.212037,561.210845829715,561.210637158369,3649365.8,NA,199474.2,16.42,-1,0.371823576108774,0.975226249813686,0,0.585135749888211,7,1.56,0.48,"P1 O12","de-protonated",0,NA,"C25 H39 O12 P1",25,39,12,NA,1,NA,NA,NA,NA,NA,NA
4648,561.23526,561.234068765011,561.234135508132,3649368.8,NA,199615.8,16.42,-1,-0.118922062017692,0.49871857974188,0.759892473118277,0.603188137092439,11,1.31034482758621,0.379310344827586,"O11","de-protonated",0,NA,"C29 H38 O11",29,38,11,NA,NA,NA,NA,NA,NA,NA,NA
4650,561.284803,561.283611626974,561.283408177138,3674975,NA,175420.2,16.55,-1,0.362472562860929,0.978514746253041,0.886020177294827,0.941516918669755,5,1.74074074074074,0.37037037037037,"P1 O10","de-protonated",0,NA,"C27 H47 O10 P1",27,47,10,NA,1,NA,NA,NA,NA,NA,NA
4654,562.251899,562.250704932433,562.250513848424,1865176.5,NA,204137.3,7.33,-1,0.339855641739489,0.979260425324024,0,0.587556255194414,6,1.64,0.52,"N1 O13","de-protonated",0,NA,"C25 H41 O13 N1",25,41,13,1,NA,NA,NA,NA,NA,NA,NA
4657,563.069099,563.067902655536,563.067858025688,5678140.5,NA,186472.4,26.75,-1,0.0792619349488664,0.499430353201489,0.792708917554682,0.616741778942766,15,0.833333333333333,0.666666666666667,"O16","de-protonated",0,NA,"C24 H20 O16",24,20,16,NA,NA,NA,NA,NA,NA,NA,NA
4658,563.105435,563.104238554296,563.104243535073,7769153,NA,188980.3,37.4,-1,-0.00884521207182479,0.978378672519595,0.938987188850528,0.962622079051968,14,0.96,0.6,"O15","de-protonated",0,NA,"C25 H24 O15",25,24,15,NA,NA,NA,NA,NA,NA,NA,NA
4659,563.11846,563.117263518006,563.116997752913,3233858.5,NA,217614.9,14.3,-1,0.47195359725177,0.480194957122929,0.73553288925895,0.582330129977337,22,0.727272727272727,0.212121212121212,"S1 O7","de-protonated",0,NA,"C33 H24 O7 S1",33,24,7,NA,NA,1,NA,NA,NA,NA,NA
4660,563.141664,563.140467453354,563.140629044457,9843781,NA,185374.3,47.97,-1,-0.286946269503551,0.991808640620231,0.978984924637509,0.986679154227142,13,1.07692307692308,0.538461538461538,"O14","de-protonated",0,NA,"C26 H28 O14",26,28,14,NA,NA,NA,NA,NA,NA,NA,NA
4661,563.154802,563.153605416749,563.153383262297,4572230.5,NA,177258.4,21.12,-1,0.394483027628863,0.486079224394592,0.72968508002065,0.583521566645015,21,0.823529411764706,0.176470588235294,"S1 O6","de-protonated",0,NA,"C34 H28 O6 S1",34,28,6,NA,NA,1,NA,NA,NA,NA,NA
4663,563.178222,563.177025351496,563.177014553841,9428042,NA,187822.2,45.85,-1,0.0191727543716424,0.992064739122912,0.987018282951673,0.990046156654416,12,1.18518518518519,0.481481481481481,"O13","de-protonated",0,NA,"C27 H32 O13",27,32,13,NA,NA,NA,NA,NA,NA,NA,NA
4664,563.191371,563.19017431486,563.189901713463,2993227.3,NA,195081,13.07,-1,0.484031044595558,0.958380022590653,0,0.575028013554391,7,1.54166666666667,0.541666666666667,"P1 O13","de-protonated",0,NA,"C24 H37 O13 P1",24,37,13,NA,1,NA,NA,NA,NA,NA,NA
4665,563.206688,563.205491272183,563.20535455924,3672141,NA,179639.4,16.53,-1,0.242740843607501,0.989365428976652,0,0.593619257385991,3,2,0.888888888888889,"N4 O16","de-protonated",0,NA,"C18 H36 O16 N4",18,36,16,4,NA,NA,NA,NA,NA,NA,NA
4666,563.214773,563.213576249657,563.213400063225,6143054,NA,184553.8,29.12,-1,0.312823578363794,0.988970236608728,0.998340398230623,0.992718301257486,11,1.28571428571429,0.428571428571429,"O12","de-protonated",0,NA,"C28 H36 O12",28,36,12,NA,NA,NA,NA,NA,NA,NA,NA
4667,563.227745,563.226548213514,563.226287222847,3233871.5,NA,207807.2,14.3,-1,0.463385094507349,0.961787540580912,0,0.577072524348547,6,1.64,0.48,"P1 O12","de-protonated",0,NA,"C25 H41 O12 P1",25,41,12,NA,1,NA,NA,NA,NA,NA,NA
4668,563.243358,563.242161170013,563.242412744058,2736209.5,NA,177920,11.76,-1,-0.446653234129242,0.964448492179427,0,0.578669095307656,9,1.5,0.133333333333333,"S2 P1 O4","de-protonated",0,NA,"C30 H45 O4 S2 P1",30,45,4,NA,1,2,NA,NA,NA,NA,NA
4669,563.251082,563.249885148492,563.24978557261,2773074.3,NA,206898.4,11.95,-1,0.176788140126699,0.994345044121433,0,0.59660702647286,10,1.37931034482759,0.379310344827586,"O11","de-protonated",0,NA,"C29 H40 O11",29,40,11,NA,NA,NA,NA,NA,NA,NA,NA
4671,563.300267,563.299070011452,563.298925299835,2219608.3,NA,196885.7,9.13,-1,0.256900218612781,0.98809621732933,0,0.592857730397598,17,1.15789473684211,0.0526315789473684,"S1 O2","de-protonated",0,NA,"C38 H44 O2 S1",38,44,2,NA,NA,1,NA,NA,NA,NA,NA
4674,564.174041,564.172841576927,564.172752783404,2022079.6,NA,191626.8,8.12,-1,0.157387115887245,0.995515473906663,0,0.597309284343998,16,1.10344827586207,0.172413793103448,"N3 S1 P1 O5","de-protonated",0,NA,"C29 H32 O5 S1 N3 P1",29,32,5,3,1,1,NA,NA,NA,NA,NA
4677,564.267745,564.266545315847,564.266653170273,2307274.5,NA,192954.1,9.58,-1,-0.19114088140945,0.993392726563434,0,0.596035635938061,9,1.57142857142857,0.178571428571429,"N3 S1 P1 O5","de-protonated",0,NA,"C28 H44 O5 S1 N3 P1",28,44,5,3,1,1,NA,NA,NA,NA,NA
4679,565.048731,565.04752913985,565.047478896371,2785572.5,NA,194375.9,12.01,-1,0.0889190397249069,0.499283193608272,0.712686567164179,0.584644543030635,32,0.378378378378378,0.027027027027027,"N2 S2 O1","de-protonated",0,NA,"C37 H14 O1 S2 N2",37,14,1,2,NA,2,NA,NA,NA,NA,NA
4680,565.084806,565.083604039337,565.083508090166,6403368.5,NA,177446.7,30.44,-1,0.169796445246111,0.97648043174067,0.966813288746129,0.972613574542853,14,0.916666666666667,0.666666666666667,"O16","de-protonated",0,NA,"C24 H22 O16",24,22,16,NA,NA,NA,NA,NA,NA,NA,NA
4681,565.121098,565.11989593822,565.119893599551,9243949,NA,183076.1,44.91,-1,0.00413835939179997,0.499998446255639,0.785920818505338,0.614367395155518,13,1.04,0.6,"O15","de-protonated",0,NA,"C25 H26 O15",25,26,15,NA,NA,NA,NA,NA,NA,NA,NA
4683,565.157429,565.156226836994,565.156279108935,11404593,NA,179262.1,55.92,-1,-0.0924911269753243,0.995565864049139,0.987007532593075,0.992142531466713,12,1.15384615384615,0.538461538461538,"O14","de-protonated",0,NA,"C26 H30 O14",26,30,14,NA,NA,NA,NA,NA,NA,NA,NA
4684,565.170422,565.169219800792,565.169033326775,2276146.3,NA,203250.6,9.42,-1,0.32994379780041,0.98044078095262,0,0.588264468571572,20,0.882352941176471,0.176470588235294,"S1 O6","de-protonated",0,NA,"C34 H30 O6 S1",34,30,6,NA,NA,1,NA,NA,NA,NA,NA
4685,565.185892,565.18468975769,565.184422409842,5118260,NA,184988.2,23.9,-1,0.473027629811793,0.480106532734977,0.772687513667176,0.597138925107856,11,1.2962962962963,0.407407407407407,"P1 O11","de-protonated",0,NA,"C27 H35 O11 P1",27,35,11,NA,1,NA,NA,NA,NA,NA,NA
4686,565.193948,565.192745735244,565.192664618319,9149749,NA,184674.8,44.43,-1,0.143520837452518,0.99771513094979,0.976507303017696,0.989231999776952,11,1.25925925925926,0.481481481481481,"O13","de-protonated",0,NA,"C27 H34 O13",27,34,13,NA,NA,NA,NA,NA,NA,NA,NA
4687,565.222417,565.221214655923,565.221004623718,4484408,NA,176733.5,20.67,-1,0.371593063525681,0.975256574259847,0,0.585153944555908,2,2.11111111111111,0.888888888888889,"N4 O16","de-protonated",0,NA,"C18 H38 O16 N4",18,38,16,4,NA,NA,NA,NA,NA,NA,NA
4688,565.230352,565.229149633814,565.229050127703,3930425,NA,194375.4,17.85,-1,0.176045641860452,0.497196156041179,0.766236582456902,0.604812326607468,10,1.35714285714286,0.428571428571429,"O12","de-protonated",0,NA,"C28 H38 O12",28,38,12,NA,NA,NA,NA,NA,NA,NA,NA
4689,565.243258,565.242055597855,565.241804345544,4126010.5,NA,185278.5,18.84,-1,0.444504121189421,0.482391853018864,0.718264051224716,0.576740732301204,18,1.05555555555556,0.111111111111111,"S1 O4","de-protonated",0,NA,"C36 H38 O4 S1",36,38,4,NA,NA,1,NA,NA,NA,NA,NA
4690,565.279763,565.278560496145,565.27832279671,5301566.5,NA,181452.8,24.83,-1,0.420499823243963,0.982264264348154,0.96336687615697,0.97470530907168,4,1.80769230769231,0.423076923076923,"P1 O11","de-protonated",0,NA,"C26 H47 O11 P1",26,47,11,NA,1,NA,NA,NA,NA,NA,NA
4691,565.316151,565.31494839476,565.314708306094,2373954.8,NA,166530.5,9.92,-1,0.424699131386811,0.96780197684505,0,0.58068118610703,3,1.88888888888889,0.37037037037037,"P1 O10","de-protonated",0,NA,"C27 H51 O10 P1",27,51,10,NA,1,NA,NA,NA,NA,NA,NA
4692,565.440563,565.439360048121,565.439120975532,9667921,NA,188003.5,47.07,-1,0.422808716119722,0.975217693636012,0.994300690412504,0.982850892346609,4,1.85294117647059,0.117647058823529,"P1 O4","de-protonated",0,NA,"C34 H63 O4 P1",34,63,4,NA,1,NA,NA,NA,NA,NA,NA
4694,566.124112,566.122907143604,566.123025884477,2367388.8,NA,191473.6,9.88,-1,-0.209743936985499,0.992049389832924,0,0.595229633899754,16,1.03448275862069,0.172413793103448,"N1 S2 P1 O5","de-protonated",0,NA,"C29 H30 O5 S2 N1 P1",29,30,5,1,1,2,NA,NA,NA,NA,NA
4696,566.189544,566.188338961296,566.188402847883,2062755.9,NA,180208,8.33,-1,-0.112836267696089,0.99769245757557,0,0.598615474545342,15,1.17241379310345,0.172413793103448,"N3 S1 P1 O5","de-protonated",0,NA,"C29 H34 O5 S1 N3 P1",29,34,5,3,1,1,NA,NA,NA,NA,NA
4701,567.064156,567.062948524437,567.06277264526,3850754.3,NA,194631.5,17.44,-1,0.310158214258589,0.982696434279743,0,0.589617860567846,14,0.869565217391304,0.739130434782609,"O17","de-protonated",0,NA,"C23 H20 O17",23,20,17,NA,NA,NA,NA,NA,NA,NA,NA
4702,567.10032,567.099112423676,567.099158154644,7861766,NA,181107.7,37.87,-1,-0.0806401623247953,0.999409861154899,0.996048699278688,0.998065396404414,13,1,0.666666666666667,"O16","de-protonated",0,NA,"C24 H24 O16",24,24,16,NA,NA,NA,NA,NA,NA,NA,NA
4704,567.136795,567.135587322049,567.135543664029,10749450,NA,185988.2,52.58,-1,0.076979869636818,0.499462665520386,0.785920818505338,0.614045926714367,12,1.12,0.6,"O15","de-protonated",0,NA,"C25 H28 O15",25,28,15,NA,NA,NA,NA,NA,NA,NA,NA
4706,567.173186,567.171978220656,567.171929173413,11060750,NA,183004.9,54.17,-1,0.0864768514558829,0.984093690501334,0.956220942880721,0.972944591453089,11,1.23076923076923,0.538461538461538,"O14","de-protonated",0,NA,"C26 H32 O14",26,32,14,NA,NA,NA,NA,NA,NA,NA,NA
4707,567.18246,567.181252194816,567.181312087883,2167311,NA,179554.1,8.86,-1,-0.105597744265138,0.99797873233898,0,0.598787239403388,24,0.756756756756757,0.162162162162162,"O6","de-protonated",0,NA,"C37 H28 O6",37,28,6,NA,NA,NA,NA,NA,NA,NA,NA
4708,567.20153,567.200322141683,567.20007247432,7407121,NA,170221.1,35.56,-1,0.440175125839742,0.975409973238174,0.962042502707106,0.970062985025747,10,1.37037037037037,0.407407407407407,"P1 O11","de-protonated",0,NA,"C27 H37 O11 P1",27,37,11,NA,1,NA,NA,NA,NA,NA,NA
4709,567.20959,567.208382119226,567.208314682797,6080018,NA,180967.1,28.8,-1,0.11889182014718,0.49871923055382,0.772687513667176,0.608306543799162,10,1.33333333333333,0.481481481481481,"O13","de-protonated",0,NA,"C27 H36 O13",27,36,13,NA,NA,NA,NA,NA,NA,NA,NA
4710,567.238134,567.236926039696,567.236654688196,4185620.8,NA,182595.7,19.14,-1,0.478374409826876,0.959327180327276,0,0.575596308196366,1,2.22222222222222,0.888888888888889,"N4 O16","de-protonated",0,NA,"C18 H40 O16 N4",18,40,16,4,NA,NA,NA,NA,NA,NA,NA
4711,567.246003,567.244795017771,567.244700192181,2526741.8,NA,195379.9,10.69,-1,0.167168754545945,0.994942179311353,0,0.596965307586812,9,1.42857142857143,0.428571428571429,"O12","de-protonated",0,NA,"C28 H40 O12",28,40,12,NA,NA,NA,NA,NA,NA,NA,NA
4712,567.258917,567.25770898179,567.257454410022,3513879,NA,183351.4,15.72,-1,0.448776417934932,0.482057925111632,0.718264051224716,0.576540375556866,17,1.11111111111111,0.111111111111111,"S1 O4","de-protonated",0,NA,"C36 H40 O4 S1",36,40,4,NA,NA,1,NA,NA,NA,NA,NA
4714,567.295439,567.294230880032,567.293972861188,3231259,NA,174294,14.28,-1,0.454823877300988,0.963160380157904,0,0.577896228094742,3,1.88461538461538,0.423076923076923,"P1 O11","de-protonated",0,NA,"C26 H49 O11 P1",26,49,11,NA,1,NA,NA,NA,NA,NA,NA
4719,568.168461,568.167250447603,568.167178145606,2588278,NA,185119.2,11.01,-1,0.127254793165128,0.997065972157572,0,0.598239583294543,11,1.24,0.56,"N1 O14","de-protonated",0,NA,"C25 H31 O14 N1",25,31,14,1,NA,NA,NA,NA,NA,NA,NA
4722,568.217772,568.216561310211,568.216317872831,2379899,NA,187240.6,9.95,-1,0.428423776429332,0.967244134299921,0,0.580346480579952,18,1.02941176470588,0.147058823529412,"N1 S1 O5","de-protonated",0,NA,"C34 H35 O5 S1 N1",34,35,5,1,NA,1,NA,NA,NA,NA,NA
4723,568.241566,568.240355243916,568.240438421745,2032765.5,NA,199886.8,8.18,-1,-0.146377876342881,0.996119740602565,0,0.597671844361539,13,1.33333333333333,0.133333333333333,"N3 S1 P1 O4","de-protonated",0,NA,"C30 H40 O4 S1 N3 P1",30,40,4,3,1,1,NA,NA,NA,NA,NA
4724,568.254155,568.25294420884,568.252703382215,1908350.8,NA,189797.2,7.54,-1,0.423801988187104,0.967935662410055,0,0.580761397446033,17,1.11428571428571,0.114285714285714,"N1 S1 O4","de-protonated",0,NA,"C35 H39 O4 S1 N1",35,39,4,1,NA,1,NA,NA,NA,NA,NA
4728,569.042999,569.041786010949,569.042037200354,2140366.5,NA,207914.5,8.96,-1,-0.441425040785976,0.965261357707416,0,0.579156814624449,14,0.818181818181818,0.818181818181818,"O18","de-protonated",0,NA,"C22 H18 O18",22,18,18,NA,NA,NA,NA,NA,NA,NA,NA
4729,569.079709,569.078495908667,569.078422709738,5271250,NA,178702.6,25.34,-1,0.128627138410541,0.498501221953963,0.799615297578637,0.618946852203833,13,0.956521739130435,0.739130434782609,"O17","de-protonated",0,NA,"C23 H22 O17",23,22,17,NA,NA,NA,NA,NA,NA,NA,NA
4730,569.095673,569.094459864188,569.094548230948,2442963.8,NA,118381,10.54,-1,-0.155276062169107,0.995634708938659,0,0.597380825363195,16,0.928571428571429,0.321428571428571,"S2 O9","de-protonated",0,NA,"C28 H26 O9 S2",28,26,9,NA,NA,2,NA,NA,NA,NA,NA
4732,569.116147,569.114933807143,569.114808219122,7378646,NA,186286.1,36.36,-1,0.2206725581965,0.495601513991763,0.792708917554682,0.61444447541693,12,1.08333333333333,0.666666666666667,"O16","de-protonated",0,NA,"C24 H26 O16",24,26,16,NA,NA,NA,NA,NA,NA,NA,NA
4733,569.131618,569.130404764037,569.130553617778,2699991.5,NA,201391.9,11.89,-1,-0.261545860278125,0.987664492056519,0,0.592598695233911,20,0.870967741935484,0.161290322580645,"N2 S1 P1 O5","de-protonated",0,NA,"C31 H27 O5 S1 N2 P1",31,27,5,2,1,1,NA,NA,NA,NA,NA
4734,569.144354,569.143140728552,569.142951520029,7382744.5,NA,183858.6,36.38,-1,0.332444638718731,0.973653764249891,0.985128525733822,0.978243668843463,11,1.24,0.52,"P1 O13","de-protonated",0,NA,"C25 H31 O13 P1",25,31,13,NA,1,NA,NA,NA,NA,NA,NA
4735,569.15243,569.15121670605,569.151193728507,9430746,NA,187594.5,47.09,-1,0.0403715993263299,0.991023503584363,0.994694243433803,0.992491799524139,11,1.2,0.6,"O15","de-protonated",0,NA,"C25 H30 O15",25,30,15,NA,NA,NA,NA,NA,NA,NA,NA
4736,569.162043,569.160829679267,569.160576642977,2433754.5,NA,206198.3,10.49,-1,0.444578033092567,0.964772202339581,0,0.578863321403749,24,0.722222222222222,0.194444444444444,"O7","de-protonated",0,NA,"C36 H26 O7",36,26,7,NA,NA,NA,NA,NA,NA,NA,NA
4737,569.167783,569.166569663274,569.166449869791,2108123,NA,204742.1,8.79,-1,0.210471791231601,0.991994335463207,0,0.595196601277924,15,1.03448275862069,0.413793103448276,"O12","de-protonated",0,NA,"C29 H30 O12",29,30,12,NA,NA,NA,NA,NA,NA,NA,NA
4738,569.180759,569.17954562712,569.179337029413,8298204.5,NA,182577,41.17,-1,0.366488543676858,0.487961752279964,0.779247987650237,0.604476246428073,10,1.34615384615385,0.461538461538462,"P1 O12","de-protonated",0,NA,"C26 H35 O12 P1",26,35,12,NA,1,NA,NA,NA,NA,NA,NA
4739,569.188845,569.18763160459,569.187579237891,6895325,NA,182790,33.83,-1,0.0920025337910285,0.499232656281176,0.779247987650237,0.611238788828801,10,1.30769230769231,0.538461538461538,"O14","de-protonated",0,NA,"C26 H34 O14",26,34,14,NA,NA,NA,NA,NA,NA,NA,NA
4740,569.198392,569.19717857799,569.196962152361,2331870,NA,168603.5,9.96,-1,0.380229768421279,0.974108207827577,0,0.584464924696546,23,0.810810810810811,0.162162162162162,"O6","de-protonated",0,NA,"C37 H30 O6",37,30,6,NA,NA,NA,NA,NA,NA,NA,NA
4742,569.225151,569.223937503434,569.223964747275,2755296.8,NA,181378.7,12.18,-1,-0.0478613743388358,0.999584439839512,0,0.599750663903707,9,1.40740740740741,0.481481481481481,"O13","de-protonated",0,NA,"C27 H38 O13",27,38,13,NA,NA,NA,NA,NA,NA,NA,NA
4743,569.237744,569.236530468347,569.236718965116,1809890,NA,118751,7.23,-1,-0.331139510318864,0.980300167452604,0,0.588180100471562,17,1.08571428571429,0.142857142857143,"S1 O5","de-protonated",0,NA,"C35 H38 O5 S1",35,38,5,NA,NA,1,NA,NA,NA,NA,NA
4744,569.253766,569.252552423706,569.252304752674,2362083.5,NA,197076.8,10.12,-1,0.435081298754321,0.966235715416858,0,0.579741429250115,0,2.33333333333333,0.888888888888889,"N4 O16","de-protonated",0,NA,"C18 H42 O16 N4",18,42,16,4,NA,NA,NA,NA,NA,NA,NA
4747,569.298187,569.29697329994,569.296735766044,2187496,NA,223291.8,9.21,-1,0.417240923863832,0.968905301708753,0,0.581343181025252,7,1.58620689655172,0.379310344827586,"O11","de-protonated",0,NA,"C29 H46 O11",29,46,11,NA,NA,NA,NA,NA,NA,NA,NA
4753,570.18425,570.183033831175,570.182828210084,3132222.3,NA,190650.8,14.15,-1,0.360623086481555,0.976679015256262,0,0.586007409153757,10,1.32,0.56,"N1 O14","de-protonated",0,NA,"C25 H33 O14 N1",25,33,14,1,NA,NA,NA,NA,NA,NA,NA
4754,570.220557,570.219340730016,570.219213719468,2332481.8,NA,168995.6,9.96,-1,0.222739859891882,0.991038176809798,0,0.594622906085879,9,1.42307692307692,0.5,"N1 O13","de-protonated",0,NA,"C26 H37 O13 N1",26,37,13,1,NA,NA,NA,NA,NA,NA,NA
4755,570.256982,570.255765628528,570.255599228852,1788741.4,NA,235498.8,7.12,-1,0.291798407196133,0.984669047972556,0,0.590801428783534,8,1.51851851851852,0.444444444444444,"N1 O12","de-protonated",0,NA,"C27 H41 O12 N1",27,41,12,1,NA,NA,NA,NA,NA,NA,NA
4756,570.293883,570.292666525714,570.292854118162,1786696.9,NA,185684.2,7.11,-1,-0.328940555917369,0.980558383326937,0,0.588335029996162,6,1.68965517241379,0.206896551724138,"N1 S2 O6","de-protonated",0,NA,"C29 H49 O6 S2 N1",29,49,6,1,NA,2,NA,NA,NA,NA,NA
4760,571.059116,571.057897393608,571.057687264832,2547089,NA,180870.5,11.09,-1,0.367964184685085,0.975731606109126,0,0.585438963665476,13,0.909090909090909,0.818181818181818,"O18","de-protonated",0,NA,"C22 H20 O18",22,20,18,NA,NA,NA,NA,NA,NA,NA,NA
4761,571.074228,571.073009351502,571.072943406117,3924882.5,NA,206196.7,18.29,-1,0.115476291931735,0.498791673796651,0.779247987650237,0.610974199338086,17,0.769230769230769,0.576923076923077,"O15","de-protonated",0,NA,"C26 H20 O15",26,20,15,NA,NA,NA,NA,NA,NA,NA,NA
4763,571.09531,571.094091292764,571.094072774216,5433236.5,NA,179275.1,26.18,-1,0.0324264397860135,0.49990461481175,0.799615297578637,0.619788887918505,12,1.04347826086957,0.739130434782609,"O17","de-protonated",0,NA,"C23 H24 O17",23,24,17,NA,NA,NA,NA,NA,NA,NA,NA
4764,571.11309,571.111871243225,571.111668647693,3719062,NA,171939.8,17.22,-1,0.354738911191445,0.977425262971145,0,0.586455157782687,7,1.61111111111111,0.722222222222222,"N4 S1 P1 O13","de-protonated",0,NA,"C18 H29 O13 S1 N4 P1",18,29,13,4,1,1,NA,NA,NA,NA,NA
4766,571.131736,571.130517191273,571.1304582836,5959576,NA,180988.6,28.94,-1,0.103142236166338,0.499035776250214,0.792708917554682,0.616505032772001,11,1.16666666666667,0.666666666666667,"O16","de-protonated",0,NA,"C24 H28 O16",24,28,16,NA,NA,NA,NA,NA,NA,NA,NA
4767,571.141322,571.140103164564,571.139841198071,2653592.8,NA,160559.1,11.64,-1,0.458673120912894,0.962546057657221,0,0.577527634594333,24,0.685714285714286,0.228571428571429,"O8","de-protonated",0,NA,"C35 H24 O8",35,24,8,NA,NA,NA,NA,NA,NA,NA,NA
4768,571.147021,571.145802148685,571.145714424885,5023641,NA,184051.1,24.04,-1,0.153592678923266,0.497864322386963,0.766236582456902,0.605213226414939,15,1,0.464285714285714,"O13","de-protonated",0,NA,"C28 H28 O13",28,28,13,NA,NA,NA,NA,NA,NA,NA,NA
4769,571.160071,571.158852112325,571.158601584507,10360730,NA,183748.6,51.96,-1,0.43863091170092,0.97315693553002,0.982280867978943,0.976806508509589,10,1.32,0.52,"P1 O13","de-protonated",0,NA,"C25 H33 O13 P1",25,33,13,NA,1,NA,NA,NA,NA,NA,NA
4770,571.168001,571.166782090231,571.166843792985,5261211,NA,188729.1,25.28,-1,-0.108029299460786,0.498942337248435,0.785920818505338,0.613733729751196,10,1.28,0.6,"O15","de-protonated",0,NA,"C25 H32 O15",25,32,15,NA,NA,NA,NA,NA,NA,NA,NA
4771,571.177661,571.176442063316,571.176226707455,1965980.1,NA,186477.7,8.05,-1,0.377039258071851,0.974535344226584,0,0.58472120653595,23,0.777777777777778,0.194444444444444,"O7","de-protonated",0,NA,"C36 H28 O7",36,28,7,NA,NA,NA,NA,NA,NA,NA,NA
4772,571.183486,571.182267047086,571.182099934269,4420508.5,NA,186679.9,20.88,-1,0.292573623398427,0.492294056285283,0.759892473118277,0.59933342301848,14,1.10344827586207,0.413793103448276,"O12","de-protonated",0,NA,"C29 H32 O12",29,32,12,NA,NA,NA,NA,NA,NA,NA,NA
4774,571.204613,571.203393988222,571.203229302369,2754462.5,NA,200198.9,12.17,-1,0.288313938499464,0.98503026851234,0,0.591018161107404,9,1.38461538461538,0.538461538461538,"O14","de-protonated",0,NA,"C26 H36 O14",26,36,14,NA,NA,NA,NA,NA,NA,NA,NA
4775,571.214094,571.212874961805,571.212612216839,2477471.5,NA,180006.9,10.72,-1,0.459977529560606,0.962336794780721,0,0.577402076868433,22,0.864864864864865,0.162162162162162,"O6","de-protonated",0,NA,"C37 H32 O6",37,32,6,NA,NA,NA,NA,NA,NA,NA,NA
4776,571.219948,571.218728945495,571.218485443654,2893728,NA,186182,12.9,-1,0.426284945907717,0.967565024513337,0,0.580539014708002,13,1.2,0.366666666666667,"O11","de-protonated",0,NA,"C30 H36 O11",30,36,11,NA,NA,NA,NA,NA,NA,NA,NA
4777,571.232818,571.231598909636,571.231372603276,4219809,NA,179920.4,19.83,-1,0.39617284921627,0.978323350263331,0.901389877817665,0.947549961285065,8,1.51851851851852,0.407407407407407,"P1 O11","de-protonated",0,NA,"C27 H41 O11 P1",27,41,11,NA,1,NA,NA,NA,NA,NA,NA
4778,571.269123,571.267903808483,571.267625170879,2203044.5,NA,199524.4,9.29,-1,0.487753185732765,0.957751223718544,0,0.574650734231126,20,1.02564102564103,0.0512820512820513,"S1 O2","de-protonated",0,NA,"C39 H40 O2 S1",39,40,2,NA,NA,1,NA,NA,NA,NA,NA
4779,571.277474,571.276254785215,571.276000321137,2298789.3,NA,193334.4,9.79,-1,0.445431065568586,0.964639307318937,0,0.578783584391362,7,1.57142857142857,0.428571428571429,"O12","de-protonated",0,NA,"C28 H44 O12",28,44,12,NA,NA,NA,NA,NA,NA,NA,NA
4780,571.313704,571.31248468427,571.312385830522,2108328.8,NA,200673.5,8.79,-1,0.173029241129636,0.994582315193721,0,0.596749389116233,6,1.6551724137931,0.379310344827586,"O11","de-protonated",0,NA,"C29 H48 O11",29,48,11,NA,NA,NA,NA,NA,NA,NA,NA
4782,572.097742,572.09652049977,572.096335679216,1840112,NA,189123.3,7.39,-1,0.32305844618455,0.981240971022785,0,0.588744582613671,16,0.923076923076923,0.461538461538462,"N1 P1 O12","de-protonated",0,NA,"C26 H24 O12 N1 P1",26,24,12,1,1,NA,NA,NA,NA,NA,NA
4783,572.126995,572.125773418264,572.125707255793,2269682.8,NA,193765.5,9.63,-1,0.115643241019085,0.997576363304338,0,0.598545817982603,11,1.17391304347826,0.695652173913043,"N1 O16","de-protonated",0,NA,"C23 H27 O16 N1",23,27,16,1,NA,NA,NA,NA,NA,NA,NA
4785,572.199827,572.198605215339,572.198478274562,3042297.3,NA,182663.3,13.68,-1,0.221847456109575,0.991109524236833,0,0.5946657145421,9,1.4,0.56,"N1 O14","de-protonated",0,NA,"C25 H35 O14 N1",25,35,14,1,NA,NA,NA,NA,NA,NA,NA
4787,572.272356,572.271134013257,572.27124929333,1859071.6,NA,181926.5,7.49,-1,-0.201443063482914,0.992663978836646,0,0.595598387301987,7,1.59259259259259,0.444444444444444,"N1 O12","de-protonated",0,NA,"C27 H43 O12 N1",27,43,12,1,NA,NA,NA,NA,NA,NA,NA
4790,573.053707,573.052482836243,573.05220796121,3603524.3,NA,180624.5,16.61,-1,0.479668394528242,0.959111412947122,0,0.575466847768273,17,0.72,0.64,"O16","de-protonated",0,NA,"C25 H18 O16",25,18,16,NA,NA,NA,NA,NA,NA,NA,NA
4791,573.074964,573.073739777016,573.073693644899,2847814.3,NA,186845.9,12.66,-1,0.0804994508442743,0.499412437097409,0.718264051224716,0.586953082748331,29,0.5,0.0555555555555556,"N2 S2 O2","de-protonated",0,NA,"C36 H18 O2 S2 N2",36,18,2,2,NA,2,NA,NA,NA,NA,NA
4792,573.089779,573.088554735738,573.088593470595,4950087.5,NA,195056,23.65,-1,-0.0675896477490601,0.49958571022678,0.779247987650237,0.611450621196163,16,0.846153846153846,0.576923076923077,"O15","de-protonated",0,NA,"C26 H22 O15",26,22,15,NA,NA,NA,NA,NA,NA,NA,NA
4794,573.111687,573.110462674698,573.110592218619,3095625.3,NA,166061.2,13.95,-1,-0.226036516119813,0.990772171950174,0,0.594463303170104,10,1.25,0.5,"S2 O12","de-protonated",0,NA,"C24 H30 O12 S2",24,30,12,NA,NA,2,NA,NA,NA,NA,NA
4795,573.121238,573.120013648087,573.11997513309,2276426.3,NA,164020.3,9.67,-1,0.0672023285110723,0.999180885636192,0,0.599508531381715,23,0.742857142857143,0.114285714285714,"S2 O4","de-protonated",0,NA,"C35 H26 O4 S2",35,26,4,NA,NA,2,NA,NA,NA,NA,NA
4796,573.126461,573.125236633534,573.124978979979,5730378.5,NA,193773.3,27.74,-1,0.4495591097207,0.481996428002109,0.772687513667176,0.598272862268136,15,0.962962962962963,0.518518518518518,"O14","de-protonated",0,NA,"C27 H26 O14",27,26,14,NA,NA,NA,NA,NA,NA,NA,NA
4798,573.147549,573.146324574779,573.146108348078,3018828.5,NA,181290.1,13.55,-1,0.377262790729922,0.97450552948502,0,0.584703317691012,10,1.25,0.666666666666667,"O16","de-protonated",0,NA,"C24 H30 O16",24,30,16,NA,NA,NA,NA,NA,NA,NA,NA
4799,573.157097,573.155872548176,573.155842135633,2927693.3,NA,181694.3,13.08,-1,0.0530615591650175,0.999489256424533,0,0.59969355385472,0,2.29411764705882,0.764705882352941,"N2 S2 P1 O13","de-protonated",0,NA,"C17 H39 O13 S2 N2 P1",17,39,13,2,1,2,NA,NA,NA,NA,NA
4800,573.162708,573.161483532542,573.161364489363,6846541.5,NA,179483.1,33.57,-1,0.207695749352272,0.496101653008154,0.766236582456902,0.604155624787653,14,1.07142857142857,0.464285714285714,"O13","de-protonated",0,NA,"C28 H30 O13",28,30,13,NA,NA,NA,NA,NA,NA,NA,NA
4802,573.184266,573.183041472477,573.182983114833,2238031.5,NA,197650.1,9.47,-1,0.101813287725855,0.99812088055605,0,0.59887252833363,13,1.25,0.25,"N2 S1 P1 O7","de-protonated",0,NA,"C28 H35 O7 S1 N2 P1",28,35,7,2,1,1,NA,NA,NA,NA,NA
4804,573.199013,573.197788431389,573.197749998747,6205521,NA,175528.8,30.22,-1,0.0670495325400269,0.499592302338619,0.759892473118277,0.603712370650482,13,1.17241379310345,0.413793103448276,"O12","de-protonated",0,NA,"C29 H34 O12",29,34,12,NA,NA,NA,NA,NA,NA,NA,NA
4806,573.235389,573.234164330037,573.234135508132,3402836,NA,186846.5,15.56,-1,0.0502794645633174,0.49977069922753,0.753652554121787,0.601323441185233,12,1.26666666666667,0.366666666666667,"O11","de-protonated",0,NA,"C30 H38 O11",30,38,11,NA,NA,NA,NA,NA,NA,NA,NA
4808,573.256308,573.255083271752,573.255264876231,1801813.9,NA,229233.5,7.19,-1,-0.316795134848947,0.981954763588221,0,0.589172858152933,7,1.55555555555556,0.481481481481481,"O13","de-protonated",0,NA,"C27 H42 O13",27,42,13,NA,NA,NA,NA,NA,NA,NA,NA
4809,573.284859,573.283634192203,573.283408177138,2490456.3,NA,199380.9,10.79,-1,0.394246652954315,0.97219133602382,0,0.583314801614292,6,1.67857142857143,0.357142857142857,"P1 O10","de-protonated",0,NA,"C28 H47 O10 P1",28,47,10,NA,1,NA,NA,NA,NA,NA,NA
4810,573.292837,573.291612169975,573.291650385615,1853017,NA,234117.8,7.45,-1,-0.0666600339369512,0.999194046807752,0,0.599516428084651,6,1.64285714285714,0.428571428571429,"O12","de-protonated",0,NA,"C28 H46 O12",28,46,12,NA,NA,NA,NA,NA,NA,NA,NA
4811,573.329835,573.32861006689,573.32852515237,1949788.1,NA,193263.7,7.96,-1,0.14810796284748,0.99602765801063,0,0.597616594806378,9,1.59375,0.09375,"N2 S1 P1 O3","de-protonated",0,NA,"C32 H51 O3 S1 N2 P1",32,51,3,2,1,1,NA,NA,NA,NA,NA
4813,574.14262,574.141392802294,574.141357320271,2324640.8,NA,217416,9.92,-1,0.0618001511564561,0.999307240597967,0,0.59958434435878,10,1.26086956521739,0.695652173913043,"N1 O16","de-protonated",0,NA,"C23 H29 O16 N1",23,29,16,1,NA,NA,NA,NA,NA,NA,NA
4814,574.166542,574.165314735642,574.165344927404,1936034.8,NA,168516.2,7.89,-1,-0.0525837411586076,0.999498411177746,0,0.599699046706648,18,0.966666666666667,0.233333333333333,"N3 S1 O7","de-protonated",0,NA,"C30 H29 O7 S1 N3",30,29,7,3,NA,1,NA,NA,NA,NA,NA
4815,574.179213,574.177985700338,574.177742829656,2752675.8,NA,204117.3,12.16,-1,0.422988674407625,0.968056627943887,0,0.580833976766332,9,1.375,0.625,"N1 O15","de-protonated",0,NA,"C24 H33 O15 N1",24,33,15,1,NA,NA,NA,NA,NA,NA,NA
4816,574.215678,574.214450598738,574.21461759641,2122918.8,NA,197423.3,8.86,-1,-0.290827970255629,0.98477007180854,0,0.590862043085124,12,1.35714285714286,0.214285714285714,"N3 S1 P1 O6","de-protonated",0,NA,"C28 H38 O6 S1 N3 P1",28,38,6,3,1,1,NA,NA,NA,NA,NA
4817,574.251376,574.250148499276,574.250000784087,2070185.9,NA,218324.8,8.59,-1,0.257231499225598,0.988065681004118,0,0.592839408602471,25,0.846153846153846,0.0512820512820513,"N3 O2","de-protonated",0,NA,"C39 H33 O2 N3",39,33,2,3,NA,NA,NA,NA,NA,NA,NA
4818,574.288214,574.286986396637,574.286899357808,2599596.8,NA,176653,11.36,-1,0.15155983716269,0.995840727787682,0,0.597504436672609,6,1.66666666666667,0.444444444444444,"N1 O12","de-protonated",0,NA,"C27 H45 O12 N1",27,45,12,1,NA,NA,NA,NA,NA,NA,NA
4819,575.069034,575.067804221103,575.067858025688,5619948.5,NA,179123,27.16,-1,-0.0935621505185501,0.499206440752341,0.785920818505338,0.61389219185354,16,0.8,0.64,"O16","de-protonated",0,NA,"C25 H20 O16",25,20,16,NA,NA,NA,NA,NA,NA,NA,NA
4820,575.082066,575.080836184793,575.080612243529,2222317.5,NA,197015.1,9.38,-1,0.38940847469295,0.9728603910173,0,0.58371623461038,24,0.606060606060606,0.242424242424242,"S1 O8","de-protonated",0,NA,"C33 H20 O8 S1",33,20,8,NA,NA,1,NA,NA,NA,NA,NA
4821,575.105593,575.104363119241,575.104243535073,5683439.5,NA,188071.3,27.49,-1,0.207934770387989,0.995010557836679,0.9212698155765,0.965514260932608,15,0.923076923076923,0.576923076923077,"O15","de-protonated",0,NA,"C26 H24 O15",26,24,15,NA,NA,NA,NA,NA,NA,NA,NA
4822,575.118505,575.117275083266,575.116997752913,4739312.5,NA,195959.1,22.55,-1,0.482215538724638,0.479342562743242,0.72968508002065,0.579479569654205,23,0.705882352941177,0.205882352941176,"S1 O7","de-protonated",0,NA,"C34 H24 O7 S1",34,24,7,NA,NA,1,NA,NA,NA,NA,NA
4823,575.141776,575.140546018428,575.140629044457,8933618,NA,178627.6,44.49,-1,-0.14435778833029,0.997731959084718,0.983274603167391,0.991949016717788,14,1.03703703703704,0.518518518518518,"O14","de-protonated",0,NA,"C27 H28 O14",27,28,14,NA,NA,NA,NA,NA,NA,NA,NA
4824,575.154955,575.153724981708,575.153516204079,6326515.5,NA,196533.3,30.85,-1,0.362994615152832,0.488187471907326,0.792708917554682,0.609996050166268,9,1.375,0.583333333333333,"P1 O14","de-protonated",0,NA,"C24 H33 O14 P1",24,33,14,NA,1,NA,NA,NA,NA,NA,NA
4825,575.178348,575.17711791653,575.177014553841,8650997,NA,173083.2,43.01,-1,0.179705875463043,0.99544980725345,0.994112442417044,0.994914861318887,13,1.14285714285714,0.464285714285714,"O13","de-protonated",0,NA,"C28 H32 O13",28,32,13,NA,NA,NA,NA,NA,NA,NA,NA
4826,575.191415,575.190184880123,575.189901713463,5462262.5,NA,186181.7,26.33,-1,0.492301166225635,0.478488470390351,0.785920818505338,0.601461409636345,8,1.48,0.52,"P1 O13","de-protonated",0,NA,"C25 H37 O13 P1",25,37,13,NA,1,NA,NA,NA,NA,NA,NA
4827,575.20646,575.205229838204,575.205024912967,2136823.5,NA,138447.4,8.94,-1,0.356264685524337,0.977232884376557,0,0.586339730625934,25,0.8,0.05,"S1 O2","de-protonated",0,NA,"C40 H32 O2 S1",40,32,2,NA,NA,1,NA,NA,NA,NA,NA
4828,575.214674,575.213443815318,575.213400063225,6211832,NA,181495.3,30.25,-1,0.0760623664766669,0.998560887065474,0.982467761837204,0.992123636974166,12,1.24137931034483,0.413793103448276,"O12","de-protonated",0,NA,"C29 H36 O12",29,36,12,NA,NA,NA,NA,NA,NA,NA,NA
4829,575.22759,575.226359779331,575.226154281066,4439289,NA,184148.4,20.98,-1,0.357247777619107,0.488554256558755,0.712686567164179,0.578207180800925,20,0.972972972972973,0.108108108108108,"S1 O4","de-protonated",0,NA,"C37 H36 O4 S1",37,36,4,NA,NA,1,NA,NA,NA,NA,NA
4830,575.251193,575.249962713568,575.24978557261,2742523,NA,225700.6,12.11,-1,0.307937460561725,0.982941218484948,0,0.589764731090969,11,1.33333333333333,0.366666666666667,"O11","de-protonated",0,NA,"C30 H40 O11",30,40,11,NA,NA,NA,NA,NA,NA,NA,NA
4831,575.26414,575.262909677495,575.262672732232,3761404.3,NA,188329.7,17.44,-1,0.411890557826268,0.48484276065945,0.772687513667176,0.599980661862541,6,1.66666666666667,0.407407407407407,"P1 O11","de-protonated",0,NA,"C27 H45 O11 P1",27,45,11,NA,1,NA,NA,NA,NA,NA,NA
4832,575.272248,575.271017654904,575.270914940709,1832700.8,NA,150727.5,7.35,-1,0.178549257995328,0.994232143683454,0,0.596539286210073,6,1.62962962962963,0.481481481481481,"O13","de-protonated",0,NA,"C27 H44 O13",27,44,13,NA,NA,NA,NA,NA,NA,NA,NA
4833,575.300436,575.299205576366,575.298925299835,2870527,NA,197521.1,12.78,-1,0.487184174000502,0.47892381733133,0.701787487586891,0.568069285433555,18,1.12820512820513,0.0512820512820513,"S1 O2","de-protonated",0,NA,"C39 H44 O2 S1",39,44,2,NA,NA,1,NA,NA,NA,NA,NA
4834,575.311785,575.310554544746,575.310671753463,2176256,NA,162441.1,9.14,-1,-0.203731172900331,0.992497008941539,0,0.595498205364923,0,2.08,0.48,"S1 O12","de-protonated",0,NA,"C25 H52 O12 S1",25,52,12,NA,NA,1,NA,NA,NA,NA,NA
4837,576.15844,576.15720718578,576.157007384749,1883970.1,NA,230990.7,7.61,-1,0.346782263312854,0.97841570316582,0,0.587049421899492,9,1.34782608695652,0.695652173913043,"N1 O16","de-protonated",0,NA,"C23 H31 O16 N1",23,31,16,1,NA,NA,NA,NA,NA,NA,NA
4840,576.23044,576.229206985173,576.229265339181,1888583.8,NA,168512.5,7.64,-1,-0.101268734532928,0.998140909272346,0,0.598884545563408,25,0.815789473684211,0.0789473684210526,"N3 O3","de-protonated",0,NA,"C38 H31 O3 N3",38,31,3,3,NA,NA,NA,NA,NA,NA,NA
4841,576.267648,576.266414881503,576.266163912902,2352458.5,NA,175723.9,10.06,-1,0.435508132323628,0.966170568445234,0,0.57970234106714,6,1.65384615384615,0.5,"N1 O13","de-protonated",0,NA,"C26 H43 O13 N1",26,43,13,1,NA,NA,NA,NA,NA,NA,NA
4843,577.048344,577.047108706314,577.047122580782,3019141.5,NA,177886,13.55,-1,-0.0240439084886938,0.999895108285776,0,0.599937064971465,16,0.75,0.708333333333333,"O17","de-protonated",0,NA,"C24 H18 O17",24,18,17,NA,NA,NA,NA,NA,NA,NA,NA
4844,577.085013,577.083777604146,577.083508090166,6629768,NA,182825,32.44,-1,0.467027693582618,0.480598134850348,0.785920818505338,0.602727208312344,15,0.88,0.64,"O16","de-protonated",0,NA,"C25 H22 O16",25,22,16,NA,NA,NA,NA,NA,NA,NA,NA
4845,577.121267,577.120031503134,577.119893599551,8446347,NA,174590,41.94,-1,0.238951360748903,0.994812089412096,0.981442438954526,0.989464229229068,14,1,0.576923076923077,"O15","de-protonated",0,NA,"C26 H26 O15",26,26,15,NA,NA,NA,NA,NA,NA,NA,NA
4846,577.134134,577.132898467284,577.132647817391,3061131.8,NA,196964.1,13.77,-1,0.434302052039687,0.483177248609041,0.72968508002065,0.581780381173685,22,0.764705882352941,0.205882352941176,"S1 O7","de-protonated",0,NA,"C34 H26 O7 S1",34,26,7,NA,NA,1,NA,NA,NA,NA,NA
4847,577.15759,577.156354401931,577.156279108935,9625998,NA,183645.5,48.11,-1,0.130455127195012,0.498458385589177,0.772687513667176,0.608150036820377,13,1.11111111111111,0.518518518518518,"O14","de-protonated",0,NA,"C27 H30 O14",27,30,14,NA,NA,NA,NA,NA,NA,NA,NA
4849,577.186026,577.184790322702,577.184619114334,2612623.5,NA,170028.9,11.43,-1,0.296626698097071,0.984161570463414,0,0.590496942278048,4,1.88888888888889,0.944444444444444,"N4 O17","de-protonated",0,NA,"C18 H34 O17 N4",18,34,17,4,NA,NA,NA,NA,NA,NA,NA
4850,577.193998,577.19276230049,577.192664618319,9023888,NA,179636.5,44.96,-1,0.169236680906593,0.4974082993873,0.766236582456902,0.604939612615141,12,1.21428571428571,0.464285714285714,"O13","de-protonated",0,NA,"C28 H34 O13",28,34,13,NA,NA,NA,NA,NA,NA,NA,NA
4851,577.20696,577.205724264375,577.205551777941,2804113.3,NA,182234.3,12.43,-1,0.298830171148601,0.983927295117379,0,0.590356377070427,7,1.56,0.52,"P1 O13","de-protonated",0,NA,"C25 H39 O13 P1",25,39,13,NA,1,NA,NA,NA,NA,NA,NA
4852,577.222516,577.221280221033,577.221004623718,2395026.3,NA,156673,10.29,-1,0.477455449779631,0.959480089102859,0,0.575688053461715,3,2,0.842105263157895,"N4 O16","de-protonated",0,NA,"C19 H38 O16 N4",19,38,16,4,NA,NA,NA,NA,NA,NA,NA
4853,577.230441,577.229205198952,577.229050127703,5069203,NA,181422.8,24.28,-1,0.268647685835974,0.493494966982524,0.759892473118277,0.600053969436826,11,1.31034482758621,0.413793103448276,"O12","de-protonated",0,NA,"C29 H38 O12",29,38,12,NA,NA,NA,NA,NA,NA,NA,NA
4854,577.243337,577.242101163021,577.241937287325,4064659.8,NA,194610.1,19.02,-1,0.283894299487091,0.492741189174376,0.779247987650237,0.607343908564721,6,1.65384615384615,0.461538461538462,"P1 O12","de-protonated",0,NA,"C26 H43 O12 P1",26,43,12,NA,1,NA,NA,NA,NA,NA,NA
4855,577.26674,577.265504097815,577.265435637088,2031509.5,NA,172104.3,8.39,-1,0.118594883729698,0.997451223893476,0,0.598470734336085,10,1.4,0.366666666666667,"O11","de-protonated",0,NA,"C30 H42 O11",30,42,11,NA,NA,NA,NA,NA,NA,NA,NA
4859,578.161298,578.160059605381,578.160259546976,2491350.3,NA,196721.4,10.79,-1,-0.345823827963186,0.978533559391289,0,0.587120135634773,17,1,0.275862068965517,"N3 S1 O8","de-protonated",0,NA,"C29 H29 O8 S1 N3",29,29,8,3,NA,1,NA,NA,NA,NA,NA
4860,578.197614,578.196375504197,578.19664505636,2866648.8,NA,192592.4,12.75,-1,-0.466194615541152,0.961331872088542,0,0.576799123253125,16,1.1,0.233333333333333,"N3 S1 O7","de-protonated",0,NA,"C30 H33 O7 S1 N3",30,33,7,3,NA,1,NA,NA,NA,NA,NA
4861,578.282944,578.281705266449,578.28181397738,2196446.8,NA,196521.7,9.25,-1,-0.187989537805633,0.993608107008433,0,0.59616486420506,5,1.73076923076923,0.5,"N1 O13","de-protonated",0,NA,"C26 H45 O13 N1",26,45,13,1,NA,NA,NA,NA,NA,NA,NA
4865,579.064203,579.062962089691,579.06277264526,3870229,NA,195778.7,18,-1,0.327156985967833,0.980766607885614,0,0.588459964731369,15,0.833333333333333,0.708333333333333,"O17","de-protonated",0,NA,"C24 H20 O17",24,20,17,NA,NA,NA,NA,NA,NA,NA,NA
4866,579.10043,579.099188988755,579.099158154644,7217687.5,NA,180945.4,35.51,-1,0.0532449587992308,0.499742860304707,0.785920818505338,0.614214043584959,14,0.96,0.64,"O16","de-protonated",0,NA,"C25 H24 O16",25,24,16,NA,NA,NA,NA,NA,NA,NA,NA
4867,579.13688,579.135638887198,579.135543664029,10156570,NA,182794,50.89,-1,0.164422940358351,0.997192461260785,0.974376445578501,0.988066054987872,13,1.07692307692308,0.576923076923077,"O15","de-protonated",0,NA,"C26 H28 O15",26,28,15,NA,NA,NA,NA,NA,NA,NA,NA
4869,579.173238,579.171996785896,579.171929173413,10246684,NA,179232,51.36,-1,0.116739917509081,0.991479239665418,0.968020979191763,0.982095935475956,12,1.18518518518519,0.518518518518518,"O14","de-protonated",0,NA,"C27 H32 O14",27,32,14,NA,NA,NA,NA,NA,NA,NA,NA
4870,579.186266,579.185024749597,579.184816333035,2123805.3,NA,166772.5,8.87,-1,0.359844658577255,0.976778409382593,0,0.586067045629556,7,1.54166666666667,0.583333333333333,"P1 O14","de-protonated",0,NA,"C24 H37 O14 P1",24,37,14,NA,1,NA,NA,NA,NA,NA,NA
4871,579.201699,579.200457706598,579.200269178812,4902430.5,NA,175040.4,23.4,-1,0.325496716247286,0.980959459663798,0,0.588575675798279,3,2,0.944444444444444,"N4 O17","de-protonated",0,NA,"C18 H36 O17 N4",18,36,17,4,NA,NA,NA,NA,NA,NA,NA
4872,579.209719,579.208477684252,579.208314682797,6631967,NA,181061.5,32.45,-1,0.281421123905899,0.492866207468478,0.766236582456902,0.602214357463848,11,1.28571428571429,0.464285714285714,"O13","de-protonated",0,NA,"C28 H36 O13",28,36,13,NA,NA,NA,NA,NA,NA,NA,NA
4873,579.22258,579.221338648419,579.221068900638,2162207.8,NA,181877.7,9.07,-1,0.465707819644359,0.961411005957456,0,0.576846603574474,19,1,0.138888888888889,"S1 O5","de-protonated",0,NA,"C36 H36 O5 S1",36,36,5,NA,NA,1,NA,NA,NA,NA,NA
4874,579.238047,579.236805605324,579.236654688196,4641313,NA,173944.6,22.04,-1,0.260544851086304,0.987758155019584,0,0.59265489301175,2,2.10526315789474,0.842105263157895,"N4 O16","de-protonated",0,NA,"C19 H40 O16 N4",19,40,16,4,NA,NA,NA,NA,NA,NA,NA
4875,579.246464,579.245222581873,579.245189449552,2699809.3,NA,208283.7,11.88,-1,0.0571991296823947,0.999406523172939,0,0.599643913903763,14,1.28125,0.125,"N2 S1 P1 O4","de-protonated",0,NA,"C32 H41 O4 S1 N2 P1",32,41,4,2,1,1,NA,NA,NA,NA,NA
4878,579.331652,579.33041034452,579.330225428791,1878055.1,NA,194666,7.58,-1,0.31918881753898,0.981683558355006,0,0.589010135013004,16,1.23076923076923,0.0512820512820513,"S1 O2","de-protonated",0,NA,"C39 H48 O2 S1",39,48,2,NA,NA,1,NA,NA,NA,NA,NA
4879,580.132329,580.13108511366,580.131281893592,2091612.3,NA,184459.1,8.7,-1,-0.339198968224161,0.979339661554133,0,0.58760379693248,17,1,0.25,"N3 S1 P1 O7","de-protonated",0,NA,"C28 H28 O7 S1 N3 P1",28,28,7,3,1,1,NA,NA,NA,NA,NA
4882,580.205159,580.203914910739,580.204052912361,2155105,NA,131002.1,9.03,-1,-0.237850150260489,0.989787464718447,0,0.593872478831068,15,1.2,0.166666666666667,"N3 S1 P1 O5","de-protonated",0,NA,"C30 H36 O5 S1 N3 P1",30,36,5,3,1,1,NA,NA,NA,NA,NA
4883,580.217763,580.216518875622,580.216317872831,2353249.8,NA,197026.6,10.07,-1,0.346427332545743,0.978459384425143,0,0.587075630655086,19,1,0.142857142857143,"N1 S1 O5","de-protonated",0,NA,"C35 H35 O5 S1 N1",35,35,5,1,NA,1,NA,NA,NA,NA,NA
4885,580.29967,580.298425647411,580.298604747851,2014311,NA,182495,8.29,-1,-0.308634965834578,0.982864518368308,0,0.589718711020985,17,1.18918918918919,0.0810810810810811,"N1 P1 O3","de-protonated",0,NA,"C37 H44 O3 N1 P1",37,44,3,1,1,NA,NA,NA,NA,NA,NA
4887,581.0799,581.07865347352,581.078422709738,5368472.5,NA,188432.4,25.84,-1,0.397130186502492,0.485894437415265,0.792708917554682,0.608620229471032,14,0.916666666666667,0.708333333333333,"O17","de-protonated",0,NA,"C24 H22 O17",24,22,17,NA,NA,NA,NA,NA,NA,NA,NA
4888,581.116218,581.114971372331,581.114808219122,8012443,NA,174546.3,39.67,-1,0.280758992859045,0.492899497711908,0.785920818505338,0.61010802602928,13,1.04,0.64,"O16","de-protonated",0,NA,"C25 H26 O16",25,26,16,NA,NA,NA,NA,NA,NA,NA,NA
4890,581.152588,581.151341270996,581.151193728507,9257629,NA,182092.1,46.18,-1,0.253879697635378,0.993992585530467,0.951760777834072,0.977099862451908,12,1.15384615384615,0.576923076923077,"O15","de-protonated",0,NA,"C26 H30 O15",26,30,15,NA,NA,NA,NA,NA,NA,NA,NA
4891,581.180762,581.179515192497,581.179337029413,7707295,NA,180208.9,38.07,-1,0.306554400821678,0.491546404483964,0.772687513667176,0.604002848157249,11,1.2962962962963,0.444444444444444,"P1 O12","de-protonated",0,NA,"C27 H35 O12 P1",27,35,12,NA,1,NA,NA,NA,NA,NA,NA
4892,581.188884,581.187637169867,581.187579237891,8012447.5,NA,178360.8,39.67,-1,0.0996786208565587,0.997359328569166,0.994520527265817,0.996223808047826,11,1.25925925925926,0.518518518518518,"O14","de-protonated",0,NA,"C27 H34 O14",27,34,14,NA,NA,NA,NA,NA,NA,NA,NA
4893,581.217078,581.215831091313,581.215589597016,5304993,NA,185463.3,25.51,-1,0.415498656039731,0.484580202614137,0.701787487586891,0.571463116603239,23,0.871794871794872,0.0769230769230769,"S1 O3","de-protonated",0,NA,"C39 H34 O3 S1",39,34,3,NA,NA,1,NA,NA,NA,NA,NA
4894,581.225088,581.223841068995,581.223964747275,4044449.8,NA,186213.9,18.91,-1,-0.212789368037861,0.98069002168977,0.913055323403711,0.953636142375346,10,1.35714285714286,0.464285714285714,"O13","de-protonated",0,NA,"C28 H38 O13",28,38,13,NA,NA,NA,NA,NA,NA,NA,NA
4895,581.237736,581.236489033755,581.236718965116,2007714.4,NA,186260.4,8.26,-1,-0.39558987420078,0.972004203816284,0,0.583202522289771,18,1.05555555555556,0.138888888888889,"S1 O5","de-protonated",0,NA,"C36 H38 O5 S1",36,38,5,NA,NA,1,NA,NA,NA,NA,NA
4896,581.253624,581.252376989487,581.252108048182,3502755.5,NA,183741.8,16.08,-1,0.462693040737052,0.480949696540643,0.759892473118277,0.592526807171696,9,1.48275862068966,0.344827586206897,"P1 O10","de-protonated",0,NA,"C29 H43 O10 P1",29,43,10,NA,1,NA,NA,NA,NA,NA,NA
4901,582.119063,582.117813578186,582.117940504048,1834200,NA,196259.1,7.35,-1,-0.218041488675859,0.991410651141708,0,0.594846390685025,16,1.03448275862069,0.206896551724138,"N1 S2 P1 O6","de-protonated",0,NA,"C29 H30 O6 S2 N1 P1",29,30,6,1,1,2,NA,NA,NA,NA,NA
4903,582.184387,582.183137396179,582.183317467454,2368731.8,NA,192127.4,10.15,-1,-0.309303392725859,0.982790858611691,0,0.589674515167014,15,1.17241379310345,0.206896551724138,"N3 S1 P1 O6","de-protonated",0,NA,"C29 H34 O6 S1 N3 P1",29,34,6,3,1,1,NA,NA,NA,NA,NA
4906,582.233073,582.231823260529,582.231967937309,2051294.8,NA,191101.1,8.49,-1,-0.248486492317325,0.988858880569968,0,0.593315328341981,18,1.05714285714286,0.142857142857143,"N1 S1 O5","de-protonated",0,NA,"C35 H37 O5 S1 N1",35,37,5,1,NA,1,NA,NA,NA,NA,NA
4909,583.05893,583.057677959512,583.057687264832,3430158.5,NA,177210.6,15.7,-1,-0.0159595185291383,0.999953784956814,0,0.599972270974088,14,0.869565217391304,0.782608695652174,"O18","de-protonated",0,NA,"C23 H20 O18",23,20,18,NA,NA,NA,NA,NA,NA,NA,NA
4910,583.074434,583.073181916314,583.072943406117,2553615.5,NA,193326.3,11.11,-1,0.409057220374172,0.970094867011185,0,0.582056920206711,18,0.740740740740741,0.555555555555556,"O15","de-protonated",0,NA,"C27 H20 O15",27,20,15,NA,NA,NA,NA,NA,NA,NA,NA
4911,583.08484,583.083587887321,583.083328642294,1905424.1,NA,166613.6,7.72,-1,0.444610596667896,0.964767133559462,0,0.578860280135677,17,0.892857142857143,0.357142857142857,"S1 P1 O10","de-protonated",0,NA,"C28 H25 O10 S1 P1",28,25,10,NA,1,1,NA,NA,NA,NA,NA
4912,583.095209,583.09395685843,583.094072774216,5339920.5,NA,180418.1,25.69,-1,-0.198794313003652,0.496427472528679,0.792708917554682,0.61494005053908,13,1,0.708333333333333,"O17","de-protonated",0,NA,"C24 H24 O17",24,24,17,NA,NA,NA,NA,NA,NA,NA,NA
4913,583.11096,583.109707814545,583.109818172871,2370321.5,NA,195445.9,10.16,-1,-0.189258220489935,0.993521823106365,0,0.596113093863819,21,0.806451612903226,0.193548387096774,"N2 S1 P1 O6","de-protonated",0,NA,"C31 H25 O6 S1 N2 P1",31,25,6,2,1,1,NA,NA,NA,NA,NA
4915,583.131737,583.130484756656,583.1304582836,6343443,NA,175387.5,30.94,-1,0.0453981693527449,0.499813052651034,0.785920818505338,0.614256158992756,12,1.12,0.64,"O16","de-protonated",0,NA,"C25 H28 O16",25,28,16,NA,NA,NA,NA,NA,NA,NA,NA
4916,583.147304,583.146051713282,583.146203682256,2148627.8,NA,179081.1,9,-1,-0.260601839048901,0.987752832143003,0,0.592651699285802,20,0.90625,0.15625,"N2 S1 P1 O5","de-protonated",0,NA,"C32 H29 O5 S1 N2 P1",32,29,5,2,1,1,NA,NA,NA,NA,NA
4918,583.168156,583.166903655184,583.166843792985,7637781,NA,183962.8,37.71,-1,0.102650211024369,0.997206626361945,0.972422973460411,0.987293165201331,11,1.23076923076923,0.576923076923077,"O15","de-protonated",0,NA,"C26 H32 O15",26,32,15,NA,NA,NA,NA,NA,NA,NA,NA
4919,583.178173,583.176920627275,583.177096087381,2436373.5,NA,153005.8,10.5,-1,-0.300869336358368,0.983708994602616,0,0.590225396761569,23,0.842105263157895,0.0526315789473684,"S2 O2","de-protonated",0,NA,"C38 H32 O2 S2",38,32,2,NA,NA,2,NA,NA,NA,NA,NA
4920,583.196523,583.195270576148,583.194987093891,6492950.5,NA,180193,31.72,-1,0.486084864232527,0.95876781036066,0.914614491856835,0.94110648295913,10,1.37037037037037,0.444444444444444,"P1 O12","de-protonated",0,NA,"C27 H37 O12 P1",27,37,12,NA,1,NA,NA,NA,NA,NA,NA
4921,583.204538,583.203285553816,583.203229302369,4444951,NA,181842.7,21.01,-1,0.0964525644521777,0.499156694582855,0.772687513667176,0.608569022216583,10,1.33333333333333,0.518518518518518,"O14","de-protonated",0,NA,"C27 H36 O14",27,36,14,NA,NA,NA,NA,NA,NA,NA,NA
4922,583.23293,583.23167747471,583.231569307768,4502296.5,NA,188010.7,21.31,-1,0.185461397311395,0.993778338894667,0,0.5962670033368,1,2.22222222222222,0.944444444444444,"N4 O17","de-protonated",0,NA,"C18 H40 O17 N4",18,40,17,4,NA,NA,NA,NA,NA,NA,NA
4923,583.253582,583.252329417169,583.252369029594,2269977.8,NA,148200.7,9.63,-1,-0.0679164403963899,0.999163392161349,0,0.599498035296809,17,1.11111111111111,0.138888888888889,"S1 O5","de-protonated",0,NA,"C36 H40 O5 S1",36,40,5,NA,NA,1,NA,NA,NA,NA,NA
4924,583.269344,583.268091373252,583.267954817152,2767642.5,NA,176163.5,12.23,-1,0.234122411594512,0.990103493990935,0,0.594062096394561,0,2.31578947368421,0.842105263157895,"N4 O16","de-protonated",0,NA,"C19 H44 O16 N4",19,44,16,4,NA,NA,NA,NA,NA,NA,NA
4925,583.290167,583.288914315235,583.288754538978,1910555.8,NA,193187.3,7.75,-1,0.273923088410091,0.986477467108136,0,0.591886480264882,16,1.18918918918919,0.108108108108108,"S1 O4","de-protonated",0,NA,"C37 H44 O4 S1",37,44,4,NA,NA,1,NA,NA,NA,NA,NA
4928,584.163638,584.162382881554,584.162092765178,2117451.8,NA,191002.5,8.83,-1,0.49663677331805,0.956232713936382,0,0.573739628361829,11,1.24,0.6,"N1 O15","de-protonated",0,NA,"C25 H31 O15 N1",25,31,15,1,NA,NA,NA,NA,NA,NA,NA
4931,584.236084,584.234828679704,584.234863783946,2107215.8,NA,205284.8,8.78,-1,-0.060085839041813,0.999345128868299,0,0.599607077320979,9,1.44444444444444,0.481481481481481,"N1 O13","de-protonated",0,NA,"C27 H39 O13 N1",27,39,13,1,NA,NA,NA,NA,NA,NA,NA
4933,585.053747,585.052489401517,585.05220796121,1955706.6,NA,212547.1,7.99,-1,0.481051610228939,0.958880175975694,0,0.575328105585416,18,0.692307692307692,0.615384615384615,"O16","de-protonated",0,NA,"C26 H18 O16",26,18,16,NA,NA,NA,NA,NA,NA,NA,NA
4934,585.074888,585.073630342613,585.073693644899,2256763.8,NA,198852.3,9.56,-1,-0.108195404712721,0.997878171381755,0,0.598726902829053,30,0.486486486486487,0.0540540540540541,"N2 S2 O2","de-protonated",0,NA,"C37 H18 O2 S2 N2",37,18,2,2,NA,2,NA,NA,NA,NA,NA
4935,585.090188,585.088930299984,585.089082727965,2981756.5,NA,190137.4,13.35,-1,-0.260520978835151,0.987760384434546,0,0.592656230660727,21,0.766666666666667,0.233333333333333,"N2 S1 P1 O7","de-protonated",0,NA,"C30 H23 O7 S1 N2 P1",30,23,7,2,1,1,NA,NA,NA,NA,NA
4937,585.111047,585.109789241867,585.109722838694,3783549.5,NA,186438.2,17.55,-1,0.113488410788539,0.997665738617865,0,0.598599443170719,12,1.08333333333333,0.708333333333333,"O17","de-protonated",0,NA,"C24 H26 O17",24,26,17,NA,NA,NA,NA,NA,NA,NA,NA
4938,585.128686,585.12742819272,585.127698834726,10566527,NA,185987.1,53.03,-1,-0.462534941294436,0.480962462055767,0.843720152817574,0.62606553836049,2,2,0.941176470588235,"N2 S2 O16","de-protonated",0,NA,"C17 H34 O16 S2 N2",17,34,16,2,NA,2,NA,NA,NA,NA,NA
4939,585.139404,585.138146162858,585.137866139601,5316479,NA,165905.6,25.57,-1,0.478559452753757,0.979629575873211,0.95032755103356,0.96790876593735,11,1.24,0.56,"P1 O14","de-protonated",0,NA,"C25 H31 O14 P1",25,31,14,NA,1,NA,NA,NA,NA,NA,NA
4940,585.147428,585.146170140501,585.146108348078,5098367.5,NA,172364.6,24.43,-1,0.105601698499316,0.498989290555834,0.785920818505338,0.613761901735635,11,1.2,0.64,"O16","de-protonated",0,NA,"C25 H30 O16",25,30,16,NA,NA,NA,NA,NA,NA,NA,NA
4941,585.162797,585.16153909768,585.161364489363,2505600.3,NA,181385.2,10.86,-1,0.298393447140789,0.983973861355501,0,0.590384316813301,15,1.03448275862069,0.448275862068966,"O13","de-protonated",0,NA,"C29 H30 O13",29,30,13,NA,NA,NA,NA,NA,NA,NA,NA
4943,585.184016,585.182758038559,585.182493857463,3888001.3,NA,180071.4,18.09,-1,0.451450785376537,0.48184738666805,0.779247987650237,0.600807627060925,10,1.30769230769231,0.576923076923077,"O15","de-protonated",0,NA,"C26 H34 O15",26,34,15,NA,NA,NA,NA,NA,NA,NA,NA
4944,585.199119,585.197860996479,585.197749998747,3278722,NA,205649.3,14.91,-1,0.189675594833569,0.496746655998389,0.753652554121787,0.599509015247748,14,1.13333333333333,0.4,"O12","de-protonated",0,NA,"C30 H34 O12",30,34,12,NA,NA,NA,NA,NA,NA,NA,NA
4945,585.212171,585.210912960113,585.210637158369,5708675,NA,171718.2,27.62,-1,0.471286279087914,0.480249803926573,0.772687513667176,0.597224887822814,9,1.44444444444444,0.444444444444444,"P1 O12","de-protonated",0,NA,"C27 H39 O12 P1",27,39,12,NA,1,NA,NA,NA,NA,NA,NA
4946,585.220192,585.218933937765,585.218879366847,2413955.3,NA,179496.2,10.38,-1,0.093248731235447,0.998423488544376,0,0.599054093126626,9,1.40740740740741,0.518518518518518,"O14","de-protonated",0,NA,"C27 H38 O14",27,38,14,NA,NA,NA,NA,NA,NA,NA,NA
4947,585.248669,585.247410858422,585.247219372246,3943300.8,NA,175632.6,18.38,-1,0.327188527121969,0.980762935033893,0,0.588457761020336,0,2.33333333333333,0.944444444444444,"N4 O17","de-protonated",0,NA,"C18 H42 O17 N4",18,42,17,4,NA,NA,NA,NA,NA,NA,NA
4948,585.256524,585.255265836536,585.255264876231,2018693,NA,168865.6,8.32,-1,0.00164083062176115,0.999999511481262,0,0.599999706888757,8,1.5,0.464285714285714,"O13","de-protonated",0,NA,"C28 H42 O13",28,42,13,NA,NA,NA,NA,NA,NA,NA,NA
4951,586.127985,586.126724408456,586.126970558912,3361712.5,NA,176190.4,15.34,-1,-0.419960978471135,0.96850503150013,0,0.581103018900078,6,1.57142857142857,0.666666666666667,"N1 S2 O14","de-protonated",0,NA,"C21 H33 O14 S2 N1",21,33,14,1,NA,2,NA,NA,NA,NA,NA
4953,586.171427,586.170166287417,586.170370001104,1913778.5,NA,205733,7.77,-1,-0.34753323816211,0.978323139839596,0,0.586993883903757,9,1.46153846153846,0.307692307692308,"N1 S2 P1 O8","de-protonated",0,NA,"C26 H38 O8 S2 N1 P1",26,38,8,1,1,2,NA,NA,NA,NA,NA
4954,586.178691,586.177430267178,586.177229765319,2355634.8,NA,194036.2,10.08,-1,0.342049893498627,0.978994595471954,0,0.587396757283172,28,0.657894736842105,0.105263157894737,"N3 O4","de-protonated",0,NA,"C38 H25 O4 N3",38,25,4,3,NA,NA,NA,NA,NA,NA,NA
4955,586.251571,586.250310064118,586.250513848424,1823670.4,NA,171413.9,7.3,-1,-0.347606187231787,0.978314138112667,0,0.5869884828676,8,1.51851851851852,0.481481481481481,"N1 O13","de-protonated",0,NA,"C27 H41 O13 N1",27,41,13,1,NA,NA,NA,NA,NA,NA,NA
4956,586.513572,586.512310334126,586.512226346922,3350467,NA,166693,15.28,-1,0.143197704455599,0.49814310112534,0.707195036525566,0.581763875285431,5,1.84210526315789,0.0263157894736842,"N1 P1 O1","de-protonated",0,NA,"C38 H70 O1 N1 P1",38,70,1,1,1,NA,NA,NA,NA,NA,NA
4957,587.069192,587.067928786048,587.067858025688,2830301,NA,200835,12.56,-1,0.120531824086271,0.997367399276247,0,0.598420439565748,17,0.769230769230769,0.615384615384615,"O16","de-protonated",0,NA,"C26 H20 O16",26,20,16,NA,NA,NA,NA,NA,NA,NA,NA
4959,587.090615,587.089351726359,587.089343709377,2659294,NA,182785.8,11.67,-1,0.0136554723367892,0.499983082743311,0.712686567164179,0.585064476511658,29,0.540540540540541,0.0540540540540541,"N2 S2 O2","de-protonated",0,NA,"C37 H20 O2 S2 N2",37,20,2,2,NA,2,NA,NA,NA,NA,NA
4960,587.105641,587.104377684493,587.104243535073,3757022.8,NA,193709.3,17.41,-1,0.228493358757716,0.495285718405517,0.772687513667176,0.606246436510181,16,0.888888888888889,0.555555555555556,"O15","de-protonated",0,NA,"C27 H24 O15",27,24,15,NA,NA,NA,NA,NA,NA,NA,NA
4962,587.125494,587.124230629178,587.12401168572,4664287.5,NA,152047.3,22.15,-1,0.372908369456995,0.487541651516869,0.701787487586891,0.573239985944878,28,0.641025641025641,0.0512820512820513,"S1 P1 O2","de-protonated",0,NA,"C39 H25 O2 S1 P1",39,25,2,NA,1,1,NA,NA,NA,NA,NA
4963,587.142132,587.140868582821,587.140629044457,4355040.5,NA,180547.9,20.54,-1,0.407974431467885,0.485125300888015,0.766236582456902,0.59756981351557,15,1,0.5,"O14","de-protonated",0,NA,"C28 H28 O14",28,28,14,NA,NA,NA,NA,NA,NA,NA,NA
4964,587.155002,587.153738546963,587.153516204079,5637089,NA,173446.5,27.24,-1,0.378679302251382,0.487158102979135,0.785920818505338,0.606663189189616,10,1.32,0.56,"P1 O14","de-protonated",0,NA,"C25 H33 O14 P1",25,33,14,NA,1,NA,NA,NA,NA,NA,NA
4965,587.162948,587.161684524823,587.161758412556,2165217.3,NA,175076.1,9.08,-1,-0.125838802939287,0.99713081070187,0,0.598278486421122,10,1.28,0.64,"O16","de-protonated",0,NA,"C25 H32 O16",25,32,16,NA,NA,NA,NA,NA,NA,NA,NA
4966,587.178294,587.177030482066,587.177014553841,4791266,NA,179109.6,22.82,-1,0.0271267856717219,0.49993324381474,0.759892473118277,0.603916935536155,14,1.10344827586207,0.448275862068966,"O13","de-protonated",0,NA,"C29 H32 O13",29,32,13,NA,NA,NA,NA,NA,NA,NA,NA
4967,587.191408,587.190144445528,587.189901713463,6081506.5,NA,183130.4,29.57,-1,0.413379153318342,0.484734697180201,0.779247987650237,0.602540013368215,9,1.42307692307692,0.5,"P1 O13","de-protonated",0,NA,"C26 H37 O13 P1",26,37,13,NA,1,NA,NA,NA,NA,NA,NA
4968,587.209723,587.208459394498,587.208396216336,1783011.5,NA,172818.9,7.08,-1,0.107590698567945,0.997901798151362,0,0.598741078890817,21,0.947368421052632,0.0526315789473684,"S2 O2","de-protonated",0,NA,"C38 H36 O2 S2",38,36,2,NA,NA,2,NA,NA,NA,NA,NA
4969,587.214963,587.213699379898,587.213889320596,3804131.8,NA,181902.1,17.65,-1,-0.323460839530431,0.490597326419246,0.73553288925895,0.588571551555128,17,1.12121212121212,0.121212121212121,"N2 S1 P1 O4","de-protonated",0,NA,"C33 H37 O4 S1 N2 P1",33,37,4,2,1,1,NA,NA,NA,NA,NA
4970,587.227652,587.226388344544,587.226154281066,3553252.3,NA,166575.2,16.34,-1,0.398591711796668,0.485791915294805,0.707195036525566,0.57435316378711,21,0.947368421052632,0.105263157894737,"S1 O4","de-protonated",0,NA,"C38 H36 O4 S1",38,36,4,NA,NA,1,NA,NA,NA,NA,NA
4971,587.251191,587.249927278959,587.24978557261,2104805.5,NA,168810.8,8.77,-1,0.241305067706342,0.989490199259075,0,0.593694119555445,12,1.29032258064516,0.354838709677419,"O11","de-protonated",0,NA,"C31 H40 O11",31,40,11,NA,NA,NA,NA,NA,NA,NA,NA
4973,587.300979,587.299715140239,587.299927621542,1992167.6,NA,163993.9,8.18,-1,-0.36179351078281,0.976529183656709,0,0.585917510194025,5,1.76666666666667,0.166666666666667,"S2 P1 O5","de-protonated",0,NA,"C30 H53 O5 S2 P1",30,53,5,NA,1,2,NA,NA,NA,NA,NA
4975,588.1084,588.107133890588,588.107375819999,1793547.6,NA,137203.1,7.14,-1,-0.411369454790503,0.969761006598361,0,0.581856603959016,19,0.903225806451613,0.161290322580645,"N1 S2 P1 O5","de-protonated",0,NA,"C31 H28 O5 S2 N1 P1",31,28,5,1,1,2,NA,NA,NA,NA,NA
4977,589.048616,589.047347270941,589.047122580782,2057779.5,NA,175069.9,8.52,-1,0.38144683314982,0.973944372030957,0,0.584366623218574,17,0.72,0.68,"O17","de-protonated",0,NA,"C25 H18 O17",25,18,17,NA,NA,NA,NA,NA,NA,NA,NA
4978,589.084847,589.083578169994,589.083508090166,3563573,NA,208679.2,16.4,-1,0.11896416518612,0.997435346795778,0,0.598461208077467,16,0.846153846153846,0.615384615384615,"O16","de-protonated",0,NA,"C26 H22 O16",26,22,16,NA,NA,NA,NA,NA,NA,NA,NA
4979,589.121397,589.120128068158,589.119893599551,4678710.5,NA,162411.5,22.23,-1,0.397998114926443,0.485833597347695,0.772687513667176,0.600575163875488,15,0.962962962962963,0.555555555555556,"O15","de-protonated",0,NA,"C27 H26 O15",27,26,15,NA,NA,NA,NA,NA,NA,NA,NA
4981,589.157768,589.15649896682,589.156279108935,6409272,NA,181052.4,31.28,-1,0.373174135832463,0.487524110909402,0.766236582456902,0.599009099528402,14,1.07142857142857,0.5,"O14","de-protonated",0,NA,"C28 H30 O14",28,30,14,NA,NA,NA,NA,NA,NA,NA,NA
4982,589.170672,589.169402930867,589.169166268557,3831864.5,NA,193349.2,17.8,-1,0.40168821364067,0.971147063669968,0,0.582688238201981,9,1.4,0.56,"P1 O14","de-protonated",0,NA,"C25 H35 O14 P1",25,35,14,NA,1,NA,NA,NA,NA,NA,NA
4983,589.194097,589.1928278656,589.192664618319,5002297.5,NA,180820.9,23.92,-1,0.277069438087906,0.493083603696627,0.759892473118277,0.599807151465287,13,1.17241379310345,0.448275862068966,"O13","de-protonated",0,NA,"C29 H34 O13",29,34,13,NA,NA,NA,NA,NA,NA,NA,NA
4984,589.207042,589.205772829532,589.205551777941,3756090,NA,179662,17.4,-1,0.375168886652576,0.487392078521392,0.779247987650237,0.60413444217293,8,1.5,0.5,"P1 O13","de-protonated",0,NA,"C26 H39 O13 P1",26,39,13,NA,1,NA,NA,NA,NA,NA,NA
4985,589.2302,589.228930765009,589.229050127703,4054075,NA,162166.4,18.96,-1,-0.202574354683792,0.496290828734151,0.753652554121787,0.599235518889206,12,1.26666666666667,0.4,"O12","de-protonated",0,NA,"C30 H38 O12",30,38,12,NA,NA,NA,NA,NA,NA,NA,NA
4986,589.243842,589.242572726999,589.242806667251,2384955.5,NA,218789.8,10.23,-1,-0.397018425996349,0.971804525012428,0,0.583082715007457,6,1.67857142857143,0.25,"S2 P1 O7","de-protonated",0,NA,"C28 H47 O7 S2 P1",28,47,7,NA,1,2,NA,NA,NA,NA,NA
4988,589.316123,589.314853525609,589.314575364313,2411582.3,NA,193335.5,10.37,-1,0.472008172971911,0.960380936790171,0,0.576228562074103,18,1.15,0.05,"S1 O2","de-protonated",0,NA,"C40 H46 O2 S1",40,46,2,NA,NA,1,NA,NA,NA,NA,NA
4989,589.326909,589.325639495557,589.325808753605,1827390.9,NA,150923.8,7.31,-1,-0.28720623756371,0.985144217795833,0,0.5910865306775,18,1.17948717948718,0.0256410256410256,"N2 S1 O1","de-protonated",0,NA,"C39 H46 O1 S1 N2",39,46,1,2,NA,1,NA,NA,NA,NA,NA
4991,590.246869,590.245596932347,590.245428467996,2108003,NA,173088.5,8.78,-1,0.28541407272358,0.985327676692308,0,0.591196606015385,7,1.57692307692308,0.538461538461538,"N1 O14","de-protonated",0,NA,"C26 H41 O14 N1",26,41,14,1,NA,NA,NA,NA,NA,NA,NA
4992,590.283319,590.28204683079,590.28181397738,2382948.5,NA,213462.5,10.22,-1,0.394478373330178,0.972159096529658,0,0.583295457917795,6,1.66666666666667,0.481481481481481,"N1 O13","de-protonated",0,NA,"C27 H45 O13 N1",27,45,13,1,NA,NA,NA,NA,NA,NA,NA
4993,591.064394,591.063119654545,591.063128960849,3470465.5,NA,190829.7,15.91,-1,-0.0157450254985257,0.499977509412437,0.701787487586891,0.580701500682218,33,0.41025641025641,0.0256410256410256,"N2 S2 O1","de-protonated",0,NA,"C39 H16 O1 S2 N2",39,16,1,2,NA,2,NA,NA,NA,NA,NA
4994,591.100585,591.099310553709,591.099158154644,4983938.5,NA,190883,23.83,-1,0.257823179775835,0.494005523170715,0.779247987650237,0.608102508962524,15,0.923076923076923,0.615384615384615,"O16","de-protonated",0,NA,"C26 H24 O16",26,24,16,NA,NA,NA,NA,NA,NA,NA,NA
4995,591.136873,591.135598452602,591.135543664029,5786756,NA,191172.8,28.03,-1,0.0926836062137655,0.989951966147524,0.944661828871227,0.971835911237005,14,1.03703703703704,0.555555555555556,"O15","de-protonated",0,NA,"C27 H28 O15",27,28,15,NA,NA,NA,NA,NA,NA,NA,NA
4998,591.173303,591.172028351101,591.171929173413,7482501.5,NA,173050.6,36.9,-1,0.167764541642913,0.497453077602116,0.766236582456902,0.60496647954403,13,1.14285714285714,0.5,"O14","de-protonated",0,NA,"C28 H32 O14",28,32,14,NA,NA,NA,NA,NA,NA,NA,NA
4999,591.201534,591.200259272443,591.20007247432,2206342.5,NA,206976.5,9.3,-1,0.315964310186647,0.982048436504151,0,0.58922906190249,12,1.27586206896552,0.379310344827586,"P1 O11","de-protonated",0,NA,"C29 H37 O11 P1",29,37,11,NA,1,NA,NA,NA,NA,NA,NA
5000,591.209562,591.208287250075,591.208314682797,5125254.5,NA,180036.6,24.56,-1,-0.0464011102041597,0.993149361180626,0.949421694967408,0.975658294695339,12,1.24137931034483,0.448275862068966,"O13","de-protonated",0,NA,"C29 H36 O13",29,36,13,NA,NA,NA,NA,NA,NA,NA,NA
5001,591.222624,591.221349213681,591.221068900638,2559111.3,NA,191277.5,11.14,-1,0.474125599695495,0.960031893445453,0,0.576019136067272,20,0.972972972972973,0.135135135135135,"S1 O5","de-protonated",0,NA,"C37 H36 O5 S1",37,36,5,NA,NA,1,NA,NA,NA,NA,NA
5002,591.246139,591.244864148164,591.244700192181,2530440,NA,212319.6,10.99,-1,0.277306472320926,0.986143694036648,0,0.591686216421989,11,1.33333333333333,0.4,"O12","de-protonated",0,NA,"C30 H40 O12",30,40,12,NA,NA,NA,NA,NA,NA,NA,NA
5004,591.29547,591.294195010717,591.293972861188,3728521.8,NA,187395.5,17.26,-1,0.375700648224162,0.982131468860148,0.90969951875921,0.953158688819773,5,1.75,0.392857142857143,"P1 O11","de-protonated",0,NA,"C28 H49 O11 P1",28,49,11,NA,1,NA,NA,NA,NA,NA,NA
5005,591.331839,591.330563909385,591.330358370572,2144395,NA,149697.2,8.97,-1,0.347587113795126,0.978316491899941,0,0.586989895139964,4,1.82758620689655,0.344827586206897,"P1 O10","de-protonated",0,NA,"C29 H53 O10 P1",29,53,10,NA,1,NA,NA,NA,NA,NA,NA
5006,591.485138,591.48386248226,591.484142616587,6182032.5,NA,173926.3,30.09,-1,-0.473612572397952,0.480058297120942,0.73553288925895,0.582248133976145,0,2.06060606060606,0.242424242424242,"O8","de-protonated",0,NA,"C33 H68 O8",33,68,8,NA,NA,NA,NA,NA,NA,NA,NA
5011,593.079805,593.078525039171,593.078422709738,4659397.5,NA,177722.1,22.13,-1,0.172539463037138,0.497306429916113,0.785920818505338,0.612752185351803,15,0.88,0.68,"O17","de-protonated",0,NA,"C25 H22 O17",25,22,17,NA,NA,NA,NA,NA,NA,NA,NA
5012,593.116298,593.115017937493,593.114808219122,6067399,NA,188068.1,29.49,-1,0.353588155286162,0.488784917879248,0.779247987650237,0.604970145787644,14,1,0.615384615384615,"O16","de-protonated",0,NA,"C26 H26 O16",26,26,16,NA,NA,NA,NA,NA,NA,NA,NA
5013,593.144819,593.143538858027,593.143820899955,2353351.8,NA,207305.4,10.06,-1,-0.475503439946845,0.959803995299939,0,0.575882397179963,12,1.25,0.285714285714286,"S2 P1 O8","de-protonated",0,NA,"C28 H35 O8 S2 P1",28,35,8,NA,1,2,NA,NA,NA,NA,NA
5014,593.152626,593.151345836275,593.151193728507,7214280,NA,178752.4,35.49,-1,0.256440129512729,0.994041069813298,0.94100870827119,0.972828125196455,13,1.11111111111111,0.555555555555556,"O15","de-protonated",0,NA,"C27 H30 O15",27,30,15,NA,NA,NA,NA,NA,NA,NA,NA
5016,593.189018,593.187737734879,593.187579237891,7627977,NA,180371.1,37.66,-1,0.267195393320132,0.990007500111884,0.968838758126222,0.981540003317619,12,1.21428571428571,0.5,"O14","de-protonated",0,NA,"C28 H34 O14",28,34,14,NA,NA,NA,NA,NA,NA,NA,NA
5017,593.217354,593.216073655929,593.21591924329,3688650,NA,197976.5,17.05,-1,0.260297531079983,0.98778124242308,0,0.592668745453848,3,2,0.894736842105263,"N4 O17","de-protonated",0,NA,"C19 H38 O17 N4",19,38,17,4,NA,NA,NA,NA,NA,NA,NA
5018,593.225307,593.22402663377,593.223964747275,4741322,NA,181009,22.56,-1,0.104322311318664,0.499013608101681,0.759892473118277,0.60336515410832,11,1.31034482758621,0.448275862068966,"O13","de-protonated",0,NA,"C29 H38 O13",29,38,13,NA,NA,NA,NA,NA,NA,NA,NA
5020,593.261571,593.260290532731,593.260350256659,1779403.4,NA,180011.4,7.06,-1,-0.100670689527763,0.998162782124793,0,0.598897669274876,10,1.4,0.4,"O12","de-protonated",0,NA,"C30 H42 O12",30,42,12,NA,NA,NA,NA,NA,NA,NA,NA
5023,593.483069,593.481787915589,593.48165449378,12774610,NA,173321.2,64.58,-1,0.224812019185057,0.495435711801261,0.723929522638802,0.586833236136278,4,1.91428571428571,0.0857142857142857,"N2 P1 O3","de-protonated",0,NA,"C35 H67 O3 N2 P1",35,67,3,2,1,NA,NA,NA,NA,NA,NA
5028,595.059201,595.057915524142,595.057687264832,3278079.5,NA,175976.3,14.9,-1,0.383591902677851,0.973654405334151,0,0.584192643200491,15,0.833333333333333,0.75,"O18","de-protonated",0,NA,"C24 H20 O18",24,20,18,NA,NA,NA,NA,NA,NA,NA,NA
5029,595.074296,595.073010482084,595.072943406117,2086656,NA,204274.6,8.67,-1,0.11271889989137,0.997697249978481,0,0.598618349987089,19,0.714285714285714,0.535714285714286,"O15","de-protonated",0,NA,"C28 H20 O15",28,20,15,NA,NA,NA,NA,NA,NA,NA,NA
5030,595.095675,595.094389422518,595.094429089805,4643072.5,NA,182017.8,22.04,-1,-0.0666571307744152,0.499597058489654,0.701787487586891,0.580473230128549,31,0.512820512820513,0.0256410256410256,"N2 S2 O1","de-protonated",0,NA,"C39 H20 O1 S2 N2",39,20,1,2,NA,2,NA,NA,NA,NA,NA
5031,595.131944,595.130658321464,595.1304582836,7003393.5,NA,179370.2,34.39,-1,0.336124392977876,0.489854347565767,0.779247987650237,0.605611803599555,13,1.07692307692308,0.615384615384615,"O16","de-protonated",0,NA,"C26 H28 O16",26,28,16,NA,NA,NA,NA,NA,NA,NA,NA
5032,595.160572,595.1592862417,595.159470964433,3312898.3,NA,185711.2,15.08,-1,-0.310375187414969,0.982672427214441,0,0.589603456328664,11,1.32142857142857,0.285714285714286,"S2 P1 O8","de-protonated",0,NA,"C28 H37 O8 S2 P1",28,37,8,NA,1,2,NA,NA,NA,NA,NA
5033,595.168322,595.167036220107,595.166843792985,7550210.5,NA,171824.3,37.25,-1,0.323316267827582,0.988219671726414,0.999863744140132,0.992877300691901,12,1.18518518518519,0.555555555555556,"O15","de-protonated",0,NA,"C27 H32 O15",27,32,15,NA,NA,NA,NA,NA,NA,NA,NA
5035,595.204574,595.203288119101,595.203229302369,5328131.5,NA,176793.2,25.63,-1,0.0988178985814151,0.993717641846886,0.961487928057324,0.980825756331061,11,1.28571428571429,0.5,"O14","de-protonated",0,NA,"C28 H36 O14",28,36,14,NA,NA,NA,NA,NA,NA,NA,NA
5036,595.233064,595.231778039722,595.231569307768,3386628.3,NA,172869.5,15.47,-1,0.350673527333865,0.977934002001604,0,0.586760401200962,2,2.10526315789474,0.894736842105263,"N4 O17","de-protonated",0,NA,"C19 H40 O17 N4",19,40,17,4,NA,NA,NA,NA,NA,NA,NA
5037,595.241068,595.239782017421,595.239614811753,3227908.5,NA,168776.5,14.64,-1,0.28090480482313,0.98578434640406,0,0.591470607842436,10,1.37931034482759,0.448275862068966,"O13","de-protonated",0,NA,"C29 H40 O13",29,40,13,NA,NA,NA,NA,NA,NA,NA,NA
5038,595.25377,595.252483982031,595.252369029594,1944324.8,NA,193068,7.92,-1,0.193115463069582,0.993255972243258,0,0.595953583345955,18,1.08108108108108,0.135135135135135,"S1 O5","de-protonated",0,NA,"C37 H40 O5 S1",37,40,5,NA,NA,1,NA,NA,NA,NA,NA
5039,595.290433,595.289146879879,595.288887480759,2376965.8,NA,202999.8,10.19,-1,0.435753338269791,0.966133116125628,0,0.579679869675377,4,1.81481481481481,0.444444444444444,"P1 O12","de-protonated",0,NA,"C27 H49 O12 P1",27,49,12,NA,1,NA,NA,NA,NA,NA,NA
5041,596.163357,596.162068447723,596.162092765178,2012444,NA,170786.2,8.28,-1,-0.0407900048097345,0.999698146798453,0,0.599818888079072,12,1.19230769230769,0.576923076923077,"N1 O15","de-protonated",0,NA,"C26 H31 O15 N1",26,31,15,1,NA,NA,NA,NA,NA,NA,NA
5043,596.200275,596.198986344861,596.198967531932,1985820.9,NA,230434.6,8.14,-1,0.0315547830185716,0.999819347076827,0,0.599891608246096,15,1.2,0.2,"N3 S1 P1 O6","de-protonated",0,NA,"C30 H36 O6 S1 N3 P1",30,36,6,3,1,1,NA,NA,NA,NA,NA
5045,596.230875,596.229586259603,596.229859937057,2070813.6,NA,178265.7,8.59,-1,-0.459013331206517,0.962491531509397,0,0.577494918905638,18,1.08333333333333,0.0833333333333333,"N1 S2 O3","de-protonated",0,NA,"C36 H39 O3 S2 N1",36,39,3,1,NA,2,NA,NA,NA,NA,NA
5046,597.074526,597.073234909008,597.07333732931,3107121.5,NA,169741.9,14.01,-1,-0.171537222880701,0.994675096815256,0,0.596805058089154,14,0.916666666666667,0.75,"O18","de-protonated",0,NA,"C24 H22 O18",24,22,18,NA,NA,NA,NA,NA,NA,NA,NA
5048,597.090151,597.088859865473,597.088593470595,1896753.9,NA,213745.1,7.68,-1,0.446156368073679,0.964526125564974,0,0.578715675338985,18,0.785714285714286,0.535714285714286,"O15","de-protonated",0,NA,"C28 H22 O15",28,22,15,NA,NA,NA,NA,NA,NA,NA,NA
5049,597.111127,597.109835807029,597.109722838694,5231922.5,NA,185624.6,25.12,-1,0.189191920481306,0.496763173198452,0.785920818505338,0.612426231321206,13,1.04,0.68,"O17","de-protonated",0,NA,"C25 H26 O17",25,26,17,NA,NA,NA,NA,NA,NA,NA,NA
5050,597.126221,597.124929764974,597.124978979979,1903410.6,NA,190641.5,7.71,-1,-0.0824199398970102,0.998768169964116,0,0.59926090197847,17,0.896551724137931,0.482758620689655,"O14","de-protonated",0,NA,"C29 H26 O14",29,26,14,NA,NA,NA,NA,NA,NA,NA,NA
5051,597.139841,597.138549727026,597.138735519526,3377459,NA,199997.6,15.42,-1,-0.311137914083363,0.982587906503692,0,0.589552743902215,11,1.2962962962963,0.333333333333333,"S2 P1 O9","de-protonated",0,NA,"C27 H35 O9 S2 P1",27,35,9,NA,1,2,NA,NA,NA,NA,NA
5052,597.147561,597.146269705516,597.146108348078,5416243,NA,173941.7,26.09,-1,0.27021433396356,0.493419379073378,0.779247987650237,0.607750822504121,12,1.15384615384615,0.615384615384615,"O16","de-protonated",0,NA,"C26 H30 O16",26,30,16,NA,NA,NA,NA,NA,NA,NA,NA
5053,597.163092,597.161800662243,597.161853746734,2131251.5,NA,200731.8,8.9,-1,-0.0888946435073316,0.998567173209436,0,0.599140303925662,20,0.939393939393939,0.151515151515152,"N2 S1 P1 O5","de-protonated",0,NA,"C33 H31 O5 S1 N2 P1",33,31,5,2,1,1,NA,NA,NA,NA,NA
5055,597.184007,597.18271560397,597.182493857463,5164340,NA,176705.7,24.77,-1,0.371321177656863,0.487646159246853,0.772687513667176,0.601662701014982,11,1.25925925925926,0.555555555555556,"O15","de-protonated",0,NA,"C27 H34 O15",27,34,15,NA,NA,NA,NA,NA,NA,NA,NA
5056,597.199287,597.197995561396,597.197749998747,1962292.4,NA,197925.1,8.02,-1,0.411191517120073,0.96978676152474,0,0.581872056914844,15,1.09677419354839,0.387096774193548,"O12","de-protonated",0,NA,"C31 H34 O12",31,34,12,NA,NA,NA,NA,NA,NA,NA,NA
5058,597.220149,597.21885750327,597.218879366847,3580212.8,NA,184875,16.48,-1,-0.0366089846080386,0.499878424407601,0.766236582456902,0.606421687627321,10,1.35714285714286,0.5,"O14","de-protonated",0,NA,"C28 H38 O14",28,38,14,NA,NA,NA,NA,NA,NA,NA,NA
5059,597.248626,597.247334423927,597.247219372246,2761013.5,NA,215440.1,12.2,-1,0.192636612330968,0.993289263540959,0,0.595973558124575,1,2.21052631578947,0.894736842105263,"N4 O17","de-protonated",0,NA,"C19 H42 O17 N4",19,42,17,4,NA,NA,NA,NA,NA,NA,NA
5060,597.269303,597.268011366316,597.268019094072,1950005.9,NA,185831.8,7.95,-1,-0.0129385049916112,0.999969625060069,0,0.599981775036041,17,1.13513513513514,0.135135135135135,"S1 O5","de-protonated",0,NA,"C37 H42 O5 S1",37,42,5,NA,NA,1,NA,NA,NA,NA,NA
5062,598.143215,598.141920931407,598.141846577642,2010440.5,NA,172897.8,8.27,-1,0.124307914672217,0.997200098914097,0,0.598320059348458,16,1.07142857142857,0.285714285714286,"N3 S1 P1 O8","de-protonated",0,NA,"C28 H30 O8 S1 N3 P1",28,30,8,3,1,1,NA,NA,NA,NA,NA
5063,598.179118,598.177823831374,598.177742829656,2068809.3,NA,196929.3,8.58,-1,0.135414128853237,0.996678306995725,0,0.598006984197435,11,1.26923076923077,0.576923076923077,"N1 O15","de-protonated",0,NA,"C26 H33 O15 N1",26,33,15,1,NA,NA,NA,NA,NA,NA,NA
5064,599.069322,599.068025351071,599.067858025688,2520410.5,NA,200396.6,10.94,-1,0.279309565501978,0.985944210541622,0,0.591566526324973,18,0.740740740740741,0.592592592592593,"O16","de-protonated",0,NA,"C27 H20 O16",27,20,16,NA,NA,NA,NA,NA,NA,NA,NA
5065,599.079155,599.077858323674,599.078110320084,4783450.5,NA,172922.8,22.78,-1,-0.420640322980432,0.984027147298293,0.984080000008603,0.984048288382417,30,0.512820512820513,0.0769230769230769,"S2 O3","de-protonated",0,NA,"C39 H20 O3 S2",39,20,3,NA,NA,2,NA,NA,NA,NA,NA
5066,599.090363,599.089066292446,599.088987393788,3123546.8,NA,192293.5,14.09,-1,0.131697728459669,0.996857847984422,0,0.598114708790653,13,1,0.75,"O18","de-protonated",0,NA,"C24 H24 O18",24,24,18,NA,NA,NA,NA,NA,NA,NA,NA
5067,599.105805,599.104508249422,599.104243535073,2552155,NA,196771.4,11.1,-1,0.441850232170592,0.96519558215866,0,0.579117349295196,17,0.857142857142857,0.535714285714286,"O15","de-protonated",0,NA,"C28 H24 O15",28,24,15,NA,NA,NA,NA,NA,NA,NA,NA
5069,599.126735,599.125438191106,599.125372903172,3496283.5,NA,184772.1,16.04,-1,0.108972073651379,0.997847632338264,0,0.598708579402958,12,1.12,0.68,"O17","de-protonated",0,NA,"C25 H28 O17",25,28,17,NA,NA,NA,NA,NA,NA,NA,NA
5070,599.142006,599.140709148558,599.140629044457,2277723.8,NA,201645.6,9.67,-1,0.133698328938899,0.996761814878296,0,0.598057088926977,16,0.96551724137931,0.482758620689655,"O14","de-protonated",0,NA,"C29 H28 O14",29,28,14,NA,NA,NA,NA,NA,NA,NA,NA
5071,599.155003,599.153706112345,599.153516204079,4605276,NA,183577.2,21.84,-1,0.316960948044822,0.490968020144027,0.779247987650237,0.606280007146511,11,1.26923076923077,0.538461538461538,"P1 O14","de-protonated",0,NA,"C26 H33 O14 P1",26,33,14,NA,1,NA,NA,NA,NA,NA,NA
5072,599.162986,599.161689090103,599.161758412556,3988828.3,NA,185680.3,18.62,-1,-0.115699061632192,0.498787012908879,0.779247987650237,0.610971402805422,11,1.23076923076923,0.615384615384615,"O16","de-protonated",0,NA,"C26 H32 O16",26,32,16,NA,NA,NA,NA,NA,NA,NA,NA
5073,599.178645,599.177348046474,599.177503811212,3165020.5,NA,150364.6,14.31,-1,-0.259964262686857,0.493906159654596,0.73553288925895,0.590556851496337,19,1,0.151515151515152,"N2 S1 P1 O5","de-protonated",0,NA,"C33 H33 O5 S1 N2 P1",33,33,5,2,1,1,NA,NA,NA,NA,NA
5075,599.199433,599.198135988554,599.198143921941,2415964.8,NA,184296.3,10.39,-1,-0.0132400059591337,0.999968192957989,0,0.599980915774793,10,1.33333333333333,0.555555555555556,"O15","de-protonated",0,NA,"C27 H36 O15",27,36,15,NA,NA,NA,NA,NA,NA,NA,NA
5076,599.215004,599.21370694517,599.213889320596,2157917,NA,184983.4,9.04,-1,-0.304357808763293,0.983332211883994,0,0.589999327130397,18,1.08823529411765,0.117647058823529,"N2 S1 P1 O4","de-protonated",0,NA,"C34 H37 O4 S1 N2 P1",34,37,4,2,1,1,NA,NA,NA,NA,NA
5078,599.264571,599.263273807065,599.263542112157,2471262,NA,200354.5,10.68,-1,-0.447724704255461,0.964280806392193,0,0.578568483835316,7,1.63333333333333,0.2,"S2 P1 O6","de-protonated",0,NA,"C30 H49 O6 S2 P1",30,49,6,NA,1,2,NA,NA,NA,NA,NA
5082,600.194853,600.193553215097,600.193392894134,1868141.9,NA,145417.4,7.53,-1,0.267115507939384,0.987136955503699,0,0.592282173302219,10,1.34615384615385,0.576923076923077,"N1 O15","de-protonated",0,NA,"C26 H35 O15 N1",26,35,15,1,NA,NA,NA,NA,NA,NA,NA
5083,600.230772,600.229472115019,600.229265339181,2014574.5,NA,152060.3,8.29,-1,0.344494761244691,0.978696474759515,0,0.587217884855709,27,0.775,0.075,"N3 O3","de-protonated",0,NA,"C40 H31 O3 N3",40,31,3,3,NA,NA,NA,NA,NA,NA,NA
5087,601.048517,601.047214836603,601.047122580782,1898363,NA,205496.4,7.68,-1,0.153491826624185,0.99573424028496,0,0.597440544170976,18,0.692307692307692,0.653846153846154,"O17","de-protonated",0,NA,"C26 H18 O17",26,18,17,NA,NA,NA,NA,NA,NA,NA,NA
5088,601.084656,601.083353735912,601.083508090166,3289467.5,NA,185145.3,14.96,-1,-0.256793361556651,0.988106058858212,0,0.592863635314927,17,0.814814814814815,0.592592592592593,"O16","de-protonated",0,NA,"C27 H22 O16",27,22,16,NA,NA,NA,NA,NA,NA,NA,NA
5089,601.120891,601.119588634953,601.119380535214,2951548,NA,179183.8,13.19,-1,0.346187040294785,0.489244466429056,0.691216744913927,0.570033377823004,34,0.439024390243902,0.0975609756097561,"N2 O4","de-protonated",0,NA,"C41 H18 O4 N2",41,18,4,2,NA,NA,NA,NA,NA,NA,NA
5091,601.142086,601.140783575899,601.14102296765,2226556.3,NA,216748.6,9.4,-1,-0.398228937433883,0.971634792143806,0,0.582980875286284,11,1.2,0.68,"O17","de-protonated",0,NA,"C25 H30 O17",25,30,17,NA,NA,NA,NA,NA,NA,NA,NA
5092,601.157813,601.15651053208,601.156279108935,3232124.5,NA,188379.3,14.66,-1,0.384963367275789,0.973468206551245,0,0.584080923930747,15,1.03448275862069,0.482758620689655,"O14","de-protonated",0,NA,"C29 H30 O14",29,30,14,NA,NA,NA,NA,NA,NA,NA,NA
5093,601.170667,601.169364496266,601.169166268557,4838781,NA,179307.2,23.06,-1,0.329736986642072,0.490232525995917,0.779247987650237,0.605838710657645,10,1.34615384615385,0.538461538461538,"P1 O14","de-protonated",0,NA,"C26 H35 O14 P1",26,35,14,NA,1,NA,NA,NA,NA,NA,NA
5094,601.17892,601.177617473272,601.177408477034,1841020.9,NA,194344.2,7.38,-1,0.347644862043729,0.978309365007953,0,0.586985619004772,10,1.30769230769231,0.615384615384615,"O16","de-protonated",0,NA,"C26 H34 O16",26,34,16,NA,NA,NA,NA,NA,NA,NA,NA
5095,601.188065,601.186762447792,601.186791391505,2162045,NA,159229.1,9.06,-1,-0.0481442927651688,0.999579513431833,0,0.5997477080591,23,0.810810810810811,0.216216216216216,"O8","de-protonated",0,NA,"C37 H30 O8",37,30,8,NA,NA,NA,NA,NA,NA,NA,NA
5096,601.194079,601.192776431035,601.192664618319,3758461,NA,167572.7,17.41,-1,0.185984830976735,0.49687164019864,0.753652554121787,0.599584005767899,14,1.13333333333333,0.433333333333333,"O13","de-protonated",0,NA,"C30 H34 O13",30,34,13,NA,NA,NA,NA,NA,NA,NA,NA
5097,601.207135,601.205832394659,601.205551777941,4317565.5,NA,176688.1,20.34,-1,0.466756696565712,0.98033131853894,0.891699702100975,0.944878671963754,9,1.44444444444444,0.481481481481481,"P1 O13","de-protonated",0,NA,"C27 H39 O13 P1",27,39,13,NA,1,NA,NA,NA,NA,NA,NA
5098,601.230661,601.22935832911,601.229539385074,2663805.5,NA,163848.9,11.69,-1,-0.301142828278915,0.983679607027552,0,0.590207764216531,17,1.14705882352941,0.117647058823529,"N2 S1 P1 O4","de-protonated",0,NA,"C34 H39 O4 S1 N2 P1",34,39,4,2,1,1,NA,NA,NA,NA,NA
5101,602.137942,602.136636801227,602.136628255432,2032777.6,NA,125544.6,8.65,-1,0.0141924526655809,0.999963452236933,0,0.59997807134216,28,0.657894736842105,0.0263157894736842,"N3 S2 O1","de-protonated",0,NA,"C38 H25 O1 S2 N3",38,25,1,3,NA,2,NA,NA,NA,NA,NA
5103,602.246734,602.245428498109,602.245428467996,2194315,NA,186688.3,9.52,-1,5.00016346582599e-05,0.999999999546349,0,0.599999999727809,8,1.51851851851852,0.518518518518518,"N1 O14","de-protonated",0,NA,"C27 H41 O14 N1",27,41,14,1,NA,NA,NA,NA,NA,NA,NA
5106,603.064365,603.063057220011,603.06277264526,2513300.3,NA,211335,11.24,-1,0.471882470544314,0.960401612830954,0,0.576240967698572,17,0.769230769230769,0.653846153846154,"O17","de-protonated",0,NA,"C26 H20 O17",26,20,17,NA,NA,NA,NA,NA,NA,NA,NA
5107,603.100604,603.099296119041,603.099158154644,4309396.5,NA,182274.4,20.93,-1,0.228759060863021,0.495274800084618,0.772687513667176,0.606239885517642,16,0.888888888888889,0.592592592592593,"O16","de-protonated",0,NA,"C27 H24 O16",27,24,16,NA,NA,NA,NA,NA,NA,NA,NA
5108,603.12199,603.120682059455,603.120643838333,1856660.9,NA,146603.2,7.7,-1,0.0633722674336932,0.999271559482989,0,0.599562935689793,28,0.631578947368421,0.0526315789473684,"N2 S2 O2","de-protonated",0,NA,"C38 H24 O2 S2 N2",38,24,2,2,NA,2,NA,NA,NA,NA,NA
5109,603.137079,603.135771017414,603.135543664029,4281749,NA,196485.9,20.78,-1,0.376952391217203,0.48727346299429,0.766236582456902,0.598858710779335,15,1,0.535714285714286,"O15","de-protonated",0,NA,"C28 H28 O15",28,28,15,NA,NA,NA,NA,NA,NA,NA,NA
5111,603.173171,603.171862916854,603.171929173413,4961685.5,NA,181901.6,24.45,-1,-0.109846887554765,0.49890648686395,0.759892473118277,0.603300881365681,14,1.10344827586207,0.482758620689655,"O14","de-protonated",0,NA,"C29 H32 O14",29,32,14,NA,NA,NA,NA,NA,NA,NA,NA
5113,603.209809,603.208500814772,603.208314682797,4605334,NA,172283.4,22.52,-1,0.308569975786712,0.491435835989629,0.753652554121787,0.596322523242492,13,1.2,0.433333333333333,"O13","de-protonated",0,NA,"C30 H36 O13",30,36,13,NA,NA,NA,NA,NA,NA,NA,NA
5115,603.245956,603.244647714059,603.244700192181,2607510.3,NA,184546.7,11.75,-1,-0.0869930932957578,0.998627775306105,0,0.599176665183663,12,1.29032258064516,0.387096774193548,"O12","de-protonated",0,NA,"C31 H40 O12",31,40,12,NA,NA,NA,NA,NA,NA,NA,NA
5119,604.177145,604.175834119564,604.175909611454,2058655,NA,169442.1,8.79,-1,-0.124950182247757,0.997171132475265,0,0.598302679485159,18,1,0.258064516129032,"N3 S1 O8","de-protonated",0,NA,"C31 H31 O8 S1 N3",31,31,8,3,NA,1,NA,NA,NA,NA,NA
5120,604.213325,604.212014018758,604.212295120838,1789855.3,NA,196525.4,7.34,-1,-0.465237271725986,0.961487426145243,0,0.576892455687146,17,1.09375,0.21875,"N3 S1 O7","de-protonated",0,NA,"C32 H35 O7 S1 N3",32,35,7,3,NA,1,NA,NA,NA,NA,NA
5123,605.079991,605.078677604038,605.078422709738,4110758,NA,195434.2,19.86,-1,0.421258286939276,0.484156634170833,0.779247987650237,0.602193175562595,16,0.846153846153846,0.653846153846154,"O17","de-protonated",0,NA,"C26 H22 O17",26,22,17,NA,NA,NA,NA,NA,NA,NA,NA
5124,605.116027,605.114713503634,605.114808219122,4754854,NA,193133.6,23.33,-1,-0.156524823319164,0.49778218504637,0.772687513667176,0.607744316494692,15,0.962962962962963,0.592592592592593,"O16","de-protonated",0,NA,"C27 H26 O16",27,26,16,NA,NA,NA,NA,NA,NA,NA,NA
5125,605.129175,605.127861467001,605.127562436963,2314662.3,NA,196495.4,10.17,-1,0.494160333266214,0.95665853452371,0,0.573995120714226,23,0.742857142857143,0.228571428571429,"S1 O8","de-protonated",0,NA,"C35 H26 O8 S1",35,26,8,NA,NA,1,NA,NA,NA,NA,NA
5126,605.152477,605.151163402076,605.151193728507,5586342.5,NA,174389.7,27.82,-1,-0.0501138076687471,0.989298839056702,0.948212513991777,0.972864309030732,14,1.07142857142857,0.535714285714286,"O15","de-protonated",0,NA,"C28 H30 O15",28,30,15,NA,NA,NA,NA,NA,NA,NA,NA
5128,605.188913,605.187599300557,605.187579237891,6389158.5,NA,171434.8,32.15,-1,0.033151153807792,0.499900303978324,0.759892473118277,0.603897171634306,13,1.17241379310345,0.482758620689655,"O14","de-protonated",0,NA,"C29 H34 O14",29,34,14,NA,NA,NA,NA,NA,NA,NA,NA
5129,605.202384,605.201070263024,605.201335777438,2266534.8,NA,190970.1,9.91,-1,-0.438720799627731,0.965678315976234,0,0.579406989585741,7,1.59259259259259,0.333333333333333,"S2 P1 O9","de-protonated",0,NA,"C27 H43 O9 S2 P1",27,43,9,NA,1,2,NA,NA,NA,NA,NA
5130,605.225481,605.224167198671,605.223964747275,4888999,NA,172997,24.05,-1,0.334506575416581,0.489950791894372,0.753652554121787,0.595431496785338,12,1.26666666666667,0.433333333333333,"O13","de-protonated",0,NA,"C30 H38 O13",30,38,13,NA,NA,NA,NA,NA,NA,NA,NA
5131,605.238457,605.237143162517,605.236851906897,1825191,NA,188483.1,7.53,-1,0.481225852318562,0.958851004060182,0,0.575310602436109,7,1.59259259259259,0.481481481481481,"P1 O13","de-protonated",0,NA,"C27 H43 O13 P1",27,43,13,NA,1,NA,NA,NA,NA,NA,NA
5132,605.275238,605.273924060037,605.274106796207,2537895.3,NA,193559,11.37,-1,-0.301906471363583,0.983597414451477,0,0.590158448670886,5,1.75862068965517,0.241379310344828,"S2 P1 O7","de-protonated",0,NA,"C29 H51 O7 S2 P1",29,51,7,NA,1,2,NA,NA,NA,NA,NA
5133,605.311136,605.309821960018,605.309622925666,2111911.5,NA,209377.6,9.08,-1,0.328814121329478,0.980573179874836,0,0.588343907924902,5,1.75862068965517,0.379310344827586,"P1 O11","de-protonated",0,NA,"C29 H51 O11 P1",29,51,11,NA,1,NA,NA,NA,NA,NA,NA
5134,605.347603,605.346288858413,605.34600843505,1728935.8,NA,226730.8,7.01,-1,0.46324475353833,0.961810235511307,0,0.577086141306784,4,1.83333333333333,0.333333333333333,"P1 O10","de-protonated",0,NA,"C30 H55 O10 P1",30,55,10,NA,1,NA,NA,NA,NA,NA,NA
5138,607.059526,607.058207088622,607.058043580421,1978288.4,NA,198042.3,8.35,-1,0.269345251759756,0.986922727106322,0,0.592153636263793,33,0.41025641025641,0.0512820512820513,"N2 S2 O2","de-protonated",0,NA,"C39 H16 O2 S2 N2",39,16,2,2,NA,2,NA,NA,NA,NA,NA
5139,607.095557,607.094237988232,607.094072774216,4957616.5,NA,178865.6,24.42,-1,0.272139069149961,0.493325928438449,0.779247987650237,0.607694752123164,15,0.923076923076923,0.653846153846154,"O17","de-protonated",0,NA,"C26 H24 O17",26,24,17,NA,NA,NA,NA,NA,NA,NA,NA
5140,607.132273,607.130953885933,607.130947540971,4775344.5,NA,177379.2,23.44,-1,0.0104507314004652,0.999989370422483,0.899822124459602,0.959922472037331,18,0.966666666666667,0.266666666666667,"N2 S1 P1 O8","de-protonated",0,NA,"C30 H29 O8 S1 N2 P1",30,29,8,2,1,1,NA,NA,NA,NA,NA
5141,607.160151,607.158831808259,607.158601584507,1808304.6,NA,225301.3,7.44,-1,0.379182228872473,0.974248825614193,0,0.584549295368516,13,1.17857142857143,0.464285714285714,"P1 O13","de-protonated",0,NA,"C28 H33 O13 P1",28,33,13,NA,1,NA,NA,NA,NA,NA,NA
5142,607.168407,607.167087785256,607.166843792985,6575536.5,NA,166395.2,33.15,-1,0.401853747101153,0.485561812635479,0.766236582456902,0.597831720564048,13,1.14285714285714,0.535714285714286,"O15","de-protonated",0,NA,"C28 H32 O15",28,32,15,NA,NA,NA,NA,NA,NA,NA,NA
5143,607.196576,607.195256706771,607.194987093891,3359152.8,NA,191396.9,15.8,-1,0.444030147190019,0.964857433465515,0,0.578914460079309,12,1.27586206896552,0.413793103448276,"P1 O12","de-protonated",0,NA,"C29 H37 O12 P1",29,37,12,NA,1,NA,NA,NA,NA,NA,NA
5144,607.204633,607.203313684322,607.203229302369,5393841,NA,179924.9,26.78,-1,0.138968222473985,0.498250982561504,0.759892473118277,0.602907578784213,12,1.24137931034483,0.482758620689655,"O14","de-protonated",0,NA,"C29 H36 O14",29,36,14,NA,NA,NA,NA,NA,NA,NA,NA
5145,607.233014,607.231694605247,607.231569307768,2355633,NA,202853,10.39,-1,0.206342168517216,0.99230420827605,0,0.59538252496563,3,2,0.85,"N4 O17","de-protonated",0,NA,"C20 H40 O17 N4",20,40,17,4,NA,NA,NA,NA,NA,NA,NA
5146,607.241133,607.239813582625,607.239614811753,2986417,NA,182547.2,13.79,-1,0.327335152968039,0.980745856523582,0,0.588447513914149,11,1.33333333333333,0.433333333333333,"O13","de-protonated",0,NA,"C30 H40 O13",30,40,13,NA,NA,NA,NA,NA,NA,NA,NA
5147,607.265251,607.263931515427,607.264115483223,2875825,NA,149419.8,13.2,-1,-0.302945276088762,0.983485282519096,0,0.590091169511458,1,2,0.625,"S1 O15","de-protonated",0,NA,"C24 H48 O15 S1",24,48,15,NA,NA,1,NA,NA,NA,NA,NA
5148,607.29047,607.289150445162,607.288887480759,2885041,NA,192599.7,13.25,-1,0.433013690545777,0.966550449034732,0,0.579930269420839,5,1.75,0.428571428571429,"P1 O12","de-protonated",0,NA,"C28 H49 O12 P1",28,49,12,NA,1,NA,NA,NA,NA,NA,NA
5149,607.326831,607.325511343852,607.325272990144,2363825.3,NA,190841.5,10.43,-1,0.392464662626752,0.972438668731481,0,0.583463201238888,4,1.82758620689655,0.379310344827586,"P1 O11","de-protonated",0,NA,"C29 H53 O11 P1",29,53,11,NA,1,NA,NA,NA,NA,NA,NA
5150,607.363119,607.361799242746,607.361525557747,1734577.3,NA,222580.6,7.04,-1,0.450613000185573,0.963826931207838,0,0.578296158724703,16,1.26829268292683,0.0487804878048781,"S1 O2","de-protonated",0,NA,"C41 H52 O2 S1",41,52,2,NA,NA,1,NA,NA,NA,NA,NA
5154,609.07479,609.073465473658,609.07333732931,2756020,NA,180238.9,12.55,-1,0.210392312388158,0.992000356312584,0,0.59520021378755,15,0.88,0.72,"O18","de-protonated",0,NA,"C25 H22 O18",25,22,18,NA,NA,NA,NA,NA,NA,NA,NA
5155,609.111097,609.109772372498,609.109722838694,5019060,NA,180471.8,24.76,-1,0.0813216443623159,0.999082914211892,0.952980112200147,0.980641793407194,14,1,0.653846153846154,"O17","de-protonated",0,NA,"C26 H26 O17",26,26,17,NA,NA,NA,NA,NA,NA,NA,NA
5156,609.140016,609.138691291924,609.138735519526,2451892,NA,192801.6,10.91,-1,-0.0726067809811793,0.999043906208899,0,0.59942634372534,12,1.25,0.321428571428571,"S2 P1 O9","de-protonated",0,NA,"C28 H35 O9 S2 P1",28,35,9,NA,1,2,NA,NA,NA,NA,NA
5157,609.147694,609.146369270531,609.146108348078,6163892,NA,174842.9,30.93,-1,0.428341327788326,0.483628265955203,0.772687513667176,0.599251965039992,13,1.11111111111111,0.592592592592593,"O16","de-protonated",0,NA,"C27 H30 O16",27,30,16,NA,NA,NA,NA,NA,NA,NA,NA
5159,609.184042,609.182717169258,609.182493857463,6892980,NA,173078.4,34.86,-1,0.366576185565835,0.980491773764207,0.96676567993607,0.975001336232952,12,1.21428571428571,0.535714285714286,"O15","de-protonated",0,NA,"C28 H34 O15",28,34,15,NA,NA,NA,NA,NA,NA,NA,NA
5160,609.212463,609.21113809007,609.210833862862,4099508,NA,192243.7,19.8,-1,0.499379183418474,0.955758899266872,0,0.573455339560123,3,2,0.947368421052632,"N4 O18","de-protonated",0,NA,"C19 H38 O18 N4",19,38,18,4,NA,NA,NA,NA,NA,NA,NA
5161,609.220371,609.219046068037,609.218879366847,4165044,NA,177393.3,20.15,-1,0.273631031236681,0.493253045946369,0.759892473118277,0.599908816815132,11,1.31034482758621,0.482758620689655,"O14","de-protonated",0,NA,"C29 H38 O14",29,38,14,NA,NA,NA,NA,NA,NA,NA,NA
5162,609.248717,609.247391989059,609.247219372246,2668468,NA,162236.4,12.08,-1,0.283328027745971,0.985539815587554,0,0.591323889352533,2,2.1,0.85,"N4 O17","de-protonated",0,NA,"C20 H42 O17 N4",20,42,17,4,NA,NA,NA,NA,NA,NA,NA
5163,609.256362,609.255036967758,609.255264876231,2426292,NA,170451.4,10.77,-1,-0.374077149626419,0.974928846542067,0,0.58495730792524,10,1.4,0.433333333333333,"O13","de-protonated",0,NA,"C30 H42 O13",30,42,13,NA,NA,NA,NA,NA,NA,NA,NA
5168,611.090393,611.089062857748,611.088987393788,3849649.3,NA,180658.3,18.45,-1,0.12349095179372,0.997236729659509,0,0.598342037795706,14,0.96,0.72,"O18","de-protonated",0,NA,"C25 H24 O18",25,24,18,NA,NA,NA,NA,NA,NA,NA,NA
5169,611.119238,611.11790777738,611.11800007462,2884017.3,NA,173368.5,13.24,-1,-0.151030144968345,0.995869689760815,0,0.597521813856489,12,1.22222222222222,0.37037037037037,"S2 P1 O10","de-protonated",0,NA,"C27 H33 O10 S2 P1",27,33,10,NA,1,2,NA,NA,NA,NA,NA
5170,611.12685,611.125519756171,611.125372903172,4740529,NA,183904.8,23.25,-1,0.240299299885289,0.494788584939312,0.779247987650237,0.608572346023682,13,1.07692307692308,0.653846153846154,"O17","de-protonated",0,NA,"C26 H28 O17",26,28,17,NA,NA,NA,NA,NA,NA,NA,NA
5171,611.142565,611.141234712386,611.141498424382,2014641.1,NA,203423.9,8.55,-1,-0.431507265111339,0.966778878874017,0,0.58006732732441,16,1.03225806451613,0.290322580645161,"S2 O9","de-protonated",0,NA,"C31 H32 O9 S2",31,32,9,NA,NA,2,NA,NA,NA,NA,NA
5173,611.163443,611.162112654215,611.162247669927,6004145,NA,168284.2,30.07,-1,-0.220916314648452,0.495591834413116,0.753652554121787,0.598816122296584,16,1.1,0.266666666666667,"N2 S1 P1 O8","de-protonated",0,NA,"C30 H33 O8 S1 N2 P1",30,33,8,2,1,1,NA,NA,NA,NA,NA
5175,611.19989,611.198559552666,611.198633179311,4497841,NA,173803.2,21.94,-1,-0.120462712249258,0.498685206728479,0.747514279669976,0.598216835905078,15,1.19354838709677,0.225806451612903,"N2 S1 P1 O7","de-protonated",0,NA,"C31 H37 O7 S1 N2 P1",31,37,7,2,1,1,NA,NA,NA,NA,NA
5176,611.228042,611.226711474228,611.22648392734,4262321,NA,184086.2,20.67,-1,0.372279170594416,0.97516626280305,0,0.58509975768183,2,2.10526315789474,0.947368421052632,"N4 O18","de-protonated",0,NA,"C19 H40 O18 N4",19,40,18,4,NA,NA,NA,NA,NA,NA,NA
5177,611.236185,611.23485445154,611.235018688695,2862512.8,NA,184725.2,13.12,-1,-0.268697228065082,0.98698516642677,0,0.592191099856062,14,1.28125,0.1875,"N2 S1 P1 O6","de-protonated",0,NA,"C32 H41 O6 S1 N2 P1",32,41,6,2,1,1,NA,NA,NA,NA,NA
5178,611.246784,611.245453422009,611.24524975628,1821104.8,NA,143021,7.51,-1,0.333198055376813,0.980056942453379,0,0.588034165472027,28,0.780487804878049,0.0487804878048781,"N4 O2","de-protonated",0,NA,"C41 H32 O2 N4",41,32,2,4,NA,NA,NA,NA,NA,NA,NA
5179,611.264491,611.263160372673,611.262869436724,1860528.8,NA,158506.7,7.72,-1,0.475958812504449,0.959728542088577,0,0.575837125253146,1,2.2,0.85,"N4 O17","de-protonated",0,NA,"C20 H44 O17 N4",20,44,17,4,NA,NA,NA,NA,NA,NA,NA
5180,611.285183,611.283852315021,611.28366915855,1918896.6,NA,187689.3,8.03,-1,0.299625984663257,0.983842271080628,0,0.590305362648377,17,1.15789473684211,0.131578947368421,"S1 O5","de-protonated",0,NA,"C38 H44 O5 S1",38,44,5,NA,NA,1,NA,NA,NA,NA,NA
5181,611.321409,611.320078214088,611.320054667934,2031024.5,NA,143306.9,8.64,-1,0.0385169004200023,0.999730847735816,0,0.59983850864149,16,1.23076923076923,0.102564102564103,"S1 O4","de-protonated",0,NA,"C39 H48 O4 S1",39,48,4,NA,NA,1,NA,NA,NA,NA,NA
5182,612.158608,612.157274881469,612.157007384749,1779117.3,NA,213433.9,7.28,-1,0.436974037992822,0.96594637659298,0,0.579567825955788,12,1.19230769230769,0.615384615384615,"N1 O16","de-protonated",0,NA,"C26 H31 O16 N1",26,31,16,1,NA,NA,NA,NA,NA,NA,NA
5183,612.195109,612.193775779769,612.193882151504,1824685.1,NA,190090.4,7.53,-1,-0.17375497896283,0.994536897640287,0,0.596722138584172,15,1.2,0.233333333333333,"N3 S1 P1 O7","de-protonated",0,NA,"C30 H36 O7 S1 N3 P1",30,36,7,3,1,1,NA,NA,NA,NA,NA
5184,613.069983,613.068647342179,613.06860826447,1949096.5,NA,165444.8,8.2,-1,0.0637411678476816,0.999263057189228,0,0.599557834313537,31,0.473684210526316,0.0789473684210526,"N2 S2 O3","de-protonated",0,NA,"C38 H18 O3 S2 N2",38,18,3,2,NA,2,NA,NA,NA,NA,NA
5185,613.085656,613.084320298511,613.084377470092,2142120.5,NA,203121.3,9.24,-1,-0.0932523856542316,0.998423365072416,0,0.59905401904345,17,0.896551724137931,0.379310344827586,"S2 O11","de-protonated",0,NA,"C29 H26 O11 S2",29,26,11,NA,NA,2,NA,NA,NA,NA,NA
5186,613.106517,613.105181240388,613.104993773855,3535272.3,NA,174848.8,16.75,-1,0.3057657905873,0.491589474830671,0.701787487586891,0.575668679933159,30,0.564102564102564,0.0512820512820513,"N2 S2 O2","de-protonated",0,NA,"C39 H22 O2 S2 N2",39,22,2,2,NA,2,NA,NA,NA,NA,NA
5187,613.121465,613.120129198739,613.119893599551,3255720.3,NA,178308.6,15.24,-1,0.384262835169488,0.973563393837651,0,0.584138036302591,17,0.896551724137931,0.517241379310345,"O15","de-protonated",0,NA,"C29 H26 O15",29,26,15,NA,NA,NA,NA,NA,NA,NA,NA
5189,613.142961,613.141625138847,613.141892347575,3775912,NA,169001.1,18.05,-1,-0.435802433394215,0.483062807532642,0.772687513667176,0.598912689986456,11,1.25925925925926,0.444444444444444,"S2 O12","de-protonated",0,NA,"C27 H34 O12 S2",27,34,12,NA,NA,2,NA,NA,NA,NA,NA
5190,613.158203,613.156867096379,613.15714848886,2249640,NA,139308.7,9.82,-1,-0.458923918362063,0.962505865492363,0,0.577503519295418,15,1.09677419354839,0.290322580645161,"S2 O9","de-protonated",0,NA,"C31 H34 O9 S2",31,34,9,NA,NA,2,NA,NA,NA,NA,NA
5191,613.171069,613.169733060532,613.170035648482,3923368,NA,193258.9,18.85,-1,-0.493481307014592,0.478387476667338,0.766236582456902,0.593527118983163,10,1.39285714285714,0.321428571428571,"S2 P1 O9","de-protonated",0,NA,"C28 H39 O9 S2 P1",28,39,9,NA,1,2,NA,NA,NA,NA,NA
5192,613.17902,613.177684038379,613.177408477034,3390888,NA,175326.6,15.97,-1,0.44939904895533,0.964018024524355,0,0.578410814714613,11,1.25925925925926,0.592592592592593,"O16","de-protonated",0,NA,"C27 H34 O16",27,34,16,NA,NA,NA,NA,NA,NA,NA,NA
5193,613.194117,613.192780996315,613.192664618319,2985383.8,NA,184671.8,13.79,-1,0.189790260752819,0.99348546823992,0,0.596091280943952,15,1.09677419354839,0.419354838709677,"O13","de-protonated",0,NA,"C31 H34 O13",31,34,13,NA,NA,NA,NA,NA,NA,NA,NA
5194,613.207056,613.205719960264,613.20541883616,5342631.5,NA,173817.5,26.5,-1,0.491065628400839,0.478593968520746,0.701787487586891,0.567871376147204,23,0.871794871794872,0.128205128205128,"S1 O5","de-protonated",0,NA,"C39 H34 O5 S1",39,34,5,NA,NA,1,NA,NA,NA,NA,NA
5195,613.215437,613.214100936913,613.214283243789,2766247.8,NA,177715.4,12.6,-1,-0.297297178526528,0.984090461977461,0,0.590454277186477,14,1.25806451612903,0.225806451612903,"N2 S1 P1 O7","de-protonated",0,NA,"C31 H39 O7 S1 N2 P1",31,39,7,2,1,1,NA,NA,NA,NA,NA
5196,613.230209,613.228872895755,613.229050127703,2546087.5,NA,184983.8,11.42,-1,-0.289014273919548,0.984958005452662,0,0.590974803271597,14,1.1875,0.375,"O12","de-protonated",0,NA,"C32 H38 O12",32,38,12,NA,NA,NA,NA,NA,NA,NA,NA
5197,613.243594,613.242257858461,613.242133991818,3550631.5,NA,180168,16.84,-1,0.201986518346449,0.992624489606026,0,0.595574693763616,1,2.21052631578947,0.947368421052632,"N4 O18","de-protonated",0,NA,"C19 H42 O18 N4",19,42,18,4,NA,NA,NA,NA,NA,NA,NA
5198,613.251448,613.250111836578,613.250179495803,2599335.5,NA,171520.4,11.7,-1,-0.110328911132248,0.997793758893094,0,0.598676255335856,9,1.44827586206897,0.482758620689655,"O14","de-protonated",0,NA,"C29 H42 O14",29,42,14,NA,NA,NA,NA,NA,NA,NA,NA
5199,614.210864,614.209525163436,614.209532215982,1832353,NA,197911.8,7.57,-1,-0.0114823123506672,0.999976077456834,0,0.5999856464741,14,1.26666666666667,0.233333333333333,"N3 S1 P1 O7","de-protonated",0,NA,"C30 H38 O7 S1 N3 P1",30,38,7,3,1,1,NA,NA,NA,NA,NA
5201,615.064555,615.063213784867,615.063128960849,2705818,NA,194210.6,12.28,-1,0.137911076893243,0.498277445545297,0.691216744913927,0.575453165292749,35,0.390243902439024,0.024390243902439,"N2 S2 O1","de-protonated",0,NA,"C41 H16 O1 S2 N2",41,16,1,2,NA,2,NA,NA,NA,NA,NA
5202,615.085023,615.083681727839,615.083902013359,1800345.9,NA,136952,7.39,-1,-0.358138978773178,0.976995484571334,0,0.586197290742801,13,1,0.791666666666667,"O19","de-protonated",0,NA,"C24 H24 O19",24,24,19,NA,NA,NA,NA,NA,NA,NA,NA
5203,615.100599,615.099257684441,615.099158154644,3636633.8,NA,186814.7,17.3,-1,0.161810978155579,0.49763021701394,0.766236582456902,0.605072763191125,17,0.857142857142857,0.571428571428571,"O16","de-protonated",0,NA,"C28 H24 O16",28,24,16,NA,NA,NA,NA,NA,NA,NA,NA
5204,615.121838,615.120496625264,615.120287522744,1927577.6,NA,210813.3,8.08,-1,0.339937610435643,0.979250524423141,0,0.587550314653884,12,1.12,0.72,"O18","de-protonated",0,NA,"C25 H28 O18",25,28,18,NA,NA,NA,NA,NA,NA,NA,NA
5205,615.137,615.13565858302,615.135543664029,3490201.5,NA,193658.7,16.51,-1,0.18681897380219,0.49684360481265,0.759892473118277,0.602063152134901,16,0.96551724137931,0.517241379310345,"O15","de-protonated",0,NA,"C29 H28 O15",29,28,15,NA,NA,NA,NA,NA,NA,NA,NA
5207,615.158143,615.156801524111,615.156673032128,2180505.3,NA,205481.1,9.45,-1,0.208876841109374,0.992114731366914,0,0.595268838820149,11,1.23076923076923,0.653846153846154,"O17","de-protonated",0,NA,"C26 H32 O17",26,32,17,NA,NA,NA,NA,NA,NA,NA,NA
5208,615.173343,615.17200148176,615.171929173413,5004697,NA,181300.2,24.68,-1,0.117541688519577,0.498748117900857,0.753652554121787,0.600709892389229,15,1.06666666666667,0.466666666666667,"O14","de-protonated",0,NA,"C30 H32 O14",30,32,14,NA,NA,NA,NA,NA,NA,NA,NA
5210,615.209826,615.208484380111,615.208314682797,3234200.8,NA,169352.4,15.13,-1,0.275837158434822,0.493144566128641,0.747514279669976,0.594892451545175,14,1.16129032258065,0.419354838709677,"O13","de-protonated",0,NA,"C31 H36 O13",31,36,13,NA,NA,NA,NA,NA,NA,NA,NA
5212,615.246246,615.244904278636,615.244700192181,1825176.5,NA,203079.1,7.53,-1,0.331715909075477,0.980232209592064,0,0.588139325755238,13,1.25,0.375,"O12","de-protonated",0,NA,"C32 H40 O12",32,40,12,NA,NA,NA,NA,NA,NA,NA,NA
5213,615.259235,615.257893242446,615.257587351803,3075480.5,NA,184489.1,14.27,-1,0.497174921729377,0.95613992364915,0,0.57368395418949,8,1.55172413793103,0.413793103448276,"P1 O12","de-protonated",0,NA,"C29 H45 O12 P1",29,45,12,NA,1,NA,NA,NA,NA,NA,NA
5215,615.303786,615.302444118317,615.302215069665,1813400,NA,196726.8,7.47,-1,0.372253904931148,0.975169591298264,0,0.585101754778958,7,1.6,0.433333333333333,"O13","de-protonated",0,NA,"C30 H48 O13",30,48,13,NA,NA,NA,NA,NA,NA,NA,NA
5216,616.189779,616.188434649748,616.188307513705,1984911.6,NA,177695.9,8.39,-1,0.206326606886852,0.992305364536362,0,0.595383218721817,10,1.34615384615385,0.615384615384615,"N1 O16","de-protonated",0,NA,"C26 H35 O16 N1",26,35,16,1,NA,NA,NA,NA,NA,NA,NA
5217,616.213708,616.212363583077,616.212295120838,1801615.4,NA,166162.2,7.4,-1,0.111101708338416,0.997762778203,0,0.5986576669218,18,1.06060606060606,0.212121212121212,"N3 S1 O7","de-protonated",0,NA,"C33 H35 O7 S1 N3",33,35,7,3,NA,1,NA,NA,NA,NA,NA
5218,616.225925,616.224580549037,616.22469302309,1823119.3,NA,158674.1,7.52,-1,-0.18252117063329,0.993973455416218,0,0.596384073249731,9,1.44444444444444,0.555555555555556,"N1 O15","de-protonated",0,NA,"C27 H39 O15 N1",27,39,15,1,NA,NA,NA,NA,NA,NA,NA
5219,617.079834,617.078487169861,617.078422709738,3242374,NA,203197.9,15.17,-1,0.104460179428535,0.998022003620466,0,0.598813202172279,17,0.814814814814815,0.62962962962963,"O17","de-protonated",0,NA,"C27 H22 O17",27,22,17,NA,NA,NA,NA,NA,NA,NA,NA
5220,617.116241,617.114894068423,617.114808219122,3625349.8,NA,170471.7,17.24,-1,0.139113985880431,0.498247317999218,0.766236582456902,0.605443023782292,16,0.928571428571429,0.571428571428571,"O16","de-protonated",0,NA,"C28 H26 O16",28,26,16,NA,NA,NA,NA,NA,NA,NA,NA
5222,617.152722,617.151374966779,617.151193728507,4617605.5,NA,167021.3,22.59,-1,0.293669159731077,0.492236689909943,0.759892473118277,0.599299003193277,15,1.03448275862069,0.517241379310345,"O15","de-protonated",0,NA,"C29 H30 O15",29,30,15,NA,NA,NA,NA,NA,NA,NA,NA
5224,617.189183,617.187835865191,617.187579237891,5332357,NA,162637.1,26.45,-1,0.415801141215318,0.984549539766911,0.999049563673882,0.990349549329699,14,1.13333333333333,0.466666666666667,"O14","de-protonated",0,NA,"C30 H34 O14",30,34,14,NA,NA,NA,NA,NA,NA,NA,NA
5226,617.225541,617.224193763889,617.223964747275,4412804.5,NA,179594.7,21.49,-1,0.371042971862736,0.487664433933341,0.747514279669976,0.591604372227995,13,1.2258064516129,0.419354838709677,"O13","de-protonated",0,NA,"C31 H38 O13",31,38,13,NA,NA,NA,NA,NA,NA,NA,NA
5227,617.238454,617.237106727911,617.236851906897,2749316.3,NA,164507.1,12.51,-1,0.412841542055516,0.969547533722331,0,0.581728520233398,8,1.53571428571429,0.464285714285714,"P1 O13","de-protonated",0,NA,"C28 H43 O13 P1",28,43,13,NA,1,NA,NA,NA,NA,NA,NA
5228,617.261794,617.260446662881,617.260350256659,2124676,NA,153596.6,9.14,-1,0.156184049554288,0.995583620225497,0,0.597350172135298,12,1.3125,0.375,"O12","de-protonated",0,NA,"C32 H42 O12",32,42,12,NA,NA,NA,NA,NA,NA,NA,NA
5229,617.274842,617.273494626526,617.273237416281,2254212,NA,194881,9.84,-1,0.41668782807295,0.968986394572055,0,0.581391836743233,7,1.62068965517241,0.413793103448276,"P1 O12","de-protonated",0,NA,"C29 H47 O12 P1",29,47,12,NA,1,NA,NA,NA,NA,NA,NA
5233,618.242225,618.240874931186,618.240832344938,1823096.3,NA,178651.7,7.52,-1,0.0688829431831476,0.999139421921284,0,0.59948365315277,12,1.4,0.233333333333333,"N3 S1 P1 O7","de-protonated",0,NA,"C30 H42 O7 S1 N3 P1",30,42,7,3,1,1,NA,NA,NA,NA,NA
5234,619.059318,619.057965654587,619.057687264832,2338157.5,NA,197974.9,10.3,-1,0.449699214039605,0.963970818689739,0,0.578382491213844,17,0.769230769230769,0.692307692307692,"O18","de-protonated",0,NA,"C26 H20 O18",26,20,18,NA,NA,NA,NA,NA,NA,NA,NA
5235,619.095649,619.094296553361,619.094072774216,4397421,NA,177183.4,21.4,-1,0.36146226374654,0.48828581754733,0.772687513667176,0.602046495995269,16,0.888888888888889,0.62962962962963,"O17","de-protonated",0,NA,"C27 H24 O17",27,24,17,NA,NA,NA,NA,NA,NA,NA,NA
5236,619.131876,619.130523452425,619.1304582836,6106476.5,NA,174325.2,30.62,-1,0.105258631182836,0.498995840266718,0.766236582456902,0.605892137142792,15,1,0.571428571428571,"O16","de-protonated",0,NA,"C28 H28 O16",28,28,16,NA,NA,NA,NA,NA,NA,NA,NA
5237,619.144669,619.143316416781,619.143212501441,2225516.5,NA,189733.7,9.69,-1,0.167837324052556,0.994901745740448,0,0.596941047444269,23,0.777777777777778,0.222222222222222,"S1 O8","de-protonated",0,NA,"C36 H28 O8 S1",36,28,8,NA,NA,1,NA,NA,NA,NA,NA
5238,619.168487,619.167134350418,619.166843792985,5490028,NA,181562,27.3,-1,0.469271629814475,0.96214116349588,0.948326271909543,0.956615206861345,14,1.10344827586207,0.517241379310345,"O15","de-protonated",0,NA,"C29 H32 O15",29,32,15,NA,NA,NA,NA,NA,NA,NA,NA
5240,619.196455,619.195102272494,619.19485415211,2042219.6,NA,184848.4,8.7,-1,0.400714543980894,0.971284744559412,0,0.582770846735647,26,0.780487804878049,0.0975609756097561,"S1 O4","de-protonated",0,NA,"C41 H32 O4 S1",41,32,4,NA,NA,1,NA,NA,NA,NA,NA
5241,619.204927,619.203574248889,619.203718559739,6194539.5,NA,163856.6,31.1,-1,-0.233058759622156,0.495096385422836,0.73553288925895,0.591270986957282,17,1.12121212121212,0.181818181818182,"N2 S1 P1 O6","de-protonated",0,NA,"C33 H37 O6 S1 N2 P1",33,37,6,2,1,1,NA,NA,NA,NA,NA
5242,619.21814,619.216787212074,619.216985841916,2351467.3,NA,154718.5,10.37,-1,-0.320775829017506,0.98150266551378,0,0.588901599308268,7,1.60714285714286,0.321428571428571,"S2 P1 O9","de-protonated",0,NA,"C28 H45 O9 S2 P1",28,45,9,NA,1,2,NA,NA,NA,NA,NA
5243,619.241477,619.240124147052,619.240104069124,4045163,NA,172411.3,19.5,-1,0.0324234957235855,0.499904632129743,0.72968508002065,0.591816811286106,16,1.20588235294118,0.147058823529412,"N2 S1 P1 O5","de-protonated",0,NA,"C34 H41 O5 S1 N2 P1",34,41,5,2,1,1,NA,NA,NA,NA,NA
5245,619.278002,619.276649045286,619.276869701063,2117994.5,NA,164778.6,9.11,-1,-0.356311995458081,0.97722690667101,0,0.586336144002606,10,1.45454545454545,0.212121212121212,"S2 O7","de-protonated",0,NA,"C33 H48 O7 S2",33,48,7,NA,NA,2,NA,NA,NA,NA,NA
5247,619.338257,619.336903877402,619.336886501991,16678250,NA,165789.9,87.65,-1,0.0280548624735907,0.999822099325723,0.970257432656769,0.987996232658142,0,2.07407407407407,0.481481481481481,"S1 O13","de-protonated",0,NA,"C27 H56 O13 S1",27,56,13,NA,NA,1,NA,NA,NA,NA,NA
5248,620.135653,620.134297655683,620.134438721641,2042718.3,NA,174314,8.7,-1,-0.227476412967013,0.990654784153098,0,0.594392870491859,19,0.9,0.333333333333333,"N3 S1 O10","de-protonated",0,NA,"C30 H27 O10 S1 N3",30,27,10,3,NA,1,NA,NA,NA,NA,NA
5251,620.286425,620.2850692356,620.285005832878,1768284,NA,186977.3,7.22,-1,0.102215467263035,0.998106019656944,0,0.598863611794166,5,1.79310344827586,0.241379310344828,"N1 S2 P1 O7","de-protonated",0,NA,"C29 H52 O7 S2 N1 P1",29,52,7,1,1,2,NA,NA,NA,NA,NA
5252,620.294179,620.292823213995,620.2928679188,1834843.9,NA,203900.4,7.58,-1,-0.0720704803742962,0.999057971542209,0,0.599434782925325,10,1.54838709677419,0.193548387096774,"N3 S1 P1 O6","de-protonated",0,NA,"C31 H48 O6 S1 N3 P1",31,48,6,3,1,1,NA,NA,NA,NA,NA
5254,621.074725,621.073367039224,621.07333732931,4239696,NA,174674,20.55,-1,0.0478364027719275,0.499792436635797,0.779247987650237,0.611574657041573,16,0.846153846153846,0.692307692307692,"O18","de-protonated",0,NA,"C26 H22 O18",26,22,18,NA,NA,NA,NA,NA,NA,NA,NA
5255,621.111204,621.109845937586,621.109722838694,5778767.5,NA,174171.3,28.85,-1,0.198191860691811,0.496449016071081,0.772687513667176,0.606944415109519,15,0.962962962962963,0.62962962962963,"O17","de-protonated",0,NA,"C27 H26 O17",27,26,17,NA,NA,NA,NA,NA,NA,NA,NA
5256,621.147718,621.14635983585,621.146108348078,5860686.5,NA,179150.3,29.3,-1,0.404876997719265,0.485346977644829,0.766236582456902,0.597702819569658,14,1.07142857142857,0.571428571428571,"O16","de-protonated",0,NA,"C28 H30 O16",28,30,16,NA,NA,NA,NA,NA,NA,NA,NA
5257,621.176316,621.174957756169,621.175121028911,2727246.3,NA,192424.5,12.39,-1,-0.262844946166891,0.987542416317434,0,0.59252544979046,12,1.3,0.266666666666667,"S2 P1 O8","de-protonated",0,NA,"C30 H39 O8 S2 P1",30,39,8,NA,1,2,NA,NA,NA,NA,NA
5258,621.184238,621.182879734097,621.182983114833,6487374,NA,172759.9,32.68,-1,-0.166425576273694,0.988297177720469,0.988223470398158,0.988267694791545,17,1.09375,0.21875,"N2 S1 P1 O7","de-protonated",0,NA,"C32 H35 O7 S1 N2 P1",32,35,7,2,1,1,NA,NA,NA,NA,NA
5259,621.212489,621.211130655384,621.210833862862,2227533.8,NA,206709,9.7,-1,0.477764561932436,0.959428685015475,0,0.575657211009285,4,1.9,0.9,"N4 O18","de-protonated",0,NA,"C20 H38 O18 N4",20,38,18,4,NA,NA,NA,NA,NA,NA,NA
5260,621.220647,621.219288632654,621.219368624217,4991309.5,NA,162847.5,24.61,-1,-0.128765405115072,0.987144785108678,0.972724868509922,0.981376818469176,16,1.18181818181818,0.181818181818182,"N2 S1 P1 O6","de-protonated",0,NA,"C33 H39 O6 S1 N2 P1",33,39,6,2,1,1,NA,NA,NA,NA,NA
5262,621.256755,621.255396532049,621.255264876231,2907469,NA,176315.2,13.37,-1,0.211919037306336,0.991884309344066,0,0.59513058560644,11,1.35483870967742,0.419354838709677,"O13","de-protonated",0,NA,"C31 H42 O13",31,42,13,NA,NA,NA,NA,NA,NA,NA,NA
5265,621.335361,621.334002313035,621.333909121814,5741899.5,NA,168753.7,28.66,-1,0.14998573194186,0.996295878202525,0.927887500070273,0.968932526949624,0,2.07692307692308,0.615384615384615,"O16","de-protonated",0,NA,"C26 H54 O16",26,54,16,NA,NA,NA,NA,NA,NA,NA,NA
5268,622.273049,622.271687700432,622.271643216524,1816124.1,NA,152404.9,7.48,-1,0.0714863184078741,0.999073173687004,0,0.599443904212202,6,1.66666666666667,0.555555555555556,"N1 O15","de-protonated",0,NA,"C27 H45 O15 N1",27,45,15,1,NA,NA,NA,NA,NA,NA,NA
5270,623.054236,623.052872523875,623.052601884403,1777966.5,NA,205956.7,7.27,-1,0.434376601481343,0.96634314210945,0,0.57980588526567,16,0.8,0.76,"O19","de-protonated",0,NA,"C25 H20 O19",25,20,19,NA,NA,NA,NA,NA,NA,NA,NA
5271,623.090354,623.088990423243,623.088987393788,3200301.8,NA,182607.8,14.95,-1,0.00486199395131141,0.999995710746392,0,0.599997426447835,15,0.923076923076923,0.692307692307692,"O18","de-protonated",0,NA,"C26 H24 O18",26,24,18,NA,NA,NA,NA,NA,NA,NA,NA
5272,623.127076,623.125712320927,623.125729218761,5266733,NA,163163.8,26.09,-1,-0.0271178556472761,0.499933287756288,0.691216744913927,0.576446670619343,31,0.585365853658537,0.024390243902439,"N2 S2 O1","de-protonated",0,NA,"C41 H24 O1 S2 N2",41,24,1,2,NA,2,NA,NA,NA,NA,NA
5273,623.155474,623.154110241804,623.154385584004,2598188.8,NA,164319.1,11.7,-1,-0.441852302888263,0.965195261682247,0,0.579117157009348,12,1.27586206896552,0.310344827586207,"S2 P1 O9","de-protonated",0,NA,"C29 H37 O9 S2 P1",29,37,9,NA,1,2,NA,NA,NA,NA,NA
5274,623.16353,623.162166219358,623.162247669927,6389036.5,NA,169005.7,32.15,-1,-0.130705235536716,0.498452477927703,0.747514279669976,0.598077198624612,17,1.06451612903226,0.258064516129032,"N2 S1 P1 O8","de-protonated",0,NA,"C31 H33 O8 S1 N2 P1",31,33,8,2,1,1,NA,NA,NA,NA,NA
5276,623.199709,623.198345118556,623.198143921941,5752108,NA,172414.5,28.71,-1,0.322845337279838,0.990252209760159,0.972616282915844,0.983197839022433,12,1.24137931034483,0.517241379310345,"O15","de-protonated",0,NA,"C29 H36 O15",29,36,15,NA,NA,NA,NA,NA,NA,NA,NA
5277,623.228025,623.226661039661,623.22648392734,2856235.3,NA,181648.6,13.09,-1,0.284186128212284,0.985452734538559,0,0.591271640723135,3,2,0.9,"N4 O18","de-protonated",0,NA,"C20 H40 O18 N4",20,40,18,4,NA,NA,NA,NA,NA,NA,NA
5278,623.236205,623.23484101687,623.234529431325,3407147.3,NA,160404.3,16.06,-1,0.499949104835035,0.477830067152883,0.753652554121787,0.588159061940445,11,1.33333333333333,0.466666666666667,"O14","de-protonated",0,NA,"C30 H40 O14",30,40,14,NA,NA,NA,NA,NA,NA,NA,NA
5279,623.272494,623.271129915761,623.270914940709,2275626.5,NA,196132.4,9.96,-1,0.344914300544407,0.978645112976388,0,0.587187067785833,10,1.41935483870968,0.419354838709677,"O13","de-protonated",0,NA,"C31 H44 O13",31,44,13,NA,NA,NA,NA,NA,NA,NA,NA
5281,623.321582,623.320217778991,623.320054667934,1984809.6,NA,181084.5,8.39,-1,0.261681067142784,0.987651814098485,0,0.592591088459091,17,1.2,0.1,"S1 O4","de-protonated",0,NA,"C40 H48 O4 S1",40,48,4,NA,NA,1,NA,NA,NA,NA,NA
5283,624.19541,624.194043344316,624.194262274059,2149145.5,NA,174995.1,9.28,-1,-0.350739756013617,0.977925759071291,0,0.586755455442774,11,1.3448275862069,0.344827586206897,"N1 S2 O10","de-protonated",0,NA,"C29 H39 O10 S2 N1",29,39,10,1,NA,2,NA,NA,NA,NA,NA
5287,625.106099,625.104729806938,625.104637458266,4010247.8,NA,173659.2,19.32,-1,0.14773314183833,0.498023849335698,0.779247987650237,0.610513504661514,14,1,0.692307692307692,"O18","de-protonated",0,NA,"C26 H26 O18",26,26,18,NA,NA,NA,NA,NA,NA,NA,NA
5288,625.121982,625.120612762684,625.120762979476,2529543.5,NA,185095.7,11.33,-1,-0.240300435814438,0.989577071853308,0,0.593746243111985,17,0.967741935483871,0.32258064516129,"S2 O10","de-protonated",0,NA,"C31 H30 O10 S2",31,30,10,NA,NA,2,NA,NA,NA,NA,NA
5289,625.134935,625.133565726594,625.133650139098,2215175.3,NA,199943.1,9.63,-1,-0.135031130690593,0.996697039204056,0,0.598018223522434,12,1.25,0.357142857142857,"S2 P1 O10","de-protonated",0,NA,"C28 H35 O10 S2 P1",28,35,10,NA,1,2,NA,NA,NA,NA,NA
5290,625.142595,625.141225705252,625.14102296765,4658439,NA,191394.9,22.81,-1,0.324306987754748,0.490548537271598,0.772687513667176,0.603404127829829,13,1.11111111111111,0.62962962962963,"O17","de-protonated",0,NA,"C27 H30 O17",27,30,17,NA,NA,NA,NA,NA,NA,NA,NA
5292,625.178951,625.177581603956,625.177408477034,4857094.5,NA,164362.6,23.88,-1,0.27692446910073,0.493090789207438,0.766236582456902,0.602349106507224,12,1.21428571428571,0.571428571428571,"O16","de-protonated",0,NA,"C28 H34 O16",28,34,16,NA,NA,NA,NA,NA,NA,NA,NA
5294,625.215262,625.213892502786,625.213793986419,3005701.8,NA,179268.5,13.9,-1,0.157572286871716,0.995504939088131,0,0.597302963452879,11,1.31034482758621,0.517241379310345,"O15","de-protonated",0,NA,"C29 H38 O15",29,38,15,NA,NA,NA,NA,NA,NA,NA,NA
5295,625.243604,625.242234423819,625.241937287325,3207429,NA,187911.3,14.99,-1,0.475234426493625,0.959848538483139,0,0.575909123089883,10,1.43333333333333,0.4,"P1 O12","de-protonated",0,NA,"C30 H43 O12 P1",30,43,12,NA,1,NA,NA,NA,NA,NA,NA
5296,625.304176,625.302806255052,625.302690526398,4291844,NA,174450.5,20.83,-1,0.185076214017611,0.496902037674604,0.718264051224716,0.585446843094649,12,1.38888888888889,0.138888888888889,"S2 O5","de-protonated",0,NA,"C36 H50 O5 S2",36,50,5,NA,NA,2,NA,NA,NA,NA,NA
5297,625.321781,625.320411206001,625.320448591127,2679043.5,NA,185606.2,12.14,-1,-0.0597855490441336,0.999351656071715,0,0.599610993643029,12,1.38888888888889,0.194444444444444,"S1 O7","de-protonated",0,NA,"C36 H50 O7 S1",36,50,7,NA,NA,1,NA,NA,NA,NA,NA
5298,626.182946,626.181573806607,626.181388915075,2105074,NA,163934,9.04,-1,0.29526832906887,0.984305157215623,0,0.590583094329374,16,1.1,0.333333333333333,"N3 S1 O10","de-protonated",0,NA,"C30 H33 O10 S1 N3",30,33,10,3,NA,1,NA,NA,NA,NA,NA
5299,627.085757,627.084382291179,627.084258328948,2414303,NA,155867.5,10.71,-1,0.197680342538173,0.992934514467866,0,0.59576070868072,31,0.512820512820513,0.0769230769230769,"N2 S2 O3","de-protonated",0,NA,"C39 H20 O3 S2 N2",39,20,3,2,NA,2,NA,NA,NA,NA,NA
5300,627.100594,627.09921924984,627.099158154644,2594014.8,NA,189047.4,11.68,-1,0.0974250964617578,0.998279234898582,0,0.598967540939149,18,0.827586206896552,0.551724137931034,"O16","de-protonated",0,NA,"C29 H24 O16",29,24,16,NA,NA,NA,NA,NA,NA,NA,NA
5301,627.121842,627.120467190639,627.120287522744,2908382.3,NA,200298.9,13.37,-1,0.286496703288168,0.985216984069527,0,0.591130190441716,13,1.07692307692308,0.692307692307692,"O18","de-protonated",0,NA,"C26 H28 O18",26,28,18,NA,NA,NA,NA,NA,NA,NA,NA
5302,627.137211,627.135836147817,627.135543664029,1872605.9,NA,201127.3,7.79,-1,0.466380500281714,0.961301634447875,0,0.576780980668725,17,0.933333333333333,0.5,"O15","de-protonated",0,NA,"C30 H28 O15",30,28,15,NA,NA,NA,NA,NA,NA,NA,NA
5303,627.150061,627.148686112014,627.148430823651,3444957.5,NA,162165.2,16.27,-1,0.40706211051942,0.970381517488871,0,0.582228910493323,12,1.22222222222222,0.555555555555556,"P1 O15","de-protonated",0,NA,"C27 H33 O15 P1",27,33,15,NA,1,NA,NA,NA,NA,NA,NA
5304,627.158227,627.156852089262,627.156673032128,3774685.5,NA,167101.3,18.05,-1,0.285506224869185,0.492659135255215,0.772687513667176,0.604670486619999,12,1.18518518518519,0.62962962962963,"O17","de-protonated",0,NA,"C27 H32 O17",27,32,17,NA,NA,NA,NA,NA,NA,NA,NA
5305,627.173385,627.172010047029,627.171929173413,2004701.1,NA,189210.3,8.5,-1,0.128949673873643,0.996987414875736,0,0.598192448925441,16,1.03225806451613,0.451612903225806,"O14","de-protonated",0,NA,"C31 H32 O14",31,32,14,NA,NA,NA,NA,NA,NA,NA,NA
5306,627.186893,627.185518009392,627.18568571296,3548380.8,NA,178531.8,16.82,-1,-0.267390617783397,0.980665216949028,0.896409581049463,0.946962962589202,10,1.41379310344828,0.310344827586207,"S2 P1 O9","de-protonated",0,NA,"C29 H41 O9 S2 P1",29,41,9,NA,1,2,NA,NA,NA,NA,NA
5307,627.194185,627.192809989075,627.193058541512,3037404.5,NA,169971.7,14.07,-1,-0.396293348208076,0.971905959096225,0,0.583143575457735,11,1.28571428571429,0.571428571428571,"O16","de-protonated",0,NA,"C28 H36 O16",28,36,16,NA,NA,NA,NA,NA,NA,NA,NA
5308,627.209832,627.208456945479,627.208314682797,2146524.3,NA,222222.3,9.26,-1,0.226818871387647,0.990708481074688,0,0.594425088644813,15,1.125,0.40625,"O13","de-protonated",0,NA,"C32 H36 O13",32,36,13,NA,NA,NA,NA,NA,NA,NA,NA
5310,627.23052,627.229144887838,627.229444050897,2022619.9,NA,154460.7,8.59,-1,-0.476959526569276,0.959562495347766,0,0.57573749720866,10,1.37931034482759,0.517241379310345,"O15","de-protonated",0,NA,"C29 H40 O15",29,40,15,NA,NA,NA,NA,NA,NA,NA,NA
5311,627.246512,627.245136843281,627.245189449552,1967323.5,NA,203711.7,8.3,-1,-0.0838687515734574,0.998724509969052,0,0.599234705981431,18,1.13888888888889,0.111111111111111,"N2 S1 P1 O4","de-protonated",0,NA,"C36 H41 O4 S1 N2 P1",36,41,4,2,1,1,NA,NA,NA,NA,NA
5312,627.259524,627.258148807027,627.258456731729,2379483.3,NA,175686.9,10.52,-1,-0.490905621064265,0.957215226561974,0,0.574329135937185,8,1.58064516129032,0.225806451612903,"S2 P1 O7","de-protonated",0,NA,"C31 H49 O7 S2 P1",31,49,7,NA,1,2,NA,NA,NA,NA,NA
5313,627.301163,627.299787691011,627.299713146221,2883802.3,NA,185758.4,13.24,-1,0.118834408796803,0.498720465606107,0.723929522638802,0.588804088419185,12,1.37142857142857,0.228571428571429,"S1 O8","de-protonated",0,NA,"C35 H48 O8 S1",35,48,8,NA,NA,1,NA,NA,NA,NA,NA
5314,627.339676,627.338300583706,627.338600579049,1820377.5,NA,173315.2,7.5,-1,-0.478203227873536,0.959355684289336,0,0.575613410573601,7,1.625,0.375,"O12","de-protonated",0,NA,"C32 H52 O12",32,52,12,NA,NA,NA,NA,NA,NA,NA,NA
5315,627.461686,627.460310243759,627.460511325043,4221143,NA,173517.3,20.45,-1,-0.320468427742962,0.490768885792543,0.680959722489882,0.566845220471479,12,1.48837209302326,0.0232558139534884,"S1 O1","de-protonated",0,NA,"C43 H64 O1 S1",43,64,1,NA,NA,1,NA,NA,NA,NA,NA
5317,629.080058,629.078677734622,629.078422709738,2305202.5,NA,173037.4,10.12,-1,0.405394422933624,0.970620114260038,0,0.582372068556023,18,0.785714285714286,0.607142857142857,"O17","de-protonated",0,NA,"C28 H22 O17",28,22,17,NA,NA,NA,NA,NA,NA,NA,NA
5318,629.116328,629.114947633566,629.114808219122,4014257.8,NA,164790.2,19.34,-1,0.221604136389775,0.495564464386269,0.759892473118277,0.601295667879072,17,0.896551724137931,0.551724137931034,"O16","de-protonated",0,NA,"C29 H26 O16",29,26,16,NA,NA,NA,NA,NA,NA,NA,NA
5320,629.15295,629.151569531529,629.151682985877,2087600.9,NA,159510.4,8.95,-1,-0.180329085579629,0.994116920028734,0,0.596470152017241,20,0.939393939393939,0.212121212121212,"N2 S1 P1 O7","de-protonated",0,NA,"C33 H31 O7 S1 N2 P1",33,31,7,2,1,1,NA,NA,NA,NA,NA
5322,629.189136,629.187755430707,629.187579237891,3245232,NA,189985.9,15.19,-1,0.28003225428814,0.492935948565161,0.747514279669976,0.594767281007087,15,1.09677419354839,0.451612903225806,"O14","de-protonated",0,NA,"C31 H34 O14",31,34,14,NA,NA,NA,NA,NA,NA,NA,NA
5323,629.202144,629.200763394464,629.200466397513,3515567.8,NA,167957.6,16.65,-1,0.472022776427853,0.480189267213412,0.766236582456902,0.594608193310808,10,1.39285714285714,0.5,"P1 O14","de-protonated",0,NA,"C28 H39 O14 P1",28,39,14,NA,1,NA,NA,NA,NA,NA,NA
5324,629.225593,629.22421232913,629.223964747275,2641583.3,NA,165194.8,11.93,-1,0.393471750317669,0.972299019174999,0,0.583379411505,14,1.1875,0.40625,"O13","de-protonated",0,NA,"C32 H38 O13",32,38,13,NA,NA,NA,NA,NA,NA,NA,NA
5325,629.238359,629.236978293561,629.236718965116,3241135,NA,180464.6,15.17,-1,0.412131774225798,0.484825274568837,0.69646200847541,0.569479968131466,22,0.95,0.125,"S1 O5","de-protonated",0,NA,"C40 H38 O5 S1",40,38,5,NA,NA,1,NA,NA,NA,NA,NA
5327,631.095114,631.093728120237,631.093559709879,2744451,NA,189962.7,12.49,-1,0.266854819219946,0.493580944296324,0.691216744913927,0.572635264543365,35,0.390243902439024,0.146341463414634,"N2 O6","de-protonated",0,NA,"C41 H16 O6 N2",41,16,6,2,NA,NA,NA,NA,NA,NA,NA
5328,631.13203,631.130644017381,631.1304582836,2910338,NA,191710.7,13.38,-1,0.294287462193802,0.9844084431902,0,0.59064506591412,16,0.96551724137931,0.551724137931034,"O16","de-protonated",0,NA,"C29 H28 O16",29,28,16,NA,NA,NA,NA,NA,NA,NA,NA
5329,631.144923,631.143536981458,631.143345443222,1754241.6,NA,224219.4,7.15,-1,0.303478183825317,0.983427614241604,0,0.590056568544962,11,1.26923076923077,0.615384615384615,"P1 O16","de-protonated",0,NA,"C26 H33 O16 P1",26,33,16,NA,1,NA,NA,NA,NA,NA,NA
5330,631.168593,631.167206915509,631.167333050355,3978369,NA,185675.5,19.14,-1,-0.19984374927217,0.496389791045811,0.73553288925895,0.592047030331067,19,1,0.212121212121212,"N2 S1 P1 O7","de-protonated",0,NA,"C33 H33 O7 S1 N2 P1",33,33,7,2,1,1,NA,NA,NA,NA,NA
5331,631.181896,631.180509878444,631.180600332532,2083968.8,NA,223714.6,8.93,-1,-0.143309360681838,0.996280419227076,0,0.597768251536245,9,1.46428571428571,0.357142857142857,"S2 P1 O10","de-protonated",0,NA,"C28 H41 O10 S2 P1",28,41,10,NA,1,2,NA,NA,NA,NA,NA
5332,631.204617,631.203230815138,631.203229302369,3861632.3,NA,168883.2,18.51,-1,0.00239664334303333,0.499999478888779,0.747514279669976,0.599005399201258,14,1.16129032258065,0.451612903225806,"O14","de-protonated",0,NA,"C31 H36 O14",31,36,14,NA,NA,NA,NA,NA,NA,NA,NA
5334,631.241384,631.239997712697,631.240104069124,2443391.3,NA,177225.8,10.86,-1,-0.168488069458814,0.994862236728595,0,0.596917342037157,17,1.17142857142857,0.142857142857143,"N2 S1 P1 O5","de-protonated",0,NA,"C35 H41 O5 S1 N2 P1",35,41,5,2,1,1,NA,NA,NA,NA,NA
5335,631.254682,631.253295675646,631.253371351301,2249855,NA,188415.1,9.82,-1,-0.119881584962798,0.997395690187697,0,0.598437414112618,7,1.63333333333333,0.266666666666667,"S2 P1 O8","de-protonated",0,NA,"C30 H49 O8 S2 P1",30,49,8,NA,1,2,NA,NA,NA,NA,NA
5337,633.07502,633.073628603788,633.07333732931,2511953.5,NA,179307,11.23,-1,0.46009594903152,0.962317769886306,0,0.577390661931784,17,0.814814814814815,0.666666666666667,"O18","de-protonated",0,NA,"C27 H22 O18",27,22,18,NA,NA,NA,NA,NA,NA,NA,NA
5338,633.111641,633.110249501754,633.110079154283,2962512.5,NA,197038,13.67,-1,0.269064537895665,0.493474896418117,0.686049898068144,0.570504897078128,33,0.523809523809524,0.0238095238095238,"N2 S2 O1","de-protonated",0,NA,"C42 H22 O1 S2 N2",42,22,1,2,NA,2,NA,NA,NA,NA,NA
5339,633.147963,633.146571400553,633.146597605449,4006991.8,NA,168984.6,19.3,-1,-0.0413883547914274,0.499844613720924,0.741475186234394,0.596496842726312,19,0.96875,0.25,"N2 S1 P1 O8","de-protonated",0,NA,"C32 H31 O8 S1 N2 P1",32,31,8,2,1,1,NA,NA,NA,NA,NA
5341,633.184203,633.18281129958,633.182983114833,5030990.5,NA,168699.7,24.82,-1,-0.271351659124288,0.493364237164662,0.73553288925895,0.590231698002377,18,1.06060606060606,0.212121212121212,"N2 S1 P1 O7","de-protonated",0,NA,"C33 H35 O7 S1 N2 P1",33,35,7,2,1,1,NA,NA,NA,NA,NA
5342,633.22034,633.218948198894,633.218879366847,4147277.8,NA,176715.6,20.06,-1,0.108701824558305,0.498929141676399,0.747514279669976,0.59836319687383,13,1.2258064516129,0.451612903225806,"O14","de-protonated",0,NA,"C31 H38 O14",31,38,14,NA,NA,NA,NA,NA,NA,NA,NA
5343,633.256668,633.255276097677,633.255264876231,2463821,NA,204509.4,10.98,-1,0.0177202562435828,0.999943025378135,0,0.599965815226881,12,1.3125,0.40625,"O13","de-protonated",0,NA,"C32 H42 O13",32,42,13,NA,NA,NA,NA,NA,NA,NA,NA
5344,633.270171,633.268779060054,633.269021415779,2111564.5,NA,150755,9.08,-1,-0.38270579476345,0.973774374475929,0,0.584264624685558,6,1.7,0.266666666666667,"S2 P1 O8","de-protonated",0,NA,"C30 H51 O8 S2 P1",30,51,8,NA,1,2,NA,NA,NA,NA,NA
5345,633.305904,633.304511960495,633.304404603456,2112075.8,NA,164963.5,9.08,-1,0.169518856840899,0.994799344390559,0,0.596879606634335,19,1.1219512195122,0.0975609756097561,"S1 O4","de-protonated",0,NA,"C41 H46 O4 S1",41,46,4,NA,NA,1,NA,NA,NA,NA,NA
5346,633.353929,633.352536826686,633.352536566469,25365578,NA,162799.1,134.51,-1,0.000410857039468645,0.499921614788351,0.935728732154036,0.674244461734625,0,2.07142857142857,0.464285714285714,"S1 O13","de-protonated",0,NA,"C28 H58 O13 S1",28,58,13,NA,NA,1,NA,NA,NA,NA,NA
5347,633.45546,633.454067543799,633.453785974923,7109704,NA,148877.7,36.04,-1,0.444497897910632,0.482392337275984,0.686049898068144,0.563855361592848,16,1.38095238095238,0.0238095238095238,"N4 O1","de-protonated",0,NA,"C42 H58 O1 N4",42,58,1,4,NA,NA,NA,NA,NA,NA,NA
5349,635.054075,635.052678089709,635.052601884403,2198558,NA,180223.8,9.54,-1,0.119998415458404,0.997390618290161,0,0.598434370974096,17,0.769230769230769,0.730769230769231,"O19","de-protonated",0,NA,"C26 H20 O19",26,20,19,NA,NA,NA,NA,NA,NA,NA,NA
5350,635.090771,635.089373987466,635.089343709376,3401757.3,NA,178200.2,16.03,-1,0.04767532324808,0.499793831850822,0.691216744913927,0.576362997076064,33,0.48780487804878,0.0487804878048781,"N2 S2 O2","de-protonated",0,NA,"C41 H20 O2 S2 N2",41,20,2,2,NA,2,NA,NA,NA,NA,NA
5351,635.127186,635.125788886006,635.125729218761,4974620,NA,163156.6,24.52,-1,0.0939455650717871,0.499199928684569,0.686049898068144,0.573939916437999,32,0.571428571428571,0.0238095238095238,"N2 S2 O1","de-protonated",0,NA,"C42 H24 O1 S2 N2",42,24,1,2,NA,2,NA,NA,NA,NA,NA
5352,635.163523,635.162125784763,635.162247669927,4797467,NA,176378.7,23.56,-1,-0.191896107963102,0.496670292660661,0.741475186234394,0.594592250090155,18,1.03125,0.25,"N2 S1 P1 O8","de-protonated",0,NA,"C32 H33 O8 S1 N2 P1",32,33,8,2,1,1,NA,NA,NA,NA,NA
5353,635.192261,635.190863704693,635.190771093389,2357274.5,NA,187484.5,10.4,-1,0.145800771129336,0.996150217832451,0,0.597690130699471,12,1.32258064516129,0.258064516129032,"S2 P1 O8","de-protonated",0,NA,"C31 H41 O8 S2 P1",31,41,8,NA,1,2,NA,NA,NA,NA,NA
5354,635.199921,635.19852368335,635.198633179311,6061082,NA,166200.9,30.38,-1,-0.172380661546253,0.497311372490003,0.73553288925895,0.592599979197582,17,1.12121212121212,0.212121212121212,"N2 S1 P1 O7","de-protonated",0,NA,"C33 H37 O7 S1 N2 P1",33,37,7,2,1,1,NA,NA,NA,NA,NA
5355,635.236251,635.234853582127,635.235018688695,3824665.3,NA,169346.5,18.32,-1,-0.259914147010198,0.493908494588963,0.72968508002065,0.588219128761638,16,1.20588235294118,0.176470588235294,"N2 S1 P1 O6","de-protonated",0,NA,"C34 H41 O6 S1 N2 P1",34,41,6,2,1,1,NA,NA,NA,NA,NA
5356,635.285198,635.28380044575,635.28366915855,1762328,NA,183056.2,7.19,-1,0.206659177564248,0.992280635179956,0,0.595368381107974,19,1.1,0.125,"S1 O5","de-protonated",0,NA,"C40 H44 O5 S1",40,44,5,NA,NA,1,NA,NA,NA,NA,NA
5357,635.350918,635.34952026264,635.349559186292,8711190,NA,159033.6,44.67,-1,-0.0612633656638475,0.996578852685426,0.920799872672653,0.966267260680317,0,2.07407407407407,0.592592592592593,"O16","de-protonated",0,NA,"C27 H56 O16",27,56,16,NA,NA,NA,NA,NA,NA,NA,NA
5360,637.070095,637.068692472638,637.06860826447,1824231.9,NA,167531.5,7.53,-1,0.132180689844218,0.996834796530687,0,0.598100877918412,33,0.45,0.075,"N2 S2 O3","de-protonated",0,NA,"C40 H18 O3 S2 N2",40,18,3,2,NA,2,NA,NA,NA,NA,NA
5361,637.10632,637.104917371708,637.104637458266,3411943,NA,174678.9,16.09,-1,0.43935238488172,0.965581147106029,0,0.579348688263617,15,0.962962962962963,0.666666666666667,"O18","de-protonated",0,NA,"C27 H26 O18",27,26,18,NA,NA,NA,NA,NA,NA,NA,NA
5362,637.142417,637.141014271133,637.14102296765,3876838,NA,184079.8,18.6,-1,-0.0136492804179599,0.499983098081449,0.766236582456902,0.60648449183163,14,1.07142857142857,0.607142857142857,"O17","de-protonated",0,NA,"C28 H30 O17",28,30,17,NA,NA,NA,NA,NA,NA,NA,NA
5363,637.170758,637.169355192169,637.169166268557,2501605,NA,195425.9,11.18,-1,0.296504636939299,0.984174499061566,0,0.59050469943694,13,1.20689655172414,0.482758620689655,"P1 O14","de-protonated",0,NA,"C29 H35 O14 P1",29,35,14,NA,1,NA,NA,NA,NA,NA,NA
5364,637.179004,637.177601169194,637.177408477034,4510693,NA,168385.7,22.02,-1,0.302415241356463,0.491771271352731,0.759892473118277,0.59901975205895,13,1.17241379310345,0.551724137931034,"O16","de-protonated",0,NA,"C29 H34 O16",29,34,16,NA,NA,NA,NA,NA,NA,NA,NA
5365,637.207263,637.205860090458,637.205551777941,2348004.3,NA,213632,10.35,-1,0.483850958794603,0.958410333595553,0,0.575046200157332,12,1.3,0.433333333333333,"P1 O13","de-protonated",0,NA,"C30 H39 O13 P1",30,39,13,NA,1,NA,NA,NA,NA,NA,NA
5366,637.215566,637.214163067324,637.214283243789,3811300,NA,179356.3,18.24,-1,-0.188596627394843,0.496783444970293,0.73553288925895,0.592283222685756,16,1.18181818181818,0.212121212121212,"N2 S1 P1 O7","de-protonated",0,NA,"C33 H39 O7 S1 N2 P1",33,39,7,2,1,1,NA,NA,NA,NA,NA
5367,637.251731,637.250327966561,637.250179495803,2437603,NA,150672.9,10.83,-1,0.232986608105957,0.990198812398286,0,0.594119287438972,11,1.35483870967742,0.451612903225806,"O14","de-protonated",0,NA,"C31 H42 O14",31,42,14,NA,NA,NA,NA,NA,NA,NA,NA
5368,637.301051,637.299647829145,637.299452164809,2052577.6,NA,143972.6,8.76,-1,0.307021031793558,0.983041737470706,0,0.589825042482424,5,1.75862068965517,0.448275862068966,"P1 O13","de-protonated",0,NA,"C29 H51 O13 P1",29,51,13,NA,1,NA,NA,NA,NA,NA,NA
5369,638.146373,638.144967473893,638.145003405691,2339786.3,NA,164139.6,10.31,-1,-0.0563066345079786,0.999424893792064,0,0.599654936275238,18,0.966666666666667,0.366666666666667,"N3 S1 O11","de-protonated",0,NA,"C30 H29 O11 S1 N3",30,29,11,3,NA,1,NA,NA,NA,NA,NA
5371,639.085471,639.084062857362,639.083902013359,1992624.3,NA,194381.3,8.43,-1,0.25167900765414,0.988572415313247,0,0.593143449187948,15,0.923076923076923,0.730769230769231,"O19","de-protonated",0,NA,"C26 H24 O19",26,24,19,NA,NA,NA,NA,NA,NA,NA,NA
5372,639.121781,639.120372756194,639.120287522744,2638767.3,NA,175527.9,11.92,-1,0.13336057725132,0.996778128611966,0,0.598066877167179,14,1.03703703703704,0.666666666666667,"O18","de-protonated",0,NA,"C27 H28 O18",27,28,18,NA,NA,NA,NA,NA,NA,NA,NA
5373,639.15826,639.156851654556,639.156673032128,3450798.3,NA,157658.3,16.3,-1,0.279465794925969,0.985928593354688,0,0.591557156012812,13,1.14285714285714,0.607142857142857,"O17","de-protonated",0,NA,"C28 H32 O17",28,32,17,NA,NA,NA,NA,NA,NA,NA,NA
5374,639.186794,639.185385575054,639.18568571296,2832301.3,NA,185525.9,12.96,-1,-0.469562935198135,0.960782230449723,0,0.576469338269834,11,1.36666666666667,0.3,"S2 P1 O9","de-protonated",0,NA,"C30 H41 O9 S2 P1",30,41,9,NA,1,2,NA,NA,NA,NA,NA
5375,639.194711,639.193302552995,639.193058541512,3450797.3,NA,164835.7,16.3,-1,0.381749269067806,0.486951791264736,0.759892473118277,0.596128064006153,12,1.24137931034483,0.551724137931034,"O16","de-protonated",0,NA,"C29 H36 O16",29,36,16,NA,NA,NA,NA,NA,NA,NA,NA
5376,639.223055,639.221646474023,639.221398546911,3480492.3,NA,166477.1,16.87,-1,0.387857965792734,0.973073153973519,0,0.583843892384111,3,2,0.95,"N4 O19","de-protonated",0,NA,"C20 H40 O19 N4",20,40,19,4,NA,NA,NA,NA,NA,NA,NA
5377,639.259669,639.258260372008,639.258456731729,1949099.4,NA,159592.7,8.4,-1,-0.307167967408891,0.983025640233668,0,0.589815384140201,9,1.53125,0.21875,"S2 P1 O7","de-protonated",0,NA,"C32 H49 O7 S2 P1",32,49,7,NA,1,2,NA,NA,NA,NA,NA
5378,641.100861,641.099447242046,641.099552077837,2432887.5,NA,159276,11.08,-1,-0.163524979736025,0.995159738106243,0,0.597095842863746,14,1,0.730769230769231,"O19","de-protonated",0,NA,"C26 H26 O19",26,26,19,NA,NA,NA,NA,NA,NA,NA,NA
5379,641.116269,641.114855199116,641.114808219122,2033015,NA,194873.6,8.87,-1,0.0732785971000759,0.999026139919724,0,0.599415683951835,18,0.866666666666667,0.533333333333333,"O16","de-protonated",0,NA,"C30 H26 O16",30,26,16,NA,NA,NA,NA,NA,NA,NA,NA
5380,641.13762,641.136206139627,641.135937587222,3307382.5,NA,180803.9,15.91,-1,0.418869681092682,0.968665914140781,0,0.581199548484469,13,1.11111111111111,0.666666666666667,"O18","de-protonated",0,NA,"C27 H30 O18",27,30,18,NA,NA,NA,NA,NA,NA,NA,NA
5381,641.165774,641.164360061184,641.164080888129,2100597.5,NA,163139.9,9.24,-1,0.435415931910426,0.966184645893952,0,0.579710787536371,12,1.25,0.535714285714286,"P1 O15","de-protonated",0,NA,"C28 H35 O15 P1",28,35,15,NA,1,NA,NA,NA,NA,NA,NA
5382,641.174184,641.172770037752,641.172679412195,2605941.3,NA,174254.3,12.03,-1,0.141343448186227,0.498190792910567,0.686049898068144,0.573334434973598,29,0.714285714285714,0.0238095238095238,"N2 S2 O1","de-protonated",0,NA,"C42 H30 O1 S2 N2",42,30,1,2,NA,2,NA,NA,NA,NA,NA
5383,641.202682,641.201267958351,641.201335777438,2976628.5,NA,175040.1,14.08,-1,-0.105768787460761,0.997972185740382,0,0.598783311444229,10,1.43333333333333,0.3,"S2 P1 O9","de-protonated",0,NA,"C30 H43 O9 S2 P1",30,43,9,NA,1,2,NA,NA,NA,NA,NA
5384,641.210121,641.208706937624,641.20870860599,2339700.3,NA,182826.2,10.56,-1,-0.00260190868536929,0.999998771606066,0,0.59999926296364,11,1.31034482758621,0.551724137931034,"O16","de-protonated",0,NA,"C29 H38 O16",29,38,16,NA,NA,NA,NA,NA,NA,NA,NA
5385,641.238833,641.237418857626,641.237721286823,1735539.5,NA,186822.5,7.22,-1,-0.471633509200423,0.960442548052374,0,0.576265528831424,9,1.51612903225806,0.258064516129032,"S2 P1 O8","de-protonated",0,NA,"C31 H47 O8 S2 P1",31,47,8,NA,1,2,NA,NA,NA,NA,NA
5386,641.319463,641.318048632973,641.317865134143,1707377.3,NA,150216.6,7.07,-1,0.286127738011273,0.985254754281382,0,0.591152852568829,8,1.5625,0.40625,"O13","de-protonated",0,NA,"C32 H50 O13",32,50,13,NA,NA,NA,NA,NA,NA,NA,NA
5387,642.169942,642.168525263353,642.168712774792,1974105,NA,166038.7,8.54,-1,-0.291997157303327,0.984648317571426,0,0.590788990542855,25,0.789473684210526,0.184210526315789,"N1 P1 O7","de-protonated",0,NA,"C38 H30 O7 N1 P1",38,30,7,1,1,NA,NA,NA,NA,NA,NA
5388,643.09579,643.094370683739,643.094072774216,1732414.5,NA,207526,7.21,-1,0.463244081669573,0.961810344145835,0,0.577086206487501,18,0.827586206896552,0.586206896551724,"O17","de-protonated",0,NA,"C29 H24 O17",29,24,17,NA,NA,NA,NA,NA,NA,NA,NA
5389,643.132013,643.130593582814,643.1304582836,2201917.5,NA,185176.4,9.8,-1,0.210376000716479,0.992001591712095,0,0.595200955027257,17,0.933333333333333,0.533333333333333,"O16","de-protonated",0,NA,"C30 H28 O16",30,28,16,NA,NA,NA,NA,NA,NA,NA,NA
5390,643.145468,643.144048545326,643.144214823148,1863485,NA,192111.5,7.93,-1,-0.258538937944179,0.987944790869385,0,0.592766874521631,11,1.32142857142857,0.392857142857143,"S2 P1 O11","de-protonated",0,NA,"C28 H37 O11 S2 P1",28,37,11,NA,1,2,NA,NA,NA,NA,NA
5391,643.153614,643.152194522629,643.152457031625,1852220.9,NA,172925.6,7.87,-1,-0.408159828160542,0.970223964158512,0,0.582134378495107,11,1.28571428571429,0.464285714285714,"S2 O13","de-protonated",0,NA,"C28 H36 O13 S2",28,36,13,NA,NA,2,NA,NA,NA,NA,NA
5392,643.168506,643.167086481136,643.166843792985,2268988.5,NA,172404.9,10.17,-1,0.377333120167713,0.974496145492821,0,0.584697687295692,16,1.03225806451613,0.483870967741935,"O15","de-protonated",0,NA,"C31 H32 O15",31,32,15,NA,NA,NA,NA,NA,NA,NA,NA
5394,643.204853,643.203433379866,643.203229302369,2791227.3,NA,173618.4,13.06,-1,0.317283072694458,0.981899639622902,0,0.589139783773741,15,1.125,0.4375,"O14","de-protonated",0,NA,"C32 H36 O14",32,36,14,NA,NA,NA,NA,NA,NA,NA,NA
5395,643.218229,643.216809342597,643.216985841916,2681659,NA,158345.9,12.45,-1,-0.274400898690671,0.986430572446142,0,0.591858343467685,9,1.5,0.3,"S2 P1 O9","de-protonated",0,NA,"C30 H45 O9 S2 P1",30,45,9,NA,1,2,NA,NA,NA,NA,NA
5396,644.294304,644.292881344418,644.2928679188,1753372.1,NA,173151.3,7.32,-1,0.020837756341693,0.999921215890437,0,0.599952729534262,12,1.45454545454545,0.181818181818182,"N3 S1 P1 O6","de-protonated",0,NA,"C33 H48 O6 S1 N3 P1",33,48,6,3,1,1,NA,NA,NA,NA,NA
5398,645.111635,645.110210067156,645.110079154283,2819844.5,NA,153218,13.22,-1,0.202931061498828,0.496277803292888,0.680959722489882,0.570150570971686,34,0.511627906976744,0.0232558139534884,"N2 S2 O1","de-protonated",0,NA,"C43 H22 O1 S2 N2",43,22,1,2,NA,2,NA,NA,NA,NA,NA
5399,645.132201,645.130776009854,645.130852206793,2491140,NA,172887.1,11.4,-1,-0.118110827554343,0.997471961303378,0,0.598483176782027,12,1.15384615384615,0.730769230769231,"O19","de-protonated",0,NA,"C26 H30 O19",26,30,19,NA,NA,NA,NA,NA,NA,NA,NA
5400,645.147824,645.146398966325,645.146108348078,3187459.5,NA,179837,15.25,-1,0.450468883564228,0.963849642211766,0,0.578309785327059,16,1,0.533333333333333,"O16","de-protonated",0,NA,"C30 H30 O16",30,30,16,NA,NA,NA,NA,NA,NA,NA,NA
5401,645.184391,645.182965864442,645.182983114833,2969346.5,NA,197911.7,14.04,-1,-0.0267372075880343,0.499935147344784,0.72968508002065,0.591835120415131,19,1.02941176470588,0.205882352941176,"N2 S1 P1 O7","de-protonated",0,NA,"C34 H35 O7 S1 N2 P1",34,35,7,2,1,1,NA,NA,NA,NA,NA
5402,645.197892,645.196466826825,645.19625039701,1916674.1,NA,199175.6,8.22,-1,0.335448036037836,0.979789444195466,0,0.58787366651728,9,1.48275862068966,0.344827586206897,"S2 P1 O10","de-protonated",0,NA,"C29 H43 O10 S2 P1",29,43,10,NA,1,2,NA,NA,NA,NA,NA
5403,645.220577,645.21915176362,645.218879366847,2396417.5,NA,163756.9,10.88,-1,0.422177313107092,0.968177086571383,0,0.58090625194283,14,1.1875,0.4375,"O14","de-protonated",0,NA,"C32 H38 O14",32,38,14,NA,NA,NA,NA,NA,NA,NA,NA
5404,645.233331,645.231905728084,645.231633584687,1885953.1,NA,171860.7,8.05,-1,0.42177627814609,0.968236546278312,0,0.580941927766987,22,0.95,0.15,"S1 O6","de-protonated",0,NA,"C40 H38 O6 S1",40,38,6,NA,NA,1,NA,NA,NA,NA,NA
5405,645.256995,645.255569662151,645.255264876231,2096896.4,NA,174523.6,9.22,-1,0.472349373118865,0.960324789302543,0,0.576194873581525,13,1.27272727272727,0.393939393939394,"O13","de-protonated",0,NA,"C33 H42 O13",33,42,13,NA,NA,NA,NA,NA,NA,NA,NA
5406,645.30696,645.305534522938,645.305406925163,1981183,NA,140878,8.58,-1,0.197732381587884,0.99293080720294,0,0.595758484321764,6,1.71875,0.21875,"S2 P1 O7","de-protonated",0,NA,"C32 H55 O7 S2 P1",32,55,7,NA,1,2,NA,NA,NA,NA,NA
5409,647.090506,647.08907555359,647.088987393788,2893515.8,NA,166526.4,13.62,-1,0.136240616280276,0.996637704424719,0,0.597982622654831,17,0.857142857142857,0.642857142857143,"O18","de-protonated",0,NA,"C28 H24 O18",28,24,18,NA,NA,NA,NA,NA,NA,NA,NA
5410,647.126545,647.125114453178,647.125372903172,2312906.8,NA,195037.3,10.41,-1,-0.399381642720207,0.971472711985725,0,0.582883627191435,16,0.96551724137931,0.586206896551724,"O17","de-protonated",0,NA,"C29 H28 O17",29,28,17,NA,NA,NA,NA,NA,NA,NA,NA
5411,647.163511,647.162080350182,647.161758412556,2983625.5,NA,183618.7,14.12,-1,0.497460830683792,0.956090588562031,0,0.573654353137219,15,1.06666666666667,0.533333333333333,"O16","de-protonated",0,NA,"C30 H32 O16",30,32,16,NA,NA,NA,NA,NA,NA,NA,NA
5412,647.199813,647.198382249037,647.198143921941,3502792.5,NA,174004.9,16.99,-1,0.36824440621617,0.487847541049463,0.747514279669976,0.591714236497668,14,1.16129032258065,0.483870967741935,"O15","de-protonated",0,NA,"C31 H36 O15",31,36,15,NA,NA,NA,NA,NA,NA,NA,NA
5413,647.236517,647.235086146772,647.23539881125,3601095.5,NA,167482.4,17.54,-1,-0.483076913330831,0.479270249467429,0.73553288925895,0.581775305384038,12,1.33333333333333,0.272727272727273,"S2 O9","de-protonated",0,NA,"C33 H44 O9 S2",33,44,9,NA,NA,2,NA,NA,NA,NA,NA
5415,647.272887,647.271456045437,647.27140419808,2048198.5,NA,163664.8,8.95,-1,0.0801014178543838,0.998836459638092,0,0.599301875782855,16,1.25,0.138888888888889,"N2 S1 P1 O5","de-protonated",0,NA,"C36 H45 O5 S1 N2 P1",36,45,5,2,1,1,NA,NA,NA,NA,NA
5419,649.070002,649.068566038283,649.068251948881,1851027.1,NA,189451.3,7.86,-1,0.483908126277685,0.95840071261216,0,0.575040427567296,17,0.814814814814815,0.703703703703704,"O19","de-protonated",0,NA,"C27 H22 O19",27,22,19,NA,NA,NA,NA,NA,NA,NA,NA
5420,649.106366,649.104929936965,649.104637458266,3535506,NA,174945.5,17.17,-1,0.450587905711296,0.481915443135838,0.766236582456902,0.595643898864264,16,0.928571428571429,0.642857142857143,"O18","de-protonated",0,NA,"C28 H26 O18",28,26,18,NA,NA,NA,NA,NA,NA,NA,NA
5421,649.143093,649.141656834635,649.141892347575,4101777,NA,168448.9,20.3,-1,-0.362806564722757,0.488199562228477,0.753652554121787,0.594380758985801,14,1.13333333333333,0.4,"S2 O12","de-protonated",0,NA,"C30 H34 O12 S2",30,34,12,NA,NA,2,NA,NA,NA,NA,NA
5422,649.179255,649.17781873388,649.177897734405,3868304,NA,169366,19.01,-1,-0.121693182625298,0.498658245803903,0.73553288925895,0.593408103185922,18,1.06060606060606,0.242424242424242,"N2 S1 P1 O8","de-protonated",0,NA,"C33 H35 O8 S1 N2 P1",33,35,8,2,1,1,NA,NA,NA,NA,NA
5423,649.215686,649.214249632376,649.214283243789,3337871,NA,183991.1,16.08,-1,-0.0517724492444,0.499756882820444,0.72968508002065,0.591728161700527,17,1.14705882352941,0.205882352941176,"N2 S1 P1 O7","de-protonated",0,NA,"C34 H39 O7 S1 N2 P1",34,39,7,2,1,1,NA,NA,NA,NA,NA
5424,649.251398,649.249961532874,649.250179495803,2438798,NA,172006.5,11.11,-1,-0.335714853334173,0.97975760797945,0,0.58785456478767,12,1.3125,0.4375,"O14","de-protonated",0,NA,"C32 H42 O14",32,42,14,NA,NA,NA,NA,NA,NA,NA,NA
5425,649.300762,649.299325395335,649.299319223028,1801356.5,NA,173355,7.59,-1,0.00950610517941217,0.999983603335965,0,0.599990162001579,19,1.1219512195122,0.121951219512195,"S1 O5","de-protonated",0,NA,"C41 H46 O5 S1",41,46,5,NA,NA,1,NA,NA,NA,NA,NA
5426,649.637957,649.636519455836,649.63650136823,1943683,NA,162030.6,8.37,-1,0.0278426565786035,0.999859348416575,0,0.599915609049945,2,2.05,0.05,"N4 O2","de-protonated",0,NA,"C40 H82 O2 N4",40,82,2,4,NA,NA,NA,NA,NA,NA,NA
5427,650.332721,650.331281520073,650.331086646386,1774703.4,NA,177945.5,7.44,-1,0.299653038516006,0.983839376825138,0,0.590303626095083,5,1.8,0.4,"N1 P1 O12","de-protonated",0,NA,"C30 H54 O12 N1 P1",30,54,12,1,1,NA,NA,NA,NA,NA,NA
5430,651.085463,651.084021422769,651.083902013359,2096730.1,NA,176463.8,9.22,-1,0.183400956058884,0.993915394836894,0,0.596349236902137,16,0.888888888888889,0.703703703703704,"O19","de-protonated",0,NA,"C27 H24 O19",27,24,19,NA,NA,NA,NA,NA,NA,NA,NA
5431,651.121866,651.120424321343,651.120287522744,2617945.3,NA,166794.3,12.1,-1,0.210097276528504,0.992022686923094,0,0.595213612153856,15,1,0.642857142857143,"O18","de-protonated",0,NA,"C28 H28 O18",28,28,18,NA,NA,NA,NA,NA,NA,NA,NA
5432,651.158292,651.156850219852,651.156673032128,4157016.3,NA,175201.8,20.61,-1,0.272112275369375,0.493327233773055,0.759892473118277,0.599953329511144,14,1.10344827586207,0.586206896551724,"O17","de-protonated",0,NA,"C29 H32 O17",29,32,17,NA,NA,NA,NA,NA,NA,NA,NA
5433,651.187317,651.185875138982,651.18568571296,2106967.3,NA,173033.9,9.28,-1,0.290894019595999,0.984763206325138,0,0.590857923795083,12,1.32258064516129,0.290322580645161,"S2 P1 O9","de-protonated",0,NA,"C31 H41 O9 S2 P1",31,41,9,NA,1,2,NA,NA,NA,NA,NA
5434,651.194655,651.193213118537,651.193058541512,3444311.3,NA,169530.7,16.67,-1,0.237375110813082,0.49491400469868,0.753652554121787,0.598409424467923,13,1.2,0.533333333333333,"O16","de-protonated",0,NA,"C30 H36 O16",30,36,16,NA,NA,NA,NA,NA,NA,NA,NA
5435,651.223207,651.221765038985,651.222071222345,1771094.4,NA,178603.8,7.42,-1,-0.470167357030941,0.960683215725739,0,0.576409929435443,11,1.40625,0.25,"S2 P1 O8","de-protonated",0,NA,"C32 H45 O8 S2 P1",32,45,8,NA,1,2,NA,NA,NA,NA,NA
5436,651.230999,651.229557017274,651.229444050897,2698838,NA,175889.8,12.55,-1,0.173466324002869,0.994554984537245,0,0.596732990722347,12,1.29032258064516,0.483870967741935,"O15","de-protonated",0,NA,"C31 H40 O15",31,40,15,NA,NA,NA,NA,NA,NA,NA,NA
5438,653.080189,653.078741865028,653.078422709738,1716770.9,NA,178052.6,7.12,-1,0.488693668458841,0.957591646902746,0,0.574554988141648,20,0.733333333333333,0.566666666666667,"O17","de-protonated",0,NA,"C30 H22 O17",30,22,17,NA,NA,NA,NA,NA,NA,NA,NA
5439,653.101041,653.09959380693,653.099552077837,2860578.3,NA,157185.1,13.44,-1,0.063893923297637,0.999259522105548,0,0.599555713263329,15,0.962962962962963,0.703703703703704,"O19","de-protonated",0,NA,"C27 H26 O19",27,26,19,NA,NA,NA,NA,NA,NA,NA,NA
5440,653.137405,653.135957705612,653.135937587222,2897441.3,NA,161610.3,13.65,-1,0.0308027610812489,0.999827854474311,0,0.599896712684586,14,1.07142857142857,0.642857142857143,"O18","de-protonated",0,NA,"C28 H30 O18",28,30,18,NA,NA,NA,NA,NA,NA,NA,NA
5441,653.174052,653.172604603505,653.172323096606,3211808.3,NA,163472.8,15.38,-1,0.430984120883238,0.966858033256416,0,0.58011481995385,13,1.17241379310345,0.586206896551724,"O17","de-protonated",0,NA,"C29 H34 O17",29,34,17,NA,NA,NA,NA,NA,NA,NA,NA
5443,653.209982,653.208534503397,653.20870860599,2567199.3,NA,137497,11.82,-1,-0.266534403862795,0.987192501635697,0,0.592315500981418,12,1.26666666666667,0.533333333333333,"O16","de-protonated",0,NA,"C30 H38 O16",30,38,16,NA,NA,NA,NA,NA,NA,NA,NA
5444,653.239064,653.237616422368,653.237721286823,2135582.5,NA,170128.2,9.44,-1,-0.160530311523882,0.9953349859536,0,0.59720099157216,10,1.46875,0.25,"S2 P1 O8","de-protonated",0,NA,"C32 H47 O8 S2 P1",32,47,8,NA,1,2,NA,NA,NA,NA,NA
5445,653.246992,653.245544400279,653.245583372745,2341918.3,NA,162018.4,10.58,-1,-0.0596597472977162,0.999354380833121,0,0.599612628499873,15,1.26470588235294,0.205882352941176,"N2 S1 P1 O7","de-protonated",0,NA,"C34 H43 O7 S1 N2 P1",34,43,7,2,1,1,NA,NA,NA,NA,NA
5446,653.303265,653.30181724349,653.302095928522,2623516.8,NA,104067.5,12.13,-1,-0.426579117788665,0.483760489327539,0.686049898068144,0.564676252823781,23,1,0.119047619047619,"N2 O5","de-protonated",0,NA,"C42 H42 O5 N2",42,42,5,2,NA,NA,NA,NA,NA,NA,NA
5447,655.117321,655.115868189135,655.116071522241,2122219.8,NA,190496.7,9.36,-1,-0.310377221809915,0.982672202041484,0,0.58960332122489,13,1.14285714285714,0.5,"S2 O14","de-protonated",0,NA,"C28 H32 O14 S2",28,32,14,NA,NA,2,NA,NA,NA,NA,NA
5448,655.132258,655.130805147517,655.130947540971,1696235.5,NA,210618.3,7.01,-1,-0.217351133069606,0.991464723233771,0,0.594878833940263,22,0.852941176470588,0.235294117647059,"N2 S1 P1 O8","de-protonated",0,NA,"C34 H29 O8 S1 N2 P1",34,29,8,2,1,1,NA,NA,NA,NA,NA
5449,655.153105,655.151652089433,655.1515876517,2352619,NA,184625.3,10.64,-1,0.0983554556615265,0.998246242119851,0,0.59894774527191,13,1.14285714285714,0.642857142857143,"O18","de-protonated",0,NA,"C28 H32 O18",28,32,18,NA,NA,NA,NA,NA,NA,NA,NA
5450,655.168931,655.167478045338,655.16771317291,2378730.5,NA,154620.2,10.78,-1,-0.358881500804485,0.97690110754008,0,0.586140664524048,16,1.09090909090909,0.303030303030303,"S2 O10","de-protonated",0,NA,"C33 H36 O10 S2",33,36,10,NA,NA,2,NA,NA,NA,NA,NA
5451,655.18209,655.180637008674,655.180600332532,2017770.1,NA,203543.2,8.78,-1,0.0559786752115998,0.999431571821501,0,0.599658943092901,11,1.36666666666667,0.333333333333333,"S2 P1 O10","de-protonated",0,NA,"C30 H41 O10 S2 P1",30,41,10,NA,1,2,NA,NA,NA,NA,NA
5452,655.189978,655.188524986696,655.188842541009,2096105.9,NA,152942.7,9.22,-1,-0.484676008517943,0.958271381317214,0,0.574962828790328,11,1.33333333333333,0.4,"S2 O12","de-protonated",0,NA,"C30 H40 O12 S2",30,40,12,NA,NA,2,NA,NA,NA,NA,NA
5453,655.205587,655.204133943206,655.204370008362,1894377.5,NA,170946.4,8.1,-1,-0.360292400809068,0.976721264098499,0,0.586032758459099,29,0.75,0.0909090909090909,"P1 O4","de-protonated",0,NA,"C44 H33 O4 P1",44,33,4,NA,1,NA,NA,NA,NA,NA,NA
5454,655.218553,655.21709990708,655.216985841916,2877929.3,NA,176901.7,13.54,-1,0.17408761728624,0.994516017894032,0,0.596709610736419,10,1.45161290322581,0.290322580645161,"S2 P1 O9","de-protonated",0,NA,"C31 H45 O9 S2 P1",31,45,9,NA,1,2,NA,NA,NA,NA,NA
5455,655.226301,655.224847885493,655.224847927839,1786345,NA,179195.5,7.51,-1,-6.46283080509963e-05,0.999999999242122,0,0.599999999545273,15,1.24242424242424,0.242424242424242,"N2 S1 P1 O8","de-protonated",0,NA,"C33 H41 O8 S1 N2 P1",33,41,8,2,1,1,NA,NA,NA,NA,NA
5456,655.254235,655.252781807662,655.252501971375,2337256.3,NA,163354.2,10.55,-1,0.427066339060585,0.96744796541759,0,0.580468779250554,10,1.45161290322581,0.419354838709677,"P1 O13","de-protonated",0,NA,"C31 H45 O13 P1",31,45,13,NA,1,NA,NA,NA,NA,NA,NA
5457,656.156044,656.154588295026,656.154719936626,1788368.5,NA,196266.8,7.52,-1,-0.200625852029959,0.992723162791177,0,0.595633897674706,16,1.125,0.25,"N1 S2 P1 O8","de-protonated",0,NA,"C32 H36 O8 S2 N1 P1",32,36,8,1,1,2,NA,NA,NA,NA,NA
5458,656.192599,656.191143193176,656.19110544601,1699279.5,NA,162846.5,7.02,-1,0.0575246531185319,0.99939975096544,0,0.599639850579264,15,1.21212121212121,0.212121212121212,"N1 S2 P1 O7","de-protonated",0,NA,"C33 H40 O7 S2 N1 P1",33,40,7,1,1,2,NA,NA,NA,NA,NA
5459,657.074827,657.073368735096,657.07333732931,2495928.8,NA,156358,11.43,-1,0.0477964711108938,0.999585565896711,0,0.599751339538027,19,0.758620689655172,0.620689655172414,"O18","de-protonated",0,NA,"C29 H22 O18",29,22,18,NA,NA,NA,NA,NA,NA,NA,NA
5460,657.132542,657.13108357429,657.130852206793,1744311.1,NA,171596.6,7.27,-1,0.352087404910045,0.977757705520965,0,0.586654623312579,13,1.11111111111111,0.703703703703704,"O19","de-protonated",0,NA,"C27 H30 O19",27,30,19,NA,NA,NA,NA,NA,NA,NA,NA
5461,657.1479,657.146441531499,657.146597605449,2214838.8,NA,172381.6,9.87,-1,-0.237502484304389,0.989817145843625,0,0.593890287506175,21,0.911764705882353,0.235294117647059,"N2 S1 P1 O8","de-protonated",0,NA,"C34 H31 O8 S1 N2 P1",34,31,8,2,1,1,NA,NA,NA,NA,NA
5462,657.161108,657.159649494699,657.159864887626,1879478.5,NA,213060.6,8.02,-1,-0.327763362438586,0.980695937952987,0,0.588417562771792,11,1.3448275862069,0.379310344827586,"S2 P1 O11","de-protonated",0,NA,"C29 H39 O11 S2 P1",29,39,11,NA,1,2,NA,NA,NA,NA,NA
5463,657.168416,657.166957474337,657.167237716178,1787830.3,NA,148645.7,7.51,-1,-0.426439153798036,0.96754193876584,0,0.580525163259504,12,1.21428571428571,0.642857142857143,"O18","de-protonated",0,NA,"C28 H34 O18",28,34,18,NA,NA,NA,NA,NA,NA,NA,NA
5465,657.220921,657.219462328047,657.219748746772,2167221,NA,189613.5,9.61,-1,-0.435803589564306,0.966125438408899,0,0.57967526304534,14,1.23529411764706,0.264705882352941,"S2 O9","de-protonated",0,NA,"C34 H42 O9 S2",34,42,9,NA,NA,2,NA,NA,NA,NA,NA
5466,657.2339,657.232441291884,657.232635906394,2440628.5,NA,177297.5,11.12,-1,-0.296112060528225,0.984216045441373,0,0.590529627264823,9,1.51612903225806,0.290322580645161,"S2 P1 O9","de-protonated",0,NA,"C31 H47 O9 S2 P1",31,47,9,NA,1,2,NA,NA,NA,NA,NA
5467,659.054652,659.053188218873,659.053471264329,1828742.9,NA,145473.5,7.74,-1,-0.429472673330669,0.967086219748284,0,0.580251731848971,18,0.827586206896552,0.482758620689655,"S2 O14","de-protonated",0,NA,"C29 H24 O14 S2",29,24,14,NA,NA,2,NA,NA,NA,NA,NA
5468,659.090826,659.089362118084,659.089343709376,2518406,NA,180966.9,11.55,-1,0.0279305191662847,0.499929229687664,0.680959722489882,0.572341426808551,35,0.465116279069767,0.0465116279069767,"N2 S2 O2","de-protonated",0,NA,"C43 H20 O2 S2 N2",43,20,2,2,NA,2,NA,NA,NA,NA,NA
5469,659.127359,659.125895016295,659.125729218761,2261381.3,NA,187188.7,10.13,-1,0.251541590626489,0.494292409688662,0.675944524151125,0.566953255473647,34,0.545454545454545,0.0227272727272727,"N2 S2 O1","de-protonated",0,NA,"C44 H24 O1 S2 N2",44,24,1,2,NA,2,NA,NA,NA,NA,NA
5470,659.147801,659.146336959339,659.146502271271,6332804.5,NA,159315.7,32.64,-1,-0.250796949684001,0.494325959950884,0.772687513667176,0.605670581437401,12,1.18518518518519,0.703703703703704,"O19","de-protonated",0,NA,"C27 H32 O19",27,32,19,NA,NA,NA,NA,NA,NA,NA,NA
5471,659.163453,659.161988915729,659.161758412556,3375492.3,NA,171139.8,16.29,-1,0.349691361947449,0.489028034669065,0.747514279669976,0.592422532669429,16,1.03225806451613,0.516129032258065,"O16","de-protonated",0,NA,"C31 H32 O16",31,32,16,NA,NA,NA,NA,NA,NA,NA,NA
5472,659.200057,659.198592813743,659.198633179311,2696579.3,NA,157675,12.54,-1,-0.0612343024097813,0.999319864182962,0,0.599591918509777,19,1.05714285714286,0.2,"N2 S1 P1 O7","de-protonated",0,NA,"C35 H37 O7 S1 N2 P1",35,37,7,2,1,1,NA,NA,NA,NA,NA
5473,659.212632,659.211167778706,659.210898139781,2250115,NA,197698.7,10.07,-1,0.40903286879312,0.970098373699084,0,0.582059024219451,23,0.9,0.175,"S1 O7","de-protonated",0,NA,"C40 H36 O7 S1",40,36,7,NA,NA,1,NA,NA,NA,NA,NA
5474,659.235793,659.234328714174,659.234529431325,2997122.5,NA,134791.1,14.2,-1,-0.304470020392373,0.491660011221836,0.73553288925895,0.589209162436682,14,1.21212121212121,0.424242424242424,"O14","de-protonated",0,NA,"C33 H40 O14",33,40,14,NA,NA,NA,NA,NA,NA,NA,NA
5475,659.273479,659.272014609173,659.272055646702,2471297.5,NA,153856.5,11.29,-1,-0.0622467294561785,0.499648597981678,0.671002658564373,0.568190222214756,26,0.911111111111111,0.0666666666666667,"P1 O3","de-protonated",0,NA,"C45 H41 O3 P1",45,41,3,NA,1,NA,NA,NA,NA,NA,NA
5476,660.147676,660.14620917347,660.146130311046,2727276.5,NA,108260,12.71,-1,0.119462070915673,0.498706930904961,0.671002658564373,0.567625221968726,33,0.6,0.0222222222222222,"N1 S2 O1","de-protonated",0,NA,"C45 H27 O1 S2 N1",45,27,1,1,NA,2,NA,NA,NA,NA,NA
5478,661.106505,661.105035501963,661.104993773854,2938198,NA,191759.5,13.87,-1,0.063118731526613,0.49963868716114,0.680959722489882,0.572167101292637,34,0.511627906976744,0.0465116279069767,"N2 S2 O2","de-protonated",0,NA,"C43 H22 O2 S2 N2",43,22,2,2,NA,2,NA,NA,NA,NA,NA
5479,661.14568,661.144210392813,661.144532655306,2725205,NA,153849.9,12.7,-1,-0.487431230019747,0.478902893583022,0.656601319334751,0.549982263883714,38,0.458333333333333,0.0833333333333333,"O4","de-protonated",0,NA,"C48 H22 O4",48,22,4,NA,NA,NA,NA,NA,NA,NA,NA
5480,661.156428,661.154958362867,661.154779507197,1866068.8,NA,175087.5,7.95,-1,0.270520118550828,0.986809151232619,0,0.592085490739572,10,1.39285714285714,0.428571428571429,"S2 P1 O12","de-protonated",0,NA,"C28 H39 O12 S2 P1",28,39,12,NA,1,2,NA,NA,NA,NA,NA
5481,661.179266,661.177796299235,661.177897734405,3682644.3,NA,141912.7,17.99,-1,-0.153415850713665,0.497869226595894,0.72968508002065,0.590595567965796,19,1.02941176470588,0.235294117647059,"N2 S1 P1 O8","de-protonated",0,NA,"C34 H35 O8 S1 N2 P1",34,35,8,2,1,1,NA,NA,NA,NA,NA
5482,661.192315,661.190845262878,661.191165016582,1842003.9,NA,162599.6,7.81,-1,-0.483602505547362,0.958452134872424,0,0.575071280923455,9,1.48275862068966,0.379310344827586,"S2 P1 O11","de-protonated",0,NA,"C29 H43 O11 S2 P1",29,43,11,NA,1,2,NA,NA,NA,NA,NA
5483,661.215594,661.214124198017,661.213793986419,4070739.5,NA,168209.8,20.13,-1,0.4994021626334,0.477877459524322,0.741475186234394,0.583316550208351,14,1.1875,0.46875,"O15","de-protonated",0,NA,"C32 H38 O15",32,38,15,NA,NA,NA,NA,NA,NA,NA,NA
5484,661.251828,661.250358097062,661.250179495803,2266450.5,NA,179941.2,10.16,-1,0.270096348258706,0.986850173135388,0,0.592110103881233,13,1.27272727272727,0.424242424242424,"O14","de-protonated",0,NA,"C33 H42 O14",33,42,14,NA,NA,NA,NA,NA,NA,NA,NA
5485,661.287826,661.286355996763,661.286565005187,1712977.8,NA,189213,7.1,-1,-0.316063314990733,0.982037286459636,0,0.589222371875781,12,1.35294117647059,0.382352941176471,"O13","de-protonated",0,NA,"C34 H46 O13",34,46,13,NA,NA,NA,NA,NA,NA,NA,NA
5487,663.085561,663.084085987882,663.083902013359,2200873.5,NA,158999.3,9.8,-1,0.277452856243188,0.986129163260111,0,0.591677497956067,17,0.857142857142857,0.678571428571429,"O19","de-protonated",0,NA,"C28 H24 O19",28,24,19,NA,NA,NA,NA,NA,NA,NA,NA
5488,663.122291,663.120815885544,663.120643838332,3302696.8,NA,167718.6,15.89,-1,0.259450845425692,0.493930059430092,0.680959722489882,0.568741924654008,33,0.558139534883721,0.0465116279069767,"N2 S2 O2","de-protonated",0,NA,"C43 H24 O2 S2 N2",43,24,2,2,NA,2,NA,NA,NA,NA,NA
5489,663.158184,663.156708785538,663.156673032128,3121448,NA,166177.3,14.89,-1,0.0539139721932261,0.999472719189578,0,0.599683631513746,15,1.06666666666667,0.566666666666667,"O17","de-protonated",0,NA,"C30 H32 O17",30,32,17,NA,NA,NA,NA,NA,NA,NA,NA
5490,663.195083,663.19360768273,663.193927921438,3937575,NA,158019.9,19.4,-1,-0.482873401949028,0.968904969002106,0.955064882551143,0.963368934421721,13,1.25,0.34375,"S2 O11","de-protonated",0,NA,"C32 H40 O11 S2",32,40,11,NA,NA,2,NA,NA,NA,NA,NA
5491,663.23088,663.229404582991,663.229444050897,3151142.3,NA,174766.4,15.05,-1,-0.0595086747238912,0.999492573570702,0.895835155506478,0.958029606345012,13,1.25,0.46875,"O15","de-protonated",0,NA,"C32 H40 O15",32,40,15,NA,NA,NA,NA,NA,NA,NA,NA
5492,663.267534,663.266058480865,663.265829560281,3073829.5,NA,136816.5,14.62,-1,0.345141531949998,0.489308634685578,0.73553288925895,0.587798336514927,12,1.33333333333333,0.424242424242424,"O14","de-protonated",0,NA,"C33 H44 O14",33,44,14,NA,NA,NA,NA,NA,NA,NA,NA
5494,663.35424,663.352764239284,663.352825149157,2005795.6,NA,170326.3,8.72,-1,-0.0918212310320296,0.998471350577423,0,0.599082810346454,10,1.60606060606061,0.242424242424242,"N4 P1 O8","de-protonated",0,NA,"C33 H53 O8 N4 P1",33,53,8,4,1,NA,NA,NA,NA,NA,NA
5495,663.36541,663.363934208162,663.364241956512,2258211.5,NA,184874.2,10.11,-1,-0.463920619712905,0.96170088106448,0,0.577020528638688,13,1.425,0.1,"S1 P1 O4","de-protonated",0,NA,"C40 H57 O4 S1 P1",40,57,4,NA,1,1,NA,NA,NA,NA,NA
5498,664.368556,664.367077413178,664.367353014627,1897230.3,NA,181578.7,8.12,-1,-0.414832919744669,0.96925761838812,0,0.581554571032872,18,1.26829268292683,0.0731707317073171,"N3 P1 O3","de-protonated",0,NA,"C41 H52 O3 N3 P1",41,52,3,3,1,NA,NA,NA,NA,NA,NA
5500,665.137453,665.135972270864,665.135937587222,3007742.8,NA,178569.3,14.26,-1,0.0521451933512891,0.999506740724593,0,0.599704044434756,15,1.03448275862069,0.620689655172414,"O18","de-protonated",0,NA,"C29 H30 O18",29,30,18,NA,NA,NA,NA,NA,NA,NA,NA
5501,665.166444,665.164963190088,665.164950268054,1723646.1,NA,198558.9,7.16,-1,0.0194268120082935,0.999931523424464,0,0.599958914054678,13,1.25806451612903,0.32258064516129,"S2 P1 O10","de-protonated",0,NA,"C31 H39 O10 S2 P1",31,39,10,NA,1,2,NA,NA,NA,NA,NA
5502,665.174173,665.172692168554,665.172679412195,3254526,NA,161516.6,15.62,-1,0.0191775150488316,0.499966634778964,0.675944524151125,0.570357790527828,31,0.681818181818182,0.0227272727272727,"N2 S2 O1","de-protonated",0,NA,"C44 H30 O1 S2 N2",44,30,1,2,NA,2,NA,NA,NA,NA,NA
5503,665.202422,665.200941089846,665.200663102005,2031357.4,NA,184958.5,8.86,-1,0.417900727181409,0.968808431978963,0,0.581285059187378,5,1.80952380952381,0.952380952380952,"N4 O20","de-protonated",0,NA,"C21 H38 O20 N4",21,38,20,4,NA,NA,NA,NA,NA,NA,NA
5504,665.210367,665.208886067709,665.20870860599,3035389.3,NA,189927.2,14.41,-1,0.26677600096709,0.987169422349058,0,0.592301653409435,13,1.2258064516129,0.516129032258065,"O16","de-protonated",0,NA,"C31 H38 O16",31,38,16,NA,NA,NA,NA,NA,NA,NA,NA
5505,665.246752,665.245270966333,665.245094115375,2176252.5,NA,174974.9,9.66,-1,0.265843310733598,0.987258407887858,0,0.592355044732715,12,1.3125,0.46875,"O15","de-protonated",0,NA,"C32 H42 O15",32,42,15,NA,NA,NA,NA,NA,NA,NA,NA
5506,665.332874,665.331392726378,665.331621673691,1800442.8,NA,168415.4,7.58,-1,-0.344110072404961,0.978743517427413,0,0.587246110456447,4,1.84375,0.25,"S2 P1 O8","de-protonated",0,NA,"C32 H59 O8 S2 P1",32,59,8,NA,1,2,NA,NA,NA,NA,NA
5507,667.116905,667.115418755679,667.115202142315,2372824.8,NA,179930.7,10.75,-1,0.324701585457479,0.98105148547614,0,0.588630891285684,15,1,0.678571428571429,"O19","de-protonated",0,NA,"C28 H28 O19",28,28,19,NA,NA,NA,NA,NA,NA,NA,NA
5508,667.132307,667.130820712766,667.130947540971,1993432.6,NA,159300.6,8.65,-1,-0.190109910562351,0.993463577799365,0,0.596078146679619,23,0.828571428571429,0.228571428571429,"N2 S1 P1 O8","de-protonated",0,NA,"C35 H29 O8 S1 N2 P1",35,29,8,2,1,1,NA,NA,NA,NA,NA
5509,667.146395,667.144908673514,667.145062976262,1743576.4,NA,162302.7,7.27,-1,-0.231288152268145,0.99034050156073,0,0.594204300936438,14,1.14285714285714,0.535714285714286,"N2 S1 O15","de-protonated",0,NA,"C28 H32 O15 S1 N2",28,32,15,2,NA,1,NA,NA,NA,NA,NA
5510,667.153329,667.151842654194,667.1515876517,3195096.3,NA,158724.5,15.29,-1,0.382225717584078,0.973839261858182,0,0.584303557114909,14,1.10344827586207,0.620689655172414,"O18","de-protonated",0,NA,"C29 H32 O18",29,32,18,NA,NA,NA,NA,NA,NA,NA,NA
5511,667.182282,667.180795573525,667.180600332532,1860311.6,NA,186864.7,7.92,-1,0.292635895800313,0.98458160207602,0,0.590748961245612,12,1.32258064516129,0.32258064516129,"S2 P1 O10","de-protonated",0,NA,"C31 H41 O10 S2 P1",31,41,10,NA,1,2,NA,NA,NA,NA,NA
5512,667.189614,667.188127553096,667.187973161084,3222743.5,NA,161994.8,15.45,-1,0.231407067085474,0.990330614500352,0,0.594198368700211,13,1.2,0.566666666666667,"O17","de-protonated",0,NA,"C30 H36 O17",30,36,17,NA,NA,NA,NA,NA,NA,NA,NA
5513,667.218326,667.216839473098,667.216985841916,2472151,NA,159761.4,11.3,-1,-0.219372140182446,0.991305952483415,0,0.594783571490049,11,1.40625,0.28125,"S2 P1 O9","de-protonated",0,NA,"C32 H45 O9 S2 P1",32,45,9,NA,1,2,NA,NA,NA,NA,NA
5514,667.226083,667.224596451485,667.224358670468,2444502.8,NA,184802.3,11.14,-1,0.356373405866567,0.977219146212721,0,0.586331487727632,12,1.29032258064516,0.516129032258065,"O16","de-protonated",0,NA,"C31 H40 O16",31,40,16,NA,NA,NA,NA,NA,NA,NA,NA
5515,667.254402,667.252915372583,667.252698675867,2213590.3,NA,168238.9,9.87,-1,0.324759593608498,0.981044779123859,0,0.588626867474315,3,2,0.863636363636364,"N4 O19","de-protonated",0,NA,"C22 H44 O19 N4",22,44,19,4,NA,NA,NA,NA,NA,NA,NA
5516,667.261987,667.260500351449,667.260744179853,1916118.3,NA,177020.5,8.22,-1,-0.365416976298138,0.976062395850982,0,0.585637437510589,11,1.375,0.46875,"O15","de-protonated",0,NA,"C32 H44 O15",32,44,15,NA,NA,NA,NA,NA,NA,NA,NA
5517,669.132642,669.131150139397,669.130852206793,2693302.3,NA,162197.6,12.52,-1,0.445253125653828,0.96466704832133,0,0.578800228992798,14,1.07142857142857,0.678571428571429,"O19","de-protonated",0,NA,"C28 H30 O19",28,30,19,NA,NA,NA,NA,NA,NA,NA,NA
5518,669.148077,669.146585096391,669.146597605449,1801910,NA,183858,7.59,-1,-0.0186940459281052,0.999936591618256,0,0.599961954970954,22,0.885714285714286,0.228571428571429,"N2 S1 P1 O8","de-protonated",0,NA,"C35 H31 O8 S1 N2 P1",35,31,8,2,1,1,NA,NA,NA,NA,NA
5519,669.161598,669.160106058719,669.159864887626,2200757.8,NA,179239.9,9.8,-1,0.360408783982092,0.976706399040923,0,0.586023839424554,12,1.3,0.366666666666667,"S2 P1 O11","de-protonated",0,NA,"C30 H39 O11 S2 P1",30,39,11,NA,1,2,NA,NA,NA,NA,NA
5520,669.169491,669.167999036727,669.168107096103,2158261.8,NA,153277.8,9.56,-1,-0.161483153060728,0.995279573711734,0,0.59716774422704,12,1.26666666666667,0.433333333333333,"S2 O13","de-protonated",0,NA,"C30 H38 O13 S2",30,38,13,NA,NA,2,NA,NA,NA,NA,NA
5521,669.184713,669.183220994316,669.183363237388,1737909.4,NA,219191.9,7.24,-1,-0.212562177086376,0.991835176948483,0,0.59510110616909,16,1.11764705882353,0.294117647058824,"S2 O10","de-protonated",0,NA,"C34 H38 O10 S2",34,38,10,NA,NA,2,NA,NA,NA,NA,NA
5522,669.197626,669.196133958337,669.19625039701,2653365.3,NA,183866.6,12.3,-1,-0.173997796322006,0.994521659858934,0,0.596712995915361,11,1.38709677419355,0.32258064516129,"S2 P1 O10","de-protonated",0,NA,"C31 H43 O10 S2 P1",31,43,10,NA,1,2,NA,NA,NA,NA,NA
5523,669.233844,669.232351857426,669.232635906394,2371764.8,NA,175718.8,10.74,-1,-0.424439803396137,0.967840647111026,0,0.580704388266615,10,1.46875,0.28125,"S2 P1 O9","de-protonated",0,NA,"C32 H47 O9 S2 P1",32,47,9,NA,1,2,NA,NA,NA,NA,NA
5524,669.24162,669.24012783576,669.240008734946,1855668.5,NA,167188,7.89,-1,0.177964276566711,0.994269767941647,0,0.596561860764988,11,1.35483870967742,0.516129032258065,"O16","de-protonated",0,NA,"C31 H42 O16",31,42,16,NA,NA,NA,NA,NA,NA,NA,NA
5525,669.348305,669.346812538513,669.346663339655,2751666.8,NA,187785.5,12.84,-1,0.222902221051575,0.495512582919527,0.707195036525566,0.580185564361943,12,1.42105263157895,0.210526315789474,"S1 O8","de-protonated",0,NA,"C38 H54 O8 S1",38,54,8,NA,NA,1,NA,NA,NA,NA,NA
5526,671.090767,671.089269683634,671.088987393788,1871000.6,NA,178119.3,7.98,-1,0.420644432343936,0.968404074958919,0,0.581042444975351,19,0.8,0.6,"O18","de-protonated",0,NA,"C30 H24 O18",30,24,18,NA,NA,NA,NA,NA,NA,NA,NA
5527,671.126913,671.125415582923,671.125372903172,2042008.1,NA,189670.5,8.92,-1,0.063594304196148,0.999266447957584,0,0.599559868774551,18,0.903225806451613,0.548387096774194,"O17","de-protonated",0,NA,"C31 H28 O17",31,28,17,NA,NA,NA,NA,NA,NA,NA,NA
5528,671.184561,671.183063422303,671.182887780656,2025111.4,NA,175590,8.83,-1,0.261689698610017,0.987651004533711,0,0.592590602720227,12,1.24137931034483,0.620689655172414,"O18","de-protonated",0,NA,"C29 H36 O18",29,36,18,NA,NA,NA,NA,NA,NA,NA,NA
5529,671.200501,671.199003377891,671.199284627934,2161815.3,NA,179687,9.58,-1,-0.419026135780346,0.968642873142948,0,0.581185723885769,29,0.75,0.113636363636364,"P1 O5","de-protonated",0,NA,"C44 H33 O5 P1",44,33,5,NA,1,NA,NA,NA,NA,NA,NA
5530,671.212671,671.211173343983,671.210898139781,1842839,NA,140194.9,7.82,-1,0.410011521615102,0.969957290884313,0,0.581974374530588,24,0.878048780487805,0.170731707317073,"S1 O7","de-protonated",0,NA,"C41 H36 O7 S1",41,36,7,NA,NA,1,NA,NA,NA,NA,NA
5531,671.236383,671.234885277916,671.235018688695,2147478.8,NA,170444.5,9.5,-1,-0.198754200240258,0.99285781790752,0,0.595714690744512,19,1.10810810810811,0.162162162162162,"N2 S1 P1 O6","de-protonated",0,NA,"C37 H41 O6 S1 N2 P1",37,41,6,2,1,1,NA,NA,NA,NA,NA
5532,671.269307,671.267809186182,671.26803289471,83626136,NA,154886.8,459.88,-1,-0.333262595730713,0.735587466180999,0.917866553451087,0.808499101089034,23,1,0.121951219512195,"N2 P1 O5","de-protonated",0,NA,"C41 H41 O5 N2 P1",41,41,5,2,1,NA,NA,NA,NA,NA,NA
5534,673.106064,673.104561068577,673.104637458266,2048638.4,NA,171568.5,8.96,-1,-0.113488578353356,0.997665731732872,0,0.598599439039723,18,0.866666666666667,0.6,"O18","de-protonated",0,NA,"C30 H26 O18",30,26,18,NA,NA,NA,NA,NA,NA,NA,NA
5535,673.143046,673.141542965537,673.141379283239,1913982,NA,166572.9,8.21,-1,0.243161843389677,0.989328706355616,0,0.59359722381337,34,0.577777777777778,0.0222222222222222,"N2 S2 O1","de-protonated",0,NA,"C45 H26 O1 S2 N2",45,26,1,2,NA,2,NA,NA,NA,NA,NA
5536,673.179364,673.177860864348,673.177897734405,2068605.5,NA,195276.5,9.07,-1,-0.0547701541292387,0.999455843820281,0,0.599673506292169,20,1,0.228571428571429,"N2 S1 P1 O8","de-protonated",0,NA,"C35 H35 O8 S1 N2 P1",35,35,8,2,1,1,NA,NA,NA,NA,NA
5537,673.192659,673.191155827305,673.191165016582,1826429.4,NA,146025.6,7.73,-1,-0.0136503231824201,0.999966190997763,0,0.599979714598658,10,1.43333333333333,0.366666666666667,"S2 P1 O11","de-protonated",0,NA,"C30 H43 O11 S2 P1",30,43,11,NA,1,2,NA,NA,NA,NA,NA
5538,673.21558,673.214076763442,673.213793986419,3148925,NA,162821.5,15.04,-1,0.420040447433274,0.484246650309368,0.73553288925895,0.584761145889201,15,1.15151515151515,0.454545454545455,"O15","de-protonated",0,NA,"C33 H38 O15",33,38,15,NA,NA,NA,NA,NA,NA,NA,NA
5540,673.266463,673.264959621671,673.264784188465,25962620,NA,149670.5,141.14,-1,0.260570892404824,0.496818105992311,0.93226393824735,0.670996438894326,9,1.53333333333333,0.433333333333333,"N2 S1 O13","de-protonated",0,NA,"C30 H46 O13 S1 N2",30,46,13,2,NA,1,NA,NA,NA,NA,NA
5541,673.276251,673.274747594399,673.274818551558,4550780.5,NA,170632,22.79,-1,-0.105391077927548,0.498993314159344,0.651937269372697,0.560170896244685,31,0.775510204081633,0.0612244897959184,"O3","de-protonated",0,NA,"C49 H38 O3",49,38,3,NA,NA,NA,NA,NA,NA,NA,NA
5543,675.086514,675.085005550612,675.085042719352,2236008.5,NA,166756.8,9.99,-1,-0.0550578637142834,0.999450113436999,0,0.599670068062199,31,0.525,0.225,"P1 O9","de-protonated",0,NA,"C40 H21 O9 P1",40,21,9,NA,1,NA,NA,NA,NA,NA,NA
5544,675.122088,675.120579451495,675.120287522744,1832040.3,NA,209963.6,7.76,-1,0.43240998217575,0.966642082668443,0,0.579985249601066,17,0.933333333333333,0.6,"O18","de-protonated",0,NA,"C30 H28 O18",30,28,18,NA,NA,NA,NA,NA,NA,NA,NA
5545,675.158049,675.1565403513,675.156673032128,2449512,NA,172955.9,11.17,-1,-0.196518575998309,0.9930170283029,0,0.59581021698174,16,1.03225806451613,0.548387096774194,"O17","de-protonated",0,NA,"C31 H32 O17",31,32,17,NA,NA,NA,NA,NA,NA,NA,NA
5546,675.194681,675.193172249235,675.193058541512,3682407.5,NA,135145.5,17.99,-1,0.168407719043825,0.497433561634797,0.741475186234394,0.595050211474636,15,1.125,0.5,"O16","de-protonated",0,NA,"C32 H36 O16",32,36,16,NA,NA,NA,NA,NA,NA,NA,NA
5547,675.231316,675.229807147162,675.229933308267,2502759.3,NA,158515.1,11.47,-1,-0.186841694394006,0.993685678889571,0,0.596211407333743,18,1.13888888888889,0.194444444444444,"N2 S1 P1 O7","de-protonated",0,NA,"C36 H41 O7 S1 N2 P1",36,41,7,2,1,1,NA,NA,NA,NA,NA
5548,675.267345,675.265836046778,675.265829560281,2495078.8,NA,151447.8,11.43,-1,0.0096058416922004,0.999983257471662,0,0.599989954482997,13,1.29411764705882,0.411764705882353,"O14","de-protonated",0,NA,"C34 H44 O14",34,44,14,NA,NA,NA,NA,NA,NA,NA,NA
5549,677.137832,677.136317835193,677.136293902811,2791510.3,NA,181263.8,13.06,-1,0.0353435238599538,0.499886683197657,0.675944524151125,0.570309819579044,33,0.590909090909091,0.0454545454545455,"N2 S2 O2","de-protonated",0,NA,"C44 H26 O2 S2 N2",44,26,2,2,NA,2,NA,NA,NA,NA,NA
5550,677.174494,677.172979733045,677.173192476531,3009110,NA,136129.6,14.27,-1,-0.314164070358421,0.982250594460963,0,0.589350356676578,14,1.1875,0.375,"S2 O12","de-protonated",0,NA,"C32 H38 O12 S2",32,38,12,NA,NA,2,NA,NA,NA,NA,NA
5551,677.210503,677.208988632716,677.20870860599,3366997.8,NA,145635.9,16.24,-1,0.413501365451722,0.484725809037072,0.741475186234394,0.587425559916001,14,1.1875,0.5,"O16","de-protonated",0,NA,"C32 H38 O16",32,38,16,NA,NA,NA,NA,NA,NA,NA,NA
5552,677.247028,677.245513530949,677.245583372745,2775125.5,NA,154508.4,12.97,-1,-0.103126247606054,0.499036074876391,0.718264051224716,0.586727265415721,17,1.19444444444444,0.194444444444444,"N2 S1 P1 O7","de-protonated",0,NA,"C36 H43 O7 S1 N2 P1",36,43,7,2,1,1,NA,NA,NA,NA,NA
5553,679.117141,679.115621320407,679.115558457904,2541640.8,NA,166777.8,11.68,-1,0.0925652522865254,0.499223248226888,0.680959722489882,0.571917837932085,33,0.558139534883721,0.0697674418604651,"N2 S2 O3","de-protonated",0,NA,"C43 H24 O3 S2 N2",43,24,3,2,NA,2,NA,NA,NA,NA,NA
5554,679.153043,679.151523220376,679.1515876517,2891848.5,NA,167483,13.62,-1,-0.094870312369774,0.99836822636048,0,0.599020935816288,15,1.06666666666667,0.6,"O18","de-protonated",0,NA,"C30 H32 O18",30,32,18,NA,NA,NA,NA,NA,NA,NA,NA
5555,679.189753,679.188233118094,679.187973161084,3369032.3,NA,148727.4,16.26,-1,0.382746780758793,0.486884415611413,0.747514279669976,0.591136361234838,14,1.16129032258065,0.548387096774194,"O17","de-protonated",0,NA,"C31 H36 O17",31,36,17,NA,NA,NA,NA,NA,NA,NA,NA
5556,679.226165,679.224645016643,679.224358670468,2775112,NA,157473.1,12.97,-1,0.421578187774883,0.968265896771053,0,0.580959538062632,13,1.25,0.5,"O16","de-protonated",0,NA,"C32 H40 O16",32,40,16,NA,NA,NA,NA,NA,NA,NA,NA
5557,679.262462,679.260941915511,679.260744179853,1771079.9,NA,194053.2,7.42,-1,0.291104204382891,0.984741348660402,0,0.590844809196241,12,1.33333333333333,0.454545454545455,"O15","de-protonated",0,NA,"C33 H44 O15",33,44,15,NA,NA,NA,NA,NA,NA,NA,NA
5558,681.169639,681.1681136017,681.168378422171,2309694.8,NA,162148.3,10.4,-1,-0.388773875273153,0.972947568606499,0,0.583768541163899,27,0.75609756097561,0.195121951219512,"P1 O8","de-protonated",0,NA,"C41 H31 O8 P1",41,31,8,NA,1,NA,NA,NA,NA,NA,NA
5559,681.205545,681.204019501659,681.203979541151,2351678.8,NA,159854.2,10.63,-1,0.0586615889222875,0.499687898469939,0.671002658564373,0.568213802507712,30,0.755555555555556,0.0222222222222222,"N2 S2 O1","de-protonated",0,NA,"C45 H34 O1 S2 N2",45,34,1,2,NA,2,NA,NA,NA,NA,NA
5560,681.233998,681.232472422382,681.232635906394,2012734.5,NA,160400.8,8.76,-1,-0.239982648159868,0.989604477735002,0,0.593762686641001,11,1.42424242424242,0.272727272727273,"S2 P1 O9","de-protonated",0,NA,"C33 H47 O9 S2 P1",33,47,9,NA,1,2,NA,NA,NA,NA,NA
5561,682.236843,682.235314628238,682.235257707139,2053179.3,NA,133788,9.21,-1,0.0834332406881561,0.998737713878408,0,0.599242628327045,12,1.32258064516129,0.516129032258065,"N1 O16","de-protonated",0,NA,"C31 H41 O16 N1",31,41,16,1,NA,NA,NA,NA,NA,NA,NA
5562,683.126874,683.125343148417,683.125372903172,1733689.3,NA,182545.6,7.4,-1,-0.0435567990071639,0.999655815751788,0,0.599793489451073,19,0.875,0.53125,"O17","de-protonated",0,NA,"C32 H28 O17",32,28,17,NA,NA,NA,NA,NA,NA,NA,NA
5563,683.148427,683.146896088366,683.14685858686,2192953.3,NA,153731.3,10.01,-1,0.0548952328282562,0.999453356281672,0,0.599672013769003,31,0.651162790697674,0.0697674418604651,"N2 S2 O3","de-protonated",0,NA,"C43 H28 O3 S2 N2",43,28,3,2,NA,2,NA,NA,NA,NA,NA
5564,683.184743,683.183211987182,683.182887780656,1752121.1,NA,142653.7,7.51,-1,0.474553054221687,0.959961256394351,0,0.575976753836611,13,1.2,0.6,"O18","de-protonated",0,NA,"C30 H36 O18",30,36,18,NA,NA,NA,NA,NA,NA,NA,NA
5565,683.213822,683.212290906161,683.212235550266,1836089.1,NA,186689.4,7.98,-1,0.0810229856287623,0.998809548568044,0,0.599285729140827,30,0.744186046511628,0.0697674418604651,"N4 S1 O3","de-protonated",0,NA,"C43 H32 O3 S1 N4",43,32,3,4,NA,1,NA,NA,NA,NA,NA
5566,683.221092,683.219560885905,683.21927329004,2067001.1,NA,141496,9.29,-1,0.420942260812687,0.968360033101224,0,0.581016019860734,12,1.29032258064516,0.548387096774194,"O17","de-protonated",0,NA,"C31 H40 O17",31,40,17,NA,NA,NA,NA,NA,NA,NA,NA
5567,684.610476,684.608941014779,684.608889638646,1724215.6,NA,123257.1,7.35,-1,0.0750445018936542,0.998978661480221,0,0.599387196888132,10,1.64583333333333,0.0208333333333333,"N1 O1","de-protonated",0,NA,"C48 H79 O1 N1",48,79,1,1,NA,NA,NA,NA,NA,NA,NA
5568,685.179433,685.177896429541,685.177897734405,1783351.6,NA,169574.3,7.68,-1,-0.00190441634218824,0.99999934192183,0,0.599999605153098,21,0.972222222222222,0.222222222222222,"N2 S1 P1 O8","de-protonated",0,NA,"C36 H35 O8 S1 N2 P1",36,35,8,2,1,1,NA,NA,NA,NA,NA
5569,685.192708,685.191171392554,685.191165016582,2476087.5,NA,165076.5,11.61,-1,0.00930539146753847,0.999984288425365,0,0.599990573055219,11,1.38709677419355,0.354838709677419,"S2 P1 O11","de-protonated",0,NA,"C31 H43 O11 S2 P1",31,43,11,NA,1,2,NA,NA,NA,NA,NA
5570,685.216349,685.214812326685,685.214934692412,2321463.5,NA,172100.4,10.73,-1,-0.178580063922941,0.497115079477732,0.671002658564373,0.566670111112389,29,0.777777777777778,0.111111111111111,"P1 O5","de-protonated",0,NA,"C45 H35 O5 P1",45,35,5,NA,1,NA,NA,NA,NA,NA,NA
5571,687.122731,687.121189015089,687.121428228737,2051641.9,NA,128139,9.2,-1,-0.348138826296055,0.978248357081958,0,0.586949014249175,31,0.595238095238095,0.19047619047619,"P1 O8","de-protonated",0,NA,"C42 H25 O8 P1",42,25,8,NA,1,NA,NA,NA,NA,NA,NA
5572,687.158408,687.156865915685,687.156673032128,1886265.9,NA,195009.6,8.27,-1,0.280698077770244,0.985805113078852,0,0.591483067847311,17,1,0.53125,"O17","de-protonated",0,NA,"C32 H32 O17",32,32,17,NA,NA,NA,NA,NA,NA,NA,NA
5573,687.195,687.193457813732,687.193547798883,2011706,NA,152222.9,8.98,-1,-0.1309458608399,0.9968935672917,0,0.59813614037502,20,1.02777777777778,0.222222222222222,"N2 S1 P1 O8","de-protonated",0,NA,"C36 H37 O8 S1 N2 P1",36,37,8,2,1,1,NA,NA,NA,NA,NA
5574,687.267969,687.266426610424,687.266698940206,1779258.1,NA,161327,7.66,-1,-0.396250512769932,0.971911946050353,0,0.583147167630212,13,1.33333333333333,0.25,"S2 O9","de-protonated",0,NA,"C36 H48 O9 S2",36,48,9,NA,NA,2,NA,NA,NA,NA,NA
5575,689.137483,689.135935401551,689.135937587222,2402368,NA,158011.7,11.19,-1,-0.0031716100945176,0.999998174789263,0,0.599998904873558,17,0.967741935483871,0.580645161290323,"O18","de-protonated",0,NA,"C31 H30 O18",31,30,18,NA,NA,NA,NA,NA,NA,NA,NA
5576,689.173917,689.172369300038,689.172323096606,1946688.3,NA,198578.2,8.61,-1,0.0670419145870115,0.999184789876379,0,0.599510873925827,16,1.0625,0.53125,"O17","de-protonated",0,NA,"C32 H34 O17",32,34,17,NA,NA,NA,NA,NA,NA,NA,NA
5577,689.186819,689.18527126409,689.185077314446,1671232.3,NA,160643.4,7.05,-1,0.281418809318782,0.985732647945235,0,0.591439588767141,24,0.85,0.225,"S1 O9","de-protonated",0,NA,"C40 H34 O9 S1",40,34,9,NA,NA,1,NA,NA,NA,NA,NA
5578,689.210829,689.209281197193,689.209577985916,2697280.5,NA,154412.2,12.86,-1,-0.430621877709611,0.966912790018569,0,0.580147674011141,14,1.23529411764706,0.323529411764706,"S2 O11","de-protonated",0,NA,"C34 H42 O11 S2",34,42,11,NA,NA,2,NA,NA,NA,NA,NA
5579,689.24621,689.244662098614,689.244581051038,1754176.5,NA,165346.9,7.52,-1,0.117588993061885,0.997494222648619,0,0.598496533589172,32,0.723404255319149,0.0851063829787234,"N2 O4","de-protonated",0,NA,"C47 H34 O4 N2",47,34,4,2,NA,NA,NA,NA,NA,NA,NA
5580,689.282846,689.281297996538,689.281479624759,1736256.8,NA,190995.4,7.42,-1,-0.263503700736262,0.987480287501566,0,0.592488172500939,13,1.31428571428571,0.4,"O14","de-protonated",0,NA,"C35 H46 O14",35,46,14,NA,NA,NA,NA,NA,NA,NA,NA
5581,689.332135,689.330586859208,689.330619351984,1867328.9,NA,159012,8.16,-1,-0.04713670696098,0.999596926018976,0,0.599758155611386,20,1.13636363636364,0.113636363636364,"S1 O5","de-protonated",0,NA,"C44 H50 O5 S1",44,50,5,NA,NA,1,NA,NA,NA,NA,NA
5582,690.509726,690.508174578183,690.50792881288,2743366.8,NA,164438.9,13.13,-1,0.355919596439887,0.488638232086197,0.712686567164179,0.57825756611739,2,2,0.216216216216216,"N1 P1 O8","de-protonated",0,NA,"C37 H74 O8 N1 P1",37,74,8,1,1,NA,NA,NA,NA,NA,NA
5583,691.189894,691.188340683087,691.188329476673,2018378.6,NA,165579.7,9.02,-1,0.0162132571355476,0.999952303774505,0,0.599971382264703,32,0.695652173913043,0.0217391304347826,"N2 S2 O1","de-protonated",0,NA,"C46 H32 O1 S2 N2",46,32,1,2,NA,2,NA,NA,NA,NA,NA
5584,691.225795,691.224241583059,691.224358670468,1780298.8,NA,191248.7,7.67,-1,-0.16939132418107,0.994807146230828,0,0.596884287738497,14,1.21212121212121,0.484848484848485,"O16","de-protonated",0,NA,"C33 H40 O16",33,40,16,NA,NA,NA,NA,NA,NA,NA,NA
5585,691.262537,691.260983480688,691.260744179853,1983051,NA,156381.8,8.82,-1,0.346180275706775,0.978489764407102,0,0.587093858644261,13,1.29411764705882,0.441176470588235,"O15","de-protonated",0,NA,"C34 H44 O15",34,44,15,NA,NA,NA,NA,NA,NA,NA,NA
5586,692.507131,692.505574012978,692.505820812628,2295891.5,NA,144654.9,10.59,-1,-0.356386391782182,0.977217505013874,0,0.586330503008324,1,2.05405405405405,0.162162162162162,"N1 S1 P1 O6","de-protonated",0,NA,"C37 H76 O6 S1 N1 P1",37,76,6,1,1,1,NA,NA,NA,NA,NA
5587,693.13256,693.131001270396,693.130852206793,2114648.3,NA,184444.6,9.56,-1,0.215058386720853,0.991643093070538,0,0.594985855842323,16,1,0.633333333333333,"O19","de-protonated",0,NA,"C30 H30 O19",30,30,19,NA,NA,NA,NA,NA,NA,NA,NA
5588,693.16939,693.16783116778,693.168107096103,2432600.5,NA,159189.1,11.36,-1,-0.398068405867535,0.971657329223091,0,0.582994397533854,14,1.1875,0.40625,"S2 O13","de-protonated",0,NA,"C32 H38 O13 S2",32,38,13,NA,NA,2,NA,NA,NA,NA,NA
5589,693.205353,693.203794067579,693.203623225562,3058776.8,NA,160495.1,14.91,-1,0.246452862214859,0.494519747356438,0.741475186234394,0.593301922907621,14,1.1875,0.53125,"O17","de-protonated",0,NA,"C32 H38 O17",32,38,17,NA,NA,NA,NA,NA,NA,NA,NA
5590,693.24181,693.240250966002,693.240008734946,2045017.1,NA,149792.4,9.17,-1,0.3494187475569,0.978089892908535,0,0.586853935745121,13,1.27272727272727,0.484848484848485,"O16","de-protonated",0,NA,"C33 H42 O16",33,42,16,NA,NA,NA,NA,NA,NA,NA,NA
5591,695.148853,695.147288652565,695.147371651197,2188906.3,NA,150363.9,9.98,-1,-0.119397174809603,0.997416667182414,0,0.598450000309448,14,1.16129032258065,0.451612903225806,"S2 O14","de-protonated",0,NA,"C31 H36 O14 S2",31,36,14,NA,NA,2,NA,NA,NA,NA,NA
5592,695.221308,695.219743450689,695.219629605629,2372715,NA,187262.8,11.02,-1,0.163754093843841,0.497573099129885,0.666132528984823,0.56499687107186,30,0.782608695652174,0.0217391304347826,"N2 S2 O1","de-protonated",0,NA,"C46 H36 O1 S2 N2",46,36,1,2,NA,2,NA,NA,NA,NA,NA
5593,695.257239,695.255674350578,695.255658799424,1703019.4,NA,151010.9,7.23,-1,0.0223675321442325,0.999909224164246,0,0.599945534498547,12,1.33333333333333,0.484848484848485,"O16","de-protonated",0,NA,"C33 H44 O16",33,44,16,NA,NA,NA,NA,NA,NA,NA,NA
5594,699.19494,699.193364379285,699.193058541512,1778330.4,NA,149899.9,7.65,-1,0.437415344131667,0.965878747044754,0,0.579527248226853,17,1.05882352941176,0.470588235294118,"O16","de-protonated",0,NA,"C34 H36 O16",34,36,16,NA,NA,NA,NA,NA,NA,NA,NA
5595,701.101305,701.099724067736,701.099552077837,1972406.4,NA,190389.1,8.75,-1,0.24531451869083,0.989139961515093,0,0.593483976909056,19,0.838709677419355,0.612903225806452,"O19","de-protonated",0,NA,"C31 H26 O19",31,26,19,NA,NA,NA,NA,NA,NA,NA,NA
5596,701.246753,701.245171662487,701.245094115375,1983672.8,NA,141276,8.82,-1,0.110584890616045,0.997783520768939,0,0.598670112461363,15,1.2,0.428571428571429,"O15","de-protonated",0,NA,"C35 H42 O15",35,42,15,NA,NA,NA,NA,NA,NA,NA,NA
5597,703.226479,703.224892146539,703.225228050394,1760985.8,NA,155485.1,7.56,-1,-0.477661838204763,0.959445770936807,0,0.575667462562084,14,1.25714285714286,0.314285714285714,"S2 O11","de-protonated",0,NA,"C35 H44 O11 S2",35,44,11,NA,NA,2,NA,NA,NA,NA,NA
5598,703.262173,703.260586047087,703.260744179853,2237658.3,NA,145331.4,10.26,-1,-0.224856522362335,0.99086782566293,0,0.594520695397758,14,1.25714285714286,0.428571428571429,"O15","de-protonated",0,NA,"C35 H44 O15",35,44,15,NA,NA,NA,NA,NA,NA,NA,NA
5599,705.133434,705.131841833346,705.131992912786,1763581,NA,174582.7,7.57,-1,-0.214256963812053,0.991705003090789,0,0.595023001854473,30,0.642857142857143,0.214285714285714,"P1 O9","de-protonated",0,NA,"C42 H27 O9 P1",42,27,9,NA,1,NA,NA,NA,NA,NA,NA
5600,705.20549,705.203897632583,705.203623225562,2802430.3,NA,138442.7,13.46,-1,0.389117429189466,0.972900389842821,0,0.583740233905693,15,1.15151515151515,0.515151515151515,"O17","de-protonated",0,NA,"C33 H38 O17",33,38,17,NA,NA,NA,NA,NA,NA,NA,NA
5601,705.242201,705.240608530298,705.240878114872,1782015.1,NA,126573.4,7.67,-1,-0.382258859503569,0.97383478486435,0,0.58430087091861,13,1.31428571428571,0.314285714285714,"S2 O11","de-protonated",0,NA,"C35 H46 O11 S2",35,46,11,NA,NA,2,NA,NA,NA,NA,NA
5602,707.185701,707.184103115284,707.184028486649,1934118.6,NA,143635,8.54,-1,0.105529299042615,0.997981349091731,0,0.598788809455039,28,0.767441860465116,0.186046511627907,"P1 O8","de-protonated",0,NA,"C43 H33 O8 P1",43,33,8,NA,1,NA,NA,NA,NA,NA,NA
5603,707.220932,707.219334017122,707.21927329004,1755431.4,NA,185239.2,7.52,-1,0.0858674029503656,0.998663035105175,0,0.599197821063105,14,1.21212121212121,0.515151515151515,"O17","de-protonated",0,NA,"C33 H40 O17",33,40,17,NA,NA,NA,NA,NA,NA,NA,NA
5604,707.257497,707.255898915244,707.255658799424,2115368.3,NA,168045.3,9.56,-1,0.339503568361616,0.979302925831009,0,0.587581755498605,13,1.29411764705882,0.470588235294118,"O16","de-protonated",0,NA,"C34 H44 O16",34,44,16,NA,NA,NA,NA,NA,NA,NA,NA
5605,709.128043,709.126439703496,709.126636206291,1766225.8,NA,131763.8,7.58,-1,-0.277105364505328,0.986163644816026,0,0.591698186889616,15,1.09677419354839,0.483870967741935,"S2 O15","de-protonated",0,NA,"C31 H34 O15 S2",31,34,15,NA,NA,2,NA,NA,NA,NA,NA
5606,709.23677,709.235166400558,709.234923354518,1891668.3,NA,164484,8.3,-1,0.342687637611187,0.978917026594356,0,0.587350215956614,13,1.27272727272727,0.515151515151515,"O17","de-protonated",0,NA,"C33 H42 O17",33,42,17,NA,NA,NA,NA,NA,NA,NA,NA
5607,715.190215,715.188594812964,715.188842541009,1969646.4,NA,132827.5,8.74,-1,-0.346381306825141,0.978465045667913,0,0.587079027400748,16,1.14285714285714,0.342857142857143,"S2 O12","de-protonated",0,NA,"C35 H40 O12 S2",35,40,12,NA,NA,2,NA,NA,NA,NA,NA
5608,715.21918,715.217559732261,715.217833995031,8448495,NA,144775.6,45.47,-1,-0.383467465949222,0.486835634266985,0.72968508002065,0.583975412568451,16,1.17647058823529,0.382352941176471,"N2 S1 O13","de-protonated",0,NA,"C34 H40 O13 S1 N2",34,40,13,2,NA,1,NA,NA,NA,NA,NA
5609,716.222272,716.220648937428,716.220748348654,3512844.3,NA,145947.9,17.49,-1,-0.138799701969567,0.498255214493502,0.671002658564373,0.56735419212185,29,0.8,0.133333333333333,"N1 P1 O6","de-protonated",0,NA,"C45 H36 O6 N1 P1",45,36,6,1,1,NA,NA,NA,NA,NA,NA
5610,717.205264,717.203638198598,717.203623225562,2743337.8,NA,119869.3,13.12,-1,0.0208769665603171,0.999920919128516,0,0.599952551477109,16,1.11764705882353,0.5,"O17","de-protonated",0,NA,"C34 H38 O17",34,38,17,NA,NA,NA,NA,NA,NA,NA,NA
5611,717.217055,717.215429165746,717.21572599478,9134634,NA,142596.5,49.36,-1,-0.413862975089828,0.966632624213579,0.968316690460906,0.96730625071251,15,1.23529411764706,0.323529411764706,"N2 S2 O11","de-protonated",0,NA,"C34 H42 O11 S2 N2",34,42,11,2,NA,2,NA,NA,NA,NA,NA
5612,717.241558,717.239932097475,717.240008734946,1913898.9,NA,164748.3,8.42,-1,-0.10685052465715,0.997930538361322,0,0.598758323016793,15,1.2,0.457142857142857,"O16","de-protonated",0,NA,"C35 H42 O16",35,42,16,NA,NA,NA,NA,NA,NA,NA,NA
5613,717.278689,717.27706299402,717.277263624256,1978924,NA,132732.7,8.79,-1,-0.279710854222027,0.985904079359305,0,0.591542447615583,13,1.35135135135135,0.27027027027027,"S2 O10","de-protonated",0,NA,"C37 H50 O10 S2",37,50,10,NA,NA,2,NA,NA,NA,NA,NA
5614,718.220386,718.218757370247,718.218640348403,3952201,NA,143978.5,19.98,-1,0.162933454207738,0.497597304200527,0.671002658564373,0.566959445946065,28,0.844444444444444,0.0888888888888889,"N1 S1 P1 O4","de-protonated",0,NA,"C45 H38 O4 S1 N1 P1",45,38,4,1,1,1,NA,NA,NA,NA,NA
5615,719.14802,719.146388785656,719.146502271271,1800806.5,NA,151589.7,7.78,-1,-0.157805974864092,0.995491626499991,0,0.597294975899995,17,1,0.59375,"O19","de-protonated",0,NA,"C32 H32 O19",32,32,19,NA,NA,NA,NA,NA,NA,NA,NA
5616,719.221439,719.219807581095,719.220142669965,2231912.8,NA,144607.5,10.22,-1,-0.465905847627771,0.961378823584388,0,0.576827294150633,14,1.25714285714286,0.342857142857143,"S2 O12","de-protonated",0,NA,"C35 H44 O12 S2",35,44,12,NA,NA,2,NA,NA,NA,NA,NA
5617,719.35483,719.353198209439,719.353068873948,2115693,NA,151754.2,9.56,-1,0.179794173773039,0.497075834111458,0.638334387137562,0.5535792553219,29,0.923076923076923,0.0576923076923077,"O3","de-protonated",0,NA,"C52 H48 O3",52,48,3,NA,NA,NA,NA,NA,NA,NA,NA
5618,721.164649,721.163012166889,721.163293041742,1996969,NA,148772.1,8.89,-1,-0.389474695017692,0.97285128631094,0,0.583710771786564,29,0.720930232558139,0.209302325581395,"P1 O9","de-protonated",0,NA,"C43 H31 O9 P1",43,31,9,NA,1,NA,NA,NA,NA,NA,NA
5619,721.200818,721.199181066114,721.199407225059,2384042.3,NA,139834.3,11.09,-1,-0.313587258732084,0.982315131946686,0,0.589389079168011,14,1.23529411764706,0.382352941176471,"S2 O13","de-protonated",0,NA,"C34 H42 O13 S2",34,42,13,NA,NA,2,NA,NA,NA,NA,NA
5620,721.237856,721.236218962918,721.236064060511,2265771.5,NA,159552.7,10.41,-1,0.214773518400351,0.495832562609462,0.671002658564373,0.565900600991427,27,0.866666666666667,0.155555555555556,"P1 O7","de-protonated",0,NA,"C45 H39 O7 P1",45,39,7,NA,1,NA,NA,NA,NA,NA,NA
5621,723.216382,723.214739450314,723.215057289537,2029808.4,NA,143093.8,9.08,-1,-0.439480926743255,0.965561355125723,0,0.579336813075434,13,1.29411764705882,0.382352941176471,"S2 O13","de-protonated",0,NA,"C34 H44 O13 S2",34,44,13,NA,NA,2,NA,NA,NA,NA,NA
5622,723.244553,723.242910371823,723.243200590444,1877745.4,NA,170522,8.21,-1,-0.401273901714535,0.971205687532277,0,0.582723412519366,12,1.4,0.285714285714286,"S2 P1 O10","de-protonated",0,NA,"C35 H49 O10 S2 P1",35,49,10,NA,1,2,NA,NA,NA,NA,NA
5623,725.224083,725.222434856421,725.222465145538,1729849.8,NA,163370.2,7.38,-1,-0.041765276380145,0.999683542188306,0,0.599810125312984,12,1.38235294117647,0.323529411764706,"S2 P1 O11","de-protonated",0,NA,"C34 H47 O11 S2 P1",34,47,11,NA,1,2,NA,NA,NA,NA,NA
5624,728.561858,728.560200556653,728.559964386742,1786299.5,NA,164572.8,7.69,-1,0.324159880166334,0.981114056683914,0,0.588668434010348,3,1.95121951219512,0.170731707317073,"N1 P1 O7","de-protonated",0,NA,"C41 H80 O7 N1 P1",41,80,7,1,1,NA,NA,NA,NA,NA,NA
5625,729.242347,729.240687660662,729.240878114872,1982423.1,NA,178536,8.81,-1,-0.261167764044608,0.98769991113249,0,0.592619946679494,15,1.24324324324324,0.297297297297297,"S2 O11","de-protonated",0,NA,"C37 H46 O11 S2",37,46,11,NA,NA,2,NA,NA,NA,NA,NA
5626,731.220553,731.218888148949,731.218760225703,2051113.8,NA,135558.1,9.33,-1,0.174945246073191,0.497231001129487,0.656601319334751,0.560979128411593,34,0.666666666666667,0.125,"N2 O6","de-protonated",0,NA,"C48 H32 O6 N2",48,32,6,2,NA,NA,NA,NA,NA,NA,NA
5627,733.167474,733.165803724403,733.165662023405,3094654.3,NA,170407.4,15.34,-1,0.19327282378479,0.496622507101508,0.642805166454437,0.55509557084268,39,0.509803921568627,0.117647058823529,"O6","de-protonated",0,NA,"C51 H26 O6",51,26,6,NA,NA,NA,NA,NA,NA,NA,NA
5628,733.23736,733.235689529685,733.235792734443,2295425.3,NA,148280.5,10.74,-1,-0.140752482274848,0.996411725966375,0,0.597847035579825,14,1.27777777777778,0.333333333333333,"S2 O12","de-protonated",0,NA,"C36 H46 O12 S2",36,46,12,NA,NA,2,NA,NA,NA,NA,NA
5629,733.370596,733.368925158461,733.368718938426,5139591,NA,151679,27.1,-1,0.281195569939023,0.492877556294927,0.633925367778972,0.549296680888545,29,0.943396226415094,0.0566037735849057,"O3","de-protonated",0,NA,"C53 H50 O3",53,50,3,NA,NA,NA,NA,NA,NA,NA,NA
5631,735.163703,735.162027162474,735.162033194606,2366680.3,NA,160601.7,11.15,-1,-0.00820517280654184,0.499993892033535,0.686049898068144,0.574416294447379,30,0.666666666666667,0.261904761904762,"N2 O11","de-protonated",0,NA,"C42 H28 O11 N2",42,28,11,2,NA,NA,NA,NA,NA,NA,NA
5632,735.367956,735.366279593381,735.366610938175,1763553.6,NA,145586.7,7.68,-1,-0.45058449609592,0.963831423635051,0,0.578298854181031,28,0.981132075471698,0.0188679245283019,"S1 O1","de-protonated",0,NA,"C53 H52 O1 S1",53,52,1,NA,NA,1,NA,NA,NA,NA,NA
5633,745.201143,745.199439195979,745.199678551127,1862862.5,NA,170366.4,8.25,-1,-0.321195988238002,0.981454629767139,0,0.588872777860284,30,0.760869565217391,0.173913043478261,"P1 O8","de-protonated",0,NA,"C46 H35 O8 P1",46,35,8,NA,1,NA,NA,NA,NA,NA,NA
5634,747.143643,747.141933783751,747.142286270769,2093369.3,NA,135310.3,9.57,-1,-0.471780307103544,0.960418413355578,0,0.576251048013347,17,1.05882352941176,0.441176470588235,"S2 O15","de-protonated",0,NA,"C34 H36 O15 S2",34,36,15,NA,NA,2,NA,NA,NA,NA,NA
5635,749.231372,749.229656966883,749.22983797409,1805231.3,NA,170152.1,7.91,-1,-0.241591027485608,0.989465406861304,0,0.593679244116782,15,1.2,0.514285714285714,"O18","de-protonated",0,NA,"C35 H42 O18",35,42,18,NA,NA,NA,NA,NA,NA,NA,NA
5636,757.401488,757.39975020316,757.39958209408,2233758,NA,154277.3,10.38,-1,0.221955601354332,0.49555044651718,0.671002658564373,0.565731331336057,16,1.4,0.0444444444444444,"N2 S2 P1 O2","de-protonated",0,NA,"C45 H63 O2 S2 N2 P1",45,63,2,2,1,2,NA,NA,NA,NA,NA
5637,759.216829,759.215086145225,759.215328615605,1681427,NA,132887.9,7.2,-1,-0.319369710944137,0.981662983146831,0,0.588997789888099,30,0.787234042553192,0.170212765957447,"P1 O8","de-protonated",0,NA,"C47 H37 O8 P1",47,37,8,NA,1,NA,NA,NA,NA,NA,NA
5639,768.438141,768.43637245264,768.436206621909,1878155.4,NA,120068.2,8.33,-1,0.215802860319265,0.99158537878603,0,0.594951227271618,8,1.675,0.275,"N1 S1 O11","de-protonated",0,NA,"C40 H67 O11 S1 N1",40,67,11,1,NA,1,NA,NA,NA,NA,NA
5640,769.274245,769.272474123072,769.272449569895,1847495.9,NA,157083.6,8.15,-1,0.0319174008386051,0.999815171590734,0,0.59988910295444,30,0.86,0.12,"P1 O6","de-protonated",0,NA,"C50 H43 O6 P1",50,43,6,NA,1,NA,NA,NA,NA,NA,NA
5641,770.43575,770.433975886866,770.434098621657,1840412.8,NA,160332.5,8.11,-1,-0.159306021441673,0.995405707321996,0,0.597243424393198,7,1.725,0.225,"N1 S2 O9","de-protonated",0,NA,"C40 H69 O9 S2 N1",40,69,9,1,NA,2,NA,NA,NA,NA,NA
5642,771.502879,771.501101913613,771.501249232693,2648427.5,NA,155277.1,12.76,-1,-0.190951189124477,0.496702895570216,0.69646200847541,0.576606540732294,6,1.8,0.3,"N2 O12","de-protonated",0,NA,"C40 H72 O12 N2",40,72,12,2,NA,NA,NA,NA,NA,NA,NA
5643,772.435518,772.433738315077,772.433623164925,1720753.1,NA,154917.8,7.42,-1,0.149074494837755,0.995975747737739,0,0.597585448642643,3,1.91428571428571,0.485714285714286,"N1 O17","de-protonated",0,NA,"C35 H67 O17 N1",35,67,17,1,NA,NA,NA,NA,NA,NA,NA
5644,773.500238,773.498455348535,773.498293079327,4000257.3,NA,134973.2,20.53,-1,0.209786122754924,0.496023102027554,0.686049898068144,0.57203382044379,4,1.88095238095238,0.142857142857143,"S2 P1 O6","de-protonated",0,NA,"C42 H79 O6 S2 P1",42,79,6,NA,1,2,NA,NA,NA,NA,NA
5645,775.139974,775.138186779873,775.138341596333,1854078.4,NA,130904.2,8.18,-1,-0.199727521550989,0.992787947987838,0,0.595672768792703,31,0.717391304347826,0.130434782608696,"S2 P1 O6","de-protonated",0,NA,"C46 H33 O6 S2 P1",46,33,6,NA,1,2,NA,NA,NA,NA,NA
5646,775.498217,775.49642878173,775.496163852265,1776793.9,NA,147276.6,7.74,-1,0.341625758333769,0.979046106467351,0,0.58742766388041,5,1.84615384615385,0.333333333333333,"N2 O13","de-protonated",0,NA,"C39 H72 O13 N2",39,72,13,2,NA,NA,NA,NA,NA,NA,NA
5647,789.26381,789.261983427789,789.262278809039,1889025.1,NA,149816.9,8.24,-1,-0.374249799431872,0.974905991651974,0,0.584943594991184,29,0.877551020408163,0.163265306122449,"P1 O8","de-protonated",0,NA,"C49 H43 O8 P1",49,43,8,NA,1,NA,NA,NA,NA,NA,NA
5648,791.27869,791.276857813894,791.276788167524,1734577,NA,174995.8,7.36,-1,0.0880177097359929,0.998595283295855,0,0.599157169977513,15,1.26315789473684,0.473684210526316,"O18","de-protonated",0,NA,"C38 H48 O18",38,48,18,NA,NA,NA,NA,NA,NA,NA,NA
5649,801.428242,801.426381535031,801.426448291231,2390863.5,NA,150261.4,11.07,-1,-0.0832967263390802,0.499370919316629,0.625287559723934,0.549737575479551,25,1.14545454545455,0.0181818181818182,"S1 P1 O1","de-protonated",0,NA,"C55 H63 O1 S1 P1",55,63,1,NA,1,1,NA,NA,NA,NA,NA
5650,807.186078,807.184201492446,807.184545006967,2334077.3,NA,159907.9,10.75,-1,-0.425571232623945,0.96767176962661,0,0.580603061775966,12,1.33333333333333,0.575757575757576,"S2 O19","de-protonated",0,NA,"C33 H44 O19 S2",33,44,19,NA,NA,2,NA,NA,NA,NA,NA
5651,808.185109,808.183229708928,808.183303666816,1732576.6,NA,153570.5,7.34,-1,-0.0915112801699713,0.998481645521956,0,0.599088987313174,34,0.7,0.12,"N1 S2 O6","de-protonated",0,NA,"C50 H35 O6 S2 N1",50,35,6,1,NA,2,NA,NA,NA,NA,NA
5652,809.47715,809.47526710902,809.475153625309,3149410.3,NA,128419.7,15.36,-1,0.140194186300288,0.498220042362669,0.718264051224716,0.586237645907488,0,2.05555555555556,0.527777777777778,"O19","de-protonated",0,NA,"C36 H74 O19",36,74,19,NA,NA,NA,NA,NA,NA,NA,NA
5653,811.474823,811.472934543068,811.473184009344,2154797.5,NA,124089.4,9.73,-1,-0.307423931036901,0.491498790443203,0.616881983240216,0.541652067562008,26,1.12280701754386,0.0701754385964912,"O4","de-protonated",0,NA,"C57 H64 O4",57,64,4,NA,NA,NA,NA,NA,NA,NA,NA
5654,818.490496,818.488587995874,818.488242195771,1928722.4,NA,122677.2,8.45,-1,0.422486341342991,0.968131232245455,0,0.580878739347273,10,1.62222222222222,0.222222222222222,"N1 S1 O10","de-protonated",0,NA,"C45 H73 O10 S1 N1",45,73,10,1,NA,1,NA,NA,NA,NA,NA
5655,834.48407,834.482117434292,834.48250536672,1676635.9,NA,132178.2,7.01,-1,-0.464877843920373,0.961545751714116,0,0.57692745102847,1,2.08108108108108,0.351351351351351,"N3 S2 O13","de-protonated",0,NA,"C37 H77 O13 S2 N3",37,77,13,3,NA,2,NA,NA,NA,NA,NA
5656,845.455096,845.453112866624,845.453511192873,2947837.5,NA,118502.5,14.2,-1,-0.471139151059828,0.480261886763064,0.625287559723934,0.538272155947412,26,1.12727272727273,0.109090909090909,"N2 O6","de-protonated",0,NA,"C55 H62 O6 N2",55,62,6,2,NA,NA,NA,NA,NA,NA,NA
5657,848.34668,848.344688810041,848.344889692025,2505874,NA,112268.1,11.69,-1,-0.236792826207019,0.494938799574806,0.633925367778972,0.550533426856473,27,1.0377358490566,0.0943396226415094,"N1 S2 O5","de-protonated",0,NA,"C53 H55 O5 S2 N1",53,55,5,1,NA,2,NA,NA,NA,NA,NA
5658,850.345382,850.343385241221,850.34376278667,2654639.8,NA,126597.6,12.06,-1,-0.443991553512476,0.482431716779855,0.69646200847541,0.568043833458077,14,1.425,0.375,"N3 S1 O15","de-protonated",0,NA,"C40 H57 O15 S1 N3",40,57,15,3,NA,1,NA,NA,NA,NA,NA
5659,852.343409,852.341406674283,852.341654786418,1943762.5,NA,140567.6,8.19,-1,-0.291094696611538,0.984742337728812,0,0.590845402637287,13,1.475,0.325,"N3 S2 O13","de-protonated",0,NA,"C40 H59 O13 S2 N3",40,59,13,3,NA,2,NA,NA,NA,NA,NA
5660,886.430824,886.428726699318,886.42893170769,1905077.5,NA,117184.7,7.95,-1,-0.231274459497086,0.990341639713322,0,0.594204983827993,6,1.76923076923077,0.538461538461538,"N1 O21","de-protonated",0,NA,"C39 H69 O21 N1",39,69,21,1,NA,NA,NA,NA,NA,NA,NA
5661,889.481245,889.47913920018,889.478877788286,2603037.3,NA,129419.5,11.74,-1,0.293893312767662,0.492224926823272,0.608699397071489,0.538814714922559,25,1.20338983050847,0.0508474576271186,"S1 P1 O3","de-protonated",0,NA,"C59 H71 O3 S1 P1",59,71,3,NA,1,1,NA,NA,NA,NA,NA
