"Index","Mass","Calibrated_Mass","Calculated_Mass","Peak_Height","Peak_Area","Resolving_Power","S_N","Ion_Charge","Error_ppm","Error_Score","Isotopologue_Similarity","Confidence_Score","DBE","HtoC_ratio","OtoC_ratio","Heteroatom_Class","Ion_Type","Is_Isotopologue","Mono_Isotopic_Index","Molecular_Formula","C","H","O","N","P","S","13C","17O","18O","33S","34S"
192,209.045837,209.045624005056,209.04554688801,2283331.5,NA,450732.4,16.75,-1,0.368900691626059,0.97560943855814,0,0.585365663134884,6,1,0.5,"O5","de-protonated",0,NA,"C10 H10 O5",10,10,5,NA,NA,NA,NA,NA,NA,NA,NA
193,209.082219,209.082005908099,209.081932397394,1789008,NA,583689.9,12.59,-1,0.351588031442615,0.977820049824242,0,0.586692029894545,5,1.27272727272727,0.363636363636364,"O4","de-protonated",0,NA,"C11 H14 O4",11,14,4,NA,NA,NA,NA,NA,NA,NA,NA
200,211.061495,211.061276633357,211.061196952488,3868925.5,NA,435464.1,29.9,-1,0.377524959430836,0.974470540122948,0,0.584682324073769,5,1.2,0.5,"O5","de-protonated",0,NA,"C10 H12 O5",10,12,5,NA,NA,NA,NA,NA,NA,NA,NA
201,211.09785,211.097631536472,211.097582461872,3312394.3,NA,485121.5,25.25,-1,0.232473528994251,0.990241721800708,0,0.594145033080425,4,1.45454545454545,0.363636363636364,"O4","de-protonated",0,NA,"C11 H16 O4",11,16,4,NA,NA,NA,NA,NA,NA,NA,NA
206,212.020337,212.020116078057,212.020060415296,2040398.8,NA,396368.4,14.61,-1,0.26253535236491,0.987571562523819,0,0.592542937514292,6,0.875,0.75,"N1 O6","de-protonated",0,NA,"C8 H7 O6 N1",8,7,6,1,NA,NA,NA,NA,NA,NA,NA
211,213.015615,213.015391425656,213.015309387489,1658288.1,NA,472449.9,11.41,-1,0.385128032353161,0.973445808286186,0,0.584067484971711,6,0.857142857142857,0.857142857142857,"N2 O6","de-protonated",0,NA,"C7 H6 O6 N2",7,6,6,2,NA,NA,NA,NA,NA,NA,NA
212,213.04077,213.040546358618,213.040461507581,1670073.1,NA,551073.4,11.51,-1,0.398286018802723,0.971626776407744,0,0.582976065844646,5,1.11111111111111,0.666666666666667,"O6","de-protonated",0,NA,"C9 H10 O6",9,10,6,NA,NA,NA,NA,NA,NA,NA,NA
213,213.077126,213.07690226173,213.076847016966,4085702,NA,448172,31.71,-1,0.259271551675259,0.987876789531825,0,0.592726073719095,4,1.4,0.5,"O5","de-protonated",0,NA,"C10 H14 O5",10,14,5,NA,NA,NA,NA,NA,NA,NA,NA
217,215.056438,215.056208986893,215.056111572059,2649231.5,NA,505378.2,19.58,-1,0.452974030387962,0.963453904127223,0,0.578072342476334,4,1.33333333333333,0.666666666666667,"O6","de-protonated",0,NA,"C9 H12 O6",9,12,6,NA,NA,NA,NA,NA,NA,NA,NA
218,215.092762,215.09253289009,215.092497081443,2826140.8,NA,463394.5,21.05,-1,0.166480220778172,0.994983653295957,0,0.596990191977574,3,1.6,0.5,"O5","de-protonated",0,NA,"C10 H16 O5",10,16,5,NA,NA,NA,NA,NA,NA,NA,NA
219,215.12921,215.128980792957,215.128882590828,1588394.1,NA,517294,10.76,-1,0.456480447974277,0.962896585280468,0,0.577737951168281,2,1.81818181818182,0.363636363636364,"O4","de-protonated",0,NA,"C11 H20 O4",11,20,4,NA,NA,NA,NA,NA,NA,NA,NA
222,217.072094,217.071859615199,217.071761636537,1331059.8,NA,611122.2,8.61,-1,0.451365305133054,0.963708267979534,0,0.57822496078772,3,1.55555555555556,0.666666666666667,"O6","de-protonated",0,NA,"C9 H14 O6",9,14,6,NA,NA,NA,NA,NA,NA,NA,NA
223,217.10847,217.108235518258,217.108147145922,1755265.3,NA,464816.6,12.14,-1,0.407042929059235,0.970384267022701,0,0.58223056021362,2,1.8,0.5,"O5","de-protonated",0,NA,"C10 H18 O5",10,18,5,NA,NA,NA,NA,NA,NA,NA,NA
224,219.030165,219.029925396969,219.029896823532,1529167.3,NA,538848,10.25,-1,0.130454506792857,0.996916800458696,0,0.598150080275218,8,0.727272727272727,0.454545454545455,"O5","de-protonated",0,NA,"C11 H8 O5",11,8,5,NA,NA,NA,NA,NA,NA,NA,NA
226,219.066606,219.066366299854,219.066282332916,1501789,NA,498819.1,10.03,-1,0.383294668748401,0.97369467677412,0,0.584216806064472,7,1,0.333333333333333,"O4","de-protonated",0,NA,"C12 H12 O4",12,12,4,NA,NA,NA,NA,NA,NA,NA,NA
228,221.045818,221.045573025283,221.04554688801,3309389,NA,482419.5,24.89,-1,0.118243836448915,0.997466271488364,0,0.598479762893018,7,0.909090909090909,0.454545454545455,"O5","de-protonated",0,NA,"C11 H10 O5",11,10,5,NA,NA,NA,NA,NA,NA,NA,NA
229,221.082229,221.081983928248,221.081932397394,12817755,NA,453235.7,103.45,-1,0.233084874291142,0.991543283251276,0.989773133807772,0.990835223473874,6,1.16666666666667,0.333333333333333,"O4","de-protonated",0,NA,"C12 H14 O4",12,14,4,NA,NA,NA,NA,NA,NA,NA,NA
232,222.041002,222.040754373132,222.040795860203,1150539.5,NA,519119.3,7.05,-1,-0.186844359526115,0.993685499321775,0,0.596211299593065,7,0.9,0.5,"N1 O5","de-protonated",0,NA,"C10 H9 O5 N1",10,9,5,1,NA,NA,NA,NA,NA,NA,NA
235,223.025014,223.024763750755,223.024811443103,1499720.6,NA,446319.6,9.94,-1,-0.213843241191291,0.991736874261308,0,0.595042124556785,7,0.8,0.6,"O6","de-protonated",0,NA,"C10 H8 O6",10,8,6,NA,NA,NA,NA,NA,NA,NA,NA
236,223.061491,223.061240653544,223.061196952488,1973590.8,NA,407156.2,13.85,-1,0.195915099126359,0.993059700671859,0,0.595835820403115,6,1.09090909090909,0.454545454545455,"O5","de-protonated",0,NA,"C11 H12 O5",11,12,5,NA,NA,NA,NA,NA,NA,NA,NA
237,223.097833,223.097582556693,223.097582461872,1285476.9,NA,568371.5,8.17,-1,0.000425021778295122,0.999999967222473,0,0.599999980333484,5,1.33333333333333,0.333333333333333,"O4","de-protonated",0,NA,"C12 H16 O4",12,16,4,NA,NA,NA,NA,NA,NA,NA,NA
240,225.004363,225.004107475819,225.004075998197,1156815.8,NA,553046.4,7.05,-1,0.139898006892833,0.996455083789088,0,0.597873050273452,7,0.666666666666667,0.777777777777778,"O7","de-protonated",0,NA,"C9 H6 O7",9,6,7,NA,NA,NA,NA,NA,NA,NA,NA
241,225.040768,225.0405123788,225.040461507581,2036318.1,NA,502792.8,14.27,-1,0.226053654051033,0.990770779079538,0,0.594462467447723,6,1,0.6,"O6","de-protonated",0,NA,"C10 H10 O6",10,10,6,NA,NA,NA,NA,NA,NA,NA,NA
242,225.077151,225.07689528184,225.076847016966,3066732.5,NA,459584.6,22.73,-1,0.21443731250252,0.991691090949984,0,0.59501465456999,5,1.27272727272727,0.454545454545455,"O5","de-protonated",0,NA,"C11 H14 O5",11,14,5,NA,NA,NA,NA,NA,NA,NA,NA
243,225.113395,225.11313918525,225.11323252635,1474810.8,NA,411761,9.66,-1,-0.414640662489167,0.969285665273014,0,0.581571399163808,4,1.5,0.333333333333333,"O4","de-protonated",0,NA,"C12 H18 O4",12,18,4,NA,NA,NA,NA,NA,NA,NA,NA
244,226.07241,226.072151629489,226.072095989158,1325558.5,NA,619016.2,8.43,-1,0.246117639155724,0.989069127756012,0,0.593441476653607,5,1.3,0.5,"N1 O5","de-protonated",0,NA,"C10 H13 O5 N1",10,13,5,1,NA,NA,NA,NA,NA,NA,NA
245,227.056401,227.056140007167,227.056111572059,4255871,NA,411982.5,32.49,-1,0.12523383780152,0.997158292281209,0,0.598294975368726,5,1.2,0.6,"O6","de-protonated",0,NA,"C10 H12 O6",10,12,6,NA,NA,NA,NA,NA,NA,NA,NA
246,227.092821,227.092559910109,227.092497081443,5090957.5,NA,434383.4,39.34,-1,0.276665526164896,0.986207229672502,0,0.591724337803501,4,1.45454545454545,0.454545454545455,"O5","de-protonated",0,NA,"C11 H16 O5",11,16,5,NA,NA,NA,NA,NA,NA,NA,NA
247,227.129171,227.128909813237,227.128882590828,2091419.9,NA,496077.6,14.72,-1,0.11985445604793,0.997396867217132,0,0.598438120330279,3,1.66666666666667,0.333333333333333,"O4","de-protonated",0,NA,"C12 H20 O4",12,20,4,NA,NA,NA,NA,NA,NA,NA,NA
249,228.160798,228.160534063966,228.160517072405,2180922.3,NA,499357.1,15.45,-1,0.0744719586159553,0.998994178586698,0,0.599396507152019,2,1.91666666666667,0.25,"N1 O3","de-protonated",0,NA,"C12 H23 O3 N1",12,23,3,1,NA,NA,NA,NA,NA,NA,NA
252,229.072099,229.071832635362,229.071761636537,5900714.5,NA,445518.3,45.68,-1,0.309941409456547,0.982720406533741,0,0.589632243920245,4,1.4,0.6,"O6","de-protonated",0,NA,"C10 H14 O6",10,14,6,NA,NA,NA,NA,NA,NA,NA,NA
253,229.108494,229.10822753837,229.108147145922,3362233,NA,496220.3,24.98,-1,0.350893013806971,0.977906678652177,0,0.586744007191306,3,1.63636363636364,0.454545454545455,"O5","de-protonated",0,NA,"C11 H18 O5",11,18,5,NA,NA,NA,NA,NA,NA,NA,NA
254,229.144847,229.14458044149,229.144532655306,3014087.8,NA,513048.2,22.14,-1,0.208541670822713,0.992139917323786,0,0.595283950394272,2,1.83333333333333,0.333333333333333,"O4","de-protonated",0,NA,"C12 H22 O4",12,22,4,NA,NA,NA,NA,NA,NA,NA,NA
258,231.051404,231.051132360543,231.051026191631,1238481.4,NA,568535.9,7.65,-1,0.459504179307816,0.962412796562882,0,0.577447677937729,4,1.33333333333333,0.777777777777778,"O7","de-protonated",0,NA,"C9 H12 O7",9,12,7,NA,NA,NA,NA,NA,NA,NA,NA
259,231.087725,231.087453263748,231.087411701015,3856608.3,NA,443675.9,29,-1,0.179857191874005,0.994147579830197,0,0.596488547898118,3,1.6,0.6,"O6","de-protonated",0,NA,"C10 H16 O6",10,16,6,NA,NA,NA,NA,NA,NA,NA,NA
260,231.124061,231.123789166913,231.1237972104,1577455.1,NA,473253.6,10.42,-1,-0.034801635936742,0.999780261868439,0,0.599868157121064,2,1.81818181818182,0.454545454545455,"O5","de-protonated",0,NA,"C11 H20 O5",11,20,5,NA,NA,NA,NA,NA,NA,NA,NA
261,232.094173,232.093898581579,232.093894062501,4567166.5,NA,438512.6,34.79,-1,0.0194709065229616,0.999931212229388,0,0.599958727337633,3,1.875,0.625,"N3 O5","de-protonated",0,NA,"C8 H15 O5 N3",8,15,5,3,NA,NA,NA,NA,NA,NA,NA
265,233.045867,233.045590045328,233.04554688801,1476616.1,NA,555998.9,9.59,-1,0.185188344158346,0.993796588700141,0,0.596277953220085,8,0.833333333333333,0.416666666666667,"O5","de-protonated",0,NA,"C12 H10 O5",12,10,5,NA,NA,NA,NA,NA,NA,NA,NA
266,233.154977,233.154699754552,233.154703416162,3565621.5,NA,456790.4,26.62,-1,-0.0157046393099392,0.999955249278333,0,0.599973149567,5,1.46666666666667,0.133333333333333,"O2","de-protonated",0,NA,"C15 H22 O2",15,22,2,NA,NA,NA,NA,NA,NA,NA,NA
269,235.025134,235.024851770611,235.024811443103,1852225.9,NA,537834.9,12.56,-1,0.171588299428324,0.994671933744258,0,0.596803160246555,8,0.727272727272727,0.545454545454545,"O6","de-protonated",0,NA,"C11 H8 O6",11,8,6,NA,NA,NA,NA,NA,NA,NA,NA
270,235.043632,235.043349721314,235.043438887758,1248457.6,NA,318739.8,7.67,-1,-0.379361553181863,0.974224779872397,0,0.584534867923438,7,1,0.25,"S1 O3","de-protonated",0,NA,"C12 H12 O3 S1",12,12,3,NA,NA,1,NA,NA,NA,NA,NA
271,235.061504,235.061221673685,235.061196952488,3328849,NA,473606.2,24.52,-1,0.105169199500779,0.997995088348889,0,0.598797053009334,7,1,0.416666666666667,"O5","de-protonated",0,NA,"C12 H12 O5",12,12,5,NA,NA,NA,NA,NA,NA,NA,NA
273,235.097894,235.097611576707,235.097582461872,1470816.4,NA,587085.3,9.47,-1,0.123841489553958,0.997221041768272,0,0.598332625060963,6,1.23076923076923,0.307692307692308,"O4","de-protonated",0,NA,"C13 H16 O4",13,16,4,NA,NA,NA,NA,NA,NA,NA,NA
274,236.056764,236.056479021332,236.056445924681,1443315.6,NA,544606.4,9.24,-1,0.140206514913649,0.996439459699155,0,0.597863675819493,7,1,0.454545454545455,"N1 O5","de-protonated",0,NA,"C11 H11 O5 N1",11,11,5,1,NA,NA,NA,NA,NA,NA,NA
276,237.040795,237.040507398904,237.040461507581,3047059.5,NA,474450.6,22.23,-1,0.193601220743571,0.993222117448052,0,0.595933270468831,7,0.909090909090909,0.545454545454545,"O6","de-protonated",0,NA,"C11 H10 O6",11,10,6,NA,NA,NA,NA,NA,NA,NA,NA
278,237.077162,237.076874301986,237.076847016966,4029603,NA,452782.8,30.18,-1,0.115089352878953,0.997599496521173,0,0.598559697912704,6,1.16666666666667,0.416666666666667,"O5","de-protonated",0,NA,"C12 H14 O5",12,14,5,NA,NA,NA,NA,NA,NA,NA,NA
280,237.113618,237.113330204832,237.11323252635,1927858.4,NA,515664.6,13.16,-1,0.411948674700269,0.969677097140234,0,0.581806258284141,5,1.38461538461538,0.307692307692308,"O4","de-protonated",0,NA,"C13 H18 O4",13,18,4,NA,NA,NA,NA,NA,NA,NA,NA
281,238.036099,238.035808746433,238.035710479774,1431866.3,NA,437193.1,9.14,-1,0.412823180888636,0.969550200750107,0,0.581730120450064,7,0.9,0.6,"N1 O6","de-protonated",0,NA,"C10 H9 O6 N1",10,9,6,1,NA,NA,NA,NA,NA,NA,NA
282,238.07244,238.072149649585,238.072095989158,2520137.8,NA,463034.9,17.96,-1,0.225395699716931,0.990824179356424,0,0.594494507613854,6,1.18181818181818,0.454545454545455,"N1 O5","de-protonated",0,NA,"C11 H13 O5 N1",11,13,5,1,NA,NA,NA,NA,NA,NA,NA
284,238.963272,238.962979275531,238.963080565117,2435525.8,NA,481804.8,17.27,-1,-0.423871275502147,0.96792534714901,0,0.580755208289406,12,0.307692307692308,0.0769230769230769,"S2 O1","de-protonated",0,NA,"C13 H4 O1 S2",13,4,1,NA,NA,2,NA,NA,NA,NA,NA
285,239.02002,239.019727124298,239.019726062675,2219998.3,NA,499235.3,15.52,-1,0.00444157247503957,0.999996420465462,0,0.599997852279277,7,0.8,0.7,"O7","de-protonated",0,NA,"C10 H8 O7",10,8,7,NA,NA,NA,NA,NA,NA,NA,NA
286,239.056421,239.05612802729,239.056111572059,4572653.5,NA,433351.9,34.58,-1,0.0688341782309184,0.999140639440788,0,0.599484383664473,6,1.09090909090909,0.545454545454545,"O6","de-protonated",0,NA,"C11 H12 O6",11,12,6,NA,NA,NA,NA,NA,NA,NA,NA
289,239.092814,239.092520930303,239.092497081443,6065661.5,NA,439120.1,46.67,-1,0.0997474207766104,0.998196296227116,0,0.59891777773627,5,1.33333333333333,0.416666666666667,"O5","de-protonated",0,NA,"C12 H16 O5",12,16,5,NA,NA,NA,NA,NA,NA,NA,NA
290,239.129208,239.128914833314,239.128882590828,15825421,NA,441237.5,125.71,-1,0.134833089916904,0.996118217185633,0.983922932623201,0.99124010336066,4,1.53846153846154,0.307692307692308,"O4","de-protonated",0,NA,"C13 H20 O4",13,20,4,NA,NA,NA,NA,NA,NA,NA,NA
292,240.051626,240.051330375083,240.051360544252,1994008.4,NA,351704,13.59,-1,-0.125677974312306,0.99713812946804,0,0.598282877680824,6,1.1,0.6,"N1 O6","de-protonated",0,NA,"C10 H11 O6 N1",10,11,6,1,NA,NA,NA,NA,NA,NA,NA
293,240.088029,240.08773327807,240.087746053636,1223592,NA,557672.6,7.39,-1,-0.0532120721308199,0.999486355537865,0,0.599691813322719,5,1.36363636363636,0.454545454545455,"N1 O5","de-protonated",0,NA,"C11 H15 O5 N1",11,15,5,1,NA,NA,NA,NA,NA,NA,NA
295,241.017887,241.017588800012,241.017618062424,1248440.5,NA,462794.8,7.59,-1,-0.121411918504908,0.997328865260714,0,0.598397319156428,6,1,0.5,"S1 O5","de-protonated",0,NA,"C10 H10 O5 S1",10,10,5,NA,NA,1,NA,NA,NA,NA,NA
296,241.035772,241.035473752349,241.035376127153,2097216.3,NA,440835.9,14.42,-1,0.405024347475326,0.970672936244034,0,0.58240376174642,6,1,0.7,"O7","de-protonated",0,NA,"C10 H10 O7",10,10,7,NA,NA,NA,NA,NA,NA,NA,NA
297,241.072119,241.071820655485,241.071761636537,6828368,NA,443754.3,52.46,-1,0.24481899904795,0.989183552474057,0,0.593510131484434,5,1.27272727272727,0.545454545454545,"O6","de-protonated",0,NA,"C11 H14 O6",11,14,6,NA,NA,NA,NA,NA,NA,NA,NA
298,241.108491,241.108192558554,241.108147145922,5126495.5,NA,464277.5,38.78,-1,0.188349637994486,0.993583674593602,0,0.596150204756161,4,1.5,0.416666666666667,"O5","de-protonated",0,NA,"C12 H18 O5",12,18,5,NA,NA,NA,NA,NA,NA,NA,NA
299,241.119691,241.119392528706,241.119380535214,1696612.5,NA,540185.4,11.19,-1,0.0497408880288431,0.99955116840966,0,0.599730701045796,4,1.63636363636364,0.363636363636364,"N2 O4","de-protonated",0,NA,"C11 H18 O4 N2",11,18,4,2,NA,NA,NA,NA,NA,NA,NA
303,241.144878,241.144579461583,241.144532655306,2141807.3,NA,449236.4,14.77,-1,0.194100511527176,0.993187232034625,0,0.595912339220775,3,1.69230769230769,0.307692307692308,"O4","de-protonated",0,NA,"C13 H22 O4",13,22,4,NA,NA,NA,NA,NA,NA,NA,NA
306,242.067342,242.06704100323,242.06701060873,3604222.5,NA,446954.3,26.53,-1,0.125562337579358,0.997143385953089,0,0.598286031571854,5,1.3,0.6,"N1 O6","de-protonated",0,NA,"C10 H13 O6 N1",10,13,6,1,NA,NA,NA,NA,NA,NA,NA
308,242.140158,242.139856809176,242.139781627499,7021342,NA,455541,54.01,-1,0.310488747613107,0.982659855850617,0,0.58959591351037,3,1.75,0.333333333333333,"N1 O4","de-protonated",0,NA,"C12 H21 O4 N1",12,21,4,1,NA,NA,NA,NA,NA,NA,NA
309,242.176489,242.176187712355,242.176167136883,10290990,NA,431035.4,80.3,-1,0.0849607619844719,0.499345550332832,0.875929598413485,0.649979169565093,2,1.92307692307692,0.230769230769231,"N1 O3","de-protonated",0,NA,"C13 H25 O3 N1",13,25,3,1,NA,NA,NA,NA,NA,NA,NA
311,243.033654,243.033350428023,243.033268126902,2152354,NA,446696,14.85,-1,0.338641379262979,0.979406826651175,0,0.587644095990705,5,1.2,0.5,"S1 O5","de-protonated",0,NA,"C10 H12 O5 S1",10,12,5,NA,NA,1,NA,NA,NA,NA,NA
312,243.051347,243.051043380871,243.051026191631,3439785.8,NA,398966.4,25.21,-1,0.070722762954887,0.999092858138531,0,0.599455714883119,5,1.2,0.7,"O7","de-protonated",0,NA,"C10 H12 O7",10,12,7,NA,NA,NA,NA,NA,NA,NA,NA
313,243.087776,243.087472283788,243.087411701015,6435001.5,NA,434781.1,49.29,-1,0.24922217341415,0.988793184631781,0,0.593275910779069,4,1.45454545454545,0.545454545454545,"O6","de-protonated",0,NA,"C11 H16 O6",11,16,6,NA,NA,NA,NA,NA,NA,NA,NA
314,243.124143,243.123839186871,243.1237972104,3703497.5,NA,406114.1,27.33,-1,0.172654720548391,0.994605679590953,0,0.596763407754571,3,1.66666666666667,0.416666666666667,"O5","de-protonated",0,NA,"C12 H20 O5",12,20,5,NA,NA,NA,NA,NA,NA,NA,NA
316,243.160496,243.160192089991,243.160182719784,5916889.5,NA,446480.2,45.12,-1,0.0385351196124384,0.999730593082101,0,0.59983835584926,2,1.84615384615385,0.307692307692308,"O4","de-protonated",0,NA,"C13 H24 O4",13,24,4,NA,NA,NA,NA,NA,NA,NA,NA
321,245.045839,245.045530065579,245.04554688801,1548817.1,NA,480267.3,9.99,-1,-0.0686502186865832,0.999145224629208,0,0.599487134777525,9,0.769230769230769,0.384615384615385,"O5","de-protonated",0,NA,"C13 H10 O5",13,10,5,NA,NA,NA,NA,NA,NA,NA,NA
322,245.049257,245.04894805647,245.048918191379,2069522.6,NA,433215.1,14.18,-1,0.121873995323932,0.997308522076408,0,0.598385113245845,4,1.4,0.5,"S1 O5","de-protonated",0,NA,"C10 H14 O5 S1",10,14,5,NA,NA,1,NA,NA,NA,NA,NA
323,245.067023,245.066714009124,245.066676256109,2199834.5,NA,459790,15.11,-1,0.154052014499066,0.995703113718246,0,0.597421868230948,4,1.4,0.7,"O7","de-protonated",0,NA,"C10 H14 O7",10,14,7,NA,NA,NA,NA,NA,NA,NA,NA
324,245.103388,245.103078912212,245.103061765493,4832298.5,NA,431047.8,36.13,-1,0.0699571786354772,0.999112383052789,0,0.599467429831673,3,1.63636363636364,0.545454545454545,"O6","de-protonated",0,NA,"C11 H18 O6",11,18,6,NA,NA,NA,NA,NA,NA,NA,NA
326,245.139874,245.139564814977,245.139447274878,1203258.4,NA,566781.1,7.16,-1,0.479482600621292,0.959142426274078,0,0.575485455764447,2,1.83333333333333,0.416666666666667,"O5","de-protonated",0,NA,"C12 H22 O5",12,22,5,NA,NA,NA,NA,NA,NA,NA,NA
328,246.109824,246.109512230075,246.109544126979,2152676.8,NA,410512.2,14.73,-1,-0.1296044975394,0.996956787291064,0,0.598174072374638,3,1.88888888888889,0.555555555555556,"N3 O5","de-protonated",0,NA,"C9 H17 O5 N3",9,17,5,3,NA,NA,NA,NA,NA,NA,NA
330,247.06152,247.061205693819,247.061196952488,2656648.5,NA,400148.4,18.75,-1,0.0353812392878168,0.999772882506228,0,0.599863729503737,8,0.923076923076923,0.384615384615385,"O5","de-protonated",0,NA,"C13 H12 O5",13,12,5,NA,NA,NA,NA,NA,NA,NA,NA
332,247.082657,247.082342637489,247.082326320587,2314129.8,NA,464474.8,16.02,-1,0.0660383216251117,0.999209004408114,0,0.599525402644869,3,1.6,0.7,"O7","de-protonated",0,NA,"C10 H16 O7",10,16,7,NA,NA,NA,NA,NA,NA,NA,NA
333,247.097904,247.097589596856,247.097582461872,1738904.5,NA,457714.3,11.43,-1,0.0288751679826139,0.999848724005781,0,0.599909234403469,7,1.14285714285714,0.285714285714286,"O4","de-protonated",0,NA,"C14 H16 O4",14,16,4,NA,NA,NA,NA,NA,NA,NA,NA
335,247.119046,247.118731540513,247.118711829971,1639073.8,NA,470338.7,10.63,-1,0.0797614293092055,0.998846310226771,0,0.599307786136063,2,1.81818181818182,0.545454545454545,"O6","de-protonated",0,NA,"C11 H20 O6",11,20,6,NA,NA,NA,NA,NA,NA,NA,NA
336,248.056819,248.056502041362,248.056445924681,1450048.8,NA,429552,9.12,-1,0.226225449956633,0.990756810788076,0,0.594454086472845,8,0.916666666666667,0.416666666666667,"N1 O5","de-protonated",0,NA,"C12 H11 O5 N1",12,11,5,1,NA,NA,NA,NA,NA,NA,NA
337,248.114324,248.114006888112,248.113960802164,2177882.3,NA,419894.5,14.93,-1,0.185745079673863,0.993759350550889,0,0.596255610330534,2,1.9,0.6,"N1 O6","de-protonated",0,NA,"C10 H19 O6 N1",10,19,6,1,NA,NA,NA,NA,NA,NA,NA
339,249.040787,249.040467419101,249.040461507581,3530997.5,NA,458180.6,25.73,-1,0.0237371872876433,0.999897767227083,0,0.59993866033625,8,0.833333333333333,0.5,"O6","de-protonated",0,NA,"C12 H10 O6",12,10,6,NA,NA,NA,NA,NA,NA,NA,NA
340,249.05208,249.051760389006,249.051694896873,1235194.5,NA,507630.8,7.4,-1,0.262966016495977,0.98753100923874,0,0.592518605543244,8,0.909090909090909,0.454545454545455,"N2 O5","de-protonated",0,NA,"C11 H10 O5 N2",11,10,5,2,NA,NA,NA,NA,NA,NA,NA
342,249.077155,249.076835322181,249.076847016966,3605253.8,NA,435250.3,26.32,-1,-0.0469525149226842,0.999600069350253,0,0.599760041610152,7,1.07692307692308,0.384615384615385,"O5","de-protonated",0,NA,"C13 H14 O5",13,14,5,NA,NA,NA,NA,NA,NA,NA,NA
345,249.113627,249.113307224984,249.11323252635,1957909.9,NA,446333.6,13.17,-1,0.299858153695077,0.983817425119035,0,0.590290455071421,6,1.28571428571429,0.285714285714286,"O4","de-protonated",0,NA,"C14 H18 O4",14,18,4,NA,NA,NA,NA,NA,NA,NA,NA
346,249.149858,249.149538128429,249.149618035734,1221414,NA,339000.1,7.29,-1,-0.32072016018083,0.981509025450726,0,0.588905415270435,5,1.46666666666667,0.2,"O3","de-protonated",0,NA,"C15 H22 O3",15,22,3,NA,NA,NA,NA,NA,NA,NA,NA
347,250.036026,250.035703766804,250.035710479774,1384624.6,NA,397381.3,8.59,-1,-0.0268480459625336,0.999869217151312,0,0.599921530290787,8,0.818181818181818,0.545454545454545,"N1 O6","de-protonated",0,NA,"C11 H9 O6 N1",11,9,6,1,NA,NA,NA,NA,NA,NA,NA
348,250.072321,250.071998670078,250.072095989158,1267008.9,NA,425250.6,7.65,-1,-0.389164091994351,0.972893978805068,0,0.583736387283041,7,1.08333333333333,0.416666666666667,"N1 O5","de-protonated",0,NA,"C12 H13 O5 N1",12,13,5,1,NA,NA,NA,NA,NA,NA,NA
352,251.020072,251.019747144336,251.019726062675,2834536.3,NA,389302.7,20.16,-1,0.0839840805364158,0.998721001918574,0,0.599232601151145,8,0.727272727272727,0.636363636363636,"O7","de-protonated",0,NA,"C11 H8 O7",11,8,7,NA,NA,NA,NA,NA,NA,NA,NA
353,251.056483,251.056158047301,251.056111572059,4170360.5,NA,431925.5,30.58,-1,0.185118942238694,0.993801223020832,0,0.596280733812499,7,1,0.5,"O6","de-protonated",0,NA,"C12 H12 O6",12,12,6,NA,NA,NA,NA,NA,NA,NA,NA
354,251.059752,251.059427038589,251.059482875429,1698169.9,NA,437460.6,11,-1,-0.222404823611825,0.99106499584301,0,0.594638997505806,2,1.77777777777778,0.666666666666667,"S1 O6","de-protonated",0,NA,"C9 H16 O6 S1",9,16,6,NA,NA,1,NA,NA,NA,NA,NA
358,251.092842,251.092516950405,251.092497081443,5497480.5,NA,440825.6,41.09,-1,0.0791300479961874,0.998864492525029,0,0.599318695515018,6,1.23076923076923,0.384615384615385,"O5","de-protonated",0,NA,"C13 H16 O5",13,16,5,NA,NA,NA,NA,NA,NA,NA,NA
360,251.129243,251.128917853397,251.128882590828,3054745,NA,428009.9,21.75,-1,0.140416221775015,0.996428819789922,0,0.597857291873953,5,1.42857142857143,0.285714285714286,"O4","de-protonated",0,NA,"C14 H20 O4",14,20,4,NA,NA,NA,NA,NA,NA,NA,NA
362,252.051677,252.051349395124,252.051360544252,1869878.3,NA,417782.3,12.36,-1,-0.0442335583662312,0.999645039119321,0,0.599787023471593,7,1,0.545454545454545,"N1 O6","de-protonated",0,NA,"C11 H11 O6 N1",11,11,6,1,NA,NA,NA,NA,NA,NA,NA
363,252.088157,252.087829297905,252.087746053636,2669638.5,NA,418102.3,18.69,-1,0.330219416730912,0.980408412019111,0,0.588245047211467,6,1.25,0.416666666666667,"N1 O5","de-protonated",0,NA,"C12 H15 O5 N1",12,15,5,1,NA,NA,NA,NA,NA,NA,NA
365,252.978982,252.978651923869,252.978730629595,6368726.5,NA,385175.6,47.99,-1,-0.311115978256969,0.98259034009364,0,0.589554204056184,12,0.428571428571429,0.0714285714285714,"S2 O1","de-protonated",0,NA,"C14 H6 O1 S2",14,6,1,NA,NA,2,NA,NA,NA,NA,NA
366,253.03573,253.035399772637,253.035376127153,3303408.3,NA,457172.5,23.71,-1,0.0934473442756616,0.998416771006793,0,0.599050062604076,7,0.909090909090909,0.636363636363636,"O7","de-protonated",0,NA,"C11 H10 O7",11,10,7,NA,NA,NA,NA,NA,NA,NA,NA
367,253.072158,253.071827675557,253.071761636537,6190592.5,NA,450951.5,46.58,-1,0.260949776016178,0.987720308975927,0,0.592632185385556,6,1.16666666666667,0.5,"O6","de-protonated",0,NA,"C12 H14 O6",12,14,6,NA,NA,NA,NA,NA,NA,NA,NA
369,253.108491,253.10816057873,253.108147145922,5816849,NA,417258.8,43.62,-1,0.0530714180455528,0.999489066662263,0,0.599693439997357,5,1.38461538461538,0.384615384615385,"O5","de-protonated",0,NA,"C13 H18 O5",13,18,5,NA,NA,NA,NA,NA,NA,NA,NA
370,253.144876,253.144545481764,253.144532655306,12497441,NA,411225,96.53,-1,0.0506685188149485,0.992870101747842,0.976633729297942,0.986375552767882,4,1.57142857142857,0.285714285714286,"O4","de-protonated",0,NA,"C14 H22 O4",14,22,4,NA,NA,NA,NA,NA,NA,NA,NA
371,254.067379,254.067046023307,254.06701060873,2386368.8,NA,473391.8,16.44,-1,0.139390694881748,0.996480701814383,0,0.59788842108863,6,1.18181818181818,0.545454545454545,"N1 O6","de-protonated",0,NA,"C11 H13 O6 N1",11,13,6,1,NA,NA,NA,NA,NA,NA,NA
375,255.033716,255.033380448033,255.033268126902,1538676.9,NA,506441.9,9.73,-1,0.440417568954303,0.965416974960987,0,0.579250184976592,6,1.09090909090909,0.454545454545455,"S1 O5","de-protonated",0,NA,"C11 H12 O5 S1",11,12,5,NA,NA,1,NA,NA,NA,NA,NA
376,255.051364,255.051028401002,255.051026191631,5056893,NA,431076.5,37.59,-1,0.00866246602117073,0.999986384488546,0,0.599991830693128,6,1.09090909090909,0.636363636363636,"O7","de-protonated",0,NA,"C11 H12 O7",11,12,7,NA,NA,NA,NA,NA,NA,NA,NA
377,255.087778,255.087442303959,255.087411701015,8926605,NA,419757,68.24,-1,0.119970419460553,0.996036273784915,0.976205550778269,0.988103984582256,5,1.33333333333333,0.5,"O6","de-protonated",0,NA,"C12 H16 O6",12,16,6,NA,NA,NA,NA,NA,NA,NA,NA
378,255.124154,255.123818207018,255.123797210399,4065181.8,NA,437959.5,29.74,-1,0.0822997236985989,0.998771758586309,0,0.599263055151785,4,1.53846153846154,0.384615384615385,"O5","de-protonated",0,NA,"C13 H20 O5",13,20,5,NA,NA,NA,NA,NA,NA,NA,NA
379,255.160449,255.160113110292,255.160182719784,1315630.1,NA,327085.8,7.96,-1,-0.272807031320574,0.986586692711053,0,0.591952015626632,3,1.71428571428571,0.285714285714286,"O4","de-protonated",0,NA,"C14 H24 O4",14,24,4,NA,NA,NA,NA,NA,NA,NA,NA
380,256.046593,256.046254748731,256.046275163824,1258047.1,NA,534335.6,7.5,-1,-0.0797320435530563,0.998847159666301,0,0.59930829579978,6,1.1,0.7,"N1 O7","de-protonated",0,NA,"C10 H11 O7 N1",10,11,7,1,NA,NA,NA,NA,NA,NA,NA
381,256.083062,256.082723651542,256.082660673208,2298191.5,NA,427117,15.74,-1,0.245929706479836,0.989085723369397,0,0.593451434021638,5,1.36363636363636,0.545454545454545,"N1 O6","de-protonated",0,NA,"C11 H15 O6 N1",11,15,6,1,NA,NA,NA,NA,NA,NA,NA
385,257.030693,257.030352126119,257.030290746725,1448701.3,NA,499663.6,9.01,-1,0.238802182597415,0.989705969651503,0,0.593823581790902,6,1,0.8,"O8","de-protonated",0,NA,"C10 H10 O8",10,10,8,NA,NA,NA,NA,NA,NA,NA,NA
386,257.049292,257.048951076553,257.048918191379,4874501.5,NA,380335.7,36.14,-1,0.12793352220069,0.997034637272072,0,0.598220782363243,5,1.27272727272727,0.454545454545455,"S1 O5","de-protonated",0,NA,"C11 H14 O5 S1",11,14,5,NA,NA,1,NA,NA,NA,NA,NA
387,257.067016,257.066675029319,257.066676256109,6150414,NA,422087,46.24,-1,-0.0047722642866329,0.999995867604267,0,0.59999752056256,5,1.27272727272727,0.636363636363636,"O7","de-protonated",0,NA,"C11 H14 O7",11,14,7,NA,NA,NA,NA,NA,NA,NA,NA
388,257.103445,257.103103932236,257.103061765493,7359774.5,NA,423255.8,55.82,-1,0.16400715944229,0.995131221144529,0,0.597078732686717,4,1.5,0.5,"O6","de-protonated",0,NA,"C12 H18 O6",12,18,6,NA,NA,NA,NA,NA,NA,NA,NA
389,257.139768,257.139426835436,257.139447274877,2453806.8,NA,469402.7,16.97,-1,-0.0794877717708667,0.998854208622574,0,0.599312525173544,3,1.69230769230769,0.384615384615385,"O5","de-protonated",0,NA,"C13 H22 O5",13,22,5,NA,NA,NA,NA,NA,NA,NA,NA
390,257.17618,257.175838738398,257.175832784262,1562175.4,NA,488720.5,9.82,-1,0.023152006287527,0.999902745440241,0,0.599941647264144,2,1.85714285714286,0.285714285714286,"O4","de-protonated",0,NA,"C14 H26 O4",14,26,4,NA,NA,NA,NA,NA,NA,NA,NA
392,258.098705,258.098361279883,258.098310737686,1254114.6,NA,435282.9,7.4,-1,0.19582536753864,0.993066034617911,0,0.595839620770746,4,1.54545454545455,0.545454545454545,"N1 O6","de-protonated",0,NA,"C11 H17 O6 N1",11,17,6,1,NA,NA,NA,NA,NA,NA,NA
393,258.135054,258.134710183013,258.134696247071,1436915.1,NA,387020.7,8.84,-1,0.0539870961315994,0.999471288287941,0,0.599682772972765,3,1.75,0.416666666666667,"N1 O5","de-protonated",0,NA,"C12 H21 O5 N1",12,21,5,1,NA,NA,NA,NA,NA,NA,NA
394,258.171393,258.17104908617,258.171081756455,1269763.6,NA,456531.3,7.52,-1,-0.126545096666136,0.997098559497599,0,0.598259135698559,2,1.92307692307692,0.307692307692308,"N1 O4","de-protonated",0,NA,"C13 H25 O4 N1",13,25,4,1,NA,NA,NA,NA,NA,NA,NA
396,259.028642,259.028295801614,259.028182746473,1426185.9,NA,328885.9,8.75,-1,0.436458843483168,0.966025249044485,0,0.579615149426691,5,1.2,0.6,"S1 O6","de-protonated",0,NA,"C10 H12 O6 S1",10,12,6,NA,NA,1,NA,NA,NA,NA,NA
397,259.046393,259.046046754308,259.045940811203,1408402,NA,504237,8.61,-1,0.408974196702643,0.970106821819841,0,0.582064093091905,5,1.2,0.8,"O8","de-protonated",0,NA,"C10 H12 O8",10,12,8,NA,NA,NA,NA,NA,NA,NA,NA
398,259.061568,259.061221713867,259.061196952487,1252504.9,NA,449924.6,7.38,-1,0.0955811977945135,0.998343700555231,0,0.599006220333138,9,0.857142857142857,0.357142857142857,"O5","de-protonated",0,NA,"C14 H12 O5",14,12,5,NA,NA,NA,NA,NA,NA,NA,NA
400,259.082694,259.082347657566,259.082326320587,5210274.5,NA,426403,38.48,-1,0.0823559825961106,0.998770079829759,0,0.599262047897855,4,1.45454545454545,0.636363636363636,"O7","de-protonated",0,NA,"C11 H16 O7",11,16,7,NA,NA,NA,NA,NA,NA,NA,NA
402,259.119098,259.11875156055,259.118711829971,5017779,NA,420218.1,36.96,-1,0.153329641548809,0.995743231033706,0,0.597445938620224,3,1.66666666666667,0.5,"O6","de-protonated",0,NA,"C12 H20 O6",12,20,6,NA,NA,NA,NA,NA,NA,NA,NA
403,259.155371,259.155024463883,259.155097339355,1257155.6,NA,488229.2,7.42,-1,-0.281204085250598,0.98575425600919,0,0.591452553605514,2,1.84615384615385,0.384615384615385,"O5","de-protonated",0,NA,"C13 H24 O5",13,24,5,NA,NA,NA,NA,NA,NA,NA,NA
405,260.114379,260.114029908141,260.113960802164,1317753.1,NA,437402.4,7.89,-1,0.265675770203994,0.987274360320583,0,0.592364616192349,3,1.72727272727273,0.545454545454545,"N1 O6","de-protonated",0,NA,"C11 H19 O6 N1",11,19,6,1,NA,NA,NA,NA,NA,NA,NA
408,261.040873,261.040521439048,261.040461507581,3216928.3,NA,449002.9,22.81,-1,0.229586886935093,0.990481405943676,0,0.594288843566206,9,0.769230769230769,0.461538461538462,"O6","de-protonated",0,NA,"C13 H10 O6",13,10,6,NA,NA,NA,NA,NA,NA,NA,NA
410,261.062024,261.061672382681,261.061590875681,2129450,NA,497678.2,14.27,-1,0.312213681999764,0.982468356254664,0,0.589481013752798,4,1.4,0.8,"O8","de-protonated",0,NA,"C10 H14 O8",10,14,8,NA,NA,NA,NA,NA,NA,NA,NA
411,261.077188,261.076836342269,261.076847016965,2543665,NA,467872.9,17.52,-1,-0.0408871809438817,0.999696707062712,0,0.599818024237627,8,1,0.357142857142857,"O5","de-protonated",0,NA,"C14 H14 O5",14,14,5,NA,NA,NA,NA,NA,NA,NA,NA
413,261.098301,261.097949286003,261.097976385065,2197306.5,NA,374137.5,14.8,-1,-0.103788860800472,0.998047320557406,0,0.598828392334444,3,1.63636363636364,0.636363636363636,"O7","de-protonated",0,NA,"C11 H18 O7",11,18,7,NA,NA,NA,NA,NA,NA,NA,NA
415,261.113602,261.113250245226,261.11323252635,2041409.5,NA,475888.4,13.58,-1,0.0678589763742464,0.999164806677188,0,0.599498884006313,7,1.2,0.266666666666667,"O4","de-protonated",0,NA,"C15 H18 O4",15,18,4,NA,NA,NA,NA,NA,NA,NA,NA
417,261.134773,261.134421188806,261.134361894449,1460299.3,NA,540520.2,9.01,-1,0.227064551806847,0.990688435884481,0,0.594413061530689,2,1.83333333333333,0.5,"O6","de-protonated",0,NA,"C12 H22 O6",12,22,6,NA,NA,NA,NA,NA,NA,NA,NA
418,262.036066,262.035711786873,262.035710479774,1283815.6,NA,496759.3,7.62,-1,0.00498824849910042,0.999995485090921,0,0.599997291054552,9,0.75,0.5,"N1 O6","de-protonated",0,NA,"C12 H9 O6 N1",12,9,6,1,NA,NA,NA,NA,NA,NA,NA
419,262.072533,262.072178689689,262.072095989158,1351416.3,NA,510015.2,8.15,-1,0.315564045888201,0.982093480447853,0,0.589256088268712,8,1,0.384615384615385,"N1 O5","de-protonated",0,NA,"C13 H13 O5 N1",13,13,5,1,NA,NA,NA,NA,NA,NA,NA
420,262.104862,262.104507603533,262.10445874655,1550855.1,NA,398548.1,9.72,-1,0.186402715943666,0.993715221293256,0,0.596229132775954,3,1.88888888888889,0.666666666666667,"N3 O6","de-protonated",0,NA,"C9 H17 O6 N3",9,17,6,3,NA,NA,NA,NA,NA,NA,NA
422,263.020114,263.0197571644,263.019726062675,2786730.5,NA,431777,19.42,-1,0.118248640271332,0.997466065872662,0,0.598479639523597,9,0.666666666666667,0.583333333333333,"O7","de-protonated",0,NA,"C12 H8 O7",12,8,7,NA,NA,NA,NA,NA,NA,NA,NA
423,263.056504,263.056147067421,263.056111572059,4377531,NA,420559.5,31.92,-1,0.13493456483491,0.996701753862101,0,0.59802105231726,8,0.923076923076923,0.461538461538462,"O6","de-protonated",0,NA,"C13 H12 O6",13,12,6,NA,NA,NA,NA,NA,NA,NA,NA
426,263.092828,263.092470970618,263.092497081443,4549579.5,NA,420889.6,33.27,-1,-0.099245799724534,0.998214375782697,0,0.598928625469618,7,1.14285714285714,0.357142857142857,"O5","de-protonated",0,NA,"C14 H16 O5",14,16,5,NA,NA,NA,NA,NA,NA,NA,NA
428,263.129286,263.128928873458,263.128882590828,2570716.5,NA,384662.8,17.73,-1,0.175893386955276,0.994401980433653,0,0.596641188260192,6,1.33333333333333,0.266666666666667,"O4","de-protonated",0,NA,"C15 H20 O4",15,20,4,NA,NA,NA,NA,NA,NA,NA,NA
429,264.051699,264.051339415241,264.051360544252,2025603.6,NA,409969,13.33,-1,-0.0800185657123625,0.998838863989905,0,0.599303318393943,8,0.916666666666667,0.5,"N1 O6","de-protonated",0,NA,"C12 H11 O6 N1",12,11,6,1,NA,NA,NA,NA,NA,NA,NA
431,264.088108,264.087748318212,264.087746053636,1411476.4,NA,425879.4,8.54,-1,0.00857508598533887,0.999986657786124,0,0.599991994671674,7,1.15384615384615,0.384615384615385,"N1 O5","de-protonated",0,NA,"C13 H15 O5 N1",13,15,5,1,NA,NA,NA,NA,NA,NA,NA
438,265.035793,265.035430792645,265.035376127153,4963143.5,NA,416966.4,36.21,-1,0.206257341512566,0.992310510050864,0,0.595386306030518,8,0.833333333333333,0.583333333333333,"O7","de-protonated",0,NA,"C12 H10 O7",12,10,7,NA,NA,NA,NA,NA,NA,NA,NA
441,265.072121,265.071758695831,265.071761636537,5868376,NA,412260.6,43.26,-1,-0.0110939988788259,0.999977668123666,0,0.5999866008742,7,1.07692307692308,0.461538461538462,"O6","de-protonated",0,NA,"C13 H14 O6",13,14,6,NA,NA,NA,NA,NA,NA,NA,NA
442,265.083403,265.083040665765,265.082995025829,1381469.4,NA,517963.8,8.31,-1,0.172172249416825,0.994635704650467,0,0.59678142279028,7,1.16666666666667,0.416666666666667,"N2 O5","de-protonated",0,NA,"C12 H14 O5 N2",12,14,5,2,NA,NA,NA,NA,NA,NA,NA
445,265.108559,265.108196598725,265.108147145921,7610217,NA,410118.2,56.83,-1,0.186538224926857,0.989897037151482,0.980721062743881,0.986226647388442,6,1.28571428571429,0.357142857142857,"O5","de-protonated",0,NA,"C14 H18 O5",14,18,5,NA,NA,NA,NA,NA,NA,NA,NA
447,265.148262,265.147899492917,265.147903958676,11087739,NA,395702.7,83.92,-1,-0.016842520650607,0.499974264842367,0.884369916155675,0.65373252536769,0,2.16666666666667,0.333333333333333,"S1 O4","de-protonated",0,NA,"C12 H26 O4 S1",12,26,4,NA,NA,1,NA,NA,NA,NA,NA
448,266.067439,266.067074043323,266.06701060873,3085089.8,NA,427929.5,21.57,-1,0.238415853042793,0.989739078346598,0,0.593843447007959,7,1.08333333333333,0.5,"N1 O6","de-protonated",0,NA,"C12 H13 O6 N1",12,13,6,1,NA,NA,NA,NA,NA,NA,NA
450,266.103777,266.103411946483,266.103396118115,1805618.5,NA,447019.5,11.61,-1,0.0594820246212088,0.999358220389801,0,0.599614932233881,6,1.30769230769231,0.384615384615385,"N1 O5","de-protonated",0,NA,"C13 H17 O5 N1",13,17,5,1,NA,NA,NA,NA,NA,NA,NA
459,267.015027,267.014659518015,267.014640682247,1680085.8,NA,443193.8,10.63,-1,0.0705420824520377,0.999097485208615,0,0.599458491125169,8,0.727272727272727,0.727272727272727,"O8","de-protonated",0,NA,"C11 H8 O8",11,8,8,NA,NA,NA,NA,NA,NA,NA,NA
460,267.051417,267.051049421037,267.051026191631,5800678.5,NA,420605.4,42.72,-1,0.0869848958980808,0.998628033727125,0,0.599176820236275,7,1,0.583333333333333,"O7","de-protonated",0,NA,"C12 H12 O7",12,12,7,NA,NA,NA,NA,NA,NA,NA,NA
461,267.08783,267.087462323996,267.087411701015,10011383,NA,418170.9,75.52,-1,0.189537129320025,0.989301159251221,0.97517030772852,0.98364881864214,6,1.23076923076923,0.461538461538462,"O6","de-protonated",0,NA,"C13 H16 O6",13,16,6,NA,NA,NA,NA,NA,NA,NA,NA
463,267.124132,267.123764227252,267.123797210399,6462216,NA,408413.7,47.88,-1,-0.12347513649239,0.997237436411503,0,0.598342461846902,5,1.42857142857143,0.357142857142857,"O5","de-protonated",0,NA,"C14 H20 O5",14,20,5,NA,NA,NA,NA,NA,NA,NA,NA
464,267.160489,267.160121130361,267.160182719784,1245976.8,NA,482102.3,7.24,-1,-0.230533689091212,0.990403114575308,0,0.594241868745185,4,1.6,0.266666666666667,"O4","de-protonated",0,NA,"C15 H24 O4",15,24,4,NA,NA,NA,NA,NA,NA,NA,NA
465,268.046648,268.046277768761,268.046275163824,1366192.9,NA,493898.7,8.18,-1,0.00971823501363235,0.99998286339045,0,0.59998971803427,7,1,0.636363636363636,"N1 O7","de-protonated",0,NA,"C11 H11 O7 N1",11,11,7,1,NA,NA,NA,NA,NA,NA,NA
466,268.083073,268.082702671688,268.082660673208,3255489.8,NA,399363.5,22.89,-1,0.15666242715354,0.995556585138116,0,0.597333951082869,6,1.25,0.5,"N1 O6","de-protonated",0,NA,"C12 H15 O6 N1",12,15,6,1,NA,NA,NA,NA,NA,NA,NA
471,269.030741,269.030368146167,269.030290746725,2877046.3,NA,392888.7,19.94,-1,0.287697873466145,0.985093695682463,0,0.591056217409477,7,0.909090909090909,0.727272727272727,"O8","de-protonated",0,NA,"C11 H10 O8",11,10,8,NA,NA,NA,NA,NA,NA,NA,NA
472,269.049329,269.04895609663,269.048918191379,1866366.9,NA,503422.1,12.07,-1,0.14088609319722,0.996404922577799,0,0.597842953546679,6,1.16666666666667,0.416666666666667,"S1 O5","de-protonated",0,NA,"C12 H14 O5 S1",12,14,5,NA,NA,1,NA,NA,NA,NA,NA
473,269.067001,269.066628049535,269.066676256109,9055879,NA,387541.6,68.07,-1,-0.179162186723789,0.994936422328833,0.963841208812005,0.982498336922101,6,1.16666666666667,0.583333333333333,"O7","de-protonated",0,NA,"C12 H14 O7",12,14,7,NA,NA,NA,NA,NA,NA,NA,NA
474,269.103454,269.103080952388,269.103061765493,11269784,NA,401837,85.32,-1,0.0712994300080892,0.996951159581133,0.979822622531454,0.990099744761262,5,1.38461538461538,0.461538461538462,"O6","de-protonated",0,NA,"C13 H18 O6",13,18,6,NA,NA,NA,NA,NA,NA,NA,NA
475,269.131608,269.131234877358,269.1312050664,5992101,NA,396740,44.21,-1,0.110767378433629,0.997776207586306,0,0.598665724551784,4,1.64285714285714,0.214285714285714,"P1 O3","de-protonated",0,NA,"C14 H23 O3 P1",14,23,3,NA,1,NA,NA,NA,NA,NA,NA
476,269.139828,269.139454855452,269.139447274877,8292008.5,NA,394402.9,62.12,-1,0.0281659731564075,0.499928031558615,0.867648864333947,0.647016364668747,4,1.57142857142857,0.357142857142857,"O5","de-protonated",0,NA,"C14 H22 O5",14,22,5,NA,NA,NA,NA,NA,NA,NA,NA
477,270.062253,270.061877397203,270.061925228302,2229329.8,NA,369032.3,14.89,-1,-0.177111597639675,0.994324391084803,0,0.596594634650881,6,1.18181818181818,0.636363636363636,"N1 O7","de-protonated",0,NA,"C11 H13 O7 N1",11,13,7,1,NA,NA,NA,NA,NA,NA,NA
479,270.09866,270.098284300179,270.098310737686,1545058.6,NA,450853.6,9.56,-1,-0.0978810544942123,0.99826310457242,0,0.598957862743452,5,1.41666666666667,0.5,"N1 O6","de-protonated",0,NA,"C12 H17 O6 N1",12,17,6,1,NA,NA,NA,NA,NA,NA,NA
481,270.134973,270.134597203405,270.134696247071,1429107.4,NA,388167.6,8.66,-1,-0.366645480270869,0.975903130730268,0,0.585541878438161,4,1.61538461538462,0.384615384615385,"N1 O5","de-protonated",0,NA,"C13 H21 O5 N1",13,21,5,1,NA,NA,NA,NA,NA,NA,NA
485,271.046307,271.045928774713,271.045940811203,3817495.8,NA,406019,27.02,-1,-0.044407561324014,0.999642241485307,0,0.599785344891184,6,1.09090909090909,0.727272727272727,"O8","de-protonated",0,NA,"C11 H12 O8",11,12,8,NA,NA,NA,NA,NA,NA,NA,NA
486,271.06156,271.061181734064,271.061196952487,1307934.8,NA,384598.3,7.64,-1,-0.0561438647715867,0.999428213040507,0,0.599656927824304,10,0.8,0.333333333333333,"O5","de-protonated",0,NA,"C15 H12 O5",15,12,5,NA,NA,NA,NA,NA,NA,NA,NA
487,271.064983,271.064604724942,271.064568255857,12319264,NA,401282.7,92.66,-1,0.134540212414978,0.998359356348231,0.985798903750431,0.993335175309111,5,1.33333333333333,0.416666666666667,"S1 O5","de-protonated",0,NA,"C12 H16 O5 S1",12,16,5,NA,NA,1,NA,NA,NA,NA,NA
489,271.08268,271.08230167778,271.082326320587,9863720,NA,401416,73.7,-1,-0.0909052516458422,0.98811822539238,0.99886059723735,0.992415174130368,5,1.33333333333333,0.583333333333333,"O7","de-protonated",0,NA,"C12 H16 O7",12,16,7,NA,NA,NA,NA,NA,NA,NA,NA
490,271.119127,271.118748580649,271.118711829971,7756345,NA,413470.7,57.43,-1,0.135551978906352,0.498335775967378,0.875929598413485,0.649373304945821,4,1.53846153846154,0.461538461538462,"O6","de-protonated",0,NA,"C13 H20 O6",13,20,6,NA,NA,NA,NA,NA,NA,NA,NA
491,271.155488,271.155109483748,271.155097339355,2079050,NA,406885.7,13.6,-1,0.0447876225213105,0.999636092661772,0,0.599781655597063,3,1.71428571428571,0.357142857142857,"O5","de-protonated",0,NA,"C14 H24 O5",14,24,5,NA,NA,NA,NA,NA,NA,NA,NA
493,272.077861,272.077480025637,272.07757529278,1832435.5,NA,359023.8,11.69,-1,-0.350146985447856,0.977999483354538,0,0.586799690012723,5,1.36363636363636,0.636363636363636,"N1 O7","de-protonated",0,NA,"C11 H15 O7 N1",11,15,7,1,NA,NA,NA,NA,NA,NA,NA
497,273.040872,273.040488459227,273.040461507581,2023087.8,NA,319924,13.16,-1,0.0987093470720835,0.998233610243985,0,0.598940166146391,10,0.714285714285714,0.428571428571429,"O6","de-protonated",0,NA,"C14 H10 O6",14,10,6,NA,NA,NA,NA,NA,NA,NA,NA
498,273.044262,273.043878450193,273.043832810951,1708465.4,NA,465802.4,10.73,-1,0.167149870751758,0.994943319040751,0,0.596965991424451,5,1.27272727272727,0.545454545454545,"S1 O6","de-protonated",0,NA,"C11 H14 O6 S1",11,14,6,NA,NA,1,NA,NA,NA,NA,NA
500,273.062027,273.061643402849,273.061590875681,5119417.5,NA,399921.8,37.07,-1,0.192363811959441,0.9933081930728,0,0.59598491584368,5,1.27272727272727,0.727272727272727,"O8","de-protonated",0,NA,"C11 H14 O8",11,14,8,NA,NA,NA,NA,NA,NA,NA,NA
501,273.077246,273.076862362291,273.076847016965,1817536.6,NA,453498.6,11.57,-1,0.0561941643067366,0.999427188342286,0,0.599656313005372,9,0.933333333333333,0.333333333333333,"O5","de-protonated",0,NA,"C15 H14 O5",15,14,5,NA,NA,NA,NA,NA,NA,NA,NA
503,273.098374,273.097990305985,273.097976385065,7111114.5,NA,387404,52.44,-1,0.0509740868571655,0.999528642563284,0,0.59971718553797,4,1.5,0.583333333333333,"O7","de-protonated",0,NA,"C12 H18 O7",12,18,7,NA,NA,NA,NA,NA,NA,NA,NA
506,273.134732,273.134348209091,273.134361894449,6366683,NA,397639.1,46.7,-1,-0.0501048558423295,0.99954457743011,0,0.599726746458066,3,1.69230769230769,0.461538461538462,"O6","de-protonated",0,NA,"C13 H22 O6",13,22,6,NA,NA,NA,NA,NA,NA,NA,NA
507,274.093631,274.09324465364,274.093225357258,1434005.5,NA,412280.9,8.61,-1,0.0704007976970203,0.999101095156428,0,0.599460657093857,4,1.54545454545455,0.636363636363636,"N1 O7","de-protonated",0,NA,"C11 H17 O7 N1",11,17,7,1,NA,NA,NA,NA,NA,NA,NA
511,275.02016,275.019771184453,275.019726062675,2075457,NA,413285.6,13.56,-1,0.164067425590202,0.995127651052409,0,0.597076590631445,10,0.615384615384615,0.538461538461538,"O7","de-protonated",0,NA,"C13 H8 O7",13,8,7,NA,NA,NA,NA,NA,NA,NA,NA
512,275.031355,275.030966154619,275.030959451967,1478726.1,NA,312554.8,8.95,-1,0.0243705353410436,0.99989223925979,0,0.599935343555874,10,0.666666666666667,0.5,"N2 O6","de-protonated",0,NA,"C12 H8 O6 N2",12,8,6,2,NA,NA,NA,NA,NA,NA,NA
515,275.05654,275.056151087501,275.056111572059,3766609.8,NA,369102.2,26.61,-1,0.143663203171295,0.996262063069303,0,0.597757237841582,9,0.857142857142857,0.428571428571429,"O6","de-protonated",0,NA,"C14 H12 O6",14,12,6,NA,NA,NA,NA,NA,NA,NA,NA
516,275.059888,275.059499078579,275.059482875429,1423699.3,NA,435374.9,8.52,-1,0.0589078025197587,0.999370547803949,0,0.59962232868237,4,1.45454545454545,0.545454545454545,"S1 O6","de-protonated",0,NA,"C11 H16 O6 S1",11,16,6,NA,NA,1,NA,NA,NA,NA,NA
518,275.07762,275.077231031323,275.077240940159,2158939.5,NA,427418,14.2,-1,-0.0360220102100708,0.999764582581561,0,0.599858749548937,4,1.45454545454545,0.727272727272727,"O8","de-protonated",0,NA,"C11 H16 O8",11,16,8,NA,NA,NA,NA,NA,NA,NA,NA
519,275.09289,275.092500990629,275.092497081443,3217250.5,NA,418623.7,22.37,-1,0.0142104405651221,0.99996335953667,0,0.599978015722002,8,1.06666666666667,0.333333333333333,"O5","de-protonated",0,NA,"C15 H16 O5",15,16,5,NA,NA,NA,NA,NA,NA,NA,NA
521,275.11399,275.113600934398,275.113626449543,3328876.3,NA,375047.7,23.23,-1,-0.0927440250708406,0.99844049473161,0,0.599064296838966,3,1.66666666666667,0.583333333333333,"O7","de-protonated",0,NA,"C12 H20 O7",12,20,7,NA,NA,NA,NA,NA,NA,NA,NA
522,275.150505,275.150115837086,275.150011958927,1886589.1,NA,413347.4,12.1,-1,0.377532815541997,0.974469491280845,0,0.584681694768507,2,1.84615384615385,0.461538461538462,"O6","de-protonated",0,NA,"C13 H24 O6",13,24,6,NA,NA,NA,NA,NA,NA,NA,NA
523,276.051751,276.051359435279,276.051360544252,1559324.8,NA,400716.2,9.57,-1,-0.00401727294853974,0.99999707169794,0,0.599998243018764,9,0.846153846153846,0.461538461538462,"N1 O6","de-protonated",0,NA,"C13 H11 O6 N1",13,11,6,1,NA,NA,NA,NA,NA,NA,NA
524,276.072774,276.072382379253,276.072489912352,1489446.5,NA,351183.5,9.03,-1,-0.38951037483037,0.972846380047201,0,0.583707828028321,4,1.5,0.8,"N1 O8","de-protonated",0,NA,"C10 H15 O8 N1",10,15,8,1,NA,NA,NA,NA,NA,NA,NA
525,276.109281,276.108889281962,276.108875421736,2173751.3,NA,362881.3,14.31,-1,0.0501984081909245,0.999542875564014,0,0.599725725338408,3,1.72727272727273,0.636363636363636,"N1 O7","de-protonated",0,NA,"C11 H19 O7 N1",11,19,7,1,NA,NA,NA,NA,NA,NA,NA
528,277.035777,277.035382812864,277.035376127153,4745442.5,NA,392686.9,34.16,-1,0.0241330577465928,0.999894329056459,0,0.599936597433875,9,0.769230769230769,0.538461538461538,"O7","de-protonated",0,NA,"C13 H10 O7",13,10,7,NA,NA,NA,NA,NA,NA,NA,NA
531,277.072122,277.071727716005,277.071761636537,7081203,NA,369491.4,52.2,-1,-0.122425079600957,0.498642079899148,0.867648864333947,0.646244793673067,8,1,0.428571428571429,"O6","de-protonated",0,NA,"C14 H14 O6",14,14,6,NA,NA,NA,NA,NA,NA,NA,NA
533,277.096385,277.095990651344,277.095882185451,1306110.4,NA,368942.5,7.61,-1,0.39143812571224,0.972580667486124,0,0.583548400491675,3,1.9,0.5,"N2 P1 O5","de-protonated",0,NA,"C10 H19 O5 N2 P1",10,19,5,2,1,NA,NA,NA,NA,NA,NA
535,277.108523,277.108128618997,277.108147145921,6473988,NA,389183.3,47.51,-1,-0.0668581023424797,0.999189252144712,0,0.599513551286827,7,1.2,0.333333333333333,"O5","de-protonated",0,NA,"C15 H18 O5",15,18,5,NA,NA,NA,NA,NA,NA,NA,NA
537,277.144935,277.144540521959,277.144532655306,4995348.5,NA,394085,36.09,-1,0.0283846602188036,0.999853819486447,0,0.599912291691868,6,1.375,0.25,"O4","de-protonated",0,NA,"C16 H22 O4",16,22,4,NA,NA,NA,NA,NA,NA,NA,NA
539,277.194327,277.19393239033,277.193805324312,1372971.5,NA,458906.6,8.12,-1,0.458401362862155,0.962589586006354,0,0.577553751603812,0,2.21428571428571,0.214285714285714,"P1 O3","de-protonated",0,NA,"C14 H31 O3 P1",14,31,3,NA,1,NA,NA,NA,NA,NA,NA
541,278.03094,278.030543160769,278.030625099346,1509037,NA,405578.9,9.17,-1,-0.294710616796851,0.984363925534549,0,0.59061835532073,9,0.75,0.583333333333333,"N1 O7","de-protonated",0,NA,"C12 H9 O7 N1",12,9,7,1,NA,NA,NA,NA,NA,NA,NA
542,278.067348,278.066951063742,278.06701060873,2946749.8,NA,359071.9,20.04,-1,-0.214138987535897,0.991714097581117,0,0.59502845854867,8,1,0.461538461538462,"N1 O6","de-protonated",0,NA,"C13 H13 O6 N1",13,13,6,1,NA,NA,NA,NA,NA,NA,NA
543,278.103816,278.103418966555,278.103396118115,1802446.6,NA,483775,11.31,-1,0.0821580793730106,0.998775980162824,0,0.599265588097694,7,1.21428571428571,0.357142857142857,"N1 O5","de-protonated",0,NA,"C14 H17 O5 N1",14,17,5,1,NA,NA,NA,NA,NA,NA,NA
548,279.015087,279.014687538032,279.014640682247,2964082.3,NA,397909,20.17,-1,0.167933069138893,0.994895942218264,0,0.596937565330959,9,0.666666666666667,0.666666666666667,"O8","de-protonated",0,NA,"C12 H8 O8",12,8,8,NA,NA,NA,NA,NA,NA,NA,NA
550,279.051424,279.051024441194,279.051026191631,6746243,NA,376501.9,49.05,-1,-0.00627282023080138,0.999992860332925,0,0.599995716199755,8,0.923076923076923,0.538461538461538,"O7","de-protonated",0,NA,"C13 H12 O7",13,12,7,NA,NA,NA,NA,NA,NA,NA,NA
553,279.087802,279.087402344247,279.087411701015,9083028,NA,381717.3,66.89,-1,-0.0335262990736382,0.991638090239388,0.983613444688502,0.988428232019034,7,1.14285714285714,0.428571428571429,"O6","de-protonated",0,NA,"C14 H16 O6",14,16,6,NA,NA,NA,NA,NA,NA,NA,NA
556,279.124153,279.123753247372,279.123797210399,8208548.5,NA,366282.7,60.21,-1,-0.157503687121462,0.497754421661434,0.859523230357577,0.642461945139891,6,1.33333333333333,0.333333333333333,"O5","de-protonated",0,NA,"C15 H20 O5",15,20,5,NA,NA,NA,NA,NA,NA,NA,NA
558,279.156517,279.156117161123,279.156159967791,1899187.4,NA,450431.2,12.04,-1,-0.153343091171378,0.99574248581064,0,0.597445491486384,1,2.18181818181818,0.545454545454545,"N2 O6","de-protonated",0,NA,"C11 H24 O6 N2",11,24,6,2,NA,NA,NA,NA,NA,NA,NA
559,279.160599,279.160199150244,279.160182719784,1645749.3,NA,401905.9,10.11,-1,0.0588567475177522,0.999371638072503,0,0.599622982843502,5,1.5,0.25,"O4","de-protonated",0,NA,"C16 H24 O4",16,24,4,NA,NA,NA,NA,NA,NA,NA,NA
560,279.163968,279.163568141266,279.163554023154,1501366.9,NA,409929.7,9.01,-1,0.0505729057963125,0.999536031095407,0,0.599721618657244,0,2.15384615384615,0.307692307692308,"S1 O4","de-protonated",0,NA,"C13 H28 O4 S1",13,28,4,NA,NA,1,NA,NA,NA,NA,NA
561,280.046647,280.046244788939,280.046275163824,1788237,NA,420676,11.19,-1,-0.108463804875148,0.997867642336598,0,0.598720585401958,8,0.916666666666667,0.583333333333333,"N1 O7","de-protonated",0,NA,"C12 H11 O7 N1",12,11,7,1,NA,NA,NA,NA,NA,NA,NA
562,280.082966,280.08256369215,280.082660673208,3061341.8,NA,364885.2,20.91,-1,-0.346258701883395,0.978480122775684,0,0.587088073665411,7,1.15384615384615,0.461538461538462,"N1 O6","de-protonated",0,NA,"C13 H15 O6 N1",13,15,6,1,NA,NA,NA,NA,NA,NA,NA
564,280.119309,280.118906595296,280.119046182593,1251182.5,NA,405444.5,7.09,-1,-0.498314192908299,0.955943182944799,0,0.573565909766879,6,1.35714285714286,0.357142857142857,"N1 O5","de-protonated",0,NA,"C14 H19 O5 N1",14,19,5,1,NA,NA,NA,NA,NA,NA,NA
568,281.030676,281.030271166516,281.030290746725,4227089.5,NA,373253.8,29.81,-1,-0.0696729454535304,0.999119577934109,0,0.599471746760465,8,0.833333333333333,0.666666666666667,"O8","de-protonated",0,NA,"C12 H10 O8",12,10,8,NA,NA,NA,NA,NA,NA,NA,NA
570,281.067077,281.066672069508,281.066676256109,9540642,NA,372685.8,70.37,-1,-0.014895400179511,0.995229951422052,0.996818161799012,0.995865235572836,7,1.07692307692308,0.538461538461538,"O7","de-protonated",0,NA,"C13 H14 O7",13,14,7,NA,NA,NA,NA,NA,NA,NA,NA
571,281.078332,281.077927039514,281.077909645401,1511975.4,NA,465107.9,9.08,-1,0.0618835992455889,0.999305369133879,0,0.599583221480328,7,1.16666666666667,0.5,"N2 O6","de-protonated",0,NA,"C12 H14 O6 N2",12,14,6,2,NA,NA,NA,NA,NA,NA,NA
574,281.103443,281.103037972593,281.103061765493,12557363,NA,370144,93.4,-1,-0.0846411972436,0.995876191384248,0.992852652454003,0.99466677581215,6,1.28571428571429,0.428571428571429,"O6","de-protonated",0,NA,"C14 H18 O6",14,18,6,NA,NA,NA,NA,NA,NA,NA,NA
576,281.139867,281.139461875524,281.139447274877,4991043.5,NA,373037.5,35.64,-1,0.0519338238174972,0.99951073047745,0,0.59970643828647,5,1.46666666666667,0.333333333333333,"O5","de-protonated",0,NA,"C15 H22 O5",15,22,5,NA,NA,NA,NA,NA,NA,NA,NA
578,282.062377,282.061969417048,282.061925228302,2595307.5,NA,335736.1,17.35,-1,0.156663280765877,0.995556536823728,0,0.597333922094237,7,1.08333333333333,0.583333333333333,"N1 O7","de-protonated",0,NA,"C12 H13 O7 N1",12,13,7,1,NA,NA,NA,NA,NA,NA,NA
581,282.098733,282.09832532016,282.098310737686,2637820,NA,338796.9,17.67,-1,0.0516928796377391,0.999515258727448,0,0.599709155236469,6,1.30769230769231,0.461538461538462,"N1 O6","de-protonated",0,NA,"C13 H17 O6 N1",13,17,6,1,NA,NA,NA,NA,NA,NA,NA
587,283.046311,283.045900794879,283.045940811203,5636015,NA,359146.6,40.56,-1,-0.141377487118493,0.996379845966199,0,0.597827907579719,7,1,0.666666666666667,"O8","de-protonated",0,NA,"C12 H12 O8",12,12,8,NA,NA,NA,NA,NA,NA,NA,NA
588,283.061674,283.061263753937,283.061196952487,1819317.9,NA,413717.2,11.42,-1,0.23599649045818,0.989945225200347,0,0.593967135120208,11,0.75,0.3125,"O5","de-protonated",0,NA,"C16 H12 O5",16,12,5,NA,NA,NA,NA,NA,NA,NA,NA
589,283.065013,283.064602745038,283.064568255857,4001719.5,NA,399284.1,28.08,-1,0.121842097536134,0.997309928863699,0,0.59838595731822,6,1.23076923076923,0.384615384615385,"S1 O5","de-protonated",0,NA,"C13 H16 O5 S1",13,16,5,NA,NA,1,NA,NA,NA,NA,NA
591,283.082676,283.082265697967,283.082326320587,13932479,NA,360982.8,103.89,-1,-0.214151908228131,0.995855703525793,0.997655727322317,0.996575713044402,6,1.23076923076923,0.538461538461538,"O7","de-protonated",0,NA,"C13 H16 O7",13,16,7,NA,NA,NA,NA,NA,NA,NA,NA
592,283.093931,283.093520667972,283.093559709879,1280964.6,NA,351161.4,7.31,-1,-0.137911675101262,0.996554861254817,0,0.59793291675289,6,1.33333333333333,0.5,"N2 O6","de-protonated",0,NA,"C12 H16 O6 N2",12,16,6,2,NA,NA,NA,NA,NA,NA,NA
595,283.11912,283.118709600844,283.118711829971,11667408,NA,366349.9,86.6,-1,-0.00787347234063324,0.996062958528463,0.988083528086056,0.992871186351501,5,1.42857142857143,0.428571428571429,"O6","de-protonated",0,NA,"C14 H20 O6",14,20,6,NA,NA,NA,NA,NA,NA,NA,NA
596,283.155518,283.155107503844,283.155097339355,2851809,NA,417917.8,19.3,-1,0.0358972459592771,0.999766210329969,0,0.599859726197982,4,1.6,0.333333333333333,"O5","de-protonated",0,NA,"C15 H24 O5",15,24,5,NA,NA,NA,NA,NA,NA,NA,NA
597,283.264645,283.264234213022,283.264253867508,1452050.9,NA,426281.2,8.61,-1,-0.0693856931779206,0.999126819530611,0,0.599476091718366,1,2,0.111111111111111,"O2","de-protonated",0,NA,"C18 H36 O2",18,36,2,NA,NA,NA,NA,NA,NA,NA,NA
598,284.041603,284.04119014244,284.041189783396,1311094.9,NA,405938.2,7.54,-1,0.00126405813697095,0.999999710073533,0,0.59999982604412,7,1,0.727272727272727,"N1 O8","de-protonated",0,NA,"C11 H11 O8 N1",11,11,8,1,NA,NA,NA,NA,NA,NA,NA
599,284.077995,284.077582045456,284.07757529278,3130247.5,NA,369368.4,21.42,-1,0.0237705356916561,0.999897479786136,0,0.599938487871682,6,1.25,0.583333333333333,"N1 O7","de-protonated",0,NA,"C12 H15 O7 N1",12,15,7,1,NA,NA,NA,NA,NA,NA,NA
601,284.114295,284.113881948717,284.113960802164,1472920.3,NA,437973.8,8.77,-1,-0.277541613578526,0.986120349147375,0,0.591672209488425,5,1.46153846153846,0.461538461538462,"N1 O6","de-protonated",0,NA,"C13 H19 O6 N1",13,19,6,1,NA,NA,NA,NA,NA,NA,NA
605,285.0256,285.025184520103,285.025205366296,1817401.3,NA,464855.4,11.4,-1,-0.0731380709981679,0.999029869663604,0,0.599417921798162,7,0.909090909090909,0.818181818181818,"O9","de-protonated",0,NA,"C11 H10 O9",11,10,9,NA,NA,NA,NA,NA,NA,NA,NA
606,285.040892,285.04047647935,285.040461507581,1371200.3,NA,383824.8,7.99,-1,0.0525250636865676,0.999499529705263,0,0.599699717823158,11,0.666666666666667,0.4,"O6","de-protonated",0,NA,"C15 H10 O6",15,10,6,NA,NA,NA,NA,NA,NA,NA,NA
608,285.06199,285.061574423124,285.061590875681,8581962,NA,366422.7,63.04,-1,-0.0577157967820356,0.49969787825745,0.884369916155675,0.65356669341674,6,1.16666666666667,0.666666666666667,"O8","de-protonated",0,NA,"C12 H14 O8",12,14,8,NA,NA,NA,NA,NA,NA,NA,NA
609,285.080639,285.080223373424,285.080218320336,14756690,NA,356133.1,110.18,-1,0.0177251476269977,0.998160524751139,0.991821120246449,0.995624762949263,5,1.38461538461538,0.384615384615385,"S1 O5","de-protonated",0,NA,"C13 H18 O5 S1",13,18,5,NA,NA,1,NA,NA,NA,NA,NA
611,285.098353,285.097937326217,285.097976385065,14099291,NA,362425.3,105.16,-1,-0.137001491601237,0.992655159364053,0.997305207238244,0.994515178513729,5,1.38461538461538,0.538461538461538,"O7","de-protonated",0,NA,"C13 H18 O7",13,18,7,NA,NA,NA,NA,NA,NA,NA,NA
612,285.126527,285.126111251134,285.126119685972,43086696,NA,359194.4,326.45,-1,-0.0295828321863179,0.997881167371256,0.970733328175778,0.987022031693065,4,1.64285714285714,0.285714285714286,"P1 O4","de-protonated",0,NA,"C14 H23 O4 P1",14,23,4,NA,1,NA,NA,NA,NA,NA,NA
613,285.134743,285.134327229238,285.134361894449,8850283,NA,357272,65.09,-1,-0.121575003504456,0.49866084706555,0.867648864333947,0.646256053972909,4,1.57142857142857,0.428571428571429,"O6","de-protonated",0,NA,"C14 H22 O6",14,22,6,NA,NA,NA,NA,NA,NA,NA,NA
615,286.05729,286.056871770664,286.056839847874,1739536.6,NA,328509.5,10.56,-1,0.111595969235183,0.997742850890541,0,0.598645710534324,6,1.18181818181818,0.727272727272727,"N1 O8","de-protonated",0,NA,"C11 H13 O8 N1",11,13,8,1,NA,NA,NA,NA,NA,NA,NA
617,286.093629,286.093210673821,286.093225357258,2191649.3,NA,411706.3,13.93,-1,-0.0513239588172486,0.999522151376041,0,0.599713290825625,5,1.41666666666667,0.583333333333333,"N1 O7","de-protonated",0,NA,"C12 H17 O7 N1",12,17,7,1,NA,NA,NA,NA,NA,NA,NA
623,287.020248,287.019827204395,287.019726062675,1327304,NA,469463.4,7.48,-1,0.352385954032552,0.977720392779259,0,0.586632235667555,11,0.571428571428571,0.5,"O7","de-protonated",0,NA,"C14 H8 O7",14,8,7,NA,NA,NA,NA,NA,NA,NA,NA
625,287.04116,287.040739148665,287.040855430774,2893521.5,NA,366732.6,19.17,-1,-0.405106476513743,0.970661217636155,0,0.582396730581693,6,1.09090909090909,0.818181818181818,"O9","de-protonated",0,NA,"C11 H12 O9",11,12,9,NA,NA,NA,NA,NA,NA,NA,NA
626,287.056494,287.0560731078,287.056111572059,2799832.5,NA,348850.9,18.47,-1,-0.133995612095368,0.996747421891402,0,0.598048453134841,10,0.8,0.4,"O6","de-protonated",0,NA,"C15 H12 O6",15,12,6,NA,NA,NA,NA,NA,NA,NA,NA
627,287.05993,287.059509098643,287.059482875429,3743450,NA,366173.5,25.51,-1,0.0913511497538195,0.99848695061966,0,0.599092170371796,5,1.33333333333333,0.5,"S1 O6","de-protonated",0,NA,"C12 H16 O6 S1",12,16,6,NA,NA,1,NA,NA,NA,NA,NA
628,287.067711,287.067290077907,287.067344961351,1583837.6,NA,394305.8,9.39,-1,-0.191186652625827,0.99338957226962,0,0.596033743361772,10,0.857142857142857,0.357142857142857,"N2 O5","de-protonated",0,NA,"C14 H12 O5 N2",14,12,5,2,NA,NA,NA,NA,NA,NA,NA
630,287.077617,287.077196051507,287.077240940159,9578210,NA,358460.5,69.06,-1,-0.156364367450394,0.997455941158451,0.961459467249283,0.983057351594784,5,1.33333333333333,0.666666666666667,"O8","de-protonated",0,NA,"C12 H16 O8",12,16,8,NA,NA,NA,NA,NA,NA,NA,NA
631,287.0929,287.092479010778,287.092497081443,1859817.1,NA,393740,11.45,-1,-0.0629437037254182,0.999281374999205,0,0.599568824999523,9,1,0.3125,"O5","de-protonated",0,NA,"C16 H16 O5",16,16,5,NA,NA,NA,NA,NA,NA,NA,NA
632,287.105908,287.105486976112,287.105384241065,5477103,NA,338457.3,38.45,-1,0.357830442974883,0.977034645693132,0,0.586220787415879,4,1.61538461538462,0.384615384615385,"P1 O5","de-protonated",0,NA,"C13 H21 O5 P1",13,21,5,NA,1,NA,NA,NA,NA,NA,NA
633,287.114014,287.11359295451,287.113626449543,9379571,NA,341388.3,67.58,-1,-0.116661244569005,0.49876677900198,0.875929598413485,0.649631906766582,4,1.53846153846154,0.538461538461538,"O7","de-protonated",0,NA,"C13 H20 O7",13,20,7,NA,NA,NA,NA,NA,NA,NA,NA
635,287.142262,287.141840879229,287.14176975045,4441855.5,NA,335648.5,30.73,-1,0.247713105868122,0.98892773885997,0,0.593356643315982,3,1.78571428571429,0.285714285714286,"P1 O4","de-protonated",0,NA,"C14 H25 O4 P1",14,25,4,NA,1,NA,NA,NA,NA,NA,NA
636,287.15046,287.150038857382,287.150011958927,5069571.5,NA,366819.1,35.41,-1,0.0936738762236089,0.998409091797104,0,0.599045455078263,3,1.71428571428571,0.428571428571429,"O6","de-protonated",0,NA,"C14 H24 O6",14,24,6,NA,NA,NA,NA,NA,NA,NA,NA
638,288.015376,288.014952552393,288.014975034868,1290765.1,NA,327877.2,7.2,-1,-0.0780600884808693,0.998894975662635,0,0.599336985397581,11,0.538461538461538,0.538461538461538,"N1 O7","de-protonated",0,NA,"C13 H7 O7 N1",13,7,7,1,NA,NA,NA,NA,NA,NA,NA
639,288.051721,288.051297455534,288.051360544252,1614237.8,NA,433077.9,9.62,-1,-0.21901898875303,0.991333800249872,0,0.594800280149923,10,0.785714285714286,0.428571428571429,"N1 O6","de-protonated",0,NA,"C14 H11 O6 N1",14,11,6,1,NA,NA,NA,NA,NA,NA,NA
641,288.109248,288.108824302226,288.108875421736,1962679.9,NA,322287.6,12.22,-1,-0.177431222686823,0.994303946092262,0,0.596582367655357,4,1.58333333333333,0.583333333333333,"N1 O7","de-protonated",0,NA,"C12 H19 O7 N1",12,19,7,1,NA,NA,NA,NA,NA,NA,NA
643,288.145684,288.145260205124,288.14526093112,1598664.5,NA,388559.1,9.5,-1,-0.00251954751459326,0.999998848142687,0,0.599999308885612,3,1.76923076923077,0.461538461538462,"N1 O6","de-protonated",0,NA,"C13 H23 O6 N1",13,23,6,1,NA,NA,NA,NA,NA,NA,NA
644,288.156863,288.156439175333,288.156494320412,2185933.5,NA,338000.8,13.88,-1,-0.191371983574638,0.993376792689318,0,0.596026075613591,3,1.91666666666667,0.416666666666667,"N3 O5","de-protonated",0,NA,"C12 H23 O5 N3",12,23,5,3,NA,NA,NA,NA,NA,NA,NA
649,289.035785,289.035358833018,289.035376127153,3346525,NA,372345.2,22.54,-1,-0.0598339719215103,0.999350605744575,0,0.599610363446745,10,0.714285714285714,0.5,"O7","de-protonated",0,NA,"C14 H10 O7",14,10,7,NA,NA,NA,NA,NA,NA,NA,NA
650,289.048827,289.048400798262,289.048263286775,3822179,NA,371476.6,26.09,-1,0.475738844363959,0.959764998110018,0,0.575858998866011,5,1.36363636363636,0.636363636363636,"P1 O7","de-protonated",0,NA,"C11 H15 O7 P1",11,15,7,NA,1,NA,NA,NA,NA,NA,NA
653,289.072199,289.071772735976,289.071761636537,4843117.5,NA,378289.8,33.71,-1,0.0383968270568519,0.999732523017419,0,0.599839513810451,9,0.933333333333333,0.4,"O6","de-protonated",0,NA,"C15 H14 O6",15,14,6,NA,NA,NA,NA,NA,NA,NA,NA
654,289.083371,289.082944706202,289.082995025829,1929842.6,NA,418537.6,11.97,-1,-0.174066368240576,0.994517352880007,0,0.596710411728004,9,1,0.357142857142857,"N2 O5","de-protonated",0,NA,"C14 H14 O5 N2",14,14,5,2,NA,NA,NA,NA,NA,NA,NA
655,289.085185,289.084758701368,289.084648796159,7929459.5,NA,343423.3,56.75,-1,0.380183483979739,0.974114428640237,0,0.584468657184142,4,1.58333333333333,0.5,"P1 O6","de-protonated",0,NA,"C12 H19 O6 P1",12,19,6,NA,1,NA,NA,NA,NA,NA,NA
656,289.093264,289.092837679838,289.092891004637,5387895,NA,352007.8,37.78,-1,-0.184455587163817,0.993845432062761,0,0.596307259237656,4,1.5,0.666666666666667,"O8","de-protonated",0,NA,"C12 H18 O8",12,18,8,NA,NA,NA,NA,NA,NA,NA,NA
658,289.121552,289.121125604451,289.121034305543,61545092,NA,352450.8,456.93,-1,0.315780923224618,0.980832794026534,0.984551520614917,0.982320284661887,3,1.76923076923077,0.384615384615385,"P1 O5","de-protonated",0,NA,"C13 H23 O5 P1",13,23,5,NA,1,NA,NA,NA,NA,NA,NA
659,289.129705,289.129278582723,289.129276514021,3745927.8,NA,350797.1,25.52,-1,0.00715493813976917,0.99999071111518,0,0.599994426669108,3,1.69230769230769,0.538461538461538,"O7","de-protonated",0,NA,"C13 H22 O7",13,22,7,NA,NA,NA,NA,NA,NA,NA,NA
660,289.157972,289.157545507392,289.157419814928,2875540.5,NA,373535,19.03,-1,0.434685245415879,0.966296111234377,0,0.579777666740626,2,1.92857142857143,0.285714285714286,"P1 O4","de-protonated",0,NA,"C14 H27 O4 P1",14,27,4,NA,1,NA,NA,NA,NA,NA,NA
661,289.166129,289.165702485654,289.165662023405,1841816.1,NA,446340.6,11.31,-1,0.139927569826799,0.996453588083313,0,0.597872152849988,2,1.85714285714286,0.428571428571429,"O6","de-protonated",0,NA,"C14 H26 O6",14,26,6,NA,NA,NA,NA,NA,NA,NA,NA
662,289.987202,289.986773297506,289.98686676141,1657356.6,NA,444840.3,9.93,-1,-0.322303919226336,0.981327672617368,0,0.588796603570421,10,0.769230769230769,0.0769230769230769,"N1 S2 P1 O1","de-protonated",0,NA,"C13 H10 O1 S2 N1 P1",13,10,1,1,1,2,NA,NA,NA,NA,NA
664,290.067389,290.066960083809,290.06701060873,2397233,NA,378619.9,15.45,-1,-0.174183617877456,0.994509984581719,0,0.596705990749031,9,0.928571428571429,0.428571428571429,"N1 O6","de-protonated",0,NA,"C14 H13 O6 N1",14,13,6,1,NA,NA,NA,NA,NA,NA,NA
665,290.080422,290.079993049076,290.079897768352,1524534.9,NA,328527.4,8.94,-1,0.328463725591002,0.980614157871588,0,0.588368494722953,4,1.63636363636364,0.545454545454545,"N1 P1 O6","de-protonated",0,NA,"C11 H18 O6 N1 P1",11,18,6,1,1,NA,NA,NA,NA,NA,NA
666,290.08851,290.088081027522,290.08813997683,2927674.5,NA,365888.6,19.41,-1,-0.203211713233051,0.992535078396388,0,0.595521047037833,4,1.54545454545455,0.727272727272727,"N1 O8","de-protonated",0,NA,"C11 H17 O8 N1",11,17,8,1,NA,NA,NA,NA,NA,NA,NA
667,290.10386,290.103430986614,290.103396118115,1847105.5,NA,379305.2,11.35,-1,0.120193352164836,0.997382144669762,0,0.598429286801857,8,1.13333333333333,0.333333333333333,"N1 O5","de-protonated",0,NA,"C15 H17 O5 N1",15,17,5,1,NA,NA,NA,NA,NA,NA,NA
669,290.225984,290.225554661156,290.225439805889,2546296.8,NA,338697.1,16.57,-1,0.395744998130544,0.971982553899194,0,0.583189532339517,0,2.26666666666667,0.133333333333333,"N1 P1 O2","de-protonated",0,NA,"C15 H34 O2 N1 P1",15,34,2,1,1,NA,NA,NA,NA,NA,NA
671,291.015054,291.014622558296,291.014640682247,3072478,NA,388496,20.49,-1,-0.0622784852539735,0.999296478947652,0,0.599577887368591,10,0.615384615384615,0.615384615384615,"O8","de-protonated",0,NA,"C13 H8 O8",13,8,8,NA,NA,NA,NA,NA,NA,NA,NA
672,291.051447,291.051015461309,291.051026191631,6656494.5,NA,344810,47.24,-1,-0.0368674947287355,0.999753403147778,0,0.599852041888667,9,0.857142857142857,0.5,"O7","de-protonated",0,NA,"C14 H12 O7",14,12,7,NA,NA,NA,NA,NA,NA,NA,NA
673,291.06274,291.062308431213,291.062259580923,1806835.6,NA,422181.9,11.04,-1,0.167834503712161,0.99490191664376,0,0.596941149986256,9,0.923076923076923,0.461538461538462,"N2 O6","de-protonated",0,NA,"C13 H12 O6 N2",13,12,6,2,NA,NA,NA,NA,NA,NA,NA
675,291.072544,291.072112405086,291.07215555973,1439992.1,NA,412536.5,8.31,-1,-0.148260985871494,0.996019461803608,0,0.597611677082165,4,1.45454545454545,0.818181818181818,"O9","de-protonated",0,NA,"C11 H16 O9",11,16,9,NA,NA,NA,NA,NA,NA,NA,NA
677,291.087841,291.087409364319,291.087411701015,8191487,NA,373757.3,58.7,-1,-0.00802747149466235,0.998308703496328,0.992671236036341,0.996053716512333,8,1.06666666666667,0.4,"O6","de-protonated",0,NA,"C15 H16 O6",15,16,6,NA,NA,NA,NA,NA,NA,NA,NA
678,291.091244,291.09081235525,291.090783004385,1688064.5,NA,362189.4,10.16,-1,0.100830623460346,0.998156945356843,0,0.598894167214106,3,1.66666666666667,0.5,"S1 O6","de-protonated",0,NA,"C12 H20 O6 S1",12,20,6,NA,NA,1,NA,NA,NA,NA,NA
680,291.108888,291.108456308229,291.108541069115,2401288.5,NA,380487.8,15.48,-1,-0.291165917076396,0.984734928090275,0,0.590840956854165,3,1.66666666666667,0.666666666666667,"O8","de-protonated",0,NA,"C12 H20 O8",12,20,8,NA,NA,NA,NA,NA,NA,NA,NA
682,291.124213,291.123781267388,291.123797210399,4607503.5,NA,352549.5,31.95,-1,-0.0547636820871499,0.999455972380647,0,0.599673583428388,7,1.25,0.3125,"O5","de-protonated",0,NA,"C16 H20 O5",16,20,5,NA,NA,NA,NA,NA,NA,NA,NA
683,291.137254,291.136822232634,291.136684370021,3690005.3,NA,348916.7,25.1,-1,0.473532262545951,0.960129845771821,0,0.576077907463093,2,1.92307692307692,0.384615384615385,"P1 O5","de-protonated",0,NA,"C13 H25 O5 P1",13,25,5,NA,1,NA,NA,NA,NA,NA,NA
685,291.160565,291.160133170511,291.160182719784,2177567.8,NA,385595.9,13.81,-1,-0.170178739693579,0.994758883093215,0,0.596855329855929,6,1.41176470588235,0.235294117647059,"O4","de-protonated",0,NA,"C17 H24 O4",17,24,4,NA,NA,NA,NA,NA,NA,NA,NA
686,291.173525,291.173093135973,291.173069879406,2119205.8,NA,306873.2,13.38,-1,0.079871970550575,0.998843112068861,0,0.599305867241317,1,2.07142857142857,0.285714285714286,"P1 O4","de-protonated",0,NA,"C14 H29 O4 P1",14,29,4,NA,1,NA,NA,NA,NA,NA,NA
688,291.209966,291.209534038858,291.20945538879,129596984,NA,352959.6,964.86,-1,0.270080748878282,0.652850395653981,0.860249577293145,0.735810068309647,0,2.2,0.2,"P1 O3","de-protonated",0,NA,"C15 H33 O3 P1",15,33,3,NA,1,NA,NA,NA,NA,NA,NA
690,292.046704,292.046269808963,292.046275163824,2198960.3,NA,375362.1,13.97,-1,-0.018335657358333,0.999938999478048,0,0.599963399686829,9,0.846153846153846,0.538461538461538,"N1 O7","de-protonated",0,NA,"C13 H11 O7 N1",13,11,7,1,NA,NA,NA,NA,NA,NA,NA
692,292.0679,292.067465752476,292.067404531923,1466297.9,NA,371748.1,8.5,-1,0.209611042372536,0.99205942162447,0,0.595235652974682,4,1.5,0.9,"N1 O9","de-protonated",0,NA,"C10 H15 O9 N1",10,15,9,1,NA,NA,NA,NA,NA,NA,NA
693,292.083052,292.082617712097,292.082660673208,3403200.8,NA,369656.5,22.96,-1,-0.1470854571138,0.996082209868231,0,0.597649325920939,8,1.07142857142857,0.428571428571429,"N1 O6","de-protonated",0,NA,"C14 H15 O6 N1",14,15,6,1,NA,NA,NA,NA,NA,NA,NA
695,292.104142,292.103707655892,292.103790041308,2491338.3,NA,322281.5,16.15,-1,-0.282041583764736,0.985669886444332,0,0.591401931866599,3,1.72727272727273,0.727272727272727,"N1 O8","de-protonated",0,NA,"C11 H19 O8 N1",11,19,8,1,NA,NA,NA,NA,NA,NA,NA
696,292.119543,292.119108614849,292.119046182593,1481425.3,NA,351329.1,8.61,-1,0.213721963317221,0.991746205434771,0,0.595047723260863,7,1.26666666666667,0.333333333333333,"N1 O5","de-protonated",0,NA,"C15 H19 O5 N1",15,19,5,1,NA,NA,NA,NA,NA,NA,NA
698,292.132487,292.132052580353,292.131933342214,13414359,NA,350835,97.68,-1,0.408165369431447,0.48511158390953,0.884369916155675,0.644814916807988,2,2,0.416666666666667,"N1 P1 O5","de-protonated",0,NA,"C12 H24 O5 N1 P1",12,24,5,1,1,NA,NA,NA,NA,NA,NA
699,292.168877,292.168442483374,292.168318851599,1802215.5,NA,381133.2,11.01,-1,0.423152571418911,0.968032268743582,0,0.580819361246149,1,2.15384615384615,0.307692307692308,"N1 P1 O4","de-protonated",0,NA,"C13 H28 O4 N1 P1",13,28,4,1,1,NA,NA,NA,NA,NA,NA
700,292.213392,292.212957364742,292.21294656946,19341308,NA,350337.4,141.92,-1,0.036943201844354,0.499876194731992,0.867648864333947,0.646985262572774,0,2.21428571428571,0.357142857142857,"N1 O5","de-protonated",0,NA,"C14 H31 O5 N1",14,31,5,1,NA,NA,NA,NA,NA,NA,NA
702,293.030666,293.030229186719,293.030290746725,4795756,NA,346856.5,33.35,-1,-0.210080689290199,0.992023941458913,0,0.595214364875348,9,0.769230769230769,0.615384615384615,"O8","de-protonated",0,NA,"C13 H10 O8",13,10,8,NA,NA,NA,NA,NA,NA,NA,NA
703,293.043724,293.04328715192,293.043177906347,1807730,NA,354146.3,11.04,-1,0.372796848456062,0.975098016759775,0,0.585058810055865,4,1.5,0.8,"P1 O8","de-protonated",0,NA,"C10 H15 O8 P1",10,15,8,NA,1,NA,NA,NA,NA,NA,NA
705,293.067045,293.06660808977,293.066676256109,9439613,NA,338347.4,68.01,-1,-0.232596691560638,0.495115715015575,0.867648864333947,0.644128974742924,8,1,0.5,"O7","de-protonated",0,NA,"C14 H14 O7",14,14,7,NA,NA,NA,NA,NA,NA,NA,NA
706,293.078309,293.077872059751,293.077909645401,2339201.5,NA,388830,15.01,-1,-0.128244568219832,0.997020221843243,0,0.598212133105946,8,1.07692307692308,0.461538461538462,"N2 O6","de-protonated",0,NA,"C13 H14 O6 N2",13,14,6,2,NA,NA,NA,NA,NA,NA,NA
709,293.10344,293.103002992777,293.103061765493,13529485,NA,351315.6,98.53,-1,-0.200518941528505,0.996318108367342,0.986537742825823,0.992405962150735,7,1.2,0.4,"O6","de-protonated",0,NA,"C15 H18 O6",15,18,6,NA,NA,NA,NA,NA,NA,NA,NA
711,293.135946,293.135508906149,293.135424522885,1968027.5,NA,384985.2,12.24,-1,0.287864439257922,0.985076559828463,0,0.591045935897078,2,2,0.636363636363636,"N2 O7","de-protonated",0,NA,"C11 H22 O7 N2",11,22,7,2,NA,NA,NA,NA,NA,NA,NA
712,293.139816,293.139378895836,293.139447274877,4915613.5,NA,358395.8,34.24,-1,-0.233264550715298,0.99017552901015,0,0.59410531740609,6,1.375,0.3125,"O5","de-protonated",0,NA,"C16 H22 O5",16,22,5,NA,NA,NA,NA,NA,NA,NA,NA
713,293.152862,293.152424861069,293.152334434499,3008931.3,NA,317690.2,20.01,-1,0.308462729226577,0.982883473685735,0,0.589730084211441,1,2.07692307692308,0.384615384615385,"P1 O5","de-protonated",0,NA,"C13 H27 O5 P1",13,27,5,NA,1,NA,NA,NA,NA,NA,NA
714,293.176179,293.175741798929,293.175832784262,21373358,NA,348637.1,157.08,-1,-0.310343904632839,0.988978775245461,0.957296640991363,0.976305921543822,5,1.52941176470588,0.235294117647059,"O4","de-protonated",0,NA,"C17 H26 O4",17,26,4,NA,NA,NA,NA,NA,NA,NA,NA
715,293.179554,293.179116789935,293.179204087632,4327855,NA,363555.5,29.85,-1,-0.29776224162585,0.984041047960123,0,0.590424628776074,0,2.14285714285714,0.285714285714286,"S1 O4","de-protonated",0,NA,"C14 H30 O4 S1",14,30,4,NA,NA,1,NA,NA,NA,NA,NA
718,294.025913,294.0254735344,294.025539718918,1337004.3,NA,340600,7.35,-1,-0.225097850882448,0.990848302849523,0,0.594508981709714,9,0.75,0.666666666666667,"N1 O8","de-protonated",0,NA,"C12 H9 O8 N1",12,9,8,1,NA,NA,NA,NA,NA,NA,NA
719,294.06236,294.06192043727,294.061925228302,3538236.5,NA,333450.5,23.4,-1,-0.0162925958318257,0.999951835845853,0,0.599971101507512,8,1,0.538461538461538,"N1 O7","de-protonated",0,NA,"C13 H13 O7 N1",13,13,7,1,NA,NA,NA,NA,NA,NA,NA
720,294.083377,294.08293738126,294.083054596401,1368646,NA,462636.8,7.58,-1,-0.398578359742029,0.971585707024989,0,0.582951424214993,3,1.7,0.9,"N1 O9","de-protonated",0,NA,"C10 H17 O9 N1",10,17,9,1,NA,NA,NA,NA,NA,NA,NA
721,294.098756,294.098316340275,294.098310737686,3682125,NA,350025.6,24.45,-1,0.0190500542404597,0.999934153611109,0,0.599960492166665,7,1.21428571428571,0.428571428571429,"N1 O6","de-protonated",0,NA,"C14 H17 O6 N1",14,17,6,1,NA,NA,NA,NA,NA,NA,NA
724,294.135116,294.134676243376,294.134696247071,1312861.3,NA,417475.3,7.18,-1,-0.0680086187923487,0.999161120631094,0,0.599496672378656,6,1.4,0.333333333333333,"N1 O5","de-protonated",0,NA,"C15 H21 O5 N1",15,21,5,1,NA,NA,NA,NA,NA,NA,NA
725,294.148084,294.147644208817,294.147583406692,1409891.1,NA,396158.4,7.88,-1,0.206706182438756,0.992277136819493,0,0.595366282091696,1,2.16666666666667,0.416666666666667,"N1 P1 O5","de-protonated",0,NA,"C12 H26 O5 N1 P1",12,26,5,1,1,NA,NA,NA,NA,NA,NA
730,295.046357,295.045914814932,295.045940811203,7789814.5,NA,355924.3,54.4,-1,-0.0881092290554041,0.499296181317022,0.875929598413485,0.649949548155607,8,0.923076923076923,0.615384615384615,"O8","de-protonated",0,NA,"C13 H12 O8",13,12,8,NA,NA,NA,NA,NA,NA,NA,NA
732,295.082751,295.082308717943,295.082326320587,14359815,NA,348078.2,102.31,-1,-0.0596533328171479,0.993402754256292,0.998512523411188,0.99544666191825,7,1.14285714285714,0.5,"O7","de-protonated",0,NA,"C14 H16 O7",14,16,7,NA,NA,NA,NA,NA,NA,NA,NA
733,295.093962,295.093519688066,295.093559709879,2059532.1,NA,356859.4,12.62,-1,-0.135624151395199,0.996668012546052,0,0.598000807527631,7,1.23076923076923,0.461538461538462,"N2 O6","de-protonated",0,NA,"C13 H16 O6 N2",13,16,6,2,NA,NA,NA,NA,NA,NA,NA
734,295.095801,295.095358683165,295.095213480209,7148813,NA,347907,49.73,-1,0.492054595029115,0.957019087065235,0,0.574211452239141,2,1.90909090909091,0.636363636363636,"P1 O7","de-protonated",0,NA,"C11 H21 O7 P1",11,21,7,NA,1,NA,NA,NA,NA,NA,NA
736,295.119146,295.118703620951,295.118711829971,15236375,NA,341513.5,108.7,-1,-0.027815995026866,0.999605117510585,0.989242376683769,0.995460021179859,6,1.33333333333333,0.4,"O6","de-protonated",0,NA,"C15 H20 O6",15,20,6,NA,NA,NA,NA,NA,NA,NA,NA
737,295.130401,295.129958590956,295.129945219263,1343772.5,NA,397733.9,7.4,-1,0.0453078141789771,0.999627591856112,0,0.599776555113667,6,1.42857142857143,0.357142857142857,"N2 O5","de-protonated",0,NA,"C14 H20 O5 N2",14,20,5,2,NA,NA,NA,NA,NA,NA,NA
739,295.137713,295.13727057147,295.137339274626,2101023.8,NA,394857.3,12.92,-1,-0.232783681123648,0.990215794503712,0,0.594129476702227,5,1.5,0.1875,"S1 O3","de-protonated",0,NA,"C16 H24 O3 S1",16,24,3,NA,NA,1,NA,NA,NA,NA,NA
740,295.155582,295.155139523849,295.155097339355,2486055.8,NA,400230.5,15.73,-1,0.142923141290156,0.996300403704718,0,0.597780242222831,5,1.5,0.3125,"O5","de-protonated",0,NA,"C16 H24 O5",16,24,5,NA,NA,NA,NA,NA,NA,NA,NA
742,296.041651,296.041206162488,296.041189783396,1561781.1,NA,436195,8.99,-1,0.0553270736109729,0.999444724357184,0,0.59966683461431,8,0.916666666666667,0.666666666666667,"N1 O8","de-protonated",0,NA,"C12 H11 O8 N1",12,11,8,1,NA,NA,NA,NA,NA,NA,NA
743,296.077945,296.077500065765,296.07757529278,3390149.3,NA,375879.5,22.32,-1,-0.2540787308946,0.988354735482587,0,0.593012841289552,7,1.15384615384615,0.538461538461538,"N1 O7","de-protonated",0,NA,"C13 H15 O7 N1",13,15,7,1,NA,NA,NA,NA,NA,NA,NA
745,296.114315,296.11386996884,296.113960802164,2094805.6,NA,399767.6,12.87,-1,-0.306751239154322,0.983071274694301,0,0.58984276481658,6,1.35714285714286,0.428571428571429,"N1 O6","de-protonated",0,NA,"C14 H19 O6 N1",14,19,6,1,NA,NA,NA,NA,NA,NA,NA
748,297.025635,297.025187540185,297.025205366296,2598509.5,NA,344117.3,16.54,-1,-0.060015482228368,0.999346661097052,0,0.599607996658231,8,0.833333333333333,0.75,"O9","de-protonated",0,NA,"C12 H10 O9",12,10,9,NA,NA,NA,NA,NA,NA,NA,NA
749,297.062002,297.061554443268,297.061590875681,11556990,NA,351853.8,81.86,-1,-0.122642623148838,0.498637256280784,0.875929598413485,0.649554193133864,7,1.07692307692308,0.615384615384615,"O8","de-protonated",0,NA,"C13 H14 O8",13,14,8,NA,NA,NA,NA,NA,NA,NA,NA
750,297.073187,297.07273941346,297.072824264973,1350018.9,NA,364028.5,7.44,-1,-0.285625294420649,0.985306112443473,0,0.591183667466084,7,1.16666666666667,0.583333333333333,"N2 O7","de-protonated",0,NA,"C12 H14 O7 N2",12,14,7,2,NA,NA,NA,NA,NA,NA,NA
751,297.080593,297.080145393723,297.080218320336,8659078,NA,344122.1,60.73,-1,-0.245477847082212,0.494562787296347,0.867648864333947,0.643797218111387,6,1.28571428571429,0.357142857142857,"S1 O5","de-protonated",0,NA,"C14 H18 O5 S1",14,18,5,NA,NA,1,NA,NA,NA,NA,NA
752,297.090314,297.089866367817,297.089734176587,2443914.5,NA,331052.4,15.41,-1,0.444953877824634,0.964713678146121,0,0.578828206887673,6,1.35714285714286,0.357142857142857,"P1 O5","de-protonated",0,NA,"C14 H19 O5 P1",14,19,5,NA,1,NA,NA,NA,NA,NA,NA
754,297.098414,297.09796634623,297.097976385065,18094222,NA,348620.9,129.53,-1,-0.0337896429589128,0.998679380928419,0.98824623715524,0.994506123419147,6,1.28571428571429,0.5,"O7","de-protonated",0,NA,"C14 H18 O7",14,18,7,NA,NA,NA,NA,NA,NA,NA,NA
755,297.111382,297.110934311671,297.110863544687,3439252,NA,350431.9,22.67,-1,0.238183764595286,0.989758943234454,0,0.593855365940672,1,2.09090909090909,0.636363636363636,"P1 O7","de-protonated",0,NA,"C11 H23 O7 P1",11,23,7,NA,1,NA,NA,NA,NA,NA,NA
757,297.134802,297.134354249257,297.134361894449,10277022,NA,342430.2,72.53,-1,-0.0257297481009798,0.999939918008337,0.998770885338021,0.99947230494021,5,1.46666666666667,0.4,"O6","de-protonated",0,NA,"C15 H22 O6",15,22,6,NA,NA,NA,NA,NA,NA,NA,NA
758,297.147643,297.147195215036,297.147249054071,1379236.1,NA,390367.1,7.65,-1,-0.181186383191104,0.994061016711242,0,0.596436610026745,0,2.25,0.5,"P1 O6","de-protonated",0,NA,"C12 H27 O6 P1",12,27,6,NA,1,NA,NA,NA,NA,NA,NA
759,297.153368,297.152920199779,297.152989339104,23685286,NA,339400.8,170.3,-1,-0.232672487909102,0.995090494603499,0.982736889918385,0.990149052729453,4,1.625,0.1875,"S1 O3","de-protonated",0,NA,"C16 H26 O3 S1",16,26,3,NA,NA,1,NA,NA,NA,NA,NA
760,297.171182,297.170734152305,297.170747403833,1831342.6,NA,355986.7,10.95,-1,-0.0445923054595534,0.999639259140882,0,0.599783555484529,4,1.625,0.3125,"O5","de-protonated",0,NA,"C16 H26 O5",16,26,5,NA,NA,NA,NA,NA,NA,NA,NA
761,298.057232,298.056781790994,298.056839847874,2447418.5,NA,374878,15.44,-1,-0.194784589118675,0.993139291690953,0,0.595883575014572,7,1.08333333333333,0.666666666666667,"N1 O8","de-protonated",0,NA,"C12 H13 O8 N1",12,13,8,1,NA,NA,NA,NA,NA,NA,NA
762,298.093607,298.093156694056,298.093225357258,2547786.8,NA,358812.8,16.17,-1,-0.230341371044879,0.990419042990364,0,0.594251425794218,6,1.30769230769231,0.538461538461538,"N1 O7","de-protonated",0,NA,"C13 H17 O7 N1",13,17,7,1,NA,NA,NA,NA,NA,NA,NA
768,299.041271,299.040818168545,299.040855430774,4554737.5,NA,355738.3,30.8,-1,-0.124605814438024,0.997186682012561,0,0.598312009207537,7,1,0.75,"O9","de-protonated",0,NA,"C12 H12 O9",12,12,9,NA,NA,NA,NA,NA,NA,NA,NA
769,299.056423,299.055970128165,299.056111572059,1422072.1,NA,335724.8,7.96,-1,-0.472967742958915,0.960222936084087,0,0.576133761650452,11,0.75,0.375,"O6","de-protonated",0,NA,"C16 H12 O6",16,12,6,NA,NA,NA,NA,NA,NA,NA,NA
770,299.060024,299.059571118568,299.059482875429,1304185.8,NA,271248.4,7.1,-1,0.295068855426675,0.984326188891773,0,0.590595713335064,6,1.23076923076923,0.461538461538462,"S1 O6","de-protonated",0,NA,"C13 H16 O6 S1",13,16,6,NA,NA,1,NA,NA,NA,NA,NA
772,299.077666,299.077213071553,299.077240940159,14371842,NA,343410.7,102.38,-1,-0.0931819672967531,0.995308035629604,0.988377697889486,0.992535900533557,6,1.23076923076923,0.615384615384615,"O8","de-protonated",0,NA,"C13 H16 O8",13,16,8,NA,NA,NA,NA,NA,NA,NA,NA
773,299.096257,299.095804022008,299.095868384814,14406666,NA,341929.7,102.64,-1,-0.215191222158898,0.976219483740475,0.994459299588155,0.983515410079547,5,1.42857142857143,0.357142857142857,"S1 O5","de-protonated",0,NA,"C14 H20 O5 S1",14,20,5,NA,NA,1,NA,NA,NA,NA,NA
776,299.114019,299.113565974673,299.113626449543,14713874,NA,340977.6,104.88,-1,-0.202180258382411,0.992573148450347,0.994398865268389,0.993303435177564,5,1.42857142857143,0.5,"O7","de-protonated",0,NA,"C14 H20 O7",14,20,7,NA,NA,NA,NA,NA,NA,NA,NA
777,299.150419,299.149965877667,299.150011958927,4882466,NA,346221.4,33.19,-1,-0.1540406423307,0.995703746725169,0,0.597422248035101,4,1.6,0.4,"O6","de-protonated",0,NA,"C15 H24 O6",15,24,6,NA,NA,NA,NA,NA,NA,NA,NA
778,299.186732,299.186278780894,299.186397468311,1581874.1,NA,390644,9.12,-1,-0.396700581691183,0.971849011068059,0,0.583109406640835,3,1.75,0.3125,"O5","de-protonated",0,NA,"C16 H28 O5",16,28,5,NA,NA,NA,NA,NA,NA,NA,NA
779,300.07293,300.072474419189,300.072489912352,2606012.8,NA,344528.3,16.59,-1,-0.051631399883689,0.999516410795184,0,0.59970984647711,6,1.25,0.666666666666667,"N1 O8","de-protonated",0,NA,"C12 H15 O8 N1",12,15,8,1,NA,NA,NA,NA,NA,NA,NA
782,300.10936,300.108904322103,300.108875421736,2850252.8,NA,346490.7,18.37,-1,0.0962996096897079,0.998318729693447,0,0.598991237816068,5,1.46153846153846,0.538461538461538,"N1 O7","de-protonated",0,NA,"C13 H19 O7 N1",13,19,7,1,NA,NA,NA,NA,NA,NA,NA
786,300.999356,300.998897950277,300.998990617769,1722968.3,NA,403413.3,10.15,-1,-0.30786645253493,0.982949017378398,0,0.589769410427039,12,0.428571428571429,0.571428571428571,"O8","de-protonated",0,NA,"C14 H6 O8",14,6,8,NA,NA,NA,NA,NA,NA,NA,NA
787,301.03572,301.035261853368,301.035376127153,2426216.5,NA,325110.9,15.27,-1,-0.379602512878903,0.974192452424738,0,0.584515471454843,11,0.666666666666667,0.466666666666667,"O7","de-protonated",0,NA,"C15 H10 O7",15,10,7,NA,NA,NA,NA,NA,NA,NA,NA
788,301.039212,301.038753844062,301.038747430523,2045290,NA,423536.8,12.5,-1,0.0213046950067947,0.999917645641754,0,0.599950587385052,6,1.16666666666667,0.583333333333333,"S1 O7","de-protonated",0,NA,"C12 H14 O7 S1",12,14,7,NA,NA,1,NA,NA,NA,NA,NA
790,301.056953,301.056494796782,301.056505495252,6271858,NA,351756.8,43.31,-1,-0.0355364194199091,0.999770886116834,0,0.5998625316701,6,1.16666666666667,0.75,"O9","de-protonated",0,NA,"C12 H14 O9",12,14,9,NA,NA,NA,NA,NA,NA,NA,NA
791,301.072156,301.071697756266,301.071761636537,3014008.5,NA,351416.3,19.56,-1,-0.21217622867033,0.991864678889462,0,0.595118807333677,10,0.875,0.375,"O6","de-protonated",0,NA,"C16 H14 O6",16,14,6,NA,NA,NA,NA,NA,NA,NA,NA
792,301.075503,301.075044747347,301.075132939907,3172218,NA,363003.6,20.71,-1,-0.292925422799633,0.984551314793126,0,0.590730788875876,5,1.38461538461538,0.461538461538462,"S1 O6","de-protonated",0,NA,"C13 H18 O6 S1",13,18,6,NA,NA,1,NA,NA,NA,NA,NA
793,301.08524,301.084781721398,301.084648796159,6666110.5,NA,357660.8,46.19,-1,0.441487930173109,0.965251632657916,0,0.57915097959475,5,1.46153846153846,0.461538461538462,"P1 O6","de-protonated",0,NA,"C13 H19 O6 P1",13,19,6,NA,1,NA,NA,NA,NA,NA,NA
794,301.093333,301.09287469983,301.092891004637,11427714,NA,339093.1,80.91,-1,-0.054152081468937,0.989927428800565,0.981323081037028,0.986485689695151,5,1.38461538461538,0.615384615384615,"O8","de-protonated",0,NA,"C13 H18 O8",13,18,8,NA,NA,NA,NA,NA,NA,NA,NA
796,301.108573,301.108114659215,301.108147145921,1652616.8,NA,385929.8,9.63,-1,-0.107890491547133,0.99789010127467,0,0.598734060764802,9,1.05882352941176,0.294117647058824,"O5","de-protonated",0,NA,"C17 H18 O5",17,18,5,NA,NA,NA,NA,NA,NA,NA,NA
797,301.121637,301.1211786244,301.121034305543,8671119,NA,327960.5,60.81,-1,0.479271921299948,0.962867561001015,0.894179933708503,0.93539251008401,4,1.64285714285714,0.357142857142857,"P1 O5","de-protonated",0,NA,"C14 H23 O5 P1",14,23,5,NA,1,NA,NA,NA,NA,NA,NA
798,301.129733,301.129274602824,301.129276514021,8830866,NA,335630.6,61.97,-1,-0.0063467642750985,0.999615475317512,0.970255176331024,0.987871355722917,4,1.57142857142857,0.5,"O7","de-protonated",0,NA,"C14 H22 O7",14,22,7,NA,NA,NA,NA,NA,NA,NA,NA
800,301.157997,301.157538527501,301.157419814928,1560222.8,NA,411089.9,8.96,-1,0.394187775891397,0.97219952480227,0,0.583319714881362,3,1.8,0.266666666666667,"P1 O4","de-protonated",0,NA,"C15 H27 O4 P1",15,27,4,NA,1,NA,NA,NA,NA,NA,NA
801,301.166179,301.165720505696,301.165662023405,3062178.3,NA,372177.7,19.91,-1,0.194186451409276,0.993181218480782,0,0.595908731088469,3,1.73333333333333,0.4,"O6","de-protonated",0,NA,"C15 H26 O6",15,26,6,NA,NA,NA,NA,NA,NA,NA,NA
802,302.030997,302.030536200969,302.030625099346,1582113.9,NA,404362.8,9.11,-1,-0.294335638272175,0.984403377987992,0,0.590642026792795,11,0.642857142857143,0.5,"N1 O7","de-protonated",0,NA,"C14 H9 O7 N1",14,9,7,1,NA,NA,NA,NA,NA,NA,NA
803,302.067343,302.066882104107,302.06701060873,1476146,NA,359854.6,8.34,-1,-0.425417600005432,0.967694725527686,0,0.580616835316612,10,0.866666666666667,0.4,"N1 O6","de-protonated",0,NA,"C15 H13 O6 N1",15,13,6,1,NA,NA,NA,NA,NA,NA,NA
804,302.088589,302.088128047487,302.08813997683,2071867.4,NA,392014.3,12.69,-1,-0.0394896085866268,0.999717083651126,0,0.599830250190675,5,1.41666666666667,0.666666666666667,"N1 O8","de-protonated",0,NA,"C12 H17 O8 N1",12,17,8,1,NA,NA,NA,NA,NA,NA,NA
806,302.103739,302.103278007113,302.103396118115,1348162.1,NA,383137.6,7.41,-1,-0.390962178323044,0.972646385146335,0,0.583587831087801,9,1.0625,0.3125,"N1 O5","de-protonated",0,NA,"C16 H17 O5 N1",16,17,5,1,NA,NA,NA,NA,NA,NA,NA
812,303.015102,303.014638578344,303.014640682247,2383061.8,NA,362821.4,14.59,-1,-0.0069432383921693,0.999991252658491,0,0.599994751595095,11,0.571428571428571,0.571428571428571,"O8","de-protonated",0,NA,"C14 H8 O8",14,8,8,NA,NA,NA,NA,NA,NA,NA,NA
813,303.051416,303.050952481567,303.051026191631,4613861.5,NA,336787.6,30.47,-1,-0.243226576257664,0.989323054367063,0,0.593593832620238,10,0.8,0.466666666666667,"O7","de-protonated",0,NA,"C15 H12 O7",15,12,7,NA,NA,NA,NA,NA,NA,NA,NA
814,303.054908,303.054444472261,303.054397495001,1335015.3,NA,411988.9,7.14,-1,0.155012634031686,0.995649475697853,0,0.597389685418712,5,1.33333333333333,0.583333333333333,"S1 O7","de-protonated",0,NA,"C12 H16 O7 S1",12,16,7,NA,NA,1,NA,NA,NA,NA,NA
816,303.072571,303.07210742519,303.07215555973,3880687,NA,355848.4,25.25,-1,-0.158822048835806,0.995433516156813,0,0.597260109694088,5,1.33333333333333,0.75,"O9","de-protonated",0,NA,"C12 H16 O9",12,16,9,NA,NA,NA,NA,NA,NA,NA,NA
818,303.087758,303.087294384716,303.087411701015,4833014,NA,329231.1,32.03,-1,-0.387070838919071,0.973180857493504,0,0.583908514496103,9,1,0.375,"O6","de-protonated",0,NA,"C16 H16 O6",16,16,6,NA,NA,NA,NA,NA,NA,NA,NA
819,303.10091,303.100446349667,303.100298860637,12411644,NA,343123.3,85.97,-1,0.486601398845887,0.478973135505289,0.875929598413485,0.637755720668568,4,1.61538461538462,0.461538461538462,"P1 O6","de-protonated",0,NA,"C13 H21 O6 P1",13,21,6,NA,1,NA,NA,NA,NA,NA,NA
820,303.108971,303.108507328184,303.108541069115,5156607,NA,355938,34.33,-1,-0.111316330259237,0.997754136022557,0,0.598652481613534,4,1.53846153846154,0.615384615384615,"O8","de-protonated",0,NA,"C13 H20 O8",13,20,8,NA,NA,NA,NA,NA,NA,NA,NA
822,303.124193,303.123729287618,303.123797210399,2559749.8,NA,312831,15.85,-1,-0.224076045377166,0.990930823345509,0,0.594558494007306,8,1.17647058823529,0.294117647058824,"O5","de-protonated",0,NA,"C17 H20 O5",17,20,5,NA,NA,NA,NA,NA,NA,NA,NA
823,303.137294,303.136830252704,303.136684370021,8020747.5,NA,337068.7,54.72,-1,0.481243906923906,0.977827798305894,0.946613562099299,0.965342103823256,3,1.78571428571429,0.357142857142857,"P1 O5","de-protonated",0,NA,"C14 H25 O5 P1",14,25,5,NA,1,NA,NA,NA,NA,NA,NA
824,303.145347,303.144883231243,303.144926578499,5248783,NA,361842,34.99,-1,-0.142991857765248,0.996296851964663,0,0.597778111178798,3,1.71428571428571,0.5,"O7","de-protonated",0,NA,"C14 H24 O7",14,24,7,NA,NA,NA,NA,NA,NA,NA,NA
826,303.181914,303.181450133792,303.181312087883,1480223.4,NA,322700.3,8.17,-1,0.455324597693521,0.963080738185652,0,0.577848442911391,2,1.86666666666667,0.4,"O6","de-protonated",0,NA,"C15 H28 O6",15,28,6,NA,NA,NA,NA,NA,NA,NA,NA
827,304.046641,304.046174829307,304.046275163824,2094237.5,NA,350330.8,12.54,-1,-0.329997518937696,0.980434473931058,0,0.588260684358635,10,0.785714285714286,0.5,"N1 O7","de-protonated",0,NA,"C14 H11 O7 N1",14,11,7,1,NA,NA,NA,NA,NA,NA,NA
828,304.059643,304.059176794657,304.059162323446,1651363.3,NA,406945.8,9.38,-1,0.0475934067434594,0.999589079159072,0,0.599753447495443,5,1.45454545454545,0.636363636363636,"N1 P1 O7","de-protonated",0,NA,"C11 H16 O7 N1 P1",11,16,7,1,1,NA,NA,NA,NA,NA,NA
829,304.06785,304.067383772786,304.067404531923,2039462.9,NA,326386.6,12.15,-1,-0.0682714991683215,0.999154625639234,0,0.59949277538354,5,1.36363636363636,0.818181818181818,"N1 O9","de-protonated",0,NA,"C11 H15 O9 N1",11,15,9,1,NA,NA,NA,NA,NA,NA,NA
830,304.083018,304.082551732363,304.082660673208,2924205.5,NA,372289.1,18.44,-1,-0.358260628062456,0.9769800353048,0,0.58618802118288,9,1,0.4,"N1 O6","de-protonated",0,NA,"C15 H15 O6 N1",15,15,6,1,NA,NA,NA,NA,NA,NA,NA
831,304.104308,304.103841675626,304.103790041308,3276983,NA,340271.9,20.95,-1,0.16979176096279,0.994782629897267,0,0.59686957793836,4,1.58333333333333,0.666666666666667,"N1 O8","de-protonated",0,NA,"C12 H19 O8 N1",12,19,8,1,NA,NA,NA,NA,NA,NA,NA
837,305.03066,305.030191206911,305.030290746725,5059151.5,NA,346225.4,33.64,-1,-0.326327635026904,0.980863060625005,0,0.588517836375003,10,0.714285714285714,0.571428571428571,"O8","de-protonated",0,NA,"C14 H10 O8",14,10,8,NA,NA,NA,NA,NA,NA,NA,NA
838,305.041243,305.040774178708,305.040675982902,1534548.3,NA,442521.4,8.55,-1,0.321910529579811,0.981372799075306,0,0.588823679445184,9,1,0.2,"S1 P1 O3","de-protonated",0,NA,"C15 H15 O3 S1 P1",15,15,3,NA,1,1,NA,NA,NA,NA,NA
839,305.04378,305.043311171947,305.043177906347,2942037.3,NA,353271.9,18.57,-1,0.436874546554057,0.965961614740371,0,0.579576968844222,5,1.36363636363636,0.727272727272727,"P1 O8","de-protonated",0,NA,"C11 H15 O8 P1",11,15,8,NA,1,NA,NA,NA,NA,NA,NA
840,305.067068,305.066599109884,305.066676256109,8347231.5,NA,335100.4,57.04,-1,-0.252883158206602,0.993734888069482,0.990919416482347,0.992608699434628,9,0.933333333333333,0.466666666666667,"O7","de-protonated",0,NA,"C15 H14 O7",15,14,7,NA,NA,NA,NA,NA,NA,NA,NA
841,305.070445,305.069976100885,305.070047559479,2858081.3,NA,376780.3,17.97,-1,-0.234236676905342,0.990093879513816,0,0.59405632770829,4,1.5,0.583333333333333,"S1 O7","de-protonated",0,NA,"C12 H18 O7 S1",12,18,7,NA,NA,1,NA,NA,NA,NA,NA
842,305.078391,305.077922079709,305.077909645401,2915428.8,NA,351019.7,18.38,-1,0.040757810286848,0.999698623028882,0,0.599819173817329,9,1,0.428571428571429,"N2 O6","de-protonated",0,NA,"C14 H14 O6 N2",14,14,6,2,NA,NA,NA,NA,NA,NA,NA
844,305.088257,305.087788053416,305.087805624208,1782121,NA,365641.7,10.31,-1,-0.0575925750811715,0.999398333072932,0,0.599638999843759,4,1.5,0.75,"O9","de-protonated",0,NA,"C12 H18 O9",12,18,9,NA,NA,NA,NA,NA,NA,NA,NA
846,305.103451,305.102982012924,305.103061765493,9629296,NA,344486.6,66.16,-1,-0.261395505235453,0.493839291456015,0.85154837932281,0.636922926602733,8,1.125,0.375,"O6","de-protonated",0,NA,"C16 H18 O6",16,18,6,NA,NA,NA,NA,NA,NA,NA,NA
847,305.10684,305.106371003893,305.106433068863,1421681.1,NA,345543,7.75,-1,-0.203420721078862,0.992519772423146,0,0.595511863453888,3,1.69230769230769,0.461538461538462,"S1 O6","de-protonated",0,NA,"C13 H22 O6 S1",13,22,6,NA,NA,1,NA,NA,NA,NA,NA
848,305.116567,305.11609797797,305.115948925115,15578741,NA,338281.9,108.51,-1,0.488512172516806,0.968733822345091,0.949700976358273,0.961120683950364,3,1.76923076923077,0.461538461538462,"P1 O6","de-protonated",0,NA,"C13 H23 O6 P1",13,23,6,NA,1,NA,NA,NA,NA,NA,NA
850,305.139827,305.139357915983,305.139447274877,3901055.8,NA,341918.7,25.39,-1,-0.292846092298588,0.984559616405708,0,0.590735769843425,7,1.29411764705882,0.294117647058824,"O5","de-protonated",0,NA,"C17 H22 O5",17,22,5,NA,NA,NA,NA,NA,NA,NA,NA
854,306.062389,306.061917457369,306.061925228302,3007510,NA,382110.4,19.03,-1,-0.0253900687941441,0.999883034930407,0,0.599929820958244,9,0.928571428571429,0.5,"N1 O7","de-protonated",0,NA,"C14 H13 O7 N1",14,13,7,1,NA,NA,NA,NA,NA,NA,NA
856,306.075421,306.074949422638,306.074812387924,1480475.6,NA,348914.3,8.16,-1,0.447716404646862,0.964282106718305,0,0.578569264030983,4,1.63636363636364,0.636363636363636,"N1 P1 O7","de-protonated",0,NA,"C11 H18 O7 N1 P1",11,18,7,1,1,NA,NA,NA,NA,NA,NA
857,306.083463,306.082991401207,306.083054596401,2406431.3,NA,374161.5,14.75,-1,-0.206464205500265,0.992295137707003,0,0.595377082624202,4,1.54545454545455,0.818181818181818,"N1 O9","de-protonated",0,NA,"C11 H17 O9 N1",11,17,9,1,NA,NA,NA,NA,NA,NA,NA
858,306.098728,306.098256360526,306.098310737686,3408422,NA,362586.1,21.88,-1,-0.177646065478357,0.994290183074619,0,0.596574109844772,8,1.13333333333333,0.4,"N1 O6","de-protonated",0,NA,"C15 H17 O6 N1",15,17,6,1,NA,NA,NA,NA,NA,NA,NA
862,307.009987,307.009512932034,307.009555301818,1988022.5,NA,335448.2,11.77,-1,-0.138008031971156,0.996550053753668,0,0.597930032252201,10,0.615384615384615,0.692307692307692,"O9","de-protonated",0,NA,"C13 H8 O9",13,8,9,NA,NA,NA,NA,NA,NA,NA,NA
863,307.040658,307.040183850296,307.040067584388,1394371.9,NA,242166.7,7.55,-1,0.378666891421805,0.974317867645888,0,0.584590720587533,18,0.380952380952381,0.142857142857143,"O3","de-protonated",0,NA,"C21 H8 O3",21,8,3,NA,NA,NA,NA,NA,NA,NA,NA
864,307.046356,307.045881835111,307.045940811203,8659398,NA,339968.3,59.25,-1,-0.192075790104192,0.496664075048208,0.867648864333947,0.645057990762503,9,0.857142857142857,0.571428571428571,"O8","de-protonated",0,NA,"C14 H12 O8",14,12,8,NA,NA,NA,NA,NA,NA,NA,NA
867,307.082721,307.082246738199,307.082326320587,13779414,NA,338710.5,95.69,-1,-0.259156523754966,0.991051128219036,0.973579887596454,0.984062631970003,8,1.06666666666667,0.466666666666667,"O7","de-protonated",0,NA,"C15 H16 O7",15,16,7,NA,NA,NA,NA,NA,NA,NA,NA
868,307.094021,307.093546708084,307.093559709879,3280347.5,NA,354791.1,20.97,-1,-0.0423382203469584,0.999674801599791,0,0.599804880959874,8,1.14285714285714,0.428571428571429,"N2 O6","de-protonated",0,NA,"C14 H16 O6 N2",14,16,6,2,NA,NA,NA,NA,NA,NA,NA
869,307.095831,307.095356703261,307.095213480209,12134876,NA,341597.5,83.99,-1,0.466379955021857,0.961558864961672,0.994786191052068,0.97484979539783,3,1.75,0.583333333333333,"P1 O7","de-protonated",0,NA,"C12 H21 O7 P1",12,21,7,NA,1,NA,NA,NA,NA,NA,NA
871,307.119132,307.118657641164,307.118711829971,12603878,NA,341289.3,87.33,-1,-0.176442545444542,0.997074181842661,0.967168275923433,0.98511181947497,7,1.25,0.375,"O6","de-protonated",0,NA,"C16 H20 O6",16,20,6,NA,NA,NA,NA,NA,NA,NA,NA
874,307.155487,307.155012544278,307.155097339355,4103670.3,NA,356754.1,26.83,-1,-0.276065993482986,0.986266530692099,0,0.591759918415259,6,1.41176470588235,0.294117647058824,"O5","de-protonated",0,NA,"C17 H24 O5",17,24,5,NA,NA,NA,NA,NA,NA,NA,NA
875,307.168543,307.168068509484,307.167984498977,3519484,NA,338026.7,22.67,-1,0.2735002055407,0.986518904602369,0,0.591911342761421,1,2.07142857142857,0.357142857142857,"P1 O5","de-protonated",0,NA,"C14 H29 O5 P1",14,29,5,NA,1,NA,NA,NA,NA,NA,NA
877,307.204905,307.20443041258,307.204370008362,2272780,NA,369316.3,13.8,-1,0.196625517871921,0.993009452853322,0,0.595805671711993,0,2.2,0.266666666666667,"P1 O4","de-protonated",0,NA,"C15 H33 O4 P1",15,33,4,NA,1,NA,NA,NA,NA,NA,NA
878,308.041617,308.041140182755,308.041189783396,1807739.1,NA,397982.9,10.48,-1,-0.161019507580294,0.995306577465763,0,0.597183946479457,9,0.846153846153846,0.615384615384615,"N1 O8","de-protonated",0,NA,"C13 H11 O8 N1",13,11,8,1,NA,NA,NA,NA,NA,NA,NA
881,308.077925,308.077448085995,308.07757529278,4865931,NA,350423.5,32.25,-1,-0.41290504547769,0.969538308756088,0,0.581722985253653,8,1.07142857142857,0.5,"N1 O7","de-protonated",0,NA,"C14 H15 O7 N1",14,15,7,1,NA,NA,NA,NA,NA,NA,NA
884,308.114412,308.113934988757,308.113960802164,3141531,NA,389243.4,19.98,-1,-0.083778764186043,0.99872724384558,0,0.599236346307348,7,1.26666666666667,0.4,"N1 O6","de-protonated",0,NA,"C15 H19 O6 N1",15,19,6,1,NA,NA,NA,NA,NA,NA,NA
886,308.127322,308.126844954352,308.126847961786,1483680.8,NA,397416.4,8.18,-1,-0.00976037571574117,0.999982714452251,0,0.59998962867135,2,2,0.5,"N1 P1 O6","de-protonated",0,NA,"C12 H24 O6 N1 P1",12,24,6,1,1,NA,NA,NA,NA,NA,NA
887,308.135601,308.135123932289,308.135090170264,1652388.4,NA,392191.8,9.38,-1,0.109568907975868,0.997824016704689,0,0.598694410022814,2,1.91666666666667,0.666666666666667,"N1 O8","de-protonated",0,NA,"C12 H23 O8 N1",12,23,8,1,NA,NA,NA,NA,NA,NA,NA
888,308.163851,308.163373857003,308.16323347117,1356976.8,NA,351612.5,7.28,-1,0.455556722552122,0.963043790125457,0,0.577826274075274,1,2.15384615384615,0.384615384615385,"N1 P1 O5","de-protonated",0,NA,"C13 H28 O5 N1 P1",13,28,5,1,1,NA,NA,NA,NA,NA,NA
889,308.200147,308.199669760275,308.199618980555,6943680.5,NA,346193.1,47.04,-1,0.164762436095997,0.995086385635547,0,0.597051831381328,0,2.28571428571429,0.285714285714286,"N1 P1 O4","de-protonated",0,NA,"C14 H32 O4 N1 P1",14,32,4,1,1,NA,NA,NA,NA,NA,NA
893,309.025663,309.025183560287,309.025205366296,3689770.3,NA,347626.6,23.88,-1,-0.0705638540829285,0.999096928282194,0,0.599458156969316,9,0.769230769230769,0.692307692307692,"O9","de-protonated",0,NA,"C13 H10 O9",13,10,9,NA,NA,NA,NA,NA,NA,NA,NA
894,309.062016,309.061536463407,309.061590875681,11402554,NA,334757.7,78.77,-1,-0.176056409430683,0.995618088081125,0.986315694443622,0.991897130626124,8,1,0.571428571428571,"O8","de-protonated",0,NA,"C14 H14 O8",14,14,8,NA,NA,NA,NA,NA,NA,NA,NA
895,309.073386,309.072906433106,309.072824264973,2107711,NA,403651.5,12.62,-1,0.265853631704626,0.987257424852418,0,0.592354454911451,8,1.07692307692308,0.538461538461538,"N2 O7","de-protonated",0,NA,"C13 H14 O7 N2",13,14,7,2,NA,NA,NA,NA,NA,NA,NA
898,309.098383,309.097903366489,309.097976385065,22682954,NA,333466.9,159.06,-1,-0.236231167544456,0.994943318773459,0.97508260589405,0.986999033621696,7,1.2,0.466666666666667,"O7","de-protonated",0,NA,"C15 H18 O7",15,18,7,NA,NA,NA,NA,NA,NA,NA,NA
900,309.10977,309.109290336143,309.109209774357,1969999,NA,397227.9,11.64,-1,0.260625640215808,0.987750608693981,0,0.592650365216388,7,1.28571428571429,0.428571428571429,"N2 O6","de-protonated",0,NA,"C14 H18 O6 N2",14,18,6,2,NA,NA,NA,NA,NA,NA,NA
901,309.111469,309.110989331615,309.110863544687,6942032,NA,326700.1,47.02,-1,0.406931437831847,0.970400246132307,0,0.582240147679384,2,1.91666666666667,0.583333333333333,"P1 O7","de-protonated",0,NA,"C12 H23 O7 P1",12,23,7,NA,1,NA,NA,NA,NA,NA,NA
903,309.134749,309.134269269574,309.134361894449,11427162,NA,327349.8,78.95,-1,-0.299626590887541,0.986764076749024,0.986831147808347,0.986790905172753,6,1.375,0.375,"O6","de-protonated",0,NA,"C16 H22 O6",16,22,6,NA,NA,NA,NA,NA,NA,NA,NA
905,309.153457,309.152977219718,309.152989339104,1982562.1,NA,346798.9,11.72,-1,-0.0392019060404322,0.999721190450091,0,0.599832714270054,5,1.52941176470588,0.176470588235294,"S1 O3","de-protonated",0,NA,"C17 H26 O3 S1",17,26,3,NA,NA,1,NA,NA,NA,NA,NA
906,309.171173,309.170693172505,309.170747403833,5412202,NA,349151.3,36.13,-1,-0.175408990532195,0.994432685110444,0,0.596659611066266,5,1.52941176470588,0.294117647058824,"O5","de-protonated",0,NA,"C17 H26 O5",17,26,5,NA,NA,NA,NA,NA,NA,NA,NA
907,309.174523,309.174043163577,309.174118707203,2970475.3,NA,326433.9,18.76,-1,-0.24434007189953,0.989225601845954,0,0.593535361107572,0,2.14285714285714,0.357142857142857,"S1 O5","de-protonated",0,NA,"C14 H30 O5 S1",14,30,5,NA,NA,1,NA,NA,NA,NA,NA
908,309.184186,309.183706137825,309.183634563455,1648751.6,NA,290591.6,9.35,-1,0.231494690615107,0.99032332593574,0,0.594193995561444,0,2.21428571428571,0.357142857142857,"P1 O5","de-protonated",0,NA,"C14 H31 O5 P1",14,31,5,NA,1,NA,NA,NA,NA,NA,NA
909,310.057348,310.056865810861,310.056839847874,3168493.3,NA,375095.3,20.16,-1,0.083736220213147,0.998728535340525,0,0.599237121204315,8,1,0.615384615384615,"N1 O8","de-protonated",0,NA,"C13 H13 O8 N1",13,13,8,1,NA,NA,NA,NA,NA,NA,NA
911,310.093678,310.093195714042,310.093225357258,4632317,NA,346618,30.58,-1,-0.0955945277658313,0.998343238923374,0,0.599005943354024,7,1.21428571428571,0.5,"N1 O7","de-protonated",0,NA,"C14 H17 O7 N1",14,17,7,1,NA,NA,NA,NA,NA,NA,NA
913,310.13004,310.129557617138,310.129610866642,1353229.1,NA,418168.3,7.24,-1,-0.171700805123065,0.994664963199888,0,0.596798977919933,6,1.4,0.4,"N1 O6","de-protonated",0,NA,"C15 H21 O6 N1",15,21,6,1,NA,NA,NA,NA,NA,NA,NA
919,311.041317,311.040832188598,311.040855430774,6512795,NA,345570.1,43.96,-1,-0.0747238681517569,0.998987365928692,0,0.599392419557215,8,0.923076923076923,0.692307692307692,"O9","de-protonated",0,NA,"C13 H12 O9",13,12,9,NA,NA,NA,NA,NA,NA,NA,NA
921,311.077633,311.077148091817,311.077240940159,18477226,NA,339936.3,129.12,-1,-0.298473592829993,0.977099593925999,0.984304425755344,0.979981526657737,7,1.14285714285714,0.571428571428571,"O8","de-protonated",0,NA,"C14 H16 O8",14,16,8,NA,NA,NA,NA,NA,NA,NA,NA
922,311.088951,311.088466061655,311.088474329451,2430639.8,NA,381782.4,14.91,-1,-0.0265769935464833,0.999871844367017,0,0.59992310662021,7,1.23076923076923,0.538461538461538,"N2 O7","de-protonated",0,NA,"C13 H16 O7 N2",13,16,7,2,NA,NA,NA,NA,NA,NA,NA
923,311.09294,311.092455051024,311.092497081443,4025521.3,NA,367039.2,26.26,-1,-0.135105860755352,0.996693388340365,0,0.598016033004219,11,0.888888888888889,0.277777777777778,"O5","de-protonated",0,NA,"C18 H16 O5",18,16,5,NA,NA,NA,NA,NA,NA,NA,NA
924,311.096323,311.095838042008,311.095868384814,7540915,NA,348311.3,51.28,-1,-0.0975352243041512,0.499137672902555,0.859523230357577,0.643291895884564,6,1.33333333333333,0.333333333333333,"S1 O5","de-protonated",0,NA,"C15 H20 O5 S1",15,20,5,NA,NA,1,NA,NA,NA,NA,NA
925,311.105906,311.10542101647,311.105384241065,2299063,NA,343785.8,13.97,-1,0.118208832404417,0.997467769498738,0,0.598480661699243,6,1.4,0.333333333333333,"P1 O5","de-protonated",0,NA,"C15 H21 O5 P1",15,21,5,NA,1,NA,NA,NA,NA,NA,NA
927,311.114003,311.113517994891,311.113626449543,24539322,NA,332168.7,172.26,-1,-0.348601418777324,0.97714526122053,0.996346793615607,0.984825874178561,6,1.33333333333333,0.466666666666667,"O7","de-protonated",0,NA,"C15 H20 O7",15,20,7,NA,NA,NA,NA,NA,NA,NA,NA
928,311.127154,311.126668959844,311.126513609165,2720448.3,NA,402411.5,16.97,-1,0.499316748739585,0.955769712704981,0,0.573461827622988,1,2.08333333333333,0.583333333333333,"P1 O7","de-protonated",0,NA,"C12 H25 O7 P1",12,25,7,NA,1,NA,NA,NA,NA,NA,NA
929,311.142402,311.141916919208,311.14176975045,9226439,NA,343906.3,63.28,-1,0.472995826647461,0.480109153721978,0.85154837932281,0.628684843962311,5,1.5625,0.25,"P1 O4","de-protonated",0,NA,"C16 H25 O4 P1",16,25,4,NA,1,NA,NA,NA,NA,NA,NA
930,311.150399,311.149913897897,311.150011958927,8042698.5,NA,339287.4,54.85,-1,-0.315156763254491,0.491069628855797,0.85154837932281,0.635261129042602,5,1.5,0.375,"O6","de-protonated",0,NA,"C16 H24 O6",16,24,6,NA,NA,NA,NA,NA,NA,NA,NA
931,311.16907,311.168584848139,311.168639403582,61497556,NA,335517.5,435.31,-1,-0.175324363074115,0.663961139285018,0.955150961231418,0.780437068063578,4,1.64705882352941,0.176470588235294,"S1 O3","de-protonated",0,NA,"C17 H28 O3 S1",17,28,3,NA,NA,1,NA,NA,NA,NA,NA
932,312.072884,312.072396439487,312.072489912352,3900508.3,NA,313740.7,24.74,-1,-0.299522922082193,0.983853294530341,0,0.590311976718205,7,1.15384615384615,0.615384615384615,"N1 O8","de-protonated",0,NA,"C13 H15 O8 N1",13,15,8,1,NA,NA,NA,NA,NA,NA,NA
934,312.099528,312.099040368482,312.098979442929,1498728,NA,332728.4,8.07,-1,0.195212278430728,0.993109234600608,0,0.595865540760365,11,0.9375,0.25,"N3 O4","de-protonated",0,NA,"C16 H15 O4 N3",16,15,4,3,NA,NA,NA,NA,NA,NA,NA
935,312.109274,312.108786342509,312.108875421736,3300972.3,NA,378671.3,20.58,-1,-0.285410746637047,0.985328016138528,0,0.591196809683117,6,1.35714285714286,0.5,"N1 O7","de-protonated",0,NA,"C14 H19 O7 N1",14,19,7,1,NA,NA,NA,NA,NA,NA,NA
937,312.145803,312.145315245159,312.14526093112,2328700,NA,268063.8,13.83,-1,0.17400244721711,0.994521367790849,0,0.59671282067451,5,1.53333333333333,0.4,"N1 O6","de-protonated",0,NA,"C15 H23 O6 N1",15,23,6,1,NA,NA,NA,NA,NA,NA,NA
943,313.048808,313.048317838664,313.048263286775,1353732.9,NA,435504.4,7.06,-1,0.174260316662486,0.994505161958682,0,0.596703097175209,7,1.15384615384615,0.538461538461538,"P1 O7","de-protonated",0,NA,"C13 H15 O7 P1",13,15,7,NA,1,NA,NA,NA,NA,NA,NA
944,313.05696,313.056469816939,313.056505495252,9511944,NA,340271.3,63.68,-1,-0.113967645640215,0.498823003095754,0.875929598413485,0.649665641222847,7,1.07692307692308,0.692307692307692,"O9","de-protonated",0,NA,"C13 H14 O9",13,14,9,NA,NA,NA,NA,NA,NA,NA,NA
945,313.072143,313.071652776477,313.071761636537,2104847,NA,365615,12.27,-1,-0.347715998711029,0.978300584253202,0,0.586980350551921,11,0.823529411764706,0.352941176470588,"O6","de-protonated",0,NA,"C17 H14 O6",17,14,6,NA,NA,NA,NA,NA,NA,NA,NA
946,313.075549,313.0750587674,313.075132939907,1721872.5,NA,426688.2,9.61,-1,-0.236915996630556,0.989867119399334,0,0.5939202716396,6,1.28571428571429,0.428571428571429,"S1 O6","de-protonated",0,NA,"C14 H18 O6 S1",14,18,6,NA,NA,1,NA,NA,NA,NA,NA
947,313.085246,313.084755741558,313.084648796159,4682772.5,NA,329900.5,30.16,-1,0.341586209525185,0.979050906530021,0,0.587430543918013,6,1.35714285714286,0.428571428571429,"P1 O6","de-protonated",0,NA,"C14 H19 O6 P1",14,19,6,NA,1,NA,NA,NA,NA,NA,NA
948,313.093291,313.092800720118,313.092891004637,21042200,NA,331227.1,143.71,-1,-0.288363362300476,0.990237719655562,0.986781356074633,0.98885517422319,6,1.28571428571429,0.571428571428571,"O8","de-protonated",0,NA,"C14 H18 O8",14,18,8,NA,NA,NA,NA,NA,NA,NA,NA
950,313.111969,313.111478670341,313.111518449292,10595360,NA,335253.5,71.2,-1,-0.127044033634715,0.498537834288731,0.859523230357577,0.642931992716269,5,1.46666666666667,0.333333333333333,"S1 O5","de-protonated",0,NA,"C15 H22 O5 S1",15,22,5,NA,NA,1,NA,NA,NA,NA,NA
951,313.121612,313.121121644643,313.121034305543,3352612.5,NA,353758.1,20.93,-1,0.278930796073141,0.985982038304067,0,0.59158922298244,5,1.53333333333333,0.333333333333333,"P1 O5","de-protonated",0,NA,"C15 H23 O5 P1",15,23,5,NA,1,NA,NA,NA,NA,NA,NA
952,313.129659,313.129168623198,313.129276514021,13141032,NA,335711.8,88.87,-1,-0.344556805564394,0.985427511740365,0.997290834562941,0.990172840869396,5,1.46666666666667,0.466666666666667,"O7","de-protonated",0,NA,"C15 H22 O7",15,22,7,NA,NA,NA,NA,NA,NA,NA,NA
954,313.158065,313.157574547496,313.157419814928,1519924.4,NA,338170.9,8.21,-1,0.494104749012653,0.956668069907372,0,0.574000841944423,4,1.6875,0.25,"P1 O4","de-protonated",0,NA,"C16 H27 O4 P1",16,27,4,NA,1,NA,NA,NA,NA,NA,NA
955,313.166101,313.16561052608,313.165662023405,3591735.8,NA,301699.5,22.59,-1,-0.164441160447783,0.995105482460168,0,0.5970632894761,4,1.625,0.375,"O6","de-protonated",0,NA,"C16 H26 O6",16,26,6,NA,NA,NA,NA,NA,NA,NA,NA
956,314.052268,314.051775164458,314.051754467445,1433016.6,NA,422922.7,7.61,-1,0.065903191540807,0.999212236951615,0,0.599527342170969,7,1.08333333333333,0.75,"N1 O9","de-protonated",0,NA,"C12 H13 O9 N1",12,13,9,1,NA,NA,NA,NA,NA,NA,NA
957,314.088575,314.088082067701,314.08813997683,2941384.5,NA,372193.9,18.07,-1,-0.184372224493897,0.99385097664926,0,0.596310585989556,6,1.30769230769231,0.615384615384615,"N1 O8","de-protonated",0,NA,"C13 H17 O8 N1",13,17,8,1,NA,NA,NA,NA,NA,NA,NA
959,314.115175,314.114681996812,314.114629507407,2025428,NA,380994.4,11.72,-1,0.167102707842621,0.99494616499649,0,0.596967698997894,10,1.0625,0.25,"N3 O4","de-protonated",0,NA,"C16 H17 O4 N3",16,17,4,3,NA,NA,NA,NA,NA,NA,NA
960,314.12495,314.124456970762,314.124525486214,1757656.3,NA,357011.2,9.86,-1,-0.218115577050173,0.9914048381579,0,0.59484290289474,5,1.5,0.5,"N1 O7","de-protonated",0,NA,"C14 H21 O7 N1",14,21,7,1,NA,NA,NA,NA,NA,NA,NA
962,314.161359,314.160865873732,314.160910995598,2240488,NA,375403.6,13.21,-1,-0.143626607536277,0.996263963610755,0,0.597758378166453,4,1.66666666666667,0.4,"N1 O6","de-protonated",0,NA,"C15 H25 O6 N1",15,25,6,1,NA,NA,NA,NA,NA,NA,NA
965,315.036217,315.035721542249,315.035770050346,2041699.3,NA,392609.2,11.83,-1,-0.153976475249739,0.995707317577444,0,0.597424390546466,7,1,0.833333333333333,"O10","de-protonated",0,NA,"C12 H12 O10",12,12,10,NA,NA,NA,NA,NA,NA,NA,NA
966,315.051489,315.050993501549,315.051026191631,1818473.9,NA,309066.2,10.28,-1,-0.103761230147511,0.998048359087925,0,0.598829015452755,11,0.75,0.4375,"O7","de-protonated",0,NA,"C16 H12 O7",16,12,7,NA,NA,NA,NA,NA,NA,NA,NA
967,315.054807,315.054311492706,315.054397495001,4520811.5,NA,357704.3,29.03,-1,-0.272976016411657,0.98657018245229,0,0.591942109471374,6,1.23076923076923,0.538461538461538,"S1 O7","de-protonated",0,NA,"C13 H16 O7 S1",13,16,7,NA,NA,1,NA,NA,NA,NA,NA
968,315.061943,315.061447473689,315.061411427808,1517678.4,NA,365486.4,8.19,-1,0.11440906257046,0.997627757693705,0,0.598576654616223,10,1,0.117647058823529,"S1 P1 O2","de-protonated",0,NA,"C17 H17 O2 S1 P1",17,17,2,NA,1,1,NA,NA,NA,NA,NA
969,315.064501,315.064005466872,315.063913351253,4801391.5,NA,307709.9,30.98,-1,0.292371215240209,0.984609264793136,0,0.590765558875881,6,1.30769230769231,0.538461538461538,"P1 O7","de-protonated",0,NA,"C13 H17 O7 P1",13,17,7,NA,1,NA,NA,NA,NA,NA,NA
970,315.072597,315.072101445296,315.07215555973,11061107,NA,331644.3,74.43,-1,-0.171752511141426,0.497330879060369,0.875929598413485,0.648770366801615,6,1.23076923076923,0.692307692307692,"O9","de-protonated",0,NA,"C13 H16 O9",13,16,9,NA,NA,NA,NA,NA,NA,NA,NA
972,315.087871,315.087375404591,315.087411701015,2473337.5,NA,385908.8,14.82,-1,-0.115194775921401,0.9975951020295,0,0.5985570612177,10,0.941176470588235,0.352941176470588,"O6","de-protonated",0,NA,"C17 H16 O6",17,16,6,NA,NA,NA,NA,NA,NA,NA,NA
973,315.091152,315.090656395848,315.090783004385,2873211,NA,348098.4,17.6,-1,-0.401816061953339,0.971128962027832,0,0.582677377216699,5,1.42857142857143,0.428571428571429,"S1 O6","de-protonated",0,NA,"C14 H20 O6 S1",14,20,6,NA,NA,1,NA,NA,NA,NA,NA
974,315.100838,315.100342370035,315.100298860637,11149183,NA,334174.2,75.04,-1,0.138081104699648,0.991602810642223,0.925195655320491,0.96503994851353,5,1.5,0.428571428571429,"P1 O6","de-protonated",0,NA,"C14 H21 O6 P1",14,21,6,NA,1,NA,NA,NA,NA,NA,NA
975,315.108972,315.108476348357,315.108541069115,12797827,NA,337095,86.48,-1,-0.205391948087423,0.99489380769806,0.997546063269413,0.995954709926601,5,1.42857142857143,0.571428571428571,"O8","de-protonated",0,NA,"C14 H20 O8",14,20,8,NA,NA,NA,NA,NA,NA,NA,NA
976,315.137209,315.136713273106,315.136684370021,4587407,NA,344175.8,29.5,-1,0.09171602763817,0.998474848773821,0,0.599084909264293,4,1.66666666666667,0.333333333333333,"P1 O5","de-protonated",0,NA,"C15 H25 O5 P1",15,25,5,NA,1,NA,NA,NA,NA,NA,NA
977,315.145337,315.144841251445,315.144926578499,6682514.5,NA,333470.7,44.04,-1,-0.270754965009118,0.493393195307602,0.859523230357577,0.639845209327592,4,1.6,0.466666666666667,"O7","de-protonated",0,NA,"C15 H24 O7",15,24,7,NA,NA,NA,NA,NA,NA,NA,NA
978,315.18168,315.181184154592,315.181312087883,2614178.3,NA,350162.6,15.8,-1,-0.405903797329251,0.970547335531054,0,0.582328401318633,3,1.75,0.375,"O6","de-protonated",0,NA,"C16 H28 O6",16,28,6,NA,NA,NA,NA,NA,NA,NA,NA
979,316.046693,316.046194849345,316.046275163824,1684760.6,NA,316673.8,9.35,-1,-0.254122529934881,0.988350743706875,0,0.593010446224125,11,0.733333333333333,0.466666666666667,"N1 O7","de-protonated",0,NA,"C15 H11 O7 N1",15,11,7,1,NA,NA,NA,NA,NA,NA,NA
980,316.067938,316.067439792727,316.067404531923,2391841.8,NA,358509.9,14.25,-1,0.111561026018777,0.99774426260266,0,0.598646557561596,6,1.25,0.75,"N1 O9","de-protonated",0,NA,"C12 H15 O9 N1",12,15,9,1,NA,NA,NA,NA,NA,NA,NA
981,316.083193,316.082694752073,316.082660673208,1400360.4,NA,367483.3,7.37,-1,0.107816305302648,0.997892998780975,0,0.598735799268585,10,0.9375,0.375,"N1 O6","de-protonated",0,NA,"C16 H15 O6 N1",16,15,6,1,NA,NA,NA,NA,NA,NA,NA
984,316.140531,316.140032599268,316.140175550692,2770753.3,NA,366576.4,16.88,-1,-0.452177340876817,0.963579977536085,0,0.578147986521651,4,1.64285714285714,0.5,"N1 O7","de-protonated",0,NA,"C14 H23 O7 N1",14,23,7,1,NA,NA,NA,NA,NA,NA,NA
985,316.176967,316.176468502167,316.176561060076,1644881,NA,309578.1,9.07,-1,-0.292741211791203,0.984570588377909,0,0.590742353026745,3,1.8,0.4,"N1 O6","de-protonated",0,NA,"C15 H27 O6 N1",15,27,6,1,NA,NA,NA,NA,NA,NA,NA
986,316.24174,316.241241329547,316.241089870367,26507628,NA,323454.9,181.64,-1,0.478935802047231,0.970153392779503,0.99253384046722,0.97910557185459,1,2.11764705882353,0.117647058823529,"N1 P1 O2","de-protonated",0,NA,"C17 H36 O2 N1 P1",17,36,2,1,1,NA,NA,NA,NA,NA,NA
989,317.030718,317.030217226933,317.030290746725,3911361.8,NA,326945,24.8,-1,-0.231901474716333,0.990289454015674,0,0.594173672409405,11,0.666666666666667,0.533333333333333,"O8","de-protonated",0,NA,"C15 H10 O8",15,10,8,NA,NA,NA,NA,NA,NA,NA,NA
990,317.043837,317.043336191971,317.043177906347,2674887.5,NA,357872.7,16.22,-1,0.499255732874342,0.955780279222099,0,0.573468167533259,6,1.25,0.666666666666667,"P1 O8","de-protonated",0,NA,"C12 H15 O8 P1",12,15,8,NA,1,NA,NA,NA,NA,NA,NA
991,317.05185,317.051349170616,317.051420114824,2910923,NA,354973.9,17.85,-1,-0.223762466696748,0.990956073885229,0,0.594573644331137,6,1.16666666666667,0.833333333333333,"O10","de-protonated",0,NA,"C12 H14 O10",12,14,10,NA,NA,NA,NA,NA,NA,NA,NA
992,317.061422,317.060921145107,317.060803029294,1584847,NA,310561.9,8.65,-1,0.372533632252358,0.975132728096188,0,0.585079636857713,19,0.434782608695652,0.0869565217391304,"O2","de-protonated",0,NA,"C23 H10 O2",23,10,2,NA,NA,NA,NA,NA,NA,NA,NA
993,317.067132,317.06663112989,317.066676256109,4724433.5,NA,309228.5,30.44,-1,-0.142324067550564,0.996331296169042,0,0.597798777701425,10,0.875,0.4375,"O7","de-protonated",0,NA,"C16 H14 O7",16,14,7,NA,NA,NA,NA,NA,NA,NA,NA
995,317.088277,317.087776073539,317.087805624208,5715674.5,NA,334933.7,37.32,-1,-0.0931939641213435,0.998425338384732,0,0.599055203030839,5,1.38461538461538,0.692307692307692,"O9","de-protonated",0,NA,"C13 H18 O9",13,18,9,NA,NA,NA,NA,NA,NA,NA,NA
997,317.103475,317.102974033036,317.103061765493,3875553.3,NA,359186.2,24.55,-1,-0.276668589751785,0.986206926325579,0,0.591724155795347,9,1.05882352941176,0.352941176470588,"O6","de-protonated",0,NA,"C17 H18 O6",17,18,6,NA,NA,NA,NA,NA,NA,NA,NA
998,317.116593,317.116091998077,317.115948925115,14510823,NA,330493.4,98.37,-1,0.451169240610082,0.977913200513234,0.933845816926438,0.960286247078516,4,1.64285714285714,0.428571428571429,"P1 O6","de-protonated",0,NA,"C14 H23 O6 P1",14,23,6,NA,1,NA,NA,NA,NA,NA,NA
999,317.124671,317.124169976549,317.124191133593,6810346.5,NA,347254.6,44.92,-1,-0.0667153246425173,0.999192709808675,0,0.599515625885205,4,1.57142857142857,0.571428571428571,"O8","de-protonated",0,NA,"C14 H22 O8",14,22,8,NA,NA,NA,NA,NA,NA,NA,NA
1000,317.139853,317.139351936089,317.139447274877,4442865,NA,341650.9,28.49,-1,-0.300621032094472,0.983735653317515,0,0.590241391990509,8,1.22222222222222,0.277777777777778,"O5","de-protonated",0,NA,"C18 H22 O5",18,22,5,NA,NA,NA,NA,NA,NA,NA,NA
1001,317.152957,317.152455901168,317.152334434499,4172534.5,NA,346193.9,26.61,-1,0.38299156237726,0.973735713420579,0,0.584241428052347,3,1.8,0.333333333333333,"P1 O5","de-protonated",0,NA,"C15 H27 O5 P1",15,27,5,NA,1,NA,NA,NA,NA,NA,NA
1002,317.161035,317.16053387964,317.160576642977,3439866,NA,343341.5,21.53,-1,-0.134831817827074,0.996706766624901,0,0.598024059974941,3,1.73333333333333,0.466666666666667,"O7","de-protonated",0,NA,"C15 H26 O7",15,26,7,NA,NA,NA,NA,NA,NA,NA,NA
1003,317.2257,317.225198707308,317.225105453268,9927446,NA,327821.2,66.56,-1,0.293968033395354,0.492221003707567,0.843720152817574,0.63282066335157,1,2.05882352941176,0.176470588235294,"P1 O3","de-protonated",0,NA,"C17 H35 O3 P1",17,35,3,NA,1,NA,NA,NA,NA,NA,NA
1005,318.026047,318.025543574395,318.025539718918,2126959.3,NA,364444.6,12.41,-1,0.0121231705937571,0.999973332612577,0,0.599983999567546,11,0.642857142857143,0.571428571428571,"N1 O8","de-protonated",0,NA,"C14 H9 O8 N1",14,9,8,1,NA,NA,NA,NA,NA,NA,NA
1006,318.062452,318.061948477377,318.061925228302,2631806.8,NA,359721.2,15.91,-1,0.0730960640019744,0.999030983196192,0,0.599418589917715,10,0.866666666666667,0.466666666666667,"N1 O7","de-protonated",0,NA,"C15 H13 O7 N1",15,13,7,1,NA,NA,NA,NA,NA,NA,NA
1007,318.075383,318.074879442916,318.074812387924,1660036.4,NA,394060.2,9.17,-1,0.21081515809485,0.991968298297461,0,0.595180978978477,5,1.5,0.583333333333333,"N1 P1 O7","de-protonated",0,NA,"C12 H18 O7 N1 P1",12,18,7,1,1,NA,NA,NA,NA,NA,NA
1008,318.083511,318.083007421255,318.083054596401,2702984,NA,341439.3,16.41,-1,-0.148310781982249,0.996016792817575,0,0.597610075690545,5,1.41666666666667,0.75,"N1 O9","de-protonated",0,NA,"C12 H17 O9 N1",12,17,9,1,NA,NA,NA,NA,NA,NA,NA
1010,318.098724,318.098220380712,318.098310737686,2601614.5,NA,304951.6,15.7,-1,-0.284053611211331,0.985466199211082,0,0.591279719526649,9,1.0625,0.375,"N1 O6","de-protonated",0,NA,"C16 H17 O6 N1",16,17,6,1,NA,NA,NA,NA,NA,NA,NA
1011,318.111766,318.111262345956,318.111197897308,1388948.1,NA,392970.2,7.29,-1,0.202597858248525,0.992579942353924,0,0.595547965412355,4,1.69230769230769,0.461538461538462,"N1 P1 O6","de-protonated",0,NA,"C13 H22 O6 N1 P1",13,22,6,1,1,NA,NA,NA,NA,NA,NA
1013,318.156218,318.155714227492,318.15582561517,1570471.3,NA,361863.6,8.55,-1,-0.350104160398358,0.978004804992639,0,0.586802882995583,3,1.78571428571429,0.5,"N1 O7","de-protonated",0,NA,"C14 H25 O7 N1",14,25,7,1,NA,NA,NA,NA,NA,NA,NA
1014,318.229134,318.228630033172,318.228596633938,1994438.6,NA,404125.6,11.49,-1,0.104953588170565,0.998003292407419,0,0.598801975444452,1,2.0625,0.3125,"N1 O5","de-protonated",0,NA,"C16 H33 O5 N1",16,33,5,1,NA,NA,NA,NA,NA,NA,NA
1016,318.257395,318.256890957856,318.256739934845,2724562.8,NA,330820.3,16.56,-1,0.474532011668775,0.959964735053588,0,0.575978841032153,0,2.23529411764706,0.117647058823529,"N1 P1 O2","de-protonated",0,NA,"C17 H38 O2 N1 P1",17,38,2,1,1,NA,NA,NA,NA,NA,NA
1018,319.046405,319.045898855156,319.045940811203,6488614.5,NA,321218.3,42.68,-1,-0.131504717236771,0.996867036842524,0,0.598120222105514,10,0.8,0.533333333333333,"O8","de-protonated",0,NA,"C15 H12 O8",15,12,8,NA,NA,NA,NA,NA,NA,NA,NA
1019,319.059411,319.058904820496,319.058827970825,6909484,NA,329574.4,45.6,-1,0.240863640883609,0.989528414046918,0,0.593717048428151,5,1.41666666666667,0.666666666666667,"P1 O8","de-protonated",0,NA,"C12 H17 O8 P1",12,17,8,NA,1,NA,NA,NA,NA,NA,NA
1020,319.067577,319.067070798733,319.067070179302,3662895.8,NA,324382.7,23.07,-1,0.00194138278931254,0.999999316126098,0,0.599999589675659,5,1.33333333333333,0.833333333333333,"O10","de-protonated",0,NA,"C12 H16 O10",12,16,10,NA,NA,NA,NA,NA,NA,NA,NA
1022,319.082846,319.082339758042,319.082326320587,9098806,NA,330032.8,60.8,-1,0.0421128142983967,0.997711369225047,0.972253820782079,0.987528349847859,9,1,0.4375,"O7","de-protonated",0,NA,"C16 H16 O7",16,16,7,NA,NA,NA,NA,NA,NA,NA,NA
1023,319.094102,319.093595728045,319.093559709879,3697211.3,NA,357046,23.31,-1,0.112876503838139,0.997690813496784,0,0.59861448809807,9,1.06666666666667,0.4,"N2 O6","de-protonated",0,NA,"C15 H16 O6 N2",15,16,6,2,NA,NA,NA,NA,NA,NA,NA
1024,319.095813,319.095306723485,319.095213480209,16117308,NA,327584,109.51,-1,0.292211452756376,0.982694140613931,0.965913863449361,0.975982029748103,4,1.61538461538462,0.538461538461538,"P1 O7","de-protonated",0,NA,"C13 H21 O7 P1",13,21,7,NA,1,NA,NA,NA,NA,NA,NA
1025,319.103815,319.10330870216,319.103455688686,2507839.3,NA,354300,15.05,-1,-0.460623425261966,0.962232972322728,0,0.577339783393637,4,1.53846153846154,0.692307692307692,"O9","de-protonated",0,NA,"C13 H20 O9",13,20,9,NA,NA,NA,NA,NA,NA,NA,NA
1027,319.119204,319.118697661148,319.118711829971,8977990,NA,326843.6,59.96,-1,-0.0443998503302634,0.997812782840066,0.985124653463648,0.992737531089499,8,1.17647058823529,0.352941176470588,"O6","de-protonated",0,NA,"C17 H20 O6",17,20,6,NA,NA,NA,NA,NA,NA,NA,NA
1028,319.132254,319.13174762637,319.131598989593,11437644,NA,335691.1,77.03,-1,0.465753868619001,0.976243197714136,0.791650991379916,0.902406315180448,3,1.78571428571429,0.428571428571429,"P1 O6","de-protonated",0,NA,"C14 H25 O6 P1",14,25,6,NA,1,NA,NA,NA,NA,NA,NA
1029,319.140268,319.139761605013,319.139841198071,1841743,NA,334370,10.43,-1,-0.249398688247753,0.988777393710184,0,0.59326643622611,3,1.71428571428571,0.571428571428571,"O8","de-protonated",0,NA,"C14 H24 O8",14,24,8,NA,NA,NA,NA,NA,NA,NA,NA
1031,319.155493,319.154986564438,319.155097339355,4698709.5,NA,326914.5,30.26,-1,-0.347088039592475,0.978378037038017,0,0.58702682222281,7,1.33333333333333,0.277777777777778,"O5","de-protonated",0,NA,"C18 H24 O5",18,24,5,NA,NA,NA,NA,NA,NA,NA,NA
1035,319.2413,319.240793335764,319.240755517746,191868544,NA,328908.2,1329.4,-1,0.118462374614355,0.735693028800683,0.988483183251739,0.836809090581106,0,2.17647058823529,0.176470588235294,"P1 O3","de-protonated",0,NA,"C17 H37 O3 P1",17,37,3,NA,1,NA,NA,NA,NA,NA,NA
1037,320.041603,320.041094202968,320.041189783396,3071442.5,NA,321177.5,18.96,-1,-0.298650393561989,0.983946472105437,0,0.590367883263262,10,0.785714285714286,0.571428571428571,"N1 O8","de-protonated",0,NA,"C14 H11 O8 N1",14,11,8,1,NA,NA,NA,NA,NA,NA,NA
1038,320.062725,320.062216146678,320.062319151495,1496795.6,NA,288888,8.03,-1,-0.321827376474076,0.981382330932153,0,0.588829398559292,5,1.36363636363636,0.909090909090909,"N1 O10","de-protonated",0,NA,"C11 H15 O10 N1",11,15,10,1,NA,NA,NA,NA,NA,NA,NA
1040,320.078076,320.077567105768,320.07757529278,4294626,NA,338868.5,27.45,-1,-0.0255782104706659,0.999881295177257,0,0.599928777106354,9,1,0.466666666666667,"N1 O7","de-protonated",0,NA,"C15 H15 O7 N1",15,15,7,1,NA,NA,NA,NA,NA,NA,NA
1042,320.091096,320.09058707107,320.090462452402,1400551.8,NA,386327.4,7.36,-1,0.389323278568943,0.972872102575607,0,0.583723261545364,4,1.66666666666667,0.583333333333333,"N1 P1 O7","de-protonated",0,NA,"C12 H20 O7 N1 P1",12,20,7,1,1,NA,NA,NA,NA,NA,NA
1044,320.114432,320.11392300888,320.113960802164,2605041.8,NA,317139.4,15.72,-1,-0.118061967677583,0.99747404981654,0,0.598484429889924,8,1.1875,0.375,"N1 O6","de-protonated",0,NA,"C16 H19 O6 N1",16,19,6,1,NA,NA,NA,NA,NA,NA,NA
1046,320.127491,320.126981974078,320.126847961786,1615095.4,NA,353578.3,8.85,-1,0.418622470229295,0.968702304328901,0,0.581221382597341,3,1.84615384615385,0.461538461538462,"N1 P1 O6","de-protonated",0,NA,"C13 H24 O6 N1 P1",13,24,6,1,1,NA,NA,NA,NA,NA,NA
1051,321.025676,321.025164580428,321.025205366296,5617017,NA,354462.2,36.63,-1,-0.127048803150212,0.997075449322927,0,0.598245269593756,10,0.714285714285714,0.642857142857143,"O9","de-protonated",0,NA,"C14 H10 O9",14,10,9,NA,NA,NA,NA,NA,NA,NA,NA
1052,321.062034,321.061522483535,321.061590875681,12734857,NA,325989.4,86.03,-1,-0.213018772473601,0.995830806287604,0.973736941417703,0.986993260339644,9,0.933333333333333,0.533333333333333,"O8","de-protonated",0,NA,"C15 H14 O8",15,14,8,NA,NA,NA,NA,NA,NA,NA,NA
1053,321.073401,321.072889453242,321.072824264973,3475341.5,NA,294580.5,21.76,-1,0.203032657682965,0.99254817858964,0,0.595528907153784,9,1,0.5,"N2 O7","de-protonated",0,NA,"C14 H14 O7 N2",14,14,7,2,NA,NA,NA,NA,NA,NA,NA
1056,321.098386,321.097874386657,321.097976385065,19001752,NA,318362.7,129.53,-1,-0.317655093731791,0.984867786014063,0.988974165173226,0.986510337677728,8,1.125,0.4375,"O7","de-protonated",0,NA,"C16 H18 O7",16,18,7,NA,NA,NA,NA,NA,NA,NA,NA
1057,321.103251,321.102739373692,321.10268509892,15221146,NA,325469.4,103.29,-1,0.169026215965543,0.992806109105409,0.921699866356878,0.964363612005997,8,1.28571428571429,0.214285714285714,"N4 S1 O3","de-protonated",0,NA,"C14 H18 O3 S1 N4",14,18,3,4,NA,1,NA,NA,NA,NA,NA
1058,321.109779,321.109267356295,321.109209774357,3938717,NA,361932.6,24.98,-1,0.179321975248683,0.99418225774671,0,0.596509354648026,8,1.2,0.4,"N2 O6","de-protonated",0,NA,"C15 H18 O6 N2",15,18,6,2,NA,NA,NA,NA,NA,NA,NA
1059,321.111511,321.110999351679,321.110863544687,14457246,NA,315250.5,97.98,-1,0.42292867566836,0.979730312847029,0.989315651559496,0.983564448332016,3,1.76923076923077,0.538461538461538,"P1 O7","de-protonated",0,NA,"C13 H23 O7 P1",13,23,7,NA,1,NA,NA,NA,NA,NA,NA
1061,321.134768,321.1342562897,321.134361894449,12741032,NA,336771.8,86.07,-1,-0.328849111534546,0.984565351013224,0.996764355316997,0.989444952734733,7,1.29411764705882,0.352941176470588,"O6","de-protonated",0,NA,"C17 H22 O6",17,22,6,NA,NA,NA,NA,NA,NA,NA,NA
1062,321.147869,321.147357254786,321.147249054071,8659373,NA,325226,57.74,-1,0.336919325273073,0.989642937685996,0.987181766599542,0.988658469251415,2,1.92857142857143,0.428571428571429,"P1 O6","de-protonated",0,NA,"C14 H27 O6 P1",14,27,6,NA,1,NA,NA,NA,NA,NA,NA
1063,321.171221,321.170709192553,321.170747403833,2841015.5,NA,329481,17.36,-1,-0.118974971697218,0.997434881434903,0,0.598460928860942,6,1.44444444444444,0.277777777777778,"O5","de-protonated",0,NA,"C18 H26 O5",18,26,5,NA,NA,NA,NA,NA,NA,NA,NA
1064,321.184202,321.183690157959,321.183634563455,2143677,NA,321786.1,12.52,-1,0.173092577749195,0.994578358999951,0,0.596747015399971,1,2.06666666666667,0.333333333333333,"P1 O5","de-protonated",0,NA,"C15 H31 O5 P1",15,31,5,NA,1,NA,NA,NA,NA,NA,NA
1065,321.210942,321.210430086697,321.210504216588,1741768.4,NA,334329.5,9.73,-1,-0.230782897385539,0.990382454930125,0,0.594229472958075,0,2.125,0.25,"S1 O4","de-protonated",0,NA,"C16 H34 O4 S1",16,34,4,NA,NA,1,NA,NA,NA,NA,NA
1069,322.05721,322.056695831405,322.056839847874,4013875,NA,338099.8,24.84,-1,-0.447177176664275,0.964366541379271,0,0.578619924827563,9,0.928571428571429,0.571428571428571,"N1 O8","de-protonated",0,NA,"C14 H13 O8 N1",14,13,8,1,NA,NA,NA,NA,NA,NA,NA
1072,322.093665,322.093150734253,322.093225357258,6163266.5,NA,308531.7,39.37,-1,-0.231681385664468,0.990307787533821,0,0.594184672520292,8,1.13333333333333,0.466666666666667,"N1 O7","de-protonated",0,NA,"C15 H17 O7 N1",15,17,7,1,NA,NA,NA,NA,NA,NA,NA
1074,322.106627,322.10611269971,322.10611251688,4062024.3,NA,339428.5,25.16,-1,0.000567607208412881,0.999999941541237,0,0.599999964924742,3,1.83333333333333,0.583333333333333,"N1 P1 O7","de-protonated",0,NA,"C12 H22 O7 N1 P1",12,22,7,1,1,NA,NA,NA,NA,NA,NA
1076,322.130061,322.129546637258,322.129610866642,1576274.3,NA,420855.1,8.35,-1,-0.199389877908358,0.992812223861714,0,0.595687334317028,7,1.3125,0.375,"N1 O6","de-protonated",0,NA,"C16 H21 O6 N1",16,21,6,1,NA,NA,NA,NA,NA,NA,NA
1077,322.133427,322.132912628288,322.132982170012,2612051.8,NA,292016.6,15.36,-1,-0.215878931974207,0.991579470394807,0,0.594947682236884,2,1.92307692307692,0.461538461538462,"N1 S1 O6","de-protonated",0,NA,"C13 H25 O6 S1 N1",13,25,6,1,NA,1,NA,NA,NA,NA,NA
1084,323.005081,323.004564305343,323.00446992139,1419464.6,NA,439567.4,7.29,-1,0.292206336716005,0.984626484579918,0,0.59077589074795,10,0.615384615384615,0.769230769230769,"O10","de-protonated",0,NA,"C13 H8 O10",13,8,10,NA,NA,NA,NA,NA,NA,NA,NA
1085,323.041285,323.04076820886,323.040855430774,9585880,NA,327897.5,62.52,-1,-0.270002735046466,0.493429613329411,0.867648864333947,0.643117313731225,9,0.857142857142857,0.642857142857143,"O9","de-protonated",0,NA,"C14 H12 O9",14,12,9,NA,NA,NA,NA,NA,NA,NA,NA
1086,323.052552,323.052035178833,323.052088820067,1688796.9,NA,376070,9.11,-1,-0.166045152005918,0.995009772393991,0,0.597005863436395,9,0.923076923076923,0.615384615384615,"N2 O8","de-protonated",0,NA,"C13 H12 O8 N2",13,12,8,2,NA,NA,NA,NA,NA,NA,NA
1087,323.054358,323.05384117402,323.053742590396,2347229.8,NA,342729.2,13.57,-1,0.305161683771202,0.983244791861366,0,0.58994687511682,4,1.54545454545455,0.818181818181818,"P1 O9","de-protonated",0,NA,"C11 H17 O9 P1",11,17,9,NA,1,NA,NA,NA,NA,NA,NA
1089,323.077633,323.077116111993,323.077240940159,24679656,NA,319679.5,164.59,-1,-0.386372513770267,0.98662186717639,0.991256848302372,0.988475859626783,8,1.06666666666667,0.533333333333333,"O8","de-protonated",0,NA,"C15 H16 O8",15,16,8,NA,NA,NA,NA,NA,NA,NA,NA
1090,323.088931,323.088414081884,323.088474329451,3689196.5,NA,311505,22.64,-1,-0.18647389746682,0.993710435574782,0,0.596226261344869,8,1.14285714285714,0.5,"N2 O7","de-protonated",0,NA,"C14 H16 O7 N2",14,16,7,2,NA,NA,NA,NA,NA,NA,NA
1091,323.090726,323.0902090771,323.090128099781,7441645,NA,310601.2,48.02,-1,0.250633840435451,0.988666591926482,0,0.593199955155889,3,1.75,0.666666666666667,"P1 O8","de-protonated",0,NA,"C12 H21 O8 P1",12,21,8,NA,1,NA,NA,NA,NA,NA,NA
1092,323.100295,323.099778051599,323.099707718743,5434609.5,NA,333366.3,34.44,-1,0.217681582995411,0.991438861775631,0,0.594863317065379,8,1.23076923076923,0.461538461538462,"N4 O6","de-protonated",0,NA,"C13 H16 O6 N4",13,16,6,4,NA,NA,NA,NA,NA,NA,NA
1094,323.114054,323.113537014931,323.113626449543,29496568,NA,319909.2,197.16,-1,-0.276789971403582,0.986159516754931,0.979637269504445,0.983550617854737,7,1.25,0.4375,"O7","de-protonated",0,NA,"C16 H20 O7",16,20,7,NA,NA,NA,NA,NA,NA,NA,NA
1095,323.125362,323.124844984796,323.124859838835,2714364,NA,323544.6,16.05,-1,-0.0459699676814184,0.999616629259336,0,0.599769977555601,7,1.33333333333333,0.4,"N2 O6","de-protonated",0,NA,"C15 H20 O6 N2",15,20,6,2,NA,NA,NA,NA,NA,NA,NA
1096,323.127061,323.126543980268,323.126513609165,8803581,NA,332732.1,57.23,-1,0.093991368307719,0.499199148968829,0.875929598413485,0.649891328746691,2,1.92307692307692,0.538461538461538,"P1 O7","de-protonated",0,NA,"C13 H25 O7 P1",13,25,7,NA,1,NA,NA,NA,NA,NA,NA
1099,323.150516,323.149998917761,323.150011958927,11429127,NA,330040.7,74.98,-1,-0.0403563854038231,0.499852264731477,0.843720152817574,0.637399419965916,6,1.41176470588235,0.352941176470588,"O6","de-protonated",0,NA,"C17 H24 O6",17,24,6,NA,NA,NA,NA,NA,NA,NA,NA
1100,323.163496,323.162978883169,323.162899118549,5458188.5,NA,328435.8,34.6,-1,0.246824806577903,0.989006569418256,0,0.593403941650954,1,2.07142857142857,0.428571428571429,"P1 O6","de-protonated",0,NA,"C14 H29 O6 P1",14,29,6,NA,1,NA,NA,NA,NA,NA,NA
1101,323.169169,323.168651868051,323.168639403582,1387278.8,NA,385150.4,7.07,-1,0.0385695492048051,0.999730111523368,0,0.599838066914021,5,1.55555555555556,0.166666666666667,"S1 O3","de-protonated",0,NA,"C18 H28 O3 S1",18,28,3,NA,NA,1,NA,NA,NA,NA,NA
1102,323.186892,323.186374820819,323.186397468311,1648918.4,NA,328663.6,8.84,-1,-0.0700756354995086,0.99910937588567,0,0.599465625531402,5,1.55555555555556,0.277777777777778,"O5","de-protonated",0,NA,"C18 H28 O5",18,28,5,NA,NA,NA,NA,NA,NA,NA,NA
1103,323.199907,323.199389786134,323.199284627933,2375452,NA,320636.5,13.76,-1,0.325366441067623,0.980974552108667,0,0.5885847312652,0,2.2,0.333333333333333,"P1 O5","de-protonated",0,NA,"C15 H33 O5 P1",15,33,5,NA,1,NA,NA,NA,NA,NA,NA
1104,324.036734,324.036214556003,324.036104402967,2272897.3,NA,327380.5,13.06,-1,0.339940623931909,0.979250160382931,0,0.587550096229759,9,0.846153846153846,0.692307692307692,"N1 O9","de-protonated",0,NA,"C13 H11 O9 N1",13,11,9,1,NA,NA,NA,NA,NA,NA,NA
1105,324.072941,324.072421459512,324.072489912352,5970577,NA,318260.5,38.07,-1,-0.211226938548482,0.991937018331382,0,0.595162210998829,8,1.07142857142857,0.571428571428571,"N1 O8","de-protonated",0,NA,"C14 H15 O8 N1",14,15,8,1,NA,NA,NA,NA,NA,NA,NA
1108,324.103616,324.103096377763,324.103002194921,1465757.9,NA,386168.1,7.6,-1,0.290595400879347,0.98479423414962,0,0.590876540489772,16,0.681818181818182,0.0909090909090909,"N1 O2","de-protonated",0,NA,"C22 H15 O2 N1",22,15,2,1,NA,NA,NA,NA,NA,NA,NA
1109,324.109248,324.108728362754,324.108875421736,4655776.5,NA,347829.2,29.17,-1,-0.453733276213702,0.963333564912388,0,0.578000138947433,7,1.26666666666667,0.466666666666667,"N1 O7","de-protonated",0,NA,"C15 H19 O7 N1",15,19,7,1,NA,NA,NA,NA,NA,NA,NA
1111,324.130593,324.13007330587,324.130004789835,1424553.4,NA,264691.9,7.32,-1,0.211384424780347,0.99192503937272,0,0.595155023623632,2,1.91666666666667,0.75,"N1 O9","de-protonated",0,NA,"C12 H23 O9 N1",12,23,9,1,NA,NA,NA,NA,NA,NA,NA
1112,324.145737,324.145217265511,324.14526093112,1942191.9,NA,343582.6,10.82,-1,-0.134710002202869,0.99671270478196,0,0.598027622869176,6,1.4375,0.375,"N1 O6","de-protonated",0,NA,"C16 H23 O6 N1",16,23,6,1,NA,NA,NA,NA,NA,NA,NA
1118,325.020576,325.020053934078,325.020119985868,2829861,NA,333747.4,16.82,-1,-0.203223694904278,0.992534201378532,0,0.595520520827119,9,0.769230769230769,0.769230769230769,"O10","de-protonated",0,NA,"C13 H10 O10",13,10,10,NA,NA,NA,NA,NA,NA,NA,NA
1119,325.048906,325.048383858579,325.048263286775,1516081,NA,375756.4,7.94,-1,0.370935082501703,0.975343034861738,0,0.585205820917043,8,1.07142857142857,0.5,"P1 O7","de-protonated",0,NA,"C14 H15 O7 P1",14,15,7,NA,1,NA,NA,NA,NA,NA,NA
1120,325.056941,325.056418837166,325.056505495252,13740084,NA,319217.5,90.6,-1,-0.266593914451776,0.993536489741078,0.972441894334182,0.985098651578319,8,1,0.642857142857143,"O9","de-protonated",0,NA,"C14 H14 O9",14,14,9,NA,NA,NA,NA,NA,NA,NA,NA
1121,325.068198,325.067675807166,325.067738884545,1497657.3,NA,339334,7.81,-1,-0.194043796673053,0.993191199159442,0,0.595914719495665,8,1.07692307692308,0.615384615384615,"N2 O8","de-protonated",0,NA,"C13 H14 O8 N2",13,14,8,2,NA,NA,NA,NA,NA,NA,NA
1123,325.085207,325.084684761838,325.084648796159,2458688.5,NA,341763,14.31,-1,0.11063481038328,0.997781521431619,0,0.598668912858971,7,1.26666666666667,0.4,"P1 O6","de-protonated",0,NA,"C15 H19 O6 P1",15,19,6,NA,1,NA,NA,NA,NA,NA,NA
1125,325.093314,325.092791740233,325.092891004637,36665412,NA,314942.8,245.63,-1,-0.305341663138521,0.98215792684775,0.977221192201409,0.980183232989214,7,1.2,0.533333333333333,"O8","de-protonated",0,NA,"C15 H18 O8",15,18,8,NA,NA,NA,NA,NA,NA,NA,NA
1126,325.104593,325.104070710174,325.104124393929,2682440.8,NA,353033,15.83,-1,-0.165127879525188,0.995064618584958,0,0.597038771150975,7,1.28571428571429,0.5,"N2 O7","de-protonated",0,NA,"C14 H18 O7 N2",14,18,7,2,NA,NA,NA,NA,NA,NA,NA
1127,325.106452,325.10592970522,325.105778164259,3501129.5,NA,344550.9,21.36,-1,0.46612816984898,0.961342678033185,0,0.576805606819911,2,1.91666666666667,0.666666666666667,"P1 O8","de-protonated",0,NA,"C12 H23 O8 P1",12,23,8,NA,1,NA,NA,NA,NA,NA,NA
1128,325.111991,325.111468690459,325.111518449292,5811276,NA,336515.1,36.99,-1,-0.153051583948344,0.99575862326098,0,0.597455173956588,6,1.375,0.3125,"S1 O5","de-protonated",0,NA,"C16 H22 O5 S1",16,22,5,NA,NA,1,NA,NA,NA,NA,NA
1131,325.129747,325.129224643139,325.129276514021,22497364,NA,319992.1,149.82,-1,-0.159539252347189,0.996629577091202,0.992656649375494,0.995040406004919,6,1.375,0.4375,"O7","de-protonated",0,NA,"C16 H22 O7",16,22,7,NA,NA,NA,NA,NA,NA,NA,NA
1132,325.142739,325.142216608516,325.142163673643,4143193,NA,316757.9,25.7,-1,0.162805316383265,0.995202145605341,0,0.597121287363205,1,2.07692307692308,0.538461538461538,"P1 O7","de-protonated",0,NA,"C13 H27 O7 P1",13,27,7,NA,1,NA,NA,NA,NA,NA,NA
1133,325.166154,325.165631546115,325.165662023405,4852835,NA,330888.3,30.5,-1,-0.0937285011426422,0.998407237292763,0,0.599044342375658,5,1.52941176470588,0.352941176470588,"O6","de-protonated",0,NA,"C17 H26 O6",17,26,6,NA,NA,NA,NA,NA,NA,NA,NA
1134,325.184701,325.184178496688,325.18428946806,65796204,NA,314993.1,442.63,-1,-0.341256869152229,0.742006389250234,0.971116850759051,0.833650573853761,4,1.66666666666667,0.166666666666667,"S1 O3","de-protonated",0,NA,"C18 H30 O3 S1",18,30,3,NA,NA,1,NA,NA,NA,NA,NA
1135,326.052209,326.051684184791,326.051754467445,2479580.3,NA,355235.6,14.45,-1,-0.215556741582917,0.991604480497113,0,0.594962688298267,8,1,0.692307692307692,"N1 O9","de-protonated",0,NA,"C13 H13 O9 N1",13,13,9,1,NA,NA,NA,NA,NA,NA,NA
1138,326.088566,326.088041087901,326.08813997683,5156332,NA,322481.6,32.55,-1,-0.303258281714938,0.983451422683726,0,0.590070853610235,7,1.21428571428571,0.571428571428571,"N1 O8","de-protonated",0,NA,"C14 H17 O8 N1",14,17,8,1,NA,NA,NA,NA,NA,NA,NA
1141,326.125063,326.124537990637,326.124525486214,3571707.3,NA,319685.7,21.84,-1,0.0383424788701364,0.999733279572825,0,0.599839967743695,6,1.4,0.466666666666667,"N1 O7","de-protonated",0,NA,"C15 H21 O7 N1",15,21,7,1,NA,NA,NA,NA,NA,NA,NA
1146,327.036242,327.035714562358,327.035770050346,4561791,NA,347768.3,28.53,-1,-0.169669476953914,0.994790122686489,0,0.596874073611893,8,0.923076923076923,0.769230769230769,"O10","de-protonated",0,NA,"C13 H12 O10",13,12,10,NA,NA,NA,NA,NA,NA,NA,NA
1147,327.051335,327.050807522135,327.050864000379,2424709.3,NA,339849.8,14.08,-1,-0.172689479385142,0.994603513275536,0,0.596762107965322,7,1.41666666666667,0.0833333333333333,"N4 S2 P1 O1","de-protonated",0,NA,"C12 H17 O1 S2 N4 P1",12,17,1,4,1,2,NA,NA,NA,NA,NA
1148,327.054846,327.054318512779,327.054397495001,1666694.6,NA,339809.1,8.95,-1,-0.241495674278088,0.989473677073401,0,0.593684206244041,7,1.14285714285714,0.5,"S1 O7","de-protonated",0,NA,"C14 H16 O7 S1",14,16,7,NA,NA,1,NA,NA,NA,NA,NA
1149,327.061915,327.06138749394,327.061411427808,1909641.6,NA,364158.5,10.59,-1,-0.0731785155749049,0.999028796944724,0,0.599417278166835,11,0.944444444444444,0.111111111111111,"S1 P1 O2","de-protonated",0,NA,"C18 H17 O2 S1 P1",18,17,2,NA,1,1,NA,NA,NA,NA,NA
1150,327.064467,327.063939487139,327.063913351253,3885962.8,NA,341605.7,23.96,-1,0.0799106375406717,0.998841992319723,0,0.599305195391834,7,1.21428571428571,0.5,"P1 O7","de-protonated",0,NA,"C14 H17 O7 P1",14,17,7,NA,1,NA,NA,NA,NA,NA,NA
1151,327.072609,327.07208146544,327.07215555973,19983246,NA,312871.9,132.82,-1,-0.226538054670489,0.987237299191912,0.993607583920129,0.989785413083199,7,1.14285714285714,0.642857142857143,"O9","de-protonated",0,NA,"C14 H16 O9",14,16,9,NA,NA,NA,NA,NA,NA,NA,NA
1152,327.083989,327.083461435113,327.083388949023,1728915,NA,383610.3,9.37,-1,0.221613486942756,0.991128183460504,0,0.594676910076302,7,1.23076923076923,0.615384615384615,"N2 O8","de-protonated",0,NA,"C13 H16 O8 N2",13,16,8,2,NA,NA,NA,NA,NA,NA,NA
1153,327.087912,327.087384424658,327.087411701015,2808724.8,NA,326420.7,16.67,-1,-0.0833916440273325,0.998738971427228,0,0.599243382856337,11,0.888888888888889,0.333333333333333,"O6","de-protonated",0,NA,"C18 H16 O6",18,16,6,NA,NA,NA,NA,NA,NA,NA,NA
1154,327.091318,327.090790415581,327.090783004385,1921430.1,NA,302646,10.67,-1,0.0226579177733436,0.999906851987366,0,0.599944111192419,6,1.33333333333333,0.4,"S1 O6","de-protonated",0,NA,"C15 H20 O6 S1",15,20,6,NA,NA,1,NA,NA,NA,NA,NA
1155,327.100915,327.100387390005,327.100298860637,6440858,NA,322951.4,41.24,-1,0.270648998073846,0.986796662994445,0,0.592077997796667,6,1.4,0.4,"P1 O6","de-protonated",0,NA,"C15 H21 O6 P1",15,21,6,NA,1,NA,NA,NA,NA,NA,NA
1156,327.108946,327.108418368603,327.108541069115,30645150,NA,317115.4,204.92,-1,-0.375106413679475,0.985015956356749,0.996684142696553,0.989683230892671,6,1.33333333333333,0.533333333333333,"O8","de-protonated",0,NA,"C15 H20 O8",15,20,8,NA,NA,NA,NA,NA,NA,NA,NA
1157,327.112183,327.111655359976,327.111532249929,1692575,NA,276312.2,9.13,-1,0.376354957751377,0.974626511876772,0,0.584775907126063,6,1.5,0.357142857142857,"N2 P1 O5","de-protonated",0,NA,"C14 H21 O5 N2 P1",14,21,5,2,1,NA,NA,NA,NA,NA,NA
1158,327.120281,327.119753338395,327.119774458407,1827490.4,NA,307906.1,10.04,-1,-0.064563543042296,0.999243925993837,0,0.599546355596302,6,1.42857142857143,0.5,"N2 O7","de-protonated",0,NA,"C14 H20 O7 N2",14,20,7,2,NA,NA,NA,NA,NA,NA,NA
1159,327.127632,327.127104318805,327.12716851377,7508901.5,NA,317794.7,48.46,-1,-0.196238560286238,0.496518422273494,0.85154837932281,0.63853040509322,5,1.5,0.3125,"S1 O5","de-protonated",0,NA,"C16 H24 O5 S1",16,24,5,NA,NA,1,NA,NA,NA,NA,NA
1160,327.13734,327.136812292933,327.136684370021,4701097.5,NA,329788,29.47,-1,0.391038113202587,0.972635905305447,0,0.583581543183268,5,1.5625,0.3125,"P1 O5","de-protonated",0,NA,"C16 H25 O5 P1",16,25,5,NA,1,NA,NA,NA,NA,NA,NA
1161,327.145395,327.144867271467,327.144926578499,12170157,NA,318611.8,79.98,-1,-0.181286724189665,0.982303767751039,0.998252701201251,0.988683341131124,5,1.5,0.4375,"O7","de-protonated",0,NA,"C16 H24 O7",16,24,7,NA,NA,NA,NA,NA,NA,NA,NA
1163,328.06786,328.067329813111,328.067404531923,2720564.8,NA,346910.9,16.08,-1,-0.227754452583031,0.990632032677824,0,0.594379219606694,7,1.15384615384615,0.692307692307692,"N1 O9","de-protonated",0,NA,"C13 H15 O9 N1",13,15,9,1,NA,NA,NA,NA,NA,NA,NA
1165,328.104324,328.103793715935,328.103790041308,3742020.3,NA,365880.5,22.98,-1,0.0111995887670625,0.999977241007184,0,0.59998634460431,6,1.35714285714286,0.571428571428571,"N1 O8","de-protonated",0,NA,"C14 H19 O8 N1",14,19,8,1,NA,NA,NA,NA,NA,NA,NA
1167,328.140637,328.140106619161,328.140175550692,1944915.6,NA,364508.7,10.83,-1,-0.210067329540856,0.992024951820515,0,0.595214971092309,5,1.53333333333333,0.466666666666667,"N1 O7","de-protonated",0,NA,"C15 H23 O7 N1",15,23,7,1,NA,NA,NA,NA,NA,NA,NA
1172,329.030841,329.030308246781,329.030290746725,2476749,NA,356513.4,14.42,-1,0.0531867637620001,0.999486843888589,0,0.599692106333153,12,0.625,0.5,"O8","de-protonated",0,NA,"C16 H10 O8",16,10,8,NA,NA,NA,NA,NA,NA,NA,NA
1173,329.043875,329.043342212046,329.043177906347,2630866.5,NA,348672.6,15.47,-1,0.499343885475921,0.955765012881243,0,0.573459007728746,7,1.15384615384615,0.615384615384615,"P1 O8","de-protonated",0,NA,"C13 H15 O8 P1",13,15,8,NA,1,NA,NA,NA,NA,NA,NA
1174,329.051862,329.05132919076,329.051420114824,6938326,NA,333630.3,44.6,-1,-0.276321748422443,0.986241248739082,0,0.591744749243449,7,1.07692307692308,0.769230769230769,"O10","de-protonated",0,NA,"C13 H14 O10",13,14,10,NA,NA,NA,NA,NA,NA,NA,NA
1175,329.067141,329.066608150042,329.066676256109,2788572.3,NA,342643.5,16.53,-1,-0.206967377405495,0.992257682989187,0,0.595354609793512,11,0.823529411764706,0.411764705882353,"O7","de-protonated",0,NA,"C17 H14 O7",17,14,7,NA,NA,NA,NA,NA,NA,NA,NA
1176,329.0705,329.06996714109,329.070047559479,8005341.5,NA,324470.8,51.81,-1,-0.244380761097929,0.983163487277726,0.952175104182551,0.970768134039656,6,1.28571428571429,0.5,"S1 O7","de-protonated",0,NA,"C14 H18 O7 S1",14,18,7,NA,NA,1,NA,NA,NA,NA,NA
1177,329.080249,329.079716115109,329.079563415731,10774242,NA,315972.6,70.54,-1,0.464019633356778,0.970833613756619,0.935238304943156,0.956595490231234,6,1.35714285714286,0.5,"P1 O7","de-protonated",0,NA,"C14 H19 O7 P1",14,19,7,NA,1,NA,NA,NA,NA,NA,NA
1178,329.08832,329.0877870936,329.087805624208,16768741,NA,314591.3,111.07,-1,-0.0563090088059639,0.998100142338012,0.973282568856093,0.988173112945244,6,1.28571428571429,0.642857142857143,"O9","de-protonated",0,NA,"C14 H18 O9",14,18,9,NA,NA,NA,NA,NA,NA,NA,NA
1180,329.103535,329.103002053052,329.103061765493,3276011.8,NA,311741.4,19.83,-1,-0.181439942800626,0.994044432200944,0,0.596426659320566,10,1,0.333333333333333,"O6","de-protonated",0,NA,"C18 H18 O6",18,18,6,NA,NA,NA,NA,NA,NA,NA,NA
1181,329.106813,329.106280044317,329.106433068863,3449581,NA,339052.9,21,-1,-0.464969782291169,0.961530836516784,0,0.576918501910071,5,1.46666666666667,0.4,"S1 O6","de-protonated",0,NA,"C15 H22 O6 S1",15,22,6,NA,NA,1,NA,NA,NA,NA,NA
1182,329.116558,329.116025018346,329.115948925115,10872561,NA,320038.8,71.2,-1,0.231204933678169,0.986821747600327,0.874715023388715,0.941979057915682,5,1.53333333333333,0.4,"P1 O6","de-protonated",0,NA,"C15 H23 O6 P1",15,23,6,NA,1,NA,NA,NA,NA,NA,NA
1183,329.124668,329.124134996733,329.124191133593,13184757,NA,306891.4,86.84,-1,-0.170564366966121,0.989493055362063,0.997485162067958,0.992689898044421,5,1.46666666666667,0.533333333333333,"O8","de-protonated",0,NA,"C15 H22 O8",15,22,8,NA,NA,NA,NA,NA,NA,NA,NA
1184,329.139903,329.139369956132,329.139447274877,1592571,NA,412632.7,8.44,-1,-0.234911815719121,0.990036978353066,0,0.59402218701184,9,1.15789473684211,0.263157894736842,"O5","de-protonated",0,NA,"C19 H22 O5",19,22,5,NA,NA,NA,NA,NA,NA,NA,NA
1185,329.152906,329.152372921479,329.152334434499,68747008,NA,313764.2,462.57,-1,0.11692756194688,0.98984319164147,0.97997854291092,0.98589733214925,4,1.6875,0.3125,"P1 O5","de-protonated",0,NA,"C16 H27 O5 P1",16,27,5,NA,1,NA,NA,NA,NA,NA,NA
1186,329.160959,329.160425900018,329.160576642977,5575428,NA,293548.1,35.38,-1,-0.457961764755049,0.96265994737502,0,0.577595968425012,4,1.625,0.4375,"O7","de-protonated",0,NA,"C16 H26 O7",16,26,7,NA,NA,NA,NA,NA,NA,NA,NA
1189,330.062434,330.061898497601,330.061925228302,1920129.5,NA,365262.3,10.66,-1,-0.0809869273680822,0.998810607292894,0,0.599286364375737,11,0.8125,0.4375,"N1 O7","de-protonated",0,NA,"C16 H13 O7 N1",16,13,7,1,NA,NA,NA,NA,NA,NA,NA
1191,330.075496,330.074960462791,330.074812387924,1719431,NA,372298.5,9.3,-1,0.448610015583524,0.964141973514571,0,0.578485184108742,6,1.38461538461538,0.538461538461538,"N1 P1 O7","de-protonated",0,NA,"C13 H18 O7 N1 P1",13,18,7,1,1,NA,NA,NA,NA,NA,NA
1198,330.221002,330.220466075019,330.220354425461,7098564.5,NA,322389,45.68,-1,0.338106227153601,0.48973559474527,0.843720152817574,0.631329417974192,2,2,0.176470588235294,"N1 P1 O3","de-protonated",0,NA,"C17 H34 O3 N1 P1",17,34,3,1,1,NA,NA,NA,NA,NA,NA
1202,331.031232,331.030693915768,331.030684669918,1651482.9,NA,366634.1,8.84,-1,0.0279304939915074,0.999858459630461,0,0.599915075778277,7,1,0.916666666666667,"O11","de-protonated",0,NA,"C12 H12 O11",12,12,11,NA,NA,NA,NA,NA,NA,NA,NA
1203,331.04635,331.045811875479,331.045940811203,4529697.5,NA,311879.9,28.3,-1,-0.389479850635167,0.972850577397956,0,0.583710346438774,11,0.75,0.5,"O8","de-protonated",0,NA,"C16 H12 O8",16,12,8,NA,NA,NA,NA,NA,NA,NA,NA
1204,331.05944,331.058901840594,331.058827970825,6724135,NA,327198.6,43.14,-1,0.223131852952969,0.991006748167041,0,0.594604048900225,6,1.30769230769231,0.615384615384615,"P1 O8","de-protonated",0,NA,"C13 H17 O8 P1",13,17,8,NA,1,NA,NA,NA,NA,NA,NA
1205,331.067538,331.066999819013,331.067070179302,4901418,NA,312169.6,30.82,-1,-0.212525784170501,0.991837961079087,0,0.595102776647452,6,1.23076923076923,0.769230769230769,"O10","de-protonated",0,NA,"C13 H16 O10",13,16,10,NA,NA,NA,NA,NA,NA,NA,NA
1207,331.082815,331.0822767783,331.082326320587,5711408.5,NA,322832.2,36.29,-1,-0.149637364250852,0.995945362958804,0,0.597567217775283,10,0.941176470588235,0.411764705882353,"O7","de-protonated",0,NA,"C17 H16 O7",17,16,7,NA,NA,NA,NA,NA,NA,NA,NA
1209,331.095782,331.095243743743,331.095213480209,19943990,NA,310642.4,132.54,-1,0.0914043251260043,0.9982499798215,0.949405657962069,0.978712251077728,5,1.5,0.5,"P1 O7","de-protonated",0,NA,"C14 H21 O7 P1",14,21,7,NA,1,NA,NA,NA,NA,NA,NA
1210,331.103873,331.103334722181,331.103455688686,7350841.5,NA,308247.7,47.38,-1,-0.365343529945248,0.979137708647755,0.903076517544285,0.948713232206367,5,1.42857142857143,0.642857142857143,"O9","de-protonated",0,NA,"C14 H20 O9",14,20,9,NA,NA,NA,NA,NA,NA,NA,NA
1212,331.119205,331.118666681321,331.118711829971,5890624,NA,306669.9,37.5,-1,-0.136351852302286,0.498316110516646,0.836034543948893,0.633403483889545,9,1.11111111111111,0.333333333333333,"O6","de-protonated",0,NA,"C18 H20 O6",18,20,6,NA,NA,NA,NA,NA,NA,NA,NA
1213,331.122526,331.121987672471,331.122083133341,2018369.5,NA,347897.8,11.32,-1,-0.288295088054101,0.985032211217459,0,0.591019326730475,4,1.6,0.4,"S1 O6","de-protonated",0,NA,"C15 H24 O6 S1",15,24,6,NA,NA,1,NA,NA,NA,NA,NA
1214,331.132244,331.131705646573,331.131598989593,9206342,NA,319965.8,59.93,-1,0.322098464544353,0.984609136291522,0.887136612862657,0.945620126919976,4,1.66666666666667,0.4,"P1 O6","de-protonated",0,NA,"C15 H25 O6 P1",15,25,6,NA,1,NA,NA,NA,NA,NA,NA
1215,331.140225,331.139686625303,331.139841198071,5625417,NA,317124,35.71,-1,-0.466790002027234,0.96123498213688,0,0.576740989282128,4,1.6,0.533333333333333,"O8","de-protonated",0,NA,"C15 H24 O8",15,24,8,NA,NA,NA,NA,NA,NA,NA,NA
1217,331.155524,331.154985584532,331.155097339355,2512463.5,NA,341796.2,14.66,-1,-0.337469736961256,0.979547613240259,0,0.587728567944155,8,1.26315789473684,0.263157894736842,"O5","de-protonated",0,NA,"C19 H24 O5",19,24,5,NA,NA,NA,NA,NA,NA,NA,NA
1219,331.16862,331.168081549631,331.167984498977,2242133,NA,298659.1,12.83,-1,0.293055664559858,0.984537680801149,0,0.59072260848069,3,1.8125,0.3125,"P1 O5","de-protonated",0,NA,"C16 H29 O5 P1",16,29,5,NA,1,NA,NA,NA,NA,NA,NA
1220,331.176691,331.176152528122,331.176226707455,3450456.3,NA,329612.9,21,-1,-0.223987492898863,0.990937957443223,0,0.594562774465934,3,1.75,0.4375,"O7","de-protonated",0,NA,"C16 H28 O7",16,28,7,NA,NA,NA,NA,NA,NA,NA,NA
1221,332.041712,332.041171222854,332.041189783396,1757125.4,NA,330385.2,9.29,-1,-0.0558983110823646,0.999433202281879,0,0.599659921369127,11,0.733333333333333,0.533333333333333,"N1 O8","de-protonated",0,NA,"C15 H11 O8 N1",15,11,8,1,NA,NA,NA,NA,NA,NA,NA
1222,332.062743,332.062202166807,332.062319151495,1471950.1,NA,372833,7.42,-1,-0.35229739002072,0.977731464681657,0,0.586638878808994,6,1.25,0.833333333333333,"N1 O10","de-protonated",0,NA,"C12 H15 O10 N1",12,15,10,1,NA,NA,NA,NA,NA,NA,NA
1223,332.078067,332.077526125968,332.07757529278,4628436.5,NA,328904,28.19,-1,-0.148058210515256,0.996030321032327,0,0.597618192619396,10,0.9375,0.4375,"N1 O7","de-protonated",0,NA,"C16 H15 O7 N1",16,15,7,1,NA,NA,NA,NA,NA,NA,NA
1224,332.091119,332.090578091185,332.090462452402,1734618.1,NA,367724,9.15,-1,0.348214706846031,0.978238977982809,0,0.586943386789685,5,1.53846153846154,0.538461538461538,"N1 P1 O7","de-protonated",0,NA,"C13 H20 O7 N1 P1",13,20,7,1,1,NA,NA,NA,NA,NA,NA
1231,332.236636,332.236094703384,332.236004489939,23122968,NA,311227.9,149.92,-1,0.27153422231823,0.985616860888408,0.968913469069098,0.978935504160684,1,2.11764705882353,0.176470588235294,"N1 P1 O3","de-protonated",0,NA,"C17 H36 O3 N1 P1",17,36,3,1,1,NA,NA,NA,NA,NA,NA
1235,333.025665,333.025121600634,333.025205366296,4842852,NA,304991.1,29.6,-1,-0.251529498029103,0.988585910608984,0,0.59315154636539,11,0.666666666666667,0.6,"O9","de-protonated",0,NA,"C15 H10 O9",15,10,9,NA,NA,NA,NA,NA,NA,NA,NA
1236,333.038682,333.038138565943,333.038092525918,2713449.5,NA,334262.1,15.59,-1,0.138242519961849,0.996538340591598,0,0.597923004354959,6,1.25,0.75,"P1 O9","de-protonated",0,NA,"C12 H15 O9 P1",12,15,9,NA,1,NA,NA,NA,NA,NA,NA
1238,333.062027,333.061483503729,333.061590875681,8838515,NA,322241.3,55.9,-1,-0.322378665604343,0.490659546162694,0.85154837932281,0.63501507942674,10,0.875,0.5,"O8","de-protonated",0,NA,"C16 H14 O8",16,14,8,NA,NA,NA,NA,NA,NA,NA,NA
1239,333.073322,333.072778473628,333.072824264973,2947960,NA,350290.9,17.13,-1,-0.137481479243379,0.996576284194903,0,0.597945770516942,10,0.933333333333333,0.466666666666667,"N2 O7","de-protonated",0,NA,"C15 H14 O7 N2",15,14,7,2,NA,NA,NA,NA,NA,NA,NA
1240,333.075104,333.074560468879,333.074478035303,12111225,NA,310285.8,77.44,-1,0.247492924730364,0.988369170650875,0.906865564786935,0.955767728305299,5,1.46153846153846,0.615384615384615,"P1 O8","de-protonated",0,NA,"C13 H19 O8 P1",13,19,8,NA,1,NA,NA,NA,NA,NA,NA
1241,333.083214,333.082670447266,333.08272024378,2347388.3,NA,319079.3,13.18,-1,-0.149501942467359,0.99595268366454,0,0.597571610198724,5,1.38461538461538,0.769230769230769,"O10","de-protonated",0,NA,"C13 H18 O10",13,18,10,NA,NA,NA,NA,NA,NA,NA,NA
1244,333.098514,333.097970406492,333.097976385065,12080515,NA,319971,77.24,-1,-0.0179483914102215,0.983287625404773,0.985240014031699,0.984068580855543,9,1.05882352941176,0.411764705882353,"O7","de-protonated",0,NA,"C17 H18 O7",17,18,7,NA,NA,NA,NA,NA,NA,NA,NA
1245,333.111457,333.110913371999,333.110863544687,231818640,NA,313509.1,1523.5,-1,0.149581768819665,0.98903431265886,0.99392778671073,0.990991702279608,4,1.64285714285714,0.5,"P1 O7","de-protonated",0,NA,"C14 H23 O7 P1",14,23,7,NA,1,NA,NA,NA,NA,NA,NA
1247,333.134903,333.134359309516,333.134361894449,9287058,NA,309729.7,58.85,-1,-0.00775943169669913,0.992547082007349,0.984703958855229,0.989409832746501,8,1.22222222222222,0.333333333333333,"O6","de-protonated",0,NA,"C18 H22 O6",18,22,6,NA,NA,NA,NA,NA,NA,NA,NA
1249,333.156018,333.155474253245,333.155491262549,1615002.8,NA,274737,8.36,-1,-0.0510551508427641,0.999527142528463,0,0.599716285517078,3,1.73333333333333,0.533333333333333,"O8","de-protonated",0,NA,"C15 H26 O8",15,26,8,NA,NA,NA,NA,NA,NA,NA,NA
1250,333.171222,333.170678212726,333.170747403833,2964385.3,NA,320274.3,17.24,-1,-0.207674616429522,0.992204886354073,0,0.595322931812444,7,1.36842105263158,0.263157894736842,"O5","de-protonated",0,NA,"C19 H26 O5",19,26,5,NA,NA,NA,NA,NA,NA,NA,NA
1251,333.220585,333.220041081175,333.22002007284,4893110,NA,318181.9,29.93,-1,0.0630464363431961,0.999279028145464,0,0.599567416887278,1,2.05882352941176,0.235294117647059,"P1 O4","de-protonated",0,NA,"C17 H35 O4 P1",17,35,4,NA,1,NA,NA,NA,NA,NA,NA
1253,334.057336,334.056789851245,334.056839847874,3291926,NA,330955.3,19.39,-1,-0.14966503339807,0.995943866395866,0,0.59756631983752,10,0.866666666666667,0.533333333333333,"N1 O8","de-protonated",0,NA,"C15 H13 O8 N1",15,13,8,1,NA,NA,NA,NA,NA,NA,NA
1255,334.093611,334.093064754573,334.093225357258,4611877,NA,322624.8,28.08,-1,-0.480712186291546,0.958936975136968,0,0.575362185082181,9,1.0625,0.4375,"N1 O7","de-protonated",0,NA,"C16 H17 O7 N1",16,17,7,1,NA,NA,NA,NA,NA,NA,NA
1258,334.105047,334.104500724096,334.10445874655,1434410,NA,299149.9,7.16,-1,0.125641981350868,0.997139766111441,0,0.598283859666864,9,1.13333333333333,0.4,"N3 O6","de-protonated",0,NA,"C15 H17 O6 N3",15,17,6,3,NA,NA,NA,NA,NA,NA,NA
1261,334.130001,334.129454657594,334.129610866642,2696500.5,NA,317496.4,15.47,-1,-0.467510339678279,0.961117606083773,0,0.576670563650263,8,1.23529411764706,0.352941176470588,"N1 O6","de-protonated",0,NA,"C17 H21 O6 N1",17,21,6,1,NA,NA,NA,NA,NA,NA,NA
1264,334.143169,334.142622622502,334.142498026264,1527610,NA,383503,7.78,-1,0.372883540334246,0.975086579270817,0,0.58505194756249,3,1.85714285714286,0.428571428571429,"N1 P1 O6","de-protonated",0,NA,"C14 H26 O6 N1 P1",14,26,6,1,1,NA,NA,NA,NA,NA,NA
1265,334.151217,334.150670601054,334.150740234742,2201917.5,NA,336772.1,12.22,-1,-0.208390044551561,0.992151298014727,0,0.595290778808836,3,1.78571428571429,0.571428571428571,"N1 O8","de-protonated",0,NA,"C14 H25 O8 N1",14,25,8,1,NA,NA,NA,NA,NA,NA,NA
1269,335.041405,335.040856228716,335.040855430774,9345203,NA,310119.1,59.23,-1,0.00238162509502307,0.499999485399262,0.859523230357577,0.643808983382588,10,0.8,0.6,"O9","de-protonated",0,NA,"C15 H12 O9",15,12,9,NA,NA,NA,NA,NA,NA,NA,NA
1270,335.052692,335.052143198636,335.052088820067,2563256,NA,318969.3,14.59,-1,0.162298853138986,0.995231878835424,0,0.597139127301254,10,0.857142857142857,0.571428571428571,"N2 O8","de-protonated",0,NA,"C14 H12 O8 N2",14,12,8,2,NA,NA,NA,NA,NA,NA,NA
1271,335.054444,335.053895193967,335.053742590396,4596921,NA,333008.2,27.98,-1,0.455459980118754,0.96305919104608,0,0.577835514627648,5,1.41666666666667,0.75,"P1 O9","de-protonated",0,NA,"C12 H17 O9 P1",12,17,9,NA,1,NA,NA,NA,NA,NA,NA
1273,335.07771,335.077161131964,335.077240940159,15751363,NA,307255.6,101.39,-1,-0.238178500539093,0.994691278246457,0.99524179887938,0.994911486499626,9,1,0.5,"O8","de-protonated",0,NA,"C16 H16 O8",16,16,8,NA,NA,NA,NA,NA,NA,NA,NA
1274,335.089018,335.088469101828,335.088474329451,4679879.5,NA,324346.1,28.52,-1,-0.0156007240117266,0.999955839523932,0,0.599973503714359,9,1.06666666666667,0.466666666666667,"N2 O7","de-protonated",0,NA,"C15 H16 O7 N2",15,16,7,2,NA,NA,NA,NA,NA,NA,NA
1275,335.090801,335.090252097076,335.090128099781,14907592,NA,302611.4,95.84,-1,0.370041625703335,0.968201234483995,0.966958452100118,0.967704121530444,4,1.61538461538462,0.615384615384615,"P1 O8","de-protonated",0,NA,"C13 H21 O8 P1",13,21,8,NA,1,NA,NA,NA,NA,NA,NA
1277,335.114072,335.11352303506,335.113626449543,22907090,NA,307934.9,148.49,-1,-0.308595279929794,0.981824596348097,0.97500202547388,0.97909556799841,8,1.17647058823529,0.411764705882353,"O7","de-protonated",0,NA,"C17 H20 O7",17,20,7,NA,NA,NA,NA,NA,NA,NA,NA
1280,335.127096,335.126547000351,335.126513609165,13891799,NA,312927,89.15,-1,0.0996375533122869,0.982972746783734,0.942137235663737,0.966638542335736,3,1.78571428571429,0.5,"P1 O7","de-protonated",0,NA,"C14 H25 O7 P1",14,25,7,NA,1,NA,NA,NA,NA,NA,NA
1282,335.150525,335.149975937913,335.150011958927,9822433,NA,307915.4,62.37,-1,-0.107477287982439,0.498953107293758,0.836034543948893,0.633785681955812,7,1.33333333333333,0.333333333333333,"O6","de-protonated",0,NA,"C18 H24 O6",18,24,6,NA,NA,NA,NA,NA,NA,NA,NA
1283,335.163525,335.162975903268,335.162899118549,5063910.5,NA,314446.2,31.05,-1,0.22909671395756,0.990521814337941,0,0.594313088602764,2,1.93333333333333,0.4,"P1 O6","de-protonated",0,NA,"C15 H29 O6 P1",15,29,6,NA,1,NA,NA,NA,NA,NA,NA
1284,335.171568,335.171018881834,335.171141327027,3572970,NA,321455.3,21.24,-1,-0.365321407447103,0.976074764220342,0,0.585644858532205,2,1.86666666666667,0.533333333333333,"O8","de-protonated",0,NA,"C15 H28 O8",15,28,8,NA,NA,NA,NA,NA,NA,NA,NA
1286,335.199959,335.199409806172,335.199284627934,1412341.9,NA,300903.3,7.02,-1,0.373444228863074,0.975012545172446,0,0.585007527103467,1,2.0625,0.3125,"P1 O5","de-protonated",0,NA,"C16 H33 O5 P1",16,33,5,NA,1,NA,NA,NA,NA,NA,NA
1288,335.236235,335.235685709497,335.235670137318,18958598,NA,309552.9,122.5,-1,0.0464514384834988,0.499804279122912,0.843720152817574,0.637370628600777,0,2.17647058823529,0.235294117647059,"P1 O4","de-protonated",0,NA,"C17 H37 O4 P1",17,37,4,NA,1,NA,NA,NA,NA,NA,NA
1290,336.036716,336.036164576227,336.036104402967,1736276.9,NA,355223.1,9.15,-1,0.179067840360804,0.994198687966557,0,0.596519212779934,10,0.785714285714286,0.642857142857143,"N1 O9","de-protonated",0,NA,"C14 H11 O9 N1",14,11,9,1,NA,NA,NA,NA,NA,NA,NA
1291,336.072967,336.072415479618,336.072489912352,5721700,NA,325421.1,35.38,-1,-0.221478208907927,0.991138963166404,0,0.594683377899842,9,1,0.533333333333333,"N1 O8","de-protonated",0,NA,"C15 H15 O8 N1",15,15,8,1,NA,NA,NA,NA,NA,NA,NA
1294,336.109315,336.108763382751,336.108875421736,6694515.5,NA,309624.2,41.78,-1,-0.333341344441526,0.49001997922146,0.85154837932281,0.634631339262,8,1.1875,0.4375,"N1 O7","de-protonated",0,NA,"C16 H19 O7 N1",16,19,7,1,NA,NA,NA,NA,NA,NA,NA
1298,336.158785,336.158233250915,336.158148090742,82971272,NA,307488.8,543.81,-1,0.253333655689928,0.99308116994026,0.997875334859289,0.994998835907872,2,2,0.428571428571429,"N1 P1 O6","de-protonated",0,NA,"C14 H28 O6 N1 P1",14,28,6,1,1,NA,NA,NA,NA,NA,NA
1299,336.239756,336.239204035128,336.239161317988,4452010,NA,323890.5,27.02,-1,0.127043916666809,0.997075673954371,0,0.598245404372623,0,2.1875,0.375,"N1 O6","de-protonated",0,NA,"C16 H35 O6 N1",16,35,6,1,NA,NA,NA,NA,NA,NA,NA
1302,337.020519,337.019964954406,337.020119985868,3735537,NA,298993.7,22.3,-1,-0.460006547449527,0.962332133277461,0,0.577399279966477,10,0.714285714285714,0.714285714285714,"O10","de-protonated",0,NA,"C14 H10 O10",14,10,10,NA,NA,NA,NA,NA,NA,NA,NA
1303,337.056919,337.056364857401,337.056505495252,16198656,NA,302595.1,104.33,-1,-0.417253039881845,0.984026606675747,0.971870582533065,0.979164197018674,9,0.933333333333333,0.6,"O9","de-protonated",0,NA,"C15 H14 O9",15,14,9,NA,NA,NA,NA,NA,NA,NA,NA
1304,337.068204,337.067649827326,337.067738884545,3737093,NA,298709.9,22.31,-1,-0.264211634388114,0.987413351492426,0,0.592448010895456,9,1,0.571428571428571,"N2 O8","de-protonated",0,NA,"C14 H14 O8 N2",14,14,8,2,NA,NA,NA,NA,NA,NA,NA
1305,337.069944,337.069389822689,337.069259713093,5379077.5,NA,318809.2,33.12,-1,0.386002558454197,0.486663350305938,0.799615297578637,0.611844129215017,17,0.608695652173913,0.0434782608695652,"S1 O1","de-protonated",0,NA,"C23 H14 O1 S1",23,14,1,NA,NA,1,NA,NA,NA,NA,NA
1307,337.093394,337.092839760195,337.092891004637,37547024,NA,306227.8,244.84,-1,-0.152018753728012,0.995703907754451,0.997723873563222,0.996511894077959,8,1.125,0.5,"O8","de-protonated",0,NA,"C16 H18 O8",16,18,8,NA,NA,NA,NA,NA,NA,NA,NA
1308,337.104571,337.104016730409,337.104124393929,5111828,NA,312394.6,31.36,-1,-0.319377640933582,0.981662080915789,0,0.588997248549473,8,1.2,0.466666666666667,"N2 O7","de-protonated",0,NA,"C15 H18 O7 N2",15,18,7,2,NA,NA,NA,NA,NA,NA,NA
1309,337.106372,337.105817725609,337.105778164259,10318869,NA,311451.4,65.63,-1,0.11735589605323,0.985507787047006,0.987905044308543,0.986466689951621,3,1.76923076923077,0.615384615384615,"P1 O8","de-protonated",0,NA,"C13 H23 O8 P1",13,23,8,NA,1,NA,NA,NA,NA,NA,NA
1310,337.121649,337.121094684896,337.121034305543,3307547.3,NA,293616,19.48,-1,0.179102893836,0.994196423073519,0,0.596517853844111,7,1.35294117647059,0.294117647058824,"P1 O5","de-protonated",0,NA,"C17 H23 O5 P1",17,23,5,NA,1,NA,NA,NA,NA,NA,NA
1312,337.129751,337.129196663305,337.129276514021,29338654,NA,308783.5,190.81,-1,-0.236854886014419,0.991133321230643,0.986122365486298,0.989128938932905,7,1.29411764705882,0.411764705882353,"O7","de-protonated",0,NA,"C17 H22 O7",17,22,7,NA,NA,NA,NA,NA,NA,NA,NA
1313,337.142856,337.14230162838,337.142163673643,9595940,NA,311972.6,60.87,-1,0.409188621063949,0.965024053974548,0.956723366831678,0.9617037791174,2,1.92857142857143,0.5,"P1 O7","de-protonated",0,NA,"C14 H27 O7 P1",14,27,7,NA,1,NA,NA,NA,NA,NA,NA
1315,337.166083,337.16552856648,337.165662023405,7797806,NA,307914.5,49.04,-1,-0.395820037117945,0.4859860390939,0.836034543948893,0.626005441035897,6,1.44444444444444,0.333333333333333,"O6","de-protonated",0,NA,"C18 H26 O6",18,26,6,NA,NA,NA,NA,NA,NA,NA,NA
1316,337.179255,337.178700531377,337.178549183027,2823731.5,NA,354224.3,16.3,-1,0.448867077307271,0.964101613945901,0,0.578460968367541,1,2.06666666666667,0.4,"P1 O6","de-protonated",0,NA,"C15 H31 O6 P1",15,31,6,NA,1,NA,NA,NA,NA,NA,NA
1317,337.202535,337.201980469336,337.202047532789,1584701.3,NA,301054.2,8.14,-1,-0.198882105442898,0.99284865542573,0,0.595709193255438,5,1.57894736842105,0.263157894736842,"O5","de-protonated",0,NA,"C19 H30 O5",19,30,5,NA,NA,NA,NA,NA,NA,NA,NA
1320,338.052311,338.051754204696,338.051754467445,4120992.5,NA,314567.2,24.84,-1,-0.000777246694521653,0.9999998903846,0,0.59999993423076,9,0.928571428571429,0.642857142857143,"N1 O9","de-protonated",0,NA,"C14 H13 O9 N1",14,13,9,1,NA,NA,NA,NA,NA,NA,NA
1322,338.088655,338.088098107839,338.08813997683,8740272,NA,315896.1,55.24,-1,-0.123840458115144,0.498610543996965,0.859523230357577,0.64297561854121,8,1.13333333333333,0.533333333333333,"N1 O8","de-protonated",0,NA,"C15 H17 O8 N1",15,17,8,1,NA,NA,NA,NA,NA,NA,NA
1324,338.099928,338.099371077797,338.099373366122,1705140.5,NA,329252.2,8.94,-1,-0.00676820190257228,0.999991688132055,0,0.599995012879233,8,1.21428571428571,0.5,"N3 O7","de-protonated",0,NA,"C14 H17 O7 N3",14,17,7,3,NA,NA,NA,NA,NA,NA,NA
1327,338.125006,338.124449010965,338.124525486214,5159359,NA,313509.4,31.67,-1,-0.226174807105943,0.99076092951297,0,0.594456557707782,7,1.3125,0.4375,"N1 O7","de-protonated",0,NA,"C16 H21 O7 N1",16,21,7,1,NA,NA,NA,NA,NA,NA,NA
1336,339.028184,339.027624604008,339.027527841869,1762616.3,NA,329164.7,9.31,-1,0.28541086473395,0.985328004086127,0,0.591196802451676,9,0.928571428571429,0.571428571428571,"P1 O8","de-protonated",0,NA,"C14 H13 O8 P1",14,13,8,NA,1,NA,NA,NA,NA,NA,NA
1337,339.036176,339.03561658271,339.035770050346,8400700,NA,308537.5,53,-1,-0.452659128189774,0.481751880441398,0.867648864333947,0.636110673998417,9,0.857142857142857,0.714285714285714,"O10","de-protonated",0,NA,"C14 H12 O10",14,12,10,NA,NA,NA,NA,NA,NA,NA,NA
1338,339.051388,339.05082854217,339.050864000379,1483329.9,NA,310298.2,7.47,-1,-0.104580794192535,0.998017437736798,0,0.598810462642079,8,1.30769230769231,0.0769230769230769,"N4 S2 P1 O1","de-protonated",0,NA,"C13 H17 O1 S2 N4 P1",13,17,1,4,1,2,NA,NA,NA,NA,NA
1339,339.062037,339.061477513791,339.061411427808,1691974.4,NA,363079.9,8.85,-1,0.19490859206688,0.993130583721319,0,0.595878350232791,12,0.894736842105263,0.105263157894737,"S1 P1 O2","de-protonated",0,NA,"C19 H17 O2 S1 P1",19,17,2,NA,1,1,NA,NA,NA,NA,NA
1340,339.06464,339.064080506854,339.063913351253,2264391.5,NA,376452.9,12.61,-1,0.49299142225188,0.956858853280864,0,0.574115311968519,8,1.13333333333333,0.466666666666667,"P1 O7","de-protonated",0,NA,"C15 H17 O7 P1",15,17,7,NA,1,NA,NA,NA,NA,NA,NA
1342,339.072635,339.072075485547,339.07215555973,31379274,NA,306888.6,204.24,-1,-0.236156764162029,0.994279745486747,0.984186883720269,0.990242600780156,8,1.06666666666667,0.6,"O9","de-protonated",0,NA,"C15 H16 O9",15,16,9,NA,NA,NA,NA,NA,NA,NA,NA
1343,339.083918,339.083358455478,339.083388949023,3712847.5,NA,333218.5,22.15,-1,-0.0899293370900853,0.998533648784527,0,0.599120189270716,8,1.14285714285714,0.571428571428571,"N2 O8","de-protonated",0,NA,"C14 H16 O8 N2",14,16,8,2,NA,NA,NA,NA,NA,NA,NA
1344,339.085512,339.08495245123,339.084909777571,3230544.3,NA,351049.8,18.97,-1,0.125849479601804,0.997130324513718,0,0.598278194708231,16,0.695652173913043,0.0434782608695652,"S1 O1","de-protonated",0,NA,"C23 H16 O1 S1",23,16,1,NA,NA,1,NA,NA,NA,NA,NA
1345,339.109036,339.108476388539,339.108541069115,53383000,NA,304575.2,349.06,-1,-0.190737087646452,0.991311893203849,0.986836254490989,0.989521637718705,7,1.25,0.5,"O8","de-protonated",0,NA,"C16 H20 O8",16,20,8,NA,NA,NA,NA,NA,NA,NA,NA
1346,339.120273,339.119713358593,339.119774458407,4366174.5,NA,284339.3,26.45,-1,-0.180171782587117,0.994127149114685,0,0.596476289468811,7,1.33333333333333,0.466666666666667,"N2 O7","de-protonated",0,NA,"C15 H20 O7 N2",15,20,7,2,NA,NA,NA,NA,NA,NA,NA
1347,339.122108,339.121548353702,339.121428228737,9330527,NA,313757,59.12,-1,0.354224050161764,0.488745000937212,0.875929598413485,0.643618839927721,2,1.92307692307692,0.615384615384615,"P1 O8","de-protonated",0,NA,"C13 H25 O8 P1",13,25,8,NA,1,NA,NA,NA,NA,NA,NA
1348,339.127659,339.127099338909,339.12716851377,3654497.8,NA,360689.7,21.76,-1,-0.203979117255708,0.992478804181856,0,0.595487282509114,6,1.41176470588235,0.294117647058824,"S1 O5","de-protonated",0,NA,"C17 H24 O5 S1",17,24,5,NA,NA,1,NA,NA,NA,NA,NA
1349,339.145347,339.144787291771,339.144926578499,21458794,NA,305381.6,138.95,-1,-0.41069972501378,0.983427176689133,0.983202556078341,0.983337328444816,6,1.41176470588235,0.411764705882353,"O7","de-protonated",0,NA,"C17 H24 O7",17,24,7,NA,NA,NA,NA,NA,NA,NA,NA
1350,339.158384,339.157824257027,339.157813738121,5255022.5,NA,330371,32.3,-1,0.0310147844644063,0.999825476681218,0,0.599895286008731,1,2.07142857142857,0.5,"P1 O7","de-protonated",0,NA,"C14 H29 O7 P1",14,29,7,NA,1,NA,NA,NA,NA,NA,NA
1351,339.181825,339.181265194557,339.181312087883,4171640.3,NA,324587.6,25.17,-1,-0.138254449851183,0.996537744140968,0,0.597922646484581,5,1.55555555555556,0.333333333333333,"O6","de-protonated",0,NA,"C18 H28 O6",18,28,6,NA,NA,NA,NA,NA,NA,NA,NA
1352,339.200366,339.199806145146,339.199939532538,41676672,NA,304048.3,272.01,-1,-0.393241202504465,0.976558091980139,0.979521774025374,0.977743564798233,4,1.68421052631579,0.157894736842105,"S1 O3","de-protonated",0,NA,"C19 H32 O3 S1",19,32,3,NA,NA,1,NA,NA,NA,NA,NA
1353,340.067877,340.067314833242,340.067404531923,5421290,NA,302154.5,33.39,-1,-0.263767359639217,0.98745537868114,0,0.592473227208684,8,1.07142857142857,0.642857142857143,"N1 O9","de-protonated",0,NA,"C14 H15 O9 N1",14,15,9,1,NA,NA,NA,NA,NA,NA,NA
1355,340.080934,340.080371798445,340.080291691545,2582255.3,NA,352039.4,14.7,-1,0.235552902907089,0.989982798537992,0,0.593989679122795,3,1.81818181818182,0.818181818181818,"N1 P1 O9","de-protonated",0,NA,"C11 H20 O9 N1 P1",11,20,9,1,1,NA,NA,NA,NA,NA,NA
1356,340.096276,340.095713757559,340.09554783283,1674741.8,NA,282094.6,8.73,-1,0.487876803543892,0.957730264842817,0,0.57463815890569,7,1.33333333333333,0.4,"N1 P1 O6","de-protonated",0,NA,"C15 H20 O6 N1 P1",15,20,6,1,1,NA,NA,NA,NA,NA,NA
1357,340.104297,340.103734736183,340.103790041308,7502073,NA,313551.9,47.08,-1,-0.162612491106366,0.497606738363242,0.859523230357577,0.642373335160976,7,1.26666666666667,0.533333333333333,"N1 O8","de-protonated",0,NA,"C15 H19 O8 N1",15,19,8,1,NA,NA,NA,NA,NA,NA,NA
1359,340.117342,340.116779701418,340.11667720093,4351230.5,NA,313457.7,26.35,-1,0.301368605646441,0.983655327074961,0,0.590193196244976,2,2,0.666666666666667,"N1 P1 O8","de-protonated",0,NA,"C12 H24 O8 N1 P1",12,24,8,1,1,NA,NA,NA,NA,NA,NA
1360,340.140702,340.140139639164,340.140175550692,3382536.3,NA,314625.1,19.97,-1,-0.105578611994719,0.99797946396152,0,0.598787678376912,6,1.4375,0.4375,"N1 O7","de-protonated",0,NA,"C16 H23 O7 N1",16,23,7,1,NA,NA,NA,NA,NA,NA,NA
1366,341.030818,341.030253267018,341.030290746725,2384507,NA,311177.6,13.4,-1,-0.109901399866783,0.997810804912422,0,0.598686482947453,13,0.588235294117647,0.470588235294118,"O8","de-protonated",0,NA,"C17 H10 O8",17,10,8,NA,NA,NA,NA,NA,NA,NA,NA
1367,341.041333,341.040768238996,341.040675982902,1722495.4,NA,388496.1,9.04,-1,0.270513461604046,0.98680979612381,0,0.592085877674286,12,0.833333333333333,0.166666666666667,"S1 P1 O3","de-protonated",0,NA,"C18 H15 O3 S1 P1",18,15,3,NA,1,1,NA,NA,NA,NA,NA
1368,341.043818,341.043253232373,341.043177906347,2592384.5,NA,343623.1,14.77,-1,0.220869472579863,0.991187390656702,0,0.594712434394021,8,1.07142857142857,0.571428571428571,"P1 O8","de-protonated",0,NA,"C14 H15 O8 P1",14,15,8,NA,1,NA,NA,NA,NA,NA,NA
1369,341.051821,341.051256211046,341.051420114824,12284548,NA,299056.1,78.56,-1,-0.480583773560934,0.974951668631298,0.977140617246387,0.975827248077334,8,1,0.714285714285714,"O10","de-protonated",0,NA,"C14 H14 O10",14,14,10,NA,NA,NA,NA,NA,NA,NA,NA
1370,341.067243,341.066678169946,341.066676256109,2004618.1,NA,359857.9,10.9,-1,0.00561132876785339,0.999994286739622,0,0.599996572043773,12,0.777777777777778,0.388888888888889,"O7","de-protonated",0,NA,"C18 H14 O7",18,14,7,NA,NA,NA,NA,NA,NA,NA,NA
1371,341.070598,341.070033161005,341.070047559479,2316939.5,NA,378660.2,12.95,-1,-0.0422155913572041,0.999676682385529,0,0.599806009431317,7,1.2,0.466666666666667,"S1 O7","de-protonated",0,NA,"C15 H18 O7 S1",15,18,7,NA,NA,1,NA,NA,NA,NA,NA
1372,341.080274,341.079709135219,341.079563415731,6898319.5,NA,302618.1,43.11,-1,0.42723019332848,0.982396742474812,0.692719776692882,0.86652595616204,7,1.26666666666667,0.466666666666667,"P1 O7","de-protonated",0,NA,"C15 H19 O7 P1",15,19,7,NA,1,NA,NA,NA,NA,NA,NA
1373,341.088263,341.087698113928,341.087805624208,39719572,NA,302333.8,259.13,-1,-0.315198252265867,0.977934918915081,0.986862193660247,0.981505828813147,7,1.2,0.6,"O9","de-protonated",0,NA,"C15 H18 O9",15,18,9,NA,NA,NA,NA,NA,NA,NA,NA
1375,341.101244,341.100679079334,341.100559842049,1800344.3,NA,339296.8,9.55,-1,0.34956637224766,0.978071580078483,0,0.58684294804709,15,0.782608695652174,0.0434782608695652,"S1 O1","de-protonated",0,NA,"C23 H18 O1 S1",23,18,1,NA,NA,1,NA,NA,NA,NA,NA
1376,341.106877,341.106312064322,341.106433068863,1624218.6,NA,358681.3,8.39,-1,-0.354741304633615,0.977424961808884,0,0.58645497708533,6,1.375,0.375,"S1 O6","de-protonated",0,NA,"C16 H22 O6 S1",16,22,6,NA,NA,1,NA,NA,NA,NA,NA
1377,341.116641,341.116076038301,341.115948925115,9497247,NA,307735.7,60.21,-1,0.372639234454332,0.48755940236144,0.85154837932281,0.633154993145988,6,1.4375,0.375,"P1 O6","de-protonated",0,NA,"C16 H23 O6 P1",16,23,6,NA,1,NA,NA,NA,NA,NA,NA
1378,341.124724,341.12415901676,341.124191133593,33108642,NA,302339.4,215.62,-1,-0.094149970323129,0.997790134518439,0.984389192656153,0.992429757773524,6,1.375,0.5,"O8","de-protonated",0,NA,"C16 H22 O8",16,22,8,NA,NA,NA,NA,NA,NA,NA,NA
1379,341.127826,341.127261008493,341.127182314407,1707171.4,NA,362507,8.94,-1,0.230688405949988,0.990390290951841,0,0.594234174571105,6,1.53333333333333,0.333333333333333,"N2 P1 O5","de-protonated",0,NA,"C15 H23 O5 N2 P1",15,23,5,2,1,NA,NA,NA,NA,NA,NA
1380,341.137755,341.137189982033,341.137078293215,6543015.5,NA,302799.9,40.77,-1,0.327401579183896,0.980738116989527,0,0.588442870193716,1,2.07692307692308,0.615384615384615,"P1 O8","de-protonated",0,NA,"C13 H27 O8 P1",13,27,8,NA,1,NA,NA,NA,NA,NA,NA
1381,341.143218,341.142652967474,341.142818578247,4821674,NA,306567.9,29.44,-1,-0.485458771606588,0.958139350643593,0,0.574883610386156,5,1.52941176470588,0.294117647058824,"S1 O5","de-protonated",0,NA,"C17 H26 O5 S1",17,26,5,NA,NA,1,NA,NA,NA,NA,NA
1382,341.152951,341.152385941536,341.152334434499,5141166,NA,314198.4,31.54,-1,0.150979579853296,0.995872449251115,0,0.597523469550669,5,1.58823529411765,0.294117647058824,"P1 O5","de-protonated",0,NA,"C17 H27 O5 P1",17,27,5,NA,1,NA,NA,NA,NA,NA,NA
1383,341.161031,341.160465920002,341.160576642977,9505457,NA,305543.7,60.27,-1,-0.324547975289155,0.989960276405561,0.985227177648414,0.988067036902702,5,1.52941176470588,0.411764705882353,"O7","de-protonated",0,NA,"C17 H26 O7",17,26,7,NA,NA,NA,NA,NA,NA,NA,NA
1384,341.174104,341.173538885163,341.173463802599,2041014.6,NA,354298,11.14,-1,0.220071524363053,0.991250672431124,0,0.594750403458675,0,2.21428571428571,0.5,"P1 O7","de-protonated",0,NA,"C14 H31 O7 P1",14,31,7,NA,1,NA,NA,NA,NA,NA,NA
1386,342.047122,342.046554558583,342.046669087017,1912353.8,NA,387447.9,10.29,-1,-0.334832770886025,0.979862764107476,0,0.587917658464486,8,1,0.769230769230769,"N1 O10","de-protonated",0,NA,"C13 H13 O10 N1",13,13,10,1,NA,NA,NA,NA,NA,NA,NA
1388,342.062542,342.061974517489,342.061925228302,1494568.1,NA,316901.1,7.54,-1,0.144094339181486,0.996239636463621,0,0.597743781878173,12,0.764705882352941,0.411764705882353,"N1 O7","de-protonated",0,NA,"C17 H13 O7 N1",17,13,7,1,NA,NA,NA,NA,NA,NA,NA
1389,342.075543,342.074975482841,342.074812387924,1724461.5,NA,371624.6,9.05,-1,0.476781427976437,0.959592070344563,0,0.575755242206737,7,1.28571428571429,0.5,"N1 P1 O7","de-protonated",0,NA,"C14 H18 O7 N1 P1",14,18,7,1,1,NA,NA,NA,NA,NA,NA
1392,342.098913,342.098345420561,342.098310737686,1490999.3,NA,296939.3,7.51,-1,0.101382770464148,0.998136723878608,0,0.598882034327165,11,0.944444444444444,0.333333333333333,"N1 O6","de-protonated",0,NA,"C18 H17 O6 N1",18,17,6,1,NA,NA,NA,NA,NA,NA,NA
1394,342.120055,342.119487364218,342.119440105786,4916288,NA,281612.1,30.06,-1,0.138134307520149,0.996543748481518,0,0.597926249088911,6,1.4,0.533333333333333,"N1 O8","de-protonated",0,NA,"C15 H21 O8 N1",15,21,8,1,NA,NA,NA,NA,NA,NA,NA
1405,343.009973,343.009402992599,343.009555301818,1470385.8,NA,359929.4,7.17,-1,-0.44403783149358,0.964856238741949,0,0.578913743245169,13,0.5,0.5625,"O9","de-protonated",0,NA,"C16 H8 O9",16,8,9,NA,NA,NA,NA,NA,NA,NA,NA
1406,343.03114,343.030569936189,343.030684669918,3070906.5,NA,316516.9,17.41,-1,-0.334470743815867,0.979905845802393,0,0.587943507481436,8,0.923076923076923,0.846153846153846,"O11","de-protonated",0,NA,"C13 H12 O11",13,12,11,NA,NA,NA,NA,NA,NA,NA,NA
1407,343.046391,343.045820895546,343.045940811203,2869696.8,NA,316925,16.13,-1,-0.349561509204278,0.97807218345634,0,0.586843310073804,12,0.705882352941177,0.470588235294118,"O8","de-protonated",0,NA,"C17 H12 O8",17,12,8,NA,NA,NA,NA,NA,NA,NA,NA
1408,343.059524,343.058953860547,343.058827970825,5410246.5,NA,299136,32.38,-1,0.366962490541781,0.975861950501869,0,0.585517170301121,7,1.21428571428571,0.571428571428571,"P1 O8","de-protonated",0,NA,"C14 H17 O8 P1",14,17,8,NA,1,NA,NA,NA,NA,NA,NA
1409,343.067576,343.067005839088,343.067070179302,15668682,NA,306092.7,98.02,-1,-0.187544126506487,0.996783180576431,0.980572475967249,0.990298898732758,7,1.14285714285714,0.714285714285714,"O10","de-protonated",0,NA,"C14 H16 O10",14,16,10,NA,NA,NA,NA,NA,NA,NA,NA
1410,343.070693,343.070122830781,343.070061360117,1923018.9,NA,317593,10.07,-1,0.179178165922248,0.994191558074408,0,0.596514934844645,7,1.30769230769231,0.538461538461538,"N2 P1 O7","de-protonated",0,NA,"C13 H17 O7 N2 P1",13,17,7,2,1,NA,NA,NA,NA,NA,NA
1411,343.082791,343.08222079854,343.082326320587,3494352,NA,325527,20.12,-1,-0.307570628180859,0.982981489418814,0,0.589788893651288,11,0.888888888888889,0.388888888888889,"O7","de-protonated",0,NA,"C18 H16 O7",18,16,7,NA,NA,NA,NA,NA,NA,NA,NA
1412,343.086029,343.085458789911,343.085317501402,7705041.5,NA,266540.4,47.07,-1,0.41181741701468,0.484848060833888,0.843720152817574,0.628396897627362,11,1,0.235294117647059,"N2 P1 O4","de-protonated",0,NA,"C17 H17 O4 N2 P1",17,17,4,2,1,NA,NA,NA,NA,NA,NA
1413,343.095834,343.095263763781,343.095213480209,15357397,NA,299290.2,96.03,-1,0.14655865207964,0.994751125282427,0.911977824369179,0.961641804917128,6,1.4,0.466666666666667,"P1 O7","de-protonated",0,NA,"C15 H21 O7 P1",15,21,7,NA,1,NA,NA,NA,NA,NA,NA
1414,343.103967,343.103396742107,343.103455688686,26678744,NA,302364,168.48,-1,-0.171804098131034,0.996472431459591,0.997743026423556,0.996980669445177,6,1.33333333333333,0.6,"O9","de-protonated",0,NA,"C15 H20 O9",15,20,9,NA,NA,NA,NA,NA,NA,NA,NA
1415,343.107053,343.106482733882,343.106446869501,1698778,NA,353337.9,8.63,-1,0.104528438795475,0.998019420300067,0,0.59881165218004,6,1.5,0.428571428571429,"N2 P1 O6","de-protonated",0,NA,"C14 H21 O6 N2 P1",14,21,6,2,1,NA,NA,NA,NA,NA,NA
1417,343.119224,343.118653701447,343.118711829971,4415967,NA,329783.4,26.02,-1,-0.169412283137696,0.994805864460749,0,0.596883518676449,10,1.05263157894737,0.315789473684211,"O6","de-protonated",0,NA,"C19 H20 O6",19,20,6,NA,NA,NA,NA,NA,NA,NA,NA
1419,343.132254,343.131683666722,343.131598989593,9960932,NA,309096.2,61.5,-1,0.246777414811804,0.991360993016731,0.868879633490496,0.942368449206237,5,1.5625,0.375,"P1 O6","de-protonated",0,NA,"C16 H25 O6 P1",16,25,6,NA,1,NA,NA,NA,NA,NA,NA
1420,343.140292,343.139721645301,343.139841198071,12275176,NA,308382.8,76.31,-1,-0.348408302701008,0.489107520005602,0.85154837932281,0.634083863732485,5,1.5,0.5,"O8","de-protonated",0,NA,"C16 H24 O8",16,24,8,NA,NA,NA,NA,NA,NA,NA,NA
1422,343.155523,343.154952604711,343.155097339355,1933806.1,NA,297820.5,10.14,-1,-0.421776176467968,0.968236561346982,0,0.580941936808189,9,1.2,0.25,"O5","de-protonated",0,NA,"C20 H24 O5",20,24,5,NA,NA,NA,NA,NA,NA,NA,NA
1423,343.168693,343.168122569613,343.167984498977,22963700,NA,302870.9,144.7,-1,0.40234124833924,0.979147326655663,0.947878055170126,0.966639618061448,4,1.70588235294118,0.294117647058824,"P1 O5","de-protonated",0,NA,"C17 H29 O5 P1",17,29,5,NA,1,NA,NA,NA,NA,NA,NA
1424,343.176773,343.17620254808,343.176226707455,4219383,NA,320742.6,24.76,-1,-0.0703993265362929,0.999101132707853,0,0.599460679624712,4,1.64705882352941,0.411764705882353,"O7","de-protonated",0,NA,"C17 H28 O7",17,28,7,NA,NA,NA,NA,NA,NA,NA,NA
1426,343.216312,343.215741442709,343.215603397654,1936903.4,NA,317720.9,10.16,-1,0.402210894100202,0.971073024748283,0,0.58264381484897,3,1.94117647058824,0.176470588235294,"N2 P1 O3","de-protonated",0,NA,"C17 H33 O3 N2 P1",17,33,3,2,1,NA,NA,NA,NA,NA,NA
1430,344.06284,344.062267186724,344.062319151495,1799014.5,NA,364407.2,9.27,-1,-0.151033019261769,0.995869532874459,0,0.597521719724675,7,1.15384615384615,0.769230769230769,"N1 O10","de-protonated",0,NA,"C13 H15 O10 N1",13,15,10,1,NA,NA,NA,NA,NA,NA,NA
1432,344.078066,344.077493146147,344.07757529278,2018156.8,NA,347793.6,10.67,-1,-0.238744512132155,0.989710915381485,0,0.593826549228891,11,0.882352941176471,0.411764705882353,"N1 O7","de-protonated",0,NA,"C17 H15 O7 N1",17,15,7,1,NA,NA,NA,NA,NA,NA,NA
1433,344.091089,344.090516111441,344.090462452402,2293618.3,NA,348054.9,12.44,-1,0.155944569551321,0.995597123446077,0,0.597358274067646,6,1.42857142857143,0.5,"N1 P1 O7","de-protonated",0,NA,"C14 H20 O7 N1 P1",14,20,7,1,1,NA,NA,NA,NA,NA,NA
1439,344.24474,344.244166701963,344.244246698416,2378161.8,NA,333246.2,12.98,-1,-0.232382832966722,0.990249297169045,0,0.594149578301427,2,1.94444444444444,0.277777777777778,"N1 O5","de-protonated",0,NA,"C18 H35 O5 N1",18,35,5,1,NA,NA,NA,NA,NA,NA,NA
1440,344.272968,344.272394626736,344.272389999323,1961917.5,NA,321543.9,10.31,-1,0.0134411378042583,0.999967219258183,0,0.59998033155491,1,2.10526315789474,0.105263157894737,"N1 P1 O2","de-protonated",0,NA,"C19 H40 O2 N1 P1",19,40,2,1,1,NA,NA,NA,NA,NA,NA
1446,345.025722,345.025146620658,345.025205366296,2700021.3,NA,302838.4,15.03,-1,-0.170264774027904,0.994753596360339,0,0.596852157816203,12,0.625,0.5625,"O9","de-protonated",0,NA,"C16 H10 O9",16,10,9,NA,NA,NA,NA,NA,NA,NA,NA
1447,345.036145,345.035569592881,345.035590602474,1497593.6,NA,358045.1,7.34,-1,-0.0608910902797277,0.999327464445628,0,0.599596478667377,11,0.882352941176471,0.235294117647059,"S1 P1 O4","de-protonated",0,NA,"C17 H15 O4 S1 P1",17,15,4,NA,1,1,NA,NA,NA,NA,NA
1448,345.038802,345.0382265858,345.038092525918,2574074.8,NA,302559.6,14.23,-1,0.3885364667416,0.972980147873147,0,0.583788088723888,7,1.15384615384615,0.692307692307692,"P1 O9","de-protonated",0,NA,"C13 H15 O9 P1",13,15,9,NA,1,NA,NA,NA,NA,NA,NA
1449,345.046777,345.046201564546,345.046334734396,2769662,NA,321761.1,15.48,-1,-0.3859477287981,0.973334175745978,0,0.584000505447587,7,1.07692307692308,0.846153846153846,"O11","de-protonated",0,NA,"C13 H14 O11",13,14,11,NA,NA,NA,NA,NA,NA,NA,NA
1451,345.062009,345.061433523953,345.061590875681,5310724.5,NA,315742.6,31.74,-1,-0.45601055405719,0.962971502005271,0,0.577782901203163,11,0.823529411764706,0.470588235294118,"O8","de-protonated",0,NA,"C17 H14 O8",17,14,8,NA,NA,NA,NA,NA,NA,NA,NA
1452,345.075175,345.074599488866,345.074478035303,14334218,NA,301361.9,89.48,-1,0.351963333414026,0.983322612060686,0.995353190343115,0.988134843373658,6,1.35714285714286,0.571428571428571,"P1 O8","de-protonated",0,NA,"C14 H19 O8 P1",14,19,8,NA,1,NA,NA,NA,NA,NA,NA
1453,345.083238,345.082662467378,345.08272024378,8894733,NA,286884.8,54.67,-1,-0.167427686797818,0.497463269314011,0.867648864333947,0.645537507321985,6,1.28571428571429,0.714285714285714,"O10","de-protonated",0,NA,"C14 H18 O10",14,18,10,NA,NA,NA,NA,NA,NA,NA,NA
1455,345.098424,345.097848426908,345.097976385065,6680851.5,NA,306142.1,40.51,-1,-0.370787908675573,0.979943923761311,0.971930137982168,0.976738409449654,10,1,0.388888888888889,"O7","de-protonated",0,NA,"C18 H18 O7",18,18,7,NA,NA,NA,NA,NA,NA,NA,NA
1456,345.101803,345.101227417903,345.101347688435,3465492.8,NA,317921.9,19.93,-1,-0.348507859419312,0.978202724951004,0,0.586921634970603,5,1.46666666666667,0.466666666666667,"S1 O7","de-protonated",0,NA,"C15 H22 O7 S1",15,22,7,NA,NA,1,NA,NA,NA,NA,NA
1457,345.111481,345.110905392111,345.110863544687,19269912,NA,299597.8,121.06,-1,0.121257916611273,0.991101036181926,0.898271194766801,0.953969099615876,5,1.53333333333333,0.466666666666667,"P1 O7","de-protonated",0,NA,"C15 H23 O7 P1",15,23,7,NA,1,NA,NA,NA,NA,NA,NA
1458,345.119582,345.119006370522,345.119105753164,9066780,NA,305757.1,55.77,-1,-0.287966213790346,0.492533042397731,0.859523230357577,0.63932911758167,5,1.46666666666667,0.6,"O9","de-protonated",0,NA,"C15 H22 O9",15,22,9,NA,NA,NA,NA,NA,NA,NA,NA
1460,345.134952,345.134376329561,345.134361894449,5085474.5,NA,317424.8,30.3,-1,0.041824615901766,0.999682642454618,0,0.599809585472771,9,1.15789473684211,0.315789473684211,"O6","de-protonated",0,NA,"C19 H22 O6",19,22,6,NA,NA,NA,NA,NA,NA,NA,NA
1461,345.14796,345.147384294895,345.147249054071,18200872,NA,303346.8,114.22,-1,0.391835149924467,0.980068344782985,0.953119211841992,0.969288691606588,4,1.6875,0.375,"P1 O6","de-protonated",0,NA,"C16 H27 O6 P1",16,27,6,NA,1,NA,NA,NA,NA,NA,NA
1462,345.156011,345.155435273439,345.155491262549,5920043.5,NA,290015.2,35.64,-1,-0.162214163312862,0.995236841815736,0,0.597142105089442,4,1.625,0.5,"O8","de-protonated",0,NA,"C16 H26 O8",16,26,8,NA,NA,NA,NA,NA,NA,NA,NA
1464,345.171216,345.170640232918,345.170747403833,2159409.5,NA,366170.9,11.57,-1,-0.31048666772464,0.982660086138743,0,0.589596051683246,8,1.3,0.25,"O5","de-protonated",0,NA,"C20 H26 O5",20,26,5,NA,NA,NA,NA,NA,NA,NA,NA
1465,345.184244,345.183668198199,345.183634563456,2237751,NA,281031,12.08,-1,0.0974401447512749,0.998278703736251,0,0.598967222241751,3,1.82352941176471,0.294117647058824,"P1 O5","de-protonated",0,NA,"C17 H31 O5 P1",17,31,5,NA,1,NA,NA,NA,NA,NA,NA
1466,345.192503,345.191927176189,345.191876771933,1455930.4,NA,334346.5,7.07,-1,0.146018082345018,0.99613875553559,0,0.597683253321354,3,1.76470588235294,0.411764705882353,"O7","de-protonated",0,NA,"C17 H30 O7",17,30,7,NA,NA,NA,NA,NA,NA,NA,NA
1467,345.195512,345.19493616817,345.194867952748,2131259.8,NA,371548.4,11.39,-1,0.19761424151228,0.992939222121789,0,0.595763533273073,3,1.9375,0.25,"N2 P1 O4","de-protonated",0,NA,"C16 H31 O4 N2 P1",16,31,4,2,1,NA,NA,NA,NA,NA,NA
1471,346.057364,346.056785871347,346.056839847874,3248800.3,NA,308873.2,18.54,-1,-0.155975898877738,0.995595358091254,0,0.597357214854752,11,0.8125,0.5,"N1 O8","de-protonated",0,NA,"C16 H13 O8 N1",16,13,8,1,NA,NA,NA,NA,NA,NA,NA
1472,346.070426,346.069847836537,346.069727007496,2013093.6,NA,285215.5,10.64,-1,0.349146521081951,0.978123643193285,0,0.586874185915971,6,1.38461538461538,0.615384615384615,"N1 P1 O8","de-protonated",0,NA,"C13 H18 O8 N1 P1",13,18,8,1,1,NA,NA,NA,NA,NA,NA
1475,346.093731,346.093152774429,346.093225357258,2672815.3,NA,331902.7,14.86,-1,-0.209720454503849,0.992051162905863,0,0.595230697743518,10,1,0.411764705882353,"N1 O7","de-protonated",0,NA,"C17 H17 O7 N1",17,17,7,1,NA,NA,NA,NA,NA,NA,NA
1477,346.106762,346.106183739702,346.10611251688,2746548.5,NA,305742.5,15.33,-1,0.20578319615827,0.992345687193686,0,0.595407412316212,5,1.57142857142857,0.5,"N1 P1 O7","de-protonated",0,NA,"C14 H22 O7 N1 P1",14,22,7,1,1,NA,NA,NA,NA,NA,NA
1479,346.130164,346.129585677336,346.129610866642,1529534.3,NA,376669.3,7.54,-1,-0.0727742021081786,0.999039494007717,0,0.59942369640463,9,1.16666666666667,0.333333333333333,"N1 O6","de-protonated",0,NA,"C18 H21 O6 N1",18,21,6,1,NA,NA,NA,NA,NA,NA,NA
1482,346.216017,346.215438448539,346.215269045033,6229729.5,NA,308271.1,37.62,-1,0.489301083197461,0.976643198586934,0.950359733507058,0.966129812554983,2,2,0.235294117647059,"N1 P1 O4","de-protonated",0,NA,"C17 H34 O4 N1 P1",17,34,4,1,1,NA,NA,NA,NA,NA,NA
1487,347.041377,347.040796248967,347.040855430774,5688374.5,NA,296640.5,34.15,-1,-0.170532681349834,0.994737116759992,0,0.596842270055995,11,0.75,0.5625,"O9","de-protonated",0,NA,"C16 H12 O9",16,12,9,NA,NA,NA,NA,NA,NA,NA,NA
1488,347.052785,347.052204218564,347.052088820067,1512507.5,NA,441144.4,7.43,-1,0.332510599005363,0.980138328979937,0,0.588082997387962,11,0.8,0.533333333333333,"N2 O8","de-protonated",0,NA,"C15 H12 O8 N2",15,12,8,2,NA,NA,NA,NA,NA,NA,NA
1489,347.054316,347.053735214484,347.053609648615,5865532,NA,316800.2,35.28,-1,0.361805399028597,0.488263829706528,0.792708917554682,0.610041864845789,19,0.5,0.0416666666666667,"S1 O1","de-protonated",0,NA,"C24 H12 O1 S1",24,12,1,NA,NA,1,NA,NA,NA,NA,NA
1491,347.077768,347.077187151985,347.077240940159,10204230,NA,306859.4,63.05,-1,-0.154974648378466,0.997774253062796,0.993533850069989,0.996078091865673,10,0.941176470588235,0.470588235294118,"O8","de-protonated",0,NA,"C17 H16 O8",17,16,8,NA,NA,NA,NA,NA,NA,NA,NA
1492,347.081249,347.080668142708,347.080612243529,1667655.1,NA,368756.2,8.42,-1,0.161055321974894,0.995304494296073,0,0.597182696577644,5,1.42857142857143,0.571428571428571,"S1 O8","de-protonated",0,NA,"C14 H20 O8 S1",14,20,8,NA,NA,1,NA,NA,NA,NA,NA
1493,347.090839,347.090258117151,347.090128099781,25766988,NA,298808.8,162.63,-1,0.374592533869073,0.98537015836443,0.913363094487211,0.956567332813543,5,1.5,0.571428571428571,"P1 O8","de-protonated",0,NA,"C14 H21 O8 P1",14,21,8,NA,1,NA,NA,NA,NA,NA,NA
1495,347.114082,347.113501055209,347.113626449543,13405269,NA,293828.6,83.53,-1,-0.361248664438822,0.98815075800084,0.983865343577529,0.986436592231516,9,1.11111111111111,0.388888888888889,"O7","de-protonated",0,NA,"C18 H20 O7",18,20,7,NA,NA,NA,NA,NA,NA,NA,NA
1496,347.12715,347.126569020383,347.126513609165,16350298,NA,299987.9,102.37,-1,0.159628307914787,0.989053423507803,0.819390540694283,0.921188270382395,4,1.66666666666667,0.466666666666667,"P1 O7","de-protonated",0,NA,"C15 H25 O7 P1",15,25,7,NA,1,NA,NA,NA,NA,NA,NA
1497,347.135276,347.134694998727,347.134755817642,2712157.5,NA,290951.2,15.11,-1,-0.175202609682554,0.99444574163971,0,0.596667444983826,4,1.6,0.6,"O9","de-protonated",0,NA,"C15 H24 O9",15,24,9,NA,NA,NA,NA,NA,NA,NA,NA
1499,347.15056,347.149978957996,347.150011958927,7992420,NA,302794.9,48.89,-1,-0.0950624528311007,0.989795371265289,0.945320937740647,0.972005597855432,8,1.26315789473684,0.315789473684211,"O6","de-protonated",0,NA,"C19 H24 O6",19,24,6,NA,NA,NA,NA,NA,NA,NA,NA
1500,347.163553,347.162971923369,347.162899118549,4257897,NA,300632.4,25,-1,0.20971371205859,0.992051671966181,0,0.595231003179708,3,1.8125,0.375,"P1 O6","de-protonated",0,NA,"C16 H29 O6 P1",16,29,6,NA,1,NA,NA,NA,NA,NA,NA
1502,347.186882,347.186300861198,347.186397468311,2176626.8,NA,347891.7,11.68,-1,-0.278257195998921,0.986049187604825,0,0.591629512562895,7,1.4,0.25,"O5","de-protonated",0,NA,"C20 H28 O5",20,28,5,NA,NA,NA,NA,NA,NA,NA,NA
1503,347.200039,347.199457826135,347.199284627934,1960056.3,NA,323255.3,10.29,-1,0.49884377336361,0.955851590212632,0,0.573510954127579,2,1.94117647058824,0.294117647058824,"P1 O5","de-protonated",0,NA,"C17 H33 O5 P1",17,33,5,NA,1,NA,NA,NA,NA,NA,NA
1505,347.272753,347.272171632353,347.272055646702,2922646.3,NA,351200,16.45,-1,0.333990740298082,0.979962897901538,0,0.587977738740923,0,2.15789473684211,0.157894736842105,"P1 O3","de-protonated",0,NA,"C19 H41 O3 P1",19,41,3,NA,1,NA,NA,NA,NA,NA,NA
1507,348.036569,348.035985596795,348.036104402967,1750737.4,NA,317306.2,8.95,-1,-0.341361632408769,0.979078153498132,0,0.587446892098879,11,0.733333333333333,0.6,"N1 O9","de-protonated",0,NA,"C15 H11 O9 N1",15,11,9,1,NA,NA,NA,NA,NA,NA,NA
1508,348.073022,348.072438499648,348.072489912352,5323232.5,NA,305199.2,31.81,-1,-0.147706886399652,0.996049100590278,0,0.597629460354167,10,0.9375,0.5,"N1 O8","de-protonated",0,NA,"C16 H15 O8 N1",16,15,8,1,NA,NA,NA,NA,NA,NA,NA
1510,348.085959,348.085375465171,348.085377071974,2026981.8,NA,315973.7,10.72,-1,-0.00461611646740003,0.999996133602474,0,0.599997680161484,5,1.53846153846154,0.615384615384615,"N1 P1 O8","de-protonated",0,NA,"C13 H20 O8 N1 P1",13,20,8,1,1,NA,NA,NA,NA,NA,NA
1512,348.109344,348.10876040285,348.108875421736,3963375.5,NA,311450.5,23.11,-1,-0.330410666648941,0.98038593620233,0,0.588231561721398,9,1.11764705882353,0.411764705882353,"N1 O7","de-protonated",0,NA,"C17 H19 O7 N1",17,19,7,1,NA,NA,NA,NA,NA,NA,NA
1514,348.122429,348.121845367979,348.121762581358,2830836.8,NA,326166.5,15.86,-1,0.237809381592639,0.989790947444113,0,0.593874568466468,4,1.71428571428571,0.5,"N1 P1 O7","de-protonated",0,NA,"C14 H24 O7 N1 P1",14,24,7,1,1,NA,NA,NA,NA,NA,NA
1519,348.231568,348.230984077125,348.230919109511,14319138,NA,288214.1,89.37,-1,0.186564749708231,0.995449242355493,0.982267514190372,0.990176551089444,1,2.11764705882353,0.235294117647059,"N1 P1 O4","de-protonated",0,NA,"C17 H36 O4 N1 P1",17,36,4,1,1,NA,NA,NA,NA,NA,NA
1523,349.020565,349.01997897446,349.020119985868,3978087,NA,299868.2,23.2,-1,-0.404020858027491,0.970815938976767,0,0.58248956338606,11,0.666666666666667,0.666666666666667,"O10","de-protonated",0,NA,"C15 H10 O10",15,10,10,NA,NA,NA,NA,NA,NA,NA,NA
1524,349.056989,349.05640287739,349.056505495252,11145078,NA,263747.5,69.06,-1,-0.293986390159579,0.992207429327431,0.995831871916491,0.993657206363055,10,0.875,0.5625,"O9","de-protonated",0,NA,"C16 H14 O9",16,14,9,NA,NA,NA,NA,NA,NA,NA,NA
1525,349.070081,349.0694948425,349.069392654874,8066939.5,NA,303998.7,49.37,-1,0.292743013543241,0.988390048409075,0.968122467402437,0.98028301600642,5,1.46153846153846,0.692307692307692,"P1 O9","de-protonated",0,NA,"C13 H19 O9 P1",13,19,9,NA,1,NA,NA,NA,NA,NA,NA
1527,349.093305,349.092718780609,349.092891004637,22159236,NA,294519.2,139.54,-1,-0.493347279316832,0.967549407984643,0.996365555447977,0.979075866969977,9,1.05882352941176,0.470588235294118,"O8","de-protonated",0,NA,"C17 H18 O8",17,18,8,NA,NA,NA,NA,NA,NA,NA,NA
1528,349.106402,349.105815745705,349.105778164259,121560968,NA,296292.1,775.59,-1,0.107650600758027,0.496748182610641,0.976899061700693,0.688808534246662,4,1.64285714285714,0.571428571428571,"P1 O8","de-protonated",0,NA,"C14 H23 O8 P1",14,23,8,NA,1,NA,NA,NA,NA,NA,NA
1529,349.114486,349.113899724162,349.114020372736,1860749.5,NA,287978.6,9.65,-1,-0.345585016265963,0.978562876867699,0,0.587137726120619,4,1.57142857142857,0.714285714285714,"O10","de-protonated",0,NA,"C14 H22 O10",14,22,10,NA,NA,NA,NA,NA,NA,NA,NA
1531,349.129804,349.129217683339,349.129276514021,21634964,NA,297626.7,136.19,-1,-0.168506869834583,0.997375047708045,0.989170931030595,0.994093401037065,8,1.22222222222222,0.388888888888889,"O7","de-protonated",0,NA,"C18 H22 O7",18,22,7,NA,NA,NA,NA,NA,NA,NA,NA
1532,349.142803,349.142216648697,349.142163673643,12531609,NA,307068,77.93,-1,0.151729180462754,0.987978337041156,0.946678304969013,0.971458324212299,3,1.8,0.466666666666667,"P1 O7","de-protonated",0,NA,"C15 H27 O7 P1",15,27,7,NA,1,NA,NA,NA,NA,NA,NA
1533,349.166128,349.165541586536,349.165662023405,7395235,NA,294220.6,45.07,-1,-0.344927585418138,0.989083506816239,0.942694793858858,0.970528021633286,7,1.36842105263158,0.315789473684211,"O6","de-protonated",0,NA,"C19 H26 O6",19,26,6,NA,NA,NA,NA,NA,NA,NA,NA
1534,349.179246,349.178659551577,349.178549183027,2919336.3,NA,341758.2,16.43,-1,0.316080555917325,0.982035344420799,0,0.589221206652479,2,1.9375,0.375,"P1 O6","de-protonated",0,NA,"C16 H31 O6 P1",16,31,6,NA,1,NA,NA,NA,NA,NA,NA
1535,349.202499,349.201912489608,349.202047532789,1837745.8,NA,276160.5,9.51,-1,-0.38671932816878,0.973228888304668,0,0.583937332982801,6,1.5,0.25,"O5","de-protonated",0,NA,"C20 H30 O5",20,30,5,NA,NA,NA,NA,NA,NA,NA,NA
1536,349.215557,349.214970454809,349.214934692412,2414519.3,NA,348173.6,13.2,-1,0.102407983635592,0.998098885346136,0,0.598859331207681,1,2.05882352941176,0.294117647058824,"P1 O5","de-protonated",0,NA,"C17 H35 O5 P1",17,35,5,NA,1,NA,NA,NA,NA,NA,NA
1539,350.052289,350.05170022493,350.051754467445,3603727.5,NA,333966.7,20.8,-1,-0.154955700773763,0.99565266388906,0,0.597391598333436,10,0.866666666666667,0.6,"N1 O9","de-protonated",0,NA,"C15 H13 O9 N1",15,13,9,1,NA,NA,NA,NA,NA,NA,NA
1542,350.088653,350.088064128021,350.08813997683,6557982.5,NA,292798.6,39.71,-1,-0.216656321941319,0.495759487065889,0.85154837932281,0.638075043968657,9,1.0625,0.5,"N1 O8","de-protonated",0,NA,"C16 H17 O8 N1",16,17,8,1,NA,NA,NA,NA,NA,NA,NA
1544,350.099897,350.099308098056,350.099373366122,1850147.1,NA,374084.1,9.58,-1,-0.18642725776897,0.993713571486452,0,0.596228142891871,9,1.13333333333333,0.466666666666667,"N3 O7","de-protonated",0,NA,"C15 H17 O7 N3",15,17,7,3,NA,NA,NA,NA,NA,NA,NA
1545,350.101599,350.10101009352,350.101027136452,1962787.8,NA,346177.3,10.3,-1,-0.0486800389324545,0.999570105098153,0,0.599742063058892,4,1.69230769230769,0.615384615384615,"N1 P1 O8","de-protonated",0,NA,"C13 H22 O8 N1 P1",13,22,8,1,1,NA,NA,NA,NA,NA,NA
1547,350.125044,350.124455031039,350.124525486214,4481325.5,NA,300859.7,26.42,-1,-0.201228903988192,0.992679511581879,0,0.595607706949127,8,1.23529411764706,0.411764705882353,"N1 O7","de-protonated",0,NA,"C17 H21 O7 N1",17,21,7,1,NA,NA,NA,NA,NA,NA,NA
1549,350.138132,350.13754299616,350.137412645836,5901619,NA,308661.9,35.51,-1,0.372283336254894,0.975165713998874,0,0.585099428399324,3,1.85714285714286,0.5,"N1 P1 O7","de-protonated",0,NA,"C14 H26 O7 N1 P1",14,26,7,1,1,NA,NA,NA,NA,NA,NA
1553,350.2473,350.246710705229,350.246569173989,40780128,NA,295050.3,258.69,-1,0.404090296836925,0.974396898190861,0.987632143660561,0.979690996378741,0,2.23529411764706,0.235294117647059,"N1 P1 O4","de-protonated",0,NA,"C17 H38 O4 N1 P1",17,38,4,1,1,NA,NA,NA,NA,NA,NA
1554,351.03626,351.035668602662,351.035770050346,8995492,NA,300429.9,55.3,-1,-0.288995289251118,0.991534411316346,0.999418099036842,0.994687886404545,10,0.8,0.666666666666667,"O10","de-protonated",0,NA,"C15 H12 O10",15,12,10,NA,NA,NA,NA,NA,NA,NA,NA
1555,351.072705,351.072113505537,351.07215555973,24265394,NA,295634.3,153.01,-1,-0.119787892453747,0.977131092491432,0.990737949573258,0.982573835324162,9,1,0.5625,"O9","de-protonated",0,NA,"C16 H16 O9",16,16,9,NA,NA,NA,NA,NA,NA,NA,NA
1556,351.085763,351.085171470737,351.085042719352,9429688,NA,301028.9,58.08,-1,0.366724210123634,0.487946453367254,0.875929598413485,0.643139711385746,4,1.61538461538462,0.692307692307692,"P1 O9","de-protonated",0,NA,"C13 H21 O9 P1",13,21,9,NA,1,NA,NA,NA,NA,NA,NA
1558,351.108966,351.108374408902,351.108541069115,44303040,NA,295714.5,281.23,-1,-0.474668637848405,0.977240563267059,0.999715468846443,0.986230525498813,8,1.17647058823529,0.470588235294118,"O8","de-protonated",0,NA,"C17 H20 O8",17,20,8,NA,NA,NA,NA,NA,NA,NA,NA
1559,351.120274,351.119682378766,351.119774458407,4190918.5,NA,291771.8,24.56,-1,-0.262245671030705,0.987598803773575,0,0.592559282264145,8,1.25,0.4375,"N2 O7","de-protonated",0,NA,"C16 H20 O7 N2",16,20,7,2,NA,NA,NA,NA,NA,NA,NA
1560,351.122044,351.121452374049,351.121428228737,13787847,NA,290920.2,85.97,-1,0.068766274194149,0.999566081120738,0.97530167871735,0.989860320159383,3,1.78571428571429,0.571428571428571,"P1 O8","de-protonated",0,NA,"C14 H25 O8 P1",14,25,8,NA,1,NA,NA,NA,NA,NA,NA
1561,351.145462,351.14487031164,351.144926578499,22409936,NA,293493.6,141.14,-1,-0.160238278410642,0.992688207713407,0.987509535014106,0.990616738633687,7,1.33333333333333,0.388888888888889,"O7","de-protonated",0,NA,"C18 H24 O7",18,24,7,NA,NA,NA,NA,NA,NA,NA,NA
1562,351.158434,351.15784227707,351.157813738121,6974166,NA,304675,42.37,-1,0.0812710073633865,0.993109859758558,0.940953095665204,0.972247154121216,2,1.93333333333333,0.466666666666667,"P1 O7","de-protonated",0,NA,"C15 H29 O7 P1",15,29,7,NA,1,NA,NA,NA,NA,NA,NA
1563,351.181833,351.181241214712,351.181312087883,6427359.5,NA,312601.3,38.87,-1,-0.201813617560087,0.97961936936188,0.954014867887783,0.969377568772241,6,1.47368421052632,0.315789473684211,"O6","de-protonated",0,NA,"C19 H28 O6",19,28,6,NA,NA,NA,NA,NA,NA,NA,NA
1564,351.194938,351.194346179787,351.194199247505,1829093.1,NA,307607.8,9.45,-1,0.418379012541134,0.968738122376652,0,0.581242873425991,1,2.0625,0.375,"P1 O6","de-protonated",0,NA,"C16 H33 O6 P1",16,33,6,NA,1,NA,NA,NA,NA,NA,NA
1566,351.231159,351.230567083259,351.23058475689,2745588,NA,333057.1,15.31,-1,-0.0503191670073293,0.999540674079528,0,0.599724404447717,0,2.17647058823529,0.294117647058824,"P1 O5","de-protonated",0,NA,"C17 H37 O5 P1",17,37,5,NA,1,NA,NA,NA,NA,NA,NA
1568,352.03164,352.031045949989,352.031019022539,1771068.6,NA,320571.3,9.07,-1,0.0764916968651971,0.998938910775457,0,0.599363346465274,10,0.785714285714286,0.714285714285714,"N1 O10","de-protonated",0,NA,"C14 H11 O10 N1",14,11,10,1,NA,NA,NA,NA,NA,NA,NA
1572,352.104348,352.103753756223,352.103790041308,8852570,NA,305739.7,54.38,-1,-0.103052240286548,0.499037456546607,0.85154837932281,0.640041825657088,8,1.1875,0.5,"N1 O8","de-protonated",0,NA,"C16 H19 O8 N1",16,19,8,1,NA,NA,NA,NA,NA,NA,NA
1578,352.140687,352.14009265938,352.140175550692,4188265.3,NA,305199.2,24.54,-1,-0.235392940910464,0.989996330857084,0,0.59399779851425,7,1.35294117647059,0.411764705882353,"N1 O7","de-protonated",0,NA,"C17 H23 O7 N1",17,23,7,1,NA,NA,NA,NA,NA,NA,NA
1580,352.153828,352.15323362436,352.153062710314,3218542.8,NA,310483.6,18.33,-1,0.485340222582121,0.958159359134858,0,0.574895615480915,2,2,0.5,"N1 P1 O7","de-protonated",0,NA,"C14 H28 O7 N1 P1",14,28,7,1,1,NA,NA,NA,NA,NA,NA
1586,353.015547,353.014950327891,353.01503460544,2294224,NA,349048.3,12.42,-1,-0.238736428051637,0.989711608566253,0,0.593826965139752,10,0.714285714285714,0.785714285714286,"O11","de-protonated",0,NA,"C14 H10 O11",14,10,11,NA,NA,NA,NA,NA,NA,NA,NA
1587,353.041377,353.040780259055,353.040675982902,1537242.6,NA,293078.1,7.57,-1,0.295365830965823,0.984294872010764,0,0.590576923206459,13,0.789473684210526,0.157894736842105,"S1 P1 O3","de-protonated",0,NA,"C19 H15 O3 S1 P1",19,15,3,NA,1,1,NA,NA,NA,NA,NA
1588,353.051934,353.05133723092,353.051420114824,16889310,NA,293851.4,105.81,-1,-0.234764396369718,0.990818834981255,0.984679224599483,0.988362990828546,9,0.933333333333333,0.666666666666667,"O10","de-protonated",0,NA,"C15 H14 O10",15,14,10,NA,NA,NA,NA,NA,NA,NA,NA
1589,353.063311,353.062714200601,353.062653504116,2540003.5,NA,305225.1,13.99,-1,0.171914202864417,0.994651729243412,0,0.596791037546047,9,1,0.642857142857143,"N2 O9","de-protonated",0,NA,"C14 H14 O9 N2",14,14,9,2,NA,NA,NA,NA,NA,NA,NA
1590,353.080302,353.07970515532,353.079563415731,5000682.5,NA,315258.3,29.73,-1,0.401438100472074,0.971182460727202,0,0.582709476436321,8,1.1875,0.4375,"P1 O7","de-protonated",0,NA,"C16 H19 O7 P1",16,19,7,NA,1,NA,NA,NA,NA,NA,NA
1591,353.088297,353.087700134014,353.087805624208,49620460,NA,287871.7,315.25,-1,-0.298764763538021,0.985342893994688,0.987337537797293,0.98614075151573,8,1.125,0.5625,"O9","de-protonated",0,NA,"C16 H18 O9",16,18,9,NA,NA,NA,NA,NA,NA,NA,NA
1592,353.091372,353.090775125819,353.090796805023,2201071,NA,316180.2,11.82,-1,-0.06139838434573,0.999316215597104,0,0.599589729358262,8,1.26666666666667,0.4,"N2 P1 O6","de-protonated",0,NA,"C15 H19 O6 N2 P1",15,19,6,2,1,NA,NA,NA,NA,NA,NA
1593,353.09955,353.098953104025,353.099039013501,4986354.5,NA,294978.6,29.64,-1,-0.243301359046225,0.989316523062119,0,0.593589913837271,8,1.2,0.533333333333333,"N2 O8","de-protonated",0,NA,"C15 H18 O8 N2",15,18,8,2,NA,NA,NA,NA,NA,NA,NA
1594,353.101301,353.100704099358,353.100559842049,5125619,NA,312070.2,30.53,-1,0.408544550173924,0.485084325696905,0.792708917554682,0.608134162440016,16,0.75,0.0416666666666667,"S1 O1","de-protonated",0,NA,"C24 H18 O1 S1",24,18,1,NA,NA,1,NA,NA,NA,NA,NA
1595,353.11669,353.116093058347,353.115948925115,6508025.5,NA,319485.3,39.38,-1,0.408175365496912,0.983918299994806,0.632154702530345,0.843212861009021,7,1.35294117647059,0.352941176470588,"P1 O6","de-protonated",0,NA,"C17 H23 O6 P1",17,23,6,NA,1,NA,NA,NA,NA,NA,NA
1596,353.124753,353.124156036859,353.124191133593,48555516,NA,294503.6,308.43,-1,-0.099389208081734,0.978955944237876,0.992714923980134,0.984459536134779,7,1.29411764705882,0.470588235294118,"O8","de-protonated",0,NA,"C17 H22 O8",17,22,8,NA,NA,NA,NA,NA,NA,NA,NA
1597,353.137797,353.137200002097,353.137078293215,10589698,NA,302146.6,65.5,-1,0.344650532854761,0.988652951903918,0.993521286488953,0.990600285737932,2,1.92857142857143,0.571428571428571,"P1 O8","de-protonated",0,NA,"C14 H27 O8 P1",14,27,8,NA,1,NA,NA,NA,NA,NA,NA
1598,353.143185,353.142587987738,353.142438455692,1504772.4,NA,317037.9,7.36,-1,0.423432669855793,0.967990618677197,0,0.580794371206318,11,1.15,0.1,"N2 P1 O2","de-protonated",0,NA,"C20 H23 O2 N2 P1",20,23,2,2,1,NA,NA,NA,NA,NA,NA
1599,353.152998,353.152400961586,353.152334434499,5847560.5,NA,307271.1,35.15,-1,0.18838070850721,0.993155905301464,0.809336012346935,0.919627948119652,6,1.5,0.277777777777778,"P1 O5","de-protonated",0,NA,"C18 H27 O5 P1",18,27,5,NA,1,NA,NA,NA,NA,NA,NA
1600,353.16102,353.160422940208,353.160576642977,14665228,NA,286583.9,91.58,-1,-0.435220631003009,0.981358599222164,0.990605045490055,0.985057177729321,6,1.44444444444444,0.388888888888889,"O7","de-protonated",0,NA,"C18 H26 O7",18,26,7,NA,NA,NA,NA,NA,NA,NA,NA
1601,353.174114,353.173516905313,353.173463802599,3719697,NA,313328.2,21.54,-1,0.150358730462302,0.995906256164867,0,0.59754375369892,1,2.06666666666667,0.466666666666667,"P1 O7","de-protonated",0,NA,"C15 H31 O7 P1",15,31,7,NA,1,NA,NA,NA,NA,NA,NA
1602,353.18939,353.188792864602,353.188719943884,2783767.3,NA,311493.2,15.55,-1,0.206463893963433,0.992295160869135,0,0.595377096521481,5,1.63157894736842,0.210526315789474,"P1 O4","de-protonated",0,NA,"C19 H31 O4 P1",19,31,4,NA,1,NA,NA,NA,NA,NA,NA
1603,353.197493,353.196895843008,353.196962152361,2028058.6,NA,313148.1,10.71,-1,-0.187740440661717,0.993624980977085,0,0.596174988586251,5,1.57894736842105,0.315789473684211,"O6","de-protonated",0,NA,"C19 H30 O6",19,30,6,NA,NA,NA,NA,NA,NA,NA,NA
1604,353.200865,353.200267834022,353.200333455731,2962972,NA,329832.1,16.7,-1,-0.185791754566392,0.993756223610688,0,0.596253734166413,0,2.125,0.375,"S1 O6","de-protonated",0,NA,"C16 H34 O6 S1",16,34,6,NA,NA,1,NA,NA,NA,NA,NA
1605,353.210349,353.209751808747,353.209849311983,2066975.9,NA,293544.8,10.96,-1,-0.276049030365468,0.986268206729588,0,0.591760924037753,0,2.1875,0.375,"P1 O6","de-protonated",0,NA,"C16 H35 O6 P1",16,35,6,NA,1,NA,NA,NA,NA,NA,NA
1607,354.047266,354.046666578375,354.046669087017,2494326.5,NA,305486,13.69,-1,-0.00708562443080262,0.999990890215399,0,0.59999453412924,9,0.928571428571429,0.714285714285714,"N1 O10","de-protonated",0,NA,"C14 H13 O10 N1",14,13,10,1,NA,NA,NA,NA,NA,NA,NA
1609,354.083503,354.082903481804,354.083054596401,7638917.5,NA,295388.3,46.61,-1,-0.4267772634878,0.483745647319876,0.859523230357577,0.634056680534957,8,1.13333333333333,0.6,"N1 O9","de-protonated",0,NA,"C15 H17 O9 N1",15,17,9,1,NA,NA,NA,NA,NA,NA,NA
1619,355.031241,355.030638956096,355.030684669918,5254409,NA,307285.9,30.45,-1,-0.128760198111338,0.996996248321494,0,0.598197748992896,9,0.857142857142857,0.785714285714286,"O11","de-protonated",0,NA,"C14 H12 O11",14,12,11,NA,NA,NA,NA,NA,NA,NA,NA
1620,355.046501,355.045898915429,355.045940811203,2427663.3,NA,307650.4,12.88,-1,-0.118000994083932,0.997476654924015,0,0.598485992954409,13,0.666666666666667,0.444444444444444,"O8","de-protonated",0,NA,"C18 H12 O8",18,12,8,NA,NA,NA,NA,NA,NA,NA,NA
1621,355.056937,355.056334887617,355.05632604738,2557715.5,NA,300941.3,13.69,-1,0.0248981249598747,0.999887523268478,0,0.599932513961087,12,0.894736842105263,0.157894736842105,"S1 P1 O3","de-protonated",0,NA,"C19 H17 O3 S1 P1",19,17,3,NA,1,1,NA,NA,NA,NA,NA
1622,355.05946,355.058857880893,355.058827970825,4144404.5,NA,292182.9,23.55,-1,0.0842397543917035,0.998713207743341,0,0.599227924646005,8,1.13333333333333,0.533333333333333,"P1 O8","de-protonated",0,NA,"C15 H17 O8 P1",15,17,8,NA,1,NA,NA,NA,NA,NA,NA
1623,355.067512,355.066909859435,355.067070179302,31303960,NA,289478.3,192.31,-1,-0.451519954432614,0.977744245438551,0.999797043801737,0.986565364783825,8,1.06666666666667,0.666666666666667,"O10","de-protonated",0,NA,"C15 H16 O10",15,16,10,NA,NA,NA,NA,NA,NA,NA,NA
1624,355.078794,355.078191829368,355.078303568594,2655004.5,NA,261337.2,14.29,-1,-0.314688971031833,0.982191765738327,0,0.589315059442996,8,1.14285714285714,0.642857142857143,"N2 O9","de-protonated",0,NA,"C14 H16 O9 N2",14,16,9,2,NA,NA,NA,NA,NA,NA,NA
1625,355.095968,355.0953657836,355.095213480209,13400356,NA,297917.7,81.06,-1,0.428908600229694,0.98059086556285,0.781833549026723,0.901087938948399,7,1.3125,0.4375,"P1 O7","de-protonated",0,NA,"C16 H21 O7 P1",16,21,7,NA,1,NA,NA,NA,NA,NA,NA
1626,355.103972,355.103369762269,355.103455688686,58583336,NA,289793.7,361.81,-1,-0.241975727582079,0.655127463721162,0.977758993409791,0.784180075596614,7,1.25,0.5625,"O9","de-protonated",0,NA,"C16 H20 O9",16,20,9,NA,NA,NA,NA,NA,NA,NA,NA
1627,355.115121,355.114518732557,355.114689077979,2726699.3,NA,229731.2,14.74,-1,-0.479691284311181,0.959107591347743,0,0.575464554808646,7,1.33333333333333,0.533333333333333,"N2 O8","de-protonated",0,NA,"C15 H20 O8 N2",15,20,8,2,NA,NA,NA,NA,NA,NA,NA
1628,355.116857,355.116254727931,355.116209906527,3059500,NA,294482.3,16.81,-1,0.126216159613176,0.997113601944785,0,0.598268161166871,15,0.833333333333333,0.0416666666666667,"S1 O1","de-protonated",0,NA,"C24 H20 O1 S1",24,20,1,NA,NA,1,NA,NA,NA,NA,NA
1629,355.132298,355.131695686781,355.131598989593,12398898,NA,297455.8,74.84,-1,0.272285507773791,0.983917343822818,0.878086120678872,0.941584854565239,6,1.47058823529412,0.352941176470588,"P1 O6","de-protonated",0,NA,"C17 H25 O6 P1",17,25,6,NA,1,NA,NA,NA,NA,NA,NA
1630,355.140394,355.139791665205,355.139841198071,31312182,NA,287126.6,192.36,-1,-0.139474256859808,0.997676102265534,0.980341038350374,0.99074207669947,6,1.41176470588235,0.470588235294118,"O8","de-protonated",0,NA,"C17 H24 O8",17,24,8,NA,NA,NA,NA,NA,NA,NA,NA
1631,355.143449,355.142846657064,355.142832378885,1703734.9,NA,332054.3,8.38,-1,0.040204044353161,0.99970675566559,0,0.599824053399354,6,1.5625,0.3125,"N2 P1 O5","de-protonated",0,NA,"C16 H25 O5 N2 P1",16,25,5,2,1,NA,NA,NA,NA,NA,NA
1632,355.153467,355.152864630366,355.152728357693,9023803,NA,299180,53.87,-1,0.383701608733134,0.971032478564777,0.974142657507881,0.972276550142019,1,2.07142857142857,0.571428571428571,"P1 O8","de-protonated",0,NA,"C14 H29 O8 P1",14,29,8,NA,1,NA,NA,NA,NA,NA,NA
1633,355.159022,355.158419615562,355.158468642725,3274045.3,NA,360416.3,18.14,-1,-0.138043065353513,0.99654830501823,0,0.597928983010938,5,1.55555555555556,0.277777777777778,"S1 O5","de-protonated",0,NA,"C18 H28 O5 S1",18,28,5,NA,NA,1,NA,NA,NA,NA,NA
1634,355.168662,355.168059589871,355.167984498977,6545729,NA,297532.3,38.47,-1,0.211423600078308,0.995867803233873,0.83546029457997,0.931704799772312,5,1.61111111111111,0.277777777777778,"P1 O5","de-protonated",0,NA,"C18 H29 O5 P1",18,29,5,NA,1,NA,NA,NA,NA,NA,NA
1635,355.176685,355.17608256849,355.176226707455,6504772.5,NA,295659.1,38.21,-1,-0.405823796321825,0.485279385827769,0.836034543948893,0.625581449076218,5,1.55555555555556,0.388888888888889,"O7","de-protonated",0,NA,"C18 H28 O7",18,28,7,NA,NA,NA,NA,NA,NA,NA,NA
1636,355.189772,355.189169533614,355.189113867077,1487945.9,NA,286429.9,7.04,-1,0.156723656560559,0.995553118896898,0,0.597331871338139,0,2.2,0.466666666666667,"P1 O7","de-protonated",0,NA,"C15 H33 O7 P1",15,33,7,NA,1,NA,NA,NA,NA,NA,NA
1637,355.205073,355.204470492837,355.204370008362,2337616,NA,294784.7,12.32,-1,0.282892000568201,0.985583966178138,0,0.591350379706883,4,1.73684210526316,0.210526315789474,"P1 O4","de-protonated",0,NA,"C19 H33 O4 P1",19,33,4,NA,1,NA,NA,NA,NA,NA,NA
1638,356.041814,356.041209262934,356.041189783396,1498021.9,NA,300176.9,7.1,-1,0.0547114746715722,0.999457008871542,0,0.599674205322925,13,0.647058823529412,0.470588235294118,"N1 O8","de-protonated",0,NA,"C17 H11 O8 N1",17,11,8,1,NA,NA,NA,NA,NA,NA,NA
1639,356.054793,356.054188228345,356.054076943018,1575339.3,NA,330494.8,7.58,-1,0.312551758037588,0.982430703611794,0,0.589458422167076,8,1.14285714285714,0.571428571428571,"N1 P1 O8","de-protonated",0,NA,"C14 H16 O8 N1 P1",14,16,8,1,1,NA,NA,NA,NA,NA,NA
1640,356.062885,356.06228020678,356.062319151495,2977454.5,NA,316600.7,16.3,-1,-0.109376119394271,0.997831659035596,0,0.598698995421357,8,1.07142857142857,0.714285714285714,"N1 O10","de-protonated",0,NA,"C14 H15 O10 N1",14,15,10,1,NA,NA,NA,NA,NA,NA,NA
1642,356.078231,356.077626165883,356.07757529278,1938612.8,NA,309377.1,9.84,-1,0.14287084349706,0.996303105678743,0,0.597781863407246,12,0.833333333333333,0.388888888888889,"N1 O7","de-protonated",0,NA,"C18 H15 O7 N1",18,15,7,1,NA,NA,NA,NA,NA,NA,NA
1645,356.112238,356.111633075255,356.11145887872,15997635,NA,298482.8,97.2,-1,0.489162960390319,0.47875595729442,0.799615297578637,0.607099693408107,15,0.826086956521739,0.0434782608695652,"N1 S1 O1","de-protonated",0,NA,"C23 H19 O1 S1 N1",23,19,1,1,NA,1,NA,NA,NA,NA,NA
1646,356.127432,356.126827034763,356.126847961786,2017992.9,NA,334183.4,10.33,-1,-0.0587628337880227,0.999373641114252,0,0.599624184668551,6,1.5,0.375,"N1 P1 O6","de-protonated",0,NA,"C16 H24 O6 N1 P1",16,24,6,1,1,NA,NA,NA,NA,NA,NA
1653,357.025736,357.025128640796,357.025205366296,2707511.3,NA,283779,14.62,-1,-0.214902193775513,0.991655176825799,0,0.59499310609548,13,0.588235294117647,0.529411764705882,"O9","de-protonated",0,NA,"C17 H10 O9",17,10,9,NA,NA,NA,NA,NA,NA,NA,NA
1654,357.036314,357.035706612606,357.035590602474,2089019.8,NA,361033,10.77,-1,0.32492596099969,0.981025538913432,0,0.588615323348059,12,0.833333333333333,0.222222222222222,"S1 P1 O4","de-protonated",0,NA,"C18 H15 O4 S1 P1",18,15,4,NA,1,1,NA,NA,NA,NA,NA
1655,357.038694,357.038086606264,357.037959584137,2915388.8,NA,306089.9,15.91,-1,0.355766448580404,0.977295791639541,0,0.586377474983725,21,0.4,0.04,"S1 O1","de-protonated",0,NA,"C25 H10 O1 S1",25,10,1,NA,NA,1,NA,NA,NA,NA,NA
1656,357.046793,357.04618558468,357.046334734396,8844352,NA,293609.3,52.75,-1,-0.41773210185093,0.484416601262997,0.867648864333947,0.637709506491377,8,1,0.785714285714286,"O11","de-protonated",0,NA,"C14 H14 O11",14,14,11,NA,NA,NA,NA,NA,NA,NA,NA
1657,357.056373,357.055765559149,357.055717648866,2113091.8,NA,327908.6,10.92,-1,0.134181532070629,0.996738404419467,0,0.59804304265168,21,0.4,0.12,"O3","de-protonated",0,NA,"C25 H10 O3",25,10,3,NA,NA,NA,NA,NA,NA,NA,NA
1658,357.062085,357.061477543927,357.061590875681,4571206,NA,302013.6,26.2,-1,-0.317401133601916,0.981886289606944,0,0.589131773764166,12,0.777777777777778,0.444444444444444,"O8","de-protonated",0,NA,"C18 H14 O8",18,14,8,NA,NA,NA,NA,NA,NA,NA,NA
1660,357.075168,357.074560509061,357.074478035303,13102156,NA,290498.5,79.2,-1,0.230970745118922,0.995097279718616,0.858190426940204,0.940334538607251,7,1.26666666666667,0.533333333333333,"P1 O8","de-protonated",0,NA,"C15 H19 O8 P1",15,19,8,NA,1,NA,NA,NA,NA,NA,NA
1661,357.083266,357.08265848748,357.08272024378,31165518,NA,287033.9,191.44,-1,-0.172946761983815,0.995058832250248,0.983783220923121,0.990548587719397,7,1.2,0.666666666666667,"O10","de-protonated",0,NA,"C15 H18 O10",15,18,10,NA,NA,NA,NA,NA,NA,NA,NA
1662,357.086342,357.085734479282,357.085711424595,2663504,NA,332347.6,14.34,-1,0.0645634554001729,0.999243928045732,0,0.599546356827439,7,1.35714285714286,0.5,"N2 P1 O7","de-protonated",0,NA,"C14 H19 O7 N2 P1",14,19,7,2,1,NA,NA,NA,NA,NA,NA
1664,357.096228,357.095620452936,357.09547446162,1608788.1,NA,365064.5,7.79,-1,0.408829924573436,0.970127590541775,0,0.582076554325065,15,0.782608695652174,0.0869565217391304,"S1 O2","de-protonated",0,NA,"C23 H18 O2 S1",23,18,2,NA,NA,1,NA,NA,NA,NA,NA
1665,357.098547,357.097939446756,357.097976385065,4527189,NA,284517.1,25.92,-1,-0.103440263485125,0.99806040281323,0,0.598836241687938,11,0.947368421052632,0.368421052631579,"O7","de-protonated",0,NA,"C19 H18 O7",19,18,7,NA,NA,NA,NA,NA,NA,NA,NA
1667,357.111497,357.110889412245,357.110863544687,21777498,NA,290860.3,133.11,-1,0.0724356505638241,0.999231081266603,0.912449624792518,0.964518498676969,6,1.4375,0.4375,"P1 O7","de-protonated",0,NA,"C16 H23 O7 P1",16,23,7,NA,1,NA,NA,NA,NA,NA,NA
1668,357.119552,357.118944390778,357.119105753164,30714974,NA,288838.4,188.64,-1,-0.451844730697078,0.973652247891361,0.994853738756303,0.982132844237337,6,1.375,0.5625,"O9","de-protonated",0,NA,"C16 H22 O9",16,22,9,NA,NA,NA,NA,NA,NA,NA,NA
1669,357.122729,357.122121382311,357.122096933979,1839710.9,NA,303637.7,9.22,-1,0.0684593099946524,0.999149970072812,0,0.599489982043687,6,1.53333333333333,0.4,"N2 P1 O6","de-protonated",0,NA,"C15 H23 O6 N2 P1",15,23,6,2,1,NA,NA,NA,NA,NA,NA
1671,357.132604,357.131996355995,357.131859971005,3005027,NA,307428.5,16.46,-1,0.381889731379231,0.973884627979541,0,0.584330776787724,14,0.916666666666667,0.0416666666666667,"S1 O1","de-protonated",0,NA,"C24 H22 O1 S1",24,22,1,NA,NA,1,NA,NA,NA,NA,NA
1673,357.138166,357.137558341172,357.137733197819,2060901.3,NA,320806.7,10.6,-1,-0.489605636133619,0.957436640294069,0,0.574461984176441,5,1.52941176470588,0.352941176470588,"S1 O6","de-protonated",0,NA,"C17 H26 O6 S1",17,26,6,NA,NA,1,NA,NA,NA,NA,NA
1674,357.147966,357.147358315055,357.147249054071,13450345,NA,287906.8,81.37,-1,0.305926993438685,0.982825351372901,0.930180078293603,0.961767242141182,5,1.58823529411765,0.352941176470588,"P1 O6","de-protonated",0,NA,"C17 H27 O6 P1",17,27,6,NA,1,NA,NA,NA,NA,NA,NA
1675,357.156025,357.155417293578,357.155491262549,11797613,NA,290491,71.1,-1,-0.207105790834294,0.994529040989335,0.996861523418403,0.995462033960962,5,1.52941176470588,0.470588235294118,"O8","de-protonated",0,NA,"C17 H26 O8",17,26,8,NA,NA,NA,NA,NA,NA,NA,NA
1677,357.184222,357.183614218433,357.183634563456,4703352,NA,320357.3,27.02,-1,-0.0569595582841463,0.999411482708653,0,0.599646889625192,4,1.72222222222222,0.277777777777778,"P1 O5","de-protonated",0,NA,"C18 H31 O5 P1",18,31,5,NA,1,NA,NA,NA,NA,NA,NA
1678,357.192378,357.191770196698,357.191876771933,4678779.5,NA,286649.2,26.86,-1,-0.298369705142768,0.983976390986719,0,0.590385834592031,4,1.66666666666667,0.388888888888889,"O7","de-protonated",0,NA,"C18 H30 O7",18,30,7,NA,NA,NA,NA,NA,NA,NA,NA
1682,358.070303,358.069692857041,358.069727007496,2893793,NA,278530,15.77,-1,-0.0953737563339823,0.998350876217048,0,0.599010525730229,7,1.28571428571429,0.571428571428571,"N1 P1 O8","de-protonated",0,NA,"C14 H18 O8 N1 P1",14,18,8,1,1,NA,NA,NA,NA,NA,NA
1685,358.093886,358.093275794192,358.093225357258,2057194.6,NA,292244.4,10.57,-1,0.140848613875715,0.996406831649237,0,0.597844098989542,11,0.944444444444444,0.388888888888889,"N1 O7","de-protonated",0,NA,"C18 H17 O7 N1",18,17,7,1,NA,NA,NA,NA,NA,NA,NA
1686,358.106795,358.10618475979,358.10611251688,3294192,NA,264192.5,18.26,-1,0.201736042983708,0.992642702997925,0,0.595585621798755,6,1.46666666666667,0.466666666666667,"N1 P1 O7","de-protonated",0,NA,"C15 H22 O7 N1 P1",15,22,7,1,1,NA,NA,NA,NA,NA,NA
1692,358.187587,358.186976544481,358.187125744126,7095825,NA,283898.7,41.88,-1,-0.416541060756857,0.984466569375527,0.981572849706843,0.983309081508053,4,1.70588235294118,0.411764705882353,"N1 O7","de-protonated",0,NA,"C17 H29 O7 N1",17,29,7,1,NA,NA,NA,NA,NA,NA,NA
1693,358.224145,358.223534447054,358.22351125351,2173471.8,NA,285788.6,11.29,-1,0.064746012186395,0.999239647957506,0,0.599543788774503,3,1.83333333333333,0.333333333333333,"N1 O6","de-protonated",0,NA,"C18 H33 O6 N1",18,33,6,1,NA,NA,NA,NA,NA,NA,NA
1697,359.041429,359.040816269004,359.040855430774,4496236.5,NA,320511.8,25.72,-1,-0.109073297918646,0.997843636124568,0,0.598706181674741,12,0.705882352941177,0.529411764705882,"O9","de-protonated",0,NA,"C17 H12 O9",17,12,9,NA,NA,NA,NA,NA,NA,NA,NA
1698,359.044758,359.044145260132,359.044226734144,2245997.8,NA,288404.4,11.74,-1,-0.226919153202125,0.990700301602584,0,0.59442018096155,7,1.14285714285714,0.642857142857143,"S1 O9","de-protonated",0,NA,"C14 H16 O9 S1",14,16,9,NA,NA,1,NA,NA,NA,NA,NA
1699,359.054491,359.053878234194,359.053742590396,7171953.5,NA,296319,42.35,-1,0.377781322604752,0.487218151642401,0.867648864333947,0.63939043671902,7,1.21428571428571,0.642857142857143,"P1 O9","de-protonated",0,NA,"C14 H17 O9 P1",14,17,9,NA,1,NA,NA,NA,NA,NA,NA
1700,359.062612,359.061999212552,359.061984798874,7942005,NA,289845.2,47.14,-1,0.0401425902104811,0.499853825665193,0.867648864333947,0.646971841132694,7,1.14285714285714,0.785714285714286,"O11","de-protonated",0,NA,"C14 H16 O11",14,16,11,NA,NA,NA,NA,NA,NA,NA,NA
1701,359.065598,359.064985204594,359.064975979689,1970038.3,NA,342924.1,10.03,-1,0.0256914656917006,0.999880241710465,0,0.599928145026279,7,1.30769230769231,0.615384615384615,"N2 P1 O8","de-protonated",0,NA,"C13 H17 O8 N2 P1",13,17,8,2,1,NA,NA,NA,NA,NA,NA
1703,359.077757,359.077144172191,359.077240940159,7167867,NA,298836.7,42.33,-1,-0.269490674862849,0.49345434748423,0.836034543948893,0.630486426070095,11,0.888888888888889,0.444444444444444,"O8","de-protonated",0,NA,"C18 H16 O8",18,16,8,NA,NA,NA,NA,NA,NA,NA,NA
1704,359.081107,359.080494163263,359.080612243529,3053436.5,NA,373305.1,16.76,-1,-0.328840549354582,0.980570087474061,0,0.588342052484437,6,1.33333333333333,0.533333333333333,"S1 O8","de-protonated",0,NA,"C15 H20 O8 S1",15,20,8,NA,NA,1,NA,NA,NA,NA,NA
1705,359.090785,359.090172137471,359.090128099781,24756096,NA,288220.9,151.61,-1,0.12263687314173,0.997124947646324,0.981577202389907,0.990905849543757,6,1.4,0.533333333333333,"P1 O8","de-protonated",0,NA,"C15 H21 O8 P1",15,21,8,NA,1,NA,NA,NA,NA,NA,NA
1706,359.098906,359.098293115829,359.098370308258,14180228,NA,287647,85.9,-1,-0.214961792086113,0.495825283531851,0.859523230357577,0.641304462262141,6,1.33333333333333,0.666666666666667,"O10","de-protonated",0,NA,"C15 H20 O10",15,20,10,NA,NA,NA,NA,NA,NA,NA,NA
1707,359.102047,359.101434107458,359.101361489073,3627909,NA,298734.6,20.33,-1,0.20222252824904,0.99260730770116,0,0.595564384620696,6,1.5,0.5,"N2 P1 O7","de-protonated",0,NA,"C14 H21 O7 N2 P1",14,21,7,2,1,NA,NA,NA,NA,NA,NA
1709,359.114225,359.113612075004,359.113626449543,8390538,NA,303163,49.92,-1,-0.0400278295667893,0.999349313877539,0.955641029195798,0.981866000004843,10,1.05263157894737,0.368421052631579,"O7","de-protonated",0,NA,"C19 H20 O7",19,20,7,NA,NA,NA,NA,NA,NA,NA,NA
1711,359.127255,359.126642040279,359.126513609165,22175632,NA,286625.6,135.58,-1,0.357620808653428,0.982002300386708,0.953947111874411,0.970780224981789,5,1.5625,0.4375,"P1 O7","de-protonated",0,NA,"C16 H25 O7 P1",16,25,7,NA,1,NA,NA,NA,NA,NA,NA
1712,359.135253,359.134640018965,359.134755817642,9803667,NA,292090,58.7,-1,-0.322437959269116,0.98893186725949,0.988326876974635,0.988689871145548,5,1.5,0.5625,"O9","de-protonated",0,NA,"C16 H24 O9",16,24,9,NA,NA,NA,NA,NA,NA,NA,NA
1714,359.150495,359.149881978345,359.150011958927,5623705,NA,294365.1,32.73,-1,-0.361911674870464,0.488257015603064,0.821075868479145,0.621384556753497,9,1.2,0.3,"O6","de-protonated",0,NA,"C20 H24 O6",20,24,6,NA,NA,NA,NA,NA,NA,NA,NA
1715,359.163632,359.163018943335,359.162899118549,10737566,NA,289577.8,64.51,-1,0.333622392691946,0.989611163357437,0.95705410443391,0.976588339788026,4,1.70588235294118,0.352941176470588,"P1 O6","de-protonated",0,NA,"C17 H29 O6 P1",17,29,6,NA,1,NA,NA,NA,NA,NA,NA
1716,359.171721,359.171107921778,359.171141327027,4354977.5,NA,318970.2,24.85,-1,-0.0930064944359612,0.998431662249795,0,0.599058997349877,4,1.64705882352941,0.470588235294118,"O8","de-protonated",0,NA,"C17 H28 O8",17,28,8,NA,NA,NA,NA,NA,NA,NA,NA
1719,359.199855,359.199241846801,359.199284627934,1662892.9,NA,368658.7,8.12,-1,-0.119101385246886,0.997429434563913,0,0.598457660738348,3,1.83333333333333,0.277777777777778,"P1 O5","de-protonated",0,NA,"C18 H33 O5 P1",18,33,5,NA,1,NA,NA,NA,NA,NA,NA
1721,359.211189,359.210575816596,359.210518017226,4455345.5,NA,293458.3,25.47,-1,0.160906675841395,0.995313137403475,0,0.597187882442085,3,1.94117647058824,0.235294117647059,"N2 P1 O4","de-protonated",0,NA,"C17 H33 O4 N2 P1",17,33,4,2,1,NA,NA,NA,NA,NA,NA
1723,360.036544,360.035928617037,360.036104402967,1824513,NA,359341.6,9.12,-1,-0.488245283947394,0.957667761764914,0,0.574600657058948,12,0.6875,0.5625,"N1 O9","de-protonated",0,NA,"C16 H11 O9 N1",16,11,9,1,NA,NA,NA,NA,NA,NA,NA
1724,360.057908,360.057292560102,360.057233771067,1588745.8,NA,322992.1,7.66,-1,0.163276918991095,0.995174376466603,0,0.597104625879962,7,1.15384615384615,0.846153846153846,"N1 O11","de-protonated",0,NA,"C13 H15 O11 N1",13,15,11,1,NA,NA,NA,NA,NA,NA,NA
1725,360.073061,360.07244551972,360.072489912352,3755279.8,NA,299425.1,21.12,-1,-0.123288040151701,0.997245790515297,0,0.598347474309178,11,0.882352941176471,0.470588235294118,"N1 O8","de-protonated",0,NA,"C17 H15 O8 N1",17,15,8,1,NA,NA,NA,NA,NA,NA,NA
1726,360.085986,360.085370485275,360.085377071974,3248917.3,NA,295175.3,17.97,-1,-0.0182920466971841,0.999939289298991,0,0.599963573579395,6,1.42857142857143,0.571428571428571,"N1 P1 O8","de-protonated",0,NA,"C14 H20 O8 N1 P1",14,20,8,1,1,NA,NA,NA,NA,NA,NA
1728,360.103653,360.103037438193,360.103002194921,1783324.4,NA,218262.4,8.86,-1,0.0978699737828248,0.998263497462107,0,0.598958098477264,19,0.6,0.08,"N1 O2","de-protonated",0,NA,"C25 H15 O2 N1",25,15,2,1,NA,NA,NA,NA,NA,NA,NA
1729,360.10935,360.10873442301,360.108875421736,3194142.5,NA,286309.6,17.63,-1,-0.391544711000223,0.972565940099846,0,0.583539564059908,10,1.05555555555556,0.388888888888889,"N1 O7","de-protonated",0,NA,"C18 H19 O7 N1",18,19,7,1,NA,NA,NA,NA,NA,NA,NA
1731,360.122551,360.12193538783,360.121762581358,2733348,NA,253675.3,14.77,-1,0.479855676467472,0.959080140088716,0,0.57544808405323,5,1.6,0.466666666666667,"N1 P1 O7","de-protonated",0,NA,"C15 H24 O7 N1 P1",15,24,7,1,1,NA,NA,NA,NA,NA,NA
1740,361.020484,361.019865994852,361.019957794616,3008656.8,NA,286792.5,16.48,-1,-0.254278917776201,0.988336485281976,0,0.593001891169186,7,1.36363636363636,0.363636363636364,"N4 S2 P1 O4","de-protonated",0,NA,"C11 H15 O4 S2 N4 P1",11,15,4,4,1,2,NA,NA,NA,NA,NA
1741,361.033727,361.033108959559,361.03300714549,1692822.1,NA,276379.6,8.3,-1,0.282007647964465,0.985673309872172,0,0.591403985923303,7,1.15384615384615,0.769230769230769,"P1 O10","de-protonated",0,NA,"C13 H15 O10 P1",13,15,10,NA,1,NA,NA,NA,NA,NA,NA
1742,361.057045,361.056426897417,361.056505495252,8729248,NA,286359.7,52.02,-1,-0.217688461586063,0.495719161518786,0.843720152817574,0.634919558038301,11,0.823529411764706,0.529411764705882,"O9","de-protonated",0,NA,"C17 H14 O9",17,14,9,NA,NA,NA,NA,NA,NA,NA,NA
1743,361.070024,361.069405862828,361.069259713093,17961636,NA,281539.4,109.39,-1,0.404769255631052,0.485354659927693,0.785920818505338,0.605581123358751,19,0.56,0.04,"S1 O1","de-protonated",0,NA,"C25 H14 O1 S1",25,14,1,NA,NA,1,NA,NA,NA,NA,NA
1744,361.078138,361.077519841205,361.077634863352,3248296,NA,283422.4,17.97,-1,-0.318552399956109,0.981755856639714,0,0.589053513983828,6,1.28571428571429,0.785714285714286,"O11","de-protonated",0,NA,"C14 H18 O11",14,18,11,NA,NA,NA,NA,NA,NA,NA,NA
1745,361.087788,361.087169815487,361.087017777822,6198956,NA,291502.7,36.3,-1,0.421055473696588,0.484171641957614,0.785920818505338,0.604871312576703,19,0.56,0.12,"O3","de-protonated",0,NA,"C25 H14 O3",25,14,3,NA,NA,NA,NA,NA,NA,NA,NA
1746,361.093379,361.092760800587,361.092891004637,13955758,NA,293165.2,84.5,-1,-0.360583252597328,0.988057365802984,0.998724865636118,0.992324365736237,10,1,0.444444444444444,"O8","de-protonated",0,NA,"C18 H18 O8",18,18,8,NA,NA,NA,NA,NA,NA,NA,NA
1747,361.096796,361.096177791481,361.096262308007,3732143.8,NA,280249.4,20.97,-1,-0.234055386843473,0.990109131427685,0,0.594065478856611,5,1.46666666666667,0.533333333333333,"S1 O8","de-protonated",0,NA,"C15 H22 O8 S1",15,22,8,NA,NA,1,NA,NA,NA,NA,NA
1748,361.106519,361.10590076557,361.105778164259,24994484,NA,287216.8,153.09,-1,0.339516336737819,0.988594426720839,0.931713916699882,0.965842222712456,5,1.53333333333333,0.533333333333333,"P1 O8","de-protonated",0,NA,"C15 H23 O8 P1",15,23,8,NA,1,NA,NA,NA,NA,NA,NA
1749,361.114588,361.113969744066,361.114020372736,4526775,NA,295263.9,25.91,-1,-0.140201341591734,0.996439721978738,0,0.597863833187243,5,1.46666666666667,0.666666666666667,"O10","de-protonated",0,NA,"C15 H22 O10",15,22,10,NA,NA,NA,NA,NA,NA,NA,NA
1751,361.129756,361.129137703643,361.129276514021,15225533,NA,285647.4,92.39,-1,-0.384378632781728,0.979443065618809,0.976231737417793,0.978158534338403,9,1.15789473684211,0.368421052631579,"O7","de-protonated",0,NA,"C19 H22 O7",19,22,7,NA,NA,NA,NA,NA,NA,NA,NA
1752,361.132952,361.132333695126,361.132267694836,1617598.4,NA,356199.3,7.83,-1,0.182759327123226,0.993957765735933,0,0.59637465944156,9,1.27777777777778,0.222222222222222,"N2 P1 O4","de-protonated",0,NA,"C18 H23 O4 N2 P1",18,23,4,2,1,NA,NA,NA,NA,NA,NA
1753,361.142785,361.142166668921,361.142163673643,15200962,NA,282868,92.23,-1,0.00829390376413718,0.992210877762876,0.847855414375975,0.934468692408115,4,1.6875,0.4375,"P1 O7","de-protonated",0,NA,"C16 H27 O7 P1",16,27,7,NA,1,NA,NA,NA,NA,NA,NA
1756,361.163941,361.163322612541,361.163160099961,1627082.9,NA,310990.2,7.89,-1,0.449969980530037,0.963928211206357,0,0.578356926723814,12,1.08333333333333,0.0416666666666667,"S1 O1","de-protonated",0,NA,"C24 H26 O1 S1",24,26,1,NA,NA,1,NA,NA,NA,NA,NA
1757,361.166257,361.165638606369,361.165662023405,6399692,NA,290367.1,37.55,-1,-0.0648373834458714,0.499618750602479,0.821075868479145,0.628201597753146,8,1.3,0.3,"O6","de-protonated",0,NA,"C20 H26 O6",20,26,6,NA,NA,NA,NA,NA,NA,NA,NA
1758,361.179304,361.178685571599,361.178549183027,4346577,NA,324327.1,24.79,-1,0.377620907284112,0.974457729041283,0,0.58467463742477,3,1.82352941176471,0.352941176470588,"P1 O6","de-protonated",0,NA,"C17 H31 O6 P1",17,31,6,NA,1,NA,NA,NA,NA,NA,NA
1759,362.052208,362.051587245322,362.051754467445,3447859.3,NA,305361.8,19.2,-1,-0.461873533166786,0.962031645764216,0,0.57721898745853,11,0.8125,0.5625,"N1 O9","de-protonated",0,NA,"C16 H13 O9 N1",16,13,9,1,NA,NA,NA,NA,NA,NA,NA
1761,362.065245,362.064624210579,362.064508685286,1806904.5,NA,343405.5,9.01,-1,0.319073784871767,0.98169663658067,0,0.589017981948402,19,0.541666666666667,0.0416666666666667,"N1 S1 O1","de-protonated",0,NA,"C24 H13 O1 S1 N1",24,13,1,1,NA,1,NA,NA,NA,NA,NA
1763,362.088755,362.088134147925,362.08813997683,5165122,NA,311723.1,29.87,-1,-0.0160980268267602,0.999952979319378,0,0.599971787591627,10,1,0.470588235294118,"N1 O8","de-protonated",0,NA,"C17 H17 O8 N1",17,17,8,1,NA,NA,NA,NA,NA,NA,NA
1765,362.101699,362.101078113429,362.101027136452,2924103.3,NA,278623.4,15.95,-1,0.140781091652317,0.996410269733129,0,0.597846161839877,5,1.57142857142857,0.571428571428571,"N1 P1 O8","de-protonated",0,NA,"C14 H22 O8 N1 P1",14,22,8,1,1,NA,NA,NA,NA,NA,NA
1767,362.124968,362.124347051418,362.124525486214,3833936.8,NA,298153.2,21.6,-1,-0.492744300325711,0.956901147701636,0,0.574140688620982,9,1.16666666666667,0.388888888888889,"N1 O7","de-protonated",0,NA,"C18 H21 O7 N1",18,21,7,1,NA,NA,NA,NA,NA,NA,NA
1770,362.13814,362.137519016315,362.137412645836,2057814.1,NA,295142.7,10.57,-1,0.293729604178951,0.984467037533484,0,0.59068022252009,4,1.73333333333333,0.466666666666667,"N1 P1 O7","de-protonated",0,NA,"C15 H26 O7 N1 P1",15,26,7,1,1,NA,NA,NA,NA,NA,NA
1773,362.182724,362.182102897499,362.182040363698,1502824.3,NA,338943.3,7.12,-1,0.172658482395682,0.994605445157784,0,0.59676326709467,3,1.8125,0.5,"N1 O8","de-protonated",0,NA,"C16 H29 O8 N1",16,29,8,1,NA,NA,NA,NA,NA,NA,NA
1774,362.210873,362.210251822482,362.210183664604,3436659.5,NA,309170,19.13,-1,0.188172174473816,0.993595721072989,0,0.596157432643793,2,2,0.294117647058824,"N1 P1 O5","de-protonated",0,NA,"C17 H34 O5 N1 P1",17,34,5,1,1,NA,NA,NA,NA,NA,NA
1775,363.036276,363.035652622795,363.035770050346,7382466,NA,285996.4,43.65,-1,-0.323460001015395,0.490597374707447,0.85154837932281,0.634977776553592,11,0.75,0.625,"O10","de-protonated",0,NA,"C16 H12 O10",16,12,10,NA,NA,NA,NA,NA,NA,NA,NA
1776,363.049304,363.048680588076,363.048524268186,3619783.3,NA,277415.7,20.27,-1,0.430575747606707,0.966919759973109,0,0.580151855983866,19,0.5,0.0833333333333333,"S1 O2","de-protonated",0,NA,"C24 H12 O2 S1",24,12,2,NA,NA,1,NA,NA,NA,NA,NA
1778,363.072759,363.072135525569,363.07215555973,16012753,NA,275708.7,97.27,-1,-0.0551795589839961,0.997138167017126,0.995968896286088,0.996670458724711,10,0.941176470588235,0.529411764705882,"O9","de-protonated",0,NA,"C17 H16 O9",17,16,9,NA,NA,NA,NA,NA,NA,NA,NA
1779,363.084085,363.083461495385,363.083388949023,6159829.5,NA,298563.5,36.05,-1,0.199806338933907,0.496391137677427,0.85154837932281,0.63845403433558,10,1,0.5,"N2 O8","de-protonated",0,NA,"C16 H16 O8 N2",16,16,8,2,NA,NA,NA,NA,NA,NA,NA
1780,363.085798,363.08517449082,363.085042719352,21280214,NA,284116.6,130,-1,0.362921773816057,0.988182597225391,0.998724901549537,0.992399518955049,5,1.5,0.642857142857143,"P1 O9","de-protonated",0,NA,"C14 H21 O9 P1",14,21,9,NA,1,NA,NA,NA,NA,NA,NA
1782,363.109007,363.108383428968,363.108541069115,27678176,NA,283423.9,169.76,-1,-0.434140562152329,0.964210797154992,0.974903488572417,0.968487873721962,9,1.11111111111111,0.444444444444444,"O8","de-protonated",0,NA,"C18 H20 O8",18,20,8,NA,NA,NA,NA,NA,NA,NA,NA
1783,363.120442,363.119818398494,363.119774458407,4916708,NA,271677.8,28.33,-1,0.121007145808576,0.997346622443438,0,0.598407973466063,9,1.17647058823529,0.411764705882353,"N2 O7","de-protonated",0,NA,"C17 H20 O7 N2",17,20,7,2,NA,NA,NA,NA,NA,NA,NA
1784,363.122121,363.12149739402,363.121428228737,17704420,NA,286557.7,107.79,-1,0.190474254149142,0.992817956209689,0.943281258693112,0.973003277203058,4,1.66666666666667,0.533333333333333,"P1 O8","de-protonated",0,NA,"C15 H25 O8 P1",15,25,8,NA,1,NA,NA,NA,NA,NA,NA
1785,363.145522,363.144898331657,363.144926578499,20641262,NA,285099,126.03,-1,-0.0777839377467306,0.993346009409321,0.991186883150059,0.992482358905616,8,1.26315789473684,0.368421052631579,"O7","de-protonated",0,NA,"C19 H24 O7",19,24,7,NA,NA,NA,NA,NA,NA,NA,NA
1786,363.158466,363.157842297161,363.157813738121,9350644,NA,285308.9,55.88,-1,0.078640852490156,0.99910672545373,0.972305210884302,0.988386119625959,3,1.8125,0.4375,"P1 O7","de-protonated",0,NA,"C16 H29 O7 P1",16,29,7,NA,1,NA,NA,NA,NA,NA,NA
1788,363.18182,363.181196234923,363.181312087883,5943805,NA,279157.3,34.71,-1,-0.318994828262454,0.490852805320534,0.821075868479145,0.622942030583979,7,1.4,0.3,"O6","de-protonated",0,NA,"C20 H28 O6",20,28,6,NA,NA,NA,NA,NA,NA,NA,NA
1789,363.194854,363.194230200187,363.194199247505,3496450.3,NA,303298.2,19.5,-1,0.085223503927902,0.998682997922746,0,0.599209798753648,2,1.94117647058824,0.352941176470588,"P1 O6","de-protonated",0,NA,"C17 H33 O6 P1",17,33,6,NA,1,NA,NA,NA,NA,NA,NA
1790,363.231365,363.230741102886,363.23058475689,1763857,NA,273377.1,8.74,-1,0.430431806104138,0.966941504108344,0,0.580164902465007,1,2.05555555555556,0.277777777777778,"P1 O5","de-protonated",0,NA,"C18 H37 O5 P1",18,37,5,NA,1,NA,NA,NA,NA,NA,NA
1791,364.031513,364.030886970504,364.031019022539,2427733,NA,322338.6,12.86,-1,-0.362749404691746,0.976406472069025,0,0.585843883241415,11,0.733333333333333,0.666666666666667,"N1 O10","de-protonated",0,NA,"C15 H11 O10 N1",15,11,10,1,NA,NA,NA,NA,NA,NA,NA
1792,364.067946,364.06731987341,364.067404531923,5376867.5,NA,298406.7,31.18,-1,-0.232535272644931,0.990236563016105,0,0.594141937809663,10,0.9375,0.5625,"N1 O9","de-protonated",0,NA,"C16 H15 O9 N1",16,15,9,1,NA,NA,NA,NA,NA,NA,NA
1794,364.08089,364.080263838915,364.080158749764,1799016.9,NA,283692.2,8.95,-1,0.288642894339158,0.984996346871805,0,0.590997808123083,18,0.625,0.0416666666666667,"N1 S1 O1","de-protonated",0,NA,"C24 H15 O1 S1 N1",24,15,1,1,NA,1,NA,NA,NA,NA,NA
1796,364.104245,364.103618776674,364.103790041308,6412146.5,NA,306118.6,37.62,-1,-0.470373114924097,0.480324741151885,0.843720152817574,0.62568290581816,9,1.11764705882353,0.470588235294118,"N1 O8","de-protonated",0,NA,"C17 H19 O8 N1",17,19,8,1,NA,NA,NA,NA,NA,NA,NA
1798,364.115593,364.114966746431,364.1150234306,1753719,NA,296377.1,8.67,-1,-0.155676543776817,0.995612211880746,0,0.597367327128447,9,1.1875,0.4375,"N3 O7","de-protonated",0,NA,"C16 H19 O7 N3",16,19,7,3,NA,NA,NA,NA,NA,NA,NA
1800,364.140704,364.140077679511,364.140175550692,3024257,NA,292505.7,16.57,-1,-0.26877336633025,0.986977837835058,0,0.592186702701035,8,1.27777777777778,0.388888888888889,"N1 O7","de-protonated",0,NA,"C18 H23 O7 N1",18,23,7,1,NA,NA,NA,NA,NA,NA,NA
1803,364.190208,364.189581547584,364.189448219698,1683861.1,NA,321222,8.24,-1,0.366094860956054,0.975974576740336,0,0.585584746044202,2,2,0.375,"N1 P1 O6","de-protonated",0,NA,"C16 H32 O6 N1 P1",16,32,6,1,1,NA,NA,NA,NA,NA,NA
1804,364.226504,364.225877450855,364.225833729082,25950116,NA,284309.5,159.02,-1,0.120040284876993,0.998227291798468,0.994189148507229,0.996612034481972,1,2.11764705882353,0.294117647058824,"N1 P1 O5","de-protonated",0,NA,"C17 H36 O5 N1 P1",17,36,5,1,1,NA,NA,NA,NA,NA,NA
1805,364.262986,364.262359353631,364.262219238467,1946546.6,NA,340814.1,9.87,-1,0.384654672174787,0.973510171813083,0,0.58410610308785,0,2.22222222222222,0.222222222222222,"N1 P1 O4","de-protonated",0,NA,"C18 H40 O4 N1 P1",18,40,4,1,1,NA,NA,NA,NA,NA,NA
1806,365.015646,365.015017347803,365.01503460544,2256611,NA,353734.5,11.79,-1,-0.0472792476472293,0.999594485048966,0,0.59975669102938,11,0.666666666666667,0.733333333333333,"O11","de-protonated",0,NA,"C15 H10 O11",15,10,11,NA,NA,NA,NA,NA,NA,NA,NA
1807,365.051862,365.051233251288,365.051257923572,13633778,NA,283968.7,82.49,-1,-0.0675858057759638,0.666032219798857,0.925969598629941,0.77000717133129,5,1.72727272727273,0.363636363636364,"N4 S2 P1 O4","de-protonated",0,NA,"C11 H19 O4 S2 N4 P1",11,19,4,4,1,2,NA,NA,NA,NA,NA
1808,365.065009,365.064380216252,365.064307274446,4348151,NA,273690.1,24.79,-1,0.199805361257528,0.992782345733544,0,0.595669407440127,5,1.46153846153846,0.769230769230769,"P1 O10","de-protonated",0,NA,"C13 H19 O10 P1",13,19,10,NA,1,NA,NA,NA,NA,NA,NA
1809,365.088342,365.08771315407,365.087805624208,32774400,NA,285055.8,201.42,-1,-0.253281915162937,0.993721133991726,0.989669683813032,0.992100553920249,9,1.05882352941176,0.529411764705882,"O9","de-protonated",0,NA,"C17 H18 O9",17,18,9,NA,NA,NA,NA,NA,NA,NA,NA
1810,365.099556,365.098927124185,365.099039013501,6348037,NA,289842.1,37.22,-1,-0.306462915742907,0.49155140648262,0.85154837932281,0.635550195618696,9,1.125,0.5,"N2 O8","de-protonated",0,NA,"C16 H18 O8 N2",16,18,8,2,NA,NA,NA,NA,NA,NA,NA
1811,365.101328,365.100699119462,365.100559842049,15694086,NA,280961.6,95.29,-1,0.381476855461067,0.976041370467209,0.953510800718359,0.967029142567669,17,0.72,0.04,"S1 O1","de-protonated",0,NA,"C25 H18 O1 S1",25,18,1,NA,NA,1,NA,NA,NA,NA,NA
1812,365.12468,365.124051057229,365.124191133593,38893840,NA,278550,239.44,-1,-0.383640324453395,0.970089379057706,0.992339032208821,0.978989240318152,8,1.22222222222222,0.444444444444444,"O8","de-protonated",0,NA,"C18 H22 O8",18,22,8,NA,NA,NA,NA,NA,NA,NA,NA
1813,365.137825,365.137196022198,365.137078293215,10639636,NA,286641.1,63.88,-1,0.3224240720484,0.982206624674495,0.966942185095517,0.976100848842904,3,1.8,0.533333333333333,"P1 O8","de-protonated",0,NA,"C15 H27 O8 P1",15,27,8,NA,1,NA,NA,NA,NA,NA,NA
1814,365.161077,365.160447960232,365.160576642977,15960350,NA,284070.8,96.94,-1,-0.352400431842231,0.986876031988146,0.982049211787983,0.984945303908081,7,1.36842105263158,0.368421052631579,"O7","de-protonated",0,NA,"C19 H26 O7",19,26,7,NA,NA,NA,NA,NA,NA,NA,NA
1815,365.174112,365.173482925494,365.173463802599,4905251,NA,313513.8,28.25,-1,0.0523666063425681,0.999502544032859,0,0.599701526419715,2,1.9375,0.4375,"P1 O7","de-protonated",0,NA,"C16 H31 O7 P1",16,31,7,NA,1,NA,NA,NA,NA,NA,NA
1816,365.197602,365.196972862893,365.196962152361,3839276.5,NA,305622.8,21.63,-1,0.0293280978795628,0.999843941390701,0,0.59990636483442,6,1.5,0.3,"O6","de-protonated",0,NA,"C20 H30 O6",20,30,6,NA,NA,NA,NA,NA,NA,NA,NA
1817,365.210578,365.209948828313,365.209849311983,3994929.8,NA,302079.6,22.59,-1,0.272490814570668,0.986617561140126,0,0.591970536684075,1,2.05882352941176,0.352941176470588,"P1 O6","de-protonated",0,NA,"C17 H35 O6 P1",17,35,6,NA,1,NA,NA,NA,NA,NA,NA
1819,365.24692,365.246290731462,365.246234821368,4322624.5,NA,297061.3,24.63,-1,0.153075073088143,0.995757324061367,0,0.59745439443682,0,2.16666666666667,0.277777777777778,"P1 O5","de-protonated",0,NA,"C18 H39 O5 P1",18,39,5,NA,1,NA,NA,NA,NA,NA,NA
1822,366.083639,366.083007501618,366.083054596401,8127122.5,NA,275913.6,48.27,-1,-0.128645079048743,0.498500804459566,0.85154837932281,0.639719834404864,9,1.0625,0.5625,"N1 O9","de-protonated",0,NA,"C16 H17 O9 N1",16,17,9,1,NA,NA,NA,NA,NA,NA,NA
1829,366.15634,366.155708307871,366.15582561517,2733743.8,NA,287871.9,14.76,-1,-0.320375345684912,0.981548395420682,0,0.588929037252409,7,1.38888888888889,0.388888888888889,"N1 O7","de-protonated",0,NA,"C18 H25 O7 N1",18,25,7,1,NA,NA,NA,NA,NA,NA,NA
1831,366.169411,366.168779273037,366.168712774792,2077364.9,NA,299419.6,10.68,-1,0.181605479855526,0.994033592596178,0,0.596420155557707,2,2,0.466666666666667,"N1 P1 O7","de-protonated",0,NA,"C15 H30 O7 N1 P1",15,30,7,1,1,NA,NA,NA,NA,NA,NA
1834,367.031256,367.030621976232,367.030684669918,4890640.5,NA,289337.9,27.31,-1,-0.170813198688934,0.994719834013698,0,0.596831900408219,10,0.8,0.733333333333333,"O11","de-protonated",0,NA,"C15 H12 O11",15,12,11,NA,NA,NA,NA,NA,NA,NA,NA
1835,367.067542,367.066907879531,367.067070179302,24878112,NA,282102.3,147.75,-1,-0.442152904596722,0.981809474964739,0.993071480388697,0.986314277134322,9,1,0.625,"O10","de-protonated",0,NA,"C16 H16 O10",16,16,10,NA,NA,NA,NA,NA,NA,NA,NA
1836,367.078805,367.078170849515,367.078303568594,3690531.8,NA,278538.7,20.07,-1,-0.361555226692996,0.97655972503411,0,0.585935835020466,9,1.06666666666667,0.6,"N2 O9","de-protonated",0,NA,"C15 H16 O9 N2",15,16,9,2,NA,NA,NA,NA,NA,NA,NA
1837,367.0807,367.080065844465,367.079957338924,3075620.5,NA,253229.7,16.37,-1,0.295591025088834,0.984271104339327,0,0.590562662603596,4,1.61538461538462,0.769230769230769,"P1 O10","de-protonated",0,NA,"C13 H21 O10 P1",13,21,10,NA,1,NA,NA,NA,NA,NA,NA
1838,367.104059,367.103424782213,367.103455688686,56212524,NA,280774,336.58,-1,-0.084190089608127,0.986329179890391,0.987570086639125,0.986825542589885,8,1.17647058823529,0.529411764705882,"O9","de-protonated",0,NA,"C17 H20 O9",17,20,9,NA,NA,NA,NA,NA,NA,NA,NA
1839,367.115261,367.11462675236,367.114689077979,4189234.5,NA,271329.5,23.08,-1,-0.16977151877752,0.994783870579056,0,0.596870322347434,8,1.25,0.5,"N2 O8","de-protonated",0,NA,"C16 H20 O8 N2",16,20,8,2,NA,NA,NA,NA,NA,NA,NA
1840,367.1171,367.116465747459,367.116342848308,6018099,NA,274700.8,34.1,-1,0.334768945719073,0.97987036263226,0,0.587922217579356,3,1.78571428571429,0.642857142857143,"P1 O9","de-protonated",0,NA,"C14 H25 O9 P1",14,25,9,NA,1,NA,NA,NA,NA,NA,NA
1841,367.132296,367.131661706962,367.131598989593,9800761,NA,278539.5,56.89,-1,0.170830757432426,0.986809140941707,0.772946558784269,0.901264108078732,7,1.38888888888889,0.333333333333333,"P1 O6","de-protonated",0,NA,"C18 H25 O6 P1",18,25,6,NA,1,NA,NA,NA,NA,NA,NA
1842,367.140342,367.13970768552,367.139841198071,35896380,NA,282872.4,214.15,-1,-0.363655849411033,0.987073841349684,0.988663987427354,0.987709899780752,7,1.33333333333333,0.444444444444444,"O8","de-protonated",0,NA,"C18 H24 O8",18,24,8,NA,NA,NA,NA,NA,NA,NA,NA
1843,367.153448,367.152813650593,367.152728357693,6123586,NA,283895.4,34.74,-1,0.232309045668344,0.990255458101026,0,0.594153274860616,2,1.93333333333333,0.533333333333333,"P1 O8","de-protonated",0,NA,"C15 H29 O8 P1",15,29,8,NA,1,NA,NA,NA,NA,NA,NA
1844,367.168784,367.168149609722,367.167984498977,6235208,NA,282721.7,35.41,-1,0.449687205471362,0.981707954583348,0.908863245554449,0.952570070971788,6,1.52631578947368,0.263157894736842,"P1 O5","de-protonated",0,NA,"C19 H29 O5 P1",19,29,5,NA,1,NA,NA,NA,NA,NA,NA
1845,367.176832,367.176197588274,367.176226707455,8901707,NA,288658.9,51.48,-1,-0.0793057346273128,0.987967360631966,0.950982442898432,0.973173393538552,6,1.47368421052632,0.368421052631579,"O7","de-protonated",0,NA,"C19 H28 O7",19,28,7,NA,NA,NA,NA,NA,NA,NA,NA
1846,367.189769,367.189134553798,367.189113867077,2154576.5,NA,285615,10.82,-1,0.0563380555337868,0.99942425194001,0,0.599654551164006,1,2.0625,0.4375,"P1 O7","de-protonated",0,NA,"C16 H33 O7 P1",16,33,7,NA,1,NA,NA,NA,NA,NA,NA
1848,368.06292,368.062283226863,368.062319151495,4354480.5,NA,291323.7,24.07,-1,-0.0976047535695144,0.998272888169273,0,0.598963732901564,9,1,0.666666666666667,"N1 O10","de-protonated",0,NA,"C15 H15 O10 N1",15,15,10,1,NA,NA,NA,NA,NA,NA,NA
1850,368.099214,368.09857713014,368.098704660879,9117119,NA,282803.7,52.77,-1,-0.346457995151769,0.489227806236292,0.85154837932281,0.634156035470899,8,1.1875,0.5625,"N1 O9","de-protonated",0,NA,"C16 H19 O9 N1",16,19,9,1,NA,NA,NA,NA,NA,NA,NA
1852,368.11227,368.111633095346,368.11145887872,3293636.3,NA,285517,17.68,-1,0.47327140203542,0.960172874825985,0,0.576103724895591,16,0.791666666666667,0.0416666666666667,"N1 S1 O1","de-protonated",0,NA,"C24 H19 O1 S1 N1",24,19,1,1,NA,1,NA,NA,NA,NA,NA
1853,368.120446,368.119809073557,368.119834028979,1690055.6,NA,269718.1,8.02,-1,-0.0677915704954565,0.999166464395142,0,0.599499878637085,3,1.76923076923077,0.846153846153846,"N1 O11","de-protonated",0,NA,"C13 H23 O11 N1",13,23,11,1,NA,NA,NA,NA,NA,NA,NA
1856,368.156822,368.156184976615,368.156219538363,1807318.3,NA,294403.6,8.72,-1,-0.0938779400251785,0.998402158367753,0,0.599041295020652,2,1.92857142857143,0.714285714285714,"N1 O10","de-protonated",0,NA,"C14 H27 O10 N1",14,27,10,1,NA,NA,NA,NA,NA,NA,NA
1861,369.046942,369.046302604459,369.046334734396,11853629,NA,288622.5,69.26,-1,-0.0870620674025127,0.981462051220376,0.964699694280063,0.974757108444251,9,0.933333333333333,0.733333333333333,"O11","de-protonated",0,NA,"C15 H14 O11",15,14,11,NA,NA,NA,NA,NA,NA,NA,NA
1862,369.06212,369.06148056401,369.061590875681,2268994.8,NA,324275.4,11.5,-1,-0.298897727817182,0.983920085918644,0,0.590352051551186,13,0.736842105263158,0.421052631578947,"O8","de-protonated",0,NA,"C19 H14 O8",19,14,8,NA,NA,NA,NA,NA,NA,NA,NA
1863,369.072605,369.071965536067,369.071976111858,1961287.1,NA,328167.3,9.65,-1,-0.0286550903973922,0.99985102100454,0,0.599910612602724,12,0.95,0.15,"S1 P1 O3","de-protonated",0,NA,"C20 H19 O3 S1 P1",20,19,3,NA,1,1,NA,NA,NA,NA,NA
1864,369.07513,369.074490529338,369.074478035303,7233352,NA,292555,41.42,-1,0.0338523422847858,0.997969207784187,0.679404860712493,0.870543468955509,8,1.1875,0.5,"P1 O8","de-protonated",0,NA,"C16 H19 O8 P1",16,19,8,NA,1,NA,NA,NA,NA,NA,NA
1865,369.083228,369.082588507757,369.08272024378,43769676,NA,279051.6,261.59,-1,-0.356928177993305,0.983208805441693,0.995645530353705,0.988183495406498,8,1.125,0.625,"O10","de-protonated",0,NA,"C16 H18 O10",16,18,10,NA,NA,NA,NA,NA,NA,NA,NA
1866,369.094608,369.09396847743,369.093953633072,4093264,NA,196460.7,22.5,-1,0.0402183702416328,0.999706546675793,0,0.599823928005476,8,1.2,0.6,"N2 O9","de-protonated",0,NA,"C15 H18 O9 N2",15,18,9,2,NA,NA,NA,NA,NA,NA,NA
1867,369.111664,369.111024431976,369.110863544687,13991767,NA,292651.1,82.15,-1,0.435877955894877,0.98305328994652,0.807494855573963,0.912829916197497,7,1.35294117647059,0.411764705882353,"P1 O7","de-protonated",0,NA,"C17 H23 O7 P1",17,23,7,NA,1,NA,NA,NA,NA,NA,NA
1868,369.119651,369.11901141069,369.119105753164,50757464,NA,282552.3,303.7,-1,-0.255588162469035,0.973818268916876,0.991014519241173,0.980696769046595,7,1.29411764705882,0.529411764705882,"O9","de-protonated",0,NA,"C17 H22 O9",17,22,9,NA,NA,NA,NA,NA,NA,NA,NA
1869,369.122798,369.122158402304,369.122096933979,2578779.3,NA,303873.5,13.37,-1,0.166525724104344,0.994980917622181,0,0.596988550573309,7,1.4375,0.375,"N2 P1 O6","de-protonated",0,NA,"C16 H23 O6 N2 P1",16,23,6,2,1,NA,NA,NA,NA,NA,NA
1871,369.132616,369.131976376139,369.131859971005,3509087.3,NA,301193.4,18.98,-1,0.315348380199901,0.982117727679097,0,0.589270636607458,15,0.88,0.04,"S1 O1","de-protonated",0,NA,"C25 H22 O1 S1",25,22,1,NA,NA,1,NA,NA,NA,NA,NA
1872,369.147897,369.147257335415,369.147249054071,13799269,NA,275540.1,80.99,-1,0.0224337146176958,0.995328940624801,0.925868474793479,0.967544754292272,6,1.5,0.333333333333333,"P1 O6","de-protonated",0,NA,"C18 H27 O6 P1",18,27,6,NA,1,NA,NA,NA,NA,NA,NA
1873,369.156003,369.155363313813,369.155491262549,18841448,NA,276165.9,111.37,-1,-0.34659848982063,0.977906628385945,0.971752473218949,0.975444966319147,6,1.44444444444444,0.444444444444444,"O8","de-protonated",0,NA,"C18 H26 O8",18,26,8,NA,NA,NA,NA,NA,NA,NA,NA
1874,369.169125,369.168485278843,369.168378422171,3480430,NA,309703.7,18.8,-1,0.289452397699865,0.984912711864671,0,0.590947627118803,1,2.06666666666667,0.533333333333333,"P1 O8","de-protonated",0,NA,"C15 H31 O8 P1",15,31,8,NA,1,NA,NA,NA,NA,NA,NA
1875,369.184357,369.18371723825,369.183634563455,6668148,NA,287431.4,38.01,-1,0.2239394887655,0.995094979716668,0.917932903127766,0.964230149081107,5,1.63157894736842,0.263157894736842,"P1 O5","de-protonated",0,NA,"C19 H31 O5 P1",19,31,5,NA,1,NA,NA,NA,NA,NA,NA
1876,369.192402,369.19176221681,369.191876771933,3430263.3,NA,310597.4,18.5,-1,-0.31028614139351,0.982682281700586,0,0.589609369020351,5,1.57894736842105,0.368421052631579,"O7","de-protonated",0,NA,"C19 H30 O7",19,30,7,NA,NA,NA,NA,NA,NA,NA,NA
1877,370.042048,370.041405952516,370.041583706589,2273997,NA,298151.4,11.53,-1,-0.480362425833349,0.958995465585499,0,0.575397279351299,9,0.928571428571429,0.785714285714286,"N1 O11","de-protonated",0,NA,"C14 H13 O11 N1",14,13,11,1,NA,NA,NA,NA,NA,NA,NA
1879,370.057435,370.05679291151,370.056839847874,1545427.1,NA,321490.2,7.14,-1,-0.126835552632681,0.997085244448745,0,0.598251146669247,13,0.722222222222222,0.444444444444444,"N1 O8","de-protonated",0,NA,"C18 H13 O8 N1",18,13,8,1,NA,NA,NA,NA,NA,NA,NA
1880,370.070392,370.06974987698,370.069727007496,1899224.4,NA,297511.4,9.27,-1,0.0617977703004991,0.999307293955675,0,0.599584376373405,8,1.2,0.533333333333333,"N1 P1 O8","de-protonated",0,NA,"C15 H18 O8 N1 P1",15,18,8,1,1,NA,NA,NA,NA,NA,NA
1883,370.106785,370.106142779993,370.10611251688,2566375,NA,326063.3,13.29,-1,0.0817687464557815,0.998787546493002,0,0.599272527895801,7,1.375,0.4375,"N1 P1 O7","de-protonated",0,NA,"C16 H22 O7 N1 P1",16,22,7,1,1,NA,NA,NA,NA,NA,NA
1886,370.127911,370.127268723692,370.127108943198,10606831,NA,284363.8,61.75,-1,0.431690872316558,0.483375538471799,0.792708917554682,0.607108890104952,15,0.875,0.0416666666666667,"N1 S1 O1","de-protonated",0,NA,"C24 H21 O1 S1 N1",24,21,1,1,NA,1,NA,NA,NA,NA,NA
1891,370.288862,370.28821929476,370.288040063801,1669424.1,NA,321982.7,7.89,-1,0.484031185070542,0.958379998942684,0,0.57502799936561,2,2,0.0952380952380952,"N1 P1 O2","de-protonated",0,NA,"C21 H42 O2 N1 P1",21,42,2,1,1,NA,NA,NA,NA,NA,NA
1893,371.026055,371.025410330152,371.025437098237,1793112.4,NA,287731.4,8.63,-1,-0.0721462272230015,0.999055991273006,0,0.599433594763803,4,1.88888888888889,0.666666666666667,"N4 S2 P1 O6","de-protonated",0,NA,"C9 H17 O6 S2 N4 P1",9,17,6,4,1,2,NA,NA,NA,NA,NA
1894,371.041396,371.040751289268,371.040855430774,3197534.5,NA,294376.4,17.09,-1,-0.280673959802443,0.985807534871271,0,0.591484520922762,13,0.666666666666667,0.5,"O9","de-protonated",0,NA,"C18 H12 O9",18,12,9,NA,NA,NA,NA,NA,NA,NA,NA
1895,371.051942,371.051297261163,371.051240666952,3033698.8,NA,312036.3,16.11,-1,0.152523978356953,0.995787753380447,0,0.597472652028268,12,0.894736842105263,0.210526315789474,"S1 P1 O4","de-protonated",0,NA,"C19 H17 O4 S1 P1",19,17,4,NA,1,1,NA,NA,NA,NA,NA
1896,371.054481,371.053836254397,371.053742590396,5071460,NA,299592.6,28.39,-1,0.252427046874532,0.988504776848581,0,0.593102866109149,8,1.13333333333333,0.6,"P1 O9","de-protonated",0,NA,"C15 H17 O9 P1",15,17,9,NA,1,NA,NA,NA,NA,NA,NA
1897,371.06256,371.061915232866,371.061984798874,18518632,NA,281007.9,109.42,-1,-0.187478130622485,0.496821363058864,0.859523230357577,0.641902109978349,8,1.06666666666667,0.733333333333333,"O11","de-protonated",0,NA,"C15 H16 O11",15,16,11,NA,NA,NA,NA,NA,NA,NA,NA
1898,371.065697,371.065052224506,371.064975979689,1792104.3,NA,292559.1,8.62,-1,0.205475651546812,0.992368461500898,0,0.595421076900539,8,1.21428571428571,0.571428571428571,"N2 P1 O8","de-protonated",0,NA,"C14 H17 O8 N2 P1",14,17,8,2,1,NA,NA,NA,NA,NA,NA
1900,371.07773,371.077085192439,371.077240940159,3486317.3,NA,313137.2,18.83,-1,-0.419717791500667,0.968540916853778,0,0.581124550112267,12,0.842105263157895,0.421052631578947,"O8","de-protonated",0,NA,"C19 H16 O8",19,16,8,NA,NA,NA,NA,NA,NA,NA,NA
1901,371.090804,371.090159157597,371.090128099781,19071602,NA,277972.1,112.75,-1,0.0836934576797447,0.998753773458688,0.870066819288022,0.947278991790422,7,1.3125,0.5,"P1 O8","de-protonated",0,NA,"C16 H21 O8 P1",16,21,8,NA,1,NA,NA,NA,NA,NA,NA
1902,371.098848,371.098203136159,371.098370308258,38134388,NA,277382.2,227.63,-1,-0.450479204370415,0.969656212678973,0.994951907356488,0.979774490549979,7,1.25,0.625,"O10","de-protonated",0,NA,"C16 H20 O10",16,20,10,NA,NA,NA,NA,NA,NA,NA,NA
1903,371.10199,371.101345127786,371.101361489073,2990711,NA,325106.6,15.85,-1,-0.0440884582862234,0.999647363658,0,0.5997884181948,7,1.4,0.466666666666667,"N2 P1 O7","de-protonated",0,NA,"C15 H21 O7 N2 P1",15,21,7,2,1,NA,NA,NA,NA,NA,NA
1905,371.11423,371.113585095167,371.113626449543,3333755.8,NA,289278.4,17.91,-1,-0.111433192893555,0.99774942333341,0,0.598649654000046,11,1,0.35,"O7","de-protonated",0,NA,"C20 H20 O7",20,20,7,NA,NA,NA,NA,NA,NA,NA,NA
1906,371.117536,371.116891086356,371.116997752913,3075709.3,NA,327406.3,16.36,-1,-0.287420294387653,0.985122230918858,0,0.591073338551315,6,1.41176470588235,0.411764705882353,"S1 O7","de-protonated",0,NA,"C17 H24 O7 S1",17,24,7,NA,NA,1,NA,NA,NA,NA,NA
1907,371.127257,371.12661206045,371.126513609165,22065794,NA,283680.4,130.8,-1,0.26527688357245,0.991610051133424,0.903053168126503,0.956187297930656,6,1.47058823529412,0.411764705882353,"P1 O7","de-protonated",0,NA,"C17 H25 O7 P1",17,25,7,NA,1,NA,NA,NA,NA,NA,NA
1908,371.135331,371.134686038933,371.134755817642,23278212,NA,274985,138.1,-1,-0.188014483940274,0.991254628350213,0.988970306972607,0.99034089979917,6,1.41176470588235,0.529411764705882,"O9","de-protonated",0,NA,"C17 H24 O9",17,24,9,NA,NA,NA,NA,NA,NA,NA,NA
1909,371.138473,371.137828030559,371.137746998457,2027141.5,NA,292023.5,10.04,-1,0.218334305331321,0.991387665385194,0,0.594832599231116,6,1.5625,0.375,"N2 P1 O6","de-protonated",0,NA,"C16 H25 O6 N2 P1",16,25,6,2,1,NA,NA,NA,NA,NA,NA
1911,371.148343,371.147698004256,371.147642977264,6605449.5,NA,275831.8,37.63,-1,0.148261730110834,0.996019421920202,0,0.597611653152121,1,2.07142857142857,0.642857142857143,"P1 O9","de-protonated",0,NA,"C14 H29 O9 P1",14,29,9,NA,1,NA,NA,NA,NA,NA,NA
1912,371.163585,371.162939963636,371.162899118549,14303888,NA,279997.3,84.02,-1,0.110046255113369,0.994796688367969,0.934068076635981,0.970505243675174,5,1.61111111111111,0.333333333333333,"P1 O6","de-protonated",0,NA,"C18 H29 O6 P1",18,29,6,NA,1,NA,NA,NA,NA,NA,NA
1915,371.20008,371.199434866378,371.199284627933,5633694.5,NA,289902.8,31.77,-1,0.404737967985094,0.975271653194967,0.90671287164032,0.947848140573108,4,1.73684210526316,0.263157894736842,"P1 O5","de-protonated",0,NA,"C19 H33 O5 P1",19,33,5,NA,1,NA,NA,NA,NA,NA,NA
1916,371.208206,371.207560844722,371.207526836411,2764961.5,NA,301475.9,14.49,-1,0.0916153595728693,0.998478192419363,0,0.599086915451618,4,1.68421052631579,0.368421052631579,"O7","de-protonated",0,NA,"C19 H32 O7",19,32,7,NA,NA,NA,NA,NA,NA,NA,NA
1917,372.065791,372.06514355927,372.0651170838,2385401.8,NA,318959.2,12.2,-1,0.0711581643418005,0.999081659349195,0,0.599448995609517,11,1.05263157894737,0.0526315789473684,"N1 S2 P1 O1","de-protonated",0,NA,"C19 H20 O1 S2 N1 P1",19,20,1,1,1,2,NA,NA,NA,NA,NA
1918,372.073008,372.072360540037,372.072489912352,3052540.8,NA,300443.2,16.22,-1,-0.34770728231279,0.97830166025419,0,0.586980996152514,12,0.833333333333333,0.444444444444444,"N1 O8","de-protonated",0,NA,"C18 H15 O8 N1",18,15,8,1,NA,NA,NA,NA,NA,NA,NA
1919,372.086017,372.085369505369,372.085377071974,3184642,NA,314396.4,17.01,-1,-0.0203356689879781,0.999924966628254,0,0.599954979976952,7,1.33333333333333,0.533333333333333,"N1 P1 O8","de-protonated",0,NA,"C15 H20 O8 N1 P1",15,20,8,1,1,NA,NA,NA,NA,NA,NA
1922,372.109357,372.108709443168,372.108875421736,2327563.3,NA,305348.5,11.85,-1,-0.446048399148716,0.964542984686298,0,0.578725790811779,11,1,0.368421052631579,"N1 O7","de-protonated",0,NA,"C19 H19 O7 N1",19,19,7,1,NA,NA,NA,NA,NA,NA,NA
1923,372.122467,372.12181940823,372.121762581358,2433552.5,NA,281013,12.49,-1,0.152710423225624,0.995777470796082,0,0.597466482477649,6,1.5,0.4375,"N1 P1 O7","de-protonated",0,NA,"C16 H24 O7 N1 P1",16,24,7,1,1,NA,NA,NA,NA,NA,NA
1927,372.151768,372.151120330143,372.151134157935,1569820.3,NA,271480.5,7.28,-1,-0.0371563871887449,0.999749523842653,0,0.599849714305592,1,2.07692307692308,0.846153846153846,"N1 O11","de-protonated",0,NA,"C13 H27 O11 N1",13,27,11,1,NA,NA,NA,NA,NA,NA,NA
1931,372.304344,372.30369592353,372.303690128279,127370328,NA,278789.5,765.38,-1,0.0155659238768564,0.999599600772521,0.996816977108234,0.998486551306806,1,2.0952380952381,0.0952380952380952,"N1 P1 O2","de-protonated",0,NA,"C21 H44 O2 N1 P1",21,44,2,1,1,NA,NA,NA,NA,NA,NA
1938,373.020602,373.019952014713,373.020119985868,3637624.8,NA,276374.4,19.74,-1,-0.450300522245424,0.963876165358031,0,0.578325699214819,13,0.588235294117647,0.588235294117647,"O10","de-protonated",0,NA,"C17 H10 O10",17,10,10,NA,NA,NA,NA,NA,NA,NA,NA
1939,373.03374,373.033089979701,373.03300714549,2229118,NA,309764.6,11.25,-1,0.222055981721074,0.991092877859203,0,0.594655726715522,8,1.07142857142857,0.714285714285714,"P1 O10","de-protonated",0,NA,"C14 H15 O10 P1",14,15,10,NA,1,NA,NA,NA,NA,NA,NA
1940,373.041784,373.041133958263,373.041249353967,3694977.3,NA,307498.6,20.09,-1,-0.309337651305044,0.982787079217607,0,0.589672247530564,8,1,0.857142857142857,"O12","de-protonated",0,NA,"C14 H14 O12",14,14,12,NA,NA,NA,NA,NA,NA,NA,NA
1941,373.057176,373.056525917244,373.056505495252,5774727.5,NA,289865.2,32.62,-1,0.0547423552040966,0.499728197954768,0.836034543948893,0.634250736352418,12,0.777777777777778,0.5,"O9","de-protonated",0,NA,"C18 H14 O9",18,14,9,NA,NA,NA,NA,NA,NA,NA,NA
1942,373.06036,373.059709908759,373.059876798622,3096456.8,NA,265414.8,16.48,-1,-0.447354095033321,0.964338849133236,0,0.578603309479941,7,1.2,0.6,"S1 O9","de-protonated",0,NA,"C15 H18 O9 S1",15,18,9,NA,NA,1,NA,NA,NA,NA,NA
1943,373.070124,373.069473882738,373.069392654874,14873997,NA,281179.4,87.45,-1,0.217728564874128,0.990410074833626,0.945333680026528,0.972379516910787,7,1.26666666666667,0.6,"P1 O9","de-protonated",0,NA,"C15 H19 O9 P1",15,19,9,NA,1,NA,NA,NA,NA,NA,NA
1944,373.078136,373.077485861386,373.077634863352,15500688,NA,273989.9,91.23,-1,-0.399385950573652,0.981551193776459,0.968757003755293,0.976433517767993,7,1.2,0.733333333333333,"O11","de-protonated",0,NA,"C15 H18 O11",15,18,11,NA,NA,NA,NA,NA,NA,NA,NA
1945,373.081312,373.080661852922,373.080626044167,2368401,NA,322771.4,12.09,-1,0.0959812781541223,0.998329817387711,0,0.598997890432627,7,1.35714285714286,0.571428571428571,"N2 P1 O8","de-protonated",0,NA,"C14 H19 O8 N2 P1",14,19,8,2,1,NA,NA,NA,NA,NA,NA
1947,373.093395,373.092744820721,373.092891004637,8041878,NA,273835.9,46.28,-1,-0.391816406160055,0.486264190792479,0.828487690504102,0.623153590677129,11,0.947368421052632,0.421052631578947,"O8","de-protonated",0,NA,"C19 H18 O8",19,18,8,NA,NA,NA,NA,NA,NA,NA,NA
1948,373.096682,373.096031811961,373.095882185451,3058071.3,NA,318804.2,16.25,-1,0.401040367211095,0.971238706842621,0,0.582743224105573,11,1.05555555555556,0.277777777777778,"N2 P1 O5","de-protonated",0,NA,"C18 H19 O5 N2 P1",18,19,5,2,1,NA,NA,NA,NA,NA,NA
1949,373.106498,373.105847785802,373.105778164259,33039772,NA,277769.1,196.92,-1,0.186600012826714,0.996097221190049,0.948502336106413,0.977059267156594,6,1.4375,0.5,"P1 O8","de-protonated",0,NA,"C16 H23 O8 P1",16,23,8,NA,1,NA,NA,NA,NA,NA,NA
1950,373.114612,373.113961764178,373.114020372736,18187678,NA,281102.1,107.42,-1,-0.157079484686346,0.99661796059949,0.971604519070703,0.986612583987975,6,1.375,0.625,"O10","de-protonated",0,NA,"C16 H22 O10",16,22,10,NA,NA,NA,NA,NA,NA,NA,NA
1951,373.117687,373.117036755983,373.117011553551,2829215.8,NA,300577.5,14.87,-1,0.0675456530194682,0.999172498316478,0,0.599503498989887,6,1.53333333333333,0.466666666666667,"N2 P1 O7","de-protonated",0,NA,"C15 H23 O7 N2 P1",15,23,7,2,1,NA,NA,NA,NA,NA,NA
1953,373.1299,373.129249723436,373.129276514021,7523748.5,NA,277947.9,43.16,-1,-0.0717997405691367,0.499532516294383,0.821075868479145,0.628149857168288,10,1.1,0.35,"O7","de-protonated",0,NA,"C20 H22 O7",20,22,7,NA,NA,NA,NA,NA,NA,NA,NA
1954,373.142918,373.142267688743,373.142163673643,22865322,NA,275917.6,135.61,-1,0.278754614434957,0.974931996645161,0.965368704588123,0.971106679822346,5,1.58823529411765,0.411764705882353,"P1 O7","de-protonated",0,NA,"C17 H27 O7 P1",17,27,7,NA,1,NA,NA,NA,NA,NA,NA
1956,373.150915,373.150264667431,373.15040588212,8365485,NA,290171.4,48.23,-1,-0.378439061479314,0.987118422721456,0.993333592823295,0.989604490762192,5,1.52941176470588,0.529411764705882,"O9","de-protonated",0,NA,"C17 H26 O9",17,26,9,NA,NA,NA,NA,NA,NA,NA,NA
1957,373.154092,373.153441658964,373.153397062935,1729710.3,NA,264264.4,8.24,-1,0.119511250504808,0.997411734831517,0,0.59844704089891,5,1.6875,0.375,"N2 P1 O6","de-protonated",0,NA,"C16 H27 O6 N2 P1",16,27,6,2,1,NA,NA,NA,NA,NA,NA
1959,373.166147,373.165496626838,373.165662023405,3219379,NA,277286.7,17.22,-1,-0.443225580680508,0.964982417881423,0,0.578989450728854,9,1.23809523809524,0.285714285714286,"O6","de-protonated",0,NA,"C21 H26 O6",21,26,6,NA,NA,NA,NA,NA,NA,NA,NA
1960,373.179286,373.178635591823,373.178549183027,9043384,NA,285392.6,52.32,-1,0.231548130552277,0.9888614914274,0.911963678036486,0.958102366071034,4,1.72222222222222,0.333333333333333,"P1 O6","de-protonated",0,NA,"C18 H31 O6 P1",18,31,6,NA,1,NA,NA,NA,NA,NA,NA
1961,373.187372,373.186721570274,373.186791391505,4127163.8,NA,304940.4,22.69,-1,-0.187094593466913,0.993668628120104,0,0.596201176872062,4,1.66666666666667,0.444444444444444,"O8","de-protonated",0,NA,"C18 H30 O8",18,30,8,NA,NA,NA,NA,NA,NA,NA,NA
1963,373.215661,373.215010494884,373.214934692412,2139591,NA,294624.4,10.71,-1,0.203106749583352,0.992542759203402,0,0.595525655522041,3,1.84210526315789,0.263157894736842,"P1 O5","de-protonated",0,NA,"C19 H35 O5 P1",19,35,5,NA,1,NA,NA,NA,NA,NA,NA
1964,373.223676,373.223025473524,373.223176900889,1923530.3,NA,315875.7,9.41,-1,-0.405728728426221,0.97057235883216,0,0.582343415299296,3,1.78947368421053,0.368421052631579,"O7","de-protonated",0,NA,"C19 H34 O7",19,34,7,NA,NA,NA,NA,NA,NA,NA,NA
1965,373.288308,373.287657301281,373.28770571118,1779428,NA,268718.3,8.54,-1,-0.129685223471621,0.996953000880463,0,0.598171800528278,1,2.04761904761905,0.142857142857143,"P1 O3","de-protonated",0,NA,"C21 H43 O3 P1",21,43,3,NA,1,NA,NA,NA,NA,NA,NA
1967,374.052382,374.051729265035,374.051754467445,4076310.3,NA,300987.5,22.38,-1,-0.0673768010800622,0.999176628653431,0,0.599505977192059,12,0.764705882352941,0.529411764705882,"N1 O9","de-protonated",0,NA,"C17 H13 O9 N1",17,13,9,1,NA,NA,NA,NA,NA,NA,NA
1968,374.06547,374.064817230155,374.064641627067,2179355.5,NA,312390.6,10.95,-1,0.469445834902234,0.960801399948782,0,0.576480839969269,7,1.28571428571429,0.642857142857143,"N1 P1 O9","de-protonated",0,NA,"C14 H18 O9 N1 P1",14,18,9,1,1,NA,NA,NA,NA,NA,NA
1971,374.088679,374.088026168304,374.08813997683,4255524.5,NA,297646.8,23.46,-1,-0.304229174332318,0.983346179975375,0,0.590007707985225,11,0.944444444444444,0.444444444444444,"N1 O8","de-protonated",0,NA,"C18 H17 O8 N1",18,17,8,1,NA,NA,NA,NA,NA,NA,NA
1973,374.101697,374.101044133611,374.101027136452,3560234,NA,289666.3,19.27,-1,0.0454346768148951,0.999625503829461,0,0.599775302297677,6,1.46666666666667,0.533333333333333,"N1 P1 O8","de-protonated",0,NA,"C15 H22 O8 N1 P1",15,22,8,1,1,NA,NA,NA,NA,NA,NA
1976,374.12521,374.124557070949,374.124525486214,2601267.3,NA,314904.9,13.49,-1,0.0844230543650221,0.998707605330179,0,0.599224563198108,10,1.10526315789474,0.368421052631579,"N1 O7","de-protonated",0,NA,"C19 H21 O7 N1",19,21,7,1,NA,NA,NA,NA,NA,NA,NA
1978,374.138215,374.137562036291,374.137412645836,1964856.5,NA,261091.4,9.66,-1,0.399293013820731,0.971485189626652,0,0.582891113775991,5,1.625,0.4375,"N1 P1 O7","de-protonated",0,NA,"C16 H26 O7 N1 P1",16,26,7,1,1,NA,NA,NA,NA,NA,NA
1984,374.320015,374.319361551797,374.319340192757,6135681.5,NA,285307.2,34.79,-1,0.0570610089949502,0.990794644959979,0.975528997192305,0.984688385852909,0,2.19047619047619,0.0952380952380952,"N1 P1 O2","de-protonated",0,NA,"C21 H46 O2 N1 P1",21,46,2,1,1,NA,NA,NA,NA,NA,NA
1991,375.036306,375.035650642892,375.035770050346,6727840,NA,272044.5,38.36,-1,-0.318389508259288,0.490887169558665,0.843720152817574,0.632020362862229,12,0.705882352941177,0.588235294117647,"O10","de-protonated",0,NA,"C17 H12 O10",17,12,10,NA,NA,NA,NA,NA,NA,NA,NA
1992,375.049314,375.048658608225,375.048524268186,6625445,NA,290891,37.74,-1,0.358193754684532,0.488494264368356,0.785920818505338,0.607464886023149,20,0.48,0.08,"S1 O2","de-protonated",0,NA,"C25 H12 O2 S1",25,12,2,NA,NA,1,NA,NA,NA,NA,NA
1994,375.072753,375.072097545761,375.07215555973,12912815,NA,275892.8,75.63,-1,-0.154674156971833,0.997158083072775,0.984767338792796,0.992201785360784,11,0.888888888888889,0.5,"O9","de-protonated",0,NA,"C18 H16 O9",18,16,9,NA,NA,NA,NA,NA,NA,NA,NA
1995,375.076061,375.075405536945,375.0755268631,3937456,NA,258264.7,21.54,-1,-0.323471265096446,0.981193452048439,0,0.588716071229064,6,1.33333333333333,0.6,"S1 O9","de-protonated",0,NA,"C15 H20 O9 S1",15,20,9,NA,NA,1,NA,NA,NA,NA,NA
1996,375.085831,375.085175510908,375.085042719352,31033524,NA,273872.6,184.83,-1,0.354030528404152,0.981830206354655,0.995430373909532,0.987270273376606,6,1.4,0.6,"P1 O9","de-protonated",0,NA,"C15 H21 O9 P1",15,21,9,NA,1,NA,NA,NA,NA,NA,NA
1997,375.093876,375.093220489468,375.09328492783,5845175,NA,282387.9,33.04,-1,-0.171792895058757,0.994659254195876,0,0.596795552517525,6,1.33333333333333,0.733333333333333,"O11","de-protonated",0,NA,"C15 H20 O11",15,20,11,NA,NA,NA,NA,NA,NA,NA,NA
1999,375.109071,375.108415448974,375.108541069115,19499198,NA,272887,115.32,-1,-0.334890110300172,0.985409264023054,0.990022412532078,0.987254523426663,10,1.05263157894737,0.421052631578947,"O8","de-protonated",0,NA,"C19 H20 O8",19,20,8,NA,NA,NA,NA,NA,NA,NA,NA
2000,375.122112,375.12145641422,375.121428228737,31385794,NA,273797.3,186.95,-1,0.0751369586595248,0.995731892589529,0.973784266220039,0.986952842041733,5,1.5625,0.5,"P1 O8","de-protonated",0,NA,"C16 H25 O8 P1",16,25,8,NA,1,NA,NA,NA,NA,NA,NA
2001,375.130242,375.129586392554,375.129670437214,4673733.5,NA,302663,25.98,-1,-0.22404162371495,0.990933596804064,0,0.594560158082438,5,1.5,0.625,"O10","de-protonated",0,NA,"C16 H24 O10",16,24,10,NA,NA,NA,NA,NA,NA,NA,NA
2003,375.14556,375.144904351731,375.144926578499,15038668,NA,276593,88.44,-1,-0.059248482486299,0.499681624243582,0.821075868479145,0.628239321937807,9,1.2,0.35,"O7","de-protonated",0,NA,"C20 H24 O7",20,24,7,NA,NA,NA,NA,NA,NA,NA,NA
2004,375.158637,375.157981316881,375.157813738121,16144593,NA,276393.3,95.1,-1,0.446688711418309,0.980350464567941,0.947922877147593,0.967379429599802,4,1.70588235294118,0.411764705882353,"P1 O7","de-protonated",0,NA,"C17 H29 O7 P1",17,29,7,NA,1,NA,NA,NA,NA,NA,NA
2005,375.166573,375.165917295732,375.166055946598,2811092.3,NA,297890.8,14.75,-1,-0.369571991254374,0.97552168572826,0,0.585313011436956,4,1.64705882352941,0.529411764705882,"O9","de-protonated",0,NA,"C17 H28 O9",17,28,9,NA,NA,NA,NA,NA,NA,NA,NA
2006,375.176225,375.175569270009,375.175438861069,3246296,NA,284379.9,17.38,-1,0.34759455782246,0.978315573272802,0,0.586989343963681,17,0.857142857142857,0.0357142857142857,"O1","de-protonated",0,NA,"C28 H24 O1",28,24,1,NA,NA,NA,NA,NA,NA,NA,NA
2007,375.181852,375.181196255014,375.181312087883,2936026.3,NA,318478.6,15.51,-1,-0.308738377439524,0.982853132605764,0,0.589711879563458,8,1.33333333333333,0.285714285714286,"O6","de-protonated",0,NA,"C21 H28 O6",21,28,6,NA,NA,NA,NA,NA,NA,NA,NA
2008,375.194861,375.194205220345,375.194199247505,3385567.5,NA,277172.6,18.22,-1,0.0159193282914949,0.999954017421498,0,0.599972410452899,3,1.83333333333333,0.333333333333333,"P1 O6","de-protonated",0,NA,"C18 H33 O6 P1",18,33,6,NA,1,NA,NA,NA,NA,NA,NA
2012,376.031704,376.031045990171,376.031019022539,2062382.1,NA,293666,10.24,-1,0.0717165079996053,0.999067198010212,0,0.599440318806127,12,0.6875,0.625,"N1 O10","de-protonated",0,NA,"C16 H11 O10 N1",16,11,10,1,NA,NA,NA,NA,NA,NA,NA
2013,376.067877,376.06721889377,376.067404531923,5033532.5,NA,267511,28.15,-1,-0.493630000945821,0.956749472290926,0,0.574049683374555,11,0.882352941176471,0.529411764705882,"N1 O9","de-protonated",0,NA,"C17 H15 O9 N1",17,15,9,1,NA,NA,NA,NA,NA,NA,NA
2015,376.080931,376.080272858981,376.080158749764,2638401.8,NA,303264.8,13.71,-1,0.303417276669142,0.983434210230182,0,0.590060526138109,19,0.6,0.04,"N1 S1 O1","de-protonated",0,NA,"C25 H15 O1 S1 N1",25,15,1,1,NA,1,NA,NA,NA,NA,NA
2018,376.104471,376.103812796247,376.103790041308,6185547,NA,283707,35.09,-1,0.0605017564139861,0.499668017202781,0.836034543948893,0.634214627901226,10,1.05555555555556,0.444444444444444,"N1 O8","de-protonated",0,NA,"C18 H19 O8 N1",18,19,8,1,NA,NA,NA,NA,NA,NA,NA
2021,376.115693,376.115034766341,376.1150234306,2981967.8,NA,259105.5,15.78,-1,0.0301390279190324,0.999835192671365,0,0.599901115602819,10,1.11764705882353,0.411764705882353,"N3 O7","de-protonated",0,NA,"C17 H19 O7 N3",17,19,7,3,NA,NA,NA,NA,NA,NA,NA
2023,376.140727,376.140068699626,376.140175550692,3463769.8,NA,278943.1,18.69,-1,-0.284072462862557,0.98546428412078,0,0.591278570472468,9,1.21052631578947,0.368421052631579,"N1 O7","de-protonated",0,NA,"C19 H23 O7 N1",19,23,7,1,NA,NA,NA,NA,NA,NA,NA
2026,376.190283,376.18962456756,376.189448219698,1859693.5,NA,316268.9,9.02,-1,0.468774077651054,0.960911282642549,0,0.576546769585529,3,1.88235294117647,0.352941176470588,"N1 P1 O6","de-protonated",0,NA,"C17 H32 O6 N1 P1",17,32,6,1,1,NA,NA,NA,NA,NA,NA
2034,377.052058,377.051397270942,377.051420114824,13585350,NA,276365.7,79.68,-1,-0.0605855878472483,0.980738544895074,0.992444397165006,0.985420885803047,11,0.823529411764706,0.588235294117647,"O10","de-protonated",0,NA,"C17 H14 O10",17,14,10,NA,NA,NA,NA,NA,NA,NA,NA
2035,377.061336,377.060675246216,377.060803029294,4321225.5,NA,278823.1,23.85,-1,-0.338892499569253,0.489688295368642,0.766236582456902,0.600307610203946,24,0.357142857142857,0.0714285714285714,"O2","de-protonated",0,NA,"C28 H10 O2",28,10,2,NA,NA,NA,NA,NA,NA,NA,NA
2036,377.063404,377.062743240705,377.062653504116,4471754.5,NA,294929,24.76,-1,0.237988535893863,0.989775638553378,0,0.593865383132027,11,0.875,0.5625,"N2 O9","de-protonated",0,NA,"C16 H14 O9 N2",16,14,9,2,NA,NA,NA,NA,NA,NA,NA
2037,377.065083,377.064422236231,377.064307274446,11486155,NA,282067.5,67.03,-1,0.304886414484428,0.985007092259726,0.985267494021651,0.985111252964496,6,1.35714285714286,0.714285714285714,"P1 O10","de-protonated",0,NA,"C14 H19 O10 P1",14,19,10,NA,1,NA,NA,NA,NA,NA,NA
2039,377.088323,377.087662174296,377.087805624208,26512340,NA,274045.1,157.58,-1,-0.380415144181136,0.985460127386815,0.974562070731547,0.981100904724708,10,1,0.5,"O9","de-protonated",0,NA,"C18 H18 O9",18,18,9,NA,NA,NA,NA,NA,NA,NA,NA
2040,377.099653,377.098992144102,377.099039013501,6608857,NA,282088.8,37.64,-1,-0.124289360874479,0.498600466744678,0.843720152817574,0.636648341173836,10,1.05882352941176,0.470588235294118,"N2 O8","de-protonated",0,NA,"C17 H18 O8 N2",17,18,8,2,NA,NA,NA,NA,NA,NA,NA
2041,377.101341,377.100680139604,377.100559842049,24693722,NA,272179.7,146.62,-1,0.319006566637246,0.327234758871575,0.752981363979126,0.497533400914595,18,0.692307692307692,0.0384615384615385,"S1 O1","de-protonated",0,NA,"C26 H18 O1 S1",26,18,1,NA,NA,1,NA,NA,NA,NA,NA
2042,377.124791,377.12413007711,377.124191133593,34909156,NA,273287.3,208.18,-1,-0.161900202408247,0.980125097112548,0.986950036514929,0.9828550728735,9,1.15789473684211,0.421052631578947,"O8","de-protonated",0,NA,"C19 H22 O8",19,22,8,NA,NA,NA,NA,NA,NA,NA,NA
2043,377.136116,377.135455046929,377.135424522885,5230567.5,NA,305020.9,29.33,-1,0.0809365599425756,0.998812085369342,0,0.599287251221605,9,1.22222222222222,0.388888888888889,"N2 O7","de-protonated",0,NA,"C18 H22 O7 N2",18,22,7,2,NA,NA,NA,NA,NA,NA,NA
2044,377.137835,377.137174042348,377.137078293215,18287592,NA,272283.2,108.01,-1,0.253884167188098,0.992972743807151,0.805409784785897,0.917947560198649,4,1.6875,0.5,"P1 O8","de-protonated",0,NA,"C16 H27 O8 P1",16,27,8,NA,1,NA,NA,NA,NA,NA,NA
2046,377.161081,377.160419980397,377.160576642977,16305137,NA,267337.9,96.07,-1,-0.415373687385617,0.982994956077189,0.968866673864686,0.977343643192188,8,1.3,0.35,"O7","de-protonated",0,NA,"C20 H26 O7",20,26,7,NA,NA,NA,NA,NA,NA,NA,NA
2047,377.174102,377.173440945697,377.173463802599,11025399,NA,266842.4,64.25,-1,-0.0606005048415946,0.992371632510375,0.963408308832949,0.980786303039405,3,1.82352941176471,0.411764705882353,"P1 O7","de-protonated",0,NA,"C17 H31 O7 P1",17,31,7,NA,1,NA,NA,NA,NA,NA,NA
2048,377.197511,377.196849883312,377.196962152361,2894848,NA,297341.7,15.25,-1,-0.297640385351356,0.984054002695452,0,0.590432401617271,7,1.42857142857143,0.285714285714286,"O6","de-protonated",0,NA,"C21 H30 O6",21,30,6,NA,NA,NA,NA,NA,NA,NA,NA
2049,377.210622,377.209960848371,377.209849311983,2306053,NA,329232.3,11.71,-1,0.295687899852558,0.98426087448704,0,0.590556524692224,2,1.94444444444444,0.333333333333333,"P1 O6","de-protonated",0,NA,"C18 H35 O6 P1",18,35,6,NA,1,NA,NA,NA,NA,NA,NA
2050,377.220203,377.219541822838,377.219428930946,2528777,NA,229332.8,13.05,-1,0.299273801244921,0.983879925042575,0,0.590327955025545,7,1.57894736842105,0.210526315789474,"N4 O4","de-protonated",0,NA,"C19 H30 O4 N4",19,30,4,4,NA,NA,NA,NA,NA,NA,NA
2051,377.258168,377.257506721662,377.25746821066,2133016,NA,295468.1,10.66,-1,0.102081483917468,0.99811097694648,0,0.598866586167888,1,2.16666666666667,0.222222222222222,"N2 P1 O4","de-protonated",0,NA,"C18 H39 O4 N2 P1",18,39,4,2,1,NA,NA,NA,NA,NA,NA
2053,378.047191,378.046527618927,378.046669087017,3519827,NA,319025.4,19.02,-1,-0.374208004738049,0.974911525232949,0,0.584946915139769,11,0.8125,0.625,"N1 O10","de-protonated",0,NA,"C16 H13 O10 N1",16,13,10,1,NA,NA,NA,NA,NA,NA,NA
2056,378.083647,378.082983521773,378.083054596401,7603553.5,NA,286924.6,43.63,-1,-0.187986813705332,0.49680414582992,0.843720152817574,0.635570548624981,10,1,0.529411764705882,"N1 O9","de-protonated",0,NA,"C17 H17 O9 N1",17,17,9,1,NA,NA,NA,NA,NA,NA,NA
2058,378.096662,378.095998487088,378.095941756023,2689382.8,NA,289480.9,14.01,-1,0.150044097871527,0.995923336002451,0,0.597554001601471,5,1.57142857142857,0.642857142857143,"N1 P1 O9","de-protonated",0,NA,"C14 H22 O9 N1 P1",14,22,9,1,1,NA,NA,NA,NA,NA,NA
2060,378.114402,378.113738439811,378.113566878971,1700461.9,NA,291937.9,8.05,-1,0.453728336788533,0.963334348405838,0,0.578000609043503,18,0.68,0.12,"N1 O3","de-protonated",0,NA,"C25 H17 O3 N1",25,17,3,1,NA,NA,NA,NA,NA,NA,NA
2061,378.120008,378.119344424871,378.119440105786,6526320,NA,273801.8,37.14,-1,-0.253044156098413,0.494224414797852,0.836034543948893,0.630948466458268,9,1.16666666666667,0.444444444444444,"N1 O8","de-protonated",0,NA,"C18 H21 O8 N1",18,21,8,1,NA,NA,NA,NA,NA,NA,NA
2064,378.13287,378.132206390594,378.132327265408,1965941.3,NA,208333.9,9.65,-1,-0.319662734148717,0.981629630232529,0,0.588977778139517,4,1.73333333333333,0.533333333333333,"N1 P1 O8","de-protonated",0,NA,"C15 H26 O8 N1 P1",15,26,8,1,1,NA,NA,NA,NA,NA,NA
2066,378.156386,378.155722327924,378.15582561517,2983294.5,NA,274134.5,15.78,-1,-0.273134085843592,0.986554729676068,0,0.591932837805641,8,1.31578947368421,0.368421052631579,"N1 O7","de-protonated",0,NA,"C19 H25 O7 N1",19,25,7,1,NA,NA,NA,NA,NA,NA,NA
2070,378.205635,378.204971196676,378.205098284176,3077522.3,NA,302720.9,16.35,-1,-0.336027992547654,0.979720213741167,0,0.5878321282447,2,2,0.352941176470588,"N1 P1 O6","de-protonated",0,NA,"C17 H34 O6 N1 P1",17,34,6,1,1,NA,NA,NA,NA,NA,NA
2071,378.232561,378.231897124919,378.231967937309,2913693,NA,287499.2,15.37,-1,-0.187219472848211,0.993660200199198,0,0.596196120119519,1,2.05555555555556,0.277777777777778,"N1 S1 O5","de-protonated",0,NA,"C18 H37 O5 S1 N1",18,37,5,1,NA,1,NA,NA,NA,NA,NA
2072,378.242129,378.24146509942,378.24148379356,6768033,NA,268052.6,38.59,-1,-0.0494238230911359,0.499778435455973,0.836034543948893,0.634280878853141,1,2.11111111111111,0.277777777777778,"N1 P1 O5","de-protonated",0,NA,"C18 H38 O5 N1 P1",18,38,5,1,1,NA,NA,NA,NA,NA,NA
2077,379.031171,379.030504996635,379.030684669918,7235291.5,NA,283319.7,41.41,-1,-0.474033607296554,0.480023543792958,0.85154837932281,0.628633478004899,11,0.75,0.6875,"O11","de-protonated",0,NA,"C16 H12 O11",16,12,11,NA,NA,NA,NA,NA,NA,NA,NA
2078,379.067662,379.066995899387,379.067070179302,22228714,NA,273791.3,131.76,-1,-0.195954544453679,0.989015198426261,0.992798655644102,0.990528581313398,10,0.941176470588235,0.588235294117647,"O10","de-protonated",0,NA,"C17 H16 O10",17,16,10,NA,NA,NA,NA,NA,NA,NA,NA
2079,379.078926,379.078259869369,379.078303568594,5722862.5,NA,265387.5,32.29,-1,-0.115277569988986,0.997591648004898,0,0.598554988802939,10,1,0.5625,"N2 O9","de-protonated",0,NA,"C16 H16 O9 N2",16,16,9,2,NA,NA,NA,NA,NA,NA,NA
2080,379.080691,379.080024864665,379.079957338924,14147311,NA,271370.8,83.06,-1,0.178130601762968,0.975864533210633,0.997221552799436,0.984407341046154,5,1.5,0.714285714285714,"P1 O10","de-protonated",0,NA,"C14 H21 O10 P1",14,21,10,NA,1,NA,NA,NA,NA,NA,NA
2081,379.103961,379.103294802651,379.103455688686,51515128,NA,270867.2,308.24,-1,-0.424385568714632,0.973200007862232,0.987071563290204,0.978748630033421,9,1.11111111111111,0.5,"O9","de-protonated",0,NA,"C18 H20 O9",18,20,9,NA,NA,NA,NA,NA,NA,NA,NA
2082,379.115235,379.114568772606,379.114689077979,6064893,NA,245705.5,34.35,-1,-0.317332396945435,0.490947031374346,0.843720152817574,0.632056279951637,9,1.17647058823529,0.470588235294118,"N2 O8","de-protonated",0,NA,"C17 H20 O8 N2",17,20,8,2,NA,NA,NA,NA,NA,NA,NA
2083,379.116981,379.116314767953,379.116209906527,13639422,NA,267494.4,80,-1,0.276594413907856,0.493107135035557,0.779247987650237,0.607563476081429,17,0.769230769230769,0.0384615384615385,"S1 O1","de-protonated",0,NA,"C26 H20 O1 S1",26,20,1,NA,NA,1,NA,NA,NA,NA,NA
2084,379.140395,379.139728705555,379.139841198071,43200264,NA,272184.6,258.14,-1,-0.296704550068338,0.982667918270794,0.985843228527645,0.983938042373534,8,1.26315789473684,0.421052631578947,"O8","de-protonated",0,NA,"C19 H24 O8",19,24,8,NA,NA,NA,NA,NA,NA,NA,NA
2085,379.153481,379.152814670681,379.152728357693,11222796,NA,273631.3,65.44,-1,0.227647018068332,0.989181321126801,0.9459361766387,0.971883263331561,3,1.8125,0.5,"P1 O8","de-protonated",0,NA,"C16 H29 O8 P1",16,29,8,NA,1,NA,NA,NA,NA,NA,NA
2087,379.176737,379.176070608704,379.176226707455,13045526,NA,273098.3,76.42,-1,-0.41167863431757,0.484858115342228,0.821075868479145,0.619345216596995,7,1.4,0.35,"O7","de-protonated",0,NA,"C20 H28 O7",20,28,7,NA,NA,NA,NA,NA,NA,NA,NA
2088,379.189775,379.189108573958,379.189113867077,4611866.5,NA,281763.2,25.6,-1,-0.0139590486095023,0.999964644434342,0,0.599978786660605,2,1.94117647058824,0.411764705882353,"P1 O7","de-protonated",0,NA,"C17 H33 O7 P1",17,33,7,NA,1,NA,NA,NA,NA,NA,NA
2089,379.226225,379.225558476819,379.225499376461,2425129.3,NA,307255.7,12.42,-1,0.155844893869271,0.995602737664908,0,0.597361642598945,1,2.05555555555556,0.333333333333333,"P1 O6","de-protonated",0,NA,"C18 H37 O6 P1",18,37,6,NA,1,NA,NA,NA,NA,NA,NA
2090,379.237481,379.236814446822,379.236732765754,2365229.8,NA,323670.2,12.06,-1,0.215382797213195,0.991617967702796,0,0.594970780621678,1,2.17647058823529,0.294117647058824,"N2 P1 O5","de-protonated",0,NA,"C17 H37 O5 N2 P1",17,37,5,2,1,NA,NA,NA,NA,NA,NA
2092,380.062906,380.062237247076,380.062319151495,6531190.5,NA,278172.6,37.16,-1,-0.215502601758028,0.495804339754663,0.85154837932281,0.638101955581922,10,0.9375,0.625,"N1 O10","de-protonated",0,NA,"C16 H15 O10 N1",16,15,10,1,NA,NA,NA,NA,NA,NA,NA
2094,380.074336,380.073667216616,380.073552540787,1852795.1,NA,286252.8,8.97,-1,0.301720094753028,0.983617493142374,0,0.590170495885424,10,1,0.6,"N3 O9","de-protonated",0,NA,"C15 H15 O9 N3",15,15,9,3,NA,NA,NA,NA,NA,NA,NA
2096,380.091219,380.090550171623,380.090462452402,1626753.9,NA,309439.2,7.61,-1,0.230785114096372,0.990382271064106,0,0.594229362638463,9,1.17647058823529,0.411764705882353,"N1 P1 O7","de-protonated",0,NA,"C17 H20 O7 N1 P1",17,20,7,1,1,NA,NA,NA,NA,NA,NA
2097,380.099208,380.098539150332,380.098704660879,9769093,NA,271545.4,56.67,-1,-0.43544096637765,0.483090411913675,0.843720152817574,0.627342308275235,9,1.11764705882353,0.529411764705882,"N1 O9","de-protonated",0,NA,"C17 H19 O9 N1",17,19,9,1,NA,NA,NA,NA,NA,NA,NA
2099,380.110574,380.109905120042,380.109938050172,1949065.5,NA,243752,9.55,-1,-0.0866331724293464,0.998639098850365,0,0.599183459310219,9,1.1875,0.5,"N3 O8","de-protonated",0,NA,"C16 H19 O8 N3",16,19,8,3,NA,NA,NA,NA,NA,NA,NA
2101,380.135725,380.135056053015,380.135090170264,5775507.5,NA,281686.4,32.61,-1,-0.0897503275202549,0.499269738214018,0.836034543948893,0.633975660507968,8,1.27777777777778,0.444444444444444,"N1 O8","de-protonated",0,NA,"C18 H23 O8 N1",18,23,8,1,NA,NA,NA,NA,NA,NA,NA
2103,380.148696,380.148027018447,380.147977329886,1945240.8,NA,287473.9,9.52,-1,0.130708472926887,0.996904802771,0,0.5981428816626,3,1.86666666666667,0.533333333333333,"N1 P1 O8","de-protonated",0,NA,"C15 H28 O8 N1 P1",15,28,8,1,1,NA,NA,NA,NA,NA,NA
2105,380.185044,380.18437492158,380.18436283927,12120231,NA,268390.8,70.84,-1,0.0317801351525685,0.978862346894874,0.995945837587885,0.985695743172078,2,2,0.4375,"N1 P1 O7","de-protonated",0,NA,"C16 H32 O7 N1 P1",16,32,7,1,1,NA,NA,NA,NA,NA,NA
2106,380.221321,380.220651824903,380.220748348654,2184373.8,NA,306439,10.62,-1,-0.253862399594901,0.988374441721598,0,0.593024665032959,1,2.11764705882353,0.352941176470588,"N1 P1 O6","de-protonated",0,NA,"C17 H36 O6 N1 P1",17,36,6,1,1,NA,NA,NA,NA,NA,NA
2110,381.046943,381.046271624632,381.046334734396,13427198,NA,273566.1,76.24,-1,-0.16562228202618,0.997481468114427,0.993225691763418,0.995779157574024,10,0.875,0.6875,"O11","de-protonated",0,NA,"C16 H14 O11",16,14,11,NA,NA,NA,NA,NA,NA,NA,NA
2111,381.059938,381.059266590001,381.059088952236,2531843.5,NA,238005.3,12.65,-1,0.466168554247375,0.961336110559467,0,0.57680166633568,18,0.583333333333333,0.125,"S1 O3","de-protonated",0,NA,"C24 H14 O3 S1",24,14,3,NA,NA,1,NA,NA,NA,NA,NA
2112,381.083185,381.082513528048,381.082558052528,46256652,NA,270152.3,267.84,-1,-0.116836835309261,0.665675812340933,0.926630606056794,0.770057729827278,4,1.91666666666667,0.333333333333333,"N4 S2 P1 O4","de-protonated",0,NA,"C12 H23 O4 S2 N4 P1",12,23,4,4,1,2,NA,NA,NA,NA,NA
2113,381.094491,381.093819497917,381.093953633072,5829137.5,NA,269664,31.89,-1,-0.351973978111484,0.97777187371255,0,0.58666312422753,9,1.125,0.5625,"N2 O9","de-protonated",0,NA,"C16 H18 O9 N2",16,18,9,2,NA,NA,NA,NA,NA,NA,NA
2114,381.096294,381.095622493112,381.09547446162,4871698,NA,284086.5,26.3,-1,0.388436761898637,0.486496912315671,0.785920818505338,0.606266474791538,17,0.72,0.08,"S1 O2","de-protonated",0,NA,"C25 H18 O2 S1",25,18,2,NA,NA,1,NA,NA,NA,NA,NA
2115,381.111657,381.11098545217,381.110863544687,9966104,NA,285656.4,56.04,-1,0.319874070909319,0.986079033139662,0.674766928821024,0.861554191412207,8,1.27777777777778,0.388888888888889,"P1 O7","de-protonated",0,NA,"C18 H23 O7 P1",18,23,7,NA,1,NA,NA,NA,NA,NA,NA
2116,381.119695,381.119023430749,381.119105753164,64508444,NA,268695,374.37,-1,-0.216001806173732,0.494628934983297,0.949868235761864,0.676724655294724,8,1.22222222222222,0.5,"O9","de-protonated",0,NA,"C18 H22 O9",18,22,9,NA,NA,NA,NA,NA,NA,NA,NA
2117,381.132732,381.132060396006,381.131992912786,7647776.5,NA,269854.7,42.5,-1,0.177059970359287,0.497163845016833,0.859523230357577,0.642107599153131,3,1.8,0.6,"P1 O9","de-protonated",0,NA,"C15 H27 O9 P1",15,27,9,NA,1,NA,NA,NA,NA,NA,NA
2118,381.147935,381.14726335549,381.147249054071,9425447,NA,286969.5,52.88,-1,0.0375220307177675,0.995062048651464,0.842032166097532,0.933850095629891,7,1.42105263157895,0.315789473684211,"P1 O6","de-protonated",0,NA,"C19 H27 O6 P1",19,27,6,NA,1,NA,NA,NA,NA,NA,NA
2119,381.155957,381.155285334111,381.155329071296,28987946,NA,272761,167.05,-1,-0.114748979154534,0.665798560874651,0.927917829923809,0.770646268494314,2,2.21428571428571,0.142857142857143,"N4 S2 P1 O2","de-protonated",0,NA,"C14 H31 O2 S2 N4 P1",14,31,2,4,1,2,NA,NA,NA,NA,NA
2120,381.169037,381.168365299253,381.168378422171,6322735,NA,282847.8,34.77,-1,-0.0344281370014558,0.499892476305945,0.85154837932281,0.640554837512691,2,1.9375,0.5,"P1 O8","de-protonated",0,NA,"C16 H31 O8 P1",16,31,8,NA,1,NA,NA,NA,NA,NA,NA
2123,381.192494,381.191822236741,381.191876771933,6480440.5,NA,271992.7,35.69,-1,-0.14306493733786,0.49814653642517,0.821075868479145,0.62731826924676,6,1.5,0.35,"O7","de-protonated",0,NA,"C20 H30 O7",20,30,7,NA,NA,NA,NA,NA,NA,NA,NA
2124,381.205533,381.204861201992,381.204763931555,2397245.5,NA,319672.1,11.86,-1,0.255165848940775,0.988255458633807,0,0.592953275180284,1,2.05882352941176,0.411764705882353,"P1 O7","de-protonated",0,NA,"C17 H35 O7 P1",17,35,7,NA,1,NA,NA,NA,NA,NA,NA
2126,382.042349,382.04167497189,382.041583706589,2268554.3,NA,272999.1,11.11,-1,0.238888395851037,0.989698573954561,0,0.593819144372737,10,0.866666666666667,0.733333333333333,"N1 O11","de-protonated",0,NA,"C15 H13 O11 N1",15,13,11,1,NA,NA,NA,NA,NA,NA,NA
2130,382.091574,382.090899840706,382.090723433813,2249630,NA,196491.3,11,-1,0.461688498724076,0.962061476816056,0,0.577236886089633,17,0.708333333333333,0.0833333333333333,"N1 S1 O2","de-protonated",0,NA,"C24 H17 O2 S1 N1",24,17,2,1,NA,1,NA,NA,NA,NA,NA
2131,382.106929,382.106254799785,382.10611251688,1788324,NA,244864.8,8.3,-1,0.372364901973287,0.975154966963199,0,0.58509298017792,8,1.29411764705882,0.411764705882353,"N1 P1 O7","de-protonated",0,NA,"C17 H22 O7 N1 P1",17,22,7,1,1,NA,NA,NA,NA,NA,NA
2134,382.128001,382.127326743628,382.127241884979,2793900.5,NA,284076.3,14.17,-1,0.222069090834234,0.991091830859501,0,0.594655098515701,3,1.85714285714286,0.642857142857143,"N1 P1 O9","de-protonated",0,NA,"C14 H26 O9 N1 P1",14,26,9,1,1,NA,NA,NA,NA,NA,NA
2143,383.026172,383.025495350016,383.025599289489,3019537.5,NA,283008.1,15.49,-1,-0.271364299626727,0.986727246075435,0,0.592036347645261,10,0.8,0.8,"O12","de-protonated",0,NA,"C15 H12 O12",15,12,12,NA,NA,NA,NA,NA,NA,NA,NA
2144,383.041497,383.040820309175,383.040855430774,1652247.5,NA,249394.6,7.51,-1,-0.0916915227147735,0.998475663031184,0,0.599085397818711,14,0.631578947368421,0.473684210526316,"O9","de-protonated",0,NA,"C19 H12 O9",19,12,9,NA,NA,NA,NA,NA,NA,NA,NA
2145,383.052091,383.051414280942,383.051240666952,2855707.8,NA,251711.3,14.53,-1,0.453239598021267,0.963411833303113,0,0.578047099981868,13,0.85,0.2,"S1 P1 O4","de-protonated",0,NA,"C20 H17 O4 S1 P1",20,17,4,NA,1,1,NA,NA,NA,NA,NA
2146,383.05449,383.053813274549,383.053742590396,3287324.8,NA,269562.4,17.05,-1,0.184528029963183,0.993840611764304,0,0.596304367058583,9,1.0625,0.5625,"P1 O9","de-protonated",0,NA,"C16 H17 O9 P1",16,17,9,NA,1,NA,NA,NA,NA,NA,NA
2147,383.062544,383.061867253085,383.061984798874,24311072,NA,264924.3,139.75,-1,-0.306858402234101,0.981076808191331,0.992848910026191,0.985785648925275,9,1,0.6875,"O11","de-protonated",0,NA,"C16 H16 O11",16,16,11,NA,NA,NA,NA,NA,NA,NA,NA
2149,383.077709,383.077032212671,383.077078748906,2486053.8,NA,246785.5,12.37,-1,-0.121480084099827,0.997325869066164,0,0.598395521439698,8,1.4,0.133333333333333,"N4 S2 P1 O2","de-protonated",0,NA,"C15 H21 O2 S2 N4 P1",15,21,2,4,1,2,NA,NA,NA,NA,NA
2150,383.090808,383.090131177762,383.090128099781,11777323,NA,276934.5,66.6,-1,0.00803461388351369,0.999386986811283,0.751493218652777,0.900229479547881,8,1.23529411764706,0.470588235294118,"P1 O8","de-protonated",0,NA,"C17 H21 O8 P1",17,21,8,NA,1,NA,NA,NA,NA,NA,NA
2151,383.098868,383.098191156282,383.098370308258,59069744,NA,266407.6,342.62,-1,-0.46763961888224,0.641285861649689,0.974315852380816,0.77449785794214,8,1.17647058823529,0.588235294117647,"O10","de-protonated",0,NA,"C17 H20 O10",17,20,10,NA,NA,NA,NA,NA,NA,NA,NA
2152,383.110126,383.10944912628,383.10960369755,3504946.8,NA,196528.3,18.32,-1,-0.403464880899945,0.97089502508443,0,0.582537015050658,8,1.25,0.5625,"N2 O9","de-protonated",0,NA,"C16 H20 O9 N2",16,20,9,2,NA,NA,NA,NA,NA,NA,NA
2153,383.127325,383.126648080445,383.126513609165,19510586,NA,271412.4,111.74,-1,0.350984009129661,0.988925813949747,0.893893250365354,0.95091278851599,7,1.38888888888889,0.388888888888889,"P1 O7","de-protonated",0,NA,"C18 H25 O7 P1",18,25,7,NA,1,NA,NA,NA,NA,NA,NA
2154,383.135344,383.134667059074,383.134755817642,41325884,NA,270322.2,239.06,-1,-0.231664099544715,0.991110516392085,0.990448129270113,0.990845561543296,7,1.33333333333333,0.5,"O9","de-protonated",0,NA,"C18 H24 O9",18,24,9,NA,NA,NA,NA,NA,NA,NA,NA
2156,383.148247,383.147570024688,383.147510035483,3526978,NA,269033.6,18.45,-1,0.156569476763742,0.995561844561469,0,0.597337106736881,15,0.923076923076923,0.0384615384615385,"S1 O1","de-protonated",0,NA,"C26 H24 O1 S1",26,24,1,NA,NA,1,NA,NA,NA,NA,NA
2157,383.163551,383.162873983903,383.162899118549,13657416,NA,269947.2,77.57,-1,-0.0655978080476997,0.999379494481794,0.965493537239979,0.985825111585068,6,1.52631578947368,0.315789473684211,"P1 O6","de-protonated",0,NA,"C19 H29 O6 P1",19,29,6,NA,1,NA,NA,NA,NA,NA,NA
2158,383.171615,383.170937962412,383.170979135774,11822411,NA,279135,66.86,-1,-0.107454280630881,0.989488303379601,0.942461956714155,0.970677764713423,1,2.35714285714286,0.142857142857143,"N4 S2 P1 O2","de-protonated",0,NA,"C14 H33 O2 S2 N4 P1",14,33,2,4,1,2,NA,NA,NA,NA,NA
2159,383.184683,383.184005927586,383.184028486649,1986896.4,NA,326530.2,9.46,-1,-0.0588726578118629,0.999371298412873,0,0.599622779047724,1,2.0625,0.5,"P1 O8","de-protonated",0,NA,"C16 H33 O8 P1",16,33,8,NA,1,NA,NA,NA,NA,NA,NA
2160,383.20825,383.207572864781,383.207526836411,3204441.8,NA,295590.4,16.57,-1,0.120113428475087,0.997385620493338,0,0.598431372296003,5,1.6,0.35,"O7","de-protonated",0,NA,"C20 H32 O7",20,32,7,NA,NA,NA,NA,NA,NA,NA,NA
2163,384.057923,384.057243600415,384.057233771067,3046571,NA,284699.5,15.64,-1,0.0255934457035276,0.999881153734468,0,0.59992869224068,9,1,0.733333333333333,"N1 O11","de-protonated",0,NA,"C15 H15 O11 N1",15,15,11,1,NA,NA,NA,NA,NA,NA,NA
2165,384.086065,384.085385525417,384.085377071974,2594998.3,NA,285303.3,13.01,-1,0.0220092810250757,0.999912108585561,0,0.599947265151337,8,1.25,0.5,"N1 P1 O8","de-protonated",0,NA,"C16 H20 O8 N1 P1",16,20,8,1,1,NA,NA,NA,NA,NA,NA
2168,384.107218,384.106538469044,384.106373498291,2816190.8,NA,226887.3,14.3,-1,0.429492359861854,0.967083252437459,0,0.580249951462475,16,0.791666666666667,0.0833333333333333,"N1 S1 O2","de-protonated",0,NA,"C24 H19 O2 S1 N1",24,19,2,1,NA,1,NA,NA,NA,NA,NA
2169,384.12235,384.121670428718,384.121762581358,1633988.8,NA,332302.2,7.4,-1,-0.239904762605068,0.989611189136606,0,0.593766713481964,7,1.41176470588235,0.411764705882353,"N1 P1 O7","de-protonated",0,NA,"C17 H24 O7 N1 P1",17,24,7,1,1,NA,NA,NA,NA,NA,NA
2181,385.020689,385.020007034657,385.020119985868,2268201.3,NA,257743.9,11.1,-1,-0.293364436828339,0.984505334384715,0,0.590703200630829,14,0.555555555555556,0.555555555555556,"O10","de-protonated",0,NA,"C18 H10 O10",18,10,10,NA,NA,NA,NA,NA,NA,NA,NA
2182,385.031023,385.030341007117,385.030505222046,1814317.3,NA,234617.4,8.45,-1,-0.426498487539541,0.967533054109186,0,0.580519832465512,13,0.789473684210526,0.263157894736842,"S1 P1 O5","de-protonated",0,NA,"C19 H15 O5 S1 P1",19,15,5,NA,1,1,NA,NA,NA,NA,NA
2183,385.033615,385.03293300021,385.032874203708,2246702.3,NA,274339.8,10.97,-1,0.152705146427554,0.995777761987007,0,0.597466657192204,22,0.384615384615385,0.0769230769230769,"S1 O2","de-protonated",0,NA,"C26 H10 O2 S1",26,10,2,NA,NA,1,NA,NA,NA,NA,NA
2184,385.041722,385.041039978605,385.041087162715,6346801.5,NA,269504.6,34.9,-1,-0.122543053348206,0.997278930221112,0,0.598367358132667,4,1.9,0.6,"N4 S2 P1 O6","de-protonated",0,NA,"C10 H19 O6 S2 N4 P1",10,19,6,4,1,2,NA,NA,NA,NA,NA
2185,385.057033,385.056350937801,385.056505495252,3058743.5,NA,287868.7,15.71,-1,-0.401389014167913,0.971189405188751,0,0.58271364311325,13,0.736842105263158,0.473684210526316,"O9","de-protonated",0,NA,"C19 H14 O9",19,14,9,NA,NA,NA,NA,NA,NA,NA,NA
2187,385.070186,385.069503902749,385.069392654874,9377853,NA,264803.6,52.59,-1,0.288903445406092,0.988282944267942,0.795366806787045,0.911116489275583,8,1.1875,0.5625,"P1 O9","de-protonated",0,NA,"C16 H19 O9 P1",16,19,9,NA,1,NA,NA,NA,NA,NA,NA
2188,385.078265,385.077582881218,385.077634863352,29620288,NA,267021.1,170.74,-1,-0.134991307928613,0.98697511350469,0.979901106177989,0.98414551057401,8,1.125,0.6875,"O11","de-protonated",0,NA,"C16 H18 O11",16,18,11,NA,NA,NA,NA,NA,NA,NA,NA
2189,385.08139,385.08070787289,385.080626044167,2687041.3,NA,281439,13.54,-1,0.212497637980701,0.99184011399715,0,0.59510406839829,8,1.26666666666667,0.533333333333333,"N2 P1 O8","de-protonated",0,NA,"C15 H19 O8 N2 P1",15,19,8,2,1,NA,NA,NA,NA,NA,NA
2191,385.093502,385.092819840612,385.092891004637,3652678,NA,290566.7,19.18,-1,-0.184797036044921,0.993822695909418,0,0.596293617545651,12,0.9,0.4,"O8","de-protonated",0,NA,"C20 H18 O8",20,18,8,NA,NA,NA,NA,NA,NA,NA,NA
2192,385.106457,385.105774806087,385.105778164259,24569932,NA,267703.6,141.26,-1,-0.00872012815522435,0.990703256570274,0.91552505832348,0.960631977271556,7,1.35294117647059,0.470588235294118,"P1 O8","de-protonated",0,NA,"C17 H23 O8 P1",17,23,8,NA,1,NA,NA,NA,NA,NA,NA
2193,385.11448,385.113797784706,385.113858181484,37541968,NA,264595.9,216.97,-1,-0.15682836846918,0.6627798931612,0.926630606056794,0.768320178319438,2,2.25,0.333333333333333,"N4 S2 P1 O4","de-protonated",0,NA,"C12 H27 O4 S2 N4 P1",12,27,4,4,1,2,NA,NA,NA,NA,NA
2194,385.117733,385.117050776036,385.117011553551,1801807.6,NA,272988.3,8.38,-1,0.101845632456399,0.998119687547149,0,0.598871812528289,7,1.4375,0.4375,"N2 P1 O7","de-protonated",0,NA,"C16 H23 O7 N2 P1",16,23,7,2,1,NA,NA,NA,NA,NA,NA
2195,385.124223,385.123540758741,385.123403287206,6410322,NA,252016,35.27,-1,0.356954506454633,0.488572824573865,0.766236582456902,0.59963832772708,20,0.642857142857143,0.0714285714285714,"O2","de-protonated",0,NA,"C28 H18 O2",28,18,2,NA,NA,NA,NA,NA,NA,NA,NA
2196,385.12973,385.129047744065,385.129114322769,2789460.5,NA,270680.5,14.14,-1,-0.172873723391125,0.994592023218963,0,0.596755213931378,6,1.6875,0.0625,"N4 S2 P1 O1","de-protonated",0,NA,"C16 H27 O1 S2 N4 P1",16,27,1,4,1,2,NA,NA,NA,NA,NA
2197,385.142938,385.142255708866,385.142163673643,22866010,NA,266629.8,131.31,-1,0.238964287517904,0.991917946434962,0.937903187125328,0.970312042711108,6,1.5,0.388888888888889,"P1 O7","de-protonated",0,NA,"C18 H27 O7 P1",18,27,7,NA,1,NA,NA,NA,NA,NA,NA
2198,385.151033,385.150350687292,385.15040588212,17717340,NA,270314.8,101.27,-1,-0.143307204131588,0.983235289872892,0.992547315593926,0.986960100161306,6,1.44444444444444,0.5,"O9","de-protonated",0,NA,"C18 H26 O9",18,26,9,NA,NA,NA,NA,NA,NA,NA,NA
2200,385.164096,385.16341365248,385.163293041742,3436642,NA,283658.7,17.92,-1,0.313141827572459,0.982364891458032,0,0.589418934874819,1,2.06666666666667,0.6,"P1 O9","de-protonated",0,NA,"C15 H31 O9 P1",15,31,9,NA,1,NA,NA,NA,NA,NA,NA
2201,385.179259,385.178576612071,385.178549183027,12003432,NA,269184.1,67.92,-1,0.071211243571831,0.995172422898632,0.951499009066686,0.977703057365854,5,1.63157894736842,0.315789473684211,"P1 O6","de-protonated",0,NA,"C19 H31 O6 P1",19,31,6,NA,1,NA,NA,NA,NA,NA,NA
2202,385.18728,385.186597590695,385.186629200252,4615275.5,NA,276988.5,24.8,-1,-0.0820629668818774,0.998778810830621,0,0.599267286498373,0,2.5,0.142857142857143,"N4 S2 P1 O2","de-protonated",0,NA,"C14 H35 O2 S2 N4 P1",14,35,2,4,1,2,NA,NA,NA,NA,NA
2203,385.223854,385.223171493226,385.223176900889,2164857.8,NA,324145.6,10.49,-1,-0.0140377413234769,0.999964244691083,0,0.59997854681465,4,1.7,0.35,"O7","de-protonated",0,NA,"C20 H34 O7",20,34,7,NA,NA,NA,NA,NA,NA,NA,NA
2205,386.052331,386.051646285347,386.051754467445,2724802.3,NA,291394.2,13.76,-1,-0.280226932023017,0.985852386320828,0,0.591511431792497,13,0.722222222222222,0.5,"N1 O9","de-protonated",0,NA,"C18 H13 O9 N1",18,13,9,1,NA,NA,NA,NA,NA,NA,NA
2206,386.065293,386.064608250803,386.064508685286,2075591.4,NA,235239.9,9.97,-1,0.257898654403375,0.988004068347426,0,0.592802441008455,21,0.5,0.0384615384615385,"N1 S1 O1","de-protonated",0,NA,"C26 H13 O1 S1 N1",26,13,1,1,NA,1,NA,NA,NA,NA,NA
2209,386.088712,386.088027188392,386.08813997683,1611728.6,NA,301780.2,7.26,-1,-0.292131319795618,0.984634316174091,0,0.590780589704454,12,0.894736842105263,0.421052631578947,"N1 O8","de-protonated",0,NA,"C19 H17 O8 N1",19,17,8,1,NA,NA,NA,NA,NA,NA,NA
2210,386.10183,386.101145153432,386.101027136452,3183573.8,NA,250444.4,16.44,-1,0.305663472985134,0.983190110207274,0,0.589914066124364,7,1.375,0.5,"N1 P1 O8","de-protonated",0,NA,"C16 H22 O8 N1 P1",16,22,8,1,1,NA,NA,NA,NA,NA,NA
2213,386.138248,386.137563056379,386.137412645836,1896932.3,NA,222994.7,8.93,-1,0.389525951685493,0.972844237970057,0,0.583706542782034,6,1.52941176470588,0.411764705882353,"N1 P1 O7","de-protonated",0,NA,"C17 H26 O7 N1 P1",17,26,7,1,1,NA,NA,NA,NA,NA,NA
2224,387.036263,387.035575663182,387.035607859094,3618632,NA,255192.9,18.98,-1,-0.0831859161307045,0.998745181788398,0,0.599247109073039,8,1.30769230769231,0.307692307692308,"N4 S2 P1 O4","de-protonated",0,NA,"C13 H17 O4 S2 N4 P1",13,17,4,4,1,2,NA,NA,NA,NA,NA
2225,387.049489,387.048801627935,387.048657209968,4033357.3,NA,257414,21.4,-1,0.373126128834298,0.975054560508341,0,0.585032736305005,8,1.13333333333333,0.666666666666667,"P1 O10","de-protonated",0,NA,"C15 H17 O10 P1",15,17,10,NA,1,NA,NA,NA,NA,NA,NA
2226,387.057543,387.056855606471,387.056899418445,7967568.5,NA,266147.8,44.36,-1,-0.113192592845234,0.498838938784576,0.859523230357577,0.643112655413776,8,1.06666666666667,0.8,"O12","de-protonated",0,NA,"C15 H16 O12",15,16,12,NA,NA,NA,NA,NA,NA,NA,NA
2228,387.072775,387.072087565878,387.07215555973,5573462.5,NA,263227.5,30.38,-1,-0.175661956215148,0.49720833034707,0.828487690504102,0.629720074409883,12,0.842105263157895,0.473684210526316,"O9","de-protonated",0,NA,"C19 H16 O9",19,16,9,NA,NA,NA,NA,NA,NA,NA,NA
2229,387.085762,387.085074531268,387.084909777571,20978524,NA,262799,120.29,-1,0.42562676360911,0.965055399269832,0.965040055566066,0.965049261788326,20,0.592592592592593,0.037037037037037,"S1 O1","de-protonated",0,NA,"C27 H16 O1 S1",27,16,1,NA,NA,1,NA,NA,NA,NA,NA
2230,387.093812,387.093124509815,387.09328492783,16227167,NA,266952.1,92.56,-1,-0.414416940246241,0.983444811792502,0.970976125577567,0.978457337306528,7,1.25,0.6875,"O11","de-protonated",0,NA,"C16 H20 O11",16,20,11,NA,NA,NA,NA,NA,NA,NA,NA
2231,387.096852,387.096164501713,387.096276108645,3148640,NA,255556,16.23,-1,-0.28831827650882,0.985029821424671,0,0.591017892854803,7,1.4,0.533333333333333,"N2 P1 O8","de-protonated",0,NA,"C15 H21 O8 N2 P1",15,21,8,2,1,NA,NA,NA,NA,NA,NA
2232,387.103486,387.102798484034,387.1026678423,7701346.5,NA,252658.5,42.8,-1,0.337486007312387,0.98894301433722,0.954499920882865,0.975165776955478,20,0.592592592592593,0.111111111111111,"O3","de-protonated",0,NA,"C27 H16 O3",27,16,3,NA,NA,NA,NA,NA,NA,NA,NA
2233,387.109046,387.108358469217,387.108541069115,7213925,NA,265026.8,39.96,-1,-0.471702064581337,0.977179374914003,0.93773328314468,0.961400938206274,11,1,0.4,"O8","de-protonated",0,NA,"C20 H20 O8",20,20,8,NA,NA,NA,NA,NA,NA,NA,NA
2234,387.112232,387.111544460726,387.111532249929,1602406.1,NA,385896.6,7.21,-1,0.0315433550677767,0.999819477892656,0,0.599891686735594,11,1.10526315789474,0.263157894736842,"N2 P1 O5","de-protonated",0,NA,"C19 H21 O5 N2 P1",19,21,5,2,1,NA,NA,NA,NA,NA,NA
2235,387.122168,387.121480434247,387.121428228737,29768554,NA,264090.9,171.6,-1,0.134855645344549,0.997151074267736,0.95169349960729,0.978968044403558,6,1.47058823529412,0.470588235294118,"P1 O8","de-protonated",0,NA,"C17 H25 O8 P1",17,25,8,NA,1,NA,NA,NA,NA,NA,NA
2236,387.13023,387.129542412762,387.129670437214,12655469,NA,265902.3,71.72,-1,-0.330701731852488,0.990048659973673,0.983919850767436,0.987597136291178,6,1.41176470588235,0.588235294117647,"O10","de-protonated",0,NA,"C17 H24 O10",17,24,10,NA,NA,NA,NA,NA,NA,NA,NA
2238,387.145517,387.144829372022,387.144926578499,4569971.5,NA,283737.2,24.53,-1,-0.251085498789949,0.988625941449253,0,0.593175564869552,10,1.14285714285714,0.333333333333333,"O7","de-protonated",0,NA,"C21 H24 O7",21,24,7,NA,NA,NA,NA,NA,NA,NA,NA
2239,387.158556,387.157868337273,387.157813738121,18332536,NA,264127.4,104.85,-1,0.141025572402882,0.99588291513443,0.974228768237932,0.987221256375831,5,1.61111111111111,0.388888888888889,"P1 O7","de-protonated",0,NA,"C18 H29 O7 P1",18,29,7,NA,1,NA,NA,NA,NA,NA,NA
2240,387.166557,387.165869315951,387.166055946598,5384059.5,NA,284270.5,29.28,-1,-0.482042898228196,0.958714083748957,0,0.575228450249374,5,1.55555555555556,0.5,"O9","de-protonated",0,NA,"C18 H28 O9",18,28,9,NA,NA,NA,NA,NA,NA,NA,NA
2241,387.176242,387.17555429014,387.175438861069,2882943.5,NA,256454.2,14.68,-1,0.298131182734805,0.984001793950676,0,0.590401076370405,18,0.827586206896552,0.0344827586206897,"O1","de-protonated",0,NA,"C29 H24 O1",29,24,1,NA,NA,NA,NA,NA,NA,NA,NA
2242,387.194896,387.194208240428,387.194199247505,7551879,NA,270451.4,41.93,-1,0.0232258708356571,0.992786551392679,0.942769901301481,0.9727798913562,4,1.73684210526316,0.315789473684211,"P1 O6","de-protonated",0,NA,"C19 H33 O6 P1",19,33,6,NA,1,NA,NA,NA,NA,NA,NA
2243,387.202989,387.20230121886,387.202441455983,2990474,NA,259194.2,15.31,-1,-0.362180367923167,0.976479558540823,0,0.585887735124494,4,1.68421052631579,0.421052631578947,"O8","de-protonated",0,NA,"C19 H32 O8",19,32,8,NA,NA,NA,NA,NA,NA,NA,NA
2245,388.031607,388.030917010605,388.031019022539,1707730,NA,298625.7,7.82,-1,-0.262896337930789,0.987537574882188,0,0.592522544929313,13,0.647058823529412,0.588235294117647,"N1 O10","de-protonated",0,NA,"C17 H11 O10 N1",17,11,10,1,NA,NA,NA,NA,NA,NA,NA
2247,388.080921,388.080230879184,388.080158749764,2559717.5,NA,204438.5,12.79,-1,0.185862169466562,0.993751504763115,0,0.596250902857869,20,0.576923076923077,0.0384615384615385,"N1 S1 O1","de-protonated",0,NA,"C26 H15 O1 S1 N1",26,15,1,1,NA,1,NA,NA,NA,NA,NA
2250,388.104485,388.103794816386,388.103790041308,3288303,NA,287972.9,17.04,-1,0.0123036125212826,0.999972532878122,0,0.599983519726873,11,1,0.421052631578947,"N1 O8","de-protonated",0,NA,"C19 H19 O8 N1",19,19,8,1,NA,NA,NA,NA,NA,NA,NA
2253,388.117342,388.116651782123,388.11667720093,2770676,NA,202220.8,14.02,-1,-0.0654926946101103,0.999222016197814,0,0.599533209718688,6,1.5,0.5,"N1 P1 O8","de-protonated",0,NA,"C16 H24 O8 N1 P1",16,24,8,1,1,NA,NA,NA,NA,NA,NA
2256,388.140721,388.140030719818,388.140175550692,1606141.3,NA,280477.9,7.23,-1,-0.373140641340633,0.975052644405365,0,0.585031586643219,10,1.15,0.35,"N1 O7","de-protonated",0,NA,"C20 H23 O7 N1",20,23,7,1,NA,NA,NA,NA,NA,NA,NA
2259,388.299429,388.298738296863,388.298604747851,2297660,NA,328096.8,11.26,-1,0.343933793844824,0.978765057299887,0,0.587259034379932,1,2.0952380952381,0.142857142857143,"N1 P1 O3","de-protonated",0,NA,"C21 H44 O3 N1 P1",21,44,3,1,1,NA,NA,NA,NA,NA,NA
2266,389.051935,389.051242291446,389.051420114824,7388773.5,NA,268343.1,40.97,-1,-0.457069088745261,0.979490137783309,0.976433576640819,0.978267513326313,12,0.777777777777778,0.555555555555556,"O10","de-protonated",0,NA,"C18 H14 O10",18,14,10,NA,NA,NA,NA,NA,NA,NA,NA
2267,389.065084,389.064391256404,389.064307274446,10888811,NA,260801.2,61.4,-1,0.215856238821192,0.995540752660403,0.990167806438455,0.993391574171623,7,1.26666666666667,0.666666666666667,"P1 O10","de-protonated",0,NA,"C15 H19 O10 P1",15,19,10,NA,1,NA,NA,NA,NA,NA,NA
2268,389.073189,389.072496234804,389.072549482923,4382318,NA,281421,23.43,-1,-0.136859100408253,0.99660715983508,0,0.597964295901048,7,1.2,0.8,"O12","de-protonated",0,NA,"C15 H18 O12",15,18,12,NA,NA,NA,NA,NA,NA,NA,NA
2270,389.088449,389.087756194137,389.087805624208,13426292,NA,266654.1,76.21,-1,-0.127040917127372,0.985829642510458,0.992853519080163,0.98863919313834,11,0.947368421052632,0.473684210526316,"O9","de-protonated",0,NA,"C19 H18 O9",19,18,9,NA,NA,NA,NA,NA,NA,NA,NA
2271,389.10145,389.100757159489,389.10069278383,29376122,NA,263538.2,169.3,-1,0.16544729945572,0.997310615606778,0.97801411638481,0.989592015917991,6,1.4375,0.5625,"P1 O9","de-protonated",0,NA,"C16 H23 O9 P1",16,23,9,NA,1,NA,NA,NA,NA,NA,NA
2272,389.109526,389.108833137967,389.108934992308,4943484.5,NA,265593.6,26.7,-1,-0.261763048252604,0.987644123854507,0,0.592586474312704,6,1.375,0.6875,"O11","de-protonated",0,NA,"C16 H22 O11",16,22,11,NA,NA,NA,NA,NA,NA,NA,NA
2273,389.119132,389.118439112367,389.118317906778,9277056,NA,265275.8,52,-1,0.311487748525846,0.491274536514891,0.772687513667176,0.603839727375805,19,0.666666666666667,0.111111111111111,"O3","de-protonated",0,NA,"C27 H18 O3",27,18,3,NA,NA,NA,NA,NA,NA,NA,NA
2274,389.12467,389.123977097608,389.12402894234,14704258,NA,267128.6,83.67,-1,-0.133234465802213,0.655984814444725,0.928544651443954,0.765008749244416,5,1.8,0.133333333333333,"N4 S2 P1 O2","de-protonated",0,NA,"C15 H27 O2 S2 N4 P1",15,27,2,4,1,2,NA,NA,NA,NA,NA
2275,389.137812,389.137119062585,389.137078293215,22318728,NA,266491.4,128.11,-1,0.104768660243105,0.987415580175229,0.934816177207297,0.966375818988056,5,1.58823529411765,0.470588235294118,"P1 O8","de-protonated",0,NA,"C17 H27 O8 P1",17,27,8,NA,1,NA,NA,NA,NA,NA,NA
2276,389.145914,389.145221040993,389.145320501692,4499083,NA,281335.9,24.11,-1,-0.255587549125224,0.988216837090916,0,0.59293010225455,5,1.52941176470588,0.588235294117647,"O10","de-protonated",0,NA,"C17 H26 O10",17,26,10,NA,NA,NA,NA,NA,NA,NA,NA
2278,389.161229,389.160536000179,389.160576642977,7171729,NA,263472.8,39.71,-1,-0.104437089309828,0.49901143855033,0.813795485951173,0.624925057510667,9,1.23809523809524,0.333333333333333,"O7","de-protonated",0,NA,"C21 H26 O7",21,26,7,NA,NA,NA,NA,NA,NA,NA,NA
2279,389.174246,389.173552965489,389.173463802599,9905814,NA,257661.8,55.66,-1,0.229108349433994,0.994877738155646,0.957526038821988,0.979937058422183,4,1.72222222222222,0.388888888888889,"P1 O7","de-protonated",0,NA,"C18 H31 O7 P1",18,31,7,NA,1,NA,NA,NA,NA,NA,NA
2280,389.191933,389.191239918353,389.191088925547,2775709,NA,265328.2,14.05,-1,0.387965734294037,0.97305839177944,0,0.583835035067664,17,0.896551724137931,0.0344827586206897,"O1","de-protonated",0,NA,"C29 H26 O1",29,26,1,NA,NA,NA,NA,NA,NA,NA,NA
2282,389.210668,389.209974868425,389.209849311983,3313316.5,NA,290817.1,17.19,-1,0.322593176505903,0.981294457541971,0,0.588776674525182,3,1.84210526315789,0.315789473684211,"P1 O6","de-protonated",0,NA,"C19 H35 O6 P1",19,35,6,NA,1,NA,NA,NA,NA,NA,NA
2285,390.047377,390.046681638608,390.046669087017,2829807.3,NA,268286.1,14.36,-1,0.0321797148788138,0.999812121358457,0,0.599887272815074,12,0.764705882352941,0.588235294117647,"N1 O10","de-protonated",0,NA,"C17 H13 O10 N1",17,13,10,1,NA,NA,NA,NA,NA,NA,NA
2289,390.083649,390.082953541943,390.083054596401,4887549.5,NA,275285.5,26.37,-1,-0.259058825755464,0.987896554131693,0,0.592737932479016,11,0.944444444444444,0.5,"N1 O9","de-protonated",0,NA,"C18 H17 O9 N1",18,17,9,1,NA,NA,NA,NA,NA,NA,NA
2291,390.096683,390.095987507208,390.095808814242,2397698.8,NA,234179.2,11.84,-1,0.458074560239531,0.962641899458656,0,0.577585139675194,19,0.653846153846154,0.0384615384615385,"N1 S1 O1","de-protonated",0,NA,"C26 H17 O1 S1 N1",26,17,1,1,NA,1,NA,NA,NA,NA,NA
2293,390.120059,390.119363444911,390.119440105786,4251660,NA,274423.8,22.66,-1,-0.196506163468791,0.993017907306997,0,0.595810744384198,10,1.10526315789474,0.421052631578947,"N1 O8","de-protonated",0,NA,"C19 H21 O8 N1",19,21,8,1,NA,NA,NA,NA,NA,NA,NA
2296,390.131281,390.130585415005,390.130673495078,1836816.4,NA,226885.9,8.57,-1,-0.225770694821434,0.990793763076247,0,0.594476257845748,10,1.16666666666667,0.388888888888889,"N3 O7","de-protonated",0,NA,"C18 H21 O7 N3",18,21,7,3,NA,NA,NA,NA,NA,NA,NA
2303,391.031264,391.030566016563,391.030684669918,5456244,NA,282409,29.69,-1,-0.303437451695576,0.9834320255015,0,0.5900592153009,12,0.705882352941177,0.647058823529412,"O11","de-protonated",0,NA,"C17 H12 O11",17,12,11,NA,NA,NA,NA,NA,NA,NA,NA
2305,391.067719,391.067020919411,391.067070179302,14553474,NA,268026.5,82.79,-1,-0.125962768646686,0.989019977796576,0.977702861452952,0.984493131259126,11,0.888888888888889,0.555555555555556,"O10","de-protonated",0,NA,"C18 H16 O10",18,16,10,NA,NA,NA,NA,NA,NA,NA,NA
2306,391.080697,391.079998884825,391.079824397142,14225799,NA,248816.4,80.87,-1,0.446168970301337,0.971310573472306,0.951046194532507,0.963204821896386,19,0.615384615384615,0.0769230769230769,"S1 O2","de-protonated",0,NA,"C26 H16 O2 S1",26,16,2,NA,NA,1,NA,NA,NA,NA,NA
2307,391.098428,391.097729837572,391.097582461872,9650574,NA,265814.2,54.17,-1,0.376825904589869,0.984469530980535,0.942020512950202,0.967489923768402,19,0.615384615384615,0.153846153846154,"O4","de-protonated",0,NA,"C26 H16 O4",26,16,4,NA,NA,NA,NA,NA,NA,NA,NA
2308,391.104012,391.103313822691,391.103455688686,28918160,NA,259571.5,166.62,-1,-0.362732656601369,0.9861975350804,0.981424253352175,0.98428822238911,10,1.05263157894737,0.473684210526316,"O9","de-protonated",0,NA,"C19 H20 O9",19,20,9,NA,NA,NA,NA,NA,NA,NA,NA
2309,391.117154,391.116455787668,391.116342848308,23396758,NA,259514.4,134.4,-1,0.28876154457435,0.981311906742071,0.965774089707555,0.975096779928265,5,1.5625,0.5625,"P1 O9","de-protonated",0,NA,"C16 H25 O9 P1",16,25,9,NA,1,NA,NA,NA,NA,NA,NA
2310,391.12524,391.124541766119,391.124585056786,1873817,NA,156715.7,8.78,-1,-0.110682551884901,0.997779608495669,0,0.598667765097401,5,1.5,0.6875,"O11","de-protonated",0,NA,"C16 H24 O11",16,24,11,NA,NA,NA,NA,NA,NA,NA,NA
2312,391.140497,391.139798725459,391.139841198071,25207198,NA,262706.5,144.97,-1,-0.108586769616466,0.9938566615537,0.992525156212822,0.993324059417349,9,1.2,0.4,"O8","de-protonated",0,NA,"C20 H24 O8",20,24,8,NA,NA,NA,NA,NA,NA,NA,NA
2313,391.153461,391.15276269091,391.152728357693,14750116,NA,259820.1,83.93,-1,0.087774454461999,0.990763098819268,0.93988596706728,0.970412246118473,4,1.70588235294118,0.470588235294118,"P1 O8","de-protonated",0,NA,"C17 H29 O8 P1",17,29,8,NA,1,NA,NA,NA,NA,NA,NA
2314,391.171182,391.170483643684,391.17035348064,3659179,NA,271896.6,19.2,-1,0.332752833152334,0.490054834896411,0.766236582456902,0.600527533920607,17,0.857142857142857,0.0714285714285714,"O2","de-protonated",0,NA,"C28 H24 O2",28,24,2,NA,NA,NA,NA,NA,NA,NA,NA
2315,391.176701,391.176002628976,391.176064516203,6611373.5,NA,281878.9,36.43,-1,-0.158208113076804,0.497734335989887,0.85154837932281,0.639259953323056,3,2.0625,0.0625,"N4 S2 P1 O1","de-protonated",0,NA,"C16 H33 O1 S2 N4 P1",16,33,1,4,1,2,NA,NA,NA,NA,NA
2316,391.189931,391.189232593718,391.189113867077,5577138.5,NA,260416.4,30.4,-1,0.303501904314222,0.491712522533145,0.836034543948893,0.629441331099444,3,1.83333333333333,0.388888888888889,"P1 O7","de-protonated",0,NA,"C18 H33 O7 P1",18,33,7,NA,1,NA,NA,NA,NA,NA,NA
2317,391.226333,391.225634496707,391.225499376461,1783744.9,NA,288990.8,8.26,-1,0.345376889181699,0.978588411577995,0,0.587153046946797,2,1.94736842105263,0.315789473684211,"P1 O6","de-protonated",0,NA,"C19 H37 O6 P1",19,37,6,NA,1,NA,NA,NA,NA,NA,NA
2320,392.062948,392.06224726714,392.062319151495,4902667,NA,281532,26.46,-1,-0.18334930694925,0.993918810989517,0,0.59635128659371,11,0.882352941176471,0.588235294117647,"N1 O10","de-protonated",0,NA,"C17 H15 O10 N1",17,15,10,1,NA,NA,NA,NA,NA,NA,NA
2322,392.075868,392.075167232709,392.075073369335,2052880.1,NA,194563.9,9.83,-1,0.239401532651461,0.989654501067512,0,0.593792700640507,19,0.6,0.08,"N1 S1 O2","de-protonated",0,NA,"C25 H15 O2 S1 N1",25,15,2,1,NA,1,NA,NA,NA,NA,NA
2324,392.099343,392.098642170148,392.098704660879,6255385.5,NA,280238.8,34.35,-1,-0.159374999887373,0.497700868513881,0.836034543948893,0.633034338687886,10,1.05555555555556,0.5,"N1 O9","de-protonated",0,NA,"C18 H19 O9 N1",18,19,9,1,NA,NA,NA,NA,NA,NA,NA
2327,392.11071,392.110009139855,392.109938050172,2106654,NA,200270.5,10.14,-1,0.181300387690733,0.994053562882728,0,0.596432137729637,10,1.11764705882353,0.470588235294118,"N3 O8","de-protonated",0,NA,"C17 H19 O8 N3",17,19,8,3,NA,NA,NA,NA,NA,NA,NA
2330,392.135699,392.13499807326,392.135090170264,5124904,NA,276241.9,27.75,-1,-0.234860398432508,0.495020658741605,0.828487690504102,0.628407471446604,9,1.21052631578947,0.421052631578947,"N1 O8","de-protonated",0,NA,"C19 H23 O8 N1",19,23,8,1,NA,NA,NA,NA,NA,NA,NA
2333,392.172045,392.171343976399,392.171475679648,1831222.1,NA,272923.5,8.53,-1,-0.335830771754338,0.979743769212893,0,0.587846261527736,8,1.35,0.35,"N1 O7","de-protonated",0,NA,"C20 H27 O7 N1",20,27,7,1,NA,NA,NA,NA,NA,NA,NA
2334,392.211736,392.211034870623,392.210852369847,1630021.8,NA,283054,7.36,-1,0.465312916269456,0.961475145757733,0,0.57688508745464,7,1.6,0.15,"N3 P1 O3","de-protonated",0,NA,"C20 H32 O3 N3 P1",20,32,3,3,1,NA,NA,NA,NA,NA,NA
2335,392.221428,392.220726844794,392.220748348654,7224137.5,NA,260758.1,40.01,-1,-0.0548259130287636,0.499727367799657,0.836034543948893,0.634250238259351,2,2,0.333333333333333,"N1 P1 O6","de-protonated",0,NA,"C18 H36 O6 N1 P1",18,36,6,1,1,NA,NA,NA,NA,NA,NA
2336,392.257791,392.257089747887,392.257133858038,2383192,NA,305562.6,11.75,-1,-0.112452133921072,0.997708124193606,0,0.598624874516164,1,2.10526315789474,0.263157894736842,"N1 P1 O5","de-protonated",0,NA,"C19 H40 O5 N1 P1",19,40,5,1,1,NA,NA,NA,NA,NA,NA
2338,393.010632,393.009928741576,393.009949225011,1650816.9,NA,330211.8,7.48,-1,-0.0521193800913363,0.999507228836371,0,0.599704337301823,12,0.625,0.75,"O12","de-protonated",0,NA,"C16 H10 O12",16,10,12,NA,NA,NA,NA,NA,NA,NA,NA
2339,393.046979,393.046275644712,393.046334734396,13374607,NA,260529.9,75.9,-1,-0.15033770357219,0.997171685441883,0.979383158323036,0.990056274594344,11,0.823529411764706,0.647058823529412,"O11","de-protonated",0,NA,"C17 H14 O11",17,14,11,NA,NA,NA,NA,NA,NA,NA,NA
2340,393.060022,393.059318609953,393.059221894018,4554900.5,NA,253548.5,24.43,-1,0.24605944800289,0.989074267718575,0,0.593444560631145,6,1.35714285714286,0.785714285714286,"P1 O11","de-protonated",0,NA,"C14 H19 O11 P1",14,19,11,NA,1,NA,NA,NA,NA,NA,NA
2341,393.083271,393.082567547995,393.08272024378,33752220,NA,261027.9,194.83,-1,-0.388457129967492,0.969662646617503,0.989011290749343,0.977402104270239,10,1,0.555555555555556,"O10","de-protonated",0,NA,"C18 H18 O10",18,18,10,NA,NA,NA,NA,NA,NA,NA,NA
2342,393.08648,393.085776539443,393.085711424595,2264222.8,NA,258181.1,11.06,-1,0.16565050807404,0.995033406084865,0,0.597020043650919,10,1.11764705882353,0.411764705882353,"N2 P1 O7","de-protonated",0,NA,"C17 H19 O7 N2 P1",17,19,7,2,1,NA,NA,NA,NA,NA,NA
2343,393.096312,393.095608513241,393.09547446162,12094627,NA,231024.3,68.43,-1,0.341015424756867,0.489560061875012,0.779247987650237,0.605435232185102,18,0.692307692307692,0.0769230769230769,"S1 O2","de-protonated",0,NA,"C26 H18 O2 S1",26,18,2,NA,NA,1,NA,NA,NA,NA,NA
2344,393.119778,393.119074450704,393.119105753164,54617260,NA,264717.2,316.61,-1,-0.0796258942513475,0.665982369975525,0.980931160966717,0.791961886372001,9,1.15789473684211,0.473684210526316,"O9","de-protonated",0,NA,"C19 H22 O9",19,22,9,NA,NA,NA,NA,NA,NA,NA,NA
2345,393.132839,393.132135415897,393.131992912786,16016561,NA,254012.7,91.32,-1,0.362481591047325,0.980423985160277,0.963319622255687,0.973582239998441,4,1.6875,0.5625,"P1 O9","de-protonated",0,NA,"C16 H27 O9 P1",16,27,9,NA,1,NA,NA,NA,NA,NA,NA
2346,393.156075,393.155371353973,393.155491262549,28411066,NA,261268.4,163.66,-1,-0.304990209342465,0.984689115576511,0.985030745916547,0.984825767712525,8,1.3,0.4,"O8","de-protonated",0,NA,"C20 H26 O8",20,26,8,NA,NA,NA,NA,NA,NA,NA,NA
2347,393.169084,393.168380319304,393.168378422171,9774271,NA,255768.7,54.89,-1,0.00482524457800887,0.99512117195268,0.987035824615762,0.991887033017913,3,1.82352941176471,0.470588235294118,"P1 O8","de-protonated",0,NA,"C17 H31 O8 P1",17,31,8,NA,1,NA,NA,NA,NA,NA,NA
2349,393.192504,393.19180025689,393.191876771933,5908680.5,NA,267786.3,32.33,-1,-0.194599754323591,0.496576130682236,0.813795485951173,0.623463872789811,7,1.42857142857143,0.333333333333333,"O7","de-protonated",0,NA,"C21 H30 O7",21,30,7,NA,NA,NA,NA,NA,NA,NA,NA
2350,393.20561,393.204906221963,393.204763931555,4385998,NA,254928.4,23.44,-1,0.361873560842452,0.976518919169825,0,0.585911351501895,2,1.94444444444444,0.388888888888889,"P1 O7","de-protonated",0,NA,"C18 H35 O7 P1",18,35,7,NA,1,NA,NA,NA,NA,NA,NA
2351,393.216822,393.216118192083,393.215997320847,4663506,NA,250948,25.06,-1,0.307391450905575,0.983001142686698,0,0.589800685612019,2,2.05882352941176,0.352941176470588,"N2 P1 O6","de-protonated",0,NA,"C17 H35 O6 N2 P1",17,35,6,2,1,NA,NA,NA,NA,NA,NA
2352,393.278339,393.277635028141,393.277534950324,4891882.5,NA,263985.5,26.39,-1,0.254471229268939,0.494159469914439,0.821075868479145,0.624926029340322,0,2.15,0.25,"P1 O5","de-protonated",0,NA,"C20 H43 O5 P1",20,43,5,NA,1,NA,NA,NA,NA,NA,NA
2353,394.042219,394.041512992412,394.041583706589,2660375.5,NA,270616.2,13.37,-1,-0.179458664692007,0.994173411034912,0,0.596504046620947,11,0.8125,0.6875,"N1 O11","de-protonated",0,NA,"C16 H13 O11 N1",16,13,11,1,NA,NA,NA,NA,NA,NA,NA
2355,394.078578,394.077871895516,394.077969215973,7691814,NA,273990,42.73,-1,-0.246957365086841,0.494497411662543,0.843720152817574,0.634186508124555,10,1,0.588235294117647,"N1 O10","de-protonated",0,NA,"C17 H17 O10 N1",17,17,10,1,NA,NA,NA,NA,NA,NA,NA
2357,394.091564,394.090857860909,394.090723433813,4663851,NA,204290,25.06,-1,0.341106976634989,0.489554514507753,0.785920818505338,0.608101036106787,18,0.68,0.08,"N1 S1 O2","de-protonated",0,NA,"C25 H17 O2 S1 N1",25,17,2,1,NA,1,NA,NA,NA,NA,NA
2359,394.114967,394.11426079854,394.114354725357,9111092,NA,261500.6,51.02,-1,-0.238323766335878,0.494873481244539,0.836034543948893,0.63133790632628,9,1.16666666666667,0.5,"N1 O9","de-protonated",0,NA,"C18 H21 O9 N1",18,21,9,1,NA,NA,NA,NA,NA,NA,NA
2362,394.151388,394.150681701478,394.150740234742,4033090.5,NA,271209.5,21.38,-1,-0.148504765228222,0.996006387170593,0,0.597603832302356,8,1.31578947368421,0.421052631578947,"N1 O8","de-protonated",0,NA,"C19 H25 O8 N1",19,25,8,1,NA,NA,NA,NA,NA,NA,NA
2364,394.164389,394.163682666831,394.163627394364,16082504,NA,259057.5,91.7,-1,0.140227214231168,0.498219205089491,0.85154837932281,0.639550874782818,3,1.875,0.5,"N1 P1 O8","de-protonated",0,NA,"C16 H30 O8 N1 P1",16,30,8,1,1,NA,NA,NA,NA,NA,NA
2366,394.187691,394.186984604731,394.187125744126,1808464.9,NA,332819.8,8.39,-1,-0.358051760585084,0.977006558063616,0,0.58620393483817,7,1.45,0.35,"N1 O7","de-protonated",0,NA,"C20 H29 O7 N1",20,29,7,1,NA,NA,NA,NA,NA,NA,NA
2367,394.200771,394.200064569873,394.200012903748,2922582,NA,281966,14.9,-1,0.131065763232278,0.99688788465631,0,0.598132730793786,2,2,0.411764705882353,"N1 P1 O7","de-protonated",0,NA,"C17 H34 O7 N1 P1",17,34,7,1,1,NA,NA,NA,NA,NA,NA
2368,394.227533,394.226826498553,394.22688255688,1717600.6,NA,247207.2,7.86,-1,-0.142198133827937,0.996337773815096,0,0.597802664289057,1,2.05555555555556,0.333333333333333,"N1 S1 O6","de-protonated",0,NA,"C18 H37 O6 S1 N1",18,37,6,1,NA,1,NA,NA,NA,NA,NA
2369,394.237039,394.23633247322,394.236398413132,11191908,NA,263262.6,61.37,-1,-0.167259828432915,0.993714242118321,0.98412853778254,0.989879960384009,1,2.11111111111111,0.333333333333333,"N1 P1 O6","de-protonated",0,NA,"C18 H38 O6 N1 P1",18,38,6,1,1,NA,NA,NA,NA,NA,NA
2370,395.026076,395.025367370448,395.025437098237,3586971,NA,309463.3,18.24,-1,-0.176514682030282,0.994362475536385,0,0.596617485321831,6,1.54545454545455,0.545454545454545,"N4 S2 P1 O6","de-protonated",0,NA,"C11 H17 O6 S2 N4 P1",11,17,6,4,1,2,NA,NA,NA,NA,NA
2371,395.062611,395.061902273083,395.061984798874,27781034,NA,261143.3,155.44,-1,-0.208893273218347,0.98452430243161,0.978889802137717,0.982270502314053,10,0.941176470588235,0.647058823529412,"O11","de-protonated",0,NA,"C17 H16 O11",17,16,11,NA,NA,NA,NA,NA,NA,NA,NA
2372,395.073889,395.073180243027,395.073218188166,4803502,NA,168240.5,25.14,-1,-0.0960458400618092,0.99832757161241,0,0.598996542967446,10,1,0.625,"N2 O10","de-protonated",0,NA,"C16 H16 O10 N2",16,16,10,2,NA,NA,NA,NA,NA,NA,NA
2373,395.090966,395.090257197517,395.090128099781,8554421,NA,253735.2,46.41,-1,0.326755155512496,0.983384329481193,0.594397431195362,0.827789570166861,9,1.16666666666667,0.444444444444444,"P1 O8","de-protonated",0,NA,"C18 H21 O8 P1",18,21,8,NA,1,NA,NA,NA,NA,NA,NA
2374,395.098949,395.098240176242,395.098370308258,72083384,NA,260973,406.68,-1,-0.329366116008996,0.494577092147377,0.967744225627889,0.683843945539582,9,1.11111111111111,0.555555555555556,"O10","de-protonated",0,NA,"C18 H20 O10",18,20,10,NA,NA,NA,NA,NA,NA,NA,NA
2375,395.111857,395.111148141843,395.111124526098,8065981,NA,173088.4,43.64,-1,0.0597698794512656,0.499675997887307,0.779247987650237,0.611504793792479,17,0.769230769230769,0.0769230769230769,"S1 O2","de-protonated",0,NA,"C26 H20 O2 S1",26,20,2,NA,NA,1,NA,NA,NA,NA,NA
2376,395.127334,395.126625100597,395.126513609165,12187587,NA,267084,67.01,-1,0.282166415017981,0.992079195512496,0.728139006350279,0.88650311984761,8,1.31578947368421,0.368421052631579,"P1 O7","de-protonated",0,NA,"C19 H25 O7 P1",19,25,7,NA,1,NA,NA,NA,NA,NA,NA
2377,395.135353,395.134644079226,395.134755817642,63170504,NA,258843.3,356.13,-1,-0.28278559274373,0.246398682660289,0.802679916648407,0.468911176255536,8,1.26315789473684,0.473684210526316,"O9","de-protonated",0,NA,"C19 H24 O9",19,24,9,NA,NA,NA,NA,NA,NA,NA,NA
2378,395.14848,395.147771044243,395.147642977264,8470475,NA,249402.4,45.93,-1,0.324099057388795,0.990535673803047,0.943236506570449,0.971616006910008,3,1.8125,0.5625,"P1 O9","de-protonated",0,NA,"C16 H29 O9 P1",16,29,9,NA,1,NA,NA,NA,NA,NA,NA
2379,395.163787,395.16307800345,395.162899118549,5058513.5,NA,277002.5,26.58,-1,0.452686477481894,0.973848865959652,0.760828135205274,0.888640573657901,7,1.45,0.3,"P1 O6","de-protonated",0,NA,"C20 H29 O6 P1",20,29,6,NA,1,NA,NA,NA,NA,NA,NA
2380,395.171792,395.171082982117,395.171141327027,21374932,NA,260035.5,119.11,-1,-0.147644662530583,0.991591133348274,0.989176197286391,0.99062515892352,7,1.4,0.4,"O8","de-protonated",0,NA,"C20 H28 O8",20,28,8,NA,NA,NA,NA,NA,NA,NA,NA
2381,395.184799,395.184089947453,395.184028486649,6744025.5,NA,263250,36.14,-1,0.155524515741,0.497810379410407,0.843720152817574,0.636174288773274,2,1.94117647058824,0.470588235294118,"P1 O8","de-protonated",0,NA,"C17 H33 O8 P1",17,33,8,NA,1,NA,NA,NA,NA,NA,NA
2382,395.200171,395.199461906487,395.199284627933,2180575.8,NA,240957.9,10.26,-1,0.448580148373514,0.964146661378891,0,0.578487996827335,6,1.57142857142857,0.238095238095238,"P1 O5","de-protonated",0,NA,"C21 H33 O5 P1",21,33,5,NA,1,NA,NA,NA,NA,NA,NA
2384,395.20815,395.207440885223,395.207526836411,3025378.8,NA,275529.3,15.05,-1,-0.217483680903051,0.991454354499021,0,0.594872612699413,6,1.52380952380952,0.333333333333333,"O7","de-protonated",0,NA,"C21 H32 O7",21,32,7,NA,NA,NA,NA,NA,NA,NA,NA
2386,395.221163,395.220453850544,395.220413996033,3355624,NA,248657.7,16.93,-1,0.100841225458911,0.99815655811204,0,0.598893934867224,1,2.05555555555556,0.388888888888889,"P1 O7","de-protonated",0,NA,"C18 H37 O7 P1",18,37,7,NA,1,NA,NA,NA,NA,NA,NA
2387,395.232527,395.231817820259,395.231647385325,5849068.5,NA,261548.3,31.07,-1,0.431227951702883,0.483410575777276,0.843720152817574,0.627534406593395,1,2.17647058823529,0.352941176470588,"N2 P1 O6","de-protonated",0,NA,"C17 H37 O6 N2 P1",17,37,6,2,1,NA,NA,NA,NA,NA,NA
2393,396.105654,396.104942493388,396.104852669743,2475076,NA,177214.6,11.93,-1,0.226767343022995,0.990712682598569,0,0.594427609559142,9,1.1875,0.5625,"N3 O9","de-protonated",0,NA,"C16 H19 O9 N3",16,19,9,3,NA,NA,NA,NA,NA,NA,NA
2394,396.122608,396.121896448206,396.121762581358,1806154.8,NA,256870.6,8.14,-1,0.337943685153534,0.979490719128128,0,0.587694431476877,8,1.33333333333333,0.388888888888889,"N1 P1 O7","de-protonated",0,NA,"C18 H24 O7 N1 P1",18,24,7,1,1,NA,NA,NA,NA,NA,NA
2397,396.143582,396.142870392311,396.142759007676,1791315,NA,273062.7,8.05,-1,0.281172967179167,0.985757386146889,0,0.591454431688133,16,0.884615384615385,0.0384615384615385,"N1 S1 O1","de-protonated",0,NA,"C26 H23 O1 S1 N1",26,23,1,1,NA,1,NA,NA,NA,NA,NA
2402,397.020635,397.019921054977,397.019957794616,2691244,NA,274855.8,13.16,-1,-0.0925385178732235,0.998447392983602,0,0.599068435790161,10,1.07142857142857,0.285714285714286,"N4 S2 P1 O4","de-protonated",0,NA,"C14 H15 O4 S2 N4 P1",14,15,4,4,1,2,NA,NA,NA,NA,NA
2403,397.031258,397.030544026667,397.030505222046,2375344.3,NA,259504.3,11.36,-1,0.0977371287949774,0.998268204306454,0,0.598960922583872,14,0.75,0.25,"S1 P1 O5","de-protonated",0,NA,"C20 H15 O5 S1 P1",20,15,5,NA,1,1,NA,NA,NA,NA,NA
2404,397.033825,397.033111019826,397.03300714549,2351793.3,NA,268651.7,11.23,-1,0.261626449923384,0.987656936166953,0,0.592594161700172,10,0.9375,0.625,"P1 O10","de-protonated",0,NA,"C16 H15 O10 P1",16,15,10,NA,1,NA,NA,NA,NA,NA,NA
2405,397.041861,397.04114699841,397.041249353967,12167860,NA,261561.9,66.9,-1,-0.257795776129801,0.983658670750763,0.994876126058065,0.988145652873684,10,0.875,0.75,"O12","de-protonated",0,NA,"C16 H14 O12",16,14,12,NA,NA,NA,NA,NA,NA,NA,NA
2406,397.057122,397.05640795774,397.056505495252,2763450.3,NA,264447.4,13.57,-1,-0.245651465138189,0.989110271026594,0,0.593466162615956,14,0.7,0.45,"O9","de-protonated",0,NA,"C20 H14 O9",20,14,9,NA,NA,NA,NA,NA,NA,NA,NA
2407,397.067722,397.067007929491,397.06689073143,3384510.5,NA,248468.2,17.09,-1,0.295159490926726,0.984316634365504,0,0.590589980619302,13,0.904761904761905,0.19047619047619,"S1 P1 O4","de-protonated",0,NA,"C21 H19 O4 S1 P1",21,19,4,NA,1,1,NA,NA,NA,NA,NA
2408,397.070109,397.06939492313,397.069259713093,8383167.5,NA,251748,45.43,-1,0.340520032229963,0.968563575441372,0.790841609776422,0.897474789175392,22,0.5,0.0357142857142857,"S1 O1","de-protonated",0,NA,"C28 H14 O1 S1",28,14,1,NA,NA,1,NA,NA,NA,NA,NA
2409,397.07813,397.077415901754,397.0774726721,52144836,NA,257023.6,293.6,-1,-0.142970451543892,0.663635079276201,0.926630606056794,0.768833289988438,4,1.91666666666667,0.416666666666667,"N4 S2 P1 O5","de-protonated",0,NA,"C12 H23 O5 S2 N4 P1",12,23,5,4,1,2,NA,NA,NA,NA,NA
2411,397.106563,397.10584882598,397.105778164259,21789390,NA,258594.1,121.46,-1,0.177941812321214,0.996744235580586,0.815292050272127,0.924163361457203,8,1.27777777777778,0.444444444444444,"P1 O8","de-protonated",0,NA,"C18 H23 O8 P1",18,23,8,NA,1,NA,NA,NA,NA,NA,NA
2412,397.114632,397.113917804477,397.114020372736,80358096,NA,258176.6,453.6,-1,-0.258284155295822,0.489036280597162,0.965363189378345,0.679567044109636,8,1.22222222222222,0.555555555555556,"O10","de-protonated",0,NA,"C18 H22 O10",18,22,10,NA,NA,NA,NA,NA,NA,NA,NA
2414,397.142979,397.142264728932,397.142163673643,23603932,NA,263076.9,131.75,-1,0.254456209294815,0.993786784575247,0.893656674475882,0.953734740535501,7,1.42105263157895,0.368421052631579,"P1 O7","de-protonated",0,NA,"C19 H27 O7 P1",19,27,7,NA,1,NA,NA,NA,NA,NA,NA
2415,397.150973,397.150258707628,397.15040588212,39242464,NA,260663.9,220.43,-1,-0.370576209000722,0.976652447527488,0.999327272151425,0.985722377377063,7,1.36842105263158,0.473684210526316,"O9","de-protonated",0,NA,"C19 H26 O9",19,26,9,NA,NA,NA,NA,NA,NA,NA,NA
2416,397.163953,397.163238673037,397.163160099961,7785188.5,NA,257509.7,42.04,-1,0.197835761512697,0.989700824206209,0.96661679573575,0.980467212818026,15,0.962962962962963,0.037037037037037,"S1 O1","de-protonated",0,NA,"C27 H26 O1 S1",27,26,1,NA,NA,1,NA,NA,NA,NA,NA
2417,397.179335,397.178620632044,397.178549183027,7414506.5,NA,268079.2,39.94,-1,0.179891429444188,0.997051667096734,0.940277213459923,0.97434188564201,6,1.55,0.3,"P1 O6","de-protonated",0,NA,"C20 H31 O6 P1",20,31,6,NA,1,NA,NA,NA,NA,NA,NA
2418,397.187374,397.18665961062,397.186791391505,10363630,NA,260242.3,56.66,-1,-0.331785666382165,0.98063817790235,0.967030818713835,0.975195234226944,6,1.5,0.4,"O8","de-protonated",0,NA,"C20 H30 O8",20,30,8,NA,NA,NA,NA,NA,NA,NA,NA
2419,397.200437,397.199722575808,397.199678551127,3068658.8,NA,289933.3,15.3,-1,0.110837655200912,0.997773388049585,0,0.598664032829751,1,2.05882352941176,0.470588235294118,"P1 O8","de-protonated",0,NA,"C17 H35 O8 P1",17,35,8,NA,1,NA,NA,NA,NA,NA,NA
2420,397.22719,397.226475504511,397.226548204259,2289405.3,NA,278980.6,10.88,-1,-0.183018350551666,0.993940678403368,0,0.596364407042021,0,2.11111111111111,0.388888888888889,"S1 O7","de-protonated",0,NA,"C18 H38 O7 S1",18,38,7,NA,NA,1,NA,NA,NA,NA,NA
2422,398.065493,398.064776270446,398.064641627067,1899078.9,NA,280137.8,8.66,-1,0.338245010353511,0.9794545073805,0,0.5876727044283,9,1.125,0.5625,"N1 P1 O9","de-protonated",0,NA,"C16 H18 O9 N1 P1",16,18,9,1,1,NA,NA,NA,NA,NA,NA
2424,398.081613,398.080896227487,398.080767148278,8369229,NA,248126.7,45.35,-1,0.324253818497992,0.490551606636066,0.813795485951173,0.619849158362109,12,1.04761904761905,0.0476190476190476,"N1 S2 P1 O1","de-protonated",0,NA,"C21 H22 O1 S2 N1 P1",21,22,1,1,1,2,NA,NA,NA,NA,NA
2425,398.101794,398.101077173704,398.101027136452,3166293.3,NA,230968,15.85,-1,0.1256898360537,0.997137589998227,0,0.598282553998936,8,1.29411764705882,0.470588235294118,"N1 P1 O8","de-protonated",0,NA,"C17 H22 O8 N1 P1",17,22,8,1,1,NA,NA,NA,NA,NA,NA
2428,398.122762,398.122045117825,398.122023562769,6684765.5,NA,232542.5,35.8,-1,0.0541418319514301,0.499734127001891,0.785920818505338,0.61420880360327,16,0.84,0.08,"N1 S1 O2","de-protonated",0,NA,"C25 H21 O2 S1 N1",25,21,2,1,NA,1,NA,NA,NA,NA,NA
2429,398.138075,398.137358077016,398.137412645836,2574435.5,NA,274452.7,12.49,-1,-0.137060266133316,0.9965971954068,0,0.59795831724408,7,1.44444444444444,0.388888888888889,"N1 P1 O7","de-protonated",0,NA,"C18 H26 O7 N1 P1",18,26,7,1,1,NA,NA,NA,NA,NA,NA
2436,399.036368,399.035648683078,399.035770050346,3214788.3,NA,287887.9,16.12,-1,-0.304151348553051,0.983354628111608,0,0.590012776866965,14,0.631578947368421,0.526315789473684,"O10","de-protonated",0,NA,"C19 H12 O10",19,12,10,NA,NA,NA,NA,NA,NA,NA,NA
2437,399.039741,399.039021674089,399.039141353716,1616581.6,NA,248957.2,7.06,-1,-0.299919516886242,0.983810855122833,0,0.5902865130737,9,1,0.625,"S1 O10","de-protonated",0,NA,"C16 H16 O10 S1",16,16,10,NA,NA,1,NA,NA,NA,NA,NA
2439,399.04957,399.048850647895,399.048657209968,4742601.5,NA,266651.7,24.78,-1,0.484747721501374,0.958259293412046,0,0.574955576047228,9,1.0625,0.625,"P1 O10","de-protonated",0,NA,"C16 H17 O10 P1",16,17,10,NA,1,NA,NA,NA,NA,NA,NA
2440,399.057567,399.056847626583,399.056899418445,18025932,NA,260981,100.11,-1,-0.129785657195367,0.991624973010305,0.999092828005955,0.994612115008565,9,1,0.75,"O12","de-protonated",0,NA,"C16 H16 O12",16,16,12,NA,NA,NA,NA,NA,NA,NA,NA
2443,399.072752,399.072032586116,399.07215555973,2786770.5,NA,283234.3,13.69,-1,-0.308148822270212,0.982917994106771,0,0.589750796464063,13,0.8,0.45,"O9","de-protonated",0,NA,"C20 H16 O9",20,16,9,NA,NA,NA,NA,NA,NA,NA,NA
2444,399.075752,399.075032578121,399.075146740545,2255315.8,NA,264560.3,10.68,-1,-0.286067487358104,0.985260917530394,0,0.591156550518236,13,0.894736842105263,0.315789473684211,"N2 P1 O6","de-protonated",0,NA,"C19 H17 O6 N2 P1",19,17,6,2,1,NA,NA,NA,NA,NA,NA
2445,399.08577,399.085050551423,399.084909777571,19963352,NA,255474.2,111.1,-1,0.352741606332382,0.488837951926101,0.766236582456902,0.599797404138422,21,0.571428571428571,0.0357142857142857,"S1 O1","de-protonated",0,NA,"C28 H16 O1 S1",28,16,1,NA,NA,1,NA,NA,NA,NA,NA
2446,399.093799,399.093079530026,399.093122736578,44813788,NA,254027.6,252.02,-1,-0.108261830179198,0.656154872983023,0.926630606056794,0.764345166212531,3,2.08333333333333,0.416666666666667,"N4 S2 P1 O5","de-protonated",0,NA,"C12 H25 O5 S2 N4 P1",12,25,5,4,1,2,NA,NA,NA,NA,NA
2447,399.096875,399.096155521828,399.096276108645,3687900,NA,234657,18.8,-1,-0.302149690790881,0.983571193949693,0,0.590142716369816,8,1.3125,0.5,"N2 P1 O8","de-protonated",0,NA,"C16 H21 O8 N2 P1",16,21,8,2,1,NA,NA,NA,NA,NA,NA
2449,399.109059,399.108339489358,399.108378877862,3684832.8,NA,290285.1,18.79,-1,-0.0986912488037693,0.998234257344342,0,0.598940554406605,7,1.5625,0.125,"N4 S2 P1 O2","de-protonated",0,NA,"C16 H25 O2 S2 N4 P1",16,25,2,4,1,2,NA,NA,NA,NA,NA
2450,399.122268,399.121548454156,399.121428228737,34868712,NA,258419.3,195.63,-1,0.301225168843657,0.990703553441198,0.94211886795696,0.971269679247503,7,1.38888888888889,0.444444444444444,"P1 O8","de-protonated",0,NA,"C18 H25 O8 P1",18,25,8,NA,1,NA,NA,NA,NA,NA,NA
2451,399.130336,399.129616432655,399.129670437214,41414120,NA,256656.9,232.74,-1,-0.135305798782707,0.986324771584155,0.98988960113359,0.987750703403929,7,1.33333333333333,0.555555555555556,"O10","de-protonated",0,NA,"C18 H24 O10",18,24,10,NA,NA,NA,NA,NA,NA,NA,NA
2453,399.14565,399.144930391844,399.144926578499,3408367.3,NA,240901.8,17.22,-1,0.0095537845171128,0.999983438444845,0,0.599990063066907,11,1.09090909090909,0.318181818181818,"O7","de-protonated",0,NA,"C22 H24 O7",22,24,7,NA,NA,NA,NA,NA,NA,NA,NA
2454,399.158576,399.157856357396,399.157813738121,25570804,NA,260470.9,142.9,-1,0.106772994389856,0.997488929077097,0.955857709257691,0.980836441149334,6,1.52631578947368,0.368421052631579,"P1 O7","de-protonated",0,NA,"C19 H29 O7 P1",19,29,7,NA,1,NA,NA,NA,NA,NA,NA
2455,399.166569,399.165849336095,399.165893755346,14372343,NA,257512,79.39,-1,-0.111280177286284,0.664603177797438,0.927917829923809,0.769929038647986,1,2.35714285714286,0.214285714285714,"N4 S2 P1 O3","de-protonated",0,NA,"C14 H33 O3 S2 N4 P1",14,33,3,4,1,2,NA,NA,NA,NA,NA
2456,399.176323,399.1756033101,399.175438861069,3048955.3,NA,224739.6,15.18,-1,0.411971819203535,0.969673741979081,0,0.581804245187449,19,0.8,0.0333333333333333,"O1","de-protonated",0,NA,"C30 H24 O1",30,24,1,NA,NA,NA,NA,NA,NA,NA,NA
2457,399.179704,399.17898430109,399.178810164439,2947580.8,NA,245354,14.6,-1,0.436237212471565,0.966059152461286,0,0.579635491476772,14,1.03703703703704,0.037037037037037,"S1 O1","de-protonated",0,NA,"C27 H28 O1 S1",27,28,1,NA,NA,1,NA,NA,NA,NA,NA
2458,399.194982,399.194262260374,399.194199247505,4393474.5,NA,284864,22.8,-1,0.157850162711379,0.995489107037063,0,0.597293464222238,5,1.65,0.3,"P1 O6","de-protonated",0,NA,"C20 H33 O6 P1",20,33,6,NA,1,NA,NA,NA,NA,NA,NA
2459,399.20307,399.20235023882,399.202441455983,4012549.8,NA,283437,20.64,-1,-0.228498508574097,0.990571013811633,0,0.59434260828698,5,1.6,0.4,"O8","de-protonated",0,NA,"C20 H32 O8",20,32,8,NA,NA,NA,NA,NA,NA,NA,NA
2461,400.081122,400.080399898824,400.080291691545,2883422.5,NA,201651.2,14.24,-1,0.270463907697552,0.986814596169058,0,0.592088757701435,8,1.25,0.5625,"N1 P1 O9","de-protonated",0,NA,"C16 H20 O9 N1 P1",16,20,9,1,1,NA,NA,NA,NA,NA,NA
2464,400.104494,400.103771836538,400.103790041308,2711911.8,NA,264116.1,13.27,-1,-0.0455001170425652,0.999624424470727,0,0.599774654682436,12,0.95,0.4,"N1 O8","de-protonated",0,NA,"C20 H19 O8 N1",20,19,8,1,NA,NA,NA,NA,NA,NA,NA
2465,400.117509,400.116786801853,400.11667720093,3615084.8,NA,199022.1,18.39,-1,0.273922408516076,0.986477533779652,0,0.591886520267791,7,1.41176470588235,0.470588235294118,"N1 P1 O8","de-protonated",0,NA,"C17 H24 O8 N1 P1",17,24,8,1,1,NA,NA,NA,NA,NA,NA
2466,400.119883,400.119160795527,400.119046182593,2358637.8,NA,296802.3,11.26,-1,0.286447084769296,0.985222066163014,0,0.591133239697808,16,0.791666666666667,0.208333333333333,"N1 O5","de-protonated",0,NA,"C24 H19 O5 N1",24,19,5,1,NA,NA,NA,NA,NA,NA,NA
2469,400.138541,400.137818745804,400.137673627247,3372917.3,NA,265691.4,17.01,-1,0.362671564701676,0.976416476204857,0,0.585849885722915,15,0.92,0.08,"N1 S1 O2","de-protonated",0,NA,"C25 H23 O2 S1 N1",25,23,2,1,NA,1,NA,NA,NA,NA,NA
2470,400.153802,400.153079705133,400.153062710314,1990011.1,NA,255842.3,9.17,-1,0.0424707966658103,0.999672762116667,0,0.59980365727,6,1.55555555555556,0.388888888888889,"N1 P1 O7","de-protonated",0,NA,"C18 H28 O7 N1 P1",18,28,7,1,1,NA,NA,NA,NA,NA,NA
2473,400.198358,400.197635586392,400.197690428176,18063244,NA,256056.1,100.32,-1,-0.137036731576389,0.996983244171538,0.96493701342579,0.984164751873239,5,1.63157894736842,0.421052631578947,"N1 O8","de-protonated",0,NA,"C19 H31 O8 N1",19,31,8,1,NA,NA,NA,NA,NA,NA,NA
2476,401.036734,401.036009352132,401.036163973539,2875093.8,NA,268647.3,14.19,-1,-0.385554771822585,0.973387719656542,0,0.584032631793925,9,0.933333333333333,0.866666666666667,"O13","de-protonated",0,NA,"C15 H14 O13",15,14,13,NA,NA,NA,NA,NA,NA,NA,NA
2477,401.052039,401.051314311345,401.051420114824,5203163.5,NA,264243,27.39,-1,-0.26381524646718,0.493725426015907,0.828487690504102,0.627630331811185,13,0.736842105263158,0.526315789473684,"O10","de-protonated",0,NA,"C19 H14 O10",19,14,10,NA,NA,NA,NA,NA,NA,NA,NA
2478,401.055561,401.054836301959,401.054791418194,2020573.1,NA,260015.8,9.34,-1,0.111914296297223,0.997729970154366,0,0.59863798209262,8,1.125,0.625,"S1 O10","de-protonated",0,NA,"C16 H18 O10 S1",16,18,10,NA,NA,1,NA,NA,NA,NA,NA
2479,401.065162,401.064437276372,401.064307274446,11411681,NA,237885.1,62.6,-1,0.324142347875335,0.984922466914188,0.956423947601929,0.973523059189285,8,1.1875,0.625,"P1 O10","de-protonated",0,NA,"C16 H19 O10 P1",16,19,10,NA,1,NA,NA,NA,NA,NA,NA
2480,401.073254,401.072529254807,401.072549482923,15782116,NA,259171.7,87.38,-1,-0.0504350554788511,0.999572295497402,0.990666440023486,0.996009953307836,8,1.125,0.75,"O12","de-protonated",0,NA,"C16 H18 O12",16,18,12,NA,NA,NA,NA,NA,NA,NA,NA
2482,401.088513,401.087788214142,401.087805624208,6863082,NA,268376.2,36.8,-1,-0.0434071192805176,0.499829088405609,0.821075868479145,0.628327800435023,12,0.9,0.45,"O9","de-protonated",0,NA,"C20 H18 O9",20,18,9,NA,NA,NA,NA,NA,NA,NA,NA
2483,401.091732,401.091007205564,401.091176927578,2625771.3,NA,261686.4,12.78,-1,-0.423150706111725,0.968032546024581,0,0.580819527614749,7,1.29411764705882,0.529411764705882,"S1 O9","de-protonated",0,NA,"C17 H22 O9 S1",17,22,9,NA,NA,1,NA,NA,NA,NA,NA
2484,401.101503,401.100778179524,401.10069278383,35991792,NA,254015.4,201.99,-1,0.212903381075233,0.995904084302042,0.949642629951532,0.977399502561838,7,1.35294117647059,0.529411764705882,"P1 O9","de-protonated",0,NA,"C17 H23 O9 P1",17,23,9,NA,1,NA,NA,NA,NA,NA,NA
2485,401.10953,401.108805158132,401.108934992308,24133874,NA,252681.1,134.75,-1,-0.323688066430191,0.983427853160301,0.985721724498014,0.984345401695386,7,1.29411764705882,0.647058823529412,"O11","de-protonated",0,NA,"C17 H22 O11",17,22,11,NA,NA,NA,NA,NA,NA,NA,NA
2486,401.112607,401.111882149932,401.111926173123,4044019.5,NA,245063.8,20.82,-1,-0.109752883696905,0.997816711229167,0,0.5986900267375,7,1.4375,0.5,"N2 P1 O8","de-protonated",0,NA,"C16 H23 O8 N2 P1",16,23,8,2,1,NA,NA,NA,NA,NA,NA
2487,401.119237,401.118512132263,401.118317906778,11229430,NA,244869,61.57,-1,0.484209960869788,0.967081184002976,0.931658719877679,0.952912198352858,20,0.642857142857143,0.107142857142857,"O3","de-protonated",0,NA,"C28 H18 O3",28,18,3,NA,NA,NA,NA,NA,NA,NA,NA
2488,401.124759,401.124034117547,401.124191133593,7065848,NA,262636.9,37.95,-1,-0.391439980589376,0.486290205610738,0.813795485951173,0.617292317746912,11,1.04761904761905,0.380952380952381,"O8","de-protonated",0,NA,"C21 H22 O8",21,22,8,NA,NA,NA,NA,NA,NA,NA,NA
2489,401.127943,401.127218109062,401.127182314407,1801465.5,NA,304017.3,8.1,-1,0.08923517499488,0.99855618257851,0,0.599133709547106,11,1.15,0.25,"N2 P1 O5","de-protonated",0,NA,"C20 H23 O5 N2 P1",20,23,5,2,1,NA,NA,NA,NA,NA,NA
2490,401.137866,401.137141082617,401.137078293215,36573436,NA,255484.8,205.29,-1,0.156528543171708,0.987768102576145,0.975202767740347,0.982741968641826,6,1.5,0.444444444444444,"P1 O8","de-protonated",0,NA,"C18 H27 O8 P1",18,27,8,NA,1,NA,NA,NA,NA,NA,NA
2491,401.145976,401.145251061004,401.145320501692,14184705,NA,252800.9,78.32,-1,-0.173106064853684,0.988032957945858,0.985257739182395,0.986922870440472,6,1.44444444444444,0.555555555555556,"O10","de-protonated",0,NA,"C18 H26 O10",18,26,10,NA,NA,NA,NA,NA,NA,NA,NA
2493,401.161259,401.160534020275,401.160576642977,3647238.5,NA,213812,18.57,-1,-0.106248480768256,0.997953769407676,0,0.598772261644606,10,1.18181818181818,0.318181818181818,"O7","de-protonated",0,NA,"C22 H26 O7",22,26,7,NA,NA,NA,NA,NA,NA,NA,NA
2494,401.174347,401.173621985396,401.173463802599,21999884,NA,259225.7,122.64,-1,0.394300249561546,0.981895910690087,0.981722245940854,0.981826444790394,5,1.63157894736842,0.368421052631579,"P1 O7","de-protonated",0,NA,"C19 H31 O7 P1",19,31,7,NA,1,NA,NA,NA,NA,NA,NA
2495,401.182398,401.18167296394,401.181706011076,5180687,NA,275893.7,27.26,-1,-0.082374484828884,0.499384763738007,0.828487690504102,0.631025934444445,5,1.57894736842105,0.473684210526316,"O9","de-protonated",0,NA,"C19 H30 O9",19,30,9,NA,NA,NA,NA,NA,NA,NA,NA
2497,401.210641,401.209915888673,401.209849311983,3321113.8,NA,280667,16.72,-1,0.165939818609235,0.995016085848629,0,0.597009651509177,4,1.75,0.3,"P1 O6","de-protonated",0,NA,"C20 H35 O6 P1",20,35,6,NA,1,NA,NA,NA,NA,NA,NA
2500,402.050833,402.050105649573,402.050040390387,1764707.4,NA,226259,7.89,-1,0.162316079806693,0.995230869006845,0,0.597138521404107,8,1.13333333333333,0.666666666666667,"N1 S1 O10","de-protonated",0,NA,"C15 H17 O10 S1 N1",15,17,10,1,NA,1,NA,NA,NA,NA,NA
2501,402.060401,402.059673624075,402.059556246639,1652327.1,NA,225404.3,7.25,-1,0.29194042049111,0.984654236834363,0,0.590792542100618,8,1.2,0.666666666666667,"N1 P1 O10","de-protonated",0,NA,"C15 H18 O10 N1 P1",15,18,10,1,1,NA,NA,NA,NA,NA,NA
2504,402.083738,402.083010561882,402.083054596401,3780208.3,NA,268297.6,19.32,-1,-0.109515978573339,0.997826116213244,0,0.598695669727947,12,0.894736842105263,0.473684210526316,"N1 O9","de-protonated",0,NA,"C19 H17 O9 N1",19,17,9,1,NA,NA,NA,NA,NA,NA,NA
2505,402.096704,402.095976527328,402.095808814242,3458677.5,NA,218388.5,17.5,-1,0.417097324802721,0.968926365359009,0,0.581355819215405,20,0.62962962962963,0.037037037037037,"N1 S1 O1","de-protonated",0,NA,"C27 H17 O1 S1 N1",27,17,1,1,NA,1,NA,NA,NA,NA,NA
2510,402.133144,402.132416430216,402.132327265408,3296899.8,NA,224405.3,16.58,-1,0.221730018308562,0.991118892410322,0,0.594671335446193,6,1.52941176470588,0.470588235294118,"N1 P1 O8","de-protonated",0,NA,"C17 H26 O8 N1 P1",17,26,8,1,1,NA,NA,NA,NA,NA,NA
2514,402.214174,402.213446214272,402.213340492654,1621155.5,NA,283371.3,7.08,-1,0.262849607114022,0.987541977264237,0,0.592525186358542,4,1.73684210526316,0.421052631578947,"N1 O8","de-protonated",0,NA,"C19 H33 O8 N1",19,33,8,1,NA,NA,NA,NA,NA,NA,NA
2515,402.26909,402.268362067922,402.268353446693,2217145,NA,285051.8,10.46,-1,0.0214315365374744,0.99991666213908,0,0.599949997283448,2,1.95238095238095,0.19047619047619,"N1 S1 O4","de-protonated",0,NA,"C21 H41 O4 S1 N1",21,41,4,1,NA,1,NA,NA,NA,NA,NA
2518,403.031328,403.030598036569,403.030684669918,4223972,NA,281157.1,21.83,-1,-0.214954722648683,0.991651113930549,0,0.594990668358329,13,0.666666666666667,0.611111111111111,"O11","de-protonated",0,NA,"C18 H12 O11",18,12,11,NA,NA,NA,NA,NA,NA,NA,NA
2519,403.04433,403.043600001918,403.043438887758,4814825,NA,240109.8,25.18,-1,0.399743910713737,0.48571084143681,0.779247987650237,0.603125699922181,21,0.461538461538462,0.115384615384615,"S1 O3","de-protonated",0,NA,"C26 H12 O3 S1",26,12,3,NA,NA,1,NA,NA,NA,NA,NA
2520,403.052498,403.051767980151,403.051814038017,3231212,NA,248285.7,16.2,-1,-0.114272816891122,0.997633397680301,0,0.59858003860818,8,1.06666666666667,0.866666666666667,"O13","de-protonated",0,NA,"C15 H16 O13",15,16,13,NA,NA,NA,NA,NA,NA,NA,NA
2521,403.062038,403.061307954727,403.061196952487,3943408,NA,264322.2,20.24,-1,0.275397980017478,0.493166228974133,0.779247987650237,0.607598932444575,21,0.461538461538462,0.192307692307692,"O5","de-protonated",0,NA,"C26 H12 O5",26,12,5,NA,NA,NA,NA,NA,NA,NA,NA
2522,403.067731,403.067000939555,403.067070179302,8582130,NA,258359.6,46.55,-1,-0.171782196954942,0.996752335773533,0.987433318299394,0.993024728783877,12,0.842105263157895,0.526315789473684,"O10","de-protonated",0,NA,"C19 H16 O10",19,16,10,NA,NA,NA,NA,NA,NA,NA,NA
2523,403.080669,403.079938905076,403.079824397142,21390328,NA,244651.9,119.18,-1,0.284082522374967,0.985810346401979,0.926135088296643,0.961940243159845,20,0.592592592592593,0.0740740740740741,"S1 O2","de-protonated",0,NA,"C27 H16 O2 S1",27,16,2,NA,NA,1,NA,NA,NA,NA,NA
2524,403.088704,403.087973883662,403.088037356149,6966266.5,NA,252543.3,37.39,-1,-0.15746556789869,0.995511012083513,0,0.597306607250108,2,2.27272727272727,0.545454545454545,"N4 S2 P1 O6","de-protonated",0,NA,"C11 H25 O6 S2 N4 P1",11,25,6,4,1,2,NA,NA,NA,NA,NA
2525,403.098421,403.097690857767,403.097582461872,11314174,NA,251010.5,62.04,-1,0.268907330737636,0.991750210389355,0.949540923503123,0.974866495634862,20,0.592592592592593,0.148148148148148,"O4","de-protonated",0,NA,"C27 H16 O4",27,16,4,NA,NA,NA,NA,NA,NA,NA,NA
2526,403.103994,403.103263842915,403.103455688686,14590976,NA,252618.6,80.62,-1,-0.475921922248682,0.961337731385506,0.991095902991829,0.973241000028035,11,1,0.45,"O9","de-protonated",0,NA,"C20 H20 O9",20,20,9,NA,NA,NA,NA,NA,NA,NA,NA
2527,403.117104,403.116373807977,403.116209906527,35050500,NA,249357.8,196.65,-1,0.4065861062463,0.483245611705565,0.889490343880577,0.64574350457557,19,0.714285714285714,0.0357142857142857,"S1 O1","de-protonated",0,NA,"C28 H20 O1 S1",28,20,1,NA,NA,1,NA,NA,NA,NA,NA
2528,403.125186,403.124455786438,403.124585056786,6473736.5,NA,235857.5,34.59,-1,-0.320670958930515,0.490757322803882,0.843720152817574,0.631942454809359,6,1.41176470588235,0.647058823529412,"O11","de-protonated",0,NA,"C17 H24 O11",17,24,11,NA,NA,NA,NA,NA,NA,NA,NA
2530,403.140523,403.139792745566,403.139841198071,11967503,NA,246874.8,65.75,-1,-0.120187835806671,0.9874666399125,0.991405160916621,0.989042048314148,10,1.14285714285714,0.380952380952381,"O8","de-protonated",0,NA,"C21 H24 O8",21,24,8,NA,NA,NA,NA,NA,NA,NA,NA
2531,403.153566,403.152835710806,403.152728357693,23151636,NA,254404.4,129.17,-1,0.266283981366288,0.993146303919177,0.983446880250946,0.989266534451884,5,1.61111111111111,0.444444444444444,"P1 O8","de-protonated",0,NA,"C18 H29 O8 P1",18,29,8,NA,1,NA,NA,NA,NA,NA,NA
2532,403.161549,403.160818689532,403.16097056617,3406870.8,NA,300483.4,17.2,-1,-0.376714636231779,0.974578612380695,0,0.584747167428417,5,1.55555555555556,0.555555555555556,"O10","de-protonated",0,NA,"C18 H28 O10",18,28,10,NA,NA,NA,NA,NA,NA,NA,NA
2533,403.171233,403.170502663724,403.17035348064,6736922.5,NA,249002.1,36.08,-1,0.370024934068957,0.487731195503706,0.759892473118277,0.596595706549535,18,0.827586206896552,0.0689655172413793,"O2","de-protonated",0,NA,"C29 H24 O2",29,24,2,NA,NA,NA,NA,NA,NA,NA,NA
2534,403.176878,403.17614764868,403.176226707455,5263389,NA,263586.7,27.73,-1,-0.196089872456269,0.496523677805678,0.806643077274283,0.62057143759312,9,1.27272727272727,0.318181818181818,"O7","de-protonated",0,NA,"C22 H28 O7",22,28,7,NA,NA,NA,NA,NA,NA,NA,NA
2535,403.18981,403.189079614216,403.189113867077,15107106,NA,249560.6,83.55,-1,-0.0849548245188117,0.998283269382226,0.970811944440692,0.987294739405612,4,1.73684210526316,0.368421052631579,"P1 O7","de-protonated",0,NA,"C19 H33 O7 P1",19,33,7,NA,1,NA,NA,NA,NA,NA,NA
2536,403.197985,403.19725459243,403.197356075554,2190885,NA,295458.6,10.3,-1,-0.251695906583596,0.988570889460083,0,0.59314253367605,4,1.68421052631579,0.473684210526316,"O9","de-protonated",0,NA,"C19 H32 O9",19,32,9,NA,NA,NA,NA,NA,NA,NA,NA
2538,404.063021,404.062288287122,404.062319151495,3942776,NA,252943.4,20.24,-1,-0.0763851800560684,0.998941862347242,0,0.599365117408345,12,0.833333333333333,0.555555555555556,"N1 O10","de-protonated",0,NA,"C18 H15 O10 N1",18,15,10,1,NA,NA,NA,NA,NA,NA,NA
2540,404.076089,404.075356252296,404.075206311117,2272125.3,NA,229356.2,10.76,-1,0.371072455372322,0.975324995694296,0,0.585194997416578,7,1.33333333333333,0.666666666666667,"N1 P1 O10","de-protonated",0,NA,"C15 H20 O10 N1 P1",15,20,10,1,1,NA,NA,NA,NA,NA,NA
2545,404.112221,404.111488156005,404.11145887872,3151243.3,NA,205764.9,15.75,-1,0.0724485392979147,0.999048067171996,0,0.599428840303198,19,0.703703703703704,0.037037037037037,"N1 S1 O1","de-protonated",0,NA,"C27 H19 O1 S1 N1",27,19,1,1,NA,1,NA,NA,NA,NA,NA
2547,404.135692,404.134959093455,404.135090170264,3051924.5,NA,281489.5,15.19,-1,-0.324339093574326,0.981093367253296,0,0.588656020351978,10,1.15,0.4,"N1 O8","de-protonated",0,NA,"C20 H23 O8 N1",20,23,8,1,NA,NA,NA,NA,NA,NA,NA
2550,404.148708,404.147975058767,404.147977329886,1714841.6,NA,211779.7,7.6,-1,-0.00561952153601575,0.999994270044306,0,0.599996562026584,5,1.64705882352941,0.470588235294118,"N1 P1 O8","de-protonated",0,NA,"C17 H28 O8 N1 P1",17,28,8,1,1,NA,NA,NA,NA,NA,NA
2553,404.294436,404.293702670404,404.293519367423,2343378.8,NA,272770.6,11.17,-1,0.453390847919449,0.963387862322991,0,0.578032717393795,1,2.0952380952381,0.19047619047619,"N1 P1 O4","de-protonated",0,NA,"C21 H44 O4 N1 P1",21,44,4,1,1,NA,NA,NA,NA,NA,NA
2556,404.938927,404.938191952845,404.938047586168,15738575,NA,245982.8,87.13,-1,0.356515466735669,0.325733729677952,0.791225258712651,0.511930341291832,14,0.375,0.5625,"S2 O9","de-protonated",0,NA,"C16 H6 O9 S2",16,6,9,NA,NA,2,NA,NA,NA,NA,NA
2557,405.04701,405.046274664806,405.046334734396,9391865,NA,250106.5,51.14,-1,-0.148303008318042,0.997012016187419,0.993809446407637,0.995730988275506,12,0.777777777777778,0.611111111111111,"O11","de-protonated",0,NA,"C18 H14 O11",18,14,11,NA,NA,NA,NA,NA,NA,NA,NA
2558,405.060032,405.059296630102,405.059221894018,7399166.5,NA,236301,39.84,-1,0.184506562187269,0.496921020205779,0.859523230357577,0.641961904266498,7,1.26666666666667,0.733333333333333,"P1 O11","de-protonated",0,NA,"C15 H19 O11 P1",15,19,11,NA,1,NA,NA,NA,NA,NA,NA
2560,405.083326,405.082590568024,405.08272024378,17889032,NA,251483.1,99.32,-1,-0.320121667515572,0.988085960678192,0.997658663530872,0.991915041819264,11,0.947368421052632,0.526315789473684,"O10","de-protonated",0,NA,"C19 H18 O10",19,18,10,NA,NA,NA,NA,NA,NA,NA,NA
2561,405.096372,405.095636533257,405.09547446162,22542092,NA,240166.8,125.71,-1,0.400082564480957,0.976676497932718,0.922666656340061,0.955072561295655,19,0.666666666666667,0.0740740740740741,"S1 O2","de-protonated",0,NA,"C27 H18 O2 S1",27,18,2,NA,NA,1,NA,NA,NA,NA,NA
2562,405.114144,405.113408485895,405.11323252635,11171604,NA,252880.9,61.23,-1,0.434346574362059,0.982270234626068,0.926143549607742,0.959819560618737,19,0.666666666666667,0.148148148148148,"O4","de-protonated",0,NA,"C27 H18 O4",27,18,4,NA,NA,NA,NA,NA,NA,NA,NA
2563,405.119697,405.118961471096,405.119105753164,27424534,NA,251918.7,153.4,-1,-0.356147282116385,0.979302349533531,0.99248133296035,0.984573942904259,10,1.1,0.45,"O9","de-protonated",0,NA,"C20 H22 O9",20,22,9,NA,NA,NA,NA,NA,NA,NA,NA
2564,405.132797,405.132061436185,405.131859971005,23316250,NA,244551.8,130.1,-1,0.497282983122894,0.478060640062392,0.766236582456902,0.593331017020196,18,0.785714285714286,0.0357142857142857,"S1 O1","de-protonated",0,NA,"C28 H22 O1 S1",28,22,1,NA,NA,1,NA,NA,NA,NA,NA
2566,405.156169,405.155433373899,405.155491262549,16381732,NA,252612.9,90.77,-1,-0.142880082646227,0.994340841740796,0.989165425820151,0.992270675372537,9,1.23809523809524,0.380952380952381,"O8","de-protonated",0,NA,"C21 H26 O8",21,26,8,NA,NA,NA,NA,NA,NA,NA,NA
2567,405.16919,405.168454339198,405.168378422171,13375273,NA,249114.7,73.73,-1,0.187371550244247,0.993707638877552,0.948789009313428,0.975740187051902,4,1.72222222222222,0.444444444444444,"P1 O8","de-protonated",0,NA,"C18 H31 O8 P1",18,31,8,NA,1,NA,NA,NA,NA,NA,NA
2569,405.192445,405.191709277224,405.191876771933,4565810.5,NA,267993.4,23.77,-1,-0.413371340672055,0.484735265288084,0.806643077274283,0.613498390082563,8,1.36363636363636,0.318181818181818,"O7","de-protonated",0,NA,"C22 H30 O7",22,30,7,NA,NA,NA,NA,NA,NA,NA,NA
2570,405.205459,405.204723242541,405.204763931555,3765047.5,NA,252601.3,19.23,-1,-0.100415930650229,0.998172060452779,0,0.598903236271668,3,1.84210526315789,0.368421052631579,"P1 O7","de-protonated",0,NA,"C19 H35 O7 P1",19,35,7,NA,1,NA,NA,NA,NA,NA,NA
2573,406.078644,406.077905915516,406.077969215973,5530765,NA,252428.2,29.24,-1,-0.155882519017637,0.497800309425867,0.836034543948893,0.633094003235077,11,0.944444444444444,0.555555555555556,"N1 O10","de-protonated",0,NA,"C18 H17 O10 N1",18,17,10,1,NA,NA,NA,NA,NA,NA,NA
2575,406.091462,406.090723881356,406.090723433813,1822098.3,NA,223100.9,8.21,-1,0.00110207643305841,0.999999779617446,0,0.599999867770468,19,0.653846153846154,0.0769230769230769,"N1 S1 O2","de-protonated",0,NA,"C26 H17 O2 S1 N1",26,17,2,1,NA,1,NA,NA,NA,NA,NA
2577,406.109174,406.108435834154,406.108481498543,1641113.1,NA,249353.2,7.18,-1,-0.112443819049777,0.997708462721596,0,0.598625077632957,19,0.653846153846154,0.153846153846154,"N1 O4","de-protonated",0,NA,"C26 H17 O4 N1",26,17,4,1,NA,NA,NA,NA,NA,NA,NA
2578,406.114978,406.114239818687,406.114354725357,5871771.5,NA,276293.4,31.17,-1,-0.282941662284111,0.492789470468808,0.828487690504102,0.627068758482926,10,1.10526315789474,0.473684210526316,"N1 O9","de-protonated",0,NA,"C19 H21 O9 N1",19,21,9,1,NA,NA,NA,NA,NA,NA,NA
2581,406.127907,406.127168784231,406.127108943198,2523040.5,NA,192510.4,12.18,-1,0.147345577253362,0.996068367718036,0,0.597641020630821,18,0.777777777777778,0.037037037037037,"N1 S1 O1","de-protonated",0,NA,"C27 H21 O1 S1 N1",27,21,1,1,NA,1,NA,NA,NA,NA,NA
2583,406.151452,406.150713721484,406.150740234742,4041897.8,NA,253218.9,20.79,-1,-0.065279353232344,0.999227074525289,0,0.599536244715174,9,1.25,0.4,"N1 O8","de-protonated",0,NA,"C20 H25 O8 N1",20,25,8,1,NA,NA,NA,NA,NA,NA,NA
2585,406.164417,406.163678686932,406.163627394364,1693870.8,NA,275954.9,7.48,-1,0.126285480380403,0.997110435110463,0,0.598266261066278,4,1.76470588235294,0.470588235294118,"N1 P1 O8","de-protonated",0,NA,"C17 H30 O8 N1 P1",17,30,8,1,1,NA,NA,NA,NA,NA,NA
2588,406.23724,406.23650149286,406.236398413132,6440139,NA,238224.4,34.39,-1,0.253743210556318,0.49419264599459,0.828487690504102,0.627910663798395,2,2,0.315789473684211,"N1 P1 O6","de-protonated",0,NA,"C19 H38 O6 N1 P1",19,38,6,1,1,NA,NA,NA,NA,NA,NA
2589,406.309924,406.309185299158,406.309169431901,1812711.6,NA,286096,8.15,-1,0.0390521770366391,0.99972331587678,0,0.599833989526068,0,2.19047619047619,0.19047619047619,"N1 P1 O4","de-protonated",0,NA,"C21 H46 O4 N1 P1",21,46,4,1,1,NA,NA,NA,NA,NA,NA
2590,407.026169,407.025428390376,407.025599289489,4358656,NA,248279.9,22.59,-1,-0.419873132579497,0.968517996531795,0,0.581110797919077,12,0.705882352941177,0.705882352941177,"O12","de-protonated",0,NA,"C17 H12 O12",17,12,12,NA,NA,NA,NA,NA,NA,NA,NA
2591,407.039143,407.0384023558,407.03835350733,1769477,NA,228538.4,7.91,-1,0.120009503540041,0.99739013667407,0,0.598434082004442,20,0.48,0.16,"S1 O4","de-protonated",0,NA,"C25 H12 O4 S1",25,12,4,NA,NA,1,NA,NA,NA,NA,NA
2592,407.062597,407.061856293296,407.061984798874,16579086,NA,249106.6,91.89,-1,-0.315690441691819,0.491039631188951,0.836034543948893,0.629037596292928,11,0.888888888888889,0.611111111111111,"O11","de-protonated",0,NA,"C18 H16 O11",18,16,11,NA,NA,NA,NA,NA,NA,NA,NA
2593,407.0757,407.074959258377,407.074871958496,7019027.5,NA,206736.6,37.68,-1,0.214456570248399,0.49584480236137,0.859523230357577,0.641316173559853,6,1.4,0.733333333333333,"P1 O11","de-protonated",0,NA,"C15 H21 O11 P1",15,21,11,NA,1,NA,NA,NA,NA,NA,NA
2594,407.099048,407.098307196155,407.098370308258,38222364,NA,252710.4,214.63,-1,-0.155029123373721,0.992009341655824,0.982147154565202,0.988064466819575,10,1.05263157894737,0.526315789473684,"O10","de-protonated",0,NA,"C19 H20 O10",19,20,10,NA,NA,NA,NA,NA,NA,NA,NA
2595,407.102209,407.101468187731,407.101361489073,2123805.8,NA,247885.9,9.92,-1,0.262093590784968,0.98761309346035,0,0.59256785607621,10,1.16666666666667,0.388888888888889,"N2 P1 O7","de-protonated",0,NA,"C18 H21 O7 N2 P1",18,21,7,2,1,NA,NA,NA,NA,NA,NA
2596,407.112041,407.111300161528,407.111124526098,13146657,NA,218520.8,72.42,-1,0.431418891274782,0.979183641880638,0.958186353163252,0.970784726393684,18,0.740740740740741,0.0740740740740741,"S1 O2","de-protonated",0,NA,"C27 H20 O2 S1",27,20,2,NA,NA,1,NA,NA,NA,NA,NA
2597,407.135319,407.134578099493,407.134755817642,40180268,NA,248405.7,225.73,-1,-0.436509403664606,0.971341496725246,0.98431661752487,0.976531545045096,9,1.2,0.45,"O9","de-protonated",0,NA,"C20 H24 O9",20,24,9,NA,NA,NA,NA,NA,NA,NA,NA
2598,407.148435,407.147694064539,407.147510035483,10705456,NA,240367.6,58.58,-1,0.45199602515026,0.978019739352614,0.925938662633529,0.95718730866498,17,0.857142857142857,0.0357142857142857,"S1 O1","de-protonated",0,NA,"C28 H24 O1 S1",28,24,1,NA,NA,1,NA,NA,NA,NA,NA
2599,407.166205,407.165464017182,407.165268100212,3616310.8,NA,267210,18.38,-1,0.481173089597369,0.479429919354381,0.766236582456902,0.594152584595389,17,0.857142857142857,0.107142857142857,"O3","de-protonated",0,NA,"C28 H24 O3",28,24,3,NA,NA,NA,NA,NA,NA,NA,NA
2600,407.171836,407.171095002176,407.171141327027,14588473,NA,252478.2,80.6,-1,-0.11377243212869,0.979781871680375,0.99533340454739,0.986002484827181,8,1.33333333333333,0.380952380952381,"O8","de-protonated",0,NA,"C21 H28 O8",21,28,8,NA,NA,NA,NA,NA,NA,NA,NA
2601,407.184922,407.184180967302,407.184028486649,6779454,NA,251065.3,36.32,-1,0.374476016329117,0.48743801527636,0.836034543948893,0.626876626745373,3,1.83333333333333,0.444444444444444,"P1 O8","de-protonated",0,NA,"C18 H33 O8 P1",18,33,8,NA,1,NA,NA,NA,NA,NA,NA
2602,407.208137,407.207395905434,407.207526836411,2470983,NA,269310.9,11.88,-1,-0.321533783866492,0.981415966553937,0,0.588849579932362,7,1.45454545454545,0.318181818181818,"O7","de-protonated",0,NA,"C22 H32 O7",22,32,7,NA,NA,NA,NA,NA,NA,NA,NA
2603,407.221168,407.220426870706,407.220413996033,2814540.3,NA,250533.9,13.83,-1,0.0316159827560092,0.999818645716957,0,0.599891187430174,2,1.94736842105263,0.368421052631579,"P1 O7","de-protonated",0,NA,"C19 H37 O7 P1",19,37,7,NA,1,NA,NA,NA,NA,NA,NA
2605,408.065873,408.06512961958,408.0651170838,2883478.5,NA,277060,14.22,-1,0.0307200490183743,0.999828777649825,0,0.599897266589895,14,0.909090909090909,0.0454545454545455,"N1 S2 P1 O1","de-protonated",0,NA,"C22 H20 O1 S2 N1 P1",22,20,1,1,1,2,NA,NA,NA,NA,NA
2606,408.094234,408.093490543998,408.093619280451,7650209.5,NA,252500.8,41.25,-1,-0.315458136386042,0.491052694909669,0.836034543948893,0.629045434525359,10,1.05555555555556,0.555555555555556,"N1 O10","de-protonated",0,NA,"C18 H19 O10 N1",18,19,10,1,NA,NA,NA,NA,NA,NA,NA
2608,408.105489,408.104745514004,408.104852669743,2215334,NA,230631.6,10.43,-1,-0.262569137737545,0.987568383482664,0,0.592541030089598,10,1.11764705882353,0.529411764705882,"N3 O9","de-protonated",0,NA,"C17 H19 O9 N3",17,19,9,3,NA,NA,NA,NA,NA,NA,NA
2610,408.130653,408.129909446942,408.130004789835,6329264,NA,254626.8,33.76,-1,-0.233609124019768,0.495073313079276,0.828487690504102,0.628439064049207,9,1.21052631578947,0.473684210526316,"N1 O9","de-protonated",0,NA,"C19 H23 O9 N1",19,23,9,1,NA,NA,NA,NA,NA,NA,NA
2613,408.167039,408.166295349974,408.16639029922,2775486,NA,269095.6,13.61,-1,-0.232623870227801,0.990229158194542,0,0.594137494916726,8,1.35,0.4,"N1 O8","de-protonated",0,NA,"C20 H27 O8 N1",20,27,8,1,NA,NA,NA,NA,NA,NA,NA
2616,408.216355,408.215611218548,408.215662968226,2306513.3,NA,251768.8,10.95,-1,-0.126770437299951,0.997088232097509,0,0.598252939258505,2,2,0.388888888888889,"N1 P1 O7","de-protonated",0,NA,"C18 H36 O7 N1 P1",18,36,7,1,1,NA,NA,NA,NA,NA,NA
2618,409.031325,409.030579046665,409.030505222046,1745935.9,NA,197545.5,7.77,-1,0.180486829625526,0.994106653403421,0,0.596463992042052,15,0.714285714285714,0.238095238095238,"S1 P1 O5","de-protonated",0,NA,"C21 H15 O5 S1 P1",21,15,5,NA,1,1,NA,NA,NA,NA,NA
2619,409.041878,409.041132018541,409.041249353967,9596180,NA,254533.1,52.29,-1,-0.286854752378427,0.492590143088529,0.843720152817574,0.633042146980147,11,0.823529411764706,0.705882352941177,"O12","de-protonated",0,NA,"C17 H14 O12",17,14,12,NA,NA,NA,NA,NA,NA,NA,NA
2620,409.07829,409.077543921504,409.077634863352,33570084,NA,247889.5,188.24,-1,-0.222309508879603,0.982504124946477,0.966288765573449,0.976017981197266,10,1,0.611111111111111,"O11","de-protonated",0,NA,"C18 H18 O11",18,18,11,NA,NA,NA,NA,NA,NA,NA,NA
2621,409.089412,409.088665891864,409.088868252644,5181734.5,NA,172904.2,27.25,-1,-0.494662153027433,0.956572403953812,0,0.573943442372287,10,1.05882352941176,0.588235294117647,"N2 O10","de-protonated",0,NA,"C17 H18 O10 N2",17,18,10,2,NA,NA,NA,NA,NA,NA,NA
2622,409.104059,409.10331285283,409.103276240814,2429740.3,NA,241510.3,11.65,-1,0.089493332552786,0.998547822637976,0,0.599128693582785,13,1,0.130434782608696,"S1 P1 O3","de-protonated",0,NA,"C23 H23 O3 S1 P1",23,23,3,NA,1,1,NA,NA,NA,NA,NA
2623,409.106564,409.105817846154,409.105778164259,7089453.5,NA,249638.6,38.07,-1,0.0969966627719331,0.988954112154242,0.611786212024721,0.838086952102433,9,1.21052631578947,0.421052631578947,"P1 O8","de-protonated",0,NA,"C19 H23 O8 P1",19,23,8,NA,1,NA,NA,NA,NA,NA,NA
2624,409.114573,409.11382682481,409.114020372736,58129712,NA,249979.6,327.51,-1,-0.473090425599574,0.489838458159332,0.965597323164131,0.680142004161252,9,1.15789473684211,0.526315789473684,"O10","de-protonated",0,NA,"C19 H22 O10",19,22,10,NA,NA,NA,NA,NA,NA,NA,NA
2625,409.127633,409.126886790005,409.126774590576,9950518,NA,217305.7,54.3,-1,0.274241227541322,0.978283972311571,0.941757343282332,0.963673320699876,17,0.814814814814815,0.0740740740740741,"S1 O2","de-protonated",0,NA,"C27 H22 O2 S1",27,22,2,NA,NA,1,NA,NA,NA,NA,NA
2627,409.151078,409.150331727525,409.15040588212,36445504,NA,251327.1,204.55,-1,-0.181240430413007,0.979354461582514,0.991577016668801,0.984243483617029,8,1.3,0.45,"O9","de-protonated",0,NA,"C20 H26 O9",20,26,9,NA,NA,NA,NA,NA,NA,NA,NA
2628,409.164092,409.163345692843,409.163160099961,6888771.5,NA,238138.5,36.93,-1,0.453591378567086,0.4816780348132,0.766236582456902,0.595501453870681,16,0.928571428571429,0.0357142857142857,"S1 O1","de-protonated",0,NA,"C28 H26 O1 S1",28,26,1,NA,NA,1,NA,NA,NA,NA,NA
2629,409.179459,409.17871265189,409.178549183027,3384649.8,NA,274051.7,17.06,-1,0.399504966493782,0.971455345477781,0,0.582873207286669,7,1.47619047619048,0.285714285714286,"P1 O6","de-protonated",0,NA,"C21 H31 O6 P1",21,31,6,NA,1,NA,NA,NA,NA,NA,NA
2630,409.187366,409.186619630818,409.186791391505,6962509,NA,261674.7,37.35,-1,-0.419761073695476,0.984235049153821,0.952063915534191,0.971366595705969,7,1.42857142857143,0.380952380952381,"O8","de-protonated",0,NA,"C21 H30 O8",21,30,8,NA,NA,NA,NA,NA,NA,NA,NA
2631,409.200298,409.199551596354,409.199678551127,3472209.8,NA,238691.5,17.56,-1,-0.310251398543896,0.982686125859205,0,0.589611675515523,2,1.94444444444444,0.444444444444444,"P1 O8","de-protonated",0,NA,"C18 H35 O8 P1",18,35,8,NA,1,NA,NA,NA,NA,NA,NA
2632,409.236708,409.235961499322,409.236064060511,1645408.1,NA,340428.9,7.2,-1,-0.250616203954898,0.988668177806707,0,0.593200906684024,1,2.05263157894737,0.368421052631579,"P1 O7","de-protonated",0,NA,"C19 H39 O7 P1",19,39,7,NA,1,NA,NA,NA,NA,NA,NA
2633,410.073556,410.072807269134,410.072883835545,5117607,NA,265320.9,26.89,-1,-0.186714151042772,0.993694269382743,0,0.596216561629646,10,1,0.647058823529412,"N1 O11","de-protonated",0,NA,"C17 H17 O11 N1",17,17,11,1,NA,NA,NA,NA,NA,NA,NA
2637,410.12118,410.120431142217,410.120502734221,1918649.6,NA,167279.8,8.75,-1,-0.17456333861031,0.994486088180866,0,0.596691652908519,9,1.23529411764706,0.529411764705882,"N3 O9","de-protonated",0,NA,"C17 H21 O9 N3",17,21,9,3,NA,NA,NA,NA,NA,NA,NA
2639,410.146301,410.14555207527,410.145654854313,5499587.5,NA,268351,29.05,-1,-0.250591569292865,0.494335196391996,0.828487690504102,0.627996194036839,8,1.31578947368421,0.473684210526316,"N1 O9","de-protonated",0,NA,"C19 H25 O9 N1",19,25,9,1,NA,NA,NA,NA,NA,NA,NA
2641,410.182705,410.181955978254,410.182040363698,2095313.8,NA,291621.3,9.75,-1,-0.205726812615677,0.992349865021058,0,0.595409919012635,7,1.45,0.4,"N1 O8","de-protonated",0,NA,"C20 H29 O8 N1",20,29,8,1,NA,NA,NA,NA,NA,NA,NA
2643,410.195784,410.195034943399,410.19492752332,3049174.8,NA,297291.4,15.16,-1,0.261875688111099,0.98763355383349,0,0.592580132300094,2,2,0.470588235294118,"N1 P1 O8","de-protonated",0,NA,"C17 H34 O8 N1 P1",17,34,8,1,1,NA,NA,NA,NA,NA,NA
2644,411.057622,411.056870646613,411.056899418445,17608744,NA,251988.5,96.41,-1,-0.0699947684384902,0.499555714670713,0.843720152817574,0.637221489929457,10,0.941176470588235,0.705882352941177,"O12","de-protonated",0,NA,"C17 H16 O12",17,16,12,NA,NA,NA,NA,NA,NA,NA,NA
2645,411.072619,411.071867606646,411.071993368478,2142765.3,NA,274186.5,9.88,-1,-0.305936269027347,0.983160346288228,0,0.589896207772937,9,1.3125,0.1875,"N4 S2 P1 O3","de-protonated",0,NA,"C16 H21 O3 S2 N4 P1",16,21,3,4,1,2,NA,NA,NA,NA,NA
2646,411.093884,411.093132549975,411.09328492783,47276084,NA,247308,262.4,-1,-0.370664907747449,0.64980763982909,0.980861469407065,0.78222917166028,9,1.11111111111111,0.611111111111111,"O11","de-protonated",0,NA,"C18 H20 O11",18,20,11,NA,NA,NA,NA,NA,NA,NA,NA
2647,411.105137,411.104385519986,411.104518317122,4204090,NA,145122.5,21.41,-1,-0.323025240372953,0.981244790757678,0,0.588746874454607,9,1.17647058823529,0.588235294117647,"N2 O10","de-protonated",0,NA,"C17 H20 O10 N2",17,20,10,2,NA,NA,NA,NA,NA,NA,NA
2648,411.122261,411.121509474351,411.121428228737,17399872,NA,252374.7,95.24,-1,0.197619507809926,0.990971210537463,0.831692869448474,0.927259874101867,8,1.31578947368421,0.421052631578947,"P1 O8","de-protonated",0,NA,"C19 H25 O8 P1",19,25,8,NA,1,NA,NA,NA,NA,NA,NA
2649,411.130335,411.129583452834,411.129670437214,50380868,NA,248555.2,279.77,-1,-0.211574076088155,0.992333623900625,0.998758512295176,0.994903579258445,8,1.26315789473684,0.526315789473684,"O10","de-protonated",0,NA,"C19 H24 O10",19,24,10,NA,NA,NA,NA,NA,NA,NA,NA
2650,411.158759,411.158007377084,411.157813738121,14442575,NA,252422.7,78.7,-1,0.470960193134814,0.971485510664154,0.921262085846478,0.951396140737084,7,1.45,0.35,"P1 O7","de-protonated",0,NA,"C20 H29 O7 P1",20,29,7,NA,1,NA,NA,NA,NA,NA,NA
2651,411.166759,411.166007355764,411.166055946598,19759186,NA,252636.7,108.44,-1,-0.118178125835012,0.49873454161691,0.821075868479145,0.627671072361804,7,1.4,0.45,"O9","de-protonated",0,NA,"C20 H28 O9",20,28,9,NA,NA,NA,NA,NA,NA,NA,NA
2652,411.179778,411.179026321069,411.17894310622,5840983,NA,241502.3,30.57,-1,0.202381104477724,0.994726203631802,0.916211259822663,0.963320226108146,2,1.94117647058824,0.529411764705882,"P1 O9","de-protonated",0,NA,"C17 H33 O9 P1",17,33,9,NA,1,NA,NA,NA,NA,NA,NA
2653,411.194979,411.194227280558,411.194199247505,4606045,NA,265218.1,23.66,-1,0.0681747296180101,0.999157019436196,0,0.599494211661717,6,1.57142857142857,0.285714285714286,"P1 O6","de-protonated",0,NA,"C21 H33 O6 P1",21,33,6,NA,1,NA,NA,NA,NA,NA,NA
2654,411.20301,411.202258259156,411.202441455983,3773536,NA,289228.7,19,-1,-0.445514929178524,0.964626229335843,0,0.578775737601506,6,1.52380952380952,0.380952380952381,"O8","de-protonated",0,NA,"C21 H32 O8",21,32,8,NA,NA,NA,NA,NA,NA,NA,NA
2655,411.215996,411.215244224548,411.215328615605,1742437.1,NA,263841,7.64,-1,-0.205223517368496,0.992387107532104,0,0.595432264519262,1,2.05555555555556,0.444444444444444,"P1 O8","de-protonated",0,NA,"C18 H37 O8 P1",18,37,8,NA,1,NA,NA,NA,NA,NA,NA
2656,412.052857,412.052102994326,412.052148390638,2881963.8,NA,223568.2,14.01,-1,-0.110171278861536,0.997800051782228,0,0.598680031069337,10,0.9375,0.75,"N1 O12","de-protonated",0,NA,"C16 H15 O12 N1",16,15,12,1,NA,NA,NA,NA,NA,NA,NA
2657,412.060773,412.06001897323,412.060031703371,3250607,NA,270435.3,16.08,-1,-0.0308938994320659,0.999826834376862,0,0.599896100626117,13,0.952380952380952,0.0952380952380952,"N1 S2 P1 O2","de-protonated",0,NA,"C21 H20 O2 S2 N1 P1",21,20,2,1,1,2,NA,NA,NA,NA,NA
2658,412.089162,412.088407897574,412.088533900023,7188922,NA,255486.7,38.11,-1,-0.305765480995285,0.491589491718151,0.843720152817574,0.63244175615792,9,1.11764705882353,0.647058823529412,"N1 O11","de-protonated",0,NA,"C17 H19 O11 N1",17,19,11,1,NA,NA,NA,NA,NA,NA,NA
2660,412.117567,412.116812821875,412.11667720093,2822597,NA,235366.7,13.68,-1,0.329083856351882,0.980541606374118,0,0.588324963824471,8,1.33333333333333,0.444444444444444,"N1 P1 O8","de-protonated",0,NA,"C18 H24 O8 N1 P1",18,24,8,1,1,NA,NA,NA,NA,NA,NA
2663,412.153731,412.152976725498,412.153062710314,1771731.1,NA,235927.6,7.8,-1,-0.208623502165641,0.992133771881718,0,0.595280263129031,7,1.47368421052632,0.368421052631579,"N1 P1 O7","de-protonated",0,NA,"C19 H28 O7 N1 P1",19,28,7,1,1,NA,NA,NA,NA,NA,NA
2669,413.01565,413.014893428497,413.01503460544,1898275.5,NA,307911.3,8.51,-1,-0.341820347595237,0.979022481300952,0,0.587413488780571,15,0.526315789473684,0.578947368421053,"O11","de-protonated",0,NA,"C19 H10 O11",19,10,11,NA,NA,NA,NA,NA,NA,NA,NA
2670,413.036723,413.035966372338,413.036163973539,4676395.5,NA,240290.8,24.05,-1,-0.478411380406171,0.959321023029514,0,0.575592613817708,10,0.875,0.8125,"O13","de-protonated",0,NA,"C16 H14 O13",16,14,13,NA,NA,NA,NA,NA,NA,NA,NA
2671,413.052164,413.051407331188,413.051420114824,3439409.8,NA,256073.2,17.13,-1,-0.0309492612081575,0.999826213250197,0,0.599895727950118,14,0.7,0.5,"O10","de-protonated",0,NA,"C20 H14 O10",20,14,10,NA,NA,NA,NA,NA,NA,NA,NA
2672,413.065079,413.064322296769,413.064174332664,5787447,NA,229357.5,30.27,-1,0.358210937302261,0.969468446059432,0.883247501378856,0.934980068187202,22,0.5,0.0714285714285714,"S1 O2","de-protonated",0,NA,"C28 H14 O2 S1",28,14,2,NA,NA,1,NA,NA,NA,NA,NA
2673,413.073211,413.072454275098,413.072549482923,25371450,NA,243723.8,139.84,-1,-0.230486934523113,0.993504271031094,0.997546512601683,0.995121167659329,9,1.05882352941176,0.705882352941177,"O12","de-protonated",0,NA,"C17 H18 O12",17,18,12,NA,NA,NA,NA,NA,NA,NA,NA
2675,413.101577,413.100820199503,413.10069278383,22864710,NA,248663.7,125.82,-1,0.308437324722018,0.99047008229751,0.897982717665866,0.953475136444853,8,1.27777777777778,0.5,"P1 O9","de-protonated",0,NA,"C18 H23 O9 P1",18,23,9,NA,1,NA,NA,NA,NA,NA,NA
2676,413.109568,413.108811178207,413.108934992308,43123528,NA,248086.3,239.16,-1,-0.299712957772706,0.979154123312129,0.987191505324862,0.982369076117222,8,1.22222222222222,0.611111111111111,"O11","de-protonated",0,NA,"C18 H22 O11",18,22,11,NA,NA,NA,NA,NA,NA,NA,NA
2677,413.112512,413.111755170361,413.111926173123,2589513.3,NA,302096.8,12.38,-1,-0.41393808937822,0.969388054407463,0,0.581632832644478,8,1.35294117647059,0.470588235294118,"N2 P1 O8","de-protonated",0,NA,"C17 H23 O8 N2 P1",17,23,8,2,1,NA,NA,NA,NA,NA,NA
2679,413.137836,413.137079102873,413.137078293215,26395476,NA,246868.4,145.57,-1,0.00195978173967372,0.996600394921904,0.948577205933002,0.977391119326343,7,1.42105263157895,0.421052631578947,"P1 O8","de-protonated",0,NA,"C19 H27 O8 P1",19,27,8,NA,1,NA,NA,NA,NA,NA,NA
2680,413.14588,413.145123081436,413.145320501692,26002262,NA,247477.2,143.37,-1,-0.477847009835083,0.979693887170793,0.992329244557138,0.984748030125331,7,1.36842105263158,0.526315789473684,"O10","de-protonated",0,NA,"C19 H26 O10",19,26,10,NA,NA,NA,NA,NA,NA,NA,NA
2681,413.155582,413.15482505558,413.154703416162,4515674,NA,224213.9,23.15,-1,0.294416151849294,0.492197455524615,0.753652554121787,0.596779494963484,20,0.733333333333333,0.0666666666666667,"O2","de-protonated",0,NA,"C30 H22 O2",30,22,2,NA,NA,NA,NA,NA,NA,NA,NA
2682,413.158786,413.158029047042,413.158074719532,2464347.3,NA,193125.5,11.67,-1,-0.110544833723089,0.997785124438509,0,0.598671074663106,15,0.962962962962963,0.0740740740740741,"S1 O2","de-protonated",0,NA,"C27 H26 O2 S1",27,26,2,NA,NA,1,NA,NA,NA,NA,NA
2683,413.174315,413.173558005657,413.173463802599,10257249,NA,249455.3,55.28,-1,0.227998810339761,0.986217208743424,0.963877360479243,0.977281269437751,6,1.55,0.35,"P1 O7","de-protonated",0,NA,"C20 H31 O7 P1",20,31,7,NA,1,NA,NA,NA,NA,NA,NA
2684,413.182421,413.181663984055,413.181706011076,7854948.5,NA,261398,41.84,-1,-0.101715591458691,0.992061139250908,0.997632844337923,0.994289821285714,6,1.5,0.45,"O9","de-protonated",0,NA,"C20 H30 O9",20,30,9,NA,NA,NA,NA,NA,NA,NA,NA
2685,413.195419,413.194661949415,413.194460228917,2572649.8,NA,273038.2,12.28,-1,0.488197490519874,0.95767587110489,0,0.574605522662934,14,1.07142857142857,0.0357142857142857,"S1 O1","de-protonated",0,NA,"C28 H30 O1 S1",28,30,1,NA,NA,1,NA,NA,NA,NA,NA
2686,413.210617,413.209859908913,413.209849311983,2469231.5,NA,300019,11.7,-1,0.0256453945043896,0.999880670812541,0,0.599928402487525,5,1.66666666666667,0.285714285714286,"P1 O6","de-protonated",0,NA,"C21 H35 O6 P1",21,35,6,NA,1,NA,NA,NA,NA,NA,NA
2687,413.218629,413.217871887561,413.217929329208,2289522.8,NA,278462.4,10.7,-1,-0.139010539806374,0.996499838152717,0,0.59789990289163,0,2.4375,0.125,"N4 S2 P1 O2","de-protonated",0,NA,"C16 H39 O2 S2 N4 P1",16,39,2,4,1,2,NA,NA,NA,NA,NA
2691,414.083871,414.083111581704,414.083054596401,2017476.1,NA,270842.7,9.17,-1,0.137618049782913,0.996569490441673,0,0.597941694265004,13,0.85,0.45,"N1 O9","de-protonated",0,NA,"C20 H17 O9 N1",20,17,9,1,NA,NA,NA,NA,NA,NA,NA
2692,414.09657,414.095810547861,414.095808814242,3375305,NA,194427.1,16.77,-1,0.00418651748074347,0.999996819766884,0,0.599998091860131,21,0.607142857142857,0.0357142857142857,"N1 S1 O1","de-protonated",0,NA,"C28 H17 O1 S1 N1",28,17,1,1,NA,1,NA,NA,NA,NA,NA
2695,414.133222,414.132462450184,414.132327265408,2601175.5,NA,254688.3,12.44,-1,0.326428939522614,0.980851291624655,0,0.588510774974793,7,1.44444444444444,0.444444444444444,"N1 P1 O8","de-protonated",0,NA,"C18 H26 O8 N1 P1",18,26,8,1,1,NA,NA,NA,NA,NA,NA
2701,415.031374,415.030612056622,415.030684669918,2883125.5,NA,276470.8,14.01,-1,-0.174958860145154,0.994461142693594,0,0.596676685616156,14,0.631578947368421,0.578947368421053,"O11","de-protonated",0,NA,"C19 H12 O11",19,12,11,NA,NA,NA,NA,NA,NA,NA,NA
2702,415.044394,415.043632021924,415.043438887758,3916858.8,NA,217584.1,19.8,-1,0.465334824884352,0.480735794348272,0.772687513667176,0.597516482075834,22,0.444444444444444,0.111111111111111,"S1 O3","de-protonated",0,NA,"C27 H12 O3 S1",27,12,3,NA,NA,1,NA,NA,NA,NA,NA
2703,415.05249,415.051728000348,415.051814038017,6520382,NA,255765.8,34.36,-1,-0.207293802668802,0.496116668400584,0.85154837932281,0.638289352769474,9,1,0.8125,"O13","de-protonated",0,NA,"C16 H16 O13",16,16,13,NA,NA,NA,NA,NA,NA,NA,NA
2704,415.062144,415.06138197462,415.061196952487,2333249.5,NA,259648.7,10.94,-1,0.445770730568104,0.964586324665237,0,0.578751794799142,22,0.444444444444444,0.185185185185185,"O5","de-protonated",0,NA,"C27 H12 O5",27,12,5,NA,NA,NA,NA,NA,NA,NA,NA
2705,415.067781,415.067018959598,415.067070179302,5014084,NA,263666.7,25.94,-1,-0.123401030062703,0.498620373435116,0.821075868479145,0.627602571452728,13,0.8,0.5,"O10","de-protonated",0,NA,"C20 H16 O10",20,16,10,NA,NA,NA,NA,NA,NA,NA,NA
2706,415.080744,415.079981925052,415.079824397142,17094216,NA,238043.8,93.53,-1,0.379512325391249,0.97235375276112,0.983647869942224,0.976871399633562,21,0.571428571428571,0.0714285714285714,"S1 O2","de-protonated",0,NA,"C28 H16 O2 S1",28,16,2,NA,NA,1,NA,NA,NA,NA,NA
2707,415.088758,415.087995903695,415.088199547401,18216524,NA,251078.9,99.8,-1,-0.490603459915875,0.978479209922103,0.959365412791496,0.97083369106986,8,1.17647058823529,0.705882352941177,"O12","de-protonated",0,NA,"C17 H20 O12",17,20,12,NA,NA,NA,NA,NA,NA,NA,NA
2708,415.09182,415.091057895534,415.091057786435,2472013.3,NA,200230.1,11.71,-1,0.000262833143378672,0.999999987465296,0,0.599999992479178,21,0.592592592592593,0.037037037037037,"N2 S1 O1","de-protonated",0,NA,"C27 H16 O1 S1 N2",27,16,1,2,NA,1,NA,NA,NA,NA,NA
2709,415.098537,415.097774877634,415.097582461872,7202383.5,NA,246124.2,38.18,-1,0.463543441390691,0.480880963126531,0.766236582456902,0.595023210858679,21,0.571428571428571,0.142857142857143,"O4","de-protonated",0,NA,"C28 H16 O4",28,16,4,NA,NA,NA,NA,NA,NA,NA,NA
2710,415.104068,415.103305862894,415.103455688686,6252114,NA,233070.2,32.86,-1,-0.360936028409971,0.488319499684099,0.813795485951173,0.618509894190929,12,0.952380952380952,0.428571428571429,"O9","de-protonated",0,NA,"C21 H20 O9",21,20,9,NA,NA,NA,NA,NA,NA,NA,NA
2711,415.11714,415.116377828057,415.116209906527,37127768,NA,244996,205.61,-1,0.404516918977016,0.484931111602359,0.90854363278055,0.654376120073636,20,0.689655172413793,0.0344827586206897,"S1 O1","de-protonated",0,NA,"C29 H20 O1 S1",29,20,1,NA,NA,1,NA,NA,NA,NA,NA
2712,415.125254,415.124491806433,415.124585056786,20866650,NA,246025.7,114.63,-1,-0.224632208754398,0.994069265705495,0.992331447720889,0.993374138511652,7,1.33333333333333,0.611111111111111,"O11","de-protonated",0,NA,"C18 H24 O11",18,24,11,NA,NA,NA,NA,NA,NA,NA,NA
2714,415.140616,415.139853765494,415.139841198071,6196832,NA,258384.7,32.55,-1,0.0302727465565282,0.499916863569415,0.806643077274283,0.622607349051362,11,1.09090909090909,0.363636363636364,"O8","de-protonated",0,NA,"C22 H24 O8",22,24,8,NA,NA,NA,NA,NA,NA,NA,NA
2715,415.153642,415.15287973078,415.152728357693,28255846,NA,243464.8,155.97,-1,0.364620239103747,0.987704785330119,0.979912704245547,0.98458795289629,6,1.52631578947368,0.421052631578947,"P1 O8","de-protonated",0,NA,"C19 H29 O8 P1",19,29,8,NA,1,NA,NA,NA,NA,NA,NA
2716,415.16167,415.160907709385,415.16097056617,8451688,NA,256160,45.17,-1,-0.151403405512991,0.983926209397971,0.974228996034145,0.980047324052441,6,1.47368421052632,0.526315789473684,"O10","de-protonated",0,NA,"C19 H28 O10",19,28,10,NA,NA,NA,NA,NA,NA,NA,NA
2718,415.17467,415.17390767474,415.17372478401,2352749.5,NA,271472.7,11.05,-1,0.440516148023275,0.965401762717011,0,0.579241057630207,14,1.03703703703704,0.0740740740740741,"S1 O2","de-protonated",0,NA,"C27 H28 O2 S1",27,28,2,NA,NA,1,NA,NA,NA,NA,NA
2719,415.176825,415.176062668997,415.176226707455,2314862.3,NA,284712.6,10.83,-1,-0.395105613031621,0.972071738359179,0,0.583243043015508,10,1.21739130434783,0.304347826086957,"O7","de-protonated",0,NA,"C23 H28 O7",23,28,7,NA,NA,NA,NA,NA,NA,NA,NA
2720,415.189911,415.189148634123,415.189113867077,9817715,NA,249758.5,52.81,-1,0.0837378564807028,0.997621005437614,0.941564290040889,0.975198319278924,5,1.65,0.35,"P1 O7","de-protonated",0,NA,"C20 H33 O7 P1",20,33,7,NA,1,NA,NA,NA,NA,NA,NA
2721,415.197967,415.197204612654,415.197356075554,3833462.5,NA,262836.7,19.33,-1,-0.364797361692488,0.976142530666126,0,0.585685518399675,5,1.6,0.45,"O9","de-protonated",0,NA,"C20 H32 O9",20,32,9,NA,NA,NA,NA,NA,NA,NA,NA
2722,415.234477,415.233714515356,415.233741584939,2232452.8,NA,264812.6,10.37,-1,-0.0651911931278994,0.99922915999099,0,0.599537495994594,4,1.71428571428571,0.380952380952381,"O8","de-protonated",0,NA,"C21 H36 O8",21,36,8,NA,NA,NA,NA,NA,NA,NA,NA
2724,416.062896,416.062131307631,416.062319151495,3089351.8,NA,251962.6,15.17,-1,-0.45148011534544,0.963690142510698,0,0.578214085506419,13,0.789473684210526,0.526315789473684,"N1 O10","de-protonated",0,NA,"C19 H15 O10 N1",19,15,10,1,NA,NA,NA,NA,NA,NA,NA
2727,416.099306,416.098541210599,416.098704660879,3023317.8,NA,256359.9,14.8,-1,-0.392816123697267,0.972389971152237,0,0.583433982691342,12,0.95,0.45,"N1 O9","de-protonated",0,NA,"C20 H19 O9 N1",20,19,9,1,NA,NA,NA,NA,NA,NA,NA
2728,416.112325,416.111560175904,416.11145887872,4102107,NA,188366.7,20.83,-1,0.24343762154325,0.494652308626041,0.766236582456902,0.603286018158385,20,0.678571428571429,0.0357142857142857,"N1 S1 O1","de-protonated",0,NA,"C28 H19 O1 S1 N1",28,19,1,1,NA,1,NA,NA,NA,NA,NA
2732,416.148859,416.148094078541,416.147977329886,2612713.3,NA,261984.2,12.5,-1,0.280546011867918,0.985820379311667,0,0.591492227587,6,1.55555555555556,0.444444444444444,"N1 P1 O8","de-protonated",0,NA,"C18 H28 O8 N1 P1",18,28,8,1,1,NA,NA,NA,NA,NA,NA
2736,416.221543,416.220777884839,416.220748348654,2887685.5,NA,263468.2,14.04,-1,0.0709627885808712,0.99908669301875,0,0.59945201581125,4,1.8,0.3,"N1 P1 O6","de-protonated",0,NA,"C20 H36 O6 N1 P1",20,36,6,1,1,NA,NA,NA,NA,NA,NA
2742,417.0471,417.046332684742,417.046334734396,6984007,NA,249476.2,36.95,-1,-0.00491469084042118,0.499997808632138,0.828487690504102,0.631393761380924,13,0.736842105263158,0.578947368421053,"O11","de-protonated",0,NA,"C19 H14 O11",19,14,11,NA,NA,NA,NA,NA,NA,NA,NA
2743,417.060092,417.059324650118,417.059221894018,8599884,NA,231125.3,45.99,-1,0.246382516731444,0.992824569975787,0.974243095588409,0.985391980220836,8,1.1875,0.6875,"P1 O11","de-protonated",0,NA,"C16 H19 O11 P1",16,19,11,NA,1,NA,NA,NA,NA,NA,NA
2744,417.068102,417.067334628772,417.067464102495,5119311,NA,247892.5,26.52,-1,-0.310438320843035,0.982665438752826,0,0.589599263251695,8,1.125,0.8125,"O13","de-protonated",0,NA,"C16 H18 O13",16,18,13,NA,NA,NA,NA,NA,NA,NA,NA
2745,417.077776,417.077008602991,417.076847016965,5761363,NA,235999.2,30.11,-1,0.387425066726167,0.486566206838344,0.772687513667176,0.601014729569877,21,0.518518518518518,0.185185185185185,"O5","de-protonated",0,NA,"C27 H14 O5",27,14,5,NA,NA,NA,NA,NA,NA,NA,NA
2746,417.083356,417.08258858812,417.08272024378,11567445,NA,243130.7,62.6,-1,-0.315658389730895,0.980660706386703,0.971201806937308,0.976877146606945,12,0.9,0.5,"O10","de-protonated",0,NA,"C20 H18 O10",20,18,10,NA,NA,NA,NA,NA,NA,NA,NA
2747,417.096407,417.095639553339,417.09547446162,30099802,NA,235315.6,166.29,-1,0.395812779478468,0.48286736472213,0.885679594235353,0.643992256527419,20,0.642857142857143,0.0714285714285714,"S1 O2","de-protonated",0,NA,"C28 H18 O2 S1",28,18,2,NA,NA,1,NA,NA,NA,NA,NA
2748,417.104501,417.103733531769,417.103849611879,9277789,NA,234426.6,49.79,-1,-0.278300261287578,0.493022449634282,0.843720152817574,0.633301530907599,7,1.29411764705882,0.705882352941177,"O12","de-protonated",0,NA,"C17 H22 O12",17,22,12,NA,NA,NA,NA,NA,NA,NA,NA
2749,417.107575,417.106807523577,417.106707850913,3645790.8,NA,216653.6,18.28,-1,0.238962026540116,0.494846127783761,0.772687513667176,0.605982682137127,20,0.666666666666667,0.037037037037037,"N2 S1 O1","de-protonated",0,NA,"C27 H18 O1 S1 N2",27,18,1,2,NA,1,NA,NA,NA,NA,NA
2751,417.11981,417.119042490971,417.119105753164,13629795,NA,241155.9,74.14,-1,-0.151664579026309,0.997797161640329,0.978247237012925,0.989977191789368,11,1.04761904761905,0.428571428571429,"O9","de-protonated",0,NA,"C21 H22 O9",21,22,9,NA,NA,NA,NA,NA,NA,NA,NA
2752,417.122832,417.122064482917,417.122096933979,2189156.5,NA,274420.5,10.13,-1,-0.0777975134361091,0.998902393148157,0,0.599341435888894,11,1.15,0.3,"N2 P1 O6","de-protonated",0,NA,"C20 H23 O6 N2 P1",20,23,6,2,1,NA,NA,NA,NA,NA,NA
2753,417.132881,417.132113456137,417.131992912786,38168936,NA,242687.6,211.43,-1,0.288981311730057,0.982265086418029,0.985726997197717,0.983649850729904,6,1.5,0.5,"P1 O9","de-protonated",0,NA,"C18 H27 O9 P1",18,27,9,NA,1,NA,NA,NA,NA,NA,NA
2754,417.140902,417.140134434761,417.140235121264,5864811.5,NA,245964.3,30.69,-1,-0.241373270422837,0.494742144384382,0.836034543948893,0.631259104210186,6,1.44444444444444,0.611111111111111,"O11","de-protonated",0,NA,"C18 H26 O11",18,26,11,NA,NA,NA,NA,NA,NA,NA,NA
2756,417.156206,417.155438393976,417.155491262549,8878450,NA,248535.9,47.55,-1,-0.126735890339915,0.997967209797533,0.957864635066293,0.981926179905037,10,1.18181818181818,0.363636363636364,"O8","de-protonated",0,NA,"C22 H26 O8",22,26,8,NA,NA,NA,NA,NA,NA,NA,NA
2757,417.169176,417.168408359411,417.168378422171,20367734,NA,238743.3,111.84,-1,0.0717629668859568,0.996511615455603,0.945965367219507,0.976293116161165,5,1.63157894736842,0.421052631578947,"P1 O8","de-protonated",0,NA,"C19 H31 O8 P1",19,31,8,NA,1,NA,NA,NA,NA,NA,NA
2758,417.177252,417.176484337889,417.176620630648,3599737.8,NA,253455.1,18.02,-1,-0.326702774069008,0.98081946145462,0,0.588491676872772,5,1.57894736842105,0.526315789473684,"O10","de-protonated",0,NA,"C19 H30 O10",19,30,10,NA,NA,NA,NA,NA,NA,NA,NA
2759,417.186911,417.186143312148,417.186003545118,3849597.5,NA,261682.5,19.42,-1,0.335023294391613,0.489920036802536,0.753652554121787,0.595413043730237,18,0.866666666666667,0.0666666666666667,"O2","de-protonated",0,NA,"C30 H26 O2",30,26,2,NA,NA,NA,NA,NA,NA,NA,NA
2760,417.192566,417.191798297077,417.191876771933,2696063.8,NA,261237.8,12.96,-1,-0.188102549713956,0.993600444240292,0,0.596160266544175,9,1.30434782608696,0.304347826086957,"O7","de-protonated",0,NA,"C23 H30 O7",23,30,7,NA,NA,NA,NA,NA,NA,NA,NA
2761,417.205464,417.204696262704,417.204763931555,5220741,NA,249472.2,27.09,-1,-0.162195776777226,0.992976688031425,0.901827764489139,0.95651711861451,4,1.75,0.35,"P1 O7","de-protonated",0,NA,"C20 H35 O7 P1",20,35,7,NA,1,NA,NA,NA,NA,NA,NA
2763,418.042225,418.041455032748,418.041583706589,2564810.5,NA,296943.1,12.23,-1,-0.307801533135257,0.982956146031185,0,0.589773687618711,13,0.722222222222222,0.611111111111111,"N1 O11","de-protonated",0,NA,"C18 H13 O11 N1",18,13,11,1,NA,NA,NA,NA,NA,NA,NA
2765,418.072141,418.071370953023,418.071444540536,2328278.3,NA,297714.9,10.9,-1,-0.176016597580583,0.994394157064,0,0.5966364942384,12,0.944444444444444,0.388888888888889,"N3 S1 O7","de-protonated",0,NA,"C18 H17 O7 S1 N3",18,17,7,3,NA,1,NA,NA,NA,NA,NA
2766,418.078668,418.077897935628,418.077969215973,4552409,NA,252188.9,23.35,-1,-0.170495338030327,0.994739415371816,0,0.59684364922309,12,0.894736842105263,0.526315789473684,"N1 O10","de-protonated",0,NA,"C19 H17 O10 N1",19,17,10,1,NA,NA,NA,NA,NA,NA,NA
2768,418.091654,418.090883901021,418.090723433813,3242718,NA,188852.3,16.02,-1,0.383809538045506,0.973624899753577,0,0.584174939852146,20,0.62962962962963,0.0740740740740741,"N1 S1 O2","de-protonated",0,NA,"C27 H17 O2 S1 N1",27,17,2,1,NA,1,NA,NA,NA,NA,NA
2770,418.115062,418.114291838639,418.114354725357,4294375,NA,270368.2,21.9,-1,-0.150405547429219,0.995903711671861,0,0.597542227003117,11,1.05,0.45,"N1 O9","de-protonated",0,NA,"C20 H21 O9 N1",20,21,9,1,NA,NA,NA,NA,NA,NA,NA
2773,418.128038,418.127267804058,418.127108943198,3477740,NA,188433.9,17.33,-1,0.379934371318117,0.487073949022993,0.766236582456902,0.598739002396556,19,0.75,0.0357142857142857,"N1 S1 O1","de-protonated",0,NA,"C28 H21 O1 S1 N1",28,21,1,1,NA,1,NA,NA,NA,NA,NA
2775,418.151451,418.150680741663,418.150740234742,2916597.3,NA,265896.5,14.19,-1,-0.142276631873852,0.996333736783592,0,0.597800242070155,10,1.19047619047619,0.380952380952381,"N1 O8","de-protonated",0,NA,"C21 H25 O8 N1",21,25,8,1,NA,NA,NA,NA,NA,NA,NA
2782,418.954667,418.953894601104,418.953697650646,10867758,NA,248256.6,58.68,-1,0.470100773796287,0.480347064475307,0.843720152817574,0.625696299812214,14,0.470588235294118,0.529411764705882,"S2 O9","de-protonated",0,NA,"C17 H8 O9 S2",17,8,9,NA,NA,2,NA,NA,NA,NA,NA
2783,419.026307,419.025534410184,419.025599289489,3989577.5,NA,237278.3,20.2,-1,-0.154833750684857,0.99565948903471,0,0.597395693420826,13,0.666666666666667,0.666666666666667,"O12","de-protonated",0,NA,"C18 H12 O12",18,12,12,NA,NA,NA,NA,NA,NA,NA,NA
2784,419.039219,419.038446375774,419.03835350733,2534478.8,NA,214283,12.05,-1,0.221622778491403,0.991127442820981,0,0.594676465692588,21,0.461538461538462,0.153846153846154,"S1 O4","de-protonated",0,NA,"C26 H12 O4 S1",26,12,4,NA,NA,1,NA,NA,NA,NA,NA
2785,419.06268,419.061907313251,419.061984798874,14412888,NA,248392.5,78.51,-1,-0.184902534042019,0.995773617283885,0.985090053721123,0.99150019185878,12,0.842105263157895,0.578947368421053,"O11","de-protonated",0,NA,"C19 H16 O11",19,16,11,NA,NA,NA,NA,NA,NA,NA,NA
2786,419.075614,419.074841278782,419.074739016714,16084061,NA,220877.1,87.86,-1,0.244018687274907,0.494626886979986,0.772687513667176,0.605851137654862,20,0.592592592592593,0.111111111111111,"S1 O3","de-protonated",0,NA,"C27 H16 O3 S1",27,16,3,NA,NA,1,NA,NA,NA,NA,NA
2787,419.09338,419.092607231436,419.092497081443,11138148,NA,245677.6,60.19,-1,0.262829788288213,0.493771922055517,0.772687513667176,0.605338158700181,20,0.592592592592593,0.185185185185185,"O5","de-protonated",0,NA,"C27 H16 O5",27,16,5,NA,NA,NA,NA,NA,NA,NA,NA
2788,419.098959,419.098186216568,419.098370308258,25832550,NA,240954.9,142.41,-1,-0.439256516574855,0.965029474115426,0.999575833466282,0.978848017855768,11,1,0.5,"O10","de-protonated",0,NA,"C20 H20 O10",20,20,10,NA,NA,NA,NA,NA,NA,NA,NA
2789,419.101996,419.101223208474,419.101361489073,2211943,NA,211127.9,10.25,-1,-0.329945477217749,0.980440583798956,0,0.588264350279373,11,1.10526315789474,0.368421052631579,"N2 P1 O7","de-protonated",0,NA,"C19 H21 O7 N2 P1",19,21,7,2,1,NA,NA,NA,NA,NA,NA
2790,419.111993,419.111220181832,419.111124526098,32107626,NA,230970.1,177.52,-1,0.228234776793187,0.494436526724482,0.889472662684857,0.652450981108632,19,0.714285714285714,0.0714285714285714,"S1 O2","de-protonated",0,NA,"C28 H20 O2 S1",28,20,2,NA,NA,1,NA,NA,NA,NA,NA
2791,419.129851,419.129078134241,419.128882590828,13110386,NA,241055.2,71.23,-1,0.466547215749184,0.980488122675944,0.924098573269068,0.957932302913193,19,0.714285714285714,0.142857142857143,"O4","de-protonated",0,NA,"C28 H20 O4",28,20,4,NA,NA,NA,NA,NA,NA,NA,NA
2792,419.13545,419.13467711932,419.134755817642,27421812,NA,244207.4,151.3,-1,-0.187763771616821,0.987774369182889,0.999929925846921,0.992636591848502,10,1.14285714285714,0.428571428571429,"O9","de-protonated",0,NA,"C21 H24 O9",21,24,9,NA,NA,NA,NA,NA,NA,NA,NA
2793,419.148496,419.147723084552,419.147642977264,24734842,NA,234993.5,136.27,-1,0.191119500384464,0.995675908186031,0.957846610464706,0.980544189097501,5,1.61111111111111,0.5,"P1 O9","de-protonated",0,NA,"C18 H29 O9 P1",18,29,9,NA,1,NA,NA,NA,NA,NA,NA
2795,419.171786,419.171013022485,419.171141327027,13302914,NA,244689.7,72.3,-1,-0.306091066657488,0.982044818293827,0.988133433477749,0.984480264367395,9,1.27272727272727,0.363636363636364,"O8","de-protonated",0,NA,"C22 H28 O8",22,28,8,NA,NA,NA,NA,NA,NA,NA,NA
2796,419.184811,419.184037987773,419.184028486649,15613063,NA,235424.1,85.23,-1,0.0226657606319876,0.999606362180446,0.975488962907276,0.989959402471178,4,1.73684210526316,0.421052631578947,"P1 O8","de-protonated",0,NA,"C19 H33 O8 P1",19,33,8,NA,1,NA,NA,NA,NA,NA,NA
2797,419.208185,419.207411925482,419.207526836411,3109008.3,NA,257733.9,15.27,-1,-0.274114660268551,0.986458674846633,0,0.59187520490798,8,1.39130434782609,0.304347826086957,"O7","de-protonated",0,NA,"C23 H32 O7",23,32,7,NA,NA,NA,NA,NA,NA,NA,NA
2798,419.221163,419.220389890896,419.220413996033,3194005.5,NA,266070.8,15.74,-1,-0.0574999122432242,0.999400267023824,0,0.599640160214295,3,1.85,0.35,"P1 O7","de-protonated",0,NA,"C20 H37 O7 P1",20,37,7,NA,1,NA,NA,NA,NA,NA,NA
2800,420.057988,420.05721266077,420.057233771067,4763099,NA,256776.9,24.52,-1,-0.0502557638759694,0.999541830604464,0,0.599725098362679,12,0.833333333333333,0.611111111111111,"N1 O11","de-protonated",0,NA,"C18 H15 O11 N1",18,15,11,1,NA,NA,NA,NA,NA,NA,NA
2802,420.069388,420.068612630389,420.068467160359,2878431.3,NA,197744.9,13.98,-1,0.346300760728914,0.978474951245031,0,0.587084970747018,12,0.882352941176471,0.588235294117647,"N3 O10","de-protonated",0,NA,"C17 H15 O10 N3",17,15,10,3,NA,NA,NA,NA,NA,NA,NA
2804,420.094305,420.093529563985,420.093619280451,8138217,NA,238470.1,43.41,-1,-0.213563028790244,0.495879213023224,0.828487690504102,0.628922604015576,11,1,0.526315789473684,"N1 O10","de-protonated",0,NA,"C19 H19 O10 N1",19,19,10,1,NA,NA,NA,NA,NA,NA,NA
2806,420.105685,420.104909533658,420.104852669743,2974701.5,NA,191010.5,14.52,-1,0.135356480966777,0.996681129888366,0,0.59800867793302,11,1.05555555555556,0.5,"N3 O9","de-protonated",0,NA,"C18 H19 O9 N3",18,19,9,3,NA,NA,NA,NA,NA,NA,NA
2808,420.130593,420.129817467278,420.130004789835,6876663,NA,237625,36.35,-1,-0.445868076216815,0.482285566646343,0.821075868479145,0.617801687379464,10,1.15,0.45,"N1 O9","de-protonated",0,NA,"C20 H23 O9 N1",20,23,9,1,NA,NA,NA,NA,NA,NA,NA
2811,420.143451,420.142675433012,420.142759007676,2181116,NA,197473.6,10.07,-1,-0.198919681462033,0.992845962565644,0,0.595707577539386,18,0.821428571428571,0.0357142857142857,"N1 S1 O1","de-protonated",0,NA,"C28 H23 O1 S1 N1",28,23,1,1,NA,1,NA,NA,NA,NA,NA
2813,420.167154,420.166378369844,420.16639029922,2739205.3,NA,254392.4,13.2,-1,-0.0283920279264255,0.999853743595013,0,0.599912246157008,9,1.28571428571429,0.380952380952381,"N1 O8","de-protonated",0,NA,"C21 H27 O8 N1",21,27,8,1,NA,NA,NA,NA,NA,NA,NA
2816,420.252897,420.25212114134,420.25204847761,7497254.5,NA,238922.6,39.82,-1,0.172905117269596,0.497295032092965,0.821075868479145,0.626807366647437,2,2,0.3,"N1 P1 O6","de-protonated",0,NA,"C20 H40 O6 N1 P1",20,40,6,1,1,NA,NA,NA,NA,NA,NA
2817,420.289357,420.288581044175,420.288433986994,2681396.8,NA,238376.5,12.87,-1,0.349895852896353,0.978030681372701,0,0.586818408823621,1,2.0952380952381,0.238095238095238,"N1 P1 O5","de-protonated",0,NA,"C21 H44 O5 N1 P1",21,44,5,1,1,NA,NA,NA,NA,NA,NA
2821,421.041813,421.04103503889,421.041087162715,10661721,NA,253585.5,57.52,-1,-0.123797478282045,0.498611506933371,0.875929598413485,0.649538743525417,7,1.46153846153846,0.461538461538462,"N4 S2 P1 O6","de-protonated",0,NA,"C13 H19 O6 S2 N4 P1",13,19,6,4,1,2,NA,NA,NA,NA,NA
2822,421.078351,421.077572941517,421.077634863352,28700520,NA,241937.6,158.45,-1,-0.147055624668393,0.986196213463058,0.997973635823654,0.990907182407296,11,0.947368421052632,0.578947368421053,"O11","de-protonated",0,NA,"C19 H18 O11",19,18,11,NA,NA,NA,NA,NA,NA,NA,NA
2823,421.091394,421.090615906758,421.090522022974,14524269,NA,195159.8,79.13,-1,0.222953923462964,0.99290496702747,0.994335311156515,0.993477104679088,6,1.4375,0.6875,"P1 O11","de-protonated",0,NA,"C16 H23 O11 P1",16,23,11,NA,1,NA,NA,NA,NA,NA,NA
2825,421.114751,421.113972844512,421.114020372736,51384180,NA,243579.7,285.36,-1,-0.112863077559785,0.662102244320844,0.973369430609696,0.786609118836385,10,1.1,0.5,"O10","de-protonated",0,NA,"C20 H22 O10",20,22,10,NA,NA,NA,NA,NA,NA,NA,NA
2826,421.127706,421.126927809987,421.126774590576,17973114,NA,208157.3,98.43,-1,0.363832032593477,0.488133559426093,0.766236582456902,0.599374768638417,18,0.785714285714286,0.0714285714285714,"S1 O2","de-protonated",0,NA,"C28 H22 O2 S1",28,22,2,NA,NA,1,NA,NA,NA,NA,NA
2827,421.14548,421.144701762619,421.144532655306,8234881.5,NA,243029.8,43.94,-1,0.401542226984645,0.48558386341572,0.766236582456902,0.597844951032193,18,0.785714285714286,0.142857142857143,"O4","de-protonated",0,NA,"C28 H22 O4",28,22,4,NA,NA,NA,NA,NA,NA,NA,NA
2828,421.151022,421.15024374785,421.15040588212,35925892,NA,238438.4,198.88,-1,-0.384979494441129,0.980427849677485,0.999345165408225,0.987994775969781,9,1.23809523809524,0.428571428571429,"O9","de-protonated",0,NA,"C21 H26 O9",21,26,9,NA,NA,NA,NA,NA,NA,NA,NA
2829,421.155851,421.155072734981,421.155114595975,29134726,NA,242706.1,160.88,-1,-0.0993956699546736,0.666069526561688,0.943812990419871,0.777166912104961,9,1.36842105263158,0.263157894736842,"N4 S1 O5","de-protonated",0,NA,"C19 H26 O5 S1 N4",19,26,5,4,NA,1,NA,NA,NA,NA,NA
2830,421.16412,421.163341712944,421.163160099961,19791752,NA,235583.7,108.6,-1,0.431217638409127,0.969397055911038,0.943720738074481,0.959126528776415,17,0.896551724137931,0.0344827586206897,"S1 O1","de-protonated",0,NA,"C29 H26 O1 S1",29,26,1,NA,NA,1,NA,NA,NA,NA,NA
2832,421.187575,421.186796650437,421.186791391505,10915730,NA,246803.7,58.94,-1,0.0124859854822573,0.984939405189895,0.999723207566731,0.99085292614063,8,1.36363636363636,0.363636363636364,"O8","de-protonated",0,NA,"C22 H30 O8",22,30,8,NA,NA,NA,NA,NA,NA,NA,NA
2833,421.200657,421.199878615573,421.199678551127,7643031,NA,242257.5,40.63,-1,0.474987178130239,0.979337347708718,0.957667739601044,0.970669504465648,3,1.84210526315789,0.421052631578947,"P1 O8","de-protonated",0,NA,"C19 H35 O8 P1",19,35,8,NA,1,NA,NA,NA,NA,NA,NA
2834,421.22723,421.226451544757,421.226548204259,6451105.5,NA,257601.5,33.96,-1,-0.22947153382791,0.985112670602809,0.969010419265428,0.978671770067857,2,1.9,0.35,"S1 O7","de-protonated",0,NA,"C20 H38 O7 S1",20,38,7,NA,NA,1,NA,NA,NA,NA,NA
2835,421.237041,421.236262518611,421.236064060511,2466725,NA,253600.6,11.67,-1,0.471132736673398,0.960524826926674,0,0.576314896156004,2,1.95,0.35,"P1 O7","de-protonated",0,NA,"C20 H39 O7 P1",20,39,7,NA,1,NA,NA,NA,NA,NA,NA
2839,422.084726,422.083945259542,422.084117224837,2513646.3,NA,179022.7,11.93,-1,-0.4074194869713,0.970330267699524,0,0.582198160619714,11,1,0.588235294117647,"N3 O10","de-protonated",0,NA,"C17 H17 O10 N3",17,17,10,3,NA,NA,NA,NA,NA,NA,NA
2841,422.109924,422.10914319239,422.109269344929,10012920,NA,235117.2,53.89,-1,-0.298862280427149,0.491961934412583,0.828487690504102,0.62657223684919,10,1.10526315789474,0.526315789473684,"N1 O10","de-protonated",0,NA,"C19 H21 O10 N1",19,21,10,1,NA,NA,NA,NA,NA,NA,NA
2843,422.121248,422.120467162212,422.120502734221,2878716.5,NA,172103.2,13.97,-1,-0.084269797724454,0.998712290325769,0,0.599227374195461,10,1.16666666666667,0.5,"N3 O9","de-protonated",0,NA,"C18 H21 O9 N3",18,21,9,3,NA,NA,NA,NA,NA,NA,NA
2845,422.146399,422.145618095185,422.145654854313,6865158,NA,241043.7,36.28,-1,-0.0870768844771307,0.499312566208069,0.821075868479145,0.6280178871165,9,1.25,0.45,"N1 O9","de-protonated",0,NA,"C20 H25 O9 N1",20,25,9,1,NA,NA,NA,NA,NA,NA,NA
2847,422.159251,422.158470060934,422.158409072154,8292619.5,NA,231572.9,44.26,-1,0.144468946877408,0.498110048083413,0.766236582456902,0.605360661832808,17,0.892857142857143,0.0357142857142857,"N1 S1 O1","de-protonated",0,NA,"C28 H25 O1 S1 N1",28,25,1,1,NA,1,NA,NA,NA,NA,NA
2849,422.182711,422.181929998414,422.182040363698,2074900.4,NA,274053,9.48,-1,-0.261416339790892,0.987676630827174,0,0.592605978496304,8,1.38095238095238,0.380952380952381,"N1 O8","de-protonated",0,NA,"C21 H29 O8 N1",21,29,8,1,NA,NA,NA,NA,NA,NA,NA
2859,423.021148,423.020364763992,423.020513909061,3083865.8,NA,275560.6,15.12,-1,-0.352571718348805,0.977697160668103,0,0.586618296400862,12,0.705882352941177,0.764705882352941,"O13","de-protonated",0,NA,"C17 H12 O13",17,12,13,NA,NA,NA,NA,NA,NA,NA,NA
2860,423.057667,423.056883666669,423.056899418445,21303912,NA,247296.2,117.06,-1,-0.0372332336950249,0.978864935130269,0.989547657048082,0.983138023897394,11,0.888888888888889,0.666666666666667,"O12","de-protonated",0,NA,"C18 H16 O12",18,16,12,NA,NA,NA,NA,NA,NA,NA,NA
2862,423.093994,423.093210569858,423.09328492783,53105268,NA,240076.3,294.99,-1,-0.175748408763302,0.497117030262364,0.959477627119343,0.682061269005156,10,1.05263157894737,0.578947368421053,"O11","de-protonated",0,NA,"C19 H20 O11",19,20,11,NA,NA,NA,NA,NA,NA,NA,NA
2863,423.105389,423.104605539491,423.104518317122,6707834.5,NA,180392.1,35.4,-1,0.20614851613274,0.496159295461218,0.836034543948893,0.632109394856288,10,1.11111111111111,0.555555555555556,"N2 O10","de-protonated",0,NA,"C18 H20 O10 N2",18,20,10,2,NA,NA,NA,NA,NA,NA,NA
2864,423.1223,423.121516494423,423.121428228737,8692353,NA,243507.3,46.5,-1,0.208606042002325,0.988278952841326,0.633453651653493,0.846348832366193,9,1.25,0.4,"P1 O8","de-protonated",0,NA,"C20 H25 O8 P1",20,25,8,NA,1,NA,NA,NA,NA,NA,NA
2865,423.130292,423.129508473124,423.129670437214,64197252,NA,239575.9,357.05,-1,-0.382776488799702,0.492849393604123,0.961594759477025,0.680347539953284,9,1.2,0.5,"O10","de-protonated",0,NA,"C20 H24 O10",20,24,10,NA,NA,NA,NA,NA,NA,NA,NA
2866,423.143275,423.142491438525,423.142424655054,7869065,NA,188598.7,41.89,-1,0.157827404394064,0.497745202368812,0.766236582456902,0.605141754404048,17,0.857142857142857,0.0714285714285714,"S1 O2","de-protonated",0,NA,"C28 H24 O2 S1",28,24,2,NA,NA,1,NA,NA,NA,NA,NA
2867,423.153004,423.152220412597,423.152137215799,9140877,NA,243411.9,49.01,-1,0.196612025411316,0.983334808484907,0.947990409737175,0.969197048985814,9,1.33333333333333,0.444444444444444,"N4 O8","de-protonated",0,NA,"C18 H24 O8 N4",18,24,8,4,NA,NA,NA,NA,NA,NA,NA
2868,423.1588,423.158016397151,423.157813738121,6832783,NA,256012.2,36.09,-1,0.478920685313335,0.977973760564522,0.758047392110863,0.890003213183058,8,1.38095238095238,0.333333333333333,"P1 O7","de-protonated",0,NA,"C21 H29 O7 P1",21,29,7,NA,1,NA,NA,NA,NA,NA,NA
2869,423.166791,423.166007375855,423.166055946598,27488914,NA,241231.8,151.67,-1,-0.114779393286001,0.987724074812605,0.976252645496286,0.983135503086078,8,1.33333333333333,0.428571428571429,"O9","de-protonated",0,NA,"C21 H28 O9",21,28,9,NA,NA,NA,NA,NA,NA,NA,NA
2870,423.179854,423.179070341042,423.17894310622,8465047,NA,239509.2,45.23,-1,0.300664350599481,0.491865502020803,0.836034543948893,0.629533118792039,3,1.83333333333333,0.5,"P1 O9","de-protonated",0,NA,"C18 H33 O9 P1",18,33,9,NA,1,NA,NA,NA,NA,NA,NA
2871,423.195054,423.194270300535,423.194199247505,3296925,NA,260691.1,16.31,-1,0.167896983664072,0.994898129899024,0,0.596938877939414,7,1.5,0.272727272727273,"P1 O6","de-protonated",0,NA,"C22 H33 O6 P1",22,33,6,NA,1,NA,NA,NA,NA,NA,NA
2872,423.197561,423.196777293854,423.196568229168,2379934,NA,253399.5,11.18,-1,0.494013187155119,0.95668377505595,0,0.57401026503357,16,0.96551724137931,0.103448275862069,"O3","de-protonated",0,NA,"C29 H28 O3",29,28,3,NA,NA,NA,NA,NA,NA,NA,NA
2873,423.203113,423.202329279057,423.202441455983,5481120.5,NA,246433.9,28.53,-1,-0.26506681932144,0.993508451909463,0.929325376972702,0.967835221934758,7,1.45454545454545,0.363636363636364,"O8","de-protonated",0,NA,"C22 H32 O8",22,32,8,NA,NA,NA,NA,NA,NA,NA,NA
2874,423.216242,423.215458244069,423.215328615605,4218021.5,NA,205210,21.46,-1,0.306294350922062,0.98312123816692,0,0.589872742900152,2,1.94736842105263,0.421052631578947,"P1 O8","de-protonated",0,NA,"C19 H37 O8 P1",19,37,8,NA,1,NA,NA,NA,NA,NA,NA
2875,423.252464,423.251680147538,423.251714124989,1772723.4,NA,301886.4,7.78,-1,-0.0802771729102959,0.998831351044851,0,0.599298810626911,1,2.05,0.35,"P1 O7","de-protonated",0,NA,"C20 H41 O7 P1",20,41,7,NA,1,NA,NA,NA,NA,NA,NA
2878,424.052727,424.051941014849,424.052148390638,2777065.8,NA,289179.1,13.4,-1,-0.489033696581982,0.957533883377867,0,0.57452033002672,11,0.882352941176471,0.705882352941177,"N1 O12","de-protonated",0,NA,"C17 H15 O12 N1",17,15,12,1,NA,NA,NA,NA,NA,NA,NA
2881,424.089282,424.08849591743,424.088533900023,9178104,NA,248957,49.21,-1,-0.0895628848232008,0.499272783101238,0.836034543948893,0.6339774874403,10,1.05555555555556,0.611111111111111,"N1 O11","de-protonated",0,NA,"C18 H19 O11 N1",18,19,11,1,NA,NA,NA,NA,NA,NA,NA
2883,424.100647,424.099860887143,424.099767289315,2401788.3,NA,193298.6,11.3,-1,0.220697663257627,0.991201035107312,0,0.594720621064387,10,1.11764705882353,0.588235294117647,"N3 O10","de-protonated",0,NA,"C17 H19 O10 N3",17,19,10,3,NA,NA,NA,NA,NA,NA,NA
2886,424.138472,424.137685786339,424.137673627247,2167306.8,NA,192057.6,9.99,-1,0.0286677956068216,0.99985088887529,0,0.599910533325174,17,0.851851851851852,0.0740740740740741,"N1 S1 O2","de-protonated",0,NA,"C27 H23 O2 S1 N1",27,23,2,1,NA,1,NA,NA,NA,NA,NA
2892,424.222774,424.221987561676,424.22181097709,1736747.5,NA,241641,7.58,-1,0.416255320958671,0.969049736943392,0,0.581429842166035,2,2.11764705882353,0.411764705882353,"N3 P1 O7","de-protonated",0,NA,"C17 H36 O7 N3 P1",17,36,7,3,1,NA,NA,NA,NA,NA,NA
2898,425.015795,425.015006448287,425.01503460544,1942366.6,NA,254938.8,8.73,-1,-0.0662497812100647,0.999203932665227,0,0.599522359599136,16,0.5,0.55,"O11","de-protonated",0,NA,"C20 H10 O11",20,10,11,NA,NA,NA,NA,NA,NA,NA,NA
2899,425.026189,425.025400420587,425.025419841617,1636962.6,NA,201013.5,7.02,-1,-0.0456938092449286,0.999621220651209,0,0.599772732390725,15,0.714285714285714,0.285714285714286,"S1 P1 O6","de-protonated",0,NA,"C21 H15 O6 S1 P1",21,15,6,NA,1,1,NA,NA,NA,NA,NA
2900,425.036783,425.035994392354,425.036163973539,7388519,NA,245964,39.2,-1,-0.398980603383239,0.485764575798541,0.843720152817574,0.628946806606154,11,0.823529411764706,0.764705882352941,"O13","de-protonated",0,NA,"C17 H14 O13",17,14,13,NA,NA,NA,NA,NA,NA,NA,NA
2901,425.073273,425.072484295109,425.072549482923,35517812,NA,220744.6,196.58,-1,-0.153356915067904,0.993776846572268,0.993538414772429,0.993681473852332,10,1,0.666666666666667,"O12","de-protonated",0,NA,"C18 H18 O12",18,18,12,NA,NA,NA,NA,NA,NA,NA,NA
2902,425.101568,425.100779219703,425.10069278383,14833024,NA,240056.4,80.85,-1,0.203330349658715,0.993081250924907,0.770796482617595,0.904167343601982,9,1.21052631578947,0.473684210526316,"P1 O9","de-protonated",0,NA,"C19 H23 O9 P1",19,23,9,NA,1,NA,NA,NA,NA,NA,NA
2903,425.109554,425.10876519842,425.108934992308,65443204,NA,239939.9,364.02,-1,-0.399412652759888,0.492861575587708,0.965661646195357,0.681981603830768,9,1.15789473684211,0.578947368421053,"O11","de-protonated",0,NA,"C19 H22 O11",19,22,11,NA,NA,NA,NA,NA,NA,NA,NA
2904,425.137938,425.137149122777,425.137078293215,17610126,NA,248004.1,96.39,-1,0.166604058660046,0.981504613339752,0.858416900936074,0.932269528378281,8,1.35,0.4,"P1 O8","de-protonated",0,NA,"C20 H27 O8 P1",20,27,8,NA,1,NA,NA,NA,NA,NA,NA
2905,425.145999,425.145210101295,425.145320501692,44791184,NA,241047.3,248.47,-1,-0.259676848755134,0.993833946987259,0.994193368108683,0.993977715435828,8,1.3,0.5,"O10","de-protonated",0,NA,"C20 H26 O10",20,26,10,NA,NA,NA,NA,NA,NA,NA,NA
2906,425.159039,425.158250066543,425.158074719532,4646294,NA,194959.3,23.86,-1,0.4124278040308,0.484803801854683,0.766236582456902,0.597376914095571,16,0.928571428571429,0.0714285714285714,"S1 O2","de-protonated",0,NA,"C28 H26 O2 S1",28,26,2,NA,NA,1,NA,NA,NA,NA,NA
2908,425.18245,425.181661004154,425.181706011076,13141407,NA,245522.5,71.39,-1,-0.105853384925157,0.98794215140164,0.962106896300621,0.977608049361232,7,1.42857142857143,0.428571428571429,"O9","de-protonated",0,NA,"C21 H30 O9",21,30,9,NA,NA,NA,NA,NA,NA,NA,NA
2909,425.195422,425.194632969583,425.194460228917,5497252,NA,251454.1,28.62,-1,0.406262740328305,0.485247999315364,0.759892473118277,0.595105788836529,15,1.03448275862069,0.0344827586206897,"S1 O1","de-protonated",0,NA,"C29 H30 O1 S1",29,30,1,NA,NA,1,NA,NA,NA,NA,NA
2910,425.210844,425.210054928484,425.209849311983,2944938.3,NA,257297.1,14.34,-1,0.483564764612334,0.958458482916629,0,0.575075089749977,6,1.59090909090909,0.272727272727273,"P1 O6","de-protonated",0,NA,"C22 H35 O6 P1",22,35,6,NA,1,NA,NA,NA,NA,NA,NA
2911,425.218723,425.217933907486,425.218091520461,2168237,NA,293010.2,9.99,-1,-0.370663848218712,0.97537863345344,0,0.585227180072064,6,1.54545454545455,0.363636363636364,"O8","de-protonated",0,NA,"C22 H34 O8",22,34,8,NA,NA,NA,NA,NA,NA,NA,NA
2914,426.068537,426.067745642745,426.067798455116,5343990,NA,225724.1,27.76,-1,-0.123952976324385,0.997216043044813,0,0.598329625826888,10,1,0.705882352941177,"N1 O12","de-protonated",0,NA,"C17 H17 O12 N1",17,17,12,1,NA,NA,NA,NA,NA,NA,NA
2915,426.071239,426.070447635544,426.07065669415,2553591,NA,272008.4,12.15,-1,-0.490666518816134,0.957255990727531,0,0.574353594436519,23,0.481481481481481,0.037037037037037,"N3 S1 O1","de-protonated",0,NA,"C27 H13 O1 S1 N3",27,13,1,3,NA,1,NA,NA,NA,NA,NA
2919,426.133319,426.132527470102,426.132327265408,2374927,NA,262639.3,11.15,-1,0.469818131936917,0.96074043911247,0,0.576444263467482,8,1.36842105263158,0.421052631578947,"N1 P1 O8","de-protonated",0,NA,"C19 H26 O8 N1 P1",19,26,8,1,1,NA,NA,NA,NA,NA,NA
2922,426.177637,426.176845351995,426.176954983269,4384544,NA,241338.7,22.39,-1,-0.257243554017691,0.988064569109971,0,0.592838741465982,7,1.45,0.45,"N1 O9","de-protonated",0,NA,"C20 H29 O9 N1",20,29,9,1,NA,NA,NA,NA,NA,NA,NA
2928,427.031122,427.03032807747,427.030522478666,2751081.8,NA,271423.2,13.25,-1,-0.45523958039697,0.963094266305037,0,0.577856559783022,10,1.13333333333333,0.333333333333333,"N4 S2 P1 O5","de-protonated",0,NA,"C15 H17 O5 S2 N4 P1",15,17,5,4,1,2,NA,NA,NA,NA,NA
2929,427.041925,427.04113104868,427.041069906095,3993710,NA,214121.8,20.2,-1,0.143177293691198,0.996287258904052,0,0.597772355342431,14,0.80952380952381,0.285714285714286,"S1 P1 O6","de-protonated",0,NA,"C21 H17 O6 S1 P1",21,17,6,NA,1,1,NA,NA,NA,NA,NA
2930,427.052461,427.051667020602,427.051814038017,12478578,NA,240064.8,67.67,-1,-0.344261306598674,0.489362514681932,0.843720152817574,0.631105569936189,10,0.941176470588235,0.764705882352941,"O13","de-protonated",0,NA,"C17 H16 O13",17,16,13,NA,NA,NA,NA,NA,NA,NA,NA
2931,427.080902,427.080107944807,427.079957338924,13129853,NA,235432.9,71.32,-1,0.352640952069573,0.97646883981652,0.845318303762967,0.924008625395099,9,1.16666666666667,0.555555555555556,"P1 O10","de-protonated",0,NA,"C18 H21 O10 P1",18,21,10,NA,1,NA,NA,NA,NA,NA,NA
2932,427.088965,427.088170923319,427.088199547401,41687168,NA,238032.9,231.1,-1,-0.0670214782123959,0.998714602417166,0.982261873467104,0.992133510837142,9,1.11111111111111,0.666666666666667,"O12","de-protonated",0,NA,"C18 H20 O12",18,20,12,NA,NA,NA,NA,NA,NA,NA,NA
2933,427.091927,427.091132915425,427.091057786435,3096705.3,NA,214280.6,15.18,-1,0.175908601297835,0.994401014678403,0,0.596640608807042,22,0.571428571428571,0.0357142857142857,"N2 S1 O1","de-protonated",0,NA,"C28 H16 O1 S1 N2",28,16,1,2,NA,1,NA,NA,NA,NA,NA
2935,427.117291,427.116496847831,427.116342848308,31914124,NA,236937.3,176.42,-1,0.360556379720859,0.98796933203219,0.935488380385631,0.966976951373566,8,1.31578947368421,0.473684210526316,"P1 O9","de-protonated",0,NA,"C19 H25 O9 P1",19,25,9,NA,1,NA,NA,NA,NA,NA,NA
2936,427.125293,427.124498826505,427.124585056786,45168784,NA,238714.9,250.58,-1,-0.201885546591994,0.985194673935121,0.989647181666131,0.986975677027525,8,1.26315789473684,0.578947368421053,"O11","de-protonated",0,NA,"C19 H24 O11",19,24,11,NA,NA,NA,NA,NA,NA,NA,NA
2937,427.128309,427.127514818468,427.127576237601,2806927.3,NA,257685.9,13.56,-1,-0.14379575616835,0.996255175098134,0,0.59775310505888,8,1.38888888888889,0.444444444444444,"N2 P1 O8","de-protonated",0,NA,"C18 H25 O8 N2 P1",18,25,8,2,1,NA,NA,NA,NA,NA,NA
2939,427.153597,427.152802751076,427.152728357693,21940378,NA,238237.6,120.61,-1,0.174161085967919,0.9915285738354,0.946757762127954,0.973620249152421,7,1.45,0.4,"P1 O8","de-protonated",0,NA,"C20 H29 O8 P1",20,29,8,NA,1,NA,NA,NA,NA,NA,NA
2940,427.161646,427.160851729625,427.16097056617,20727964,NA,237198.4,113.83,-1,-0.278200849301966,0.992601398974125,0.983296800878992,0.988879559736072,7,1.4,0.5,"O10","de-protonated",0,NA,"C20 H28 O10",20,28,10,NA,NA,NA,NA,NA,NA,NA,NA
2941,427.171343,427.170548703783,427.17035348064,3305632,NA,271284.5,16.35,-1,0.457014726912654,0.481405658396737,0.747514279669976,0.587849106906033,20,0.774193548387097,0.0645161290322581,"O2","de-protonated",0,NA,"C31 H24 O2",31,24,2,NA,NA,NA,NA,NA,NA,NA,NA
2942,427.174698,427.173903694842,427.17372478401,5087393.5,NA,223420,26.32,-1,0.418824522803722,0.484336281539713,0.766236582456902,0.597096401906589,15,1,0.0714285714285714,"S1 O2","de-protonated",0,NA,"C28 H28 O2 S1",28,28,2,NA,NA,1,NA,NA,NA,NA,NA
2943,427.190083,427.189288653841,427.189113867077,9080999,NA,243597.3,48.66,-1,0.409155473476742,0.974705206047655,0.933645212532689,0.958281208641669,6,1.57142857142857,0.333333333333333,"P1 O7","de-protonated",0,NA,"C21 H33 O7 P1",21,33,7,NA,1,NA,NA,NA,NA,NA,NA
2944,427.198164,427.197369632305,427.197356075554,5335210.5,NA,261613.8,27.71,-1,0.0317341639983836,0.499908643747196,0.813795485951173,0.625463380628787,6,1.52380952380952,0.428571428571429,"O9","de-protonated",0,NA,"C21 H32 O9",21,32,9,NA,NA,NA,NA,NA,NA,NA,NA
2945,427.211172,427.210377597639,427.210243235176,2325167.5,NA,226544.5,10.87,-1,0.314511332370155,0.982211685353174,0,0.589327011211904,1,2.05555555555556,0.5,"P1 O9","de-protonated",0,NA,"C18 H37 O9 P1",18,37,9,NA,1,NA,NA,NA,NA,NA,NA
2947,428.063309,428.062512326706,428.062319151495,2534392.3,NA,230039.2,11.86,-1,0.451278243527439,0.963722009837783,0,0.57823320590267,14,0.75,0.5,"N1 O10","de-protonated",0,NA,"C20 H15 O10 N1",20,15,10,1,NA,NA,NA,NA,NA,NA,NA
2948,428.076104,428.075307292608,428.075206311117,2707965.3,NA,195328.1,12.82,-1,0.235896612388329,0.989953691246298,0,0.593972214747779,9,1.17647058823529,0.588235294117647,"N1 P1 O10","de-protonated",0,NA,"C17 H20 O10 N1 P1",17,20,10,1,1,NA,NA,NA,NA,NA,NA
2951,428.099292,428.098495230812,428.098704660879,2300422.3,NA,230812.5,10.57,-1,-0.489209765564267,0.957503958595487,0,0.574502375157292,13,0.904761904761905,0.428571428571429,"N1 O9","de-protonated",0,NA,"C21 H19 O9 N1",21,19,9,1,NA,NA,NA,NA,NA,NA,NA
2952,428.112368,428.111571195965,428.11145887872,3726859.3,NA,178161.5,18.44,-1,0.262355148297899,0.493794256061494,0.759892473118277,0.600233542884207,21,0.655172413793103,0.0344827586206897,"N1 S1 O1","de-protonated",0,NA,"C29 H19 O1 S1 N1",29,19,1,1,NA,1,NA,NA,NA,NA,NA
2955,428.13373,428.132933139036,428.132721188601,2110739.5,NA,157779.7,9.53,-1,0.49505778094721,0.956504443620808,0,0.573902666172485,3,1.86666666666667,0.733333333333333,"N1 P1 O11","de-protonated",0,NA,"C15 H28 O11 N1 P1",15,28,11,1,1,NA,NA,NA,NA,NA,NA
2956,428.148741,428.147944099031,428.147977329886,2893337.3,NA,195553.3,13.84,-1,-0.0776153476699924,0.998907524499098,0,0.599344514699458,7,1.47368421052632,0.421052631578947,"N1 P1 O8","de-protonated",0,NA,"C19 H28 O8 N1 P1",19,28,8,1,1,NA,NA,NA,NA,NA,NA
2962,429.047144,429.046344704801,429.046334734396,4198259.5,NA,248070.3,21.04,-1,0.0232385274269479,0.999902017219524,0,0.599941210331714,14,0.7,0.55,"O11","de-protonated",0,NA,"C20 H14 O11",20,14,11,NA,NA,NA,NA,NA,NA,NA,NA
2963,429.060158,429.059358670119,429.059221894018,6673272.5,NA,226279.8,34.68,-1,0.3187814033455,0.985957677612562,0.906413166610064,0.954139873211563,9,1.11764705882353,0.647058823529412,"P1 O11","de-protonated",0,NA,"C17 H19 O11 P1",17,19,11,NA,1,NA,NA,NA,NA,NA,NA
2964,429.068235,429.067435648593,429.067464102495,13708156,NA,239649.2,73.48,-1,-0.0663156822672852,0.499601174377806,0.843720152817574,0.637248765753713,9,1.05882352941176,0.764705882352941,"O13","de-protonated",0,NA,"C17 H18 O13",17,18,13,NA,NA,NA,NA,NA,NA,NA,NA
2965,429.07786,429.077060622943,429.076847016965,4403071.5,NA,249419.1,22.16,-1,0.497826855407072,0.47801369570047,0.766236582456902,0.593302850403043,22,0.5,0.178571428571429,"O5","de-protonated",0,NA,"C28 H14 O5",28,14,5,NA,NA,NA,NA,NA,NA,NA,NA
2966,429.083522,429.082722607854,429.08272024378,5699457.5,NA,243894.8,29.31,-1,0.00550959928918857,0.499997246008063,0.813795485951173,0.625516541985307,13,0.857142857142857,0.476190476190476,"O10","de-protonated",0,NA,"C21 H18 O10",21,18,10,NA,NA,NA,NA,NA,NA,NA,NA
2967,429.096486,429.095686573305,429.09547446162,27286406,NA,231610.7,148.36,-1,0.494322819145214,0.481792500473616,0.927772711762754,0.660184584989272,21,0.620689655172414,0.0689655172413793,"S1 O2","de-protonated",0,NA,"C29 H18 O2 S1",29,18,2,NA,NA,1,NA,NA,NA,NA,NA
2968,429.104519,429.103719551897,429.103849611879,26090378,NA,237211.6,141.76,-1,-0.303096750222424,0.984655818846064,0.990013796279729,0.98679900981953,8,1.22222222222222,0.666666666666667,"O12","de-protonated",0,NA,"C18 H22 O12",18,22,12,NA,NA,NA,NA,NA,NA,NA,NA
2970,429.119887,429.119087510942,429.119105753164,6187919.5,NA,233626.6,32.01,-1,-0.0425108610201792,0.499836072267141,0.806643077274283,0.622558874269998,12,1,0.409090909090909,"O9","de-protonated",0,NA,"C22 H22 O9",22,22,9,NA,NA,NA,NA,NA,NA,NA,NA
2971,429.13295,429.132150476129,429.131992912786,38443924,NA,236512.5,209.89,-1,0.367167550342565,0.980547310593268,0.967550679350045,0.975348658095978,7,1.42105263157895,0.473684210526316,"P1 O9","de-protonated",0,NA,"C19 H27 O9 P1",19,27,9,NA,1,NA,NA,NA,NA,NA,NA
2972,429.141006,429.14020645466,429.140235121264,17988504,NA,236516.2,97.08,-1,-0.0668000843311718,0.999548005346484,0.988455528092422,0.995111014444859,7,1.36842105263158,0.578947368421053,"O11","de-protonated",0,NA,"C19 H26 O11",19,26,11,NA,NA,NA,NA,NA,NA,NA,NA
2974,429.156307,429.155507413883,429.155491262549,4748189.5,NA,206339.2,24.07,-1,0.0376351570378551,0.499871514094083,0.799615297578637,0.619769027487904,11,1.1304347826087,0.347826086956522,"O8","de-protonated",0,NA,"C23 H26 O8",23,26,8,NA,NA,NA,NA,NA,NA,NA,NA
2975,429.169372,429.168572379065,429.168378422171,18250658,NA,238631,98.53,-1,0.451936591894544,0.981491607081024,0.984435839763116,0.98266930015386,6,1.55,0.4,"P1 O8","de-protonated",0,NA,"C20 H31 O8 P1",20,31,8,NA,1,NA,NA,NA,NA,NA,NA
2976,429.177417,429.176617357625,429.176620630648,7842725.5,NA,242515.5,41.13,-1,-0.007626284272997,0.99747498145949,0.973689056797264,0.9879606115946,6,1.5,0.5,"O10","de-protonated",0,NA,"C20 H30 O10",20,30,10,NA,NA,NA,NA,NA,NA,NA,NA
2978,429.190411,429.189611322996,429.18950779027,3293098.8,NA,255456.2,16.04,-1,0.24122846509757,0.989496835739855,0,0.593698101443913,1,2.05882352941176,0.588235294117647,"P1 O10","de-protonated",0,NA,"C17 H35 O10 P1",17,35,10,NA,1,NA,NA,NA,NA,NA,NA
2979,429.205641,429.204841282408,429.204763931555,4725680.5,NA,260364.8,23.94,-1,0.180219000550311,0.989237294008056,0.855642936658008,0.935799551068037,5,1.66666666666667,0.333333333333333,"P1 O7","de-protonated",0,NA,"C21 H35 O7 P1",21,35,7,NA,1,NA,NA,NA,NA,NA,NA
2980,429.213679,429.212879260987,429.213006140032,3093427.8,NA,238426.1,14.94,-1,-0.295608574625511,0.984269251371232,0,0.590561550822739,5,1.61904761904762,0.428571428571429,"O9","de-protonated",0,NA,"C21 H34 O9",21,34,9,NA,NA,NA,NA,NA,NA,NA,NA
2981,429.250299,429.249499163396,429.249391649417,2398657.8,NA,242391.8,11.11,-1,0.250469729341358,0.988681344655493,0,0.593208806793296,4,1.72727272727273,0.363636363636364,"O8","de-protonated",0,NA,"C22 H38 O8",22,38,8,NA,NA,NA,NA,NA,NA,NA,NA
2985,430.091687,430.090884921109,430.090723433813,3592453.5,NA,222951.1,17.69,-1,0.375472630975942,0.487371915107603,0.766236582456902,0.598917782047323,21,0.607142857142857,0.0714285714285714,"N1 S1 O2","de-protonated",0,NA,"C28 H17 O2 S1 N1",28,17,2,1,NA,1,NA,NA,NA,NA,NA
2988,430.115145,430.114342858594,430.114354725357,2416910.5,NA,264363.5,11.21,-1,-0.0275897873898848,0.999861891456825,0,0.599917134874095,12,1,0.428571428571429,"N1 O9","de-protonated",0,NA,"C21 H21 O9 N1",21,21,9,1,NA,NA,NA,NA,NA,NA,NA
2989,430.128116,430.127313824026,430.127108943198,3815187.5,NA,181166,18.92,-1,0.476326239822171,0.479833806347009,0.759892473118277,0.591857273055516,20,0.724137931034483,0.0344827586206897,"N1 S1 O1","de-protonated",0,NA,"C29 H21 O1 S1 N1",29,21,1,1,NA,1,NA,NA,NA,NA,NA
2992,430.149221,430.148418767782,430.148238311297,2059035.6,NA,183764.3,9.24,-1,0.4195216172643,0.968569850697247,0,0.581141910418348,15,0.961538461538462,0.115384615384615,"N1 S1 O3","de-protonated",0,NA,"C26 H25 O3 S1 N1",26,25,3,1,NA,1,NA,NA,NA,NA,NA
3000,431.02637,431.025565430192,431.025599289489,2822764.8,NA,253384.6,13.45,-1,-0.0785551880140811,0.9988809217503,0,0.59932855305018,14,0.631578947368421,0.631578947368421,"O12","de-protonated",0,NA,"C19 H12 O12",19,12,12,NA,NA,NA,NA,NA,NA,NA,NA
3001,431.039361,431.038556395572,431.03835350733,2965617.8,NA,233305.2,14.23,-1,0.470696494060944,0.960596437782196,0,0.576357862669317,22,0.444444444444444,0.148148148148148,"S1 O4","de-protonated",0,NA,"C27 H12 O4 S1",27,12,4,NA,NA,1,NA,NA,NA,NA,NA
3002,431.062692,431.061887333395,431.061984798874,7329403,NA,243212,38.3,-1,-0.226105484353311,0.495383282992771,0.821075868479145,0.625660317187321,13,0.8,0.55,"O11","de-protonated",0,NA,"C20 H16 O11",20,16,11,NA,NA,NA,NA,NA,NA,NA,NA
3003,431.075696,431.074891298739,431.074739016714,16281216,NA,216761.4,87.67,-1,0.353261305855153,0.979796786121232,0.942192354791661,0.964755013589404,21,0.571428571428571,0.107142857142857,"S1 O3","de-protonated",0,NA,"C28 H16 O3 S1",28,16,3,NA,NA,1,NA,NA,NA,NA,NA
3004,431.08375,431.082945277276,431.083114166973,8326787,NA,239665.7,43.8,-1,-0.391779895763668,0.486266715064595,0.843720152817574,0.629248090165787,8,1.17647058823529,0.764705882352941,"O13","de-protonated",0,NA,"C17 H20 O13",17,20,13,NA,NA,NA,NA,NA,NA,NA,NA
3006,431.099119,431.098314236317,431.098370308258,11177609,NA,233609.5,59.52,-1,-0.130067623696217,0.985189794896619,0.998915192377696,0.99067995388905,12,0.952380952380952,0.476190476190476,"O10","de-protonated",0,NA,"C21 H20 O10",21,20,10,NA,NA,NA,NA,NA,NA,NA,NA
3007,431.112184,431.111379201499,431.11125746788,36494988,NA,229902.8,199.14,-1,0.282371701670219,0.989622986519628,0.995668363850451,0.992041137451958,7,1.38888888888889,0.555555555555556,"P1 O10","de-protonated",0,NA,"C18 H25 O10 P1",18,25,10,NA,1,NA,NA,NA,NA,NA,NA
3008,431.120293,431.119488179889,431.119499676357,9531025,NA,234715.7,50.44,-1,-0.0266665470053401,0.499935489652472,0.836034543948893,0.634375111371041,7,1.33333333333333,0.666666666666667,"O12","de-protonated",0,NA,"C18 H24 O12",18,24,12,NA,NA,NA,NA,NA,NA,NA,NA
3010,431.13558,431.134775139149,431.134755817642,11574935,NA,236752.2,61.71,-1,0.0448154708182312,0.989032178240446,0.948887654930889,0.972974368916623,11,1.09090909090909,0.409090909090909,"O9","de-protonated",0,NA,"C22 H24 O9",22,24,9,NA,NA,NA,NA,NA,NA,NA,NA
3011,431.148594,431.147789104467,431.147642977264,30342812,NA,233031.9,165.21,-1,0.338926131929064,0.986692643579508,0.990707110504613,0.98829843034955,6,1.52631578947368,0.473684210526316,"P1 O9","de-protonated",0,NA,"C19 H29 O9 P1",19,29,9,NA,1,NA,NA,NA,NA,NA,NA
3012,431.156621,431.155816083075,431.155885185742,5161631,NA,236476.9,26.34,-1,-0.160273044368727,0.497674945779104,0.828487690504102,0.630000043669103,6,1.47368421052632,0.578947368421053,"O11","de-protonated",0,NA,"C19 H28 O11",19,28,11,NA,NA,NA,NA,NA,NA,NA,NA
3014,431.171804,431.170999042613,431.171141327027,6581924.5,NA,228680,34.18,-1,-0.329995215365015,0.985593456000006,0.973991004768721,0.980952475507492,10,1.21739130434783,0.347826086956522,"O8","de-protonated",0,NA,"C23 H28 O8",23,28,8,NA,NA,NA,NA,NA,NA,NA,NA
3015,431.184858,431.184053007824,431.184028486649,10188458,NA,230510.4,54.07,-1,0.0568693968849097,0.998808889299782,0.927655020634532,0.970347341833682,5,1.65,0.4,"P1 O8","de-protonated",0,NA,"C20 H33 O8 P1",20,33,8,NA,1,NA,NA,NA,NA,NA,NA
3016,431.192779,431.191973986715,431.192108503874,2388652.8,NA,241273.6,11.05,-1,-0.311965725423799,0.982495947008395,0,0.589497568205037,0,2.46666666666667,0.266666666666667,"N4 S2 P1 O4","de-protonated",0,NA,"C15 H37 O4 S2 N4 P1",15,37,4,4,1,2,NA,NA,NA,NA,NA
3017,431.208327,431.20752194528,431.207526836411,2544818.8,NA,248056.4,11.91,-1,-0.0113428706444932,0.999976654954882,0,0.599985992972929,9,1.33333333333333,0.291666666666667,"O7","de-protonated",0,NA,"C24 H32 O7",24,32,7,NA,NA,NA,NA,NA,NA,NA,NA
3018,431.221365,431.220559910534,431.220413996033,2386615.8,NA,257287.9,11.04,-1,0.33837567974566,0.97943879457414,0,0.587663276744484,4,1.76190476190476,0.333333333333333,"P1 O7","de-protonated",0,NA,"C21 H37 O7 P1",21,37,7,NA,1,NA,NA,NA,NA,NA,NA
3020,432.057958,432.057150681026,432.057233771067,3513336.8,NA,241772.9,17.25,-1,-0.192312579659372,0.993311745114126,0,0.595987047068476,13,0.789473684210526,0.578947368421053,"N1 O11","de-protonated",0,NA,"C19 H15 O11 N1",19,15,11,1,NA,NA,NA,NA,NA,NA,NA
3021,432.071018,432.070210646221,432.070120930689,2387197.8,NA,180188,11.04,-1,0.207641139173031,0.992207389487526,0,0.595324433692515,8,1.25,0.6875,"N1 P1 O11","de-protonated",0,NA,"C16 H20 O11 N1 P1",16,20,11,1,1,NA,NA,NA,NA,NA,NA
3023,432.094266,432.093458584265,432.093619280451,4545542.5,NA,240416.5,22.94,-1,-0.371901316196613,0.975216018903381,0,0.585129611342028,12,0.95,0.5,"N1 O10","de-protonated",0,NA,"C20 H19 O10 N1",20,19,10,1,NA,NA,NA,NA,NA,NA,NA
3025,432.1073,432.10649254953,432.106373498291,3294731.8,NA,177819.6,16.05,-1,0.275513729425406,0.986321045589335,0,0.591792627353601,20,0.678571428571429,0.0714285714285714,"N1 S1 O2","de-protonated",0,NA,"C28 H19 O2 S1 N1",28,19,2,1,NA,1,NA,NA,NA,NA,NA
3028,432.130825,432.130017486836,432.130004789835,3147796.8,NA,228072.4,15.24,-1,0.0293823632780975,0.999843363395263,0,0.599906018037158,11,1.0952380952381,0.428571428571429,"N1 O9","de-protonated",0,NA,"C21 H23 O9 N1",21,23,9,1,NA,NA,NA,NA,NA,NA,NA
3031,432.143428,432.142620453249,432.142759007676,2333977.5,NA,144516.7,10.75,-1,-0.320621886163445,0.981520250261601,0,0.588912150156961,19,0.793103448275862,0.0344827586206897,"N1 S1 O1","de-protonated",0,NA,"C29 H23 O1 S1 N1",29,23,1,1,NA,1,NA,NA,NA,NA,NA
3033,432.167111,432.166303390134,432.16639029922,1933858.5,NA,254719,8.54,-1,-0.201100981387874,0.992688781896779,0,0.595613269138068,10,1.22727272727273,0.363636363636364,"N1 O8","de-protonated",0,NA,"C22 H27 O8 N1",22,27,8,1,NA,NA,NA,NA,NA,NA,NA
3036,432.970112,432.969302250148,432.969347715124,1882454.3,NA,282456.1,8.26,-1,-0.105007377795598,0.998001247270276,0,0.598800748362166,14,0.555555555555556,0.5,"S2 O9","de-protonated",0,NA,"C18 H10 O9 S2",18,10,9,NA,NA,2,NA,NA,NA,NA,NA
3038,433.042061,433.041251058405,433.041249353967,6480242,NA,244351.4,33.61,-1,0.00393597167395247,0.499998594511972,0.828487690504102,0.631394232908824,13,0.736842105263158,0.631578947368421,"O12","de-protonated",0,NA,"C19 H14 O12",19,14,12,NA,NA,NA,NA,NA,NA,NA,NA
3039,433.055023,433.054213023862,433.054003571808,4795767,NA,217850.8,24.32,-1,0.483662666471311,0.479221007418734,0.772687513667176,0.596607609918111,21,0.518518518518518,0.148148148148148,"S1 O4","de-protonated",0,NA,"C27 H14 O4 S1",27,14,4,NA,NA,1,NA,NA,NA,NA,NA
3040,433.072762,433.071951976588,433.071761636537,5321085.5,NA,232453.2,27.22,-1,0.439511571550887,0.482778317928483,0.772687513667176,0.598741996223961,21,0.518518518518518,0.222222222222222,"O6","de-protonated",0,NA,"C27 H14 O6",27,14,6,NA,NA,NA,NA,NA,NA,NA,NA
3041,433.07831,433.077499961802,433.077634863352,14045568,NA,235440.1,75.33,-1,-0.31149507257405,0.983397500334069,0.9818437022698,0.982775981108361,12,0.9,0.55,"O11","de-protonated",0,NA,"C20 H18 O11",20,18,11,NA,NA,NA,NA,NA,NA,NA,NA
3042,433.091328,433.09051792711,433.090389081192,18006404,NA,222055.4,97.17,-1,0.2975035252781,0.985995258617762,0.935928327403973,0.965968486132247,20,0.642857142857143,0.107142857142857,"S1 O3","de-protonated",0,NA,"C28 H18 O3 S1",28,18,3,NA,NA,1,NA,NA,NA,NA,NA
3044,433.11479,433.113979864584,433.114020372736,19792270,NA,232841.1,107.02,-1,-0.093527686255663,0.998232390305858,0.986068066271515,0.993366660692121,11,1.04761904761905,0.476190476190476,"O10","de-protonated",0,NA,"C21 H22 O10",21,22,10,NA,NA,NA,NA,NA,NA,NA,NA
3045,433.127854,433.127043829768,433.126907532358,25534866,NA,224074.2,138.69,-1,0.314682390032147,0.985937649394833,0.977891813896418,0.982719315195467,6,1.5,0.555555555555556,"P1 O10","de-protonated",0,NA,"C18 H27 O10 P1",18,27,10,NA,1,NA,NA,NA,NA,NA,NA
3047,433.151165,433.150354767645,433.15040588212,16626076,NA,236662.1,89.56,-1,-0.118006296928892,0.998710240863374,0.97248561049854,0.98822038871744,10,1.18181818181818,0.409090909090909,"O9","de-protonated",0,NA,"C22 H26 O9",22,26,9,NA,NA,NA,NA,NA,NA,NA,NA
3048,433.164165,433.163354733,433.163160099961,16658849,NA,230611,89.74,-1,0.449329623005467,0.48201446936168,0.753652554121787,0.590669703265723,18,0.866666666666667,0.0333333333333333,"S1 O1","de-protonated",0,NA,"C30 H26 O1 S1",30,26,1,NA,NA,1,NA,NA,NA,NA,NA
3049,433.181852,433.181041685864,433.18091816469,3714471.3,NA,233217,18.36,-1,0.285149158816804,0.492677350326613,0.753652554121787,0.597067431844683,18,0.866666666666667,0.1,"O3","de-protonated",0,NA,"C30 H26 O3",30,26,3,NA,NA,NA,NA,NA,NA,NA,NA
3050,433.187434,433.186623670989,433.186791391505,6508969.5,NA,227566.5,33.77,-1,-0.387178278270301,0.986300632358653,0.978789048073833,0.983295998644725,9,1.30434782608696,0.347826086956522,"O8","de-protonated",0,NA,"C23 H30 O8",23,30,8,NA,NA,NA,NA,NA,NA,NA,NA
3051,433.200513,433.199702636133,433.199678551127,6064558.5,NA,228084.9,31.32,-1,0.0555979327621522,0.997050488004293,0.951157003791446,0.978693094319154,4,1.75,0.4,"P1 O8","de-protonated",0,NA,"C20 H35 O8 P1",20,35,8,NA,1,NA,NA,NA,NA,NA,NA
3052,433.223958,433.223147573653,433.223176900889,2166199.5,NA,272932.9,9.82,-1,-0.0676954462612225,0.999168825540716,0,0.59950129532443,8,1.41666666666667,0.291666666666667,"O7","de-protonated",0,NA,"C24 H34 O7",24,34,7,NA,NA,NA,NA,NA,NA,NA,NA
3054,434.03729,434.036477406135,434.03649832616,1832174.5,NA,304975.4,7.98,-1,-0.048198770512203,0.999578561489681,0,0.599747136893809,13,0.722222222222222,0.666666666666667,"N1 O12","de-protonated",0,NA,"C18 H13 O12 N1",18,13,12,1,NA,NA,NA,NA,NA,NA,NA
3055,434.073584,434.072771309412,434.072883835545,3966716.5,NA,249524.6,19.75,-1,-0.259233269572269,0.987880347532109,0,0.592728208519265,12,0.894736842105263,0.578947368421053,"N1 O11","de-protonated",0,NA,"C19 H17 O11 N1",19,17,11,1,NA,NA,NA,NA,NA,NA,NA
3057,434.085705,434.08489227711,434.084986604762,2220737,NA,127510.2,10.12,-1,-0.217302269994372,0.991468544047028,0,0.594881126428217,11,1.10526315789474,0.263157894736842,"N3 S2 O5","de-protonated",0,NA,"C19 H21 O5 S2 N3",19,21,5,3,NA,2,NA,NA,NA,NA,NA
3059,434.109974,434.109161212433,434.109269344929,5803786.5,NA,232899.3,29.88,-1,-0.249090502264174,0.494402478372645,0.821075868479145,0.625071834415245,11,1.05,0.5,"N1 O10","de-protonated",0,NA,"C20 H21 O10 N1",20,21,10,1,NA,NA,NA,NA,NA,NA,NA
3061,434.122958,434.122145177831,434.122023562769,1924623.3,NA,216274.4,8.49,-1,0.280140271303224,0.985861073177079,0,0.591516643906247,19,0.75,0.0714285714285714,"N1 S1 O2","de-protonated",0,NA,"C28 H21 O2 S1 N1",28,21,2,1,NA,1,NA,NA,NA,NA,NA
3063,434.146596,434.145783114836,434.145654854313,3458840.3,NA,279089.9,16.95,-1,0.295432008085409,0.984287889296536,0,0.590572733577922,10,1.19047619047619,0.428571428571429,"N1 O9","de-protonated",0,NA,"C21 H25 O9 N1",21,25,9,1,NA,NA,NA,NA,NA,NA,NA
3071,434.978748,434.977932897163,434.97809298161,14537814,NA,228728,78.04,-1,-0.368028757343689,0.325241064022566,0.771277787112874,0.503655753258689,18,0.473684210526316,0.157894736842105,"N4 S2 P1 O3","de-protonated",0,NA,"C19 H9 O3 S2 N4 P1",19,9,3,4,1,2,NA,NA,NA,NA,NA
3072,435.057662,435.056846686858,435.056899418445,12276852,NA,234775.1,65.57,-1,-0.121206184926526,0.989108223810721,0.987564557144717,0.988490757144319,12,0.842105263157895,0.631578947368421,"O12","de-protonated",0,NA,"C19 H16 O12",19,16,12,NA,NA,NA,NA,NA,NA,NA,NA
3073,435.070638,435.069822652277,435.069653636286,6050937,NA,176123.4,31.24,-1,0.388480304844935,0.486493926073273,0.772687513667176,0.600971361110834,20,0.592592592592593,0.148148148148148,"S1 O4","de-protonated",0,NA,"C27 H16 O4 S1",27,16,4,NA,NA,1,NA,NA,NA,NA,NA
3074,435.093955,435.093139590138,435.09328492783,25199746,NA,232769.4,136.84,-1,-0.334038002188483,0.989553850970731,0.976667360903962,0.984399254944023,11,1,0.55,"O11","de-protonated",0,NA,"C20 H20 O11",20,20,11,NA,NA,NA,NA,NA,NA,NA,NA
3075,435.106939,435.106123555536,435.10603914567,13051015,NA,192147.9,69.84,-1,0.19399837786188,0.496597187658643,0.766236582456902,0.604452945577947,19,0.714285714285714,0.107142857142857,"S1 O3","de-protonated",0,NA,"C28 H20 O3 S1",28,20,3,NA,NA,1,NA,NA,NA,NA,NA
3076,435.124796,435.123980507947,435.123797210399,7912590,NA,232979.9,41.51,-1,0.421253787895234,0.484156967164706,0.766236582456902,0.596988813281585,19,0.714285714285714,0.178571428571429,"O5","de-protonated",0,NA,"C28 H20 O5",28,20,5,NA,NA,NA,NA,NA,NA,NA,NA
3077,435.13033,435.129514493199,435.129670437214,33260688,NA,234719,181.29,-1,-0.358385155840062,0.977801220800705,0.978861705612008,0.978225414725226,10,1.14285714285714,0.476190476190476,"O10","de-protonated",0,NA,"C21 H24 O10",21,24,10,NA,NA,NA,NA,NA,NA,NA,NA
3078,435.143466,435.142650458192,435.142557596836,12643477,NA,219834,67.6,-1,0.21340444498879,0.995554204041845,0.996422891924922,0.995901679195076,5,1.61111111111111,0.555555555555556,"P1 O10","de-protonated",0,NA,"C18 H29 O10 P1",18,29,10,NA,1,NA,NA,NA,NA,NA,NA
3080,435.166819,435.166003395957,435.166055946598,19522718,NA,228453.3,105.53,-1,-0.120759974416408,0.997018089201262,0.991219703827872,0.994698735051906,9,1.27272727272727,0.409090909090909,"O9","de-protonated",0,NA,"C22 H28 O9",22,28,9,NA,NA,NA,NA,NA,NA,NA,NA
3081,435.179889,435.179073361125,435.17894310622,9262243,NA,233714.3,48.95,-1,0.299313436481613,0.980211561582987,0.977949950920797,0.979306917318111,4,1.73684210526316,0.473684210526316,"P1 O9","de-protonated",0,NA,"C19 H33 O9 P1",19,33,9,NA,1,NA,NA,NA,NA,NA,NA
3082,435.203126,435.202310299199,435.202441455983,5684395.5,NA,233728.2,29.22,-1,-0.301369595293624,0.491827610305102,0.799615297578637,0.614942685214516,8,1.39130434782609,0.347826086956522,"O8","de-protonated",0,NA,"C23 H32 O8",23,32,8,NA,NA,NA,NA,NA,NA,NA,NA
3083,435.216162,435.215346264458,435.215328615605,3624112.8,NA,241650.3,17.86,-1,0.0405520036622658,0.999701658498558,0,0.599820995099135,3,1.85,0.4,"P1 O8","de-protonated",0,NA,"C20 H37 O8 P1",20,37,8,NA,1,NA,NA,NA,NA,NA,NA
3084,436.052828,436.052010034756,436.052148390638,2346991.5,NA,263724,10.81,-1,-0.317292056318994,0.981898623946544,0,0.589139174367926,12,0.833333333333333,0.666666666666667,"N1 O12","de-protonated",0,NA,"C18 H15 O12 N1",18,15,12,1,NA,NA,NA,NA,NA,NA,NA
3086,436.089346,436.088527937436,436.088533900023,6671869.5,NA,237961.9,34.66,-1,-0.0136728820047576,0.499983039580165,0.828487690504102,0.63138489994974,11,1,0.578947368421053,"N1 O11","de-protonated",0,NA,"C19 H19 O11 N1",19,19,11,1,NA,NA,NA,NA,NA,NA,NA
3090,436.125704,436.124885840542,436.124919409407,6835723,NA,236587.7,35.57,-1,-0.0769707562461178,0.499462792670971,0.821075868479145,0.628108022994241,10,1.15,0.5,"N1 O10","de-protonated",0,NA,"C20 H23 O10 N1",20,23,10,1,NA,NA,NA,NA,NA,NA,NA
3092,436.138774,436.137955805711,436.137806569029,1822992.3,NA,161374.8,7.92,-1,0.34217781526669,0.978979047427101,0,0.587387428456261,5,1.64705882352941,0.588235294117647,"N1 P1 O10","de-protonated",0,NA,"C17 H28 O10 N1 P1",17,28,10,1,1,NA,NA,NA,NA,NA,NA
3095,436.175143,436.174324708788,436.174192078413,18777630,NA,234513.1,101.42,-1,0.304076621097778,0.98523878178977,0.994011067586607,0.988747696108505,4,1.77777777777778,0.5,"N1 P1 O9","de-protonated",0,NA,"C18 H32 O9 N1 P1",18,32,9,1,1,NA,NA,NA,NA,NA,NA
3097,436.198597,436.197778646283,436.197690428176,1716519,NA,195610.9,7.33,-1,0.202243408629745,0.992605786623707,0,0.595563471974224,8,1.40909090909091,0.363636363636364,"N1 O8","de-protonated",0,NA,"C22 H31 O8 N1",22,31,8,1,NA,NA,NA,NA,NA,NA,NA
3099,436.975834,436.975013574958,436.975115601433,2692942.8,NA,251699.5,12.72,-1,-0.233483489967459,0.990157169202589,0,0.594094301521553,18,0.388888888888889,0.333333333333333,"N4 S1 P1 O6","de-protonated",0,NA,"C18 H7 O6 S1 N4 P1",18,7,6,4,1,1,NA,NA,NA,NA,NA
3100,437.036795,437.035974412498,437.036163973539,5328742,NA,254653.4,27.25,-1,-0.433742231865828,0.966439709044457,0,0.579863825426674,12,0.777777777777778,0.722222222222222,"O13","de-protonated",0,NA,"C18 H14 O13",18,14,13,NA,NA,NA,NA,NA,NA,NA,NA
3101,437.04922,437.048399379386,437.048538068824,2032234.6,NA,167036.9,9.07,-1,-0.317331890471863,0.981894120017655,0,0.589136472010593,25,0.392857142857143,0.0714285714285714,"N2 P1 O2","de-protonated",0,NA,"C28 H11 O2 N2 P1",28,11,2,2,1,NA,NA,NA,NA,NA,NA
3102,437.073198,437.072377315485,437.072549482923,21976948,NA,233310.1,119.06,-1,-0.393910436855991,0.980768111104414,0.97049700232324,0.976659667591944,11,0.947368421052632,0.631578947368421,"O12","de-protonated",0,NA,"C19 H18 O12",19,18,12,NA,NA,NA,NA,NA,NA,NA,NA
3103,437.085842,437.085021281788,437.084923578209,4886904.5,NA,133840.1,24.82,-1,0.223534545508065,0.495487202585917,0.759892473118277,0.601249310798861,24,0.517241379310345,0.0344827586206897,"N2 P1 O1","de-protonated",0,NA,"C29 H15 O1 N2 P1",29,15,1,2,1,NA,NA,NA,NA,NA,NA
3105,437.109696,437.108875218218,437.108934992308,44353408,NA,233390.7,242.46,-1,-0.136748725658778,0.987181024659001,0.976884500413981,0.983062414960993,10,1.1,0.55,"O11","de-protonated",0,NA,"C20 H22 O11",20,22,11,NA,NA,NA,NA,NA,NA,NA,NA
3106,437.122677,437.121856183624,437.121689210148,7794566.5,NA,184127.1,40.85,-1,0.381983964110836,0.486935954066986,0.766236582456902,0.598656205422952,18,0.785714285714286,0.107142857142857,"S1 O3","de-protonated",0,NA,"C28 H22 O3 S1",28,22,3,NA,NA,1,NA,NA,NA,NA,NA
3107,437.138065,437.137244142615,437.137078293215,7026572.5,NA,225229.9,36.62,-1,0.379399068418018,0.980312331854587,0.699198855545633,0.867866941331005,9,1.28571428571429,0.380952380952381,"P1 O8","de-protonated",0,NA,"C21 H27 O8 P1",21,27,8,NA,1,NA,NA,NA,NA,NA,NA
3108,437.146016,437.145195121426,437.145320501692,35514256,NA,232623,193.72,-1,-0.286815986654195,0.992074306725756,0.995559144416754,0.993468241802155,9,1.23809523809524,0.476190476190476,"O10","de-protonated",0,NA,"C21 H26 O10",21,26,10,NA,NA,NA,NA,NA,NA,NA,NA
3109,437.159057,437.158236086672,437.158074719532,6530964.5,NA,208285.6,33.88,-1,0.369127664606583,0.487789892717862,0.759892473118277,0.596630924878028,17,0.896551724137931,0.0689655172413793,"S1 O2","de-protonated",0,NA,"C29 H26 O2 S1",29,26,2,NA,NA,1,NA,NA,NA,NA,NA
3110,437.174413,437.173592045748,437.173463802599,3863450.3,NA,247518.2,19.17,-1,0.293346142393174,0.984507251795869,0,0.590704351077522,8,1.40909090909091,0.318181818181818,"P1 O7","de-protonated",0,NA,"C22 H31 O7 P1",22,31,7,NA,1,NA,NA,NA,NA,NA,NA
3112,437.182366,437.181545024553,437.181706011076,13232029,NA,233967.3,70.84,-1,-0.368237098476207,0.982616879220988,0.964231396452113,0.975262686113438,8,1.36363636363636,0.409090909090909,"O9","de-protonated",0,NA,"C22 H30 O9",22,30,9,NA,NA,NA,NA,NA,NA,NA,NA
3113,437.195441,437.194619989709,437.194460228917,5137314,NA,245342.4,26.2,-1,0.365422727329692,0.488030825731693,0.753652554121787,0.594279517087731,16,1,0.0333333333333333,"S1 O1","de-protonated",0,NA,"C30 H30 O1 S1",30,30,1,NA,NA,1,NA,NA,NA,NA,NA
3114,437.213229,437.212407942304,437.212218293646,1750440.9,NA,233351.3,7.52,-1,0.433767973476711,0.966435793086432,0,0.579861475851859,16,1,0.1,"O3","de-protonated",0,NA,"C30 H30 O3",30,30,3,NA,NA,NA,NA,NA,NA,NA,NA
3115,437.219,437.218178926924,437.218091520461,2837419,NA,263132.5,13.51,-1,0.199915020316676,0.992774449736891,0,0.595664669842135,7,1.47826086956522,0.347826086956522,"O8","de-protonated",0,NA,"C23 H34 O8",23,34,8,NA,NA,NA,NA,NA,NA,NA,NA
3116,437.231928,437.231106892471,437.230978680083,2451376,NA,249658.1,11.38,-1,0.29323720183778,0.984518667286392,0,0.590711200371835,2,1.95,0.4,"P1 O8","de-protonated",0,NA,"C20 H39 O8 P1",20,39,8,NA,1,NA,NA,NA,NA,NA,NA
3117,438.068491,438.067667663043,438.067798455116,4949229.5,NA,233393.7,25.16,-1,-0.298565823726358,0.983955489360827,0,0.590373293616496,11,0.944444444444444,0.666666666666667,"N1 O12","de-protonated",0,NA,"C18 H17 O12 N1",18,17,12,1,NA,NA,NA,NA,NA,NA,NA
3119,438.089833,438.089009606167,438.088927823216,5224693.5,NA,232474.9,26.68,-1,0.18668116478776,0.993696490180327,0,0.596217894108196,6,1.4,0.933333333333333,"N1 O14","de-protonated",0,NA,"C15 H21 O14 N1",15,21,14,1,NA,NA,NA,NA,NA,NA,NA
3120,438.104883,438.104059566059,438.104183964501,7733499.5,NA,231261.9,40.51,-1,-0.283947166309536,0.492738505178626,0.828487690504102,0.627038179308817,10,1.10526315789474,0.578947368421053,"N1 O11","de-protonated",0,NA,"C19 H21 O11 N1",19,21,11,1,NA,NA,NA,NA,NA,NA,NA
3122,438.115561,438.114737537602,438.114569200678,1973503.4,NA,195854.4,8.75,-1,0.384230372851238,0.97356780079261,0,0.584140680475566,9,1.3,0.3,"N1 S1 P1 O6","de-protonated",0,NA,"C20 H26 O6 S1 N1 P1",20,26,6,1,1,1,NA,NA,NA,NA,NA
3125,438.154067,438.153243434984,438.153323691725,1670414,NA,240496.1,7.08,-1,-0.183170448669972,0.993930633610256,0,0.596358380166153,17,0.892857142857143,0.0714285714285714,"N1 S1 O2","de-protonated",0,NA,"C28 H25 O2 S1 N1",28,25,2,1,NA,1,NA,NA,NA,NA,NA
3126,438.162649,438.161825412114,438.161698841984,1848593.3,NA,269651.1,8.06,-1,0.288866255448543,0.984973292685791,0,0.590983975611474,4,1.70588235294118,0.705882352941177,"N1 O12","de-protonated",0,NA,"C17 H29 O12 N1",17,29,12,1,NA,NA,NA,NA,NA,NA,NA
3128,438.17783,438.177006371656,438.176954983269,2418455,NA,205560.1,11.2,-1,0.1172777037918,0.997507455477272,0,0.598504473286363,8,1.38095238095238,0.428571428571429,"N1 O9","de-protonated",0,NA,"C21 H29 O9 N1",21,29,9,1,NA,NA,NA,NA,NA,NA,NA
3131,439.016197,439.015371137421,439.015428528633,1754708.6,NA,262633.6,7.54,-1,-0.130727096121315,0.996903922074691,0,0.598142353244814,12,0.705882352941177,0.823529411764706,"O14","de-protonated",0,NA,"C17 H12 O14",17,12,14,NA,NA,NA,NA,NA,NA,NA,NA
3132,439.031325,439.030499097105,439.030684669918,1819738.4,NA,290345.4,7.9,-1,-0.422687569271015,0.968101356710126,0,0.580860814026075,16,0.571428571428571,0.523809523809524,"O11","de-protonated",0,NA,"C21 H12 O11",21,12,11,NA,NA,NA,NA,NA,NA,NA,NA
3134,439.052505,439.05167904066,439.051814038017,11305570,NA,236691,60.21,-1,-0.307474772698943,0.49149600240727,0.836034543948893,0.629311419023919,11,0.888888888888889,0.722222222222222,"O13","de-protonated",0,NA,"C18 H16 O13",18,16,13,NA,NA,NA,NA,NA,NA,NA,NA
3135,439.088936,439.088109943572,439.088199547401,38029936,NA,218675.7,207.59,-1,-0.204067950818617,0.989412171602725,0.995252665411975,0.991748369126425,10,1.05263157894737,0.631578947368421,"O12","de-protonated",0,NA,"C19 H20 O12",19,20,12,NA,NA,NA,NA,NA,NA,NA,NA
3136,439.117267,439.116440868071,439.116342848308,11256443,NA,227625.3,59.94,-1,0.223220483431972,0.992244077675276,0.757251439050276,0.898247022225276,9,1.25,0.45,"P1 O9","de-protonated",0,NA,"C20 H25 O9 P1",20,25,9,NA,1,NA,NA,NA,NA,NA,NA
3137,439.125277,439.124450846724,439.124585056786,49031804,NA,231847.1,268.26,-1,-0.305630944347406,0.495482876766047,0.962308416176447,0.682213092530207,9,1.2,0.55,"O11","de-protonated",0,NA,"C20 H24 O11",20,24,11,NA,NA,NA,NA,NA,NA,NA,NA
3138,439.153605,439.15277877123,439.152728357693,12601993,NA,236156.4,67.36,-1,0.114797277887513,0.98852984591573,0.877136701171702,0.943972588018119,8,1.38095238095238,0.380952380952381,"P1 O8","de-protonated",0,NA,"C21 H29 O8 P1",21,29,8,NA,1,NA,NA,NA,NA,NA,NA
3139,439.161653,439.160826749783,439.16097056617,22891148,NA,232319.2,124.1,-1,-0.327479892380198,0.988828027030609,0.997723952864305,0.992386397364087,8,1.33333333333333,0.476190476190476,"O10","de-protonated",0,NA,"C21 H28 O10",21,28,10,NA,NA,NA,NA,NA,NA,NA,NA
3140,439.174582,439.173755715327,439.17372478401,3786384.5,NA,213856.8,18.74,-1,0.0704307084909725,0.499550165756285,0.759892473118277,0.603687088701082,16,0.96551724137931,0.0689655172413793,"S1 O2","de-protonated",0,NA,"C29 H28 O2 S1",29,28,2,NA,NA,1,NA,NA,NA,NA,NA
3141,439.190063,439.18923667407,439.189113867077,5280406.5,NA,246030.8,26.98,-1,0.279622125436788,0.991060151613141,0.844928829996404,0.932607622966446,7,1.5,0.318181818181818,"P1 O7","de-protonated",0,NA,"C22 H33 O7 P1",22,33,7,NA,1,NA,NA,NA,NA,NA,NA
3142,439.198089,439.197262652681,439.197356075554,6433433.5,NA,239439.2,33.34,-1,-0.212712740281671,0.495911826790601,0.806643077274283,0.620204326984073,7,1.45454545454545,0.409090909090909,"O9","de-protonated",0,NA,"C22 H32 O9",22,32,9,NA,NA,NA,NA,NA,NA,NA,NA
3143,439.21177,439.210943616221,439.211112615102,3591582.8,NA,142482.1,17.67,-1,-0.384778243246544,0.97349337688494,0,0.584096026130964,1,2.05,0.2,"S2 P1 O4","de-protonated",0,NA,"C20 H41 O4 S2 P1",20,41,4,NA,1,2,NA,NA,NA,NA,NA
3144,439.222367,439.221540587981,439.221476624469,1741986.6,NA,259948.5,7.47,-1,0.145629290578924,0.996159250787492,0,0.597695550472495,2,2.05555555555556,0.444444444444444,"N2 P1 O8","de-protonated",0,NA,"C18 H37 O8 N2 P1",18,37,8,2,1,NA,NA,NA,NA,NA,NA
3145,439.226218,439.225391577718,439.225499376461,1782948.1,NA,281216,7.69,-1,-0.24542915549983,0.989129864612692,0,0.593477918767615,6,1.60869565217391,0.260869565217391,"P1 O6","de-protonated",0,NA,"C23 H37 O6 P1",23,37,6,NA,1,NA,NA,NA,NA,NA,NA
3146,440.047989,440.04716038771,440.04706301021,2045914.8,NA,269081.8,9.14,-1,0.221288830699188,0.991154043014593,0,0.594692425808755,11,0.882352941176471,0.764705882352941,"N1 O13","de-protonated",0,NA,"C17 H15 O13 N1",17,15,13,1,NA,NA,NA,NA,NA,NA,NA
3147,440.084202,440.083373291203,440.083448519594,5037032.5,NA,208975.4,25.64,-1,-0.17094119666942,0.994711938686939,0,0.596827163212164,10,1.05555555555556,0.666666666666667,"N1 O12","de-protonated",0,NA,"C18 H19 O12 N1",18,19,12,1,NA,NA,NA,NA,NA,NA,NA
3149,440.11246,440.111631215896,440.11145887872,2926579,NA,228024,14,-1,0.3915762079399,0.972561587296002,0,0.583536952377601,22,0.633333333333333,0.0333333333333333,"N1 S1 O1","de-protonated",0,NA,"C30 H19 O1 S1 N1",30,19,1,1,NA,1,NA,NA,NA,NA,NA
3154,440.170098,440.169269062291,440.169106697985,1680392.9,NA,223718.2,7.13,-1,0.368868019079482,0.975613705669624,0,0.585368223401775,3,1.88235294117647,0.588235294117647,"N1 P1 O10","de-protonated",0,NA,"C17 H32 O10 N1 P1",17,32,10,1,1,NA,NA,NA,NA,NA,NA
3159,441.031692,441.030860766156,441.031078593111,2800974,NA,253437.7,13.3,-1,-0.493903865828258,0.956702522923147,0,0.574021513753888,11,0.823529411764706,0.823529411764706,"O14","de-protonated",0,NA,"C17 H14 O14",17,14,14,NA,NA,NA,NA,NA,NA,NA,NA
3160,441.060024,441.059192690652,441.059088952236,4149592.5,NA,176307.4,20.74,-1,0.235202987961868,0.495006194311831,0.759892473118277,0.600960705834409,23,0.482758620689655,0.103448275862069,"S1 O3","de-protonated",0,NA,"C29 H14 O3 S1",29,14,3,NA,NA,1,NA,NA,NA,NA,NA
3161,441.068191,441.067359668887,441.067464102495,18099548,NA,231653,97.67,-1,-0.236774681489469,0.991114769460701,0.99200349494583,0.991470259654753,10,1,0.722222222222222,"O13","de-protonated",0,NA,"C18 H18 O13",18,18,13,NA,NA,NA,NA,NA,NA,NA,NA
3162,441.09659,441.095758593204,441.095607403402,16788838,NA,224626.1,90.44,-1,0.342759708560033,0.989440994754285,0.846410571289486,0.932228825368365,9,1.21052631578947,0.526315789473684,"P1 O10","de-protonated",0,NA,"C19 H23 O10 P1",19,23,10,NA,1,NA,NA,NA,NA,NA,NA
3163,441.104631,441.103799571775,441.103849611879,40521064,NA,229156.3,221.32,-1,-0.113442910935344,0.992023036493616,0.992749030743715,0.992313434193656,9,1.15789473684211,0.631578947368421,"O12","de-protonated",0,NA,"C19 H22 O12",19,22,12,NA,NA,NA,NA,NA,NA,NA,NA
3164,441.132866,441.132034496529,441.131859971005,21056884,NA,225536.2,113.98,-1,0.395631193225995,0.646572903328314,0.960370155399426,0.772091804156759,21,0.709677419354839,0.032258064516129,"S1 O1","de-protonated",0,NA,"C31 H22 O1 S1",31,22,1,NA,NA,1,NA,NA,NA,NA,NA
3165,441.140859,441.140027475228,441.140235121264,31698294,NA,229195,172.67,-1,-0.470703009026051,0.979724446774482,0.992316774547836,0.984761377883824,8,1.3,0.55,"O11","de-protonated",0,NA,"C20 H26 O11",20,26,11,NA,NA,NA,NA,NA,NA,NA,NA
3166,441.150611,441.149779449239,441.149618035734,4107642.8,NA,243913.3,20.51,-1,0.36589288078376,0.488000379607892,0.747514279669976,0.591805939632725,21,0.709677419354839,0.0967741935483871,"O3","de-protonated",0,NA,"C31 H22 O3",31,22,3,NA,NA,NA,NA,NA,NA,NA,NA
3167,441.169288,441.168456399465,441.168378422171,15494530,NA,226424.1,83.31,-1,0.176751775440109,0.99194129984324,0.932323146898449,0.968094038665324,7,1.47619047619048,0.380952380952381,"P1 O8","de-protonated",0,NA,"C21 H31 O8 P1",21,31,8,NA,1,NA,NA,NA,NA,NA,NA
3168,441.177339,441.176507378009,441.176620630648,10829189,NA,233467.1,57.58,-1,-0.256705894388827,0.993646220700175,0.972821519455746,0.985316340202403,7,1.42857142857143,0.476190476190476,"O10","de-protonated",0,NA,"C21 H30 O10",21,30,10,NA,NA,NA,NA,NA,NA,NA,NA
3169,441.187012,441.186180352231,441.186003545118,1930632.4,NA,264641.9,8.5,-1,0.400754128041006,0.971279153346447,0,0.582767492007868,20,0.8125,0.0625,"O2","de-protonated",0,NA,"C32 H26 O2",32,26,2,NA,NA,NA,NA,NA,NA,NA,NA
3170,441.190439,441.189607343098,441.18950779027,3230601.8,NA,200929.9,15.67,-1,0.2256464078973,0.99080384962872,0,0.594482309777232,2,1.94444444444444,0.555555555555556,"P1 O10","de-protonated",0,NA,"C18 H35 O10 P1",18,35,10,NA,1,NA,NA,NA,NA,NA,NA
3171,441.205732,441.204900302342,441.204763931555,4453775.5,NA,201985.4,22.42,-1,0.309087295211,0.971146897392443,0.858894971835547,0.926246127169685,6,1.59090909090909,0.318181818181818,"P1 O7","de-protonated",0,NA,"C22 H35 O7 P1",22,35,7,NA,1,NA,NA,NA,NA,NA,NA
3172,441.213816,441.212984280798,441.213006140032,3184018.5,NA,253348,15.42,-1,-0.0495434941350657,0.999554722874996,0,0.599732833724997,6,1.54545454545455,0.409090909090909,"O9","de-protonated",0,NA,"C22 H34 O9",22,34,9,NA,NA,NA,NA,NA,NA,NA,NA
3173,442.063632,442.062798016051,442.062713074688,3230418.3,NA,234784.1,15.67,-1,0.192147766469321,0.993323165621897,0,0.595993899373138,10,1,0.764705882352941,"N1 O13","de-protonated",0,NA,"C17 H17 O13 N1",17,17,13,1,NA,NA,NA,NA,NA,NA,NA
3175,442.091543,442.090708941669,442.090723433813,2082524.8,NA,172283.5,9.34,-1,-0.0327809290932147,0.999805036188889,0,0.599883021713333,22,0.586206896551724,0.0689655172413793,"N1 S1 O2","de-protonated",0,NA,"C29 H17 O2 S1 N1",29,17,2,1,NA,1,NA,NA,NA,NA,NA
3178,442.128144,442.127309844128,442.127108943198,3547882.5,NA,213327.3,17.42,-1,0.454396316849527,0.481614160768247,0.753652554121787,0.590429518109663,21,0.7,0.0333333333333333,"N1 S1 O1","de-protonated",0,NA,"C30 H21 O1 S1 N1",30,21,1,1,NA,1,NA,NA,NA,NA,NA
3181,442.164521,442.163686747183,442.163627394364,2007800.3,NA,223575.9,8.93,-1,0.1342327050721,0.996735920251728,0,0.598041552151037,7,1.5,0.4,"N1 P1 O8","de-protonated",0,NA,"C20 H30 O8 N1 P1",20,30,8,1,1,NA,NA,NA,NA,NA,NA
3186,443.026294,443.025457450571,443.025599289489,3726395.8,NA,243686.5,18.4,-1,-0.320159644454427,0.981573002862719,0,0.588943801717631,15,0.6,0.6,"O12","de-protonated",0,NA,"C20 H12 O12",20,12,12,NA,NA,NA,NA,NA,NA,NA,NA
3187,443.039109,443.038272416419,443.03835350733,2182208.5,NA,203115.4,9.89,-1,-0.183033613034502,0.99393967081765,0,0.59636380249059,23,0.428571428571429,0.142857142857143,"S1 O4","de-protonated",0,NA,"C28 H12 O4 S1",28,12,4,NA,NA,1,NA,NA,NA,NA,NA
3188,443.047393,443.046556394342,443.046728657589,5708867.5,NA,225490.8,29.34,-1,-0.388815073281607,0.97294191314168,0,0.583765147885008,10,0.941176470588235,0.823529411764706,"O14","de-protonated",0,NA,"C17 H16 O14",17,16,14,NA,NA,NA,NA,NA,NA,NA,NA
3189,443.075684,443.074847318947,443.074739016714,12693582,NA,221109.5,67.86,-1,0.244433328622486,0.494608710152643,0.759892473118277,0.600722215338897,22,0.551724137931034,0.103448275862069,"S1 O3","de-protonated",0,NA,"C29 H16 O3 S1",29,16,3,NA,NA,1,NA,NA,NA,NA,NA
3190,443.0838,443.082963297318,443.083114166973,20029522,NA,228070.5,108.31,-1,-0.340499671362888,0.984117765019027,0.987128973787546,0.985322248526435,9,1.11111111111111,0.722222222222222,"O13","de-protonated",0,NA,"C18 H20 O13",18,20,13,NA,NA,NA,NA,NA,NA,NA,NA
3192,443.099207,443.098370256259,443.098370308258,6008919,NA,239853.2,30.99,-1,-0.000117353419698829,0.49999999875056,0.806643077274283,0.622657230160049,13,0.909090909090909,0.454545454545455,"O10","de-protonated",0,NA,"C22 H20 O10",22,20,10,NA,NA,NA,NA,NA,NA,NA,NA
3193,443.112237,443.111400221534,443.11125746788,32182364,NA,224059.8,175.33,-1,0.322162102141136,0.98718303640829,0.932767845106036,0.965416959887388,8,1.31578947368421,0.526315789473684,"P1 O10","de-protonated",0,NA,"C19 H25 O10 P1",19,25,10,NA,1,NA,NA,NA,NA,NA,NA
3194,443.120328,443.119491199972,443.119499676357,27152478,NA,231536.7,147.59,-1,-0.0191288934334043,0.997719031467334,0.980042020638869,0.990648227135948,8,1.26315789473684,0.631578947368421,"O12","de-protonated",0,NA,"C19 H24 O12",19,24,12,NA,NA,NA,NA,NA,NA,NA,NA
3197,443.1356,443.134763159272,443.134755817642,5844069,NA,233593.2,30.08,-1,0.0165674880743334,0.499975098451697,0.799615297578637,0.619831178102473,12,1.04347826086957,0.391304347826087,"O9","de-protonated",0,NA,"C23 H24 O9",23,24,9,NA,NA,NA,NA,NA,NA,NA,NA
3198,443.14854,443.147703124787,443.147510035483,29577322,NA,229539.1,160.96,-1,0.435722417773104,0.487094322203837,0.898043806130947,0.651474115774681,20,0.774193548387097,0.032258064516129,"S1 O1","de-protonated",0,NA,"C31 H24 O1 S1",31,24,1,NA,NA,1,NA,NA,NA,NA,NA
3199,443.156587,443.155750103342,443.155885185742,14155885,NA,237496.1,75.92,-1,-0.304819148544769,0.988283304861637,0.977014357217424,0.983775725803952,7,1.4,0.55,"O11","de-protonated",0,NA,"C20 H28 O11",20,28,11,NA,NA,NA,NA,NA,NA,NA,NA
3200,443.158994,443.158157096927,443.158091976152,1927277.5,NA,344679.6,8.48,-1,0.146947051817102,0.996089565139181,0,0.597653739083509,11,1.27272727272727,0.0909090909090909,"N4 S2 O2","de-protonated",0,NA,"C22 H28 O2 S2 N4",22,28,2,4,NA,2,NA,NA,NA,NA,NA
3201,443.166275,443.165438077524,443.165268100212,4801648,NA,241101.2,24.33,-1,0.383552872563428,0.486829847553342,0.747514279669976,0.591103620399995,20,0.774193548387097,0.0967741935483871,"O3","de-protonated",0,NA,"C31 H24 O3",31,24,3,NA,NA,NA,NA,NA,NA,NA,NA
3202,443.171831,443.170994062717,443.171141327027,4053106.3,NA,193962.1,20.21,-1,-0.332296704041872,0.980163618648874,0,0.588098171189325,11,1.16666666666667,0.333333333333333,"O8","de-protonated",0,NA,"C24 H28 O8",24,28,8,NA,NA,NA,NA,NA,NA,NA,NA
3203,443.184884,443.184047027931,443.184028486649,12640375,NA,234851.9,67.56,-1,0.0418365311870773,0.992475785609301,0.917508365834596,0.962488817699419,6,1.57142857142857,0.380952380952381,"P1 O8","de-protonated",0,NA,"C21 H33 O8 P1",21,33,8,NA,1,NA,NA,NA,NA,NA,NA
3204,443.193004,443.192167006291,443.192270695126,5085306.5,NA,248172.9,25.9,-1,-0.233959032160874,0.994832096376463,0.919957747292324,0.964882356742807,6,1.52380952380952,0.476190476190476,"O10","de-protonated",0,NA,"C21 H32 O10",21,32,10,NA,NA,NA,NA,NA,NA,NA,NA
3205,443.206164,443.20532697122,443.205157854748,2445951.3,NA,239703.1,11.34,-1,0.381576046854236,0.973926948738188,0,0.584356169242913,1,2.05555555555556,0.555555555555556,"P1 O10","de-protonated",0,NA,"C18 H37 O10 P1",18,37,10,NA,1,NA,NA,NA,NA,NA,NA
3207,443.229391,443.228553909321,443.22865620451,1810055.9,NA,300597.3,7.84,-1,-0.230795523585165,0.990381407621488,0,0.594228844572892,5,1.63636363636364,0.409090909090909,"O9","de-protonated",0,NA,"C22 H36 O9",22,36,9,NA,NA,NA,NA,NA,NA,NA,NA
3208,444.071056,444.070216666296,444.070120930689,2764739,NA,163408.4,13.1,-1,0.21558668869387,0.991602157393905,0,0.594961294436343,9,1.17647058823529,0.647058823529412,"N1 P1 O11","de-protonated",0,NA,"C17 H20 O11 N1 P1",17,20,11,1,1,NA,NA,NA,NA,NA,NA
3211,444.094562,444.093722603652,444.093619280451,3816907.8,NA,221553.6,18.9,-1,0.232660855698411,0.99022606619938,0,0.594135639719628,13,0.904761904761905,0.476190476190476,"N1 O10","de-protonated",0,NA,"C21 H19 O10 N1",21,19,10,1,NA,NA,NA,NA,NA,NA,NA
3215,444.130775,444.129935507145,444.130004789835,1959897.4,NA,246450.4,8.66,-1,-0.155996418011155,0.995594201682122,0,0.597356521009273,12,1.04545454545455,0.409090909090909,"N1 O9","de-protonated",0,NA,"C22 H23 O9 N1",22,23,9,1,NA,NA,NA,NA,NA,NA,NA
3216,444.143772,444.142932472509,444.142759007676,3301854.3,NA,195049.8,16.06,-1,0.390560983590063,0.486350861240398,0.753652554121787,0.593271538392954,20,0.766666666666667,0.0333333333333333,"N1 S1 O1","de-protonated",0,NA,"C30 H23 O1 S1 N1",30,23,1,1,NA,1,NA,NA,NA,NA,NA
3219,444.180326,444.179486375093,444.179277458842,2345452,NA,232326.4,10.79,-1,0.47034218308281,0.960654554358224,0,0.576392732614934,6,1.6,0.4,"N1 P1 O8","de-protonated",0,NA,"C20 H32 O8 N1 P1",20,32,8,1,1,NA,NA,NA,NA,NA,NA
3222,444.224638,444.223798257002,444.223905176703,3149820.5,NA,223399.3,15.22,-1,-0.240688761403162,0.989543534605107,0,0.593726120763064,5,1.66666666666667,0.428571428571429,"N1 O9","de-protonated",0,NA,"C21 H35 O9 N1",21,35,9,1,NA,NA,NA,NA,NA,NA,NA
3226,445.042019,445.041177078693,445.041249353967,6734638,NA,228694.5,34.99,-1,-0.162401292171731,0.995460109256253,0.976164091131821,0.98774170200648,14,0.7,0.6,"O12","de-protonated",0,NA,"C20 H14 O12",20,14,12,NA,NA,NA,NA,NA,NA,NA,NA
3227,445.055143,445.054301043718,445.054136513589,6055730.5,NA,217329.2,31.25,-1,0.369685652279517,0.487753406428168,0.843720152817574,0.63014010498393,9,1.11764705882353,0.705882352941177,"P1 O12","de-protonated",0,NA,"C17 H19 O12 P1",17,19,12,NA,1,NA,NA,NA,NA,NA,NA
3228,445.063167,445.062325022334,445.062378722067,5448501.5,NA,250668,27.9,-1,-0.120656642818925,0.997361951188218,0,0.598417170712931,9,1.05882352941176,0.823529411764706,"O14","de-protonated",0,NA,"C17 H18 O14",17,18,14,NA,NA,NA,NA,NA,NA,NA,NA
3230,445.078458,445.077615981584,445.077634863352,8518459,NA,233734.6,44.83,-1,-0.0424235372692135,0.986161551819845,0.96636231448798,0.978241856887099,13,0.857142857142857,0.523809523809524,"O11","de-protonated",0,NA,"C21 H18 O11",21,18,11,NA,NA,NA,NA,NA,NA,NA,NA
3231,445.091394,445.09055194711,445.090389081192,25613120,NA,220390.8,139.1,-1,0.365916500711964,0.486693379829206,0.893408028761943,0.649379239402301,21,0.620689655172414,0.103448275862069,"S1 O3","de-protonated",0,NA,"C29 H18 O3 S1",29,18,3,NA,NA,1,NA,NA,NA,NA,NA
3232,445.099435,445.098592925681,445.098764231451,10650435,NA,228053,56.58,-1,-0.384871368212842,0.486740358304254,0.836034543948893,0.626458032562109,8,1.22222222222222,0.722222222222222,"O13","de-protonated",0,NA,"C18 H22 O13",18,22,13,NA,NA,NA,NA,NA,NA,NA,NA
3233,445.109112,445.108269899892,445.108147145921,10904391,NA,219893.1,57.98,-1,0.275784595057941,0.493147160629778,0.759892473118277,0.599845285625178,21,0.620689655172414,0.172413793103448,"O5","de-protonated",0,NA,"C29 H18 O5",29,18,5,NA,NA,NA,NA,NA,NA,NA,NA
3234,445.114711,445.11386888497,445.114020372736,12161865,NA,227563.4,64.92,-1,-0.340334742851619,0.989578943251797,0.955033026569288,0.975760576578794,12,1,0.454545454545455,"O10","de-protonated",0,NA,"C22 H22 O10",22,22,10,NA,NA,NA,NA,NA,NA,NA,NA
3235,445.117699,445.116856877007,445.117011553551,2575178,NA,263890.6,12.05,-1,-0.347496364972585,0.978327689208682,0,0.586996613525209,12,1.0952380952381,0.333333333333333,"N2 P1 O7","de-protonated",0,NA,"C21 H23 O7 N2 P1",21,23,7,2,1,NA,NA,NA,NA,NA,NA
3236,445.127723,445.126880850294,445.126774590576,39654220,NA,222401.6,216.53,-1,0.238717873794945,0.247428299862287,0.702603098175752,0.429498219187673,20,0.733333333333333,0.0666666666666667,"S1 O2","de-protonated",0,NA,"C30 H22 O2 S1",30,22,2,NA,NA,1,NA,NA,NA,NA,NA
3237,445.135822,445.13497982871,445.135149740835,9880401,NA,232793.1,52.34,-1,-0.381709073426067,0.985880014300438,0.995527868746863,0.989739156079008,7,1.36842105263158,0.631578947368421,"O12","de-protonated",0,NA,"C19 H26 O12",19,26,12,NA,NA,NA,NA,NA,NA,NA,NA
3239,445.151178,445.150335787786,445.15040588212,10511191,NA,219427.4,55.82,-1,-0.157462136508842,0.992999529296765,0.975906629486692,0.986162369372735,11,1.1304347826087,0.391304347826087,"O9","de-protonated",0,NA,"C23 H26 O9",23,26,9,NA,NA,NA,NA,NA,NA,NA,NA
3240,445.164277,445.163434752878,445.163293041742,22381404,NA,224671.2,121.28,-1,0.318335176294571,0.984981445271185,0.948638387698361,0.970444222242056,6,1.55,0.45,"P1 O9","de-protonated",0,NA,"C20 H31 O9 P1",20,31,9,NA,1,NA,NA,NA,NA,NA,NA
3241,445.172329,445.171486731419,445.17153525022,5091166.5,NA,235324.6,25.93,-1,-0.1089890000941,0.498923482179833,0.821075868479145,0.627784436699558,6,1.5,0.55,"O11","de-protonated",0,NA,"C20 H30 O11",20,30,11,NA,NA,NA,NA,NA,NA,NA,NA
3243,445.187527,445.186684690917,445.186791391505,6515556,NA,215496.1,33.78,-1,-0.239675996423301,0.494815444797293,0.792708917554682,0.613972833900249,10,1.25,0.333333333333333,"O8","de-protonated",0,NA,"C24 H30 O8",24,30,8,NA,NA,NA,NA,NA,NA,NA,NA
3244,445.20068,445.199837655864,445.199678551127,7568233,NA,226871,39.59,-1,0.357378374788252,0.987902312707563,0.95352165866494,0.974150051090514,5,1.66666666666667,0.380952380952381,"P1 O8","de-protonated",0,NA,"C21 H35 O8 P1",21,35,8,NA,1,NA,NA,NA,NA,NA,NA
3245,445.208659,445.2078166346,445.207920759604,2849132,NA,233221.8,13.56,-1,-0.233879495055439,0.990123918122907,0,0.594074350873744,5,1.61904761904762,0.476190476190476,"O10","de-protonated",0,NA,"C21 H34 O10",21,34,10,NA,NA,NA,NA,NA,NA,NA,NA
3246,445.245109,445.244266537462,445.244306268988,1982841.6,NA,295899,8.78,-1,-0.089235339266583,0.99855617726654,0,0.599133706359924,4,1.72727272727273,0.409090909090909,"O9","de-protonated",0,NA,"C22 H38 O9",22,38,9,NA,NA,NA,NA,NA,NA,NA,NA
3247,446.037405,446.036560426004,446.03649832616,1890976.8,NA,269796.6,8.28,-1,0.139225924733724,0.996489002425738,0,0.597893401455443,14,0.684210526315789,0.631578947368421,"N1 O12","de-protonated",0,NA,"C19 H13 O12 N1",19,13,12,1,NA,NA,NA,NA,NA,NA,NA
3249,446.073664,446.072819329375,446.072883835545,5172398,NA,231880.9,26.37,-1,-0.144609036678235,0.498106387931848,0.821075868479145,0.627294180150767,13,0.85,0.55,"N1 O11","de-protonated",0,NA,"C20 H17 O11 N1",20,17,11,1,NA,NA,NA,NA,NA,NA,NA
3253,446.110053,446.109208232398,446.109269344929,4448444,NA,221004.8,22.03,-1,-0.136990048600223,0.996600675173437,0,0.597960405104062,12,1,0.476190476190476,"N1 O10","de-protonated",0,NA,"C21 H21 O10 N1",21,21,10,1,NA,NA,NA,NA,NA,NA,NA
3255,446.123039,446.122194197791,446.122023562769,3823296.5,NA,187524.2,18.64,-1,0.382485088524254,0.486902107389222,0.759892473118277,0.596098253680844,20,0.724137931034483,0.0689655172413793,"N1 S1 O2","de-protonated",0,NA,"C29 H21 O2 S1 N1",29,21,2,1,NA,1,NA,NA,NA,NA,NA
3258,446.146684,446.145839134777,446.145654854313,2715337.5,NA,242643.3,12.62,-1,0.413050003206849,0.969517246161251,0,0.581710347696751,11,1.13636363636364,0.409090909090909,"N1 O9","de-protonated",0,NA,"C22 H25 O9 N1",22,25,9,1,NA,NA,NA,NA,NA,NA,NA
3260,446.159482,446.158637100671,446.158542013935,3719374.3,NA,191124.8,18.08,-1,0.213123198947813,0.991792198330995,0,0.595075318998597,6,1.57894736842105,0.473684210526316,"N1 P1 O9","de-protonated",0,NA,"C19 H30 O9 N1 P1",19,30,9,1,1,NA,NA,NA,NA,NA,NA
3265,447.02133,447.020482803859,447.020513909061,3133966.3,NA,246519.8,14.9,-1,-0.0695833893824682,0.999121838836335,0,0.599473103301801,14,0.631578947368421,0.684210526315789,"O13","de-protonated",0,NA,"C19 H12 O13",19,12,13,NA,NA,NA,NA,NA,NA,NA,NA
3266,447.057571,447.056723707277,447.056899418445,10640924,NA,224864.8,55.65,-1,-0.393039831640232,0.98323932697461,0.963718676838148,0.975431066920025,13,0.8,0.6,"O12","de-protonated",0,NA,"C20 H16 O12",20,16,12,NA,NA,NA,NA,NA,NA,NA,NA
3267,447.070611,447.069763672525,447.069653636286,11073057,NA,201499.3,58,-1,0.246127731507935,0.994262340630205,0.922939876378356,0.965733354929465,21,0.571428571428571,0.142857142857143,"S1 O4","de-protonated",0,NA,"C28 H16 O4 S1",28,16,4,NA,NA,1,NA,NA,NA,NA,NA
3268,447.088416,447.087568625075,447.087411701015,8214055.5,NA,228514.6,42.48,-1,0.350991900367807,0.488947181581219,0.766236582456902,0.599862941931492,21,0.571428571428571,0.214285714285714,"O6","de-protonated",0,NA,"C28 H16 O6",28,16,6,NA,NA,NA,NA,NA,NA,NA,NA
3269,447.094025,447.093177610128,447.09328492783,18077226,NA,225285.4,96.03,-1,-0.240034251828812,0.994119324133848,0.996317911925422,0.994998759250478,12,0.952380952380952,0.523809523809524,"O11","de-protonated",0,NA,"C21 H20 O11",21,20,11,NA,NA,NA,NA,NA,NA,NA,NA
3270,447.107033,447.106185575461,447.10603914567,28153390,NA,216797.3,150.74,-1,0.327505733621823,0.245181494644796,0.709753344431729,0.431010234559569,20,0.689655172413793,0.103448275862069,"S1 O3","de-protonated",0,NA,"C29 H20 O3 S1",29,20,3,NA,NA,1,NA,NA,NA,NA,NA
3272,447.130461,447.129613513026,447.129670437214,22201910,NA,226741.2,118.43,-1,-0.127310244772377,0.996473558917998,0.990722910726499,0.994173299641399,11,1.09090909090909,0.454545454545455,"O10","de-protonated",0,NA,"C22 H24 O10",22,24,10,NA,NA,NA,NA,NA,NA,NA,NA
3273,447.143504,447.142656478267,447.142557596836,26744380,NA,216912.2,143.09,-1,0.221140728212159,0.987611573811862,0.986451383351094,0.987147497627555,6,1.52631578947368,0.526315789473684,"P1 O10","de-protonated",0,NA,"C19 H29 O10 P1",19,29,10,NA,1,NA,NA,NA,NA,NA,NA
3275,447.166797,447.165949416191,447.166055946598,13616708,NA,219813.1,71.81,-1,-0.238234556666738,0.991309090794975,0.992895271036938,0.99194356289176,10,1.21739130434783,0.391304347826087,"O9","de-protonated",0,NA,"C23 H28 O9",23,28,9,NA,NA,NA,NA,NA,NA,NA,NA
3276,447.179837,447.17898938144,447.178810164439,12228169,NA,220713.6,64.27,-1,0.400772570394156,0.972040530112354,0.992382678335462,0.980177389401597,18,0.903225806451613,0.032258064516129,"S1 O1","de-protonated",0,NA,"C31 H28 O1 S1",31,28,1,NA,NA,1,NA,NA,NA,NA,NA
3277,447.187725,447.186877360418,447.187023123445,1769036.1,NA,243629.9,7.48,-1,-0.32595540468485,0.98090627414384,0,0.588543764486304,0,2.46666666666667,0.333333333333333,"N4 S2 P1 O5","de-protonated",0,NA,"C15 H37 O5 S2 N4 P1",15,37,5,4,1,2,NA,NA,NA,NA,NA
3279,447.203089,447.202241319474,447.202441455983,4928082,NA,229909.8,24.64,-1,-0.447530000888837,0.482155652650163,0.792708917554682,0.606376958611971,9,1.33333333333333,0.333333333333333,"O8","de-protonated",0,NA,"C24 H32 O8",24,32,8,NA,NA,NA,NA,NA,NA,NA,NA
3280,447.216192,447.215344284554,447.215328615605,5157462.5,NA,228487.6,25.88,-1,0.0350367007272503,0.499888641884449,0.813795485951173,0.625451379511138,4,1.76190476190476,0.380952380952381,"P1 O8","de-protonated",0,NA,"C21 H37 O8 P1",21,37,8,NA,1,NA,NA,NA,NA,NA,NA
3281,448.052877,448.052027054801,448.052148390638,3255180.8,NA,239770.8,15.55,-1,-0.270807399889688,0.986781306157724,0,0.592068783694634,13,0.789473684210526,0.631578947368421,"N1 O12","de-protonated",0,NA,"C19 H15 O12 N1",19,15,12,1,NA,NA,NA,NA,NA,NA,NA
3284,448.089395,448.088544957481,448.088533900023,5545882,NA,224874.9,27.99,-1,0.0246769502014253,0.49994475629356,0.821075868479145,0.628397201167794,12,0.95,0.55,"N1 O11","de-protonated",0,NA,"C20 H19 O11 N1",20,19,11,1,NA,NA,NA,NA,NA,NA,NA
3286,448.100533,448.099682927798,448.099767289315,3702686.3,NA,182379.3,17.98,-1,-0.188265030789269,0.993589419250715,0,0.596153651550429,12,1,0.526315789473684,"N3 O10","de-protonated",0,NA,"C19 H19 O10 N3",19,19,10,3,NA,NA,NA,NA,NA,NA,NA
3288,448.125806,448.124955860446,448.124919409407,5607335.5,NA,235633.6,28.32,-1,0.0813412461235641,0.499400091786268,0.813795485951173,0.62515824945223,11,1.0952380952381,0.476190476190476,"N1 O10","de-protonated",0,NA,"C21 H23 O10 N1",21,23,10,1,NA,NA,NA,NA,NA,NA,NA
3290,448.138618,448.137767826303,448.137673627247,3175852.3,NA,180056.6,15.12,-1,0.210201151849735,0.992014828347082,0,0.595208897008249,19,0.793103448275862,0.0689655172413793,"N1 S1 O2","de-protonated",0,NA,"C29 H23 O2 S1 N1",29,23,2,1,NA,1,NA,NA,NA,NA,NA
3292,448.162137,448.161286763625,448.161304918791,3545013,NA,221500.7,17.12,-1,-0.0405103392813743,0.999702271142945,0,0.599821362685767,10,1.22727272727273,0.409090909090909,"N1 O9","de-protonated",0,NA,"C22 H27 O9 N1",22,27,9,1,NA,NA,NA,NA,NA,NA,NA
3296,449.036831,449.035978432578,449.036163973539,6297848,NA,245634.8,32.07,-1,-0.413198258623796,0.484747848616625,0.828487690504102,0.622243785371616,13,0.736842105263158,0.684210526315789,"O13","de-protonated",0,NA,"C19 H14 O13",19,14,13,NA,NA,NA,NA,NA,NA,NA,NA
3297,449.073222,449.072369335597,449.072549482923,18159878,NA,226420.1,96.48,-1,-0.401154172165645,0.981183043472797,0.988157943488456,0.98397300347906,12,0.9,0.6,"O12","de-protonated",0,NA,"C20 H18 O12",20,18,12,NA,NA,NA,NA,NA,NA,NA,NA
3298,449.08625,449.085397300877,449.085303700764,10852618,NA,187911.3,56.8,-1,0.208423906523423,0.496074378562936,0.766236582456902,0.604139260120522,20,0.642857142857143,0.142857142857143,"S1 O4","de-protonated",0,NA,"C28 H18 O4 S1",28,18,4,NA,NA,1,NA,NA,NA,NA,NA
3299,449.104114,449.10326125327,449.103061765493,8986897,NA,217068.6,46.67,-1,0.444191531224726,0.482416169057531,0.766236582456902,0.595944334417279,20,0.642857142857143,0.214285714285714,"O6","de-protonated",0,NA,"C28 H18 O6",28,18,6,NA,NA,NA,NA,NA,NA,NA,NA
3300,449.109723,449.108870238322,449.108934992308,34216212,NA,225454.4,183.66,-1,-0.144183249846558,0.997427658112788,0.992945202264064,0.995634675773299,11,1.04761904761905,0.523809523809524,"O11","de-protonated",0,NA,"C21 H22 O11",21,22,11,NA,NA,NA,NA,NA,NA,NA,NA
3301,449.122772,449.121919203547,449.12182215193,18581784,NA,209781.5,98.77,-1,0.216091964561703,0.991275436532569,0.989737908567139,0.990660425346397,6,1.5,0.611111111111111,"P1 O11","de-protonated",0,NA,"C18 H27 O11 P1",18,27,11,NA,1,NA,NA,NA,NA,NA,NA
3303,449.146059,449.145206141487,449.145320501692,32069920,NA,228469.3,172,-1,-0.254617380384917,0.99340551782558,0.990281576107358,0.992155941138291,10,1.18181818181818,0.454545454545455,"O10","de-protonated",0,NA,"C22 H26 O10",22,26,10,NA,NA,NA,NA,NA,NA,NA,NA
3304,449.150786,449.14993312889,449.150029215547,3292450.3,NA,248725.9,15.75,-1,-0.213929981615834,0.991730197221482,0,0.595038118332889,10,1.3,0.3,"N4 S1 O6","de-protonated",0,NA,"C20 H26 O6 S1 N4",20,26,6,4,NA,1,NA,NA,NA,NA,NA
3305,449.159062,449.158209106834,449.158074719532,14817573,NA,215026.9,78.33,-1,0.299198232119287,0.972607178665313,0.915083834892736,0.949597841156282,18,0.866666666666667,0.0666666666666667,"S1 O2","de-protonated",0,NA,"C30 H26 O2 S1",30,26,2,NA,NA,1,NA,NA,NA,NA,NA
3306,449.174288,449.173435066257,449.173463802599,166885680,NA,231549.1,904,-1,-0.0639760448729968,0.746743385163147,0.988884627900922,0.843599882258257,9,1.34782608695652,0.304347826086957,"P1 O7","de-protonated",0,NA,"C23 H31 O7 P1",23,31,7,NA,1,NA,NA,NA,NA,NA,NA
3307,449.182378,449.181525044697,449.181706011076,14047534,NA,224382.4,74.15,-1,-0.402880118221801,0.485489047639324,0.799615297578637,0.611139547615049,9,1.30434782608696,0.391304347826087,"O9","de-protonated",0,NA,"C23 H30 O9",23,30,9,NA,NA,NA,NA,NA,NA,NA,NA
3308,449.195462,449.194609009829,449.194460228917,7940402.5,NA,238566,40.99,-1,0.331217157155947,0.970921131867011,0.976476163070297,0.973143144348325,17,0.967741935483871,0.032258064516129,"S1 O1","de-protonated",0,NA,"C31 H30 O1 S1",31,30,1,NA,NA,1,NA,NA,NA,NA,NA
3309,450.068586,450.067730682966,450.067798455116,5575284.5,NA,229838.4,28.14,-1,-0.150582091170269,0.497947054743414,0.828487690504102,0.630163309047689,12,0.894736842105263,0.631578947368421,"N1 O12","de-protonated",0,NA,"C19 H17 O12 N1",19,17,12,1,NA,NA,NA,NA,NA,NA,NA
3311,450.081366,450.080510648908,450.080552672957,2094713,NA,181773.1,9.25,-1,-0.0933700622211684,0.99841938655219,0,0.599051631931314,20,0.62962962962963,0.148148148148148,"N1 S1 O4","de-protonated",0,NA,"C27 H17 O4 S1 N1",27,17,4,1,NA,1,NA,NA,NA,NA,NA
3312,450.104948,450.104092586062,450.104183964501,7588481.5,NA,225802.4,39.08,-1,-0.203016195062873,0.49627469123445,0.821075868479145,0.626195162132328,11,1.05,0.55,"N1 O11","de-protonated",0,NA,"C20 H21 O11 N1",20,21,11,1,NA,NA,NA,NA,NA,NA,NA
3314,450.116324,450.115468555745,450.115417353793,3098758,NA,171084,14.7,-1,0.113752940058696,0.997654856896183,0,0.59859291413771,11,1.10526315789474,0.526315789473684,"N3 O10","de-protonated",0,NA,"C19 H21 O10 N3",19,21,10,3,NA,NA,NA,NA,NA,NA,NA
3316,450.141496,450.140640488662,450.140569473885,6070927,NA,226295.2,30.84,-1,0.157761334871742,0.497747085516572,0.813795485951173,0.624166445690412,10,1.19047619047619,0.476190476190476,"N1 O10","de-protonated",0,NA,"C21 H25 O10 N1",21,25,10,1,NA,NA,NA,NA,NA,NA,NA
3321,450.190749,450.189893357403,450.18970920111,28424866,NA,223648.9,152.21,-1,0.409063757008835,0.491882990065833,0.867898706862609,0.642289276784543,17,0.966666666666667,0.0333333333333333,"N1 S1 O1","de-protonated",0,NA,"C30 H29 O1 S1 N1",30,29,1,1,NA,1,NA,NA,NA,NA,NA
3325,451.052556,451.051698060701,451.051814038017,12594142,NA,228901.8,66.25,-1,-0.257126372089993,0.993676877384537,0.993399960665495,0.99356611069692,12,0.842105263157895,0.684210526315789,"O13","de-protonated",0,NA,"C19 H16 O13",19,16,13,NA,NA,NA,NA,NA,NA,NA,NA
3326,451.065324,451.064466026674,451.064568255858,3190242.3,NA,135084.7,15.19,-1,-0.226639800133014,0.990723078171767,0,0.59443384690306,20,0.592592592592593,0.185185185185185,"S1 O5","de-protonated",0,NA,"C27 H16 O5 S1",27,16,5,NA,NA,1,NA,NA,NA,NA,NA
3327,451.078562,451.077703991395,451.077652119972,4442087,NA,181576.1,21.99,-1,0.114994442489024,0.997603449374504,0,0.598562069624703,7,1.42857142857143,0.785714285714286,"N4 S1 O11","de-protonated",0,NA,"C14 H20 O11 S1 N4",14,20,11,4,NA,1,NA,NA,NA,NA,NA
3328,451.088893,451.088034963863,451.088199547401,31210476,NA,227225.9,167.33,-1,-0.364858887147035,0.969388099506171,0.989312913179624,0.977358024975552,11,1,0.6,"O12","de-protonated",0,NA,"C20 H20 O12",20,20,12,NA,NA,NA,NA,NA,NA,NA,NA
3329,451.101843,451.100984929351,451.100953765242,6242288,NA,168486.5,31.76,-1,0.0690845569788853,0.499567189536697,0.766236582456902,0.606234946704779,19,0.714285714285714,0.142857142857143,"S1 O4","de-protonated",0,NA,"C28 H20 O4 S1",28,20,4,NA,NA,1,NA,NA,NA,NA,NA
3330,451.125373,451.124514866644,451.124585056786,49691640,NA,227376.6,267.68,-1,-0.155589262313384,0.497602257032001,0.957996843878163,0.681760091770466,10,1.14285714285714,0.523809523809524,"O11","de-protonated",0,NA,"C21 H24 O11",21,24,11,NA,NA,NA,NA,NA,NA,NA,NA
3331,451.138431,451.137572831845,451.137472216408,9448445,NA,183080.5,49.17,-1,0.223026113865649,0.981964349430641,0.993663578930194,0.986644041230462,5,1.61111111111111,0.611111111111111,"P1 O11","de-protonated",0,NA,"C18 H29 O11 P1",18,29,11,NA,1,NA,NA,NA,NA,NA,NA
3332,451.161778,451.160919769626,451.16097056617,31308806,NA,226144.5,167.87,-1,-0.112590733114118,0.998234060318177,0.990664858651073,0.995206379651335,9,1.27272727272727,0.454545454545455,"O10","de-protonated",0,NA,"C22 H28 O10",22,28,10,NA,NA,NA,NA,NA,NA,NA,NA
3333,451.171433,451.170574743895,451.17035348064,48397320,NA,225760.7,260.65,-1,0.490420642593199,0.319099296958329,0.703115790895168,0.472705894533065,22,0.727272727272727,0.0606060606060606,"O2","de-protonated",0,NA,"C33 H24 O2",33,24,2,NA,NA,NA,NA,NA,NA,NA,NA
3334,451.174599,451.173740735458,451.17372478401,7236618.5,NA,215160.5,37.16,-1,0.0353554440440742,0.49988660675753,0.753652554121787,0.601392985703233,17,0.933333333333333,0.0666666666666667,"S1 O2","de-protonated",0,NA,"C30 H28 O2 S1",30,28,2,NA,NA,1,NA,NA,NA,NA,NA
3336,451.190013,451.18915469438,451.189113867077,4400144,NA,190770.7,21.76,-1,0.0904882265860775,0.99753756712262,0.849246467285595,0.93822112718781,8,1.43478260869565,0.304347826086957,"P1 O7","de-protonated",0,NA,"C23 H33 O7 P1",23,33,7,NA,1,NA,NA,NA,NA,NA,NA
3338,451.198051,451.197192672958,451.197356075554,9354259,NA,232576.7,48.66,-1,-0.362153265374339,0.488241518418442,0.799615297578637,0.61279103008252,8,1.39130434782609,0.391304347826087,"O9","de-protonated",0,NA,"C23 H32 O9",23,32,9,NA,NA,NA,NA,NA,NA,NA,NA
3339,451.211081,451.210222638234,451.210110293395,6859800,NA,221229.8,35.12,-1,0.248985642048882,0.992186014154498,0.986944856006596,0.990089550895337,16,1.03225806451613,0.032258064516129,"S1 O1","de-protonated",0,NA,"C31 H32 O1 S1",31,32,1,NA,NA,1,NA,NA,NA,NA,NA
3340,451.247661,451.246802540749,451.246628744561,2701861.3,NA,233358,12.54,-1,0.385146784189042,0.973443257027296,0,0.584065954216377,2,1.95238095238095,0.380952380952381,"P1 O8","de-protonated",0,NA,"C21 H41 O8 P1",21,41,8,NA,1,NA,NA,NA,NA,NA,NA
3342,452.084145,452.083284311531,452.083448519594,7535959.5,NA,206720.7,38.79,-1,-0.363225116902708,0.4881726441273,0.828487690504102,0.624298662678021,11,1,0.631578947368421,"N1 O12","de-protonated",0,NA,"C19 H19 O12 N1",19,19,12,1,NA,NA,NA,NA,NA,NA,NA
3344,452.120629,452.119768214302,452.119834028979,8269156.5,NA,223206.7,42.77,-1,-0.14556909936215,0.498081209467461,0.821075868479145,0.627279073072135,10,1.15,0.55,"N1 O11","de-protonated",0,NA,"C20 H23 O11 N1",20,23,11,1,NA,NA,NA,NA,NA,NA,NA
3346,452.131727,452.130866184726,452.131067418271,2152040.8,NA,155497.3,9.55,-1,-0.445077898515455,0.964694356346508,0,0.578816613807905,10,1.21052631578947,0.526315789473684,"N3 O10","de-protonated",0,NA,"C19 H23 O10 N3",19,23,10,3,NA,NA,NA,NA,NA,NA,NA
3348,452.157045,452.156184117254,452.156219538363,6593906,NA,230434.7,33.67,-1,-0.0783382112195835,0.499443545887121,0.813795485951173,0.625184321912742,9,1.28571428571429,0.476190476190476,"N1 O10","de-protonated",0,NA,"C21 H27 O10 N1",21,27,10,1,NA,NA,NA,NA,NA,NA,NA
3356,453.031855,453.030991785898,453.031078593111,3942065.3,NA,235371.1,19.27,-1,-0.19161425596037,0.993360068261503,0,0.596016040956902,12,0.777777777777778,0.777777777777778,"O14","de-protonated",0,NA,"C18 H14 O14",18,14,14,NA,NA,NA,NA,NA,NA,NA,NA
3357,453.047151,453.046287745134,453.046334734396,2300598.8,NA,195909.1,10.36,-1,-0.103718445654065,0.998049966649875,0,0.598829979989925,16,0.636363636363636,0.5,"O11","de-protonated",0,NA,"C22 H14 O11",22,14,11,NA,NA,NA,NA,NA,NA,NA,NA
3358,453.057831,453.056967716672,453.056916675065,4827834.5,NA,170683.8,24.08,-1,0.112660473243925,0.99769963382481,0,0.598619780294886,7,1.38461538461538,0.923076923076923,"N4 S1 O12","de-protonated",0,NA,"C13 H18 O12 S1 N4",13,18,12,4,NA,1,NA,NA,NA,NA,NA
3359,453.06825,453.067386688906,453.067464102495,22630078,NA,221459.4,120.74,-1,-0.170865479519427,0.994624990851696,0.955007467998616,0.978777981710464,11,0.947368421052632,0.684210526315789,"O13","de-protonated",0,NA,"C19 H18 O13",19,18,13,NA,NA,NA,NA,NA,NA,NA,NA
3360,453.080566,453.079702656084,453.07983819778,2740163,NA,104532.5,12.74,-1,-0.29915631931238,0.983892476184029,0,0.590335485710417,24,0.517241379310345,0.0689655172413793,"N2 P1 O2","de-protonated",0,NA,"C29 H15 O2 N2 P1",29,15,2,2,1,NA,NA,NA,NA,NA,NA
3361,453.104556,453.103692592151,453.103849611879,48578252,NA,225468,261.63,-1,-0.346542473545373,0.492814972373322,0.96266610516279,0.68075542548911,10,1.1,0.6,"O12","de-protonated",0,NA,"C20 H22 O12",20,22,12,NA,NA,NA,NA,NA,NA,NA,NA
3362,453.132921,453.132057516558,453.131859971005,14806742,NA,219805.9,78.26,-1,0.435956000980603,0.979093646641083,0.908405963807111,0.950818573507494,22,0.6875,0.03125,"S1 O1","de-protonated",0,NA,"C32 H22 O1 S1",32,22,1,NA,NA,1,NA,NA,NA,NA,NA
3363,453.140959,453.140095495137,453.140235121264,44990168,NA,223868,242.15,-1,-0.308130057044792,0.657987291577773,0.964705304476082,0.780674496737096,9,1.23809523809524,0.523809523809524,"O11","de-protonated",0,NA,"C21 H26 O11",21,26,11,NA,NA,NA,NA,NA,NA,NA,NA
3364,453.169411,453.168547419313,453.168378422171,10817251,NA,225646.7,56.6,-1,0.372923510331775,0.983206156972954,0.88871374782211,0.945409193312617,8,1.40909090909091,0.363636363636364,"P1 O8","de-protonated",0,NA,"C22 H31 O8 P1",22,31,8,NA,1,NA,NA,NA,NA,NA,NA
3365,453.177403,453.176539398014,453.176620630648,18685670,NA,223985.1,99.32,-1,-0.179251598241103,0.995629171530458,0.999428997822814,0.9971491020474,8,1.36363636363636,0.454545454545455,"O10","de-protonated",0,NA,"C22 H30 O10",22,30,10,NA,NA,NA,NA,NA,NA,NA,NA
3366,453.190271,453.189407363721,453.189374848488,4169451,NA,207285.3,20.5,-1,0.0717475626068594,0.499533195185363,0.753652554121787,0.601180938759933,16,1,0.0666666666666667,"S1 O2","de-protonated",0,NA,"C30 H30 O2 S1",30,30,2,NA,NA,1,NA,NA,NA,NA,NA
3367,453.205728,453.204864322529,453.204763931555,6074096.5,NA,224949,30.85,-1,0.221513500808378,0.495568075767434,0.799615297578637,0.617186964491915,7,1.52173913043478,0.304347826086957,"P1 O7","de-protonated",0,NA,"C23 H35 O7 P1",23,35,7,NA,1,NA,NA,NA,NA,NA,NA
3368,453.213735,453.21287130119,453.213006140032,4381427.5,NA,232907,21.66,-1,-0.29751759176505,0.492033525943144,0.799615297578637,0.615066234597341,7,1.47826086956522,0.391304347826087,"O9","de-protonated",0,NA,"C23 H34 O9",23,34,9,NA,NA,NA,NA,NA,NA,NA,NA
3369,453.226755,453.225891266492,453.225760357873,3525368.3,NA,231237.9,17.01,-1,0.288837552568594,0.492488128108964,0.747514279669976,0.594498588733369,15,1.09677419354839,0.032258064516129,"S1 O1","de-protonated",0,NA,"C31 H34 O1 S1",31,34,1,NA,NA,1,NA,NA,NA,NA,NA
3370,454.063456,454.062590036696,454.062713074688,2315304.5,NA,192546,10.44,-1,-0.270971362351328,0.986765401012153,0,0.592059240607292,11,0.944444444444444,0.722222222222222,"N1 O13","de-protonated",0,NA,"C18 H17 O13 N1",18,17,13,1,NA,NA,NA,NA,NA,NA,NA
3372,454.099974,454.099107939376,454.099098584072,8144949.5,NA,223626.5,42.09,-1,0.0206018992082645,0.499961494601211,0.828487690504102,0.631371972962367,10,1.10526315789474,0.631578947368421,"N1 O12","de-protonated",0,NA,"C19 H21 O12 N1",19,21,12,1,NA,NA,NA,NA,NA,NA,NA
3374,454.12813,454.127263864341,454.127108943198,2344000,NA,228559.9,10.59,-1,0.34114048728627,0.979104967306729,0,0.587462980384038,22,0.67741935483871,0.032258064516129,"N1 S1 O1","de-protonated",0,NA,"C31 H21 O1 S1 N1",31,21,1,1,NA,1,NA,NA,NA,NA,NA
3377,454.164645,454.163778767029,454.163627394364,1936461.3,NA,240101.5,8.38,-1,0.333299842354906,0.980044878393904,0,0.588026927036342,8,1.42857142857143,0.380952380952381,"N1 P1 O8","de-protonated",0,NA,"C21 H30 O8 N1 P1",21,30,8,1,1,NA,NA,NA,NA,NA,NA
3380,455.02638,455.025511470518,455.025599289489,2440069.5,NA,241416.5,11.11,-1,-0.192997869984452,0.993264155258979,0,0.595958493155387,16,0.571428571428571,0.571428571428571,"O12","de-protonated",0,NA,"C21 H12 O12",21,12,12,NA,NA,NA,NA,NA,NA,NA,NA
3382,455.047502,455.046633414228,455.046728657589,8368525,NA,232805.8,43.3,-1,-0.209304571829276,0.496041266129216,0.836034543948893,0.632038577257086,11,0.888888888888889,0.777777777777778,"O14","de-protonated",0,NA,"C18 H16 O14",18,16,14,NA,NA,NA,NA,NA,NA,NA,NA
3383,455.075827,455.074958338742,455.074739016714,7125399.5,NA,174947.7,36.55,-1,0.481947270219978,0.479365060026515,0.753652554121788,0.589080057664624,23,0.533333333333333,0.1,"S1 O3","de-protonated",0,NA,"C30 H16 O3 S1",30,16,3,NA,NA,1,NA,NA,NA,NA,NA
3384,455.083867,455.082998317316,455.083114166973,26837402,NA,224498.9,143.58,-1,-0.254568129675139,0.975574675525743,0.995288789731476,0.983460321208036,10,1.05263157894737,0.684210526315789,"O13","de-protonated",0,NA,"C19 H20 O13",19,20,13,NA,NA,NA,NA,NA,NA,NA,NA
3385,455.112287,455.111418241577,455.11125746788,18923940,NA,213819.5,100.61,-1,0.353262404134479,0.987251687086766,0.892366027952243,0.949297423432957,9,1.25,0.5,"P1 O10","de-protonated",0,NA,"C20 H25 O10 P1",20,25,10,NA,1,NA,NA,NA,NA,NA,NA
3386,455.12036,455.119491220063,455.119499676357,43401640,NA,224594.1,233.52,-1,-0.0185803836108545,0.658920954625441,0.979611591883951,0.787197209528845,9,1.2,0.6,"O12","de-protonated",0,NA,"C20 H24 O12",20,24,12,NA,NA,NA,NA,NA,NA,NA,NA
3388,455.148647,455.147778144678,455.147642977264,22176178,NA,225630.6,118.27,-1,0.296974873637366,0.977413494248836,0.923740714593208,0.955944382386585,8,1.38095238095238,0.428571428571429,"P1 O9","de-protonated",0,NA,"C21 H29 O9 P1",21,29,9,NA,1,NA,NA,NA,NA,NA,NA
3389,455.156659,455.155790123326,455.155885185742,24961460,NA,223734.3,133.39,-1,-0.208856830322479,0.99541467239057,0.993046103392504,0.994467244791344,8,1.33333333333333,0.523809523809524,"O11","de-protonated",0,NA,"C21 H28 O11",21,28,11,NA,NA,NA,NA,NA,NA,NA,NA
3390,455.166317,455.165448097588,455.165268100212,3288504.3,NA,256744.9,15.72,-1,0.395454988166064,0.486011511359077,0.741475186234394,0.588196981309204,21,0.75,0.09375,"O3","de-protonated",0,NA,"C32 H24 O3",32,24,3,NA,NA,NA,NA,NA,NA,NA,NA
3391,455.184938,455.184069047963,455.184028486649,9587135,NA,214689.8,49.92,-1,0.0891097050155806,0.999008865781408,0.929847596616564,0.971344358115471,7,1.5,0.363636363636364,"P1 O8","de-protonated",0,NA,"C22 H33 O8 P1",22,33,8,NA,1,NA,NA,NA,NA,NA,NA
3392,455.19291,455.192041026718,455.192108503874,7803330,NA,233287.6,40.23,-1,-0.148238852732425,0.498010323908217,0.843720152817574,0.63629425547196,2,2.17647058823529,0.235294117647059,"N4 S2 P1 O4","de-protonated",0,NA,"C17 H37 O4 S2 N4 P1",17,37,4,4,1,2,NA,NA,NA,NA,NA
3393,455.206031,455.205161991751,455.205024912966,4297158.5,NA,218372,21.19,-1,0.301136359953308,0.491840151183909,0.753652554121787,0.596565112359061,15,1.06666666666667,0.0666666666666667,"S1 O2","de-protonated",0,NA,"C30 H32 O2 S1",30,32,2,NA,NA,1,NA,NA,NA,NA,NA
3394,455.221333,455.220463950971,455.220413996033,4350412,NA,218495.1,21.48,-1,0.109737912697613,0.98099910147279,0.915701890968828,0.954880217271205,6,1.60869565217391,0.304347826086957,"P1 O7","de-protonated",0,NA,"C23 H37 O7 P1",23,37,7,NA,1,NA,NA,NA,NA,NA,NA
3397,456.107214,456.106342590111,456.106373498291,3396364,NA,174661.9,16.3,-1,-0.0677652891702358,0.499583555144071,0.753652554121787,0.601211154735158,22,0.633333333333333,0.0666666666666667,"N1 S1 O2","de-protonated",0,NA,"C30 H19 O2 S1 N1",30,19,2,1,NA,1,NA,NA,NA,NA,NA
3400,456.143832,456.142960492525,456.142759007676,1988889.1,NA,180033.9,8.66,-1,0.441714452283125,0.965216593204686,0,0.579129955922811,21,0.741935483870968,0.032258064516129,"N1 S1 O1","de-protonated",0,NA,"C31 H23 O1 S1 N1",31,23,1,1,NA,1,NA,NA,NA,NA,NA
3407,457.041921,457.041047099131,457.041249353967,4062300.5,NA,256752.5,19.92,-1,-0.442530815467832,0.965090175959811,0,0.579054105575887,15,0.666666666666667,0.571428571428571,"O12","de-protonated",0,NA,"C21 H14 O12",21,14,12,NA,NA,NA,NA,NA,NA,NA,NA
3408,457.05512,457.054246063955,457.054136513589,4416609,NA,165482.5,21.84,-1,0.239687943528626,0.989629861211563,0,0.593777916726938,10,1.05555555555556,0.666666666666667,"P1 O12","de-protonated",0,NA,"C18 H19 O12 P1",18,19,12,NA,1,NA,NA,NA,NA,NA,NA
3409,457.063206,457.062332042406,457.062378722067,11150436,NA,215931.6,58.4,-1,-0.102129736681625,0.499054596187249,0.836034543948893,0.633846575291907,10,1,0.777777777777778,"O14","de-protonated",0,NA,"C18 H18 O14",18,18,14,NA,NA,NA,NA,NA,NA,NA,NA
3410,457.078553,457.077679001507,457.077634863352,6125673.5,NA,212125.7,31.12,-1,0.0965659919388753,0.499154711653518,0.806643077274283,0.622150057901824,14,0.818181818181818,0.5,"O11","de-protonated",0,NA,"C22 H18 O11",22,18,11,NA,NA,NA,NA,NA,NA,NA,NA
3411,457.091572,457.090697966811,457.090522022974,17499246,NA,207964.3,92.87,-1,0.384921212033739,0.986680439040989,0.93080660225525,0.964330904326693,9,1.21052631578947,0.578947368421053,"P1 O11","de-protonated",0,NA,"C19 H23 O11 P1",19,23,11,NA,1,NA,NA,NA,NA,NA,NA
3412,457.099637,457.098762945318,457.098764231451,24618098,NA,223507.7,131.53,-1,-0.00281368670326061,0.988945840716648,0.99796346187166,0.992552889178653,9,1.15789473684211,0.684210526315789,"O13","de-protonated",0,NA,"C19 H22 O13",19,22,13,NA,NA,NA,NA,NA,NA,NA,NA
3413,457.109243,457.108368919718,457.108147145921,5889140.5,NA,221746.2,29.83,-1,0.485167018805968,0.479094292061172,0.753652554121787,0.588917596885418,22,0.6,0.166666666666667,"O5","de-protonated",0,NA,"C30 H18 O5",30,18,5,NA,NA,NA,NA,NA,NA,NA,NA
3414,457.114975,457.114100904443,457.114020372736,5783670.5,NA,208633.7,29.26,-1,0.176174221833663,0.497192070336407,0.799615297578637,0.618161361233299,13,0.956521739130435,0.434782608695652,"O10","de-protonated",0,NA,"C23 H22 O10",23,22,10,NA,NA,NA,NA,NA,NA,NA,NA
3415,457.127846,457.126971870142,457.126774590576,28460156,NA,221797.5,152.39,-1,0.431564231959222,0.484652517079034,0.92197251032385,0.65958051437696,21,0.709677419354839,0.0645161290322581,"S1 O2","de-protonated",0,NA,"C31 H22 O2 S1",31,22,2,NA,NA,1,NA,NA,NA,NA,NA
3416,457.13591,457.135035848651,457.135149740835,21705854,NA,222695.6,115.71,-1,-0.249143353050811,0.992381837704001,0.980507177685498,0.9876319736966,8,1.3,0.6,"O12","de-protonated",0,NA,"C20 H26 O12",20,26,12,NA,NA,NA,NA,NA,NA,NA,NA
3417,457.145553,457.144678822953,457.144532655306,6958209.5,NA,226881.3,35.64,-1,0.319740556190872,0.490810383654353,0.747514279669976,0.593491942060602,21,0.709677419354839,0.129032258064516,"O4","de-protonated",0,NA,"C31 H22 O4",31,22,4,NA,NA,NA,NA,NA,NA,NA,NA
3418,457.151113,457.150238808136,457.15040588212,4392067.5,NA,202994.9,21.71,-1,-0.365468306598637,0.48802787574702,0.792708917554682,0.609900292470085,12,1.08333333333333,0.375,"O9","de-protonated",0,NA,"C24 H26 O9",24,26,9,NA,NA,NA,NA,NA,NA,NA,NA
3419,457.16423,457.163355773179,457.163160099961,20456584,NA,219392.4,108.93,-1,0.428016155515563,0.648903185919111,0.92052207767641,0.757550742622031,20,0.8125,0.03125,"S1 O1","de-protonated",0,NA,"C32 H26 O1 S1",32,26,1,NA,NA,1,NA,NA,NA,NA,NA
3420,457.172293,457.171418751691,457.17153525022,8500363,NA,223791.1,44.01,-1,-0.254824545059956,0.987002135900323,0.979347849456686,0.983940421322868,7,1.42857142857143,0.523809523809524,"O11","de-protonated",0,NA,"C21 H30 O11",21,30,11,NA,NA,NA,NA,NA,NA,NA,NA
3421,457.181927,457.181052726017,457.18091816469,3129486.8,NA,225688.7,14.85,-1,0.294328396609656,0.492202069711532,0.741475186234394,0.591911316320677,20,0.8125,0.09375,"O3","de-protonated",0,NA,"C32 H26 O3",32,26,3,NA,NA,NA,NA,NA,NA,NA,NA
3422,457.187456,457.186581711282,457.186791391505,2641552.8,NA,165799.5,12.2,-1,-0.458631409528599,0.96255274025,0,0.57753164415,11,1.2,0.32,"O8","de-protonated",0,NA,"C25 H30 O8",25,30,8,NA,NA,NA,NA,NA,NA,NA,NA
3423,457.200708,457.199833675966,457.199678551127,7038101.5,NA,226371.2,36.07,-1,0.339293412241826,0.989586739690642,0.508658474990038,0.7972154338104,6,1.59090909090909,0.363636363636364,"P1 O8","de-protonated",0,NA,"C22 H35 O8 P1",22,35,8,NA,1,NA,NA,NA,NA,NA,NA
3424,457.208833,457.207958654313,457.207920759604,3937432.3,NA,233187.3,19.24,-1,0.082882878645172,0.998754301789607,0,0.599252581073764,6,1.54545454545455,0.454545454545455,"O10","de-protonated",0,NA,"C22 H34 O10",22,34,10,NA,NA,NA,NA,NA,NA,NA,NA
3425,457.237132,457.236257578896,457.236064060511,2111650.5,NA,220000.1,9.32,-1,0.423235174341598,0.968019988536542,0,0.580811993121925,5,1.69565217391304,0.304347826086957,"P1 O7","de-protonated",0,NA,"C23 H39 O7 P1",23,39,7,NA,1,NA,NA,NA,NA,NA,NA
3426,457.244995,457.244120557941,457.244306268988,2113701.5,NA,279182.2,9.34,-1,-0.406152781612679,0.970511729726244,0,0.582307037835746,5,1.65217391304348,0.391304347826087,"O9","de-protonated",0,NA,"C23 H38 O9",23,38,9,NA,NA,NA,NA,NA,NA,NA,NA
3428,458.07356,458.072683349828,458.072883835545,2943438.5,NA,230292,13.84,-1,-0.437672090884582,0.965839371734056,0,0.579503623040433,14,0.80952380952381,0.523809523809524,"N1 O11","de-protonated",0,NA,"C21 H17 O11 N1",21,17,11,1,NA,NA,NA,NA,NA,NA,NA
3429,458.086649,458.085772314946,458.085638053385,2494931,NA,195931.3,11.4,-1,0.293092709386735,0.984533801795169,0,0.590720281077102,22,0.586206896551724,0.103448275862069,"N1 S1 O3","de-protonated",0,NA,"C29 H17 O3 S1 N1",29,17,3,1,NA,1,NA,NA,NA,NA,NA
3432,458.123027,458.122150217999,458.122023562769,4113888,NA,183539.7,20.19,-1,0.27646614462351,0.493113482397588,0.753652554121787,0.597329111087268,21,0.7,0.0666666666666667,"N1 S1 O2","de-protonated",0,NA,"C30 H21 O2 S1 N1",30,21,2,1,NA,1,NA,NA,NA,NA,NA
3435,458.146318,458.145441155929,458.145654854313,1697256.5,NA,187193,7.07,-1,-0.466442019365716,0.961291624769338,0,0.576774974861603,12,1.08695652173913,0.391304347826087,"N1 O9","de-protonated",0,NA,"C23 H25 O9 N1",23,25,9,1,NA,NA,NA,NA,NA,NA,NA
3442,459.057739,459.056859727005,459.056899418445,6035246,NA,230740.6,30.62,-1,-0.0864630074669442,0.499322218072513,0.813795485951173,0.625111525223977,14,0.761904761904762,0.571428571428571,"O12","de-protonated",0,NA,"C21 H16 O12",21,16,12,NA,NA,NA,NA,NA,NA,NA,NA
3443,459.070771,459.069891692275,459.069786578067,8953651,NA,216962.7,46.47,-1,0.228972175443332,0.993845741064036,0.928688172022977,0.967782713447612,9,1.16666666666667,0.666666666666667,"P1 O12","de-protonated",0,NA,"C18 H21 O12 P1",18,21,12,NA,1,NA,NA,NA,NA,NA,NA
3444,459.078864,459.077984670707,459.078028786545,8056629.5,NA,232844.7,41.6,-1,-0.0960965992146268,0.499162902453428,0.836034543948893,0.633911559051614,9,1.11111111111111,0.777777777777778,"O14","de-protonated",0,NA,"C18 H20 O14",18,20,14,NA,NA,NA,NA,NA,NA,NA,NA
3445,459.088443,459.08756364518,459.087411701015,5314361,NA,225255.9,26.71,-1,0.330970008106447,0.49016006515098,0.759892473118277,0.598053028337899,22,0.551724137931034,0.206896551724138,"O6","de-protonated",0,NA,"C29 H16 O6",29,16,6,NA,NA,NA,NA,NA,NA,NA,NA
3446,459.094132,459.093252630018,459.09328492783,9424699,NA,219536.7,49.03,-1,-0.0703513039531748,0.986915479868193,0.962118661454958,0.976996752502899,13,0.909090909090909,0.5,"O11","de-protonated",0,NA,"C22 H20 O11",22,20,11,NA,NA,NA,NA,NA,NA,NA,NA
3447,459.107166,459.106286595283,459.106172087452,27772736,NA,216277.4,148.65,-1,0.249414706949269,0.991983256981053,0.976028034034546,0.98560116780245,8,1.31578947368421,0.578947368421053,"P1 O11","de-protonated",0,NA,"C19 H25 O11 P1",19,25,11,NA,1,NA,NA,NA,NA,NA,NA
3448,459.115171,459.11429157395,459.114414295929,10942274,NA,229710.4,57.27,-1,-0.267301516670894,0.493559575273162,0.828487690504102,0.627530821365538,8,1.26315789473684,0.684210526315789,"O13","de-protonated",0,NA,"C19 H24 O13",19,24,13,NA,NA,NA,NA,NA,NA,NA,NA
3449,459.118043,459.117163566296,459.117272534962,2428227.5,NA,196879.9,11.04,-1,-0.237343861580533,0.989830673740131,0,0.593898404244079,21,0.689655172413793,0.0689655172413793,"N2 S1 O2","de-protonated",0,NA,"C29 H20 O2 S1 N2",29,20,2,2,NA,1,NA,NA,NA,NA,NA
3450,459.124861,459.123981548126,459.123797210399,9127750,NA,217454.3,47.42,-1,0.40149895901032,0.485586924842144,0.753652554121787,0.592813176554002,21,0.666666666666667,0.166666666666667,"O5","de-protonated",0,NA,"C30 H20 O5",30,20,5,NA,NA,NA,NA,NA,NA,NA,NA
3451,459.130481,459.129601533149,459.129670437214,8888136,NA,218673.9,46.11,-1,-0.150075391697779,0.990596023665139,0.969634365728326,0.982211360490414,12,1.04347826086957,0.434782608695652,"O10","de-protonated",0,NA,"C23 H24 O10",23,24,10,NA,NA,NA,NA,NA,NA,NA,NA
3452,459.143471,459.142591498531,459.142424655054,25241420,NA,217416.3,134.91,-1,0.363380657889205,0.244081316689886,0.695538045412044,0.424664008178749,20,0.774193548387097,0.0645161290322581,"S1 O2","de-protonated",0,NA,"C31 H24 O2 S1",31,24,2,NA,NA,1,NA,NA,NA,NA,NA
3453,459.151536,459.150656477038,459.150799805313,7520079.5,NA,235554.8,38.69,-1,-0.312159481780137,0.491237194527887,0.821075868479145,0.62317266410839,7,1.4,0.6,"O12","de-protonated",0,NA,"C20 H28 O12",20,28,12,NA,NA,NA,NA,NA,NA,NA,NA
3454,459.154425,459.153545469338,459.153658044347,1923920.4,NA,186431.3,8.3,-1,-0.24517937778776,0.989151858437035,0,0.593491115062221,20,0.8,0.0333333333333333,"N2 S1 O1","de-protonated",0,NA,"C30 H24 O1 S1 N2",30,24,1,2,NA,1,NA,NA,NA,NA,NA
3456,459.166866,459.165986436183,459.166055946598,7511893,NA,218643.1,38.64,-1,-0.151384045059269,0.996724033699096,0.975198745917217,0.988113918586344,11,1.16666666666667,0.375,"O9","de-protonated",0,NA,"C24 H28 O9",24,28,9,NA,NA,NA,NA,NA,NA,NA,NA
3457,459.179928,459.179048401373,459.17894310622,13289306,NA,219987.6,70.01,-1,0.229311806836778,0.994233415341605,0.965232021809393,0.98263285792872,6,1.57142857142857,0.428571428571429,"P1 O9","de-protonated",0,NA,"C21 H33 O9 P1",21,33,9,NA,1,NA,NA,NA,NA,NA,NA
3458,459.188145,459.187265379475,459.187185314698,3519324.5,NA,243726.4,16.96,-1,0.174361959774858,0.994498767665234,0,0.59669926059914,6,1.52380952380952,0.523809523809524,"O11","de-protonated",0,NA,"C21 H32 O11",21,32,11,NA,NA,NA,NA,NA,NA,NA,NA
3460,459.203315,459.202435339047,459.202441455983,2954594,NA,196709.4,13.9,-1,-0.0133207812093418,0.999967803680595,0,0.599980682208357,10,1.28,0.32,"O8","de-protonated",0,NA,"C25 H32 O8",25,32,8,NA,NA,NA,NA,NA,NA,NA,NA
3462,459.21643,459.215550304096,459.215328615605,4238182.5,NA,234514.8,20.87,-1,0.482754990228806,0.958594578132161,0,0.575156746879297,5,1.68181818181818,0.363636363636364,"P1 O8","de-protonated",0,NA,"C22 H37 O8 P1",22,37,8,NA,1,NA,NA,NA,NA,NA,NA
3463,459.224386,459.223506282893,459.223570824082,2406761.5,NA,217556.3,10.92,-1,-0.140544154697111,0.996422321095923,0,0.597853392657554,5,1.63636363636364,0.454545454545455,"O10","de-protonated",0,NA,"C22 H36 O10",22,36,10,NA,NA,NA,NA,NA,NA,NA,NA
3464,459.260686,459.259806186154,459.259956333466,1728374.4,NA,234476.7,7.24,-1,-0.326933166532181,0.980792661061694,0,0.588475596637016,4,1.73913043478261,0.391304347826087,"O9","de-protonated",0,NA,"C23 H40 O9",23,40,9,NA,NA,NA,NA,NA,NA,NA,NA
3465,459.304295,459.303415069937,459.303355775658,7507846,NA,226184.6,38.62,-1,0.129096115535665,0.992977202349772,0.965042144721886,0.981803179298617,7,1.60714285714286,0.107142857142857,"P1 O3","de-protonated",0,NA,"C28 H45 O3 P1",28,45,3,NA,1,NA,NA,NA,NA,NA,NA
3468,460.089341,460.088458977801,460.088533900023,3201181,NA,209503.2,15.23,-1,-0.162843053287256,0.99519992649027,0,0.597119955894162,13,0.904761904761905,0.523809523809524,"N1 O11","de-protonated",0,NA,"C21 H19 O11 N1",21,19,11,1,NA,NA,NA,NA,NA,NA,NA
3470,460.10214,460.101257943692,460.101288117863,2061985.6,NA,203105,9.05,-1,-0.0655815837764365,0.999219903770997,0,0.599531942262598,21,0.655172413793103,0.103448275862069,"N1 S1 O3","de-protonated",0,NA,"C29 H19 O3 S1 N1",29,19,3,1,NA,1,NA,NA,NA,NA,NA
3472,460.12578,460.124897880692,460.124919409407,3625130,NA,198177.7,17.54,-1,-0.0467888488540962,0.999602852077421,0,0.599761711246453,12,1.04545454545455,0.454545454545455,"N1 O10","de-protonated",0,NA,"C22 H23 O10 N1",22,23,10,1,NA,NA,NA,NA,NA,NA,NA
3478,460.219633,460.218750630575,460.218819796275,2384587.3,NA,227416.9,10.8,-1,-0.150288726222404,0.995910059415943,0,0.597546035649566,5,1.66666666666667,0.476190476190476,"N1 O10","de-protonated",0,NA,"C21 H35 O10 N1",21,35,10,1,NA,NA,NA,NA,NA,NA,NA
3482,461.036855,461.03597045269,461.036163973539,4435437,NA,228443.3,21.93,-1,-0.419751993576018,0.968535871075087,0,0.581121522645052,14,0.7,0.65,"O13","de-protonated",0,NA,"C20 H14 O13",20,14,13,NA,NA,NA,NA,NA,NA,NA,NA
3483,461.049809,461.048924418168,461.04891819138,2492913.5,NA,135363.2,11.39,-1,0.0135057000564729,0.999966903593493,0,0.599980142156096,22,0.5,0.178571428571429,"S1 O5","de-protonated",0,NA,"C28 H14 O5 S1",28,14,5,NA,NA,1,NA,NA,NA,NA,NA
3484,461.073349,461.072464355434,461.072549482923,10220026,NA,225951.1,53.34,-1,-0.184629272169566,0.996915797753472,0.991321103615141,0.99467792009814,13,0.857142857142857,0.571428571428571,"O12","de-protonated",0,NA,"C21 H18 O12",21,18,12,NA,NA,NA,NA,NA,NA,NA,NA
3485,461.086412,461.085527320621,461.085303700764,12392959,NA,206612.9,65.14,-1,0.484985871063161,0.479109569651422,0.759892473118277,0.591422731038164,21,0.620689655172414,0.137931034482759,"S1 O4","de-protonated",0,NA,"C29 H18 O4 S1",29,18,4,NA,NA,1,NA,NA,NA,NA,NA
3486,461.094453,461.093568299192,461.093678851023,3669505.3,NA,222910.6,17.78,-1,-0.2397600217277,0.989623655798941,0,0.593774193479365,8,1.22222222222222,0.777777777777778,"O14","de-protonated",0,NA,"C18 H22 O14",18,22,14,NA,NA,NA,NA,NA,NA,NA,NA
3488,461.109772,461.108887258367,461.108934992308,14629383,NA,215014.6,77.28,-1,-0.103519877094966,0.996368039463014,0.986068008820964,0.992248027206194,12,1,0.5,"O11","de-protonated",0,NA,"C22 H22 O11",22,22,11,NA,NA,NA,NA,NA,NA,NA,NA
3489,461.122781,461.121896223699,461.121689210148,22448652,NA,210353.4,119.74,-1,0.448934750495637,0.321363661820269,0.725419308212223,0.48298592037705,20,0.733333333333333,0.1,"S1 O3","de-protonated",0,NA,"C30 H22 O3 S1",30,22,3,NA,NA,1,NA,NA,NA,NA,NA
3490,461.140525,461.139640176411,461.139447274877,7539217.5,NA,219934.9,38.79,-1,0.418314969222589,0.484373770666706,0.753652554121787,0.592085284048739,20,0.733333333333333,0.166666666666667,"O5","de-protonated",0,NA,"C30 H22 O5",30,22,5,NA,NA,NA,NA,NA,NA,NA,NA
3491,461.146022,461.145137161762,461.145320501692,14916116,NA,216076.5,78.84,-1,-0.3975751722513,0.98582769406823,0.983893831403097,0.985054149002177,11,1.1304347826087,0.434782608695652,"O10","de-protonated",0,NA,"C23 H26 O10",23,26,10,NA,NA,NA,NA,NA,NA,NA,NA
3492,461.15907,461.158185126989,461.158074719532,16046616,NA,213936.3,84.98,-1,0.239413473689892,0.494826737179626,0.747514279669976,0.595901754175766,19,0.838709677419355,0.0645161290322581,"S1 O2","de-protonated",0,NA,"C31 H26 O2 S1",31,26,2,NA,NA,1,NA,NA,NA,NA,NA
3493,461.166898,461.166013106127,461.165936805455,1916955,NA,229953.8,8.26,-1,0.165451666522702,0.995045292838447,0,0.597027175703068,24,0.666666666666667,0.0303030303030303,"N2 O1","de-protonated",0,NA,"C33 H22 O1 N2",33,22,1,2,NA,NA,NA,NA,NA,NA,NA
3494,461.176717,461.17583207996,461.175832784262,3959326.5,NA,210047.1,19.35,-1,-0.00152718722424778,0.499999788403585,0.747514279669976,0.599005584910141,19,0.838709677419355,0.129032258064516,"O4","de-protonated",0,NA,"C31 H26 O4",31,26,4,NA,NA,NA,NA,NA,NA,NA,NA
3495,461.182484,461.181599064591,461.181706011076,7369248.5,NA,216282.7,37.86,-1,-0.231896634005694,0.987412697031845,0.947301256865528,0.971368120965319,10,1.25,0.375,"O9","de-protonated",0,NA,"C24 H30 O9",24,30,9,NA,NA,NA,NA,NA,NA,NA,NA
3496,461.195622,461.194737029578,461.194593170698,7715365,NA,233480.1,39.74,-1,0.311926640717416,0.491250147066465,0.813795485951173,0.620268282620348,5,1.66666666666667,0.428571428571429,"P1 O9","de-protonated",0,NA,"C21 H35 O9 P1",21,35,9,NA,1,NA,NA,NA,NA,NA,NA
3497,461.218935,461.21804996745,461.218091520461,3072045.3,NA,191563.8,14.53,-1,-0.0900940613744924,0.998528275968749,0,0.599116965581249,9,1.36,0.32,"O8","de-protonated",0,NA,"C25 H34 O8",25,34,8,NA,NA,NA,NA,NA,NA,NA,NA
3498,461.232033,461.231147932544,461.230978680083,2292786,NA,240863.9,10.3,-1,0.366958137805887,0.97586251615963,0,0.585517509695778,4,1.77272727272727,0.363636363636364,"P1 O8","de-protonated",0,NA,"C22 H39 O8 P1",22,39,8,NA,1,NA,NA,NA,NA,NA,NA
3499,461.283515,461.282629795345,461.282620330752,2996804.3,NA,229844.2,14.12,-1,0.0205179920134748,0.999923615198592,0,0.599954169119155,7,1.59259259259259,0.148148148148148,"P1 O4","de-protonated",0,NA,"C27 H43 O4 P1",27,43,4,NA,1,NA,NA,NA,NA,NA,NA
3503,462.068527,462.067639703299,462.067798455116,2840921.3,NA,216019.4,13.27,-1,-0.34356823271929,0.978809692365295,0,0.587285815419177,13,0.85,0.6,"N1 O12","de-protonated",0,NA,"C20 H17 O12 N1",20,17,12,1,NA,NA,NA,NA,NA,NA,NA
3506,462.104915,462.104027606326,462.104183964501,4328294,NA,231643.3,21.35,-1,-0.338361305067168,0.979440523393293,0,0.587664314035976,12,1,0.523809523809524,"N1 O11","de-protonated",0,NA,"C21 H21 O11 N1",21,21,11,1,NA,NA,NA,NA,NA,NA,NA
3508,462.116263,462.115375576084,462.115417353793,2653290,NA,199435.2,12.26,-1,-0.0904053569775915,0.998518095664085,0,0.599110857398451,12,1.05,0.5,"N3 O10","de-protonated",0,NA,"C20 H21 O10 N3",20,21,10,3,NA,NA,NA,NA,NA,NA,NA
3510,462.141471,462.140583508905,462.140569473885,4083571,NA,191915.7,20.02,-1,0.0303695903389438,0.999832661698697,0,0.599899597019218,11,1.13636363636364,0.454545454545455,"N1 O10","de-protonated",0,NA,"C22 H25 O10 N1",22,25,10,1,NA,NA,NA,NA,NA,NA,NA
3514,462.199169,462.19828135514,462.198084351369,2340231.3,NA,252481.4,10.56,-1,0.426232341410955,0.967572897904366,0,0.580543738742619,5,1.65,0.55,"N1 O11","de-protonated",0,NA,"C20 H33 O11 N1",20,33,11,1,NA,NA,NA,NA,NA,NA,NA
3517,463.052539,463.051649080922,463.051814038017,8838323,NA,214999.9,45.84,-1,-0.356238956836259,0.488618067465162,0.821075868479145,0.621601187870755,13,0.8,0.65,"O13","de-protonated",0,NA,"C20 H16 O13",20,16,13,NA,NA,NA,NA,NA,NA,NA,NA
3518,463.065494,463.064604046397,463.064568255858,4489399.5,NA,188259.9,22.22,-1,0.0772906024867918,0.499458321168982,0.766236582456902,0.60616962568415,21,0.571428571428571,0.178571428571429,"S1 O5","de-protonated",0,NA,"C28 H16 O5 S1",28,16,5,NA,NA,1,NA,NA,NA,NA,NA
3519,463.088956,463.088065983871,463.088199547401,16698560,NA,218370.5,88.51,-1,-0.288419204900209,0.992204384772717,0.989480675152154,0.991114900924492,12,0.952380952380952,0.571428571428571,"O12","de-protonated",0,NA,"C21 H20 O12",21,20,12,NA,NA,NA,NA,NA,NA,NA,NA
3520,463.102015,463.101124949069,463.100953765242,11654341,NA,198008.2,61.13,-1,0.369646889886226,0.487755942757677,0.759892473118277,0.596610554901917,20,0.689655172413793,0.137931034482759,"S1 O4","de-protonated",0,NA,"C29 H20 O4 S1",29,20,4,NA,NA,1,NA,NA,NA,NA,NA
3521,463.119817,463.118926901627,463.118711829971,6927563,NA,206756.5,35.46,-1,0.464398544741174,0.480811732289449,0.759892473118277,0.592444028620981,20,0.689655172413793,0.206896551724138,"O6","de-protonated",0,NA,"C29 H20 O6",29,20,6,NA,NA,NA,NA,NA,NA,NA,NA
3522,463.125468,463.124577886567,463.124585056786,24718540,NA,218265.6,132.06,-1,-0.0154822670636691,0.997819050718353,0.964727052050187,0.984582251251087,11,1.09090909090909,0.5,"O11","de-protonated",0,NA,"C22 H24 O11",22,24,11,NA,NA,NA,NA,NA,NA,NA,NA
3523,463.138448,463.137557851976,463.137339274626,13933777,NA,202995.2,73.5,-1,0.471949313935255,0.4801953093957,0.753652554121787,0.589578207286135,19,0.8,0.1,"S1 O3","de-protonated",0,NA,"C30 H24 O3 S1",30,24,3,NA,NA,1,NA,NA,NA,NA,NA
3525,463.161765,463.160874789836,463.16097056617,18980058,NA,219245.4,100.9,-1,-0.206788438349597,0.990665667259717,0.975159995136408,0.984463398410394,10,1.21739130434783,0.434782608695652,"O10","de-protonated",0,NA,"C23 H28 O10",23,28,10,NA,NA,NA,NA,NA,NA,NA,NA
3526,463.174769,463.173878755181,463.17372478401,8572126,NA,233080.3,44.39,-1,0.332426392414828,0.981718442373367,0.973317506724327,0.978358068113751,18,0.903225806451613,0.0645161290322581,"S1 O2","de-protonated",0,NA,"C31 H28 O2 S1",31,28,2,NA,NA,1,NA,NA,NA,NA,NA
3527,463.192483,463.191592707973,463.19148284874,2229732.3,NA,165182.4,9.95,-1,0.23717887187016,0.989844735241861,0,0.593906841145117,18,0.903225806451613,0.129032258064516,"O4","de-protonated",0,NA,"C31 H28 O4",31,28,4,NA,NA,NA,NA,NA,NA,NA,NA
3528,463.198161,463.197270692841,463.197356075554,7245030,NA,223504.2,37.18,-1,-0.184333333863498,0.995705469047019,0.990139856364963,0.993479223974197,9,1.33333333333333,0.375,"O9","de-protonated",0,NA,"C24 H32 O9",24,32,9,NA,NA,NA,NA,NA,NA,NA,NA
3529,463.211228,463.210337658018,463.210110293395,4345067,NA,222854.2,21.44,-1,0.490845554325532,0.96848993734343,0.970858333373878,0.969437295755609,17,1,0.03125,"S1 O1","de-protonated",0,NA,"C32 H32 O1 S1",32,32,1,NA,NA,1,NA,NA,NA,NA,NA
3531,464.084301,464.083408331291,464.083448519594,4140572.5,NA,227509.8,20.33,-1,-0.0865971480589302,0.99864022964294,0,0.599184137785764,12,0.95,0.6,"N1 O12","de-protonated",0,NA,"C20 H19 O12 N1",20,19,12,1,NA,NA,NA,NA,NA,NA,NA
3533,464.095703,464.094810300905,464.094681908887,2007712.4,NA,191768.7,8.75,-1,0.276650484144911,0.986208719039534,0,0.59172523142372,12,1,0.578947368421053,"N3 O11","de-protonated",0,NA,"C19 H19 O11 N3",19,19,11,3,NA,NA,NA,NA,NA,NA,NA
3535,464.120721,464.119828234233,464.119834028979,5455401,NA,205855.9,27.47,-1,-0.0124854525965629,0.499985857497287,0.813795485951173,0.625509708878841,11,1.0952380952381,0.523809523809524,"N1 O11","de-protonated",0,NA,"C21 H23 O11 N1",21,23,11,1,NA,NA,NA,NA,NA,NA,NA
3538,464.156968,464.156075137635,464.156219538363,4908598,NA,215735.8,24.5,-1,-0.311103723480005,0.491295849791462,0.806643077274283,0.61743474078459,10,1.22727272727273,0.454545454545455,"N1 O10","de-protonated",0,NA,"C22 H27 O10 N1",22,27,10,1,NA,NA,NA,NA,NA,NA,NA
3545,465.031901,465.031005805951,465.031078593111,3501926.8,NA,234937.8,16.86,-1,-0.156521064788991,0.995564582636943,0,0.597338749582165,13,0.736842105263158,0.736842105263158,"O14","de-protonated",0,NA,"C19 H14 O14",19,14,14,NA,NA,NA,NA,NA,NA,NA,NA
3546,465.068354,465.067458708804,465.067464102495,13344627,NA,222755.6,70.3,-1,-0.0115976520498191,0.499987797222772,0.821075868479145,0.628423025725321,12,0.9,0.65,"O13","de-protonated",0,NA,"C20 H18 O13",20,18,13,NA,NA,NA,NA,NA,NA,NA,NA
3547,465.081261,465.080365674407,465.080218320336,3688311.8,NA,161309.2,17.87,-1,0.31683581914931,0.490975085235491,0.766236582456902,0.601079684124055,20,0.642857142857143,0.178571428571429,"S1 O5","de-protonated",0,NA,"C28 H18 O5 S1",28,18,5,NA,NA,1,NA,NA,NA,NA,NA
3548,465.104678,465.103782612002,465.103849611879,28807040,NA,221953.4,154.25,-1,-0.144053587080859,0.990399450325097,0.972835320789593,0.983373798510896,11,1.04761904761905,0.571428571428571,"O12","de-protonated",0,NA,"C21 H22 O12",21,22,12,NA,NA,NA,NA,NA,NA,NA,NA
3549,465.117592,465.116696577586,465.11660382972,6512516.5,NA,186484.2,33.2,-1,0.199407772924046,0.496405469131636,0.759892473118277,0.601800270726292,19,0.758620689655172,0.137931034482759,"S1 O4","de-protonated",0,NA,"C29 H22 O4 S1",29,22,4,NA,NA,1,NA,NA,NA,NA,NA
3550,465.140998,465.140102515209,465.140235121264,30740364,NA,217436.5,164.75,-1,-0.285088333386139,0.492680451019498,0.806643077274283,0.618265501521412,10,1.18181818181818,0.5,"O11","de-protonated",0,NA,"C22 H26 O11",22,26,11,NA,NA,NA,NA,NA,NA,NA,NA
3551,465.15408,465.153184480346,465.152989339104,7819153,NA,198524.3,40.3,-1,0.419520558498543,0.976551301523794,0.99575695880286,0.98423356443542,18,0.866666666666667,0.1,"S1 O3","de-protonated",0,NA,"C30 H26 O3 S1",30,26,3,NA,NA,1,NA,NA,NA,NA,NA
3552,465.169365,465.168469439612,465.168378422171,53432216,NA,217478.2,287.96,-1,0.195665581142954,0.658195639458283,0.974627398945692,0.784768343253247,9,1.34782608695652,0.347826086956522,"P1 O8","de-protonated",0,NA,"C23 H31 O8 P1",23,31,8,NA,1,NA,NA,NA,NA,NA,NA
3553,465.177443,465.176547418084,465.176620630648,15445913,NA,219931.2,81.71,-1,-0.157386594435481,0.983412820624373,0.981847299415401,0.982786612140784,9,1.30434782608696,0.434782608695652,"O10","de-protonated",0,NA,"C23 H30 O10",23,30,10,NA,NA,NA,NA,NA,NA,NA,NA
3554,465.190526,465.189630383218,465.18950779027,6159262,NA,209931.4,31.29,-1,0.263533346688498,0.493738743975886,0.821075868479145,0.62467359377719,4,1.75,0.5,"P1 O10","de-protonated",0,NA,"C20 H35 O10 P1",20,35,10,NA,1,NA,NA,NA,NA,NA,NA
3555,465.205563,465.204667343144,465.204763931555,2644387,NA,213699.1,12.2,-1,-0.207625583221956,0.992208552488928,0,0.595325131493357,8,1.45833333333333,0.291666666666667,"P1 O7","de-protonated",0,NA,"C24 H35 O7 P1",24,35,7,NA,1,NA,NA,NA,NA,NA,NA
3556,465.213913,465.213017320892,465.213006140032,3983270,NA,234446.3,19.47,-1,0.0240338498345914,0.999895196024714,0,0.599937117614828,8,1.41666666666667,0.375,"O9","de-protonated",0,NA,"C24 H34 O9",24,34,9,NA,NA,NA,NA,NA,NA,NA,NA
3558,466.063566,466.062668056579,466.062713074688,2865868.8,NA,188124.2,13.4,-1,-0.0965923851015138,0.998308499834934,0,0.598985099900961,12,0.894736842105263,0.684210526315789,"N1 O13","de-protonated",0,NA,"C19 H17 O13 N1",19,17,13,1,NA,NA,NA,NA,NA,NA,NA
3559,466.071474,466.070576035504,466.070596387421,3360975.5,NA,222695.5,16.09,-1,-0.0436670255620672,0.999654071836818,0,0.59979244310209,15,0.916666666666667,0.125,"N1 S2 P1 O3","de-protonated",0,NA,"C24 H22 O3 S2 N1 P1",24,22,3,1,1,2,NA,NA,NA,NA,NA
3560,466.099896,466.09899795976,466.099098584072,5663961.5,NA,218106.9,28.59,-1,-0.215886090568,0.495789457145153,0.821075868479145,0.62590402167875,11,1.05,0.6,"N1 O12","de-protonated",0,NA,"C20 H21 O12 N1",20,21,12,1,NA,NA,NA,NA,NA,NA,NA
3562,466.13626,466.135361862851,466.135484093457,5646566,NA,221695.8,28.5,-1,-0.262221200109595,0.49380055182173,0.813795485951173,0.621798525473507,10,1.19047619047619,0.523809523809524,"N1 O11","de-protonated",0,NA,"C21 H25 O11 N1",21,25,11,1,NA,NA,NA,NA,NA,NA,NA
3563,466.144252,466.143353841552,466.14336740619,7612648.5,NA,217899.5,39.18,-1,-0.0290997116602123,0.499923181143185,0.779247987650237,0.611653103746006,13,1.15384615384615,0.0384615384615385,"N1 S2 P1 O1","de-protonated",0,NA,"C26 H30 O1 S2 N1 P1",26,30,1,1,1,2,NA,NA,NA,NA,NA
3564,466.148478,466.14757983029,466.147586862674,1940330.1,NA,132215.3,8.38,-1,-0.0150861762295501,0.999958704453855,0,0.599975222672313,9,1.38095238095238,0.238095238095238,"N3 S2 O5","de-protonated",0,NA,"C21 H29 O5 S2 N3",21,29,5,3,NA,2,NA,NA,NA,NA,NA
3570,467.047575,467.04667443421,467.046728657589,7651872.5,NA,232406.8,38.73,-1,-0.116098402754598,0.498778635339497,0.828487690504102,0.630662257405339,12,0.842105263157895,0.736842105263158,"O14","de-protonated",0,NA,"C19 H16 O14",19,16,14,NA,NA,NA,NA,NA,NA,NA,NA
3571,467.083879,467.08297833746,467.083114166973,23826990,NA,219315.2,125.09,-1,-0.29080373288966,0.989092353955169,0.986102982769309,0.987896605480825,11,1,0.65,"O13","de-protonated",0,NA,"C20 H20 O13",20,20,13,NA,NA,NA,NA,NA,NA,NA,NA
3572,467.112309,467.111408261694,467.11125746788,8569399,NA,165641.7,43.63,-1,0.322822051435811,0.987417512797988,0.784067488895728,0.906077503237084,10,1.19047619047619,0.476190476190476,"P1 O10","de-protonated",0,NA,"C21 H25 O10 P1",21,25,10,NA,1,NA,NA,NA,NA,NA,NA
3573,467.120282,467.119381240446,467.119499676357,38498872,NA,217214.7,203.43,-1,-0.253545208671112,0.991152929840143,0.981745422128362,0.98738992675543,10,1.14285714285714,0.571428571428571,"O12","de-protonated",0,NA,"C21 H24 O12",21,24,12,NA,NA,NA,NA,NA,NA,NA,NA
3574,467.148751,467.147850164577,467.147642977264,10367556,NA,203170,53.23,-1,0.443515697470011,0.964596448931869,0.798622803776012,0.898206990869526,9,1.31818181818182,0.409090909090909,"P1 O9","de-protonated",0,NA,"C22 H29 O9 P1",22,29,9,NA,1,NA,NA,NA,NA,NA,NA
3575,467.156783,467.155882143172,467.155885185742,28570182,NA,219391,150.42,-1,-0.00651296484699235,0.999853710802664,0.999650783724646,0.999772539971457,9,1.27272727272727,0.5,"O11","de-protonated",0,NA,"C22 H28 O11",22,28,11,NA,NA,NA,NA,NA,NA,NA,NA
3577,467.169418,467.1685171095,467.168639403582,2976842.8,NA,218971.3,13.77,-1,-0.261777165769645,0.987642799322711,0,0.592585679593627,17,0.933333333333333,0.1,"S1 O3","de-protonated",0,NA,"C30 H28 O3 S1",30,28,3,NA,NA,1,NA,NA,NA,NA,NA
3579,467.193139,467.192238046284,467.192270695126,10201683,NA,218539.7,52.34,-1,-0.069883096129334,0.997820029909278,0.989593892483996,0.994529574939165,8,1.39130434782609,0.434782608695652,"O10","de-protonated",0,NA,"C23 H32 O10",23,32,10,NA,NA,NA,NA,NA,NA,NA,NA
3580,467.206254,467.205353011332,467.205157854748,4494935.5,NA,235930.7,21.87,-1,0.417710680266367,0.968836348621128,0,0.581301809172677,3,1.85,0.5,"P1 O10","de-protonated",0,NA,"C20 H37 O10 P1",20,37,10,NA,1,NA,NA,NA,NA,NA,NA
3581,467.22126,467.220358971342,467.220413996033,2910812.5,NA,227663.1,13.42,-1,-0.117770306569275,0.997486498972429,0,0.598491899383457,7,1.54166666666667,0.291666666666667,"P1 O7","de-protonated",0,NA,"C24 H37 O7 P1",24,37,7,NA,1,NA,NA,NA,NA,NA,NA
3582,467.229374,467.228472949718,467.22865620451,2323551.3,NA,214356.4,10.28,-1,-0.392216508980767,0.972473027501849,0,0.583483816501109,7,1.5,0.375,"O9","de-protonated",0,NA,"C24 H36 O9",24,36,9,NA,NA,NA,NA,NA,NA,NA,NA
3583,467.242443,467.241541914889,467.241410422351,1945187.8,NA,220533.2,8.26,-1,0.281423126177912,0.985732213367774,0,0.591439328020665,15,1.125,0.03125,"S1 O1","de-protonated",0,NA,"C32 H36 O1 S1",32,36,1,NA,NA,1,NA,NA,NA,NA,NA
3585,468.050727,468.049823760824,468.049860942515,1933177.6,NA,227462.9,8.2,-1,-0.0794395933685832,0.998855596360031,0,0.599313357816018,15,0.869565217391304,0.173913043478261,"N1 S2 P1 O4","de-protonated",0,NA,"C23 H20 O4 S2 N1 P1",23,20,4,1,1,2,NA,NA,NA,NA,NA
3586,468.079191,468.078287684968,468.078363139166,3864451.3,NA,224629,18.51,-1,-0.161199927304722,0.995296078557074,0,0.597177647134244,11,1,0.684210526315789,"N1 O13","de-protonated",0,NA,"C19 H19 O13 N1",19,19,13,1,NA,NA,NA,NA,NA,NA,NA
3592,468.164863,468.163959456653,468.163888375775,1773728.8,NA,213556,7.34,-1,0.151829049841936,0.995825969510148,0,0.597495581706089,17,0.931034482758621,0.103448275862069,"N1 S1 O3","de-protonated",0,NA,"C29 H27 O3 S1 N1",29,27,3,1,NA,1,NA,NA,NA,NA,NA
3594,468.188413,468.187509393893,468.187519667319,3713960.8,NA,220667.2,17.7,-1,-0.021942972597219,0.999912637354152,0,0.599947582412491,8,1.40909090909091,0.454545454545455,"N1 O10","de-protonated",0,NA,"C22 H31 O10 N1",22,31,10,1,NA,NA,NA,NA,NA,NA,NA
3597,469.052768,469.0518620904,469.051634590145,3952848.5,NA,164790.9,18.98,-1,0.485021771447829,0.958213084617818,0,0.574927850770691,15,0.826086956521739,0.304347826086957,"S1 P1 O7","de-protonated",0,NA,"C23 H19 O7 S1 P1",23,19,7,NA,1,1,NA,NA,NA,NA,NA
3598,469.063136,469.062230062769,469.062378722067,13182164,NA,224917,68.25,-1,-0.316928631534324,0.990958876197524,0.970431075901379,0.982747756079066,11,0.947368421052632,0.736842105263158,"O14","de-protonated",0,NA,"C19 H18 O14",19,18,14,NA,NA,NA,NA,NA,NA,NA,NA
3599,469.091399,469.090492987449,469.090389081192,9489630,NA,171273,48.54,-1,0.22150583104799,0.979981271215861,0.884681916645589,0.941861529387752,23,0.580645161290323,0.0967741935483871,"S1 O3","de-protonated",0,NA,"C31 H18 O3 S1",31,18,3,NA,NA,1,NA,NA,NA,NA,NA
3600,469.099513,469.098606965825,469.098764231451,30856416,NA,217011.3,162.62,-1,-0.335250566020922,0.985072703896443,0.992802648299035,0.98816468165748,10,1.1,0.65,"O13","de-protonated",0,NA,"C20 H22 O13",20,22,13,NA,NA,NA,NA,NA,NA,NA,NA
3601,469.127913,469.127006890139,469.126774590576,17974506,NA,212605.7,93.84,-1,0.49517438676782,0.478242201906995,0.741475186234394,0.583535395637955,22,0.6875,0.0625,"S1 O2","de-protonated",0,NA,"C32 H22 O2 S1",32,22,2,NA,NA,1,NA,NA,NA,NA,NA
3602,469.136029,469.13512286851,469.135149740835,32650476,NA,217674.4,172.2,-1,-0.0572805621946793,0.999531940051556,0.991604240735,0.996360860324934,9,1.23809523809524,0.571428571428571,"O12","de-protonated",0,NA,"C21 H26 O12",21,26,12,NA,NA,NA,NA,NA,NA,NA,NA
3603,469.145637,469.144730842905,469.144532655306,3955952.3,NA,208901,18.99,-1,0.422444653041258,0.484068709941685,0.741475186234394,0.587031300458769,22,0.6875,0.125,"O4","de-protonated",0,NA,"C32 H22 O4",32,22,4,NA,NA,NA,NA,NA,NA,NA,NA
3604,469.164345,469.163438793049,469.163293041742,15623415,NA,216545.8,81.29,-1,0.310662211696721,0.9837600050238,0.924529403852417,0.960067764555247,8,1.40909090909091,0.409090909090909,"P1 O9","de-protonated",0,NA,"C22 H31 O9 P1",22,31,9,NA,1,NA,NA,NA,NA,NA,NA
3605,469.172401,469.171494771579,469.17153525022,15901945,NA,219557.4,82.78,-1,-0.0862768460141155,0.998905384424748,0.994129738139976,0.996995125910839,8,1.36363636363636,0.5,"O11","de-protonated",0,NA,"C22 H30 O11",22,30,11,NA,NA,NA,NA,NA,NA,NA,NA
3607,469.185398,469.184491736943,469.18428946806,2028285.8,NA,198484.1,8.7,-1,0.431107535143169,0.966839368121601,0,0.58010362087296,16,1,0.1,"S1 O3","de-protonated",0,NA,"C30 H30 O3 S1",30,30,3,NA,NA,1,NA,NA,NA,NA,NA
3608,469.200638,469.199731696328,469.199678551127,7294211,NA,207267.7,36.82,-1,0.113267770704642,0.996617315527482,0.921446425704088,0.966548959598124,7,1.52173913043478,0.347826086956522,"P1 O8","de-protonated",0,NA,"C23 H35 O8 P1",23,35,8,NA,1,NA,NA,NA,NA,NA,NA
3609,469.208672,469.207765674918,469.207920759604,4471045.5,NA,229931.6,21.74,-1,-0.33052444222863,0.490186279645981,0.799615297578637,0.613957886819043,7,1.47826086956522,0.434782608695652,"O10","de-protonated",0,NA,"C23 H34 O10",23,34,10,NA,NA,NA,NA,NA,NA,NA,NA
3610,469.221766,469.220859640022,469.220674977444,3655946,NA,201039.6,17.39,-1,0.393551665281204,0.486143961580996,0.747514279669976,0.590692088816588,15,1.09677419354839,0.0645161290322581,"S1 O2","de-protonated",0,NA,"C31 H34 O2 S1",31,34,2,NA,NA,1,NA,NA,NA,NA,NA
3611,469.237108,469.236201599136,469.236064060511,2682127.5,NA,231954.9,12.19,-1,0.293111795537131,0.984531803077223,0,0.590719081846334,6,1.625,0.291666666666667,"P1 O7","de-protonated",0,NA,"C24 H39 O7 P1",24,39,7,NA,1,NA,NA,NA,NA,NA,NA
3613,470.037436,470.036527466274,470.03649832616,1805855.8,NA,197750,7.51,-1,0.0619954271659246,0.999302857250136,0,0.599581714350082,16,0.619047619047619,0.571428571428571,"N1 O12","de-protonated",0,NA,"C21 H13 O12 N1",21,13,12,1,NA,NA,NA,NA,NA,NA,NA
3614,470.058525,470.057616410072,470.05762769426,2072103,NA,212480,8.93,-1,-0.0240059668946677,0.999895439048212,0,0.599937263428927,11,0.944444444444444,0.777777777777778,"N1 O14","de-protonated",0,NA,"C18 H17 O14 N1",18,17,14,1,NA,NA,NA,NA,NA,NA,NA
3618,470.123255,470.122346237567,470.122156504551,2419773,NA,173129.2,10.79,-1,0.403582374955049,0.970878320440378,0,0.582526992264227,9,1.3,0.5,"N1 P1 O10","de-protonated",0,NA,"C20 H26 O10 N1 P1",20,26,10,1,1,NA,NA,NA,NA,NA,NA
3621,470.159564,470.158655140805,470.158542013935,1792073.4,NA,170324.8,7.44,-1,0.240614301711165,0.98954996933034,0,0.593729981598204,8,1.42857142857143,0.428571428571429,"N1 P1 O9","de-protonated",0,NA,"C21 H30 O9 N1 P1",21,30,9,1,1,NA,NA,NA,NA,NA,NA
3625,471.042652,471.041740787388,471.041643277161,3682164.5,NA,226606.2,17.53,-1,0.207009781006319,0.992254522482427,0,0.595352713489456,11,0.888888888888889,0.833333333333333,"O15","de-protonated",0,NA,"C18 H16 O15",18,16,15,NA,NA,NA,NA,NA,NA,NA,NA
3626,471.057732,471.0568207472,471.056899418445,4348793.5,NA,204922.4,21.09,-1,-0.167010069456119,0.994951752768744,0,0.596971051661247,15,0.727272727272727,0.545454545454545,"O12","de-protonated",0,NA,"C22 H16 O12",22,16,12,NA,NA,NA,NA,NA,NA,NA,NA
3627,471.070644,471.06973271279,471.069653636286,7143294,NA,164408.7,36.01,-1,0.167865841642848,0.996567966116959,0.936271320070059,0.972449307698199,23,0.533333333333333,0.133333333333333,"S1 O4","de-protonated",0,NA,"C30 H16 O4 S1",30,16,4,NA,NA,1,NA,NA,NA,NA,NA
3628,471.078846,471.077934690931,471.078028786545,15062913,NA,215289.1,78.29,-1,-0.199745281246583,0.981057754508667,0.994361943286365,0.986379430019746,10,1.05263157894737,0.736842105263158,"O14","de-protonated",0,NA,"C19 H20 O14",19,20,14,NA,NA,NA,NA,NA,NA,NA,NA
3629,471.107155,471.106243615488,471.10603914567,19900298,NA,209806.2,104.12,-1,0.434020796402249,0.652711198046067,0.960370155399426,0.775774780987411,22,0.645161290322581,0.0967741935483871,"S1 O3","de-protonated",0,NA,"C31 H20 O3 S1",31,20,3,NA,NA,1,NA,NA,NA,NA,NA
3630,471.115216,471.114304594006,471.114414295929,24549262,NA,216597.4,128.94,-1,-0.232856223138959,0.993727541017276,0.978678068044208,0.987707751828049,9,1.2,0.65,"O13","de-protonated",0,NA,"C20 H24 O13",20,24,13,NA,NA,NA,NA,NA,NA,NA,NA
3631,471.124825,471.123913568398,471.123797210399,6125456.5,NA,220178.8,30.57,-1,0.246979667209751,0.494496423256914,0.747514279669976,0.595703565822139,22,0.645161290322581,0.161290322580645,"O5","de-protonated",0,NA,"C31 H20 O5",31,20,5,NA,NA,NA,NA,NA,NA,NA,NA
3632,471.130694,471.129782552757,471.129670437214,4506514,NA,227402.7,21.93,-1,0.237971731309517,0.494888537499811,0.792708917554682,0.61401668952176,13,1,0.416666666666667,"O10","de-protonated",0,NA,"C24 H24 O10",24,24,10,NA,NA,NA,NA,NA,NA,NA,NA
3633,471.143647,471.142735518238,471.142557596836,26081174,NA,210276.1,137.12,-1,0.377638145585822,0.98014280589191,0.964193395334172,0.973763041668815,8,1.38095238095238,0.476190476190476,"P1 O10","de-protonated",0,NA,"C21 H29 O10 P1",21,29,10,NA,1,NA,NA,NA,NA,NA,NA
3634,471.151728,471.150816496702,471.150799805313,16770969,NA,223221.1,87.41,-1,0.0354268496908241,0.999499796564927,0.989838510626128,0.995635282189408,8,1.33333333333333,0.571428571428571,"O12","de-protonated",0,NA,"C21 H28 O12",21,28,12,NA,NA,NA,NA,NA,NA,NA,NA
3636,471.167051,471.166139455866,471.166055946598,4339614.5,NA,199528.4,21.04,-1,0.177239567780097,0.497158104889309,0.785920818505338,0.61266319033572,12,1.12,0.36,"O9","de-protonated",0,NA,"C25 H28 O9",25,28,9,NA,NA,NA,NA,NA,NA,NA,NA
3637,471.179985,471.179073421398,471.17894310622,14718883,NA,211561.4,76.46,-1,0.276572582716014,0.991931530101525,0.941719399668099,0.971846677928155,7,1.5,0.409090909090909,"P1 O9","de-protonated",0,NA,"C22 H33 O9 P1",22,33,9,NA,1,NA,NA,NA,NA,NA,NA
3638,471.188098,471.187186399777,471.187185314698,6023077.5,NA,227280.7,30.03,-1,0.00230286154568941,0.499999518873499,0.806643077274283,0.622656942233812,7,1.45454545454545,0.5,"O11","de-protonated",0,NA,"C22 H32 O11",22,32,11,NA,NA,NA,NA,NA,NA,NA,NA
3639,471.197584,471.196672374496,471.196568229168,2527144.8,NA,257374.1,11.36,-1,0.221023104522946,0.991175180952246,0,0.594705108571348,20,0.848484848484849,0.0909090909090909,"O3","de-protonated",0,NA,"C33 H28 O3",33,28,3,NA,NA,NA,NA,NA,NA,NA,NA
3640,471.201864,471.20095236309,471.200941854245,2540074.3,NA,113741.4,11.43,-1,0.022302258251709,0.999909753179195,0,0.599945851907517,1,2.05,0.3,"S2 P1 O6","de-protonated",0,NA,"C20 H41 O6 S2 P1",20,41,6,NA,1,2,NA,NA,NA,NA,NA
3641,471.216326,471.215414324549,471.215328615605,5873583,NA,205451.4,29.23,-1,0.181889126791478,0.996363450767754,0.705299677436871,0.879937941435401,6,1.60869565217391,0.347826086956522,"P1 O8","de-protonated",0,NA,"C23 H37 O8 P1",23,37,8,NA,1,NA,NA,NA,NA,NA,NA
3642,471.224258,471.223346303411,471.223570824082,2873266,NA,227421.1,13.21,-1,-0.476463159519944,0.959644896667088,0,0.575786938000253,6,1.56521739130435,0.434782608695652,"O10","de-protonated",0,NA,"C23 H36 O10",23,36,10,NA,NA,NA,NA,NA,NA,NA,NA
3643,471.237385,471.236473268427,471.236325041922,1896630.4,NA,168504.2,7.99,-1,0.314548130279486,0.982207559888645,0,0.589324535933187,14,1.16129032258065,0.0645161290322581,"S1 O2","de-protonated",0,NA,"C31 H36 O2 S1",31,36,2,NA,NA,1,NA,NA,NA,NA,NA
3645,472.053059,472.052145094668,472.052148390638,2280137.3,NA,235436,10.04,-1,-0.00698221641533465,0.999991154171424,0,0.599994692502854,15,0.714285714285714,0.571428571428571,"N1 O12","de-protonated",0,NA,"C21 H15 O12 N1",21,15,12,1,NA,NA,NA,NA,NA,NA,NA
3648,472.089315,472.088400998046,472.088533900023,2562261.5,NA,228805.6,11.55,-1,-0.281519178652442,0.985722542107043,0,0.591433525264226,14,0.863636363636364,0.5,"N1 O11","de-protonated",0,NA,"C22 H19 O11 N1",22,19,11,1,NA,NA,NA,NA,NA,NA,NA
3649,472.102267,472.10135296353,472.101288117863,2941657.8,NA,193775.4,13.57,-1,0.137355410928687,0.996582549564773,0,0.597949529738864,22,0.633333333333333,0.1,"N1 S1 O3","de-protonated",0,NA,"C30 H19 O3 S1 N1",30,19,3,1,NA,1,NA,NA,NA,NA,NA
3652,472.138764,472.137849866266,472.137673627247,2956518,NA,191828.8,13.65,-1,0.373278871859343,0.975034390123613,0,0.585020634074167,21,0.741935483870968,0.0645161290322581,"N1 S1 O2","de-protonated",0,NA,"C31 H23 O2 S1 N1",31,23,2,1,NA,1,NA,NA,NA,NA,NA
3656,472.17511,472.174195769404,472.174059136632,1784562.3,NA,219251.6,7.39,-1,0.289369501886836,0.984921286803116,0,0.590952772081869,20,0.84375,0.03125,"N1 S1 O1","de-protonated",0,NA,"C32 H27 O1 S1 N1",32,27,1,1,NA,1,NA,NA,NA,NA,NA
3660,473.037099,473.036182472216,473.036163973539,3743251.3,NA,212909.8,17.85,-1,0.0391062634841369,0.999722549049022,0,0.599833529429413,15,0.666666666666667,0.619047619047619,"O13","de-protonated",0,NA,"C21 H14 O13",21,14,13,NA,NA,NA,NA,NA,NA,NA,NA
3661,473.050068,473.049151437654,473.04891819138,3387927.5,NA,196851.4,15.95,-1,0.49307009325345,0.478422692419752,0.759892473118277,0.591010604699162,23,0.482758620689655,0.172413793103448,"S1 O5","de-protonated",0,NA,"C29 H14 O5 S1",29,14,5,NA,NA,1,NA,NA,NA,NA,NA
3662,473.058225,473.057308415915,473.057293341639,4328986.5,NA,213861.8,20.98,-1,0.0318656474145237,0.999815770440715,0,0.599889462264429,10,1,0.833333333333333,"O15","de-protonated",0,NA,"C18 H18 O15",18,18,15,NA,NA,NA,NA,NA,NA,NA,NA
3663,473.073467,473.072550375296,473.072549482923,7791135.5,NA,206892.7,39.46,-1,0.00188633292741051,0.499999677180037,0.806643077274283,0.622657037217735,14,0.818181818181818,0.545454545454545,"O12","de-protonated",0,NA,"C22 H18 O12",22,18,12,NA,NA,NA,NA,NA,NA,NA,NA
3664,473.086436,473.085519340734,473.085303700764,13978148,NA,205340.8,72.5,-1,0.455816251397605,0.971880884911892,0.95813886689826,0.966384077706439,22,0.6,0.133333333333333,"S1 O4","de-protonated",0,NA,"C30 H18 O4 S1",30,18,4,NA,NA,1,NA,NA,NA,NA,NA
3665,473.094423,473.093506319448,473.093678851023,11278886,NA,215089.8,58.09,-1,-0.36468797227267,0.488078332284323,0.828487690504102,0.624242075572235,9,1.15789473684211,0.736842105263158,"O14","de-protonated",0,NA,"C19 H22 O14",19,22,14,NA,NA,NA,NA,NA,NA,NA,NA
3666,473.10409,473.103173293686,473.103061765493,6277673.5,NA,196268.3,31.38,-1,0.235737626118523,0.4949835801426,0.753652554121787,0.598451169734275,22,0.6,0.2,"O6","de-protonated",0,NA,"C30 H18 O6",30,18,6,NA,NA,NA,NA,NA,NA,NA,NA
3667,473.10976,473.108843278575,473.108934992308,8663596,NA,208263.1,44.12,-1,-0.193853308384353,0.996488667799793,0.98962090615193,0.993741563140648,13,0.956521739130435,0.478260869565217,"O11","de-protonated",0,NA,"C23 H22 O11",23,22,11,NA,NA,NA,NA,NA,NA,NA,NA
3668,473.122758,473.121841243936,473.121689210148,26253872,NA,211738.6,138.04,-1,0.321341826686938,0.491293803621587,0.898503451152035,0.654177662633766,21,0.709677419354839,0.0967741935483871,"S1 O3","de-protonated",0,NA,"C31 H22 O3 S1",31,22,3,NA,NA,1,NA,NA,NA,NA,NA
3669,473.130744,473.129827222653,473.129902169155,11143731,NA,215581.7,57.36,-1,-0.158405759538108,0.994140999541397,0.965886214348369,0.982839085464186,3,2.06666666666667,0.466666666666667,"N4 S2 P1 O7","de-protonated",0,NA,"C15 H31 O7 S2 N4 P1",15,31,7,4,1,2,NA,NA,NA,NA,NA
3670,473.140549,473.139632196523,473.139447274877,7922230,NA,217833.1,40.16,-1,0.390839628430139,0.486331647156138,0.747514279669976,0.590804700161673,21,0.709677419354839,0.161290322580645,"O5","de-protonated",0,NA,"C31 H22 O5",31,22,5,NA,NA,NA,NA,NA,NA,NA,NA
3671,473.146175,473.14525818153,473.145320501692,10447416,NA,208097.9,53.65,-1,-0.131714632334203,0.498428521294371,0.792708917554682,0.616140679798495,12,1.08333333333333,0.416666666666667,"O10","de-protonated",0,NA,"C24 H26 O10",24,26,10,NA,NA,NA,NA,NA,NA,NA,NA
3672,473.159256,473.158339146669,473.158207661314,21539388,NA,211994,112.87,-1,0.277888776424497,0.992459861315991,0.963780702299956,0.980988197709577,7,1.47619047619048,0.476190476190476,"P1 O10","de-protonated",0,NA,"C21 H31 O10 P1",21,31,10,NA,1,NA,NA,NA,NA,NA,NA
3673,473.167291,473.166374125256,473.166449869791,5173823,NA,233114.8,25.49,-1,-0.160080105579731,0.980966772354773,0.932140763325663,0.961436368743129,7,1.42857142857143,0.571428571428571,"O12","de-protonated",0,NA,"C21 H30 O12",21,30,12,NA,NA,NA,NA,NA,NA,NA,NA
3675,473.182771,473.181854084002,473.181706011076,6079044,NA,217038.1,30.32,-1,0.312930369122848,0.491194244895881,0.785920818505338,0.609084874339664,11,1.2,0.36,"O9","de-protonated",0,NA,"C25 H30 O9",25,30,9,NA,NA,NA,NA,NA,NA,NA,NA
3676,473.195741,473.194824049437,473.194593170698,10259016,NA,217767.1,52.64,-1,0.487914998138749,0.973882576545294,0.952542686127068,0.965346620378004,6,1.59090909090909,0.409090909090909,"P1 O9","de-protonated",0,NA,"C22 H35 O9 P1",22,35,9,NA,1,NA,NA,NA,NA,NA,NA
3677,473.203671,473.202754028304,473.202835379176,2597451,NA,215719,11.73,-1,-0.171915435893241,0.994651652729326,0,0.596790991637596,6,1.54545454545455,0.5,"O11","de-protonated",0,NA,"C22 H34 O11",22,34,11,NA,NA,NA,NA,NA,NA,NA,NA
3678,473.218907,473.2179899877,473.218091520461,2468944,NA,170133.1,11.05,-1,-0.214558069920669,0.991681769260427,0,0.595009061556256,10,1.30769230769231,0.307692307692308,"O8","de-protonated",0,NA,"C26 H34 O8",26,34,8,NA,NA,NA,NA,NA,NA,NA,NA
3680,473.240252,473.239334930816,473.23922088856,1850967.3,NA,263558.2,7.75,-1,0.240982258372704,0.989518151935171,0,0.593710891161102,5,1.65217391304348,0.434782608695652,"O10","de-protonated",0,NA,"C23 H38 O10",23,38,10,NA,NA,NA,NA,NA,NA,NA,NA
3681,473.283446,473.282528815705,473.282620330752,31324774,NA,216026.3,165.11,-1,-0.193362365381105,0.653086132887425,0.966758253098486,0.778554980971849,8,1.53571428571429,0.142857142857143,"P1 O4","de-protonated",0,NA,"C28 H43 O4 P1",28,43,4,NA,1,NA,NA,NA,NA,NA,NA
3683,474.068756,474.067836722865,474.067798455116,3602283.5,NA,192831.8,17.1,-1,0.0807221012676835,0.998818368579396,0,0.599291021147638,14,0.80952380952381,0.571428571428571,"N1 O12","de-protonated",0,NA,"C21 H17 O12 N1",21,17,12,1,NA,NA,NA,NA,NA,NA,NA
3684,474.081414,474.080494689132,474.080552672957,2257263.8,NA,124290.7,9.92,-1,-0.122307959427907,0.997289346582591,0,0.598373607949555,22,0.586206896551724,0.137931034482759,"N1 S1 O4","de-protonated",0,NA,"C29 H17 O4 S1 N1",29,17,4,1,NA,1,NA,NA,NA,NA,NA
3686,474.10518,474.104260625796,474.104183964501,3648375.5,NA,197548.2,17.34,-1,0.161697149375878,0.995267084145007,0,0.597160250487004,13,0.954545454545455,0.5,"N1 O11","de-protonated",0,NA,"C22 H21 O11 N1",22,21,11,1,NA,NA,NA,NA,NA,NA,NA
3688,474.117951,474.117031591761,474.116938182341,3310459.8,NA,186529.5,15.54,-1,0.1970176820343,0.496490819159747,0.753652554121787,0.599355513144563,21,0.7,0.1,"N1 S1 O3","de-protonated",0,NA,"C30 H21 O3 S1 N1",30,21,3,1,NA,1,NA,NA,NA,NA,NA
3690,474.134082,474.133162548772,474.133196645333,2357121.3,NA,230662.8,10.45,-1,-0.0719134643608959,0.999062069839158,0,0.599437241903495,11,1.25,0.125,"N1 S2 P1 O3","de-protonated",0,NA,"C24 H30 O3 S2 N1 P1",24,30,3,1,1,2,NA,NA,NA,NA,NA
3691,474.141378,474.140458529329,474.140569473885,2896771.8,NA,161779.5,13.33,-1,-0.233990853248958,0.990114557838892,0,0.594068734703335,12,1.08695652173913,0.434782608695652,"N1 O10","de-protonated",0,NA,"C23 H25 O10 N1",23,25,10,1,NA,NA,NA,NA,NA,NA,NA
3693,474.154541,474.153621494249,474.153456633507,2314632,NA,163140.8,10.22,-1,0.347694907980205,0.978303187766773,0,0.586981912660063,7,1.5,0.5,"N1 P1 O10","de-protonated",0,NA,"C20 H30 O10 N1 P1",20,30,10,1,1,NA,NA,NA,NA,NA,NA
3697,474.235418,474.234498278713,474.234469860753,2011042.9,NA,217476.3,8.6,-1,0.0599238608444061,0.999348653737494,0,0.599609192242496,5,1.68181818181818,0.454545454545455,"N1 O10","de-protonated",0,NA,"C22 H37 O10 N1",22,37,10,1,NA,NA,NA,NA,NA,NA,NA
3699,474.983674,474.982752284622,474.982903579989,3749019,NA,216801.9,17.88,-1,-0.318528026244149,0.981758622777933,0,0.58905517366676,15,0.684210526315789,0.368421052631579,"N2 S2 P1 O7","de-protonated",0,NA,"C19 H13 O7 S2 N2 P1",19,13,7,2,1,2,NA,NA,NA,NA,NA
3700,475.052619,475.051697100885,475.051814038017,7353522,NA,215763.5,37.12,-1,-0.246156585251802,0.494532843512402,0.813795485951173,0.62223790048791,14,0.761904761904762,0.619047619047619,"O13","de-protonated",0,NA,"C21 H16 O13",21,16,13,NA,NA,NA,NA,NA,NA,NA,NA
3701,475.065562,475.064640066392,475.064568255858,6203574,NA,192852.5,30.98,-1,0.151159524574716,0.497931312477401,0.759892473118277,0.602715776733751,22,0.551724137931034,0.172413793103448,"S1 O5","de-protonated",0,NA,"C29 H16 O5 S1",29,16,5,NA,NA,1,NA,NA,NA,NA,NA
3703,475.089064,475.088142003759,475.088199547401,12094654,NA,205783.6,62.44,-1,-0.121122019293675,0.49867079449674,0.806643077274283,0.621859707607757,13,0.909090909090909,0.545454545454545,"O12","de-protonated",0,NA,"C22 H20 O12",22,20,12,NA,NA,NA,NA,NA,NA,NA,NA
3704,475.102168,475.101245968837,475.101086707023,18742466,NA,207159.5,97.93,-1,0.335216690549775,0.989338379258618,0.998748845899471,0.993102565914959,8,1.31578947368421,0.631578947368421,"P1 O12","de-protonated",0,NA,"C19 H25 O12 P1",19,25,12,NA,1,NA,NA,NA,NA,NA,NA
3705,475.110063,475.109140947797,475.109328915501,3519685,NA,250948,16.65,-1,-0.395630420289228,0.971998545762271,0,0.583199127457362,8,1.26315789473684,0.736842105263158,"O14","de-protonated",0,NA,"C19 H24 O14",19,24,14,NA,NA,NA,NA,NA,NA,NA,NA
3707,475.125472,475.124549906733,475.124585056786,14515402,NA,215300.6,75.36,-1,-0.0739807079758282,0.998706166210866,0.988608663907358,0.994667165289463,12,1.04347826086957,0.478260869565217,"O11","de-protonated",0,NA,"C23 H24 O11",23,24,11,NA,NA,NA,NA,NA,NA,NA,NA
3708,475.138496,475.137573872024,475.137339274626,20491470,NA,216256,107.27,-1,0.493746498661746,0.640015740449421,0.906067948500914,0.746436623670018,20,0.774193548387097,0.0967741935483871,"S1 O3","de-protonated",0,NA,"C31 H24 O3 S1",31,24,3,NA,NA,1,NA,NA,NA,NA,NA
3709,475.156145,475.155222824989,475.155097339355,6917332,NA,214501.7,34.79,-1,0.264094049899949,0.49371224068757,0.747514279669976,0.595233056280532,20,0.774193548387097,0.161290322580645,"O5","de-protonated",0,NA,"C31 H24 O5",31,24,5,NA,NA,NA,NA,NA,NA,NA,NA
3710,475.161744,475.160821810068,475.16097056617,16411862,NA,211825.7,85.49,-1,-0.3130646475796,0.9879033607037,0.977893470188096,0.983899404497458,11,1.16666666666667,0.416666666666667,"O10","de-protonated",0,NA,"C24 H28 O10",24,28,10,NA,NA,NA,NA,NA,NA,NA,NA
3711,475.174763,475.173840775373,475.17372478401,12565722,NA,213340.7,64.95,-1,0.244103064415769,0.983393398992213,0.975995504129557,0.98043424104715,19,0.875,0.0625,"S1 O2","de-protonated",0,NA,"C32 H28 O2 S1",32,28,2,NA,NA,1,NA,NA,NA,NA,NA
3712,475.192509,475.19158672808,475.19148284874,2987232.3,NA,226464,13.81,-1,0.218605223025659,0.991366371672904,0,0.594819823003742,19,0.875,0.125,"O4","de-protonated",0,NA,"C32 H28 O4",32,28,4,NA,NA,NA,NA,NA,NA,NA,NA
3713,475.198169,475.197246712996,475.197356075554,6560994,NA,217672.2,32.89,-1,-0.230141343998172,0.990583995912936,0.970739406375532,0.982646160097975,10,1.28,0.36,"O9","de-protonated",0,NA,"C25 H32 O9",25,32,9,NA,NA,NA,NA,NA,NA,NA,NA
3714,475.211305,475.210382677989,475.210243235176,4746470.5,NA,215025.8,23.2,-1,0.293433936954546,0.992222998781554,0.855222444369768,0.93742277701684,5,1.68181818181818,0.409090909090909,"P1 O9","de-protonated",0,NA,"C22 H37 O9 P1",22,37,9,NA,1,NA,NA,NA,NA,NA,NA
3715,475.234704,475.233781615631,475.233741584939,2428142.3,NA,247672.9,10.83,-1,0.0842336911627977,0.998713392853428,0,0.599228035712057,9,1.38461538461538,0.307692307692308,"O8","de-protonated",0,NA,"C26 H36 O8",26,36,8,NA,NA,NA,NA,NA,NA,NA,NA
3716,475.29526,475.29433745425,475.294247643237,5436674,NA,228390.4,26.89,-1,0.188958762495697,0.496771120540011,0.799615297578637,0.617908791355462,3,1.95652173913043,0.260869565217391,"N2 P1 O6","de-protonated",0,NA,"C23 H45 O6 N2 P1",23,45,6,2,1,NA,NA,NA,NA,NA,NA
3717,475.299218,475.298295443702,475.29827039523,9180419,NA,209848.4,46.88,-1,0.0527005330256045,0.499748090571679,0.766236582456902,0.606343487325768,7,1.60714285714286,0.142857142857143,"P1 O4","de-protonated",0,NA,"C28 H45 O4 P1",28,45,4,NA,1,NA,NA,NA,NA,NA,NA
3719,476.047804,476.046879448731,476.04706301021,1765370.4,NA,245417.3,7.29,-1,-0.385595234464243,0.973382208641949,0,0.584029325185169,14,0.75,0.65,"N1 O13","de-protonated",0,NA,"C20 H15 O13 N1",20,15,13,1,NA,NA,NA,NA,NA,NA,NA
3720,476.084342,476.083417351358,476.083448519594,3400198.3,NA,186610,16.01,-1,-0.0654680107361629,0.999222602295863,0,0.599533561377518,13,0.904761904761905,0.571428571428571,"N1 O12","de-protonated",0,NA,"C21 H19 O12 N1",21,19,12,1,NA,NA,NA,NA,NA,NA,NA
3721,476.092222,476.091297330358,476.091331832327,2508297,NA,237439.2,11.25,-1,-0.0724692239912073,0.999047523783047,0,0.599428514269828,16,0.923076923076923,0.0769230769230769,"N1 S2 P1 O2","de-protonated",0,NA,"C26 H24 O2 S2 N1 P1",26,24,2,1,1,2,NA,NA,NA,NA,NA
3723,476.120761,476.119836254302,476.119834028979,4423186.5,NA,202925.2,21.48,-1,0.00467387223212496,0.999996036246489,0,0.599997621747894,12,1.04545454545455,0.5,"N1 O11","de-protonated",0,NA,"C22 H23 O11 N1",22,23,11,1,NA,NA,NA,NA,NA,NA,NA
3725,476.131925,476.13100022455,476.131067418271,2498070,NA,187228.5,11.2,-1,-0.141124420339268,0.996392771190899,0,0.597835662714539,12,1.0952380952381,0.476190476190476,"N3 O10","de-protonated",0,NA,"C21 H23 O10 N3",21,23,10,3,NA,NA,NA,NA,NA,NA,NA
3727,476.157127,476.156202157387,476.156219538363,2524190.3,NA,152237.7,11.34,-1,-0.0365026752753027,0.999758258774444,0,0.599854955264666,11,1.17391304347826,0.434782608695652,"N1 O10","de-protonated",0,NA,"C23 H27 O10 N1",23,27,10,1,NA,NA,NA,NA,NA,NA,NA
3730,476.193352,476.192427060848,476.192605047747,1965098.3,NA,146069,8.35,-1,-0.373770817436163,0.97496937328754,0,0.584981623972524,10,1.29166666666667,0.375,"N1 O9","de-protonated",0,NA,"C24 H31 O9 N1",24,31,9,1,NA,NA,NA,NA,NA,NA,NA
3733,476.30284,476.301914769064,476.3017615759,3207758.3,NA,225976.6,14.99,-1,0.321630479361751,0.981404891836752,0,0.588842935102051,7,1.59259259259259,0.222222222222222,"N1 O6","de-protonated",0,NA,"C27 H43 O6 N1",27,43,6,1,NA,NA,NA,NA,NA,NA,NA
3734,477.031805,477.030877826383,477.031078593111,4598589,NA,221095.5,22.41,-1,-0.420867186010626,0.968371137656389,0,0.581022682593833,14,0.7,0.7,"O14","de-protonated",0,NA,"C20 H14 O14",20,14,14,NA,NA,NA,NA,NA,NA,NA,NA
3735,477.068388,477.06746072889,477.067464102495,11800393,NA,210564.9,60.86,-1,-0.00707154739261991,0.982650452318714,0.97024661278388,0.977688916504781,13,0.857142857142857,0.619047619047619,"O13","de-protonated",0,NA,"C21 H18 O13",21,18,13,NA,NA,NA,NA,NA,NA,NA,NA
3736,477.081441,477.080513694104,477.080351262117,7683917.5,NA,189630.6,38.88,-1,0.340470921408535,0.986602927744837,0.967848791993114,0.979101273444148,8,1.27777777777778,0.722222222222222,"P1 O13","de-protonated",0,NA,"C18 H23 O13 P1",18,23,13,NA,1,NA,NA,NA,NA,NA,NA
3738,477.104685,477.103757632159,477.103849611879,20791126,NA,216632.9,108.87,-1,-0.192787630103938,0.994670011848028,0.990336216626889,0.992936493759572,12,1,0.545454545454545,"O12","de-protonated",0,NA,"C22 H22 O12",22,22,12,NA,NA,NA,NA,NA,NA,NA,NA
3739,477.117698,477.11677059748,477.11660382972,13143897,NA,212076.5,68.04,-1,0.34953250079698,0.985143027508046,0.956890172269757,0.973841885412731,20,0.733333333333333,0.133333333333333,"S1 O4","de-protonated",0,NA,"C30 H22 O4 S1",30,22,4,NA,NA,1,NA,NA,NA,NA,NA
3740,477.135396,477.134468550315,477.134361894449,6169439,NA,173109.1,30.8,-1,0.223534236740647,0.495487214996497,0.753652554121787,0.598753350646613,20,0.733333333333333,0.2,"O6","de-protonated",0,NA,"C30 H22 O6",30,22,6,NA,NA,NA,NA,NA,NA,NA,NA
3741,477.141062,477.140134535215,477.140235121264,23445344,NA,212819.7,123.04,-1,-0.210810243129275,0.99291408576439,0.973706730462653,0.985231143643695,11,1.1304347826087,0.478260869565217,"O11","de-protonated",0,NA,"C23 H26 O11",23,26,11,NA,NA,NA,NA,NA,NA,NA,NA
3742,477.154155,477.153227500322,477.152989339104,12230501,NA,212452.5,63.16,-1,0.499129678201184,0.977747814748396,0.956845983970103,0.969387082437079,19,0.838709677419355,0.0967741935483871,"S1 O3","de-protonated",0,NA,"C31 H26 O3 S1",31,26,3,NA,NA,1,NA,NA,NA,NA,NA
3744,477.177573,477.176645437913,477.176620630648,16355181,NA,208135.2,85.18,-1,0.0519875962725025,0.98292787459125,0.995949924812538,0.988136694679765,10,1.25,0.416666666666667,"O10","de-protonated",0,NA,"C24 H30 O10",24,30,10,NA,NA,NA,NA,NA,NA,NA,NA
3745,477.190633,477.189705403109,477.18950779027,6743921,NA,221909.4,33.86,-1,0.414118155409478,0.977804751913269,0.917841557114362,0.953819473993706,5,1.66666666666667,0.476190476190476,"P1 O10","de-protonated",0,NA,"C21 H35 O10 P1",21,35,10,NA,1,NA,NA,NA,NA,NA,NA
3747,477.213893,477.212965341121,477.213006140032,5644152.5,NA,220458.7,27.99,-1,-0.0854941307227108,0.999189441579255,0.930878487797984,0.971865060066747,9,1.36,0.36,"O9","de-protonated",0,NA,"C25 H34 O9",25,34,9,NA,NA,NA,NA,NA,NA,NA,NA
3748,477.227048,477.226120306063,477.225893299654,3860349,NA,230560.2,18.47,-1,0.475679153788605,0.959774888151227,0,0.575864932890736,4,1.77272727272727,0.409090909090909,"P1 O9","de-protonated",0,NA,"C22 H39 O9 P1",22,39,9,NA,1,NA,NA,NA,NA,NA,NA
3749,477.292251,477.291323132298,477.291137321279,2042770.4,NA,244179,8.76,-1,0.38930331002622,0.972874847218162,0,0.583724908330897,16,1.15151515151515,0.0303030303030303,"N2 O1","de-protonated",0,NA,"C33 H38 O1 N2",33,38,1,2,NA,NA,NA,NA,NA,NA,NA
3751,477.305152,477.304224097917,477.304404603456,4851606.5,NA,222673.7,23.76,-1,-0.37817698043383,0.487191710323842,0.766236582456902,0.598809659177066,6,1.64285714285714,0.142857142857143,"S1 O4","de-protonated",0,NA,"C28 H46 O4 S1",28,46,4,NA,NA,1,NA,NA,NA,NA,NA
3752,478.063487,478.062557076966,478.062713074688,3290253.8,NA,209555.3,15.42,-1,-0.326312256096004,0.98086484695777,0,0.588518908174662,13,0.85,0.65,"N1 O13","de-protonated",0,NA,"C20 H17 O13 N1",20,17,13,1,NA,NA,NA,NA,NA,NA,NA
3755,478.100005,478.099074979646,478.099098584072,4754585.5,NA,204440.9,23.24,-1,-0.0493714100576705,0.499778905032989,0.813795485951173,0.625385537400262,12,1,0.571428571428571,"N1 O12","de-protonated",0,NA,"C21 H21 O12 N1",21,21,12,1,NA,NA,NA,NA,NA,NA,NA
3758,478.136347,478.135416882795,478.135484093457,4925605.5,NA,207592.4,24.15,-1,-0.140568236657087,0.498210548565701,0.806643077274283,0.621583560049134,11,1.13636363636364,0.5,"N1 O11","de-protonated",0,NA,"C22 H25 O11 N1",22,25,11,1,NA,NA,NA,NA,NA,NA,NA
3761,478.172634,478.171703786091,478.171869602841,3606705.3,NA,215595.1,17.11,-1,-0.346772282059443,0.978416932141304,0,0.587050159284783,10,1.26086956521739,0.434782608695652,"N1 O10","de-protonated",0,NA,"C23 H29 O10 N1",23,29,10,1,NA,NA,NA,NA,NA,NA,NA
3765,478.978819,478.977886637619,478.977818199561,2585014.8,NA,253005.6,11.66,-1,0.142883565981496,0.996302448459853,0,0.597781469075912,14,0.722222222222222,0.444444444444444,"N2 S2 P1 O8","de-protonated",0,NA,"C18 H13 O8 S2 N2 P1",18,13,8,2,1,2,NA,NA,NA,NA,NA
3766,479.047494,479.046561454601,479.046728657589,7547341,NA,215158.5,38.15,-1,-0.349032729727264,0.489068871723397,0.821075868479145,0.621871670425696,13,0.8,0.7,"O14","de-protonated",0,NA,"C20 H16 O14",20,16,14,NA,NA,NA,NA,NA,NA,NA,NA
3767,479.083878,479.082945357639,479.083114166973,18440664,NA,211323.1,96.31,-1,-0.352359182403996,0.98577582608204,0.970909464578556,0.979829281480646,12,0.952380952380952,0.619047619047619,"O13","de-protonated",0,NA,"C21 H20 O13",21,20,13,NA,NA,NA,NA,NA,NA,NA,NA
3768,479.096894,479.095961322951,479.095868384814,6867421,NA,186753,34.52,-1,0.193986514545012,0.496597602401783,0.759892473118277,0.601915550688381,20,0.689655172413793,0.172413793103448,"S1 O5","de-protonated",0,NA,"C29 H20 O5 S1",29,20,5,NA,NA,1,NA,NA,NA,NA,NA
3769,479.12032,479.119387260521,479.119499676357,31629796,NA,213482.9,166.73,-1,-0.234630058449025,0.99171569059658,0.996841522179003,0.993766023229549,11,1.09090909090909,0.545454545454545,"O12","de-protonated",0,NA,"C22 H24 O12",22,24,12,NA,NA,NA,NA,NA,NA,NA,NA
3770,479.133403,479.132470225655,479.132253894198,8073704.5,NA,186934.3,40.96,-1,0.451506772192463,0.970045185353117,0.940821537867834,0.958355726359004,19,0.8,0.133333333333333,"S1 O4","de-protonated",0,NA,"C30 H24 O4 S1",30,24,4,NA,NA,1,NA,NA,NA,NA,NA
3771,479.148814,479.147881184585,479.147642977264,18199022,NA,197336.1,95.02,-1,0.497148059290122,0.975640938964944,0.86301087987032,0.930588915327095,10,1.26086956521739,0.391304347826087,"P1 O9","de-protonated",0,NA,"C23 H29 O9 P1",23,29,9,NA,1,NA,NA,NA,NA,NA,NA
3772,479.156807,479.155874163284,479.155885185742,27714032,NA,212430.3,145.83,-1,-0.0230039077565858,0.998366225545095,0.996116332386057,0.99746626828148,10,1.21739130434783,0.478260869565217,"O11","de-protonated",0,NA,"C23 H28 O11",23,28,11,NA,NA,NA,NA,NA,NA,NA,NA
3773,479.169888,479.168955128423,479.168772345364,6091252.5,NA,224257.9,30.38,-1,0.381458621961289,0.486971391324334,0.821075868479145,0.620613182186259,5,1.65,0.55,"P1 O11","de-protonated",0,NA,"C20 H33 O11 P1",20,33,11,NA,1,NA,NA,NA,NA,NA,NA
3775,479.193124,479.1921910665,479.192270695126,12607996,NA,211592.5,65.17,-1,-0.166172601704373,0.49750106401678,0.792708917554682,0.615584205431941,9,1.33333333333333,0.416666666666667,"O10","de-protonated",0,NA,"C24 H32 O10",24,32,10,NA,NA,NA,NA,NA,NA,NA,NA
3776,479.206156,479.20522303177,479.205024912966,4670976,NA,223908.4,22.79,-1,0.41343223236826,0.484730837193612,0.741475186234394,0.587428576809925,17,1,0.0625,"S1 O2","de-protonated",0,NA,"C32 H32 O2 S1",32,32,2,NA,NA,1,NA,NA,NA,NA,NA
3777,479.221376,479.220442991208,479.220413996033,2230789.3,NA,206235.7,9.76,-1,0.0605048840202787,0.999335965779885,0,0.599601579467931,8,1.48,0.28,"P1 O7","de-protonated",0,NA,"C25 H37 O7 P1",25,37,7,NA,1,NA,NA,NA,NA,NA,NA
3778,479.229476,479.228542969622,479.22865620451,3638791.8,NA,220035.7,17.28,-1,-0.236285720385482,0.989920689162809,0,0.593952413497685,8,1.44,0.36,"O9","de-protonated",0,NA,"C25 H36 O9",25,36,9,NA,NA,NA,NA,NA,NA,NA,NA
3779,479.242358,479.241424935292,479.241410422351,3026444,NA,217360.6,14.01,-1,0.0302831531962682,0.499916806405946,0.73553288925895,0.594163239547148,16,1.09090909090909,0.0303030303030303,"S1 O1","de-protonated",0,NA,"C33 H36 O1 S1",33,36,1,NA,NA,1,NA,NA,NA,NA,NA
3780,479.278711,479.277777838412,479.277928873517,2050071.8,NA,237818.2,8.8,-1,-0.315130524466374,0.982142204913377,0,0.589285322948026,2,1.95652173913043,0.347826086956522,"P1 O8","de-protonated",0,NA,"C23 H45 O8 P1",23,45,8,NA,1,NA,NA,NA,NA,NA,NA
3781,480.079406,480.078470704571,480.078363139166,5227289.5,NA,195238.1,25.76,-1,0.224058014730525,0.495466138091001,0.821075868479145,0.625710030246259,12,0.95,0.65,"N1 O13","de-protonated",0,NA,"C20 H19 O13 N1",20,19,13,1,NA,NA,NA,NA,NA,NA,NA
3783,480.107468,480.106532629786,480.106373498291,1919266.6,NA,217027.4,8.1,-1,0.331450494504936,0.980263516271738,0,0.588158109763043,24,0.59375,0.0625,"N1 S1 O2","de-protonated",0,NA,"C32 H19 O2 S1 N1",32,19,2,1,NA,1,NA,NA,NA,NA,NA
3784,480.115642,480.114706608003,480.11474864855,6347557,NA,198302.1,31.74,-1,-0.0875635413975792,0.499304866209207,0.813795485951173,0.625101114105993,11,1.0952380952381,0.571428571428571,"N1 O12","de-protonated",0,NA,"C21 H23 O12 N1",21,23,12,1,NA,NA,NA,NA,NA,NA,NA
3789,480.188394,480.18745841412,480.187519667319,2868028.5,NA,224956.9,13.17,-1,-0.12756099802678,0.997051856111446,0,0.598231113666867,9,1.34782608695652,0.434782608695652,"N1 O10","de-protonated",0,NA,"C23 H31 O10 N1",23,31,10,1,NA,NA,NA,NA,NA,NA,NA
3790,480.201528,480.200592379118,480.200406826941,13751105,NA,210511.2,71.27,-1,0.386405705097251,0.986462381011356,0.978213524442789,0.983162838383929,4,1.8,0.5,"N1 P1 O10","de-protonated",0,NA,"C20 H36 O10 N1 P1",20,36,10,1,1,NA,NA,NA,NA,NA,NA
3792,481.027065,481.026127179074,481.025993212683,2139721.3,NA,196600,9.28,-1,0.278501355660467,0.986024866244471,0,0.591614919746682,13,0.736842105263158,0.789473684210526,"O15","de-protonated",0,NA,"C19 H14 O15",19,14,15,NA,NA,NA,NA,NA,NA,NA,NA
3793,481.042376,481.04143813827,481.041249353967,2285134.3,NA,199898.6,10.05,-1,0.39244930240328,0.972440796067599,0,0.583464477640559,17,0.608695652173913,0.521739130434783,"O12","de-protonated",0,NA,"C23 H14 O12",23,14,12,NA,NA,NA,NA,NA,NA,NA,NA
3794,481.063223,481.062285082713,481.062378722067,14095445,NA,209301.7,73.11,-1,-0.194651167306148,0.996548405723845,0.986549116678518,0.992548690105714,12,0.9,0.7,"O14","de-protonated",0,NA,"C20 H18 O14",20,18,14,NA,NA,NA,NA,NA,NA,NA,NA
3795,481.099657,481.098718985617,481.098764231451,28189792,NA,213350.6,148.36,-1,-0.0940468720370363,0.997356370082379,0.988842496034929,0.993950820463399,11,1.04761904761905,0.619047619047619,"O13","de-protonated",0,NA,"C21 H22 O13",21,22,13,NA,NA,NA,NA,NA,NA,NA,NA
3796,481.128022,481.127083910025,481.126907532358,9217129,NA,181378.2,47.06,-1,0.366592813929517,0.986975094553795,0.766291741346553,0.898701753270898,10,1.22727272727273,0.454545454545455,"P1 O10","de-protonated",0,NA,"C22 H27 O10 P1",22,27,10,NA,1,NA,NA,NA,NA,NA,NA
3797,481.136094,481.135155888513,481.135149740835,35595372,NA,213374.5,187.9,-1,0.0127774445754678,0.4999851882828,0.806643077274283,0.622648343879393,10,1.18181818181818,0.545454545454545,"O12","de-protonated",0,NA,"C22 H26 O12",22,26,12,NA,NA,NA,NA,NA,NA,NA,NA
3798,481.145689,481.144750862943,481.144532655306,5411951,NA,244745.4,26.75,-1,0.453517855736048,0.481683863827327,0.73553288925895,0.583223473999976,23,0.666666666666667,0.121212121212121,"O4","de-protonated",0,NA,"C33 H22 O4",33,22,4,NA,NA,NA,NA,NA,NA,NA,NA
3799,481.164324,481.163385813281,481.163160099961,262808688,NA,216475.3,1401.05,-1,0.469099338011049,0.322500404949838,0.852471534197359,0.534488856648846,22,0.764705882352941,0.0294117647058824,"S1 O1","de-protonated",0,NA,"C34 H26 O1 S1",34,26,1,NA,NA,1,NA,NA,NA,NA,NA
3800,481.172369,481.171430791841,481.17153525022,20178040,NA,214314.5,105.59,-1,-0.217091767229558,0.985855891037162,0.977765591996811,0.982619771421021,9,1.30434782608696,0.478260869565217,"O11","de-protonated",0,NA,"C23 H30 O11",23,30,11,NA,NA,NA,NA,NA,NA,NA,NA
3801,481.185516,481.184577756804,481.184422409842,2948731.8,NA,209955.5,13.59,-1,0.322842875253992,0.981265761869351,0,0.588759457121611,4,1.75,0.55,"P1 O11","de-protonated",0,NA,"C20 H35 O11 P1",20,35,11,NA,1,NA,NA,NA,NA,NA,NA
3802,481.20073,481.199791716259,481.199678551127,6857856.5,NA,192807.8,34.47,-1,0.235172917824937,0.495007464726478,0.792708917554682,0.61408804585776,8,1.45833333333333,0.333333333333333,"P1 O8","de-protonated",0,NA,"C24 H35 O8 P1",24,35,8,NA,1,NA,NA,NA,NA,NA,NA
3804,481.208769,481.207830694835,481.207920759604,6667395.5,NA,218103.9,33.45,-1,-0.187163936447313,0.496831974476282,0.792708917554682,0.615182751707642,8,1.41666666666667,0.416666666666667,"O10","de-protonated",0,NA,"C24 H34 O10",24,34,10,NA,NA,NA,NA,NA,NA,NA,NA
3805,481.221785,481.220846660148,481.220674977444,2710151.5,NA,232292.9,12.32,-1,0.356765019447804,0.977169627838856,0,0.586301776703314,16,1.0625,0.0625,"S1 O2","de-protonated",0,NA,"C32 H34 O2 S1",32,34,2,NA,NA,1,NA,NA,NA,NA,NA
3807,481.24512,481.24418159796,481.244306268988,2491022.8,NA,247904,11.15,-1,-0.25905974630049,0.987896468636938,0,0.592737881182163,7,1.52,0.36,"O9","de-protonated",0,NA,"C25 H38 O9",25,38,9,NA,NA,NA,NA,NA,NA,NA,NA
3808,481.258247,481.257308562977,481.25719342861,1900691,NA,218952.5,8,-1,0.239236666874583,0.98966867134684,0,0.593801202808104,2,1.95454545454545,0.409090909090909,"P1 O9","de-protonated",0,NA,"C22 H43 O9 P1",22,43,9,NA,1,NA,NA,NA,NA,NA,NA
3810,482.05857,482.057629430128,482.05762769426,2488209.8,NA,156032.5,11.13,-1,0.00360095585829994,0.999997647178865,0,0.599998588307319,12,0.894736842105263,0.736842105263158,"N1 O14","de-protonated",0,NA,"C19 H17 O14 N1",19,17,14,1,NA,NA,NA,NA,NA,NA,NA
3812,482.09483,482.093889333496,482.094013203644,5841309.5,NA,202243,29.04,-1,-0.256941893089946,0.494046189014549,0.821075868479145,0.624858060800388,11,1.05,0.65,"N1 O13","de-protonated",0,NA,"C20 H21 O13 N1",20,21,13,1,NA,NA,NA,NA,NA,NA,NA
3814,482.123187,482.122246257925,482.122023562769,2377126.3,NA,228763.4,10.54,-1,0.461906207267268,0.962026376935614,0,0.577215826161368,23,0.65625,0.0625,"N1 S1 O2","de-protonated",0,NA,"C32 H21 O2 S1 N1",32,21,2,1,NA,1,NA,NA,NA,NA,NA
3818,482.198444,482.197503057366,482.197296504982,4833726,NA,204459.1,23.66,-1,0.428356577099697,0.483627119537388,0.753652554121787,0.591637293371148,17,0.966666666666667,0.166666666666667,"N1 O5","de-protonated",0,NA,"C30 H29 O5 N1",30,29,5,1,NA,NA,NA,NA,NA,NA,NA
3819,482.204282,482.203341041808,482.203169731797,3176896,NA,222578.8,14.81,-1,0.355265210886621,0.977358993019524,0,0.586415395811714,8,1.43478260869565,0.434782608695652,"N1 O10","de-protonated",0,NA,"C23 H33 O10 N1",23,33,10,1,NA,NA,NA,NA,NA,NA,NA
3821,483.042509,483.041565807945,483.041643277161,4495049,NA,222323.7,21.85,-1,-0.160377922966341,0.995343817937003,0,0.597206290762202,12,0.842105263157895,0.789473684210526,"O15","de-protonated",0,NA,"C19 H16 O15",19,16,15,NA,NA,NA,NA,NA,NA,NA,NA
3822,483.078821,483.077877711174,483.078028786545,17274580,NA,211263.5,90.08,-1,-0.312734924040945,0.989289192533289,0.999914713145998,0.993539400778373,11,1,0.7,"O14","de-protonated",0,NA,"C20 H20 O14",20,20,14,NA,NA,NA,NA,NA,NA,NA,NA
3823,483.1153,483.114356613958,483.114414295929,32614112,NA,211853.4,171.98,-1,-0.119396087598717,0.995638443615222,0.992878737985568,0.99453456136336,10,1.14285714285714,0.619047619047619,"O13","de-protonated",0,NA,"C21 H24 O13",21,24,13,NA,NA,NA,NA,NA,NA,NA,NA
3824,483.143677,483.142733538334,483.142557596836,16611049,NA,204551,86.54,-1,0.364160629474879,0.985489186445148,0.894510705840426,0.949097794203259,9,1.31818181818182,0.454545454545455,"P1 O10","de-protonated",0,NA,"C22 H29 O10 P1",22,29,10,NA,1,NA,NA,NA,NA,NA,NA
3825,483.151739,483.150795516849,483.150799805313,27305708,NA,212953.9,143.64,-1,-0.0088760375716319,0.997715358844041,0.987363229441255,0.993574507082926,9,1.27272727272727,0.545454545454545,"O12","de-protonated",0,NA,"C22 H28 O12",22,28,12,NA,NA,NA,NA,NA,NA,NA,NA
3828,483.180042,483.179098441422,483.17894310622,12924660,NA,213155.2,66.86,-1,0.32148586688345,0.988250763937514,0.944907713151158,0.970913543622972,8,1.43478260869565,0.391304347826087,"P1 O9","de-protonated",0,NA,"C23 H33 O9 P1",23,33,9,NA,1,NA,NA,NA,NA,NA,NA
3829,483.188037,483.187093420115,483.187185314698,10389239,NA,211561,53.32,-1,-0.190184229549816,0.99464848549363,0.983830743922033,0.990321388864991,8,1.39130434782609,0.478260869565217,"O11","de-protonated",0,NA,"C23 H32 O11",23,32,11,NA,NA,NA,NA,NA,NA,NA,NA
3830,483.216324,483.215380344731,483.215328615605,6004480,NA,207271.8,29.91,-1,0.107051914466836,0.986955375800125,0.919879135634506,0.960124879733878,7,1.54166666666667,0.333333333333333,"P1 O8","de-protonated",0,NA,"C24 H37 O8 P1",24,37,8,NA,1,NA,NA,NA,NA,NA,NA
3831,483.237641,483.236697287921,483.236457983704,2111750.5,NA,198872.8,9.12,-1,0.495211429591564,0.956478036756476,0,0.573886822053886,2,1.95238095238095,0.476190476190476,"P1 O10","de-protonated",0,NA,"C21 H41 O10 P1",21,41,10,NA,1,NA,NA,NA,NA,NA,NA
3832,484.053325,484.052379114135,484.052148390638,2272262.8,NA,200076.7,9.98,-1,0.476650083366045,0.959613874896709,0,0.575768324938026,16,0.681818181818182,0.545454545454545,"N1 O12","de-protonated",0,NA,"C22 H15 O12 N1",22,15,12,1,NA,NA,NA,NA,NA,NA,NA
3833,484.074326,484.073380058168,484.073277758738,3490829.5,NA,215291.5,16.48,-1,0.21133046343486,0.991929144852283,0,0.59515748691137,11,1,0.736842105263158,"N1 O14","de-protonated",0,NA,"C19 H19 O14 N1",19,19,14,1,NA,NA,NA,NA,NA,NA,NA
3835,484.089663,484.088717017295,484.088533900023,2204690.3,NA,179992.3,9.62,-1,0.378272277615534,0.974370675621501,0,0.584622405372901,15,0.826086956521739,0.478260869565217,"N1 O11","de-protonated",0,NA,"C23 H19 O11 N1",23,19,11,1,NA,NA,NA,NA,NA,NA,NA
3836,484.102291,484.101344983642,484.101288117863,1747990.1,NA,122482.3,7.18,-1,0.11746669529619,0.997499425658353,0,0.598499655395011,23,0.612903225806452,0.0967741935483871,"N1 S1 O3","de-protonated",0,NA,"C31 H19 O3 S1 N1",31,19,3,1,NA,1,NA,NA,NA,NA,NA
3837,484.110633,484.10968696141,484.109663268122,6209560.5,NA,211203.1,31,-1,0.048941985545515,0.499782733570796,0.821075868479145,0.628299987534136,10,1.15,0.65,"N1 O13","de-protonated",0,NA,"C20 H23 O13 N1",20,23,13,1,NA,NA,NA,NA,NA,NA,NA
3845,485.037116,485.036167492347,485.036163973539,3278138,NA,199260.9,15.35,-1,0.00725473245913172,0.999990450193834,0,0.5999942701163,16,0.636363636363636,0.590909090909091,"O13","de-protonated",0,NA,"C22 H14 O13",22,14,13,NA,NA,NA,NA,NA,NA,NA,NA
3846,485.05823,485.057281436078,485.057293341639,8546625,NA,215570.4,43.48,-1,-0.0245446476815793,0.980474682714808,0.997803873799719,0.987406359148773,11,0.947368421052632,0.789473684210526,"O15","de-protonated",0,NA,"C19 H18 O15",19,18,15,NA,NA,NA,NA,NA,NA,NA,NA
3847,485.073424,485.072475395586,485.072549482923,4599109.5,NA,184102.9,22.4,-1,-0.152734548952692,0.497888069666353,0.799615297578637,0.618578960831266,15,0.782608695652174,0.521739130434783,"O12","de-protonated",0,NA,"C23 H18 O12",23,18,12,NA,NA,NA,NA,NA,NA,NA,NA
3848,485.086421,485.08547236095,485.085303700764,8405321,NA,169546.6,42.72,-1,0.347691806911668,0.489151785280393,0.747514279669976,0.592496783036226,23,0.580645161290323,0.129032258064516,"S1 O4","de-protonated",0,NA,"C31 H18 O4 S1",31,18,4,NA,NA,1,NA,NA,NA,NA,NA
3849,485.094491,485.093542339443,485.093678851023,17799500,NA,212946.6,92.88,-1,-0.281412818962036,0.984856581596271,0.998653603064643,0.99037539018362,10,1.1,0.7,"O14","de-protonated",0,NA,"C20 H22 O14",20,22,14,NA,NA,NA,NA,NA,NA,NA,NA
3850,485.109826,485.108877298576,485.108934992308,4603216.5,NA,204652.5,22.42,-1,-0.118929436164629,0.498718421023587,0.792708917554682,0.616314619636025,14,0.916666666666667,0.458333333333333,"O11","de-protonated",0,NA,"C24 H22 O11",24,22,11,NA,NA,NA,NA,NA,NA,NA,NA
3851,485.122793,485.121844264019,485.121689210148,19450196,NA,203256.3,101.69,-1,0.319618508256679,0.327211555354577,0.710456249648542,0.480509433072163,22,0.6875,0.09375,"S1 O3","de-protonated",0,NA,"C32 H22 O3 S1",32,22,3,NA,NA,1,NA,NA,NA,NA,NA
3852,485.130924,485.12997524235,485.130064360407,20588888,NA,214630.7,107.77,-1,-0.183699308509834,0.996563965625291,0.991651357219849,0.994598922263114,9,1.23809523809524,0.619047619047619,"O13","de-protonated",0,NA,"C21 H26 O13",21,26,13,NA,NA,NA,NA,NA,NA,NA,NA
3853,485.140432,485.139483217011,485.139447274877,4243802,NA,219166.6,20.5,-1,0.0740861906711967,0.499502283409604,0.741475186234394,0.59629144453952,22,0.6875,0.15625,"O5","de-protonated",0,NA,"C32 H22 O5",32,22,5,NA,NA,NA,NA,NA,NA,NA,NA
3854,485.146298,485.145349201378,485.145320501692,4255068,NA,205375.5,20.56,-1,0.0591568856616137,0.499682607573935,0.785920818505338,0.614177891946496,13,1.04,0.4,"O10","de-protonated",0,NA,"C25 H26 O10",25,26,10,NA,NA,NA,NA,NA,NA,NA,NA
3855,485.159351,485.158402166592,485.158207661314,19036512,NA,211661.1,99.48,-1,0.400911033146553,0.985283221931001,0.946155074837076,0.969631963093431,8,1.40909090909091,0.454545454545455,"P1 O10","de-protonated",0,NA,"C22 H31 O10 P1",22,31,10,NA,1,NA,NA,NA,NA,NA,NA
3856,485.16739,485.166441145168,485.166449869791,11712866,NA,214569.7,60.38,-1,-0.0179827418060042,0.979175950724439,0.95582862286019,0.969837019578739,8,1.36363636363636,0.545454545454545,"O12","de-protonated",0,NA,"C22 H30 O12",22,30,12,NA,NA,NA,NA,NA,NA,NA,NA
3857,485.177,485.176051119558,485.175832784262,4558181.5,NA,223275.9,22.18,-1,0.450012719809199,0.481960741817149,0.73553288925895,0.583389600793869,21,0.787878787878788,0.121212121212121,"O4","de-protonated",0,NA,"C33 H26 O4",33,26,4,NA,NA,NA,NA,NA,NA,NA,NA
3858,485.182676,485.181727104431,485.181706011076,2612583.3,NA,198475.5,11.79,-1,0.0434751658667214,0.999657104446059,0,0.599794262667635,12,1.15384615384615,0.346153846153846,"O9","de-protonated",0,NA,"C26 H30 O9",26,30,9,NA,NA,NA,NA,NA,NA,NA,NA
3859,485.195744,485.194795069605,485.194593170698,11802987,NA,207463.4,60.86,-1,0.416119449699851,0.981922536394817,0.986200390723229,0.983633678126182,7,1.52173913043478,0.391304347826087,"P1 O9","de-protonated",0,NA,"C23 H35 O9 P1",23,35,9,NA,1,NA,NA,NA,NA,NA,NA
3860,485.203761,485.20281204824,485.202835379176,4283758,NA,227999.2,20.72,-1,-0.0480849118367965,0.499790274913381,0.799615297578637,0.619720283979483,7,1.47826086956522,0.478260869565217,"O11","de-protonated",0,NA,"C23 H34 O11",23,34,11,NA,NA,NA,NA,NA,NA,NA,NA
3861,485.213402,485.212453022547,485.212218293646,2455920.8,NA,222623.1,10.96,-1,0.483765437323731,0.958424724462467,0,0.57505483467748,20,0.882352941176471,0.0882352941176471,"O3","de-protonated",0,NA,"C34 H30 O3",34,30,3,NA,NA,NA,NA,NA,NA,NA,NA
3862,485.216736,485.215787013662,485.215589597016,2678641.8,NA,166657.4,12.15,-1,0.406863773945024,0.970409941827802,0,0.582245965096681,15,1.09677419354839,0.0967741935483871,"S1 O3","de-protonated",0,NA,"C31 H34 O3 S1",31,34,3,NA,NA,1,NA,NA,NA,NA,NA
3863,485.232074,485.231124972786,485.230978680083,4101494.8,NA,202836.5,19.74,-1,0.301490857496305,0.491821086423036,0.792708917554682,0.612176218875694,6,1.625,0.333333333333333,"P1 O8","de-protonated",0,NA,"C24 H39 O8 P1",24,39,8,NA,1,NA,NA,NA,NA,NA,NA
3864,485.240118,485.239168951349,485.23922088856,1977209.1,NA,216305.7,8.4,-1,-0.107034238885258,0.997923423355933,0,0.59875405401356,6,1.58333333333333,0.416666666666667,"O10","de-protonated",0,NA,"C24 H38 O10",24,38,10,NA,NA,NA,NA,NA,NA,NA,NA
3867,486.068568,486.067616743542,486.067798455116,1993849.9,NA,199929.3,8.49,-1,-0.373839975982893,0.974960226592787,0,0.584976135955672,15,0.772727272727273,0.545454545454545,"N1 O12","de-protonated",0,NA,"C22 H17 O12 N1",22,17,12,1,NA,NA,NA,NA,NA,NA,NA
3868,486.081552,486.08060070894,486.080552672957,1866365.9,NA,173009.4,7.81,-1,0.0988230921330417,0.998229540602932,0,0.598937724361759,23,0.566666666666667,0.133333333333333,"N1 S1 O4","de-protonated",0,NA,"C30 H17 O4 S1 N1",30,17,4,1,NA,1,NA,NA,NA,NA,NA
3871,486.105112,486.104160646153,486.104183964501,2089605.1,NA,203227.2,9,-1,-0.0479698558727299,0.999582554299354,0,0.599749532579612,14,0.91304347826087,0.478260869565217,"N1 O11","de-protonated",0,NA,"C23 H21 O11 N1",23,21,11,1,NA,NA,NA,NA,NA,NA,NA
3872,486.118223,486.117271611212,486.117071124123,2333833.3,NA,199209.2,10.3,-1,0.412425527999805,0.969607934006511,0,0.581764760403907,9,1.3,0.55,"N1 P1 O11","de-protonated",0,NA,"C20 H26 O11 N1 P1",20,26,11,1,1,NA,NA,NA,NA,NA,NA
3875,486.154534,486.153582514444,486.153456633507,2968724.5,NA,177536,13.69,-1,0.25893251491768,0.987908282321668,0,0.592744969393001,8,1.42857142857143,0.476190476190476,"N1 P1 O10","de-protonated",0,NA,"C21 H30 O10 N1 P1",21,30,10,1,1,NA,NA,NA,NA,NA,NA
3879,487.016296,487.015342217861,487.015428528633,2150301.8,NA,220664.4,9.32,-1,-0.177223896162396,0.994317212000481,0,0.596590327200288,16,0.571428571428571,0.666666666666667,"O14","de-protonated",0,NA,"C21 H12 O14",21,12,14,NA,NA,NA,NA,NA,NA,NA,NA
3880,487.052713,487.05175912081,487.051814038017,4539305,NA,199871,22.08,-1,-0.11275434208494,0.498847901656879,0.806643077274283,0.621965971903841,15,0.727272727272727,0.590909090909091,"O13","de-protonated",0,NA,"C22 H16 O13",22,16,13,NA,NA,NA,NA,NA,NA,NA,NA
3881,487.065673,487.064719086272,487.064568255858,4734893,NA,190620.7,23.12,-1,0.309672319293964,0.49137506875688,0.753652554121787,0.596286062902843,23,0.533333333333333,0.166666666666667,"S1 O5","de-protonated",0,NA,"C30 H16 O5 S1",30,16,5,NA,NA,1,NA,NA,NA,NA,NA
3882,487.073899,487.07294506435,487.072943406117,6132655.5,NA,225607.4,30.58,-1,0.00340448661425751,0.499998948457966,0.828487690504102,0.63139444527642,10,1.05263157894737,0.789473684210526,"O15","de-protonated",0,NA,"C19 H20 O15",19,20,15,NA,NA,NA,NA,NA,NA,NA,NA
3883,487.083226,487.082272039494,487.082326320587,2554290.3,NA,158555.2,11.48,-1,-0.11144131170863,0.997749095745185,0,0.598649457447111,23,0.533333333333333,0.233333333333333,"O7","de-protonated",0,NA,"C30 H16 O7",30,16,7,NA,NA,NA,NA,NA,NA,NA,NA
3884,487.089221,487.088267023517,487.088199547401,5929908,NA,212510.4,29.5,-1,0.13852956321888,0.498261987651719,0.799615297578637,0.618803311622486,14,0.869565217391304,0.521739130434783,"O12","de-protonated",0,NA,"C23 H20 O12",23,20,12,NA,NA,NA,NA,NA,NA,NA,NA
3885,487.102206,487.101251988912,487.101086707023,16505784,NA,202894.8,85.97,-1,0.339317429748619,0.986181969476543,0.993239706350934,0.989005064226299,9,1.25,0.6,"P1 O12","de-protonated",0,NA,"C20 H25 O12 P1",20,25,12,NA,1,NA,NA,NA,NA,NA,NA
3886,487.11022,487.109265967555,487.109328915501,10869691,NA,217567.2,55.88,-1,-0.129227551361675,0.498487218375097,0.821075868479145,0.627522678416716,9,1.2,0.7,"O14","de-protonated",0,NA,"C20 H24 O14",20,24,14,NA,NA,NA,NA,NA,NA,NA,NA
3887,487.119764,487.11880994212,487.118711829971,6542269.5,NA,192981.4,32.77,-1,0.201413221678391,0.49633307210251,0.747514279669976,0.596805555129496,22,0.645161290322581,0.193548387096774,"O6","de-protonated",0,NA,"C31 H20 O6",31,20,6,NA,NA,NA,NA,NA,NA,NA,NA
3888,487.125461,487.124506926938,487.124585056786,7891903.5,NA,200530,39.98,-1,-0.160389867904003,0.982617324451657,0.956397532846143,0.972129407809452,13,1,0.458333333333333,"O11","de-protonated",0,NA,"C24 H24 O11",24,24,11,NA,NA,NA,NA,NA,NA,NA,NA
3889,487.13852,487.137565892136,487.137339274626,23227332,NA,209331.3,121.86,-1,0.465202503505554,0.639513783492456,0.917295981933203,0.750626662868755,21,0.75,0.09375,"S1 O3","de-protonated",0,NA,"C32 H24 O3 S1",32,24,3,NA,NA,1,NA,NA,NA,NA,NA
3890,487.146491,487.145536870893,487.145714424885,8102854,NA,212266.7,41.1,-1,-0.364478197188467,0.968172258626309,0.993838419631443,0.978438723028362,8,1.33333333333333,0.619047619047619,"O13","de-protonated",0,NA,"C21 H28 O13",21,28,13,NA,NA,NA,NA,NA,NA,NA,NA
3891,487.156089,487.155134845315,487.155097339355,4960200.5,NA,204250.2,24.32,-1,0.0769897707332029,0.499462527362658,0.741475186234394,0.596267590911353,21,0.75,0.15625,"O5","de-protonated",0,NA,"C32 H24 O5",32,24,5,NA,NA,NA,NA,NA,NA,NA,NA
3892,487.161715,487.160760830322,487.16097056617,6482890.5,NA,219410.6,32.45,-1,-0.43052678912201,0.48346357825784,0.785920818505338,0.604446474356839,12,1.12,0.4,"O10","de-protonated",0,NA,"C25 H28 O10",25,28,10,NA,NA,NA,NA,NA,NA,NA,NA
3893,487.174841,487.173886795341,487.17372478401,14277582,NA,209423.1,74.07,-1,0.332553506779133,0.974994382923863,0.94296860115967,0.962184070218186,20,0.848484848484849,0.0606060606060606,"S1 O2","de-protonated",0,NA,"C33 H28 O2 S1",33,28,2,NA,NA,1,NA,NA,NA,NA,NA
3894,487.182991,487.182036773621,487.182099934269,4214737,NA,231600.1,20.34,-1,-0.129644845541429,0.996954895080559,0,0.598172937048335,7,1.45454545454545,0.545454545454545,"O12","de-protonated",0,NA,"C22 H32 O12",22,32,12,NA,NA,NA,NA,NA,NA,NA,NA
3895,487.192469,487.191514748363,487.19148284874,3421139.8,NA,228515.4,16.11,-1,0.0654765609015914,0.499611199652135,0.73553288925895,0.593979875494861,20,0.848484848484849,0.121212121212121,"O4","de-protonated",0,NA,"C33 H28 O4",33,28,4,NA,NA,NA,NA,NA,NA,NA,NA
3896,487.19815,487.197195733223,487.197356075554,3511253.5,NA,217834.5,16.59,-1,-0.329111661889002,0.980538350217071,0,0.588323010130242,11,1.23076923076923,0.346153846153846,"O9","de-protonated",0,NA,"C26 H32 O9",26,32,9,NA,NA,NA,NA,NA,NA,NA,NA
3897,487.211361,487.210406698016,487.210243235176,6468569.5,NA,200704.9,32.38,-1,0.335507805234978,0.489891157369966,0.799615297578637,0.613780813453434,6,1.60869565217391,0.391304347826087,"P1 O9","de-protonated",0,NA,"C23 H37 O9 P1",23,37,9,NA,1,NA,NA,NA,NA,NA,NA
3898,487.219539,487.218584676221,487.218485443654,1836508.1,NA,161049.7,7.65,-1,0.203671598324233,0.992501379822017,0,0.59550082789321,6,1.56521739130435,0.478260869565217,"O11","de-protonated",0,NA,"C23 H36 O11",23,36,11,NA,NA,NA,NA,NA,NA,NA,NA
3903,488.048242,488.04728546774,488.04706301021,2305241.5,NA,232062.1,10.15,-1,0.455811635430763,0.963003194762073,0,0.577801916857244,15,0.714285714285714,0.619047619047619,"N1 O13","de-protonated",0,NA,"C21 H15 O13 N1",21,15,13,1,NA,NA,NA,NA,NA,NA,NA
3904,488.084291,488.08333437167,488.083448519594,3218148.3,NA,171793.8,15.02,-1,-0.233869689108456,0.990124742158822,0,0.594074845295293,14,0.863636363636364,0.545454545454545,"N1 O12","de-protonated",0,NA,"C22 H19 O12 N1",22,19,12,1,NA,NA,NA,NA,NA,NA,NA
3907,488.113373,488.112416294167,488.112461200427,2014445.3,NA,283698.4,8.59,-1,-0.091999822640567,0.998465402940583,0,0.59907924176435,12,1.16666666666667,0.166666666666667,"N1 S2 P1 O4","de-protonated",0,NA,"C24 H28 O4 S2 N1 P1",24,28,4,1,1,2,NA,NA,NA,NA,NA
3912,488.156945,488.155988178048,488.156219538363,1752058.5,NA,169596.5,7.19,-1,-0.473947284752871,0.960061342788709,0,0.576036805673225,12,1.125,0.416666666666667,"N1 O10","de-protonated",0,NA,"C24 H27 O10 N1",24,27,10,1,NA,NA,NA,NA,NA,NA,NA
3915,488.214876,488.213919023663,488.213734415847,2084620.1,NA,243062.3,8.97,-1,0.378129092229998,0.974389824057193,0,0.584633894434316,6,1.59090909090909,0.5,"N1 O11","de-protonated",0,NA,"C22 H35 O11 N1",22,35,11,1,NA,NA,NA,NA,NA,NA,NA
3916,489.031934,489.030974846215,489.031078593111,2404356,NA,222948.4,10.48,-1,-0.212147857328412,0.991866845517154,0,0.595120107310293,15,0.666666666666667,0.666666666666667,"O14","de-protonated",0,NA,"C21 H14 O14",21,14,14,NA,NA,NA,NA,NA,NA,NA,NA
3917,489.068293,489.067333749319,489.067464102495,7538191,NA,197856.4,37.4,-1,-0.266534140031148,0.493596263413935,0.806643077274283,0.618814988958074,14,0.818181818181818,0.590909090909091,"O13","de-protonated",0,NA,"C22 H18 O13",22,18,13,NA,NA,NA,NA,NA,NA,NA,NA
3918,489.081341,489.080381714546,489.080218320336,7343635,NA,203296.8,36.38,-1,0.334084685370151,0.489975868998372,0.753652554121787,0.595446543047738,22,0.6,0.166666666666667,"S1 O5","de-protonated",0,NA,"C30 H18 O5 S1",30,18,5,NA,NA,1,NA,NA,NA,NA,NA
3919,489.089477,489.088517692864,489.088593470595,3566101.5,NA,217708.9,16.57,-1,-0.154936613644152,0.995653732484581,0,0.597392239490748,9,1.15789473684211,0.789473684210526,"O15","de-protonated",0,NA,"C19 H22 O15",19,22,15,NA,NA,NA,NA,NA,NA,NA,NA
3920,489.098989,489.098029667515,489.097976385065,3538456.5,NA,201807.6,16.43,-1,0.108940237829119,0.498924444207499,0.753652554121787,0.600815688173215,22,0.6,0.233333333333333,"O7","de-protonated",0,NA,"C30 H18 O7",30,18,7,NA,NA,NA,NA,NA,NA,NA,NA
3921,489.104744,489.103784652178,489.103849611879,10159642,NA,201157,51.14,-1,-0.13281371996728,0.993217528981822,0.968795228994968,0.98344860898708,13,0.956521739130435,0.521739130434783,"O12","de-protonated",0,NA,"C23 H22 O12",23,22,12,NA,NA,NA,NA,NA,NA,NA,NA
3922,489.117764,489.11680461748,489.11660382972,16768542,NA,211900.4,85.8,-1,0.41051102803221,0.971870155767374,0.946102555962247,0.961563115845323,21,0.709677419354839,0.129032258064516,"S1 O4","de-protonated",0,NA,"C31 H22 O4 S1",31,22,4,NA,NA,1,NA,NA,NA,NA,NA
3923,489.135405,489.134445570467,489.134361894449,6725155.5,NA,200378.1,33.14,-1,0.171069595481132,0.49735200637837,0.747514279669976,0.597416915695012,21,0.709677419354839,0.193548387096774,"O6","de-protonated",0,NA,"C31 H22 O6",31,22,6,NA,NA,NA,NA,NA,NA,NA,NA
3924,489.141116,489.140156555247,489.140235121264,15511077,NA,207777.2,79.2,-1,-0.160620638297432,0.986607182582438,0.99907774869486,0.991595409027407,12,1.08333333333333,0.458333333333333,"O11","de-protonated",0,NA,"C24 H26 O11",24,26,11,NA,NA,NA,NA,NA,NA,NA,NA
3925,489.154227,489.153267520306,489.153122280886,15236649,NA,214280.4,77.76,-1,0.296920154393821,0.98565301812751,0.991924861581252,0.988161755509007,7,1.47619047619048,0.523809523809524,"P1 O11","de-protonated",0,NA,"C21 H31 O11 P1",21,31,11,NA,1,NA,NA,NA,NA,NA,NA
3926,489.162112,489.161152499293,489.161364489363,2574891.5,NA,222967.8,11.38,-1,-0.433374517319397,0.966495624200718,0,0.579897374520431,7,1.42857142857143,0.619047619047619,"O13","de-protonated",0,NA,"C21 H30 O13",21,30,13,NA,NA,NA,NA,NA,NA,NA,NA
3927,489.171847,489.170887473349,489.170747403833,3947054.5,NA,215104.6,18.57,-1,0.286340744080523,0.49261647752648,0.741475186234395,0.592159961009646,20,0.8125,0.15625,"O5","de-protonated",0,NA,"C32 H26 O5",32,26,5,NA,NA,NA,NA,NA,NA,NA,NA
3928,489.177595,489.176635458031,489.176620630648,9016880,NA,215051.5,45.15,-1,0.030310898561916,0.981539722357108,0.962502237673957,0.973924728483848,11,1.2,0.4,"O10","de-protonated",0,NA,"C25 H30 O10",25,30,10,NA,NA,NA,NA,NA,NA,NA,NA
3929,489.190631,489.18967142329,489.18950779027,8789556,NA,205830.1,43.96,-1,0.334498221070571,0.989912588526496,0.971952902416357,0.98272871408244,6,1.59090909090909,0.454545454545455,"P1 O10","de-protonated",0,NA,"C22 H35 O10 P1",22,35,10,NA,1,NA,NA,NA,NA,NA,NA
3930,489.198571,489.19761140213,489.197749998747,1929782.5,NA,213416.8,7.99,-1,-0.283314093749453,0.985541227516579,0,0.591324736509948,6,1.54545454545455,0.545454545454545,"O12","de-protonated",0,NA,"C22 H34 O12",22,34,12,NA,NA,NA,NA,NA,NA,NA,NA
3932,489.213965,489.213005361105,489.213006140032,4455995,NA,212744.9,21.24,-1,-0.0015922041125015,0.499999770003506,0.779247987650237,0.611699057062199,10,1.30769230769231,0.346153846153846,"O9","de-protonated",0,NA,"C26 H34 O9",26,34,9,NA,NA,NA,NA,NA,NA,NA,NA
3934,490.063593,490.062631096859,490.062713074688,3390267,NA,199473.1,15.65,-1,-0.167280282059738,0.994935445480993,0,0.596961267288596,14,0.80952380952381,0.619047619047619,"N1 O13","de-protonated",0,NA,"C21 H17 O13 N1",21,17,13,1,NA,NA,NA,NA,NA,NA,NA
3935,490.099776,490.098814000432,490.098585519736,3373894,NA,160531.8,15.56,-1,0.466193339697336,0.480666039795055,0.723929522638802,0.577971432932554,31,0.371428571428571,0.0285714285714286,"N3 O1","de-protonated",0,NA,"C35 H13 O1 N3",35,13,1,3,NA,NA,NA,NA,NA,NA,NA
3938,490.136642,490.135679902185,490.135484093457,3448657,NA,163960.4,15.96,-1,0.39949918818198,0.971456159294979,0,0.582873695576987,12,1.08695652173913,0.478260869565217,"N1 O11","de-protonated",0,NA,"C23 H25 O11 N1",23,25,11,1,NA,NA,NA,NA,NA,NA,NA
3940,490.147825,490.146862872382,490.146717482749,2015316.3,NA,177239.7,8.44,-1,0.296624720844963,0.984161779933065,0,0.590497067959839,12,1.13636363636364,0.454545454545455,"N3 O10","de-protonated",0,NA,"C22 H25 O10 N3",22,25,10,3,NA,NA,NA,NA,NA,NA,NA
3946,491.047571,491.046606474572,491.046728657589,5655649.5,NA,205741.4,27.53,-1,-0.248821567041146,0.494414491057492,0.813795485951173,0.622166889014965,14,0.761904761904762,0.666666666666667,"O14","de-protonated",0,NA,"C21 H16 O14",21,16,14,NA,NA,NA,NA,NA,NA,NA,NA
3947,491.084031,491.083066377407,491.083114166973,11331692,NA,201592.2,57.29,-1,-0.0973146190304919,0.997396930321592,0.996028574434408,0.996849587966718,13,0.909090909090909,0.590909090909091,"O13","de-protonated",0,NA,"C22 H20 O13",22,20,13,NA,NA,NA,NA,NA,NA,NA,NA
3948,491.097114,491.096149342541,491.096001326595,7616624,NA,197496.9,37.81,-1,0.301399208004038,0.970790478906234,0.94894651726899,0.962052894251336,8,1.31578947368421,0.684210526315789,"P1 O13","de-protonated",0,NA,"C19 H25 O13 P1",19,25,13,NA,1,NA,NA,NA,NA,NA,NA
3949,491.11482,491.113855295355,491.113626449543,4332661.5,NA,145643.5,20.59,-1,0.465973248335867,0.480683933566275,0.753652554121787,0.58987138178848,21,0.666666666666667,0.233333333333333,"O7","de-protonated",0,NA,"C30 H20 O7",30,20,7,NA,NA,NA,NA,NA,NA,NA,NA
3950,491.120444,491.119479280367,491.119499676357,17207416,NA,207615.7,88.09,-1,-0.041529588221066,0.997735511881786,0.989017504190407,0.994248308805234,12,1.04347826086957,0.521739130434783,"O12","de-protonated",0,NA,"C23 H24 O12",23,24,12,NA,NA,NA,NA,NA,NA,NA,NA
3951,491.133512,491.132547245541,491.132386835979,10981499,NA,208771.3,55.45,-1,0.326611654360069,0.490415027969461,0.821075868479145,0.622679364173335,7,1.45,0.6,"P1 O12","de-protonated",0,NA,"C20 H29 O12 P1",20,29,12,NA,1,NA,NA,NA,NA,NA,NA
3952,491.151115,491.150150198629,491.150011958927,4224128,NA,176850.5,20.02,-1,0.281461261331151,0.492864187013635,0.747514279669976,0.594724224076171,20,0.774193548387097,0.193548387096774,"O6","de-protonated",0,NA,"C31 H24 O6",31,24,6,NA,NA,NA,NA,NA,NA,NA,NA
3953,491.156798,491.155833183484,491.155885185742,17174658,NA,205773,87.92,-1,-0.10587729755764,0.985433768388985,0.987297700030614,0.986179341045637,11,1.16666666666667,0.458333333333333,"O11","de-protonated",0,NA,"C24 H28 O11",24,28,11,NA,NA,NA,NA,NA,NA,NA,NA
3954,491.16983,491.168865148754,491.168639403582,7903366,NA,217573.5,39.31,-1,0.459608276336642,0.969178132957668,0.978798550678098,0.97302630004584,19,0.875,0.09375,"S1 O3","de-protonated",0,NA,"C32 H28 O3 S1",32,28,3,NA,NA,1,NA,NA,NA,NA,NA
3955,491.185007,491.184042108307,491.184028486649,2370954.3,NA,172352.1,10.3,-1,0.0277322916912441,0.999860461180334,0,0.5999162767082,10,1.32,0.32,"P1 O8","de-protonated",0,NA,"C25 H33 O8 P1",25,33,8,NA,1,NA,NA,NA,NA,NA,NA
3956,491.193145,491.19218008662,491.192270695126,9212045,NA,214790.1,46.17,-1,-0.184466474020182,0.995432645368885,0.987510769986737,0.992263895216026,10,1.28,0.4,"O10","de-protonated",0,NA,"C25 H32 O10",25,32,10,NA,NA,NA,NA,NA,NA,NA,NA
3957,491.206201,491.205236051826,491.205024912966,5222544.5,NA,206783.6,25.26,-1,0.429838557522101,0.97196795739705,0.990505230672694,0.979382866707308,18,0.96969696969697,0.0606060606060606,"S1 O2","de-protonated",0,NA,"C33 H32 O2 S1",33,32,2,NA,NA,1,NA,NA,NA,NA,NA
3958,491.221571,491.220606010865,491.220413996033,1888917.3,NA,177936.6,7.78,-1,0.390893428743892,0.972655871679345,0,0.583593523007607,9,1.42307692307692,0.269230769230769,"P1 O7","de-protonated",0,NA,"C26 H37 O7 P1",26,37,7,NA,1,NA,NA,NA,NA,NA,NA
3959,491.229671,491.228705989278,491.22865620451,3538071.8,NA,197674.6,16.42,-1,0.101347442888663,0.998138020987557,0,0.598882812592534,9,1.38461538461538,0.346153846153846,"O9","de-protonated",0,NA,"C26 H36 O9",26,36,9,NA,NA,NA,NA,NA,NA,NA,NA
3960,491.242601,491.24163595482,491.241410422351,2749595.5,NA,238823.4,12.29,-1,0.459107201937226,0.962476480097242,0,0.577485888058345,17,1.05882352941176,0.0294117647058824,"S1 O1","de-protonated",0,NA,"C34 H36 O1 S1",34,36,1,NA,NA,1,NA,NA,NA,NA,NA
3962,492.079214,492.078246725259,492.078363139166,3343763.5,NA,218249.9,15.4,-1,-0.236575952237869,0.989896038533569,0,0.593937623120141,13,0.904761904761905,0.619047619047619,"N1 O13","de-protonated",0,NA,"C21 H19 O13 N1",21,19,13,1,NA,NA,NA,NA,NA,NA,NA
3965,492.115906,492.114938627475,492.11474864855,4531614.5,NA,177813,21.63,-1,0.38604598895781,0.48666038942718,0.806643077274283,0.614653464566021,12,1.04545454545455,0.545454545454545,"N1 O12","de-protonated",0,NA,"C22 H23 O12 N1",22,23,12,1,NA,NA,NA,NA,NA,NA,NA
3967,492.137025,492.136057571193,492.13587801665,2427812.8,NA,239356.8,10.6,-1,0.364847497638561,0.976136051391859,0,0.585681630835115,7,1.42105263157895,0.736842105263158,"N1 O14","de-protonated",0,NA,"C19 H27 O14 N1",19,27,14,1,NA,NA,NA,NA,NA,NA,NA
3968,492.152049,492.151081531155,492.151134157935,3952041.3,NA,201576.9,18.59,-1,-0.106932152386806,0.997927378531582,0,0.598756427118949,11,1.17391304347826,0.478260869565217,"N1 O11","de-protonated",0,NA,"C23 H27 O11 N1",23,27,11,1,NA,NA,NA,NA,NA,NA,NA
3971,492.188499,492.187531434016,492.187519667319,2076595.9,NA,210319,8.76,-1,0.0239069387788384,0.999896299882641,0,0.599937779929584,10,1.29166666666667,0.416666666666667,"N1 O10","de-protonated",0,NA,"C24 H31 O10 N1",24,31,10,1,NA,NA,NA,NA,NA,NA,NA
3975,493.063272,493.062302102759,493.062378722067,9435829,NA,194719.2,47.34,-1,-0.15539475616904,0.497814023645716,0.813795485951173,0.624206608567899,13,0.857142857142857,0.666666666666667,"O14","de-protonated",0,NA,"C21 H18 O14",21,18,14,NA,NA,NA,NA,NA,NA,NA,NA
3976,493.099784,493.098814005455,493.098764231451,17670848,NA,209936.7,90.52,-1,0.100941246045235,0.999033629789596,0.998013618435086,0.998625625247792,12,1,0.590909090909091,"O13","de-protonated",0,NA,"C22 H22 O13",22,22,13,NA,NA,NA,NA,NA,NA,NA,NA
3977,493.112861,493.111890970605,493.111651391073,6148804,NA,184169.7,30.11,-1,0.485852506259856,0.479036432375198,0.828487690504102,0.61881693562676,7,1.42105263157895,0.684210526315789,"P1 O13","de-protonated",0,NA,"C19 H27 O13 P1",19,27,13,NA,1,NA,NA,NA,NA,NA,NA
3979,493.136161,493.135190908511,493.135149740835,24154826,NA,209032.9,124.52,-1,0.0834815267457421,0.992408503481546,0.967171401315438,0.982313662615103,11,1.1304347826087,0.521739130434783,"O12","de-protonated",0,NA,"C23 H26 O12",23,26,12,NA,NA,NA,NA,NA,NA,NA,NA
3980,493.149146,493.148175873906,493.148036900457,6183630.5,NA,197073.9,30.29,-1,0.281808783400946,0.989947466495618,0.931533226804864,0.966581770619316,6,1.55,0.6,"P1 O12","de-protonated",0,NA,"C20 H31 O12 P1",20,31,12,NA,1,NA,NA,NA,NA,NA,NA
3981,493.164276,493.163305833585,493.163160099961,4822739,NA,146111,23.16,-1,0.295507928412353,0.492139938328432,0.723929522638802,0.58485577205258,23,0.742857142857143,0.0285714285714286,"S1 O1","de-protonated",0,NA,"C35 H26 O1 S1",35,26,1,NA,NA,1,NA,NA,NA,NA,NA
3982,493.172382,493.171411811982,493.17153525022,17924822,NA,204171.2,91.85,-1,-0.250294732505156,0.986709647008212,0.994708119724037,0.989909036094542,10,1.25,0.458333333333333,"O11","de-protonated",0,NA,"C24 H30 O11",24,30,11,NA,NA,NA,NA,NA,NA,NA,NA
3983,493.185531,493.18456077694,493.184422409842,4743897.5,NA,197769.9,22.74,-1,0.280558534000752,0.492909561245321,0.813795485951173,0.621263931127662,5,1.66666666666667,0.523809523809524,"P1 O11","de-protonated",0,NA,"C21 H35 O11 P1",21,35,11,NA,1,NA,NA,NA,NA,NA,NA
3984,493.200752,493.199781736377,493.199678551127,3633885.8,NA,161175.6,16.92,-1,0.209215971484797,0.992089207320112,0,0.595253524392067,9,1.4,0.32,"P1 O8","de-protonated",0,NA,"C25 H35 O8 P1",25,35,8,NA,1,NA,NA,NA,NA,NA,NA
3985,493.208816,493.207845714886,493.207920759604,7666400,NA,213352,38.07,-1,-0.152156351917966,0.497903995890277,0.785920818505338,0.613110724936301,9,1.36,0.4,"O10","de-protonated",0,NA,"C25 H34 O10",25,34,10,NA,NA,NA,NA,NA,NA,NA,NA
3986,493.221819,493.220848680233,493.220674977444,3148516,NA,235848.4,14.38,-1,0.352180672200305,0.488873026098101,0.73553288925895,0.587536971362441,17,1.03030303030303,0.0606060606060606,"S1 O2","de-protonated",0,NA,"C33 H34 O2 S1",33,34,2,NA,NA,1,NA,NA,NA,NA,NA
3987,493.245123,493.244152618128,493.244306268988,2067434.8,NA,164247.3,8.71,-1,-0.311510661011592,0.982546528153573,0,0.589527916892144,8,1.46153846153846,0.346153846153846,"O9","de-protonated",0,NA,"C26 H38 O9",26,38,9,NA,NA,NA,NA,NA,NA,NA,NA
3990,494.058517,494.057544450445,494.05762769426,2242520.3,NA,197172.7,9.63,-1,-0.168490090613417,0.994862113781566,0,0.59691726826894,13,0.85,0.7,"N1 O14","de-protonated",0,NA,"C20 H17 O14 N1",20,17,14,1,NA,NA,NA,NA,NA,NA,NA
3991,494.066395,494.065422429451,494.065511006993,2112986.5,NA,236253.1,8.95,-1,-0.179282990179636,0.994184779688127,0,0.596510867812876,16,0.88,0.16,"N1 S2 P1 O4","de-protonated",0,NA,"C25 H22 O4 S2 N1 P1",25,22,4,1,1,2,NA,NA,NA,NA,NA
3992,494.094996,494.094023353229,494.094013203644,4362211,NA,179121.5,20.74,-1,0.0205418097009959,0.999923437764505,0,0.599954062658703,12,1,0.619047619047619,"N1 O13","de-protonated",0,NA,"C21 H21 O13 N1",21,21,13,1,NA,NA,NA,NA,NA,NA,NA
3994,494.131282,494.130309256528,494.130398713028,6164461.5,NA,183920.9,30.19,-1,-0.181038245906261,0.497035347642254,0.806643077274283,0.620878439495066,11,1.13636363636364,0.545454545454545,"N1 O12","de-protonated",0,NA,"C22 H25 O12 N1",22,25,12,1,NA,NA,NA,NA,NA,NA,NA
3999,494.204206,494.203233062186,494.203169731797,1968642.6,NA,225374.4,8.19,-1,0.128146465351134,0.997024772177775,0,0.598214863306665,9,1.375,0.416666666666667,"N1 O10","de-protonated",0,NA,"C24 H33 O10 N1",24,33,10,1,NA,NA,NA,NA,NA,NA,NA
4000,494.217071,494.216098027901,494.215923949637,4390918.5,NA,221335.4,20.89,-1,0.352231191822341,0.488869869383957,0.741475186234395,0.589911996124132,17,1.03125,0.0625,"N1 S1 O2","de-protonated",0,NA,"C32 H33 O2 S1 N1",32,33,2,1,NA,1,NA,NA,NA,NA,NA
4002,494.949341,494.948366076412,494.948612270218,13370586,NA,204682.9,67.97,-1,-0.497412861411021,0.651098066111739,0.922265280013607,0.759564951672486,19,0.363636363636364,0.454545454545455,"S2 O10","de-protonated",0,NA,"C22 H8 O10 S2",22,8,10,NA,NA,2,NA,NA,NA,NA,NA
4003,495.042471,495.041495828222,495.041643277161,4554997.5,NA,206159.5,21.75,-1,-0.297851585120529,0.984031546449608,0,0.590418927869764,13,0.8,0.75,"O15","de-protonated",0,NA,"C20 H16 O15",20,16,15,NA,NA,NA,NA,NA,NA,NA,NA
4005,495.078939,495.077963731036,495.078028786545,13722880,NA,211366.2,69.82,-1,-0.131404557060068,0.498435899989853,0.813795485951173,0.624579734374381,12,0.952380952380952,0.666666666666667,"O14","de-protonated",0,NA,"C21 H20 O14",21,20,14,NA,NA,NA,NA,NA,NA,NA,NA
4006,495.094562,495.093586689401,495.0937741852,1743620.5,NA,156458,7.01,-1,-0.378707649337346,0.974312410369543,0,0.584587446221726,20,0.75,0.107142857142857,"N2 S1 P1 O3","de-protonated",0,NA,"C28 H21 O3 S1 N2 P1",28,21,3,2,1,1,NA,NA,NA,NA,NA
4007,495.115363,495.114387633966,495.114414295929,25261322,NA,208276.2,130.31,-1,-0.0538501042114546,0.999655936460022,0.993870238493361,0.997341657273358,11,1.09090909090909,0.590909090909091,"O13","de-protonated",0,NA,"C22 H24 O13",22,24,13,NA,NA,NA,NA,NA,NA,NA,NA
4008,495.143643,495.1426675586,495.142424655054,25851154,NA,200539,133.41,-1,0.490573083650305,0.480367811499283,0.92484539831059,0.658158846223806,23,0.705882352941177,0.0588235294117647,"S1 O2","de-protonated",0,NA,"C34 H24 O2 S1",34,24,2,NA,NA,1,NA,NA,NA,NA,NA
4009,495.151641,495.150665537286,495.150799805313,24155412,NA,206818.8,124.52,-1,-0.271165930700042,0.9912614768129,0.994667724688562,0.992623975963165,10,1.21739130434783,0.521739130434783,"O12","de-protonated",0,NA,"C23 H28 O12",23,28,12,NA,NA,NA,NA,NA,NA,NA,NA
4010,495.17999,495.179014461736,495.178810164439,7941405,NA,199882.8,39.5,-1,0.412572778486804,0.964552866644374,0.976268348778291,0.969239059497941,22,0.8,0.0285714285714286,"S1 O1","de-protonated",0,NA,"C35 H28 O1 S1",35,28,1,NA,NA,1,NA,NA,NA,NA,NA
4011,495.188008,495.187032440368,495.187185314698,13640991,NA,200586.4,69.39,-1,-0.308720285481142,0.979450044666482,0.966574928901632,0.974299998360542,9,1.33333333333333,0.458333333333333,"O11","de-protonated",0,NA,"C24 H32 O11",24,32,11,NA,NA,NA,NA,NA,NA,NA,NA
4012,495.200942,495.199966405899,495.199939532538,2906403,NA,222317.2,13.11,-1,0.0542676993462023,0.9994657794152,0,0.59967946764912,17,1,0.09375,"S1 O3","de-protonated",0,NA,"C32 H32 O3 S1",32,32,3,NA,NA,1,NA,NA,NA,NA,NA
4013,495.216518,495.21554236439,495.215328615605,4248871.5,NA,183356.5,20.14,-1,0.431627966128387,0.48338030174207,0.785920818505338,0.604396508447377,8,1.48,0.32,"P1 O8","de-protonated",0,NA,"C25 H37 O8 P1",25,37,8,NA,1,NA,NA,NA,NA,NA,NA
4014,495.224461,495.223485343222,495.223570824082,3745065.8,NA,222204.3,17.5,-1,-0.172610645575082,0.994608425906508,0,0.596765055543905,8,1.44,0.4,"O10","de-protonated",0,NA,"C25 H36 O10",25,36,10,NA,NA,NA,NA,NA,NA,NA,NA
4015,495.237544,495.236568308356,495.236325041922,1970989.6,NA,210041.6,8.2,-1,0.491212823166122,0.95716282556028,0,0.574297695336168,16,1.09090909090909,0.0606060606060606,"S1 O2","de-protonated",0,NA,"C33 H36 O2 S1",33,36,2,NA,NA,1,NA,NA,NA,NA,NA
4018,496.052573,496.051595136315,496.051496942016,2088983.8,NA,192227.8,8.82,-1,0.197951825973064,0.992915163391126,0,0.595749098034676,8,1.26666666666667,0.933333333333333,"N3 S1 O14","de-protonated",0,NA,"C15 H19 O14 S1 N3",15,19,14,3,NA,1,NA,NA,NA,NA,NA
4019,496.074314,496.073336078376,496.073277758738,2668574,NA,201950.4,11.86,-1,0.117562547194664,0.997495348212383,0,0.59849720892743,12,0.95,0.7,"N1 O14","de-protonated",0,NA,"C20 H19 O14 N1",20,19,14,1,NA,NA,NA,NA,NA,NA,NA
4020,496.082086,496.081108057664,496.081161071471,2892320.3,NA,214746.7,13.03,-1,-0.106865189192281,0.997929970870589,0,0.598757982522353,15,0.96,0.16,"N1 S2 P1 O4","de-protonated",0,NA,"C25 H24 O4 S2 N1 P1",25,24,4,1,1,2,NA,NA,NA,NA,NA
4021,496.110579,496.10960098173,496.109663268122,5498408.5,NA,191057.1,26.69,-1,-0.125549644663628,0.498571981320203,0.813795485951173,0.624661383172591,11,1.0952380952381,0.619047619047619,"N1 O13","de-protonated",0,NA,"C21 H23 O13 N1",21,23,13,1,NA,NA,NA,NA,NA,NA,NA
4029,497.058206,497.057225456318,497.057293341639,7690038.5,NA,217152,38.18,-1,-0.136574437682201,0.498310617658675,0.821075868479145,0.627416717986863,12,0.9,0.75,"O15","de-protonated",0,NA,"C20 H18 O15",20,18,15,NA,NA,NA,NA,NA,NA,NA,NA
4030,497.086368,497.085387381267,497.085303700764,4551486.5,NA,177409.2,21.73,-1,0.168342339695177,0.991182973551408,0.809313762129282,0.918435288982558,24,0.5625,0.125,"S1 O4","de-protonated",0,NA,"C32 H18 O4 S1",32,18,4,NA,NA,1,NA,NA,NA,NA,NA
4031,497.094769,497.093788358878,497.093678851023,16140097,NA,206089.9,82.49,-1,0.220296214174327,0.993617967507247,0.986503617843179,0.99077222764162,11,1.04761904761905,0.666666666666667,"O14","de-protonated",0,NA,"C21 H22 O14",21,22,14,NA,NA,NA,NA,NA,NA,NA,NA
4033,497.131127,497.130146261985,497.130064360407,27268940,NA,205910.7,140.84,-1,0.16474879234907,0.997417026680175,0.990526436594225,0.994660790645795,10,1.18181818181818,0.590909090909091,"O13","de-protonated",0,NA,"C22 H26 O13",22,26,13,NA,NA,NA,NA,NA,NA,NA,NA
4034,497.140693,497.139712236492,497.139798147962,8226638,NA,224781.4,41,-1,-0.172811492343411,0.975926309692325,0.939391161620647,0.961312250463654,0,2.33333333333333,0.666666666666667,"N2 S2 P1 O10","de-protonated",0,NA,"C15 H35 O10 S2 N2 P1",15,35,10,2,1,2,NA,NA,NA,NA,NA
4035,497.159374,497.158393186707,497.158207661314,40793940,NA,202507.1,211.75,-1,0.373171739222342,0.645808742595683,0.96505306839342,0.773506472914778,9,1.34782608695652,0.434782608695652,"P1 O10","de-protonated",0,NA,"C23 H31 O10 P1",23,31,10,NA,1,NA,NA,NA,NA,NA,NA
4036,497.16741,497.166429165291,497.166449869791,16877398,NA,211367.2,86.35,-1,-0.0416450068890662,0.997886995297332,0.991717447743205,0.995419176275681,9,1.30434782608696,0.521739130434783,"O12","de-protonated",0,NA,"C23 H30 O12",23,30,12,NA,NA,NA,NA,NA,NA,NA,NA
4038,497.19568,497.194699089952,497.194460228917,8793949,NA,199554.6,43.97,-1,0.480417732739218,0.966826003325952,0.997134352027861,0.978949342806716,21,0.857142857142857,0.0285714285714286,"S1 O1","de-protonated",0,NA,"C35 H30 O1 S1",35,30,1,NA,NA,1,NA,NA,NA,NA,NA
4039,497.20373,497.202749068499,497.202835379176,5795679.5,NA,213835.8,28.25,-1,-0.173592487254331,0.49727354145217,0.792708917554682,0.615447691893175,8,1.41666666666667,0.458333333333333,"O11","de-protonated",0,NA,"C24 H34 O11",24,34,11,NA,NA,NA,NA,NA,NA,NA,NA
4040,497.232105,497.23112399288,497.230978680083,3260263.8,NA,177799.4,14.96,-1,0.292244054551659,0.984622546188371,0,0.590773527713023,7,1.56,0.32,"P1 O8","de-protonated",0,NA,"C25 H39 O8 P1",25,39,8,NA,1,NA,NA,NA,NA,NA,NA
4043,498.093191,498.092207698098,498.092437510872,2183258.8,NA,235649.5,9.31,-1,-0.461385791252726,0.962110255205615,0,0.577266153123369,33,0.342105263157895,0.0263157894736842,"N1 O1","de-protonated",0,NA,"C38 H13 O1 N1",38,13,1,1,NA,NA,NA,NA,NA,NA,NA
4045,498.126373,498.125389609669,498.1253133326,6316132,NA,207259.5,30.98,-1,0.153128272405301,0.497877190420822,0.813795485951173,0.624244508632962,10,1.19047619047619,0.619047619047619,"N1 O13","de-protonated",0,NA,"C21 H25 O13 N1",21,25,13,1,NA,NA,NA,NA,NA,NA,NA
4053,499.052726,499.051740140952,499.051814038017,3952999.5,NA,199870,18.59,-1,-0.148074935990685,0.996029425890841,0,0.597617655534505,16,0.695652173913043,0.565217391304348,"O13","de-protonated",0,NA,"C23 H16 O13",23,16,13,NA,NA,NA,NA,NA,NA,NA,NA
4054,499.065639,499.064653106539,499.064568255858,3180395,NA,195803.3,14.54,-1,0.170019445497183,0.497384332299717,0.747514279669976,0.59743631124782,24,0.516129032258065,0.161290322580645,"S1 O5","de-protonated",0,NA,"C31 H16 O5 S1",31,16,5,NA,NA,1,NA,NA,NA,NA,NA
4055,499.073738,499.072752084955,499.072943406117,9419117,NA,209652.2,47.25,-1,-0.383353103118897,0.486843380994701,0.821075868479145,0.620536375988479,11,1,0.75,"O15","de-protonated",0,NA,"C20 H20 O15",20,20,15,NA,NA,NA,NA,NA,NA,NA,NA
4056,499.102114,499.101128009333,499.100953765242,9347445,NA,189910.3,46.87,-1,0.349115925738859,0.988899719840143,0.924439894934168,0.963115789877753,23,0.625,0.125,"S1 O4","de-protonated",0,NA,"C32 H20 O4 S1",32,20,4,NA,NA,1,NA,NA,NA,NA,NA
4057,499.110191,499.109204987808,499.109328915501,17615224,NA,209396.6,90.22,-1,-0.248297688197569,0.994056348344237,0.994479304447937,0.994225530785717,10,1.14285714285714,0.666666666666667,"O14","de-protonated",0,NA,"C21 H24 O14",21,24,14,NA,NA,NA,NA,NA,NA,NA,NA
4058,499.125408,499.124421947255,499.124585056786,4004219.8,NA,190068,18.86,-1,-0.326791216923191,0.490404587745624,0.785920818505338,0.608611080049509,14,0.96,0.44,"O11","de-protonated",0,NA,"C25 H24 O11",25,24,11,NA,NA,NA,NA,NA,NA,NA,NA
4059,499.13864,499.137653911992,499.137472216408,16734591,NA,203267.6,85.6,-1,0.364019122102538,0.988115140063841,0.921593607565093,0.961506527064342,9,1.31818181818182,0.5,"P1 O11","de-protonated",0,NA,"C22 H29 O11 P1",22,29,11,NA,1,NA,NA,NA,NA,NA,NA
4060,499.146661,499.145674890616,499.145714424885,17869186,NA,209034.2,91.55,-1,-0.0792038630513635,0.991332491571252,0.98537254541447,0.988948513108539,9,1.27272727272727,0.590909090909091,"O13","de-protonated",0,NA,"C22 H28 O13",22,28,13,NA,NA,NA,NA,NA,NA,NA,NA
4062,499.161706,499.160719850522,499.160808374918,2670981.8,NA,223204,11.87,-1,-0.177346447773358,0.994309372317402,0,0.596585623390441,8,1.57142857142857,0.19047619047619,"N4 S2 P1 O4","de-protonated",0,NA,"C21 H33 O4 S2 N4 P1",21,33,4,4,1,2,NA,NA,NA,NA,NA
4063,499.175063,499.174076814925,499.173857725792,13965705,NA,200553.2,71.08,-1,0.438903460196129,0.9781686872606,0.951519475847336,0.967509002695294,8,1.43478260869565,0.434782608695652,"P1 O10","de-protonated",0,NA,"C23 H33 O10 P1",23,33,10,NA,1,NA,NA,NA,NA,NA,NA
4064,499.183031,499.182044793691,499.182099934269,8006028,NA,218919.4,39.84,-1,-0.110461850786442,0.998891676381527,0.982052809640731,0.992156129685208,8,1.39130434782609,0.521739130434783,"O12","de-protonated",0,NA,"C23 H32 O12",23,32,12,NA,NA,NA,NA,NA,NA,NA,NA
4065,499.192667,499.191680768011,499.19148284874,3430798.5,NA,222675.9,15.85,-1,0.396479663419821,0.485939955696806,0.72968508002065,0.583438005426343,21,0.823529411764706,0.117647058823529,"O4","de-protonated",0,NA,"C34 H28 O4",34,28,4,NA,NA,NA,NA,NA,NA,NA,NA
4066,499.211289,499.210302718384,499.210110293395,8290707.5,NA,195074.5,41.33,-1,0.385458917940111,0.486700386389322,0.723929522638802,0.581592040889114,20,0.914285714285714,0.0285714285714286,"S1 O1","de-protonated",0,NA,"C35 H32 O1 S1",35,32,1,NA,NA,1,NA,NA,NA,NA,NA
4067,499.219425,499.218438696701,499.218485443654,3356053.8,NA,238347.5,15.46,-1,-0.093640267419819,0.998410232273313,0,0.599046139363988,7,1.5,0.458333333333333,"O11","de-protonated",0,NA,"C24 H36 O11",24,36,11,NA,NA,NA,NA,NA,NA,NA,NA
4068,499.232474,499.231487661926,499.231239661494,2669977.5,NA,171602.2,11.86,-1,0.496764649483685,0.956210673164303,0,0.573726403898582,15,1.125,0.09375,"S1 O3","de-protonated",0,NA,"C32 H36 O3 S1",32,36,3,NA,NA,1,NA,NA,NA,NA,NA
4069,499.247552,499.246565621743,499.246628744561,2035101.8,NA,195181,8.53,-1,-0.126436141583502,0.997103546376377,0,0.598262127825826,6,1.64,0.32,"P1 O8","de-protonated",0,NA,"C25 H41 O8 P1",25,41,8,NA,1,NA,NA,NA,NA,NA,NA
4070,500.084338,500.083349391721,500.083448519594,2919557.8,NA,199284,13.17,-1,-0.198222664360718,0.992895832206384,0,0.59573749932383,15,0.826086956521739,0.521739130434783,"N1 O12","de-protonated",0,NA,"C23 H19 O12 N1",23,19,12,1,NA,NA,NA,NA,NA,NA,NA
4074,500.133688,500.132699260204,500.132588246819,1997971.4,NA,198784.9,8.34,-1,0.221967908721134,0.991099910506734,0,0.59465994630404,22,0.71875,0.09375,"N1 S1 O3","de-protonated",0,NA,"C32 H23 O3 S1 N1",32,23,3,1,NA,1,NA,NA,NA,NA,NA
4084,501.03226,501.031268865523,501.031078593111,2404746.5,NA,229516.6,10.47,-1,0.379761695233672,0.974171085654781,0,0.584502651392869,16,0.636363636363636,0.636363636363636,"O14","de-protonated",0,NA,"C22 H14 O14",22,14,14,NA,NA,NA,NA,NA,NA,NA,NA
4085,501.053148,501.052156809856,501.05220796121,2832272.3,NA,214824.4,12.71,-1,-0.102087872202438,0.998110740731492,0,0.598866444438895,11,0.947368421052632,0.842105263157895,"O16","de-protonated",0,NA,"C19 H18 O16",19,18,16,NA,NA,NA,NA,NA,NA,NA,NA
4086,501.068468,501.067476769029,501.067464102495,5974932.5,NA,206515.2,29.19,-1,0.0252790982959107,0.499942027529066,0.799615297578637,0.619811335548894,15,0.782608695652174,0.565217391304348,"O13","de-protonated",0,NA,"C23 H18 O13",23,18,13,NA,NA,NA,NA,NA,NA,NA,NA
4087,501.081564,501.080572734128,501.080351262117,7248792,NA,193083.3,35.86,-1,0.4419890154298,0.982482606977014,0.901661621833686,0.950154212919682,10,1.15,0.65,"P1 O13","de-protonated",0,NA,"C20 H23 O13 P1",20,23,13,NA,1,NA,NA,NA,NA,NA,NA
4088,501.089518,501.088526712931,501.088593470595,7959450,NA,214796.8,39.59,-1,-0.133225271000053,0.996695062337821,0.969289366361493,0.98573278394729,10,1.1,0.75,"O15","de-protonated",0,NA,"C20 H22 O15",20,22,15,NA,NA,NA,NA,NA,NA,NA,NA
4089,501.098923,501.097931687867,501.097976385065,3132828.8,NA,191709.5,14.28,-1,-0.0891985207296907,0.998557367604783,0,0.59913442056287,23,0.580645161290323,0.225806451612903,"O7","de-protonated",0,NA,"C31 H18 O7",31,18,7,NA,NA,NA,NA,NA,NA,NA,NA
4090,501.104895,501.103903671951,501.103849611879,6697886.5,NA,197948.4,32.98,-1,0.10788197291588,0.498945217044668,0.792708917554682,0.616450697248674,14,0.916666666666667,0.5,"O12","de-protonated",0,NA,"C24 H22 O12",24,22,12,NA,NA,NA,NA,NA,NA,NA,NA
4091,501.117851,501.116859637424,501.116736771501,16157602,NA,200256.9,82.57,-1,0.245184232260931,0.993835977161074,0.957032272641839,0.97911449535338,9,1.28571428571429,0.571428571428571,"P1 O12","de-protonated",0,NA,"C21 H27 O12 P1",21,27,12,NA,1,NA,NA,NA,NA,NA,NA
4092,501.125799,501.124807616242,501.124978979979,9905060,NA,214609.3,49.79,-1,-0.341958081264002,0.977613020062155,0.979840955267408,0.978504194144256,9,1.23809523809524,0.666666666666667,"O14","de-protonated",0,NA,"C21 H26 O14",21,26,14,NA,NA,NA,NA,NA,NA,NA,NA
4093,501.135422,501.134430590597,501.134361894449,5440422.5,NA,219758.9,26.38,-1,0.137081296725031,0.498298076425105,0.741475186234394,0.595568920348821,22,0.6875,0.1875,"O6","de-protonated",0,NA,"C32 H22 O6",32,22,6,NA,NA,NA,NA,NA,NA,NA,NA
4094,501.141131,501.140139575383,501.140235121264,6820776,NA,201058.2,33.62,-1,-0.19065697395215,0.496713014571827,0.785920818505338,0.612396136145231,13,1.04,0.44,"O11","de-protonated",0,NA,"C25 H26 O11",25,26,11,NA,NA,NA,NA,NA,NA,NA,NA
4095,501.154142,501.153150540709,501.152989339104,18615212,NA,205811.1,95.46,-1,0.321661464972377,0.65520593050395,0.92743570763687,0.764097841357118,21,0.787878787878788,0.0909090909090909,"S1 O3","de-protonated",0,NA,"C33 H26 O3 S1",33,26,3,NA,NA,1,NA,NA,NA,NA,NA
4096,501.16222,501.161228519181,501.161364489363,7013294,NA,217340.6,34.63,-1,-0.271310183946568,0.493366252001681,0.806643077274283,0.618676982110721,8,1.36363636363636,0.590909090909091,"O13","de-protonated",0,NA,"C22 H30 O13",22,30,13,NA,NA,NA,NA,NA,NA,NA,NA
4097,501.171853,501.170861493509,501.170747403833,5353392.5,NA,211785.6,25.93,-1,0.227646318991954,0.495320442146489,0.73553288925895,0.591405420991474,21,0.787878787878788,0.151515151515152,"O5","de-protonated",0,NA,"C33 H26 O5",33,26,5,NA,NA,NA,NA,NA,NA,NA,NA
4098,501.177423,501.176431478665,501.176620630648,4864946,NA,206054.7,23.37,-1,-0.377415814894372,0.9869537321061,0.908383371362009,0.955525587808464,12,1.15384615384615,0.384615384615385,"O10","de-protonated",0,NA,"C26 H30 O10",26,30,10,NA,NA,NA,NA,NA,NA,NA,NA
4099,501.19059,501.189598443575,501.189374848488,11422646,NA,199449.1,57.75,-1,0.446128945120556,0.482265203980138,0.72968508002065,0.581233154396343,20,0.882352941176471,0.0588235294117647,"S1 O2","de-protonated",0,NA,"C34 H30 O2 S1",34,30,2,NA,NA,1,NA,NA,NA,NA,NA
4100,501.198542,501.197550422383,501.197749998747,2701240,NA,233468.9,12.02,-1,-0.39819884249689,0.971639017834147,0,0.582983410700488,7,1.47826086956522,0.521739130434783,"O12","de-protonated",0,NA,"C23 H34 O12",23,34,12,NA,NA,NA,NA,NA,NA,NA,NA
4102,501.22712,501.226128346224,501.225893299654,4766655.5,NA,208810,22.85,-1,0.468943389456054,0.968599651297957,0.782532796462232,0.894172909363667,6,1.625,0.375,"P1 O9","de-protonated",0,NA,"C24 H39 O9 P1",24,39,9,NA,1,NA,NA,NA,NA,NA,NA
4103,501.248743,501.247751288599,501.247892047679,1911621.6,NA,143139.7,7.88,-1,-0.280817301917371,0.985793138282477,0,0.591475882969486,0,2.13636363636364,0.272727272727273,"S2 P1 O6","de-protonated",0,NA,"C22 H47 O6 S2 P1",22,47,6,NA,1,2,NA,NA,NA,NA,NA
4105,502.063539,502.062545117179,502.062713074688,2816675.5,NA,174023.6,12.63,-1,-0.334534918797537,0.979898212156113,0,0.587938927293667,15,0.772727272727273,0.590909090909091,"N1 O13","de-protonated",0,NA,"C22 H17 O13 N1",22,17,13,1,NA,NA,NA,NA,NA,NA,NA
4108,502.100329,502.099335019134,502.099098584072,2972333.3,NA,204202.7,13.44,-1,0.470893221396991,0.960564151806249,0,0.576338491083749,14,0.91304347826087,0.521739130434783,"N1 O12","de-protonated",0,NA,"C23 H21 O12 N1",23,21,12,1,NA,NA,NA,NA,NA,NA,NA
4112,502.136441,502.135446922896,502.135484093457,2610103.3,NA,134675.2,11.54,-1,-0.0740249623212453,0.999006210668419,0,0.599403726401051,13,1.04166666666667,0.458333333333333,"N1 O11","de-protonated",0,NA,"C24 H25 O11 N1",24,25,11,1,NA,NA,NA,NA,NA,NA,NA
4121,503.047725,503.046728494338,503.046728657589,5233069,NA,189716.3,25.29,-1,-0.000324524301745792,0.499999990445273,0.806643077274283,0.622657225176877,15,0.727272727272727,0.636363636363636,"O14","de-protonated",0,NA,"C22 H16 O14",22,16,14,NA,NA,NA,NA,NA,NA,NA,NA
4122,503.060632,503.059635459941,503.059482875429,3473840.5,NA,190149.1,16.07,-1,0.303313061243455,0.491722746676941,0.753652554121787,0.596494669654879,23,0.533333333333333,0.2,"S1 O6","de-protonated",0,NA,"C30 H16 O6 S1",30,16,6,NA,NA,1,NA,NA,NA,NA,NA
4123,503.084,503.083003397666,503.083114166973,8060343,NA,184941.9,40.12,-1,-0.220180929167007,0.495621004662819,0.799615297578637,0.617218721829146,14,0.869565217391304,0.565217391304348,"O13","de-protonated",0,NA,"C23 H20 O13",23,20,13,NA,NA,NA,NA,NA,NA,NA,NA
4124,503.097125,503.096128362688,503.096001326595,10485178,NA,193633.2,52.83,-1,0.252508650920928,0.99058213370455,0.996221613660873,0.992837925687079,9,1.25,0.65,"P1 O13","de-protonated",0,NA,"C20 H25 O13 P1",20,25,13,NA,1,NA,NA,NA,NA,NA,NA
4125,503.105193,503.104196341187,503.104243535072,4612540.5,NA,206668.4,22.04,-1,-0.093805382419857,0.998404625364062,0,0.599042775218437,9,1.2,0.75,"O15","de-protonated",0,NA,"C20 H24 O15",20,24,15,NA,NA,NA,NA,NA,NA,NA,NA
4126,503.114792,503.113795315605,503.113626449543,5785023,NA,205025.1,28.19,-1,0.335641997388704,0.489883151722346,0.747514279669976,0.592935602901398,22,0.645161290322581,0.225806451612903,"O7","de-protonated",0,NA,"C31 H20 O7",31,20,7,NA,NA,NA,NA,NA,NA,NA,NA
4127,503.120519,503.119522300343,503.119499676357,10958273,NA,199111.2,55.31,-1,0.0449674194150899,0.991434056595448,0.968166440510353,0.98212701016141,13,1,0.5,"O12","de-protonated",0,NA,"C24 H24 O12",24,24,12,NA,NA,NA,NA,NA,NA,NA,NA
4128,503.133594,503.132597265498,503.132386835979,16551364,NA,202075.8,84.64,-1,0.418238865994904,0.982922963669008,0.987122488805973,0.984602773723794,8,1.38095238095238,0.571428571428571,"P1 O12","de-protonated",0,NA,"C21 H29 O12 P1",21,29,12,NA,1,NA,NA,NA,NA,NA,NA
4130,503.156926,503.155929203319,503.155885185742,11693514,NA,194852.6,59.17,-1,0.0874829818698669,0.989625640366413,0.997347926363179,0.992714554765119,12,1.12,0.44,"O11","de-protonated",0,NA,"C25 H28 O11",25,28,11,NA,NA,NA,NA,NA,NA,NA,NA
4132,503.187626,503.186629121504,503.186397468311,3092946.5,NA,178403.4,14.07,-1,0.460372525048421,0.481136659228016,0.73553288925895,0.582895151240389,20,0.848484848484849,0.151515151515152,"O5","de-protonated",0,NA,"C33 H28 O5",33,28,5,NA,NA,NA,NA,NA,NA,NA,NA
4133,503.193311,503.192314106353,503.192270695126,8068564,NA,195068.2,40.16,-1,0.0862716498989176,0.992388667143905,0.933684680672153,0.968907072555204,11,1.23076923076923,0.384615384615385,"O10","de-protonated",0,NA,"C26 H32 O10",26,32,10,NA,NA,NA,NA,NA,NA,NA,NA
4134,503.206215,503.205218071964,503.205024912966,7169495.5,NA,201766.8,35.45,-1,0.383857450731966,0.980475213830753,0.964931290681646,0.97425764457111,19,0.941176470588235,0.0588235294117647,"S1 O2","de-protonated",0,NA,"C34 H32 O2 S1",34,32,2,NA,NA,1,NA,NA,NA,NA,NA
4135,503.214256,503.213259050535,503.213400063225,2187225.8,NA,189753.8,9.32,-1,-0.280224433902051,0.985852636768599,0,0.59151158206116,6,1.56521739130435,0.521739130434783,"O12","de-protonated",0,NA,"C23 H36 O12",23,36,12,NA,NA,NA,NA,NA,NA,NA,NA
4136,503.22936,503.228363010283,503.228494013258,3072477.8,NA,174065.7,13.96,-1,-0.260325033853631,0.987778676087052,0,0.592667205652231,5,1.86363636363636,0.136363636363636,"N4 S2 P1 O3","de-protonated",0,NA,"C22 H41 O3 S2 N4 P1",22,41,3,4,1,2,NA,NA,NA,NA,NA
4137,503.242668,503.241670974818,503.241543364132,3131873.3,NA,209458.8,14.28,-1,0.253577406502661,0.988400377536546,0,0.593040226521928,5,1.70833333333333,0.375,"P1 O9","de-protonated",0,NA,"C24 H41 O9 P1",24,41,9,NA,1,NA,NA,NA,NA,NA,NA
4140,504.043341,504.042341841036,504.042466887152,1976503.1,NA,183499.4,8.22,-1,-0.248086469911226,0.988894522676167,0,0.5933367136057,19,0.666666666666667,0.25,"N3 S1 P1 O6","de-protonated",0,NA,"C24 H16 O6 S1 N3 P1",24,16,6,3,1,1,NA,NA,NA,NA,NA
4141,504.079304,504.078304745195,504.078363139166,4337344.5,NA,183799.1,20.6,-1,-0.115843042273921,0.997567991450649,0,0.598540794870389,14,0.863636363636364,0.590909090909091,"N1 O13","de-protonated",0,NA,"C22 H19 O13 N1",22,19,13,1,NA,NA,NA,NA,NA,NA,NA
4143,504.115779,504.11477964799,504.11474864855,3591882.3,NA,170838.1,16.69,-1,0.0614928235251929,0.999314111192111,0,0.599588466715267,13,1,0.521739130434783,"N1 O12","de-protonated",0,NA,"C23 H23 O12 N1",23,23,12,1,NA,NA,NA,NA,NA,NA,NA
4146,504.152163,504.151163551027,504.151134157935,2770644,NA,140794,12.38,-1,0.0583021441959835,0.999383420672377,0,0.599630052403426,12,1.125,0.458333333333333,"N1 O11","de-protonated",0,NA,"C24 H27 O11 N1",24,27,11,1,NA,NA,NA,NA,NA,NA,NA
4148,504.173252,504.172252494825,504.172263526034,3221209.5,NA,227519.8,14.74,-1,-0.0218798412971782,0.999913139304763,0,0.599947883582858,7,1.47619047619048,0.619047619047619,"N1 O13","de-protonated",0,NA,"C21 H31 O13 N1",21,31,13,1,NA,NA,NA,NA,NA,NA,NA
4149,504.188597,504.187597453931,504.187519667319,2117341.8,NA,180922.1,8.96,-1,0.154281113258982,0.995690351568471,0,0.597414210941083,11,1.24,0.4,"N1 O10","de-protonated",0,NA,"C25 H31 O10 N1",25,31,10,1,NA,NA,NA,NA,NA,NA,NA
4154,505.063292,505.062290122881,505.062378722067,7372741,NA,200156.4,36.51,-1,-0.175422262944153,0.497215922460555,0.806643077274283,0.620986784386046,14,0.818181818181818,0.636363636363636,"O14","de-protonated",0,NA,"C22 H18 O14",22,18,14,NA,NA,NA,NA,NA,NA,NA,NA
4155,505.076345,505.075343088095,505.075132939907,4207560.5,NA,206571.4,19.91,-1,0.416073123602803,0.484538201005162,0.753652554121787,0.592183942251812,22,0.6,0.2,"S1 O6","de-protonated",0,NA,"C30 H18 O6 S1",30,18,6,NA,NA,1,NA,NA,NA,NA,NA
4156,505.099748,505.098746025727,505.098764231451,12967887,NA,199000.1,65.84,-1,-0.0360438901229121,0.499882148270732,0.799615297578637,0.619775407993894,13,0.956521739130435,0.565217391304348,"O13","de-protonated",0,NA,"C23 H22 O13",23,22,13,NA,NA,NA,NA,NA,NA,NA,NA
4157,505.112874,505.111871990746,505.111651391073,9942994,NA,202256.2,49.98,-1,0.436734477344435,0.975691770195987,0.99527066535507,0.98352332825962,8,1.35,0.65,"P1 O13","de-protonated",0,NA,"C20 H27 O13 P1",20,27,13,NA,1,NA,NA,NA,NA,NA,NA
4158,505.130287,505.129284944341,505.129276514021,4981718.5,NA,153951.3,23.97,-1,0.0166894302701085,0.499974730544691,0.747514279669976,0.598990550194805,21,0.709677419354839,0.225806451612903,"O7","de-protonated",0,NA,"C31 H22 O7",31,22,7,NA,NA,NA,NA,NA,NA,NA,NA
4159,505.136171,505.13516892866,505.135149740835,21221336,NA,198507.1,109.12,-1,0.0379855263377095,0.999076703414488,0.978509576465981,0.990849852635085,12,1.08333333333333,0.5,"O12","de-protonated",0,NA,"C24 H26 O12",24,26,12,NA,NA,NA,NA,NA,NA,NA,NA
4160,505.149226,505.148223893869,505.148036900457,11546588,NA,208417.8,58.39,-1,0.370175468467558,0.487721334638075,0.813795485951173,0.618150995163314,7,1.47619047619048,0.571428571428571,"P1 O12","de-protonated",0,NA,"C21 H31 O12 P1",21,31,12,NA,1,NA,NA,NA,NA,NA,NA
4161,505.166581,505.165578847618,505.165662023405,3806176.3,NA,147145,17.81,-1,-0.164650516917552,0.497546521185141,0.741475186234394,0.595117987204843,20,0.8125,0.1875,"O6","de-protonated",0,NA,"C32 H26 O6",32,26,6,NA,NA,NA,NA,NA,NA,NA,NA
4162,505.172436,505.171433832014,505.17153525022,14417890,NA,203395.8,73.45,-1,-0.200759936657009,0.995673929946399,0.992830126313974,0.994536408493429,11,1.2,0.44,"O11","de-protonated",0,NA,"C25 H30 O11",25,30,11,NA,NA,NA,NA,NA,NA,NA,NA
4163,505.18543,505.184427797385,505.18428946806,7452645,NA,195803.7,36.93,-1,0.273819531393215,0.493243810111493,0.73553288925895,0.590159441770476,19,0.909090909090909,0.0909090909090909,"S1 O3","de-protonated",0,NA,"C33 H30 O3 S1",33,30,3,NA,NA,1,NA,NA,NA,NA,NA
4164,505.202179,505.20117675275,505.201396084167,2268137.5,NA,138288.9,9.74,-1,-0.434146498743049,0.966378184702269,0,0.579826910821362,10,1.36,0.28,"N2 S1 O7","de-protonated",0,NA,"C25 H34 O7 S1 N2",25,34,7,2,NA,1,NA,NA,NA,NA,NA
4165,505.208739,505.207736735267,505.207920759604,6326251,NA,207787.1,31.02,-1,-0.364254654652841,0.488106306344077,0.779247987650237,0.604562978866541,10,1.30769230769231,0.384615384615385,"O10","de-protonated",0,NA,"C26 H34 O10",26,34,10,NA,NA,NA,NA,NA,NA,NA,NA
4166,505.221838,505.220835700359,505.220674977444,4157422.8,NA,203572.1,19.65,-1,0.318124182570806,0.490902212377065,0.72968508002065,0.586415359434499,18,1,0.0588235294117647,"S1 O2","de-protonated",0,NA,"C34 H34 O2 S1",34,34,2,NA,NA,1,NA,NA,NA,NA,NA
4167,505.245076,505.24407363843,505.244306268988,2811892.8,NA,210571.6,12.6,-1,-0.460431826117986,0.962263784349286,0,0.577358270609571,9,1.40740740740741,0.333333333333333,"O9","de-protonated",0,NA,"C27 H38 O9",27,38,9,NA,NA,NA,NA,NA,NA,NA,NA
4168,505.258435,505.257432602828,505.25719342861,2779128.3,NA,213617,12.42,-1,0.47337122766208,0.960156411118515,0,0.576093846671109,4,1.79166666666667,0.375,"P1 O9","de-protonated",0,NA,"C24 H43 O9 P1",24,43,9,NA,1,NA,NA,NA,NA,NA,NA
4171,506.094901,506.093896373659,506.094013203644,3247315,NA,190894.6,14.88,-1,-0.230846408930766,0.990377186252062,0,0.594226311751237,13,0.954545454545455,0.590909090909091,"N1 O13","de-protonated",0,NA,"C22 H21 O13 N1",22,21,13,1,NA,NA,NA,NA,NA,NA,NA
4172,506.102803,506.1017983526,506.101896516377,2427605,NA,177220.1,10.58,-1,-0.193960500557716,0.993197023533348,0,0.595918214120009,16,0.962962962962963,0.111111111111111,"N1 S2 P1 O3","de-protonated",0,NA,"C27 H26 O3 S2 N1 P1",27,26,3,1,1,2,NA,NA,NA,NA,NA
4174,506.131464,506.130459276219,506.130398713028,4317404.5,NA,167607.4,20.49,-1,0.119659262710593,0.498702664082834,0.799615297578637,0.619067717481155,12,1.08695652173913,0.521739130434783,"N1 O12","de-protonated",0,NA,"C23 H25 O12 N1",23,25,12,1,NA,NA,NA,NA,NA,NA,NA
4176,506.167814,506.166809179347,506.166784222413,3379430,NA,205812.1,15.57,-1,0.0493057517915154,0.99955898514767,0,0.599735391088602,11,1.20833333333333,0.458333333333333,"N1 O11","de-protonated",0,NA,"C24 H29 O11 N1",24,29,11,1,NA,NA,NA,NA,NA,NA,NA
4180,507.042753,507.041745847647,507.041643277161,4707784.5,NA,198649.3,22.53,-1,0.202292036041585,0.496301121826381,0.813795485951173,0.623298867476298,14,0.761904761904762,0.714285714285714,"O15","de-protonated",0,NA,"C21 H16 O15",21,16,15,NA,NA,NA,NA,NA,NA,NA,NA
4181,507.079121,507.078113750727,507.078028786545,11035090,NA,190467.5,55.71,-1,0.167556425384555,0.497459376657388,0.806643077274283,0.621132856904146,13,0.909090909090909,0.636363636363636,"O14","de-protonated",0,NA,"C22 H20 O14",22,20,14,NA,NA,NA,NA,NA,NA,NA,NA
4183,507.115357,507.114349654158,507.114414295929,18436572,NA,201495.2,94.51,-1,-0.127469795596611,0.996104367820209,0.9759960639322,0.988061046265005,12,1.04347826086957,0.565217391304348,"O13","de-protonated",0,NA,"C23 H24 O13",23,24,13,NA,NA,NA,NA,NA,NA,NA,NA
4184,507.128537,507.127529619034,507.127301455551,4682207,NA,205533.2,22.4,-1,0.449913625416312,0.963937081136261,0,0.578362248681756,7,1.45,0.65,"P1 O13","de-protonated",0,NA,"C20 H29 O13 P1",20,29,13,NA,1,NA,NA,NA,NA,NA,NA
4185,507.151633,507.150625557483,507.150799805313,19550692,NA,203156.2,100.36,-1,-0.343581889586784,0.985379509170754,0.980666547096981,0.983494324341245,11,1.16666666666667,0.5,"O12","de-protonated",0,NA,"C24 H28 O12",24,28,12,NA,NA,NA,NA,NA,NA,NA,NA
4186,507.164814,507.163806522356,507.163554023154,5622248,NA,209506.8,27.33,-1,0.497865432760478,0.478010364120612,0.741475186234394,0.583396292966125,19,0.875,0.125,"S1 O4","de-protonated",0,NA,"C32 H28 O4 S1",32,28,4,NA,NA,1,NA,NA,NA,NA,NA
4188,507.188058,507.187050460411,507.187185314698,12583406,NA,195273.3,63.83,-1,-0.265886620064677,0.991291430084456,0.987512922215424,0.989780026936843,10,1.28,0.44,"O11","de-protonated",0,NA,"C25 H32 O11",25,32,11,NA,NA,NA,NA,NA,NA,NA,NA
4189,507.201057,507.200049425769,507.199939532538,3764721.5,NA,219990.2,17.59,-1,0.216666490761278,0.495759090690391,0.73553288925895,0.591668610117815,18,0.96969696969697,0.0909090909090909,"S1 O3","de-protonated",0,NA,"C33 H32 O3 S1",33,32,3,NA,NA,1,NA,NA,NA,NA,NA
4190,507.216618,507.215610384299,507.215525320097,3254773.5,NA,201189.6,14.91,-1,0.167708199357258,0.994909567356387,0,0.596945740413832,1,2.25,0.875,"N4 O14","de-protonated",0,NA,"C16 H36 O14 N4",16,36,14,4,NA,NA,NA,NA,NA,NA,NA
4191,507.224673,507.223665362833,507.223570824082,5226999.5,NA,213909.5,25.26,-1,0.186384774309882,0.496858213635582,0.779247987650237,0.609814123241444,9,1.38461538461538,0.384615384615385,"O10","de-protonated",0,NA,"C26 H36 O10",26,36,10,NA,NA,NA,NA,NA,NA,NA,NA
4192,507.237716,507.236708328073,507.236457983704,3115515,NA,226109.6,14.18,-1,0.49354569337898,0.956763920577539,0,0.574058352346523,4,1.78260869565217,0.434782608695652,"P1 O10","de-protonated",0,NA,"C23 H41 O10 P1",23,41,10,NA,1,NA,NA,NA,NA,NA,NA
4194,507.25315,507.252142286942,507.251910829481,2120191,NA,174473.9,8.97,-1,0.456296873267364,0.962925861686493,0,0.577755517011896,0,2.35294117647059,0.764705882352941,"N4 O13","de-protonated",0,NA,"C17 H40 O13 N4",17,40,13,4,NA,NA,NA,NA,NA,NA,NA
4195,507.274032,507.273024231292,507.272843493088,1816068.3,NA,223772.1,7.37,-1,0.356293867887875,0.977229197215547,0,0.586337518329328,3,1.875,0.375,"P1 O9","de-protonated",0,NA,"C24 H45 O9 P1",24,45,9,NA,1,NA,NA,NA,NA,NA,NA
4198,508.074175,508.073165098922,508.073277758738,2658001.3,NA,167227.4,11.78,-1,-0.221739304777003,0.991118151793468,0,0.594670891076081,13,0.904761904761905,0.666666666666667,"N1 O14","de-protonated",0,NA,"C21 H19 O14 N1",21,19,14,1,NA,NA,NA,NA,NA,NA,NA
4199,508.110566,508.109556001941,508.109663268122,4254426.5,NA,177016.6,20.15,-1,-0.211108327507945,0.991946034507025,0,0.595167620704215,12,1.04545454545455,0.590909090909091,"N1 O13","de-protonated",0,NA,"C22 H23 O13 N1",22,23,13,1,NA,NA,NA,NA,NA,NA,NA
4201,508.147131,508.146120904496,508.146048777506,4451044,NA,203685,21.19,-1,0.141941454732782,0.498175479489679,0.799615297578637,0.618751406725262,11,1.17391304347826,0.521739130434783,"N1 O12","de-protonated",0,NA,"C23 H27 O12 N1",23,27,12,1,NA,NA,NA,NA,NA,NA,NA
4203,508.183544,508.182533807456,508.182434286891,3452653,NA,183869.2,15.95,-1,0.195836294692906,0.993065263448268,0,0.595839158068961,10,1.29166666666667,0.458333333333333,"N1 O11","de-protonated",0,NA,"C24 H31 O11 N1",24,31,11,1,NA,NA,NA,NA,NA,NA,NA
4205,508.196538,508.195527772827,508.195321446513,13386480,NA,200241.8,68.03,-1,0.405998058943098,0.485266929068293,0.813795485951173,0.616678351821445,5,1.71428571428571,0.523809523809524,"N1 P1 O11","de-protonated",0,NA,"C21 H36 O11 N1 P1",21,36,11,1,1,NA,NA,NA,NA,NA,NA
4209,509.05837,509.057357476057,509.057293341639,7363531,NA,185626.7,36.45,-1,0.125986641392967,0.498562037432835,0.813795485951173,0.62465541684017,13,0.857142857142857,0.714285714285714,"O15","de-protonated",0,NA,"C21 H18 O15",21,18,15,NA,NA,NA,NA,NA,NA,NA,NA
4210,509.094684,509.093671379281,509.093678851023,15967188,NA,197640.4,81.56,-1,-0.0146765560725481,0.992705044251846,0.974493212637106,0.98542031160595,12,1,0.636363636363636,"O14","de-protonated",0,NA,"C22 H22 O14",22,22,14,NA,NA,NA,NA,NA,NA,NA,NA
4211,509.122976,509.121963303883,509.12182215193,9481179,NA,164983.3,47.56,-1,0.277245930684823,0.980948949619992,0.785869866154808,0.902917316233918,11,1.17391304347826,0.478260869565217,"P1 O11","de-protonated",0,NA,"C23 H27 O11 P1",23,27,11,NA,1,NA,NA,NA,NA,NA,NA
4212,509.131024,509.130011282435,509.130064360407,22373342,NA,199095,115.15,-1,-0.104252283286985,0.998768559668308,0.995349959154565,0.997401119462811,11,1.1304347826087,0.565217391304348,"O13","de-protonated",0,NA,"C23 H26 O13",23,26,13,NA,NA,NA,NA,NA,NA,NA,NA
4213,509.159364,509.15835120691,509.158207661314,8786916,NA,196247.5,43.92,-1,0.281927293946574,0.974575975391097,0.850243996505246,0.924843183836757,10,1.29166666666667,0.416666666666667,"P1 O10","de-protonated",0,NA,"C24 H31 O10 P1",24,31,10,NA,1,NA,NA,NA,NA,NA,NA
4214,509.167386,509.166373185531,509.166449869791,20083686,NA,200142.7,103.15,-1,-0.150607449233574,0.997234931296763,0.986890386680645,0.993097113450315,10,1.25,0.5,"O12","de-protonated",0,NA,"C24 H30 O12",24,30,12,NA,NA,NA,NA,NA,NA,NA,NA
4216,509.195851,509.194838109672,509.194593170698,8397806,NA,193241,41.88,-1,0.481032158106557,0.970985250164039,0.914167585745416,0.94825818439659,9,1.4,0.36,"P1 O9","de-protonated",0,NA,"C25 H35 O9 P1",25,35,9,NA,1,NA,NA,NA,NA,NA,NA
4217,509.200188,509.199175098114,509.199301884553,2767342.5,NA,216510.2,12.36,-1,-0.248991777199984,0.988813779311295,0,0.593288267586777,9,1.52173913043478,0.217391304347826,"N4 S1 P1 O5","de-protonated",0,NA,"C23 H35 O5 S1 N4 P1",23,35,5,4,1,1,NA,NA,NA,NA,NA
4218,509.203846,509.202833088366,509.202835379176,8995824,NA,201288.6,45.01,-1,-0.00449881618942364,0.999155222979263,0.99303171682766,0.996705820518622,9,1.36,0.44,"O11","de-protonated",0,NA,"C25 H34 O11",25,34,11,NA,NA,NA,NA,NA,NA,NA,NA
4219,509.21682,509.21580705379,509.215589597016,2355698.8,NA,213569.8,10.2,-1,0.427042648666038,0.96745151737563,0,0.580470910425378,17,1.03030303030303,0.0909090909090909,"S1 O3","de-protonated",0,NA,"C33 H34 O3 S1",33,34,3,NA,NA,1,NA,NA,NA,NA,NA
4220,509.232413,509.231400012235,509.231175384575,3824630.8,NA,206317.9,17.9,-1,0.441111367942367,0.965309844025716,0,0.57918590641543,0,2.375,0.875,"N4 O14","de-protonated",0,NA,"C16 H38 O14 N4",16,38,14,4,NA,NA,NA,NA,NA,NA,NA
4221,509.24018,509.239166991536,509.23922088856,3001336.8,NA,214803,13.58,-1,-0.105838320367273,0.997969521383966,0,0.59878171283038,8,1.46153846153846,0.384615384615385,"O10","de-protonated",0,NA,"C26 H38 O10",26,38,10,NA,NA,NA,NA,NA,NA,NA,NA
4223,509.253313,509.252299956537,509.252108048182,2899964,NA,207509.1,13.05,-1,0.376843516071585,0.974561438492224,0,0.584736863095335,3,1.8695652173913,0.434782608695652,"P1 O10","de-protonated",0,NA,"C23 H43 O10 P1",23,43,10,NA,1,NA,NA,NA,NA,NA,NA
4224,509.268467,509.267453916152,509.267364189467,1899007.8,NA,223974.4,7.8,-1,0.176187777104287,0.994383278875599,0,0.596629967325359,7,1.59259259259259,0.259259259259259,"P1 O7","de-protonated",0,NA,"C27 H43 O7 P1",27,43,7,NA,1,NA,NA,NA,NA,NA,NA
4228,510.08998,510.088964726832,510.088927823216,3471565.8,NA,197450.4,16.05,-1,0.0723474161237555,0.999050721459199,0,0.59943043287552,12,1,0.666666666666667,"N1 O14","de-protonated",0,NA,"C21 H21 O14 N1",21,21,14,1,NA,NA,NA,NA,NA,NA,NA
4238,510.211953,510.210937401775,510.210838569209,2138348,NA,274931,9.06,-1,0.193709264585761,0.993214575946307,0,0.595928745567784,17,1.03125,0.09375,"N1 S1 O3","de-protonated",0,NA,"C32 H33 O3 S1 N1",32,33,3,1,NA,1,NA,NA,NA,NA,NA
4241,511.016729,511.015711257059,511.015917786003,1905075.5,NA,226484.4,7.83,-1,-0.40415364149248,0.970797035763312,0,0.582478221457987,22,0.5,0.230769230769231,"N2 S1 P1 O6","de-protonated",0,NA,"C26 H13 O6 S1 N2 P1",26,13,6,2,1,1,NA,NA,NA,NA,NA
4242,511.037687,511.036669201206,511.036557896732,2617784.8,NA,217571.3,11.57,-1,0.217801393064748,0.991429475739703,0,0.594857685443822,13,0.8,0.8,"O16","de-protonated",0,NA,"C20 H16 O16",20,16,16,NA,NA,NA,NA,NA,NA,NA,NA
4243,511.074034,511.073016104342,511.072943406117,10751426,NA,198213.3,54.22,-1,0.142246281285462,0.994497163638553,0.996439818013011,0.995274225388336,12,0.952380952380952,0.714285714285714,"O15","de-protonated",0,NA,"C21 H20 O15",21,20,15,NA,NA,NA,NA,NA,NA,NA,NA
4245,511.110427,511.109409007355,511.109328915501,16041419,NA,146060.8,81.95,-1,0.156702000971942,0.993577344838314,0.971952458200506,0.984927390183191,11,1.09090909090909,0.636363636363636,"O14","de-protonated",0,NA,"C22 H24 O14",22,24,14,NA,NA,NA,NA,NA,NA,NA,NA
4246,511.138678,511.137659932067,511.137472216408,31876562,NA,196105.1,164.98,-1,0.367250826744076,0.98431194673235,0.945944151588102,0.968964828674651,10,1.26086956521739,0.478260869565217,"P1 O11","de-protonated",0,NA,"C23 H29 O11 P1",23,29,11,NA,1,NA,NA,NA,NA,NA,NA
4247,511.146678,511.145659910747,511.145714424885,21194196,NA,198179.3,108.97,-1,-0.106650875734257,0.998033899556075,0.985368797199361,0.99296785861339,10,1.21739130434783,0.565217391304348,"O13","de-protonated",0,NA,"C23 H28 O13",23,28,13,NA,NA,NA,NA,NA,NA,NA,NA
4248,511.174962,511.173943835371,511.17372478401,12105179,NA,191475,61.31,-1,0.42852625150132,0.483614361128634,0.723929522638802,0.579740425732701,22,0.8,0.0571428571428571,"S1 O2","de-protonated",0,NA,"C35 H28 O2 S1",35,28,2,NA,NA,1,NA,NA,NA,NA,NA
4249,511.182955,511.181936814069,511.182099934269,12084701,NA,202146.2,61.21,-1,-0.319103896786849,0.990673570238686,0.970144038259296,0.98246175744693,9,1.33333333333333,0.5,"O12","de-protonated",0,NA,"C24 H32 O12",24,32,12,NA,NA,NA,NA,NA,NA,NA,NA
4250,511.192647,511.19162878824,511.19148284874,2792927,NA,213779.9,12.49,-1,0.285488912462483,0.492660018926237,0.723929522638802,0.585167820411263,22,0.8,0.114285714285714,"O4","de-protonated",0,NA,"C35 H28 O4",35,28,4,NA,NA,NA,NA,NA,NA,NA,NA
4251,511.211318,511.210299738482,511.210110293395,7165411.5,NA,192716.1,35.41,-1,0.370581652992323,0.97734171577534,0.987089801284525,0.981240949979014,21,0.888888888888889,0.0277777777777778,"S1 O1","de-protonated",0,NA,"C36 H32 O1 S1",36,32,1,NA,NA,1,NA,NA,NA,NA,NA
4252,511.219442,511.218423716832,511.218485443654,4575717.5,NA,206225.5,21.84,-1,-0.120744502592732,0.498679056460548,0.785920818505338,0.613575761278464,8,1.44,0.44,"O11","de-protonated",0,NA,"C25 H36 O11",25,36,11,NA,NA,NA,NA,NA,NA,NA,NA
4253,511.232484,511.231465682075,511.231239661494,1943016.8,NA,177499.9,8.03,-1,0.442110269350498,0.965155326364016,0,0.579093195818409,16,1.09090909090909,0.0909090909090909,"S1 O3","de-protonated",0,NA,"C33 H36 O3 S1",33,36,3,NA,NA,1,NA,NA,NA,NA,NA
4255,511.272102,511.271083576494,511.270996474248,5463538.5,NA,211052,26.49,-1,0.170364143594294,0.497373743449494,0.747514279669976,0.597429957937686,10,1.41935483870968,0.0645161290322581,"S2 O2","de-protonated",0,NA,"C31 H44 O2 S2",31,44,2,NA,NA,2,NA,NA,NA,NA,NA
4259,512.085008,512.083987410111,512.083937776965,1791417.5,NA,152701.6,7.24,-1,0.0969238495569056,0.998296880789805,0,0.598978128473883,20,0.740740740740741,0.148148148148148,"N3 S1 P1 O4","de-protonated",0,NA,"C27 H20 O4 S1 N3 P1",27,20,4,3,1,1,NA,NA,NA,NA,NA
4260,512.105644,512.104623355117,512.104577887694,4079294.5,NA,148976.1,19.23,-1,0.0887854255325602,0.998570689337717,0,0.59914241360263,11,1.0952380952381,0.666666666666667,"N1 O14","de-protonated",0,NA,"C21 H23 O14 N1",21,23,14,1,NA,NA,NA,NA,NA,NA,NA
4268,513.032068,513.03104488621,513.031078593111,3021727,NA,204035.4,13.64,-1,-0.0657014788915801,0.999217049964823,0,0.599530229978894,17,0.608695652173913,0.608695652173913,"O14","de-protonated",0,NA,"C23 H14 O14",23,14,14,NA,NA,NA,NA,NA,NA,NA,NA
4269,513.053185,513.052161829934,513.05220796121,3603364.3,NA,199961.8,16.68,-1,-0.0899153646223132,0.998534104073777,0,0.599120462444266,12,0.9,0.8,"O16","de-protonated",0,NA,"C20 H18 O16",20,18,16,NA,NA,NA,NA,NA,NA,NA,NA
4270,513.081567,513.080543754296,513.080351262117,4339627,NA,168638.2,20.53,-1,0.375169656331124,0.974784054895011,0,0.584870432937007,11,1.0952380952381,0.619047619047619,"P1 O13","de-protonated",0,NA,"C21 H23 O13 P1",21,23,13,NA,1,NA,NA,NA,NA,NA,NA
4271,513.089599,513.088575732891,513.088593470595,10880941,NA,200904.1,54.72,-1,-0.0345704498741094,0.996589121217664,0.992966388178463,0.995140028001984,11,1.04761904761905,0.714285714285714,"O15","de-protonated",0,NA,"C21 H22 O15",21,22,15,NA,NA,NA,NA,NA,NA,NA,NA
4274,513.125991,513.124967635907,513.124978979979,16603062,NA,202736.9,84.63,-1,-0.0221078146664919,0.990491026289922,0.99495161658359,0.992275262407389,10,1.18181818181818,0.636363636363636,"O14","de-protonated",0,NA,"C22 H26 O14",22,26,14,NA,NA,NA,NA,NA,NA,NA,NA
4275,513.135634,513.134610610208,513.134361894449,10160056,NA,207123.6,50.96,-1,0.484699091833113,0.971347908685355,0.949020328660659,0.962416876675476,23,0.666666666666667,0.181818181818182,"O6","de-protonated",0,NA,"C33 H22 O6",33,22,6,NA,NA,NA,NA,NA,NA,NA,NA
4276,513.141065,513.140041595735,513.140235121264,4256697.5,NA,206466.8,20.1,-1,-0.377139650355959,0.487260977998399,0.779247987650237,0.604055781859134,14,1,0.423076923076923,"O11","de-protonated",0,NA,"C26 H26 O11",26,26,11,NA,NA,NA,NA,NA,NA,NA,NA
4277,513.154378,513.153354560256,513.153122280886,16181181,NA,195018.7,82.43,-1,0.452651187687598,0.981701188232883,0.98056907044691,0.981248341118494,9,1.34782608695652,0.478260869565217,"P1 O11","de-protonated",0,NA,"C23 H31 O11 P1",23,31,11,NA,1,NA,NA,NA,NA,NA,NA
4278,513.162395,513.161371538891,513.161364489363,12330942,NA,201590.7,62.3,-1,0.0137374481810316,0.999664588964381,0.960958972117023,0.984182342225438,9,1.30434782608696,0.565217391304348,"O13","de-protonated",0,NA,"C23 H30 O13",23,30,13,NA,NA,NA,NA,NA,NA,NA,NA
4280,513.190651,513.189627463589,513.189374848488,11073477,NA,194007.9,55.73,-1,0.492245383287419,0.478493238707243,0.723929522638802,0.576667752279867,21,0.857142857142857,0.0571428571428571,"S1 O2","de-protonated",0,NA,"C35 H30 O2 S1",35,30,2,NA,NA,1,NA,NA,NA,NA,NA
4281,513.198587,513.19756344244,513.197749998747,5511111,NA,212142.4,26.66,-1,-0.363517392209261,0.488153829674713,0.792708917554682,0.609975864826701,8,1.41666666666667,0.5,"O12","de-protonated",0,NA,"C24 H34 O12",24,34,12,NA,NA,NA,NA,NA,NA,NA,NA
4282,513.208149,513.207125416957,513.207132913218,2421705.5,NA,191164.9,10.51,-1,-0.0146066963675578,0.999961287659856,0,0.599976772595914,21,0.857142857142857,0.114285714285714,"O4","de-protonated",0,NA,"C35 H30 O4",35,30,4,NA,NA,NA,NA,NA,NA,NA,NA
4283,513.22702,513.225996366666,513.225760357873,5161934,NA,196647.6,24.83,-1,0.459853755699142,0.963581863675681,0.974113758826287,0.967794621735923,20,0.944444444444444,0.0277777777777778,"S1 O1","de-protonated",0,NA,"C36 H34 O1 S1",36,34,1,NA,NA,1,NA,NA,NA,NA,NA
4284,513.235049,513.234025345269,513.234135508132,2678224,NA,217096.1,11.85,-1,-0.214644457964139,0.991675097497495,0,0.595005058498497,7,1.52,0.44,"O11","de-protonated",0,NA,"C25 H38 O11",25,38,11,NA,NA,NA,NA,NA,NA,NA,NA
4285,513.269275,513.268251254057,513.268019094072,3071960,NA,176643.5,13.91,-1,0.452317263174032,0.963557850180457,0,0.578134710108274,10,1.4,0.166666666666667,"S1 O5","de-protonated",0,NA,"C30 H42 O5 S1",30,42,5,NA,NA,1,NA,NA,NA,NA,NA
4287,514.084847,514.08382108057,514.083842442788,2463899,NA,196353.3,10.73,-1,-0.0415539570747798,0.999686735942623,0,0.599812041565574,11,1.05,0.75,"N1 O15","de-protonated",0,NA,"C20 H21 O15 N1",20,21,15,1,NA,NA,NA,NA,NA,NA,NA
4289,514.100459,514.099433038964,514.099587841443,2052766.9,NA,176235.9,8.58,-1,-0.301113796835009,0.983682727773445,0,0.590209636664067,19,0.814814814814815,0.148148148148148,"N3 S1 P1 O4","de-protonated",0,NA,"C27 H22 O4 S1 N3 P1",27,22,4,3,1,1,NA,NA,NA,NA,NA
4290,514.121334,514.120307983333,514.120227952172,4553892,NA,214584.1,21.65,-1,0.155666235885905,0.995612791646798,0,0.597367674988079,10,1.19047619047619,0.666666666666667,"N1 O14","de-protonated",0,NA,"C21 H25 O14 N1",21,25,14,1,NA,NA,NA,NA,NA,NA,NA
4297,514.285321,514.284294546309,514.284397434364,1980106.8,NA,223777.9,8.2,-1,-0.200060618400762,0.992763959354335,0,0.595658375612601,5,1.73076923076923,0.269230769230769,"N1 S1 O7","de-protonated",0,NA,"C26 H45 O7 S1 N1",26,45,7,1,NA,1,NA,NA,NA,NA,NA
4299,515.04794,515.046911513941,515.046728657589,3671422.8,NA,182849,17.04,-1,0.355028664296881,0.977388789798728,0,0.586433273879237,16,0.695652173913043,0.608695652173913,"O14","de-protonated",0,NA,"C23 H16 O14",23,16,14,NA,NA,NA,NA,NA,NA,NA,NA
4300,515.060749,515.059720479805,515.059482875429,2415490,NA,182079.4,10.47,-1,0.461314438283069,0.962121748749215,0,0.577273049249529,24,0.516129032258065,0.193548387096774,"S1 O6","de-protonated",0,NA,"C31 H16 O6 S1",31,16,6,NA,NA,1,NA,NA,NA,NA,NA
4301,515.068746,515.067717458493,515.067858025688,4105603.8,NA,212135.4,19.31,-1,-0.272910049978257,0.986576628718633,0,0.59194597723118,11,1,0.8,"O16","de-protonated",0,NA,"C20 H20 O16",20,20,16,NA,NA,NA,NA,NA,NA,NA,NA
4302,515.084015,515.082986417802,515.083114166973,4751751.5,NA,180353.7,22.68,-1,-0.248016616871995,0.494450370421721,0.792708917554682,0.613753789274906,15,0.833333333333333,0.541666666666667,"O13","de-protonated",0,NA,"C24 H20 O13",24,20,13,NA,NA,NA,NA,NA,NA,NA,NA
4303,515.097108,515.096079382909,515.095868384814,7502218.5,NA,195711,37.06,-1,0.409628786609048,0.983720077040673,0.958867063418027,0.973778871591615,23,0.625,0.15625,"S1 O5","de-protonated",0,NA,"C32 H20 O5 S1",32,20,5,NA,NA,1,NA,NA,NA,NA,NA
4304,515.105165,515.104136361437,515.104243535073,7819660.5,NA,205179.6,38.72,-1,-0.208062031275853,0.496087944999373,0.813795485951173,0.623170961380093,10,1.14285714285714,0.714285714285714,"O15","de-protonated",0,NA,"C21 H24 O15",21,24,15,NA,NA,NA,NA,NA,NA,NA,NA
4305,515.114473,515.113444336632,515.113626449543,3452302.5,NA,188807.2,15.89,-1,-0.35353930089225,0.48878798177734,0.741475186234394,0.589862863560162,23,0.625,0.21875,"O7","de-protonated",0,NA,"C32 H20 O7",32,20,7,NA,NA,NA,NA,NA,NA,NA,NA
4306,515.12039,515.119361320863,515.119499676357,5428624,NA,187602.6,26.22,-1,-0.26858912274669,0.493497784246451,0.785920818505338,0.610466997950006,14,0.96,0.48,"O12","de-protonated",0,NA,"C25 H24 O12",25,24,12,NA,NA,NA,NA,NA,NA,NA,NA
4307,515.133572,515.132543285733,515.132386835979,14018963,NA,201723.4,71.12,-1,0.303707857413099,0.988704957008658,0.975396299814843,0.983381494131132,9,1.31818181818182,0.545454545454545,"P1 O12","de-protonated",0,NA,"C22 H29 O12 P1",22,29,12,NA,1,NA,NA,NA,NA,NA,NA
4308,515.141527,515.140498264533,515.140629044457,7758229,NA,209117.6,38.4,-1,-0.253872275657788,0.494186771219895,0.806643077274283,0.61916929364165,9,1.27272727272727,0.636363636363636,"O14","de-protonated",0,NA,"C22 H28 O14",22,28,14,NA,NA,NA,NA,NA,NA,NA,NA
4309,515.151277,515.150248238549,515.150011958927,4801943,NA,200482.8,22.95,-1,0.45866178142458,0.481273937207719,0.73553288925895,0.582977518028211,22,0.727272727272727,0.181818181818182,"O6","de-protonated",0,NA,"C33 H24 O6",33,24,6,NA,NA,NA,NA,NA,NA,NA,NA
4310,515.15701,515.155981223271,515.155885185742,5222808.5,NA,195094.8,25.15,-1,0.18642421065627,0.496856888169051,0.779247987650237,0.609813327961526,13,1.07692307692308,0.423076923076923,"O11","de-protonated",0,NA,"C26 H28 O11",26,28,11,NA,NA,NA,NA,NA,NA,NA,NA
4312,515.178039,515.177010167229,515.177014553841,4499869.5,NA,199968.4,21.37,-1,-0.00851476648384413,0.499993422415137,0.799615297578637,0.619842172480537,8,1.39130434782609,0.565217391304348,"O13","de-protonated",0,NA,"C23 H32 O13",23,32,13,NA,NA,NA,NA,NA,NA,NA,NA
4313,515.187655,515.186626141603,515.186397468311,3696031.8,NA,206147.4,17.17,-1,0.443865156766267,0.482441540429781,0.72968508002065,0.581338956266129,21,0.823529411764706,0.147058823529412,"O5","de-protonated",0,NA,"C34 H28 O5",34,28,5,NA,NA,NA,NA,NA,NA,NA,NA
4314,515.193376,515.192347126356,515.192270695126,3981729,NA,209073.3,18.66,-1,0.148354768645893,0.498007217234177,0.772687513667176,0.607879335807377,12,1.18518518518519,0.37037037037037,"O10","de-protonated",0,NA,"C27 H32 O10",27,32,10,NA,NA,NA,NA,NA,NA,NA,NA
4315,515.206429,515.20540009157,515.205157854748,7887268,NA,190276.6,39.07,-1,0.470175459890439,0.979411554182695,0.895617851573511,0.945894073139021,7,1.54166666666667,0.416666666666667,"P1 O10","de-protonated",0,NA,"C24 H37 O10 P1",24,37,10,NA,1,NA,NA,NA,NA,NA,NA
4316,515.214355,515.213326070447,515.213400063225,3177894,NA,216906.3,14.46,-1,-0.143615787092122,0.996264525462843,0,0.597758715277706,7,1.5,0.5,"O12","de-protonated",0,NA,"C24 H36 O12",24,36,12,NA,NA,NA,NA,NA,NA,NA,NA
4317,515.229669,515.228640029636,515.22865620451,2002857.5,NA,188929.8,8.32,-1,-0.0313935848414764,0.999821187935147,0,0.599892712761088,11,1.28571428571429,0.321428571428571,"O9","de-protonated",0,NA,"C28 H36 O9",28,36,9,NA,NA,NA,NA,NA,NA,NA,NA
4321,516.115777,516.114745668171,516.11474864855,2615416.3,NA,167201.9,11.52,-1,-0.00577464480009859,0.999993949335592,0,0.599996369601355,14,0.958333333333333,0.5,"N1 O12","de-protonated",0,NA,"C24 H23 O12 N1",24,23,12,1,NA,NA,NA,NA,NA,NA,NA
4323,516.152086,516.151054571408,516.151134157935,2310272.5,NA,192219.9,9.92,-1,-0.154192292335257,0.995695301648499,0,0.597417180989099,13,1.08,0.44,"N1 O11","de-protonated",0,NA,"C25 H27 O11 N1",25,27,11,1,NA,NA,NA,NA,NA,NA,NA
4324,516.17346,516.172428514447,516.172263526034,4351621.5,NA,212409.7,20.59,-1,0.319638276365063,0.981632415228641,0,0.588979449137185,8,1.40909090909091,0.590909090909091,"N1 O13","de-protonated",0,NA,"C22 H31 O13 N1",22,31,13,1,NA,NA,NA,NA,NA,NA,NA
4327,517.026975,517.025941239842,517.025993212683,2159946.3,NA,162874.7,9.13,-1,-0.10052268444446,0.998168175326701,0,0.598900905196021,16,0.636363636363636,0.681818181818182,"O15","de-protonated",0,NA,"C22 H14 O15",22,14,15,NA,NA,NA,NA,NA,NA,NA,NA
4328,517.063391,517.062357142794,517.062378722067,5946194.5,NA,184172.9,28.92,-1,-0.0417343710167371,0.499842005142174,0.799615297578637,0.619751322116759,15,0.782608695652174,0.608695652173913,"O14","de-protonated",0,NA,"C23 H18 O14",23,18,14,NA,NA,NA,NA,NA,NA,NA,NA
4330,517.084651,517.083617086136,517.083508090166,3026775.5,NA,213723.9,13.66,-1,0.210789878544064,0.991970216644535,0,0.595182129986721,10,1.1,0.8,"O16","de-protonated",0,NA,"C20 H22 O16",20,22,16,NA,NA,NA,NA,NA,NA,NA,NA
4331,517.094174,517.093140060757,517.092891004637,2910041.5,NA,194499,13.05,-1,0.481646770043985,0.958780493357912,0,0.575268296014747,23,0.580645161290323,0.258064516129032,"O8","de-protonated",0,NA,"C31 H18 O8",31,18,8,NA,NA,NA,NA,NA,NA,NA,NA
4332,517.099871,517.098837045575,517.098764231451,6978395,NA,199871.2,34.32,-1,0.140812798094001,0.498204327757159,0.792708917554682,0.616006163676168,14,0.916666666666667,0.541666666666667,"O13","de-protonated",0,NA,"C24 H22 O13",24,22,13,NA,NA,NA,NA,NA,NA,NA,NA
4333,517.112942,517.111908010741,517.111651391073,9390942,NA,209225.1,46.93,-1,0.496255822489405,0.978083985027907,0.909976090914136,0.950840827382399,9,1.28571428571429,0.619047619047619,"P1 O13","de-protonated",0,NA,"C21 H27 O13 P1",21,27,13,NA,1,NA,NA,NA,NA,NA,NA
4334,517.120934,517.119899989443,517.119893599551,4106079.8,NA,206666.5,19.31,-1,0.0123566933505439,0.999972295370252,0,0.599983377222151,9,1.23809523809524,0.714285714285714,"O15","de-protonated",0,NA,"C21 H26 O15",21,26,15,NA,NA,NA,NA,NA,NA,NA,NA
4335,517.130401,517.129366964213,517.129276514021,4217698,NA,173498.8,19.89,-1,0.174908279717878,0.497232167953678,0.741475186234394,0.594929375265964,22,0.6875,0.21875,"O7","de-protonated",0,NA,"C32 H22 O7",32,22,7,NA,NA,NA,NA,NA,NA,NA,NA
4336,517.136114,517.135079948988,517.135149740835,8409955,NA,192892.2,41.8,-1,-0.134958622629915,0.498350289797982,0.785920818505338,0.613378501280924,13,1.04,0.48,"O12","de-protonated",0,NA,"C25 H26 O12",25,26,12,NA,NA,NA,NA,NA,NA,NA,NA
4337,517.14922,517.148185914061,517.148036900457,12098406,NA,205978.9,61.08,-1,0.288144965550374,0.991969743671498,0.966533402489538,0.981795207198714,8,1.40909090909091,0.545454545454545,"P1 O12","de-protonated",0,NA,"C22 H31 O12 P1",22,31,12,NA,1,NA,NA,NA,NA,NA,NA
4338,517.16669,517.165655867503,517.165662023405,4245354,NA,183324,20.03,-1,-0.0119031528593095,0.499987145882317,0.73553288925895,0.59420544323297,21,0.787878787878788,0.181818181818182,"O6","de-protonated",0,NA,"C33 H26 O6",33,26,6,NA,NA,NA,NA,NA,NA,NA,NA
4339,517.172451,517.17141685215,517.17153525022,7920491.5,NA,188918.2,39.24,-1,-0.22893384751392,0.984090455485801,0.990172940410788,0.986523449455796,12,1.15384615384615,0.423076923076923,"O11","de-protonated",0,NA,"C26 H30 O11",26,30,11,NA,NA,NA,NA,NA,NA,NA,NA
4340,517.185612,517.184577817077,517.184422409842,8149870.5,NA,204525.3,40.44,-1,0.300487075780103,0.975801300054004,0.963645778288191,0.970939091347679,7,1.52173913043478,0.478260869565217,"P1 O11","de-protonated",0,NA,"C23 H35 O11 P1",23,35,11,NA,1,NA,NA,NA,NA,NA,NA
4341,517.203209,517.202174770181,517.202047532789,3405682.5,NA,159381.9,15.65,-1,0.246010996925115,0.494539273221882,0.72968508002065,0.588597595941389,20,0.882352941176471,0.147058823529412,"O5","de-protonated",0,NA,"C34 H30 O5",34,30,5,NA,NA,NA,NA,NA,NA,NA,NA
4342,517.208937,517.207902754916,517.207920759604,4830068,NA,203720.6,23.09,-1,-0.0348113158429831,0.499890069813344,0.772687513667176,0.609009047354877,11,1.25925925925926,0.37037037037037,"O10","de-protonated",0,NA,"C27 H34 O10",27,34,10,NA,NA,NA,NA,NA,NA,NA,NA
4343,517.222075,517.221040719903,517.220807919226,4747127,NA,195181.1,22.66,-1,0.45009921002706,0.96074340742808,0.933181492348504,0.94971864139625,6,1.625,0.416666666666667,"P1 O10","de-protonated",0,NA,"C24 H39 O10 P1",24,39,10,NA,1,NA,NA,NA,NA,NA,NA
4344,517.245463,517.244428657574,517.244306268988,2655100.3,NA,206833.7,11.72,-1,0.236616594121603,0.98989258427868,0,0.593935550567208,10,1.35714285714286,0.321428571428571,"O9","de-protonated",0,NA,"C28 H38 O9",28,38,9,NA,NA,NA,NA,NA,NA,NA,NA
4345,517.258396,517.257361623108,517.25719342861,1886591.1,NA,201549.3,7.7,-1,0.325166087580374,0.980997751822526,0,0.588598651093516,5,1.72,0.36,"P1 O9","de-protonated",0,NA,"C25 H43 O9 P1",25,43,9,NA,1,NA,NA,NA,NA,NA,NA
4347,518.058726,518.05768949024,518.05762769426,2166837,NA,195951.1,9.17,-1,0.119283989510509,0.997421556403593,0,0.598452933842156,15,0.772727272727273,0.636363636363636,"N1 O14","de-protonated",0,NA,"C22 H17 O14 N1",22,17,14,1,NA,NA,NA,NA,NA,NA,NA
4348,518.094925,518.093888393771,518.094013203644,3112509.3,NA,190975.1,14.11,-1,-0.240901979706761,0.989525097730565,0,0.593715058638339,14,0.91304347826087,0.565217391304348,"N1 O13","de-protonated",0,NA,"C23 H21 O13 N1",23,21,13,1,NA,NA,NA,NA,NA,NA,NA
4350,518.131307,518.130270296813,518.130398713028,2633285.3,NA,187415.4,11.61,-1,-0.24784535990704,0.988915978526182,0,0.593349587115709,13,1.04166666666667,0.5,"N1 O12","de-protonated",0,NA,"C24 H25 O12 N1",24,25,12,1,NA,NA,NA,NA,NA,NA,NA
4351,518.139277,518.138240275573,518.138282025761,2541127.3,NA,177317.5,11.13,-1,-0.0805773084844956,0.998822601313266,0,0.599293560787959,16,1.03448275862069,0.0689655172413793,"N1 S2 P1 O2","de-protonated",0,NA,"C29 H30 O2 S2 N1 P1",29,30,2,1,1,2,NA,NA,NA,NA,NA
4353,518.1678,518.16676319956,518.166784222413,3025997.5,NA,167553.2,13.66,-1,-0.0405715946038739,0.999701370210473,0,0.599820822126284,12,1.16,0.44,"N1 O11","de-protonated",0,NA,"C25 H29 O11 N1",25,29,11,1,NA,NA,NA,NA,NA,NA,NA
4357,519.042815,519.041775867658,519.041643277161,4491538,NA,204407.4,21.32,-1,0.25545252272335,0.494114605151351,0.806643077274283,0.619125994000524,15,0.727272727272727,0.681818181818182,"O15","de-protonated",0,NA,"C22 H16 O15",22,16,15,NA,NA,NA,NA,NA,NA,NA,NA
4358,519.079021,519.077981771169,519.078028786545,7683354,NA,199269.6,38,-1,-0.0905747748200773,0.499256270239029,0.799615297578637,0.619399881174872,14,0.869565217391304,0.608695652173913,"O14","de-protonated",0,NA,"C23 H20 O14",23,20,14,NA,NA,NA,NA,NA,NA,NA,NA
4359,519.09221,519.091170736021,519.090915946167,4490525,NA,206902.1,21.31,-1,0.49083859165745,0.95722665612812,0,0.574335993676872,9,1.25,0.7,"P1 O14","de-protonated",0,NA,"C20 H25 O14 P1",20,25,14,NA,1,NA,NA,NA,NA,NA,NA
4360,519.109513,519.108473689909,519.108541069115,3791136.8,NA,167576.3,17.66,-1,-0.129797914499651,0.498473855621893,0.747514279669976,0.598090025241126,22,0.645161290322581,0.258064516129032,"O8","de-protonated",0,NA,"C31 H20 O8",31,20,8,NA,NA,NA,NA,NA,NA,NA,NA
4361,519.115434,519.114394674129,519.114414295929,10415394,NA,197128.9,52.28,-1,-0.0377986034268486,0.996924067693735,0.999491319967096,0.99795096860308,13,1,0.541666666666667,"O13","de-protonated",0,NA,"C24 H24 O13",24,24,13,NA,NA,NA,NA,NA,NA,NA,NA
4362,519.128577,519.127537639103,519.127301455551,7965989,NA,209512,39.48,-1,0.45496268734994,0.977329744982324,0.993285793780799,0.983712164501714,8,1.38095238095238,0.619047619047619,"P1 O13","de-protonated",0,NA,"C21 H29 O13 P1",21,29,13,NA,1,NA,NA,NA,NA,NA,NA
4363,519.14566,519.144620593577,519.144764387247,3621672.8,NA,136379.9,16.77,-1,-0.276981834634678,0.493087946273197,0.772687513667176,0.604927773230788,16,1.07407407407407,0.037037037037037,"N4 S2 P1 O1","de-protonated",0,NA,"C27 H29 O1 S2 N4 P1",27,29,1,4,1,2,NA,NA,NA,NA,NA
4364,519.151789,519.150749577244,519.150799805313,13298986,NA,189183.6,67.36,-1,-0.0967504428120607,0.987283363415645,0.992096765564702,0.989208724275268,12,1.12,0.48,"O12","de-protonated",0,NA,"C25 H28 O12",25,28,12,NA,NA,NA,NA,NA,NA,NA,NA
4365,519.164937,519.163897542204,519.163686964935,7509293,NA,207850.4,37.09,-1,0.405608624689112,0.971391208327713,0.984878629870129,0.976786176944679,7,1.5,0.545454545454545,"P1 O12","de-protonated",0,NA,"C22 H33 O12 P1",22,33,12,NA,1,NA,NA,NA,NA,NA,NA
4366,519.182332,519.181292495847,519.181312087883,3886897,NA,146252.2,18.16,-1,-0.0377364051205298,0.499870821934493,0.73553288925895,0.594135648864276,20,0.848484848484849,0.181818181818182,"O6","de-protonated",0,NA,"C33 H28 O6",33,28,6,NA,NA,NA,NA,NA,NA,NA,NA
4367,519.18827,519.187230480022,519.187185314698,9278770,NA,198743,46.34,-1,0.0869923715643706,0.990521801312812,0.980239041816691,0.986408697514364,11,1.23076923076923,0.423076923076923,"O11","de-protonated",0,NA,"C26 H32 O11",26,32,11,NA,NA,NA,NA,NA,NA,NA,NA
4368,519.201366,519.200326445122,519.20007247432,4144437.3,NA,217429,19.5,-1,0.489157870786987,0.957512779683136,0,0.574507667809882,6,1.60869565217391,0.478260869565217,"P1 O11","de-protonated",0,NA,"C23 H37 O11 P1",23,37,11,NA,1,NA,NA,NA,NA,NA,NA
4369,519.2168,519.21576040399,519.215525320097,1778744.6,NA,189646.4,7.14,-1,0.452767457842831,0.963486613257985,0,0.578091967954791,2,2.11764705882353,0.823529411764706,"N4 O14","de-protonated",0,NA,"C17 H36 O14 N4",17,36,14,4,NA,NA,NA,NA,NA,NA,NA
4370,519.22446,519.223420383577,519.223570824082,4572474.5,NA,201798.9,21.74,-1,-0.289741286558391,0.492441404954658,0.772687513667176,0.604539848439665,10,1.33333333333333,0.37037037037037,"O10","de-protonated",0,NA,"C27 H36 O10",27,36,10,NA,NA,NA,NA,NA,NA,NA,NA
4372,519.260837,519.259797286632,519.259956333466,2063170.4,NA,217381.1,8.63,-1,-0.306295203345904,0.983121145016233,0,0.58987268700974,9,1.42857142857143,0.321428571428571,"O9","de-protonated",0,NA,"C28 H40 O9",28,40,9,NA,NA,NA,NA,NA,NA,NA,NA
4373,519.321601,519.320561124697,519.320462391765,23670096,NA,197759,121.56,-1,0.190119472397629,0.980164504313597,0.980533174704289,0.980311972469873,3,1.96,0.28,"N2 P1 O7","de-protonated",0,NA,"C25 H49 O7 N2 P1",25,49,7,2,1,NA,NA,NA,NA,NA,NA
4375,520.074303,520.073261118757,520.073277758738,2740726.3,NA,200051.5,12.17,-1,-0.0319954536601685,0.999814266587406,0,0.599888559952444,14,0.863636363636364,0.636363636363636,"N1 O14","de-protonated",0,NA,"C22 H19 O14 N1",22,19,14,1,NA,NA,NA,NA,NA,NA,NA
4376,520.110835,520.1097930214,520.109663268122,3147262.3,NA,180726.5,14.29,-1,0.249472922997006,0.988770749445355,0,0.593262449667213,13,1,0.565217391304348,"N1 O13","de-protonated",0,NA,"C23 H23 O13 N1",23,23,13,1,NA,NA,NA,NA,NA,NA,NA
4379,520.147172,520.146129924563,520.146048777506,3873286.3,NA,163886.6,18.09,-1,0.156008214035712,0.995593536818224,0,0.597356122090934,12,1.125,0.5,"N1 O12","de-protonated",0,NA,"C24 H27 O12 N1",24,27,12,1,NA,NA,NA,NA,NA,NA,NA
4382,520.183844,520.182801826832,520.182923544261,2620942.5,NA,211622.3,11.54,-1,-0.233989666687734,0.990114657599072,0,0.594068794559443,15,1.14285714285714,0.107142857142857,"N3 S1 P1 O3","de-protonated",0,NA,"C28 H32 O3 S1 N3 P1",28,32,3,3,1,1,NA,NA,NA,NA,NA
4385,521.058192,521.057147496708,521.057293341639,5611213,NA,195344.5,27.17,-1,-0.279901908822302,0.492942476564316,0.806643077274283,0.618422716848303,14,0.818181818181818,0.681818181818182,"O15","de-protonated",0,NA,"C22 H18 O15",22,18,15,NA,NA,NA,NA,NA,NA,NA,NA
4386,521.094702,521.093657399409,521.093678851023,10538709,NA,193718.7,52.93,-1,-0.0411665209766978,0.990425842394031,0.997287950251324,0.993170685536948,13,0.956521739130435,0.608695652173913,"O14","de-protonated",0,NA,"C23 H22 O14",23,22,14,NA,NA,NA,NA,NA,NA,NA,NA
4388,521.131118,521.130073302361,521.130064360407,15498973,NA,197156.1,78.85,-1,0.0171587756625301,0.997259158752875,0.987773589175526,0.993464930921935,12,1.08333333333333,0.541666666666667,"O13","de-protonated",0,NA,"C24 H26 O13",24,26,13,NA,NA,NA,NA,NA,NA,NA,NA
4391,521.167548,521.166503205275,521.166449869791,14741221,NA,195614.9,74.89,-1,0.102338675203072,0.99473210381545,0.978521920634317,0.988248030542996,11,1.2,0.48,"O12","de-protonated",0,NA,"C25 H30 O12",25,30,12,NA,NA,NA,NA,NA,NA,NA,NA
4393,521.195924,521.194879129654,521.194789875191,3679978.8,NA,167966.3,17.07,-1,0.171249722635472,0.994692883763845,0,0.596815730258307,2,2.125,0.9375,"N4 O15","de-protonated",0,NA,"C16 H34 O15 N4",16,34,15,4,NA,NA,NA,NA,NA,NA,NA
4394,521.203864,521.202819108494,521.202835379176,8009452.5,NA,202742.7,39.7,-1,-0.0312175622412322,0.499911593660676,0.779247987650237,0.6116461512565,10,1.30769230769231,0.423076923076923,"O11","de-protonated",0,NA,"C26 H34 O11",26,34,11,NA,NA,NA,NA,NA,NA,NA,NA
4395,521.216808,521.215763073998,521.215589597016,3072751.3,NA,210145.5,13.9,-1,0.332831529964427,0.490050177355342,0.72968508002065,0.585904138421465,18,1,0.0882352941176471,"S1 O3","de-protonated",0,NA,"C34 H34 O3 S1",34,34,3,NA,NA,1,NA,NA,NA,NA,NA
4396,521.232121,521.231076033189,521.230978680083,2031346.8,NA,179515.3,8.46,-1,0.186775365883835,0.993690147070772,0,0.596214088242463,9,1.44444444444444,0.296296296296296,"P1 O8","de-protonated",0,NA,"C27 H39 O8 P1",27,39,8,NA,1,NA,NA,NA,NA,NA,NA
4397,521.240059,521.239014012035,521.23922088856,3638004.5,NA,189037,16.85,-1,-0.396893627600478,0.485910998011927,0.772687513667176,0.600621604274027,9,1.40740740740741,0.37037037037037,"O10","de-protonated",0,NA,"C27 H38 O10",27,38,10,NA,NA,NA,NA,NA,NA,NA,NA
4398,521.253282,521.252236976796,521.252108048182,1873143.3,NA,217956.3,7.63,-1,0.24734406165113,0.988960522663807,0,0.593376313598284,4,1.79166666666667,0.416666666666667,"P1 O10","de-protonated",0,NA,"C24 H43 O10 P1",24,43,10,NA,1,NA,NA,NA,NA,NA,NA
4399,521.268504,521.267458936229,521.267364189467,2123002.5,NA,148059.9,8.94,-1,0.181762313784521,0.994023313874691,0,0.596413988324815,8,1.53571428571429,0.25,"P1 O7","de-protonated",0,NA,"C28 H43 O7 P1",28,43,7,NA,1,NA,NA,NA,NA,NA,NA
4403,522.090006,522.088958746938,522.088927823216,2363819,NA,207646.3,10.19,-1,0.0592307574427799,0.999363629295858,0,0.599618177577514,13,0.954545454545455,0.636363636363636,"N1 O14","de-protonated",0,NA,"C22 H21 O14 N1",22,21,14,1,NA,NA,NA,NA,NA,NA,NA
4405,522.126566,522.125518649507,522.1253133326,3153842.8,NA,154216.2,14.32,-1,0.393233005924611,0.972332155629091,0,0.583399293377455,12,1.08695652173913,0.565217391304348,"N1 O13","de-protonated",0,NA,"C23 H25 O13 N1",23,25,13,1,NA,NA,NA,NA,NA,NA,NA
4407,522.162693,522.161645553229,522.161698841984,3540922.5,NA,182158.1,16.35,-1,-0.102054125758926,0.998111988382724,0,0.598867193029634,11,1.20833333333333,0.5,"N1 O12","de-protonated",0,NA,"C24 H29 O12 N1",24,29,12,1,NA,NA,NA,NA,NA,NA,NA
4409,522.199531,522.198483455056,522.198573608739,2177986.3,NA,178809.1,9.22,-1,-0.172642530615505,0.994606439216154,0,0.596763863529692,14,1.21428571428571,0.107142857142857,"N3 S1 P1 O3","de-protonated",0,NA,"C28 H34 O3 S1 N3 P1",28,34,3,3,1,1,NA,NA,NA,NA,NA
4410,522.206943,522.205895435303,522.205967664102,2069443.9,NA,203940.6,8.65,-1,-0.138314770692774,0.99653472753795,0,0.59792083652277,13,1.26666666666667,0.0333333333333333,"N1 S2 P1 O1","de-protonated",0,NA,"C30 H38 O1 S2 N1 P1",30,38,1,1,1,2,NA,NA,NA,NA,NA
4411,522.322202,522.321154128139,522.320997419069,2295260.5,NA,227301.8,9.84,-1,0.300024450671264,0.983799617123882,0,0.590279770274329,1,2.07692307692308,0.115384615384615,"N1 S2 P1 O3","de-protonated",0,NA,"C26 H54 O3 S2 N1 P1",26,54,3,1,1,2,NA,NA,NA,NA,NA
4414,523.07397,523.072920124689,523.072943406117,7792763.5,NA,194442.9,38.57,-1,-0.0445089504688743,0.499820303140636,0.806643077274283,0.622549412794095,13,0.909090909090909,0.681818181818182,"O15","de-protonated",0,NA,"C22 H20 O15",22,20,15,NA,NA,NA,NA,NA,NA,NA,NA
4416,523.110433,523.109383027515,523.109328915501,14143619,NA,196651.2,71.77,-1,0.103443030912625,0.995906933496662,0.952005394983771,0.978346318091506,12,1.04347826086957,0.608695652173913,"O14","de-protonated",0,NA,"C23 H24 O14",23,24,14,NA,NA,NA,NA,NA,NA,NA,NA
4418,523.146759,523.145708930707,523.145714424885,18440330,NA,192146.3,94.22,-1,-0.0105021942474743,0.999968842613639,0.960519823748161,0.984189235067448,11,1.16666666666667,0.541666666666667,"O13","de-protonated",0,NA,"C24 H28 O13",24,28,13,NA,NA,NA,NA,NA,NA,NA,NA
4419,523.175085,523.174034855219,523.173857725792,7045265,NA,189018.2,34.66,-1,0.338567044535141,0.989334789449507,0.893097214744959,0.950839759567687,10,1.32,0.4,"P1 O10","de-protonated",0,NA,"C25 H33 O10 P1",25,33,10,NA,1,NA,NA,NA,NA,NA,NA
4420,523.183112,523.182061833827,523.182099934269,12705938,NA,198999.9,64.25,-1,-0.0728244378843617,0.499519084060175,0.785920818505338,0.61407977783824,10,1.28,0.48,"O12","de-protonated",0,NA,"C25 H32 O12",25,32,12,NA,NA,NA,NA,NA,NA,NA,NA
4421,523.1961,523.195049799214,523.19485415211,2462869.3,NA,197298,10.71,-1,0.373946920285781,0.974946079308495,0,0.584967647585097,18,0.96969696969697,0.121212121212121,"S1 O4","de-protonated",0,NA,"C33 H32 O4 S1",33,32,4,NA,NA,1,NA,NA,NA,NA,NA
4422,523.211386,523.210335758477,523.210110293395,4967576.5,NA,195256.7,23.8,-1,0.430926463522559,0.963226122087257,0.989665764383432,0.973801979005727,22,0.864864864864865,0.027027027027027,"S1 O1","de-protonated",0,NA,"C37 H32 O1 S1",37,32,1,NA,NA,1,NA,NA,NA,NA,NA
4423,523.219413,523.218362737085,523.218485443654,5750938,NA,185482.6,27.9,-1,-0.234522616850193,0.495034899946515,0.779247987650237,0.608720135028004,9,1.38461538461538,0.423076923076923,"O11","de-protonated",0,NA,"C26 H36 O11",26,36,11,NA,NA,NA,NA,NA,NA,NA,NA
4425,523.247906,523.246855661152,523.246628744561,2610336,NA,161256.5,11.48,-1,0.43367043148246,0.966450630576626,0,0.579870378345976,8,1.51851851851852,0.296296296296296,"P1 O8","de-protonated",0,NA,"C27 H41 O8 P1",27,41,8,NA,1,NA,NA,NA,NA,NA,NA
4428,523.280225,523.279174575022,523.278991501952,2460326.8,NA,207672.2,10.7,-1,0.349857481204159,0.978035446376967,0,0.58682126782618,3,1.95652173913043,0.391304347826087,"N2 P1 O9","de-protonated",0,NA,"C23 H45 O9 N2 P1",23,45,9,2,1,NA,NA,NA,NA,NA,NA
4429,523.28478,523.283729562883,523.28388363387,2281127.8,NA,171716.8,9.76,-1,-0.294430981123195,0.984393351334061,0,0.590636010800437,6,1.68965517241379,0.0689655172413793,"S2 P1 O2","de-protonated",0,NA,"C29 H49 O2 S2 P1",29,49,2,NA,1,2,NA,NA,NA,NA,NA
4431,524.105611,524.104558375381,524.104577887694,3325266.8,NA,194740,15.22,-1,-0.0372298087535723,0.999748533100126,0,0.599849119860076,12,1.04545454545455,0.636363636363636,"N1 O14","de-protonated",0,NA,"C22 H23 O14 N1",22,23,14,1,NA,NA,NA,NA,NA,NA,NA
4433,524.141952,524.140899278532,524.140963397078,4160858.5,NA,209296.6,19.58,-1,-0.122330728263827,0.997288338628494,0,0.598373003177097,11,1.17391304347826,0.565217391304348,"N1 O13","de-protonated",0,NA,"C23 H27 O13 N1",23,27,13,1,NA,NA,NA,NA,NA,NA,NA
4436,524.186234,524.185181160522,524.185232219195,3301731.5,NA,216035.1,15.09,-1,-0.0974057844890247,0.998279916437166,0,0.5989679498623,13,1.24137931034483,0.0689655172413793,"N1 S2 P1 O2","de-protonated",0,NA,"C29 H36 O2 S2 N1 P1",29,36,2,1,1,2,NA,NA,NA,NA,NA
4438,524.22257,524.221517063687,524.22161772858,2061675,NA,176640.7,8.61,-1,-0.192027359435692,0.993331502958089,0,0.595998901774853,12,1.33333333333333,0.0333333333333333,"N1 S2 P1 O1","de-protonated",0,NA,"C30 H40 O1 S2 N1 P1",30,40,1,1,1,2,NA,NA,NA,NA,NA
4443,525.053295,525.052239849817,525.05220796121,3705365.8,NA,204329.6,17.2,-1,0.0607341634150526,0.999330925301079,0,0.599598555180647,13,0.857142857142857,0.761904761904762,"O16","de-protonated",0,NA,"C21 H18 O16",21,18,16,NA,NA,NA,NA,NA,NA,NA,NA
4444,525.068375,525.067319809629,525.067464102495,2424856.8,NA,199990.1,10.51,-1,-0.274808241285822,0.986390531058501,0,0.5918343186351,17,0.72,0.52,"O13","de-protonated",0,NA,"C25 H18 O13",25,18,13,NA,NA,NA,NA,NA,NA,NA,NA
4445,525.079263,525.078207780612,525.078046043165,3594779,NA,161503.9,16.62,-1,0.308025537896285,0.982931542436695,0,0.589758925462017,8,1.375,0.875,"N4 S1 O14","de-protonated",0,NA,"C16 H22 O14 S1 N4",16,22,14,4,NA,1,NA,NA,NA,NA,NA
4446,525.0897,525.088644752798,525.088593470595,10177053,NA,199652.1,51.03,-1,0.097663906590162,0.998980023150638,0.988539702247664,0.994803894789449,12,1,0.681818181818182,"O15","de-protonated",0,NA,"C22 H22 O15",22,22,15,NA,NA,NA,NA,NA,NA,NA,NA
4447,525.126057,525.125001655907,525.124978979979,15028772,NA,189848.5,76.39,-1,0.0431819643234651,0.992526842301775,0.98871382181836,0.991001634108409,11,1.1304347826087,0.608695652173913,"O14","de-protonated",0,NA,"C23 H26 O14",23,26,14,NA,NA,NA,NA,NA,NA,NA,NA
4448,525.154393,525.153337580392,525.153122280886,9611818,NA,197575.9,48.08,-1,0.409974724082126,0.984294619792684,0.874551621310752,0.940397420399912,10,1.29166666666667,0.458333333333333,"P1 O11","de-protonated",0,NA,"C24 H31 O11 P1",24,31,11,NA,1,NA,NA,NA,NA,NA,NA
4449,525.162315,525.16125955928,525.161364489363,15405612,NA,189021.6,78.36,-1,-0.199805412406624,0.993096203925183,0.992731207021727,0.9929502051638,10,1.25,0.541666666666667,"O13","de-protonated",0,NA,"C24 H30 O13",24,30,13,NA,NA,NA,NA,NA,NA,NA,NA
4450,525.19059,525.189534483928,525.189374848488,15139378,NA,190177.4,76.97,-1,0.303957861416679,0.660719164896148,0.949018720896962,0.776038987296474,22,0.833333333333333,0.0555555555555556,"S1 O2","de-protonated",0,NA,"C36 H30 O2 S1",36,30,2,NA,NA,1,NA,NA,NA,NA,NA
4451,525.198646,525.197590462458,525.197749998747,7817779,NA,189392.1,38.7,-1,-0.303764227755875,0.491698309885718,0.785920818505338,0.609387313333566,9,1.36,0.48,"O12","de-protonated",0,NA,"C25 H34 O12",25,34,12,NA,NA,NA,NA,NA,NA,NA,NA
4452,525.227117,525.226061386584,525.225893299654,3876409,NA,188837.4,18.1,-1,0.320027880291332,0.490794013408818,0.779247987650237,0.606175603105386,8,1.5,0.346153846153846,"P1 O9","de-protonated",0,NA,"C26 H39 O9 P1",26,39,9,NA,1,NA,NA,NA,NA,NA,NA
4453,525.23506,525.234004365416,525.234135508132,2839098.8,NA,201410.6,12.67,-1,-0.249684297409683,0.988751820123616,0,0.593251092074169,8,1.46153846153846,0.423076923076923,"O11","de-protonated",0,NA,"C26 H38 O11",26,38,11,NA,NA,NA,NA,NA,NA,NA,NA
4454,525.24804,525.246984330824,525.246889725972,2455101.3,NA,221752.3,10.67,-1,0.180115015983218,0.994130838362517,0,0.59647850301751,16,1.11764705882353,0.0882352941176471,"S1 O3","de-protonated",0,NA,"C34 H38 O3 S1",34,38,3,NA,NA,1,NA,NA,NA,NA,NA
4455,525.263495,525.262439289637,525.262278809039,2043968.4,NA,193092.1,8.52,-1,0.305524696273304,0.98320524185436,0,0.589923145112616,7,1.59259259259259,0.296296296296296,"P1 O8","de-protonated",0,NA,"C27 H43 O8 P1",27,43,8,NA,1,NA,NA,NA,NA,NA,NA
4457,526.064657,526.063599154552,526.063853780681,1924578.3,NA,176584.6,7.89,-1,-0.484021335901474,0.958381656965331,0,0.575028994179198,30,0.4,0.0857142857142857,"N1 P1 O3","de-protonated",0,NA,"C35 H14 O3 N1 P1",35,14,3,1,1,NA,NA,NA,NA,NA,NA
4458,526.084974,526.083916100407,526.083842442788,2727654.3,NA,201786.3,12.09,-1,0.140011180337454,0.996449356198126,0,0.597869613718876,12,1,0.714285714285714,"N1 O15","de-protonated",0,NA,"C21 H21 O15 N1",21,21,15,1,NA,NA,NA,NA,NA,NA,NA
4460,526.099869,526.098811060712,526.098585519736,1850601.3,NA,194307.8,7.51,-1,0.428704776757381,0.967201864204049,0,0.58032111852243,34,0.342105263157895,0.0263157894736842,"N3 O1","de-protonated",0,NA,"C38 H13 O1 N3",38,13,1,3,NA,NA,NA,NA,NA,NA,NA
4461,526.121422,526.120364003274,526.120227952172,3742445.5,NA,194158.2,17.4,-1,0.25859317890286,0.98793976264944,0,0.592763857589664,11,1.13636363636364,0.636363636363636,"N1 O14","de-protonated",0,NA,"C22 H25 O14 N1",22,25,14,1,NA,NA,NA,NA,NA,NA,NA
4463,526.149637,526.148578928081,526.148371253079,6580979.5,NA,210442.1,32.23,-1,0.394708059610413,0.486063561201334,0.799615297578637,0.611484255752255,10,1.30434782608696,0.478260869565217,"N1 P1 O11","de-protonated",0,NA,"C23 H30 O11 N1 P1",23,30,11,1,1,NA,NA,NA,NA,NA,NA
4467,526.201866,526.200807788892,526.200882283673,1765117.8,NA,227143.7,7.06,-1,-0.141570993203031,0.996369947256303,0,0.597821968353782,12,1.31034482758621,0.0689655172413793,"N1 S2 P1 O2","de-protonated",0,NA,"C29 H38 O2 S2 N1 P1",29,38,2,1,1,2,NA,NA,NA,NA,NA
4470,527.068774,527.067713478595,527.067858025688,5395370,NA,212307.1,26.03,-1,-0.274247596851781,0.493222813453782,0.813795485951173,0.621451882452739,12,0.952380952380952,0.761904761904762,"O16","de-protonated",0,NA,"C21 H20 O16",21,20,16,NA,NA,NA,NA,NA,NA,NA,NA
4471,527.084221,527.083160437429,527.083114166973,3241901.3,NA,179589.8,14.78,-1,0.0877858809813088,0.99860266811711,0,0.599161600870266,16,0.8,0.52,"O13","de-protonated",0,NA,"C25 H20 O13",25,20,13,NA,NA,NA,NA,NA,NA,NA,NA
4473,527.105356,527.104295381104,527.104243535073,11416497,NA,192303.2,57.51,-1,0.0983601106876185,0.98311211823684,0.981041904812287,0.982284032867019,11,1.09090909090909,0.681818181818182,"O15","de-protonated",0,NA,"C22 H24 O15",22,24,15,NA,NA,NA,NA,NA,NA,NA,NA
4475,527.141657,527.140596284363,527.140629044457,12854200,NA,197797.3,65.02,-1,-0.0621467828413096,0.499649725139713,0.799615297578637,0.619635954115283,10,1.21739130434783,0.608695652173913,"O14","de-protonated",0,NA,"C23 H28 O14",23,28,14,NA,NA,NA,NA,NA,NA,NA,NA
4476,527.151005,527.14994425945,527.150011958927,3076026.3,NA,224863.8,13.91,-1,-0.12842544877629,0.498505911466011,0.72968508002065,0.590977578887867,23,0.705882352941177,0.176470588235294,"O6","de-protonated",0,NA,"C34 H24 O6",34,24,6,NA,NA,NA,NA,NA,NA,NA,NA
4477,527.16992,527.168859209042,527.168639403582,11252670,NA,196109.2,56.65,-1,0.416954734576281,0.484473637154056,0.723929522638802,0.580255991347955,22,0.8,0.0857142857142857,"S1 O3","de-protonated",0,NA,"C35 H28 O3 S1",35,28,3,NA,NA,1,NA,NA,NA,NA,NA
4478,527.177968,527.176907187594,527.177014553841,8868800,NA,194559.9,44.19,-1,-0.203662610094962,0.988311461611407,0.97068127581859,0.98125938729428,9,1.33333333333333,0.541666666666667,"O13","de-protonated",0,NA,"C24 H32 O13",24,32,13,NA,NA,NA,NA,NA,NA,NA,NA
4479,527.1875,527.186439162192,527.186397468311,4920257.5,NA,211077.8,23.55,-1,0.0790875493654356,0.499432855603507,0.723929522638802,0.589231522417625,22,0.8,0.142857142857143,"O5","de-protonated",0,NA,"C35 H28 O5",35,28,5,NA,NA,NA,NA,NA,NA,NA,NA
4480,527.206167,527.205106112444,527.205024912966,7928773,NA,189616.8,39.28,-1,0.154018786204255,0.497852481584324,0.718264051224716,0.586017109440481,21,0.888888888888889,0.0555555555555556,"S1 O2","de-protonated",0,NA,"C36 H32 O2 S1",36,32,2,NA,NA,1,NA,NA,NA,NA,NA
4481,527.214428,527.213367090429,527.213400063225,3242950.8,NA,206391.4,14.78,-1,-0.0625416510116234,0.999290522862158,0,0.599574313717295,8,1.44,0.48,"O12","de-protonated",0,NA,"C25 H36 O12",25,36,12,NA,NA,NA,NA,NA,NA,NA,NA
4482,527.242805,527.241744014805,527.241543364132,3125196.5,NA,206467.7,14.17,-1,0.380566886050677,0.974062876234252,0,0.584437725740551,7,1.57692307692308,0.346153846153846,"P1 O9","de-protonated",0,NA,"C26 H41 O9 P1",26,41,9,NA,1,NA,NA,NA,NA,NA,NA
4483,527.250523,527.249461994236,527.249623381358,1789389.9,NA,221296.4,7.19,-1,-0.306092435097026,0.983143295954356,0,0.589885977572614,2,2.14285714285714,0.238095238095238,"N4 S2 P1 O5","de-protonated",0,NA,"C21 H45 O5 S2 N4 P1",21,45,5,4,1,2,NA,NA,NA,NA,NA
4484,528.100483,528.099419729106,528.099492507266,2459252,NA,156807,10.69,-1,-0.137811456187771,0.996559857905871,0,0.597935914743522,11,1.0952380952381,0.714285714285714,"N1 O15","de-protonated",0,NA,"C21 H23 O15 N1",21,23,15,1,NA,NA,NA,NA,NA,NA,NA
4486,528.137123,528.13605963146,528.13587801665,4469883,NA,189538.4,21.2,-1,0.343878948829997,0.489385878390342,0.806643077274283,0.616288757943918,10,1.22727272727273,0.636363636363636,"N1 O14","de-protonated",0,NA,"C22 H27 O14 N1",22,27,14,1,NA,NA,NA,NA,NA,NA,NA
4492,529.063216,529.062150163436,529.062378722067,3328301.3,NA,221877.9,15.23,-1,-0.432006961617802,0.966703188649906,0,0.580021913189944,16,0.75,0.583333333333333,"O14","de-protonated",0,NA,"C24 H18 O14",24,18,14,NA,NA,NA,NA,NA,NA,NA,NA
4493,529.084639,529.083573106344,529.083508090166,4004145.3,NA,193075.1,18.76,-1,0.122884529442876,0.997263764926704,0,0.598358258956023,11,1.04761904761905,0.761904761904762,"O16","de-protonated",0,NA,"C21 H22 O16",21,22,16,NA,NA,NA,NA,NA,NA,NA,NA
4494,529.099824,529.098758065876,529.098764231451,4117812.3,NA,180281.9,19.35,-1,-0.0116529751393775,0.499987680527226,0.785920818505338,0.614360935718471,15,0.88,0.52,"O13","de-protonated",0,NA,"C25 H22 O13",25,22,13,NA,NA,NA,NA,NA,NA,NA,NA
4496,529.120981,529.119915009493,529.119893599551,7857464,NA,200802.4,38.9,-1,0.0404633108784411,0.499851480952605,0.806643077274283,0.622568119481276,10,1.18181818181818,0.681818181818182,"O15","de-protonated",0,NA,"C22 H26 O15",22,26,15,NA,NA,NA,NA,NA,NA,NA,NA
4497,529.130536,529.129469984029,529.129276514021,3291450,NA,209347.6,15.04,-1,0.365638449806984,0.488016860633644,0.73553288925895,0.587023272083766,23,0.666666666666667,0.212121212121212,"O7","de-protonated",0,NA,"C33 H22 O7",33,22,7,NA,NA,NA,NA,NA,NA,NA,NA
4498,529.136351,529.135284968532,529.135149740835,4034875.3,NA,171948.8,18.92,-1,0.255563624819811,0.494109514935959,0.779247987650237,0.60816490402167,14,1,0.461538461538462,"O12","de-protonated",0,NA,"C26 H26 O12",26,26,12,NA,NA,NA,NA,NA,NA,NA,NA
4500,529.157561,529.156494912008,529.156279108935,6286655,NA,204508.6,30.69,-1,0.407824836783781,0.48513604355305,0.799615297578637,0.610927745163285,9,1.30434782608696,0.608695652173913,"O14","de-protonated",0,NA,"C23 H30 O14",23,30,14,NA,NA,NA,NA,NA,NA,NA,NA
4502,529.172553,529.171486872055,529.17153525022,3508546,NA,214252.7,16.17,-1,-0.0914224631113914,0.998484589162404,0,0.599090753497442,13,1.11111111111111,0.407407407407407,"O11","de-protonated",0,NA,"C27 H30 O11",27,30,11,NA,NA,NA,NA,NA,NA,NA,NA
4503,529.185682,529.184615837066,529.184422409842,10569029,NA,191823.1,53.07,-1,0.365519497763243,0.488024562131434,0.792708917554682,0.609898304300733,8,1.45833333333333,0.458333333333333,"P1 O11","de-protonated",0,NA,"C24 H35 O11 P1",24,35,11,NA,1,NA,NA,NA,NA,NA,NA
4504,529.193762,529.192695815533,529.192664618319,3423558,NA,215175.1,15.73,-1,0.0589524681945175,0.999369593203794,0,0.599621755922277,8,1.41666666666667,0.541666666666667,"O13","de-protonated",0,NA,"C24 H34 O13",24,34,13,NA,NA,NA,NA,NA,NA,NA,NA
4505,529.203375,529.202308789914,529.202047532789,2300744,NA,206580,9.86,-1,0.493681243664146,0.956740689423857,0,0.574044413654314,21,0.857142857142857,0.142857142857143,"O5","de-protonated",0,NA,"C35 H30 O5",35,30,5,NA,NA,NA,NA,NA,NA,NA,NA
4506,529.208972,529.207905774998,529.207920759604,2444617,NA,233840.7,10.61,-1,-0.0283151572868328,0.999854534435805,0,0.599912720661483,12,1.21428571428571,0.357142857142857,"O10","de-protonated",0,NA,"C28 H34 O10",28,34,10,NA,NA,NA,NA,NA,NA,NA,NA
4507,529.222039,529.220972740175,529.220807919226,5932363.5,NA,193215.8,28.84,-1,0.311440794844816,0.491277143791521,0.785920818505338,0.609134613677048,7,1.56,0.4,"P1 O10","de-protonated",0,NA,"C25 H39 O10 P1",25,39,10,NA,1,NA,NA,NA,NA,NA,NA
4508,529.23002,529.228953718906,529.229050127703,1988940.9,NA,239931.8,8.23,-1,-0.182168377933757,0.993996660150033,0,0.59639799609002,7,1.52,0.48,"O12","de-protonated",0,NA,"C25 H38 O12",25,38,12,NA,NA,NA,NA,NA,NA,NA,NA
4509,529.25835,529.257283643407,529.257060486829,2007378.4,NA,174009.8,8.32,-1,0.42164119235286,0.968256562958877,0,0.580953937775326,19,1.02702702702703,0.027027027027027,"S1 O1","de-protonated",0,NA,"C37 H38 O1 S1",37,38,1,NA,NA,1,NA,NA,NA,NA,NA
4510,530.095188,530.094119413246,530.094013203644,2335216.3,NA,177661.4,10.04,-1,0.200359934291826,0.992742369920979,0,0.595645421952588,15,0.875,0.541666666666667,"N1 O13","de-protonated",0,NA,"C24 H21 O13 N1",24,21,13,1,NA,NA,NA,NA,NA,NA,NA
4511,530.116109,530.115040357492,530.115142571744,2233844.3,NA,197924.6,9.51,-1,-0.192815189735807,0.993276857778959,0,0.595966114667375,10,1.19047619047619,0.714285714285714,"N1 O15","de-protonated",0,NA,"C21 H25 O15 N1",21,25,15,1,NA,NA,NA,NA,NA,NA,NA
4512,530.131447,530.130378316616,530.130398713028,2620407,NA,163724.7,11.53,-1,-0.0384743305534792,0.999731442275164,0,0.599838865365098,14,1,0.48,"N1 O12","de-protonated",0,NA,"C25 H25 O12 N1",25,25,12,1,NA,NA,NA,NA,NA,NA,NA
4513,530.145142,530.144073280119,530.144155252576,1964025.6,NA,165480.9,8.1,-1,-0.154622956712697,0.995671273919023,0,0.597402764351414,8,1.47826086956522,0.304347826086957,"N1 S2 P1 O7","de-protonated",0,NA,"C23 H34 O7 S2 N1 P1",23,34,7,1,1,2,NA,NA,NA,NA,NA
4514,530.152876,530.151807259508,530.152017338498,4483579,NA,192094.1,21.27,-1,-0.396261794963633,0.485955184619091,0.785920818505338,0.60594143817359,13,1.2,0.24,"N3 S1 P1 O6","de-protonated",0,NA,"C25 H30 O6 S1 N3 P1",25,30,6,3,1,1,NA,NA,NA,NA,NA
4515,530.168896,530.167827216815,530.167924928406,1836542,NA,115745.1,7.43,-1,-0.184303097142308,0.993855572544149,0,0.596313343526489,26,0.702702702702703,0.027027027027027,"N1 P1 O1","de-protonated",0,NA,"C37 H26 O1 N1 P1",37,26,1,1,1,NA,NA,NA,NA,NA,NA
4517,530.189153,530.188084162831,530.187913590512,3186177.8,NA,213689.3,14.48,-1,0.321720495821006,0.981394579201565,0,0.588836747520939,8,1.43478260869565,0.565217391304348,"N1 O13","de-protonated",0,NA,"C23 H33 O13 N1",23,33,13,1,NA,NA,NA,NA,NA,NA,NA
4518,531.042751,531.041679888004,531.041643277161,2289824.3,NA,216358.6,9.8,-1,0.0689415683034593,0.999137957082556,0,0.599482774249534,16,0.695652173913043,0.652173913043478,"O15","de-protonated",0,NA,"C23 H16 O15",23,16,15,NA,NA,NA,NA,NA,NA,NA,NA
4519,531.079062,531.077990791236,531.078028786545,5387943,NA,202148.5,25.99,-1,-0.0715437408150539,0.499535842403812,0.792708917554682,0.61680507246416,15,0.833333333333333,0.583333333333333,"O14","de-protonated",0,NA,"C24 H20 O14",24,20,14,NA,NA,NA,NA,NA,NA,NA,NA
4520,531.092008,531.090936756735,531.090783004385,4919977,NA,173161.8,23.55,-1,0.289502952806784,0.492453740578057,0.741475186234394,0.592062318840592,23,0.625,0.1875,"S1 O6","de-protonated",0,NA,"C32 H20 O6 S1",32,20,6,NA,NA,1,NA,NA,NA,NA,NA
4521,531.099984,531.098912735479,531.099158154644,3379882.8,NA,190789.7,15.5,-1,-0.46209669372963,0.961995653390665,0,0.577197392034399,10,1.14285714285714,0.761904761904762,"O16","de-protonated",0,NA,"C21 H24 O16",21,24,16,NA,NA,NA,NA,NA,NA,NA,NA
4522,531.109792,531.108720709341,531.108541069115,2549932.5,NA,170447.9,11.16,-1,0.338236372634208,0.979455545848848,0,0.587673327509308,23,0.625,0.25,"O8","de-protonated",0,NA,"C32 H20 O8",32,20,8,NA,NA,NA,NA,NA,NA,NA,NA
4523,531.1155,531.114428694129,531.114414295929,6993581.5,NA,187514.2,34.38,-1,0.027109413509991,0.999931901751808,0.934887298003519,0.973914060252492,14,0.96,0.52,"O13","de-protonated",0,NA,"C25 H24 O13",25,24,13,NA,NA,NA,NA,NA,NA,NA,NA
4524,531.128559,531.127487659327,531.127301455551,8718000,NA,209626,43.4,-1,0.350582197039813,0.988182056733733,0.899093762621852,0.95254673908898,9,1.31818181818182,0.590909090909091,"P1 O13","de-protonated",0,NA,"C22 H29 O13 P1",22,29,13,NA,1,NA,NA,NA,NA,NA,NA
4525,531.136435,531.135363638338,531.135543664029,3877553.5,NA,211537.4,18.1,-1,-0.338944912948049,0.979370277242291,0,0.587622166345375,9,1.27272727272727,0.681818181818182,"O15","de-protonated",0,NA,"C22 H28 O15",22,28,15,NA,NA,NA,NA,NA,NA,NA,NA
4526,531.146212,531.145140612282,531.144926578499,3984051.3,NA,171948.9,18.65,-1,0.402966822661676,0.485482892691003,0.73553288925895,0.585502891318182,22,0.727272727272727,0.212121212121212,"O7","de-protonated",0,NA,"C33 H24 O7",33,24,7,NA,NA,NA,NA,NA,NA,NA,NA
4527,531.151914,531.150842597087,531.150799805313,7069364,NA,187830.7,34.78,-1,0.0805642637486612,0.998248626671202,0.956984670636216,0.981743044257208,13,1.07692307692308,0.461538461538462,"O12","de-protonated",0,NA,"C26 H28 O12",26,28,12,NA,NA,NA,NA,NA,NA,NA,NA
4529,531.172826,531.171754541356,531.171929173413,2509496,NA,220900.6,10.95,-1,-0.328767479674117,0.980578636933921,0,0.588347182160353,8,1.39130434782609,0.608695652173913,"O14","de-protonated",0,NA,"C23 H32 O14",23,32,14,NA,NA,NA,NA,NA,NA,NA,NA
4531,531.188337,531.18726550002,531.187185314698,6686395,NA,188346.8,32.78,-1,0.150954925670743,0.994700704056925,0.935018767219121,0.970827929321804,12,1.18518518518519,0.407407407407407,"O11","de-protonated",0,NA,"C27 H32 O11",27,32,11,NA,NA,NA,NA,NA,NA,NA,NA
4532,531.201361,531.200289465311,531.20007247432,6434493.5,NA,203682.8,31.46,-1,0.408492021379278,0.485088103259704,0.792708917554682,0.608136428977695,7,1.54166666666667,0.458333333333333,"P1 O11","de-protonated",0,NA,"C24 H37 O11 P1",24,37,11,NA,1,NA,NA,NA,NA,NA,NA
4533,531.224552,531.223480403507,531.223570824082,3831489.5,NA,196633.1,17.86,-1,-0.170211902354546,0.497378422795258,0.766236582456902,0.604921686659916,11,1.28571428571429,0.357142857142857,"O10","de-protonated",0,NA,"C28 H36 O10",28,36,10,NA,NA,NA,NA,NA,NA,NA,NA
4535,531.24233,531.241258356129,531.241166697559,1973444.9,NA,195273.6,8.14,-1,0.172536647657599,0.994613035163658,0,0.596767821098195,6,1.78260869565217,0.260869565217391,"N4 S1 P1 O6","de-protonated",0,NA,"C23 H41 O6 S1 N4 P1",23,41,6,4,1,1,NA,NA,NA,NA,NA
4536,531.301048,531.299976199647,531.299713146221,2145487.5,NA,239514.6,9.04,-1,0.495113058816804,0.956494944135115,0,0.573896966481069,4,1.77777777777778,0.296296296296296,"S1 O8","de-protonated",0,NA,"C27 H48 O8 S1",27,48,8,NA,NA,1,NA,NA,NA,NA,NA
4537,532.074495,532.073421138422,532.073277758738,2527580.3,NA,190311.1,11.04,-1,0.269473566676679,0.986910346150995,0,0.592146207690597,15,0.826086956521739,0.608695652173913,"N1 O14","de-protonated",0,NA,"C23 H19 O14 N1",23,19,14,1,NA,NA,NA,NA,NA,NA,NA
4538,532.11111,532.110036040843,532.110152525492,2980706.8,NA,147235.4,13.41,-1,-0.218910781030772,0.991342324149627,0,0.594805394489776,18,0.888888888888889,0.185185185185185,"N3 S1 P1 O5","de-protonated",0,NA,"C27 H24 O5 S1 N3 P1",27,24,5,3,1,1,NA,NA,NA,NA,NA
4541,532.147916,532.146841942756,532.146918157432,1992553.5,NA,122313.2,8.24,-1,-0.143221117216298,0.99628499000161,0,0.597770994000966,12,1.19230769230769,0.269230769230769,"N1 S2 O7","de-protonated",0,NA,"C26 H31 O7 S2 N1",26,31,7,1,NA,2,NA,NA,NA,NA,NA
4543,532.16831,532.167235888406,532.167178145606,2903917,NA,215699.8,13.01,-1,0.108505001236207,0.99786602394889,0,0.598719614369334,8,1.40909090909091,0.636363636363636,"N1 O14","de-protonated",0,NA,"C22 H31 O14 N1",22,31,14,1,NA,NA,NA,NA,NA,NA,NA
4544,532.183842,532.182767847014,532.182923544261,1972591.9,NA,163777.7,8.14,-1,-0.292563403627531,0.984589180905408,0,0.590753508543245,16,1.10344827586207,0.103448275862069,"N3 S1 P1 O3","de-protonated",0,NA,"C29 H32 O3 S1 N3 P1",29,32,3,3,1,1,NA,NA,NA,NA,NA
4546,532.204925,532.203850790828,532.204052912361,2732915.8,NA,209727.7,12.11,-1,-0.379782024908512,0.974168356226641,0,0.584501013735984,11,1.38461538461538,0.192307692307692,"N3 S1 P1 O5","de-protonated",0,NA,"C26 H36 O5 S1 N3 P1",26,36,5,3,1,1,NA,NA,NA,NA,NA
4547,533.058551,533.057474515927,533.057293341639,5920780,NA,193016.2,28.77,-1,0.339877702947079,0.489628880401052,0.799615297578637,0.613623447272086,15,0.782608695652174,0.652173913043478,"O15","de-protonated",0,NA,"C23 H18 O15",23,18,15,NA,NA,NA,NA,NA,NA,NA,NA
4548,533.094864,533.093787419153,533.093678851023,8275986.5,NA,194236.8,41.09,-1,0.203656758263878,0.982815205248679,0.996584933720681,0.98832309663748,14,0.916666666666667,0.583333333333333,"O14","de-protonated",0,NA,"C24 H22 O14",24,22,14,NA,NA,NA,NA,NA,NA,NA,NA
4550,533.125329,533.124252337965,533.124191133593,3602968,NA,171181.1,16.66,-1,0.114803216517971,0.498805701873978,0.741475186234394,0.595873495618144,22,0.6875,0.25,"O8","de-protonated",0,NA,"C32 H22 O8",32,22,8,NA,NA,NA,NA,NA,NA,NA,NA
4551,533.131121,533.130044322529,533.130064360407,10287129,NA,190734.4,51.6,-1,-0.0375853463715956,0.995279286838285,0.998084452090151,0.996401352939032,13,1.04,0.52,"O13","de-protonated",0,NA,"C25 H26 O13",25,26,13,NA,NA,NA,NA,NA,NA,NA,NA
4553,533.161746,533.160669240914,533.160576642977,3596318.5,NA,154631.8,16.62,-1,0.173677388922164,0.497270881147647,0.73553288925895,0.592575684392168,21,0.787878787878788,0.212121212121212,"O7","de-protonated",0,NA,"C33 H26 O7",33,26,7,NA,NA,NA,NA,NA,NA,NA,NA
4554,533.167469,533.166392225662,533.166449869791,10033183,NA,190506.6,50.27,-1,-0.108116572920383,0.998547872286611,0.999785051357449,0.999042743914946,12,1.15384615384615,0.461538461538462,"O12","de-protonated",0,NA,"C26 H30 O12",26,30,12,NA,NA,NA,NA,NA,NA,NA,NA
4555,533.180584,533.179507190711,533.179337029413,6500385.5,NA,204240.5,31.8,-1,0.319144583260351,0.984052945524293,0.937650428580273,0.965491938746685,7,1.52173913043478,0.521739130434783,"P1 O12","de-protonated",0,NA,"C23 H35 O12 P1",23,35,12,NA,1,NA,NA,NA,NA,NA,NA
4556,533.198069,533.196992144114,533.196962152361,2084900.9,NA,176329.7,8.72,-1,0.0562489181561971,0.999426071859207,0,0.599655643115524,20,0.882352941176471,0.176470588235294,"O6","de-protonated",0,NA,"C34 H30 O6",34,30,6,NA,NA,NA,NA,NA,NA,NA,NA
4557,533.203955,533.202878128427,533.202835379176,6561830,NA,199722.5,32.13,-1,0.0801744641948917,0.995498657737469,0.92412263260165,0.966948247683142,11,1.25925925925926,0.407407407407407,"O11","de-protonated",0,NA,"C27 H34 O11",27,34,11,NA,NA,NA,NA,NA,NA,NA,NA
4559,533.240404,533.239327031291,533.23922088856,3253292.3,NA,212705.2,14.83,-1,0.199052746383162,0.992836422525961,0,0.595701853515576,10,1.35714285714286,0.357142857142857,"O10","de-protonated",0,NA,"C28 H38 O10",28,38,10,NA,NA,NA,NA,NA,NA,NA,NA
4561,534.089976,534.088896767194,534.088927823216,2781377,NA,198280.5,12.36,-1,-0.0581476599998646,0.99938668286422,0,0.599632009718532,14,0.91304347826087,0.608695652173913,"N1 O14","de-protonated",0,NA,"C23 H21 O14 N1",23,21,14,1,NA,NA,NA,NA,NA,NA,NA
4563,534.111431,534.110351710017,534.110546448686,1953476.8,NA,178111.5,8.04,-1,-0.364603675520792,0.976167553565061,0,0.585700532139036,13,1.1304347826087,0.347826086956522,"N3 S1 P1 O8","de-protonated",0,NA,"C23 H26 O8 S1 N3 P1",23,26,8,3,1,1,NA,NA,NA,NA,NA
4564,534.1266,534.125520669592,534.1253133326,3659975.3,NA,156064.4,16.96,-1,0.388180426500994,0.973028971556514,0,0.583817382933909,13,1.04166666666667,0.541666666666667,"N1 O13","de-protonated",0,NA,"C24 H25 O13 N1",24,25,13,1,NA,NA,NA,NA,NA,NA,NA
4566,534.162976,534.16189657265,534.161698841984,2999501.8,NA,151838.5,13.5,-1,0.370170056160667,0.975443378482484,0,0.58526602708949,12,1.16,0.48,"N1 O12","de-protonated",0,NA,"C25 H29 O12 N1",25,29,12,1,NA,NA,NA,NA,NA,NA,NA
4569,534.199331,534.198251475765,534.198084351369,2128596,NA,178579.7,8.95,-1,0.312850983895908,0.98239734505263,0,0.589438407031578,11,1.26923076923077,0.423076923076923,"N1 O11","de-protonated",0,NA,"C26 H33 O11 N1",26,33,11,1,NA,NA,NA,NA,NA,NA,NA
4571,534.235998,534.234918378048,534.234959118123,1815514.3,NA,160580.8,7.32,-1,-0.0762587225414879,0.998945361145527,0,0.599367216687316,14,1.26666666666667,0.0666666666666667,"N3 S1 P1 O2","de-protonated",0,NA,"C30 H38 O2 S1 N3 P1",30,38,2,3,1,1,NA,NA,NA,NA,NA
4572,535.037797,535.036715241265,535.036557896732,2661219.8,NA,188169.9,11.74,-1,0.294081835743181,0.984430053595232,0,0.590658032157139,15,0.727272727272727,0.727272727272727,"O16","de-protonated",0,NA,"C22 H16 O16",22,16,16,NA,NA,NA,NA,NA,NA,NA,NA
4573,535.073941,535.072859144942,535.072943406117,7147882,NA,185072.3,35.19,-1,-0.157476051475946,0.497755207840597,0.799615297578637,0.618499243735813,14,0.869565217391304,0.652173913043478,"O15","de-protonated",0,NA,"C23 H20 O15",23,20,15,NA,NA,NA,NA,NA,NA,NA,NA
4574,535.086954,535.085872110263,535.085697623957,2822508.3,NA,208006.6,12.58,-1,0.326090393714691,0.980890608276322,0,0.588534364965793,22,0.645161290322581,0.225806451612903,"S1 O7","de-protonated",0,NA,"C31 H20 O7 S1",31,20,7,NA,NA,1,NA,NA,NA,NA,NA
4575,535.110418,535.109336047732,535.109328915501,12327280,NA,187834.1,62.26,-1,0.0133285484588064,0.49998388306169,0.792708917554682,0.617073896858887,13,1,0.583333333333333,"O14","de-protonated",0,NA,"C24 H24 O14",24,24,14,NA,NA,NA,NA,NA,NA,NA,NA
4576,535.146918,535.14583595046,535.145714424885,13662582,NA,197416.1,69.24,-1,0.227088755687114,0.987326871531814,0.999668402073509,0.992263483748492,12,1.12,0.52,"O13","de-protonated",0,NA,"C25 H28 O13",25,28,13,NA,NA,NA,NA,NA,NA,NA,NA
4578,535.175857,535.174774873337,535.174727105718,2904187.3,NA,142512,13.01,-1,0.0892561204227915,0.998555505198361,0,0.599133303119017,10,1.37037037037037,0.185185185185185,"S2 P1 O5","de-protonated",0,NA,"C27 H37 O5 S2 P1",27,37,5,NA,1,2,NA,NA,NA,NA,NA
4579,535.183349,535.182266853372,535.182099934269,12798333,NA,190922.4,64.72,-1,0.311892161736177,0.990625041380953,0.988707529746626,0.989858036727222,11,1.23076923076923,0.461538461538462,"O12","de-protonated",0,NA,"C26 H32 O12",26,32,12,NA,NA,NA,NA,NA,NA,NA,NA
4581,535.211543,535.210460778235,535.210243235176,2907521.3,NA,187407.9,13.02,-1,0.406462808327815,0.970467365903711,0,0.582280419542227,10,1.37037037037037,0.333333333333333,"P1 O9","de-protonated",0,NA,"C27 H37 O9 P1",27,37,9,NA,1,NA,NA,NA,NA,NA,NA
4582,535.219472,535.218389757104,535.218485443654,6896002.5,NA,189761.6,33.87,-1,-0.178780352647221,0.986787690889287,0.997446789397716,0.991051330292658,10,1.33333333333333,0.407407407407407,"O11","de-protonated",0,NA,"C27 H36 O11",27,36,11,NA,NA,NA,NA,NA,NA,NA,NA
4583,535.232675,535.231592721918,535.231372603276,2471301,NA,210909,10.74,-1,0.411258857086482,0.969777015881808,0,0.581866209529085,5,1.70833333333333,0.458333333333333,"P1 O11","de-protonated",0,NA,"C24 H41 O11 P1",24,41,11,NA,1,NA,NA,NA,NA,NA,NA
4584,535.247804,535.2467216816,535.246628744561,1976711.5,NA,210054,8.16,-1,0.173634048481463,0.994544478671105,0,0.596726687202663,9,1.46428571428571,0.285714285714286,"P1 O8","de-protonated",0,NA,"C28 H41 O8 P1",28,41,8,NA,1,NA,NA,NA,NA,NA,NA
4585,535.255848,535.254765660163,535.254870953038,2896264.8,NA,206772.2,12.96,-1,-0.196715398675354,0.993003082817284,0,0.59580184969037,9,1.42857142857143,0.357142857142857,"O10","de-protonated",0,NA,"C28 H40 O10",28,40,10,NA,NA,NA,NA,NA,NA,NA,NA
4586,535.268632,535.267549626094,535.267625170878,2271115,NA,185905.2,9.7,-1,-0.141134605028936,0.996392251458344,0,0.597835350875006,17,1.11111111111111,0.0555555555555556,"S1 O2","de-protonated",0,NA,"C36 H40 O2 S1",36,40,2,NA,NA,1,NA,NA,NA,NA,NA
4587,535.283903,535.282820585397,535.283014253945,1888653.6,NA,182275.1,7.7,-1,-0.361805892086086,0.976527596194982,0,0.585916557716989,8,1.55172413793103,0.241379310344828,"P1 O7","de-protonated",0,NA,"C29 H45 O7 P1",29,45,7,NA,1,NA,NA,NA,NA,NA,NA
4588,536.069346,536.068261492202,536.06819237831,1910289.5,NA,209621.8,7.81,-1,0.128927427070651,0.996988452700713,0,0.598193071620428,14,0.863636363636364,0.681818181818182,"N1 O15","de-protonated",0,NA,"C22 H19 O15 N1",22,19,15,1,NA,NA,NA,NA,NA,NA,NA
4589,536.105823,536.104738394992,536.104577887694,3169815.5,NA,198365.7,14.39,-1,0.299395499520391,0.983866918422053,0,0.590320151053232,13,1,0.608695652173913,"N1 O14","de-protonated",0,NA,"C23 H23 O14 N1",23,23,14,1,NA,NA,NA,NA,NA,NA,NA
4591,536.142117,536.141032298269,536.140963397078,3955229.5,NA,177057.9,18.5,-1,0.128513199550206,0.997007744120488,0,0.598204646472293,12,1.125,0.541666666666667,"N1 O13","de-protonated",0,NA,"C24 H27 O13 N1",24,27,13,1,NA,NA,NA,NA,NA,NA,NA
4593,536.178671,536.177586200853,536.177348906462,3094563.8,NA,179950.6,14,-1,0.44256698094834,0.965084570568177,0,0.579050742340906,11,1.24,0.48,"N1 O12","de-protonated",0,NA,"C25 H31 O12 N1",25,31,12,1,NA,NA,NA,NA,NA,NA,NA
4595,536.215425,536.214340102904,536.214603795772,1981225.9,NA,162893,8.18,-1,-0.491767412404721,0.957068150760385,0,0.574240890456231,9,1.44444444444444,0.222222222222222,"N1 S2 O6","de-protonated",0,NA,"C27 H39 O6 S2 N1",27,39,6,1,NA,2,NA,NA,NA,NA,NA
4597,537.053332,537.052244869894,537.05220796121,4633267.5,NA,193274.8,22.04,-1,0.0687245734453952,0.499571686406544,0.806643077274283,0.622400242753639,14,0.818181818181818,0.727272727272727,"O16","de-protonated",0,NA,"C22 H18 O16",22,18,16,NA,NA,NA,NA,NA,NA,NA,NA
4598,537.089787,537.088699772742,537.088593470595,10429114,NA,185038.3,52.34,-1,0.197922929141916,0.975057746061176,0.961785059281483,0.969748671349299,13,0.956521739130435,0.652173913043478,"O15","de-protonated",0,NA,"C23 H22 O15",23,22,15,NA,NA,NA,NA,NA,NA,NA,NA
4600,537.126152,537.12506467583,537.124978979979,16509631,NA,185109.4,84.12,-1,0.159545458628488,0.996421830838979,0.928014513986132,0.96905890409784,12,1.08333333333333,0.583333333333333,"O14","de-protonated",0,NA,"C24 H26 O14",24,26,14,NA,NA,NA,NA,NA,NA,NA,NA
4601,537.154472,537.153384600358,537.153122280886,5913284,NA,174684.9,28.73,-1,0.488351386394026,0.976931816429893,0.800667391499028,0.906426046457547,11,1.24,0.44,"P1 O11","de-protonated",0,NA,"C25 H31 O11 P1",25,31,11,NA,1,NA,NA,NA,NA,NA,NA
4602,537.162437,537.161349579131,537.161364489363,16997062,NA,190382.1,86.67,-1,-0.0277574545353175,0.999929998291242,0.989047517426184,0.995577005945219,11,1.2,0.52,"O13","de-protonated",0,NA,"C25 H30 O13",25,30,13,NA,NA,NA,NA,NA,NA,NA,NA
4603,537.190831,537.189743503461,537.18950779027,5433034,NA,177223.1,26.22,-1,0.43878964100163,0.482833865550428,0.779247987650237,0.601399514390352,10,1.34615384615385,0.384615384615385,"P1 O10","de-protonated",0,NA,"C26 H35 O10 P1",26,35,10,NA,1,NA,NA,NA,NA,NA,NA
4604,537.198786,537.197698482261,537.197749998747,9564875,NA,189987.7,47.82,-1,-0.0958985513180892,0.994752520531278,0.938739585109821,0.972347346362695,10,1.30769230769231,0.461538461538462,"O12","de-protonated",0,NA,"C26 H34 O12",26,34,12,NA,NA,NA,NA,NA,NA,NA,NA
4605,537.227331,537.226243406189,537.226090004147,3886800,NA,172877.4,18.14,-1,0.285544663108814,0.985314346159827,0,0.591188607695896,1,2.23529411764706,0.882352941176471,"N4 O15","de-protonated",0,NA,"C17 H38 O15 N4",17,38,15,4,NA,NA,NA,NA,NA,NA,NA
4606,537.235012,537.23392438572,537.234135508132,4055761.3,NA,188887.8,19.02,-1,-0.392980263458441,0.48618360712766,0.772687513667176,0.600785169743467,9,1.40740740740741,0.407407407407407,"O11","de-protonated",0,NA,"C27 H38 O11",27,38,11,NA,NA,NA,NA,NA,NA,NA,NA
4607,537.248282,537.247194350355,537.247022667754,2222291.3,NA,202277.5,9.44,-1,0.31955989397782,0.981641339210998,0,0.588984803526599,4,1.79166666666667,0.458333333333333,"P1 O11","de-protonated",0,NA,"C24 H43 O11 P1",24,43,11,NA,1,NA,NA,NA,NA,NA,NA
4608,537.263674,537.262586309336,537.262475513531,2996949.8,NA,198463.8,13.49,-1,0.206222861515344,0.992313070831113,0,0.595387842498668,0,2.33333333333333,0.777777777777778,"N4 O14","de-protonated",0,NA,"C18 H42 O14 N4",18,42,14,4,NA,NA,NA,NA,NA,NA,NA
4609,537.26936,537.268272294183,537.268019094072,2137302.8,NA,184775.2,8.99,-1,0.47127337246128,0.960501728034892,0,0.576301036820935,12,1.3125,0.15625,"S1 O5","de-protonated",0,NA,"C32 H42 O5 S1",32,42,5,NA,NA,1,NA,NA,NA,NA,NA
4612,538.085259,538.084169119824,538.084331700158,2132314,NA,192989.9,8.97,-1,-0.302146567898244,0.98357153074549,0,0.590142918447294,17,0.88,0.28,"N3 S1 P1 O7","de-protonated",0,NA,"C25 H22 O7 S1 N3 P1",25,22,7,3,1,1,NA,NA,NA,NA,NA
4614,538.121193,538.12010302406,538.120227952172,3839839.8,NA,162305.8,17.89,-1,-0.232156505446707,0.990268188492125,0,0.594160913095275,12,1.08695652173913,0.608695652173913,"N1 O14","de-protonated",0,NA,"C23 H25 O14 N1",23,25,14,1,NA,NA,NA,NA,NA,NA,NA
4618,538.194338,538.19324782913,538.19299897094,3698539.3,NA,181485.1,17.15,-1,0.462395813526051,0.961947384802668,0,0.577168430881601,10,1.32,0.48,"N1 O12","de-protonated",0,NA,"C25 H33 O12 N1",25,33,12,1,NA,NA,NA,NA,NA,NA,NA
4620,539.047823,539.046730554605,539.046728657589,1968625.5,NA,187977.6,8.11,-1,0.00351920506394077,0.999997752796058,0,0.599998651677635,18,0.64,0.56,"O14","de-protonated",0,NA,"C25 H16 O14",25,16,14,NA,NA,NA,NA,NA,NA,NA,NA
4621,539.069053,539.067960498027,539.067858025688,5788661,NA,185309.4,28.08,-1,0.190091725156119,0.496732412079016,0.806643077274283,0.620696678157123,13,0.909090909090909,0.727272727272727,"O16","de-protonated",0,NA,"C22 H20 O16",22,20,16,NA,NA,NA,NA,NA,NA,NA,NA
4622,539.084167,539.083074457749,539.083114166973,2680823.3,NA,203058.6,11.83,-1,-0.0736606719722106,0.999015963035832,0,0.599409577821499,17,0.769230769230769,0.5,"O13","de-protonated",0,NA,"C26 H20 O13",26,20,13,NA,NA,NA,NA,NA,NA,NA,NA
4623,539.10529,539.104197401456,539.104243535073,12110842,NA,190691.7,61.12,-1,-0.0855745747107898,0.998724526564713,0.991057511542296,0.995657720555746,12,1.04347826086957,0.652173913043478,"O15","de-protonated",0,NA,"C23 H24 O15",23,24,15,NA,NA,NA,NA,NA,NA,NA,NA
4625,539.141661,539.140568304528,539.140629044457,14384128,NA,189112.4,73.01,-1,-0.112660640917544,0.997360852918006,0.99300043494427,0.995616685728511,11,1.16666666666667,0.583333333333333,"O14","de-protonated",0,NA,"C24 H28 O14",24,28,14,NA,NA,NA,NA,NA,NA,NA,NA
4626,539.170067,539.168974228827,539.168772345364,9149445,NA,187948,45.65,-1,0.374434635719222,0.985473321798931,0.947529171179646,0.970295661551217,10,1.32,0.44,"P1 O11","de-protonated",0,NA,"C25 H33 O11 P1",25,33,11,NA,1,NA,NA,NA,NA,NA,NA
4627,539.178044,539.176951207568,539.177014553841,12848134,NA,191993.9,64.98,-1,-0.117486969078407,0.987317991662731,0.982130203844917,0.985242876535606,10,1.28,0.52,"O13","de-protonated",0,NA,"C25 H32 O13",25,32,13,NA,NA,NA,NA,NA,NA,NA,NA
4628,539.193133,539.192040167356,539.192270695126,1972488.1,NA,144041,8.32,-1,-0.427542794340508,0.967376490267756,0,0.580425894160653,14,1.10344827586207,0.344827586206897,"O10","de-protonated",0,NA,"C29 H32 O10",29,32,10,NA,NA,NA,NA,NA,NA,NA,NA
4630,539.21453,539.213437110333,539.213400063225,6915083.5,NA,191983.5,34.77,-1,0.0687058365922519,0.499571919822876,0.779247987650237,0.611442346953821,9,1.38461538461538,0.461538461538462,"O12","de-protonated",0,NA,"C26 H36 O12",26,36,12,NA,NA,NA,NA,NA,NA,NA,NA
4631,539.242847,539.241754034869,539.241543364132,4191247.8,NA,188176.7,20.2,-1,0.390679722393674,0.486342675133811,0.772687513667176,0.600880610547157,8,1.51851851851852,0.333333333333333,"P1 O9","de-protonated",0,NA,"C27 H41 O9 P1",27,41,9,NA,1,NA,NA,NA,NA,NA,NA
4632,539.250788,539.249695013706,539.24978557261,2086417.1,NA,202110.7,8.93,-1,-0.167934983038728,0.994895826175153,0,0.596937495705092,8,1.48148148148148,0.407407407407407,"O11","de-protonated",0,NA,"C27 H40 O11",27,40,11,NA,NA,NA,NA,NA,NA,NA,NA
4635,540.100657,540.099561748818,540.099492507266,2593427.5,NA,193361.5,11.65,-1,0.128201475893734,0.99702222103371,0,0.598213332620226,12,1.04545454545455,0.681818181818182,"N1 O15","de-protonated",0,NA,"C22 H23 O15 N1",22,23,15,1,NA,NA,NA,NA,NA,NA,NA
4638,540.137061,540.135965651802,540.13587801665,4299929,NA,191491,20.78,-1,0.162246492877442,0.497617473773139,0.799615297578637,0.618416603295338,11,1.17391304347826,0.608695652173913,"N1 O14","de-protonated",0,NA,"C23 H27 O14 N1",23,27,14,1,NA,NA,NA,NA,NA,NA,NA
4642,540.209873,540.208777457759,540.208649035418,2615460.3,NA,249451.9,11.76,-1,0.237727293857423,0.989797958140101,0,0.593878774884061,9,1.4,0.48,"N1 O12","de-protonated",0,NA,"C25 H35 O12 N1",25,35,12,1,NA,NA,NA,NA,NA,NA,NA
4644,541.063552,541.062454182717,541.062378722067,2512164.3,NA,232727.8,11.21,-1,0.139467560025841,0.996476826251152,0,0.597886095750691,17,0.72,0.56,"O14","de-protonated",0,NA,"C25 H18 O14",25,18,14,NA,NA,NA,NA,NA,NA,NA,NA
4645,541.084654,541.08355612648,541.083508090166,5793063.5,NA,194989.7,28.77,-1,0.0887780042039012,0.499285464050594,0.806643077274283,0.622228509340069,12,1,0.727272727272727,"O16","de-protonated",0,NA,"C22 H22 O16",22,22,16,NA,NA,NA,NA,NA,NA,NA,NA
4647,541.120874,541.119776029954,541.119893599551,11316525,NA,185680.4,58.32,-1,-0.217270881193585,0.978823712138676,0.984401790928567,0.981054943654632,11,1.1304347826087,0.652173913043478,"O15","de-protonated",0,NA,"C23 H26 O15",23,26,15,NA,NA,NA,NA,NA,NA,NA,NA
4648,541.136425,541.135326988511,541.135149740835,2822959,NA,174082.4,12.87,-1,0.327547888637415,0.980721064676782,0,0.588432638806069,15,0.962962962962963,0.444444444444444,"O12","de-protonated",0,NA,"C27 H26 O12",27,26,12,NA,NA,NA,NA,NA,NA,NA,NA
4650,541.157404,541.156305932603,541.156279108935,10997042,NA,192721.1,56.61,-1,0.0495673222375867,0.49977714727628,0.792708917554682,0.616949855387641,10,1.25,0.583333333333333,"O14","de-protonated",0,NA,"C24 H30 O14",24,30,14,NA,NA,NA,NA,NA,NA,NA,NA
4651,541.166821,541.165722907506,541.165662023405,3100979.5,NA,197267.2,14.36,-1,0.112505477323726,0.498852975900613,0.723929522638802,0.588883594595889,23,0.742857142857143,0.171428571428571,"O6","de-protonated",0,NA,"C35 H26 O6",35,26,6,NA,NA,NA,NA,NA,NA,NA,NA
4652,541.185774,541.184675856997,541.184422409842,25967926,NA,188416,136.72,-1,0.468319383679359,0.975149160861625,0.969973319802435,0.973078824437949,9,1.4,0.44,"P1 O11","de-protonated",0,NA,"C25 H35 O11 P1",25,35,11,NA,1,NA,NA,NA,NA,NA,NA
4653,541.193801,541.192702835605,541.192664618319,6790455.5,NA,198360.3,34.1,-1,0.0706167845646688,0.499547786792632,0.785920818505338,0.614096999477715,9,1.36,0.52,"O13","de-protonated",0,NA,"C25 H34 O13",25,34,13,NA,NA,NA,NA,NA,NA,NA,NA
4654,541.222139,541.221040760085,541.220807919226,6247739.5,NA,186110,31.2,-1,0.430214166053785,0.483487184218639,0.779247987650237,0.601791505591278,8,1.5,0.384615384615385,"P1 O10","de-protonated",0,NA,"C26 H39 O10 P1",26,39,10,NA,1,NA,NA,NA,NA,NA,NA
4655,541.23036,541.229261738176,541.229050127703,3283260.8,NA,176257.6,15.34,-1,0.390981364329477,0.972643737449858,0,0.583586242469915,8,1.46153846153846,0.461538461538462,"O12","de-protonated",0,NA,"C26 H38 O12",26,38,12,NA,NA,NA,NA,NA,NA,NA,NA
4656,541.243257,541.242158703806,541.241937287325,1892158.8,NA,147590.9,7.89,-1,0.409089660077202,0.970090195309124,0,0.582054117185474,3,1.8695652173913,0.521739130434783,"P1 O12","de-protonated",0,NA,"C23 H43 O12 P1",23,43,12,NA,1,NA,NA,NA,NA,NA,NA
4658,541.266466,541.265367641954,541.265435637088,1727810.1,NA,192144.6,7.01,-1,-0.125622530698373,0.997140650362088,0,0.598284390217253,7,1.55555555555556,0.407407407407407,"O11","de-protonated",0,NA,"C27 H42 O11",27,42,11,NA,NA,NA,NA,NA,NA,NA,NA
4659,541.294802,541.293703566439,541.293578937995,2045254.4,NA,186735.2,8.71,-1,0.230241867108706,0.990427279116813,0,0.594256367470088,6,1.67857142857143,0.285714285714286,"P1 O8","de-protonated",0,NA,"C28 H47 O8 P1",28,47,8,NA,1,NA,NA,NA,NA,NA,NA
4662,542.058731,542.057630530579,542.05762769426,1876406,NA,197612.9,7.81,-1,0.00523250522251818,0.999995032108634,0,0.59999701926518,17,0.708333333333333,0.583333333333333,"N1 O14","de-protonated",0,NA,"C24 H17 O14 N1",24,17,14,1,NA,NA,NA,NA,NA,NA,NA
4663,542.116182,542.115081377473,542.115142571744,2778558.3,NA,183764.1,12.64,-1,-0.11288057759298,0.997690647007595,0,0.598614388204557,11,1.13636363636364,0.681818181818182,"N1 O15","de-protonated",0,NA,"C22 H25 O15 N1",22,25,15,1,NA,NA,NA,NA,NA,NA,NA
4665,542.131463,542.13036233675,542.130398713028,1958336.5,NA,168798.2,8.25,-1,-0.067098762349362,0.999183407350688,0,0.599510044410413,15,0.961538461538462,0.461538461538462,"N1 O12","de-protonated",0,NA,"C26 H25 O12 N1",26,25,12,1,NA,NA,NA,NA,NA,NA,NA
4667,542.152471,542.151370280764,542.151528081128,3653059.5,NA,206717,17.31,-1,-0.291063210357457,0.984745612937346,0,0.590847367762407,10,1.26086956521739,0.608695652173913,"N1 O14","de-protonated",0,NA,"C23 H29 O14 N1",23,29,14,1,NA,NA,NA,NA,NA,NA,NA
4668,542.160387,542.159286259668,542.159411393861,2435524.8,NA,238814.8,10.8,-1,-0.230807011229783,0.990380454704049,0,0.594228272822429,13,1.21428571428571,0.142857142857143,"N1 S2 P1 O4","de-protonated",0,NA,"C28 H34 O4 S2 N1 P1",28,34,4,1,1,2,NA,NA,NA,NA,NA
4671,542.225844,542.224743085226,542.224788357267,2168782,NA,192065.8,9.37,-1,-0.0834931233179636,0.998735902410342,0,0.599241541446205,12,1.35714285714286,0.142857142857143,"N3 S1 P1 O4","de-protonated",0,NA,"C28 H38 O4 S1 N3 P1",28,38,4,3,1,1,NA,NA,NA,NA,NA
4673,543.063523,543.062419852823,543.062259580923,2136133.5,NA,197659.9,9.2,-1,0.295126198464031,0.984320144288619,0,0.590592086573171,30,0.352941176470588,0.176470588235294,"N2 O6","de-protonated",0,NA,"C34 H12 O6 N2",34,12,6,2,NA,NA,NA,NA,NA,NA,NA
4674,543.079358,543.078254810623,543.078028786545,3760711.8,NA,171327.8,17.89,-1,0.416190798229608,0.969059181267304,0,0.581435508760382,16,0.8,0.56,"O14","de-protonated",0,NA,"C25 H20 O14",25,20,14,NA,NA,NA,NA,NA,NA,NA,NA
4676,543.100211,543.09910775505,543.099158154644,5623370.5,NA,183624.1,27.86,-1,-0.0927999852652439,0.49921930683773,0.806643077274283,0.622188815012351,11,1.09090909090909,0.727272727272727,"O16","de-protonated",0,NA,"C22 H24 O16",22,24,16,NA,NA,NA,NA,NA,NA,NA,NA
4677,543.115506,543.114402714289,543.114414295929,3680844.8,NA,186828.7,17.46,-1,-0.0213244932890594,0.999917492514462,0,0.599950495508677,15,0.923076923076923,0.5,"O13","de-protonated",0,NA,"C26 H24 O13",26,24,13,NA,NA,NA,NA,NA,NA,NA,NA
4679,543.136607,543.135503658056,543.135543664029,7487056,NA,189615.3,37.83,-1,-0.0736574386857112,0.499508024689363,0.799615297578637,0.619550933845073,10,1.21739130434783,0.652173913043478,"O15","de-protonated",0,NA,"C23 H28 O15",23,28,15,NA,NA,NA,NA,NA,NA,NA,NA
4680,543.152164,543.151060616596,543.150799805313,4083282,NA,188074.5,19.62,-1,0.480182083936121,0.479512804461478,0.772687513667176,0.596782688143757,14,1.03703703703704,0.444444444444444,"O12","de-protonated",0,NA,"C27 H28 O12",27,28,12,NA,NA,NA,NA,NA,NA,NA,NA
4682,543.173054,543.171950560925,543.171929173413,5723733,NA,215454.9,28.39,-1,0.0393752159193689,0.499859360069563,0.792708917554682,0.61699918306361,9,1.33333333333333,0.583333333333333,"O14","de-protonated",0,NA,"C24 H32 O14",24,32,14,NA,NA,NA,NA,NA,NA,NA,NA
4684,543.188087,543.186983520862,543.187185314698,3839575,NA,201726.6,18.31,-1,-0.371499625067256,0.487634430605101,0.766236582456902,0.599075291345822,13,1.14285714285714,0.392857142857143,"O11","de-protonated",0,NA,"C28 H32 O11",28,32,11,NA,NA,NA,NA,NA,NA,NA,NA
4685,543.201413,543.200309485348,543.20007247432,7974489,NA,196924.6,40.44,-1,0.436323632378379,0.483022967255854,0.785920818505338,0.604182107755648,8,1.48,0.44,"P1 O11","de-protonated",0,NA,"C25 H37 O11 P1",25,37,11,NA,1,NA,NA,NA,NA,NA,NA
4686,543.209411,543.208307464034,543.208314682797,2981466,NA,196334.3,13.72,-1,-0.0132891250905648,0.999967956521954,0,0.599980773913173,8,1.44,0.52,"O13","de-protonated",0,NA,"C25 H36 O13",25,36,13,NA,NA,NA,NA,NA,NA,NA,NA
4687,543.224645,543.223541423436,543.223570824082,2309724.3,NA,221053,10.13,-1,-0.0541225528845876,0.999468632528755,0,0.599681179517253,12,1.24137931034483,0.344827586206897,"O10","de-protonated",0,NA,"C29 H36 O10",29,36,10,NA,NA,NA,NA,NA,NA,NA,NA
4688,543.237751,543.236647388508,543.236457983704,4267614,NA,178025.2,20.6,-1,0.348659964456751,0.988902137630423,0.826302495180896,0.923862280650612,7,1.57692307692308,0.384615384615385,"P1 O10","de-protonated",0,NA,"C26 H41 O10 P1",26,41,10,NA,1,NA,NA,NA,NA,NA,NA
4692,544.095871,544.094765101631,544.094896384208,1765077.1,NA,213543.8,7.21,-1,-0.241286175191693,0.989491836207095,0,0.593695101724257,15,1,0.333333333333333,"N3 S1 P1 O8","de-protonated",0,NA,"C24 H24 O8 S1 N3 P1",24,24,8,3,1,1,NA,NA,NA,NA,NA
4693,544.111142,544.110036060934,544.110152525492,1766871.3,NA,163114.1,7.22,-1,-0.214045920516117,0.991721268404869,0,0.595032761042921,19,0.857142857142857,0.178571428571429,"N3 S1 P1 O5","de-protonated",0,NA,"C28 H24 O5 S1 N3 P1",28,24,5,3,1,1,NA,NA,NA,NA,NA
4694,544.131908,544.130802005593,544.130792636222,2845402,NA,201986.6,12.99,-1,0.0172189691927057,0.999946203199883,0,0.59996772191993,10,1.22727272727273,0.681818181818182,"N1 O15","de-protonated",0,NA,"C22 H27 O15 N1",22,27,15,1,NA,NA,NA,NA,NA,NA,NA
4695,544.147183,544.146076964885,544.146048777506,1867484.1,NA,166772,7.76,-1,0.051801127828298,0.999513226938167,0,0.5997079361629,14,1.03846153846154,0.461538461538462,"N1 O12","de-protonated",0,NA,"C26 H27 O12 N1",26,27,12,1,NA,NA,NA,NA,NA,NA,NA
4696,544.168151,544.167044909006,544.167178145606,3436255,NA,193727.8,16.15,-1,-0.244844976483266,0.989181269375603,0,0.593508761625362,9,1.34782608695652,0.608695652173913,"N1 O14","de-protonated",0,NA,"C23 H31 O14 N1",23,31,14,1,NA,NA,NA,NA,NA,NA,NA
4698,544.204891,544.203784811094,544.20356365499,2351844,NA,217134.5,10.35,-1,0.406384887886094,0.970478519061457,0,0.582287111436874,8,1.45833333333333,0.541666666666667,"N1 O13","de-protonated",0,NA,"C24 H35 O13 N1",24,35,13,1,NA,NA,NA,NA,NA,NA,NA
4700,545.058379,545.057270536561,545.057293341639,4185943.5,NA,187161.6,20.16,-1,-0.0418397800440516,0.499841206161985,0.792708917554682,0.616988290719064,16,0.75,0.625,"O15","de-protonated",0,NA,"C24 H18 O15",24,18,15,NA,NA,NA,NA,NA,NA,NA,NA
4702,545.094845,545.09373643938,545.093678851023,5316444.5,NA,175699.4,26.21,-1,0.105648550568338,0.498988394426555,0.785920818505338,0.613761364058068,15,0.88,0.56,"O14","de-protonated",0,NA,"C25 H22 O14",25,22,14,NA,NA,NA,NA,NA,NA,NA,NA
4704,545.116063,545.114954382834,545.114808219122,3243871.3,NA,202722.8,15.12,-1,0.268133813277812,0.987039334355897,0,0.592223600613538,10,1.18181818181818,0.727272727272727,"O16","de-protonated",0,NA,"C22 H26 O16",22,26,16,NA,NA,NA,NA,NA,NA,NA,NA
4705,545.12559,545.124481357445,545.124542006677,3064672.5,NA,175341,14.16,-1,-0.111257570534117,0.997756503750901,0,0.59865390225054,0,2.33333333333333,0.866666666666667,"N2 S2 P1 O13","de-protonated",0,NA,"C15 H35 O13 S2 N2 P1",15,35,13,2,1,2,NA,NA,NA,NA,NA
4706,545.131061,545.129952342865,545.130064360407,5121889,NA,175535.4,25.17,-1,-0.205487734924601,0.496183783667532,0.779247987650237,0.609409465260614,14,1,0.5,"O13","de-protonated",0,NA,"C26 H26 O13",26,26,13,NA,NA,NA,NA,NA,NA,NA,NA
4708,545.15229,545.15118128629,545.151193728507,3211108,NA,211786.4,14.95,-1,-0.0228234236424423,0.999905486273431,0,0.599943291764059,9,1.30434782608696,0.652173913043478,"O15","de-protonated",0,NA,"C23 H30 O15",23,30,15,NA,NA,NA,NA,NA,NA,NA,NA
4710,545.167701,545.16659224522,545.166449869791,5244774,NA,195508.8,25.83,-1,0.26115955668552,0.993842325909294,0.95177841659545,0.977016762183756,13,1.11111111111111,0.444444444444444,"O12","de-protonated",0,NA,"C27 H30 O12",27,30,12,NA,NA,NA,NA,NA,NA,NA,NA
4711,545.180703,545.17959421057,545.179337029413,8722280,NA,193238.5,44.44,-1,0.471736800699082,0.969390647402481,0.977312873486052,0.972559537835909,8,1.45833333333333,0.5,"P1 O12","de-protonated",0,NA,"C24 H35 O12 P1",24,35,12,NA,1,NA,NA,NA,NA,NA,NA
4712,545.188635,545.187526189431,545.187579237891,1997160.9,NA,235284.2,8.45,-1,-0.0973031336812622,0.998283536825566,0,0.59897012209534,8,1.41666666666667,0.583333333333333,"O14","de-protonated",0,NA,"C24 H34 O14",24,34,14,NA,NA,NA,NA,NA,NA,NA,NA
4714,545.204024,545.20291514842,545.202835379176,5996395,NA,188247.4,29.85,-1,0.146311131654313,0.498061635766936,0.766236582456902,0.605331614442922,12,1.21428571428571,0.392857142857143,"O11","de-protonated",0,NA,"C28 H34 O11",28,34,11,NA,NA,NA,NA,NA,NA,NA,NA
4716,545.240385,545.239276051518,545.23922088856,2457455.8,NA,196752.4,10.91,-1,0.10117202851988,0.998144454938974,0,0.598886672963384,11,1.31034482758621,0.344827586206897,"O10","de-protonated",0,NA,"C29 H38 O10",29,38,10,NA,NA,NA,NA,NA,NA,NA,NA
4717,545.253447,545.252338016708,545.252108048182,2149745.5,NA,204934.3,9.27,-1,0.421765496400005,0.968238144111187,0,0.580942886466712,6,1.65384615384615,0.384615384615385,"P1 O10","de-protonated",0,NA,"C26 H43 O10 P1",26,43,10,NA,1,NA,NA,NA,NA,NA,NA
4720,546.090028,546.088916787232,546.088927823216,2330591.5,NA,220308.8,10.24,-1,-0.0202091332390139,0.999925897457176,0,0.599955538474306,15,0.875,0.583333333333333,"N1 O14","de-protonated",0,NA,"C24 H21 O14 N1",24,21,14,1,NA,NA,NA,NA,NA,NA,NA
4721,546.126616,546.125504689725,546.1253133326,2083300.4,NA,201320.4,8.91,-1,0.350390506647549,0.977969210464048,0,0.586781526278429,14,1,0.52,"N1 O13","de-protonated",0,NA,"C25 H25 O13 N1",25,25,13,1,NA,NA,NA,NA,NA,NA,NA
4723,546.147691,546.146579633561,546.1464427007,2064359,NA,223872.4,8.81,-1,0.250725539191509,0.988658344575741,0,0.593195006745444,9,1.31818181818182,0.681818181818182,"N1 O15","de-protonated",0,NA,"C22 H29 O15 N1",22,29,15,1,NA,NA,NA,NA,NA,NA,NA
4724,546.162598,546.161486593834,546.161698841984,2041833,NA,186658.8,8.69,-1,-0.38861778642295,0.972968990596188,0,0.583781394357713,13,1.11538461538462,0.461538461538462,"N1 O12","de-protonated",0,NA,"C26 H29 O12 N1",26,29,12,1,NA,NA,NA,NA,NA,NA,NA
4727,546.220326,546.21921443999,546.219213719468,2037232.5,NA,208296.4,8.67,-1,0.00131910680942163,0.999999684271574,0,0.599999810562944,7,1.54166666666667,0.541666666666667,"N1 O13","de-protonated",0,NA,"C24 H37 O13 N1",24,37,13,1,NA,NA,NA,NA,NA,NA,NA
4728,547.037789,547.036675261463,547.036557896732,2370649.3,NA,206370.8,10.45,-1,0.214546411579423,0.991682669433812,0,0.595009601660287,16,0.695652173913043,0.695652173913043,"O16","de-protonated",0,NA,"C23 H16 O16",23,16,16,NA,NA,NA,NA,NA,NA,NA,NA
4729,547.074113,547.07299916466,547.072943406117,4845662,NA,189204,23.69,-1,0.10192158815055,0.499058442249689,0.792708917554682,0.616518632371686,15,0.833333333333333,0.625,"O15","de-protonated",0,NA,"C24 H20 O15",24,20,15,NA,NA,NA,NA,NA,NA,NA,NA
4731,547.110386,547.109272067993,547.109328915501,7161954.5,NA,179592.7,36.09,-1,-0.10390520718966,0.993815417469295,0.984539541476856,0.990105067072319,14,0.96,0.56,"O14","de-protonated",0,NA,"C25 H24 O14",25,24,14,NA,NA,NA,NA,NA,NA,NA,NA
4733,547.140979,547.139864986463,547.139841198071,2283366.3,NA,147469.5,9.98,-1,0.043477719155908,0.999657064175387,0,0.599794238505232,22,0.727272727272727,0.242424242424242,"O8","de-protonated",0,NA,"C33 H24 O8",33,24,8,NA,NA,NA,NA,NA,NA,NA,NA
4734,547.146904,547.145789970673,547.145714424885,8501351,NA,189779.6,43.25,-1,0.13807252017732,0.49827341720124,0.779247987650237,0.610663245380839,13,1.07692307692308,0.5,"O13","de-protonated",0,NA,"C26 H28 O13",26,28,13,NA,NA,NA,NA,NA,NA,NA,NA
4736,547.177276,547.176161889732,547.176226707455,2372714.8,NA,152879,10.46,-1,-0.118458587630018,0.99745707147811,0,0.598474242886866,21,0.823529411764706,0.205882352941176,"O7","de-protonated",0,NA,"C34 H28 O7",34,28,7,NA,NA,NA,NA,NA,NA,NA,NA
4737,547.18333,547.182215873598,547.182099934269,7915627.5,NA,195378.4,40.12,-1,0.211884359327073,0.995942859290499,0.965317063369919,0.983692540922267,12,1.18518518518519,0.444444444444444,"O12","de-protonated",0,NA,"C27 H32 O12",27,32,12,NA,NA,NA,NA,NA,NA,NA,NA
4739,547.213508,547.212393793174,547.212612216839,1970543.4,NA,134375.7,8.31,-1,-0.399156854520519,0.97150435376336,0,0.582902612258016,20,0.914285714285714,0.171428571428571,"O6","de-protonated",0,NA,"C35 H32 O6",35,32,6,NA,NA,NA,NA,NA,NA,NA,NA
4740,547.219711,547.218596776643,547.218485443654,5084272,NA,174986.1,24.97,-1,0.203452537610014,0.994322066084358,0.967450327488137,0.983573370645869,11,1.28571428571429,0.392857142857143,"O11","de-protonated",0,NA,"C28 H36 O11",28,36,11,NA,NA,NA,NA,NA,NA,NA,NA
4742,547.256169,547.255054679483,547.254870953038,2221684.8,NA,179532.2,9.65,-1,0.335723727636046,0.97975654869468,0,0.587853929216808,10,1.37931034482759,0.344827586206897,"O10","de-protonated",0,NA,"C29 H40 O10",29,40,10,NA,NA,NA,NA,NA,NA,NA,NA
4745,548.06954,548.068423511861,548.06819237831,2335962,NA,181668.1,10.26,-1,0.421724075567766,0.968244282239052,0,0.580946569343431,15,0.826086956521739,0.652173913043478,"N1 O15","de-protonated",0,NA,"C23 H19 O15 N1",23,19,15,1,NA,NA,NA,NA,NA,NA,NA
4746,548.105546,548.104429415906,548.104577887694,1755358.5,NA,217975.3,7.16,-1,-0.270882225451528,0.98677404888157,0,0.592064429328942,14,0.958333333333333,0.583333333333333,"N1 O14","de-protonated",0,NA,"C24 H23 O14 N1",24,23,14,1,NA,NA,NA,NA,NA,NA,NA
4748,548.126345,548.125228360477,548.125194191457,1777889.1,NA,178624.5,7.28,-1,0.0623379855033643,0.99929513450548,0,0.599577080703288,27,0.558823529411765,0.147058823529412,"N3 O5","de-protonated",0,NA,"C34 H19 O5 N3",34,19,5,3,NA,NA,NA,NA,NA,NA,NA
4749,548.142109,548.140992318466,548.140963397078,2287331,NA,159961.4,10,-1,0.0527626831615886,0.999494992428191,0,0.599696995456914,13,1.08,0.52,"N1 O13","de-protonated",0,NA,"C25 H27 O13 N1",25,27,13,1,NA,NA,NA,NA,NA,NA,NA
4751,548.17867,548.177553221032,548.177348906462,2746599.5,NA,181122.9,12.46,-1,0.372716183306738,0.975108656858372,0,0.585065194115023,12,1.19230769230769,0.461538461538462,"N1 O12","de-protonated",0,NA,"C26 H31 O12 N1",26,31,12,1,NA,NA,NA,NA,NA,NA,NA
4755,549.053545,549.052425889503,549.05220796121,2767185.5,NA,194567.1,12.57,-1,0.396917249810242,0.971818689456442,0,0.583091213673865,15,0.782608695652174,0.695652173913043,"O16","de-protonated",0,NA,"C23 H18 O16",23,18,16,NA,NA,NA,NA,NA,NA,NA,NA
4756,549.089797,549.088677792892,549.088593470595,6510934,NA,196599.2,32.6,-1,0.153567744756213,0.994303478290228,0.977551621366034,0.98760273552055,14,0.916666666666667,0.625,"O15","de-protonated",0,NA,"C24 H22 O15",24,22,15,NA,NA,NA,NA,NA,NA,NA,NA
4758,549.120764,549.119644710365,549.119595010535,2471257.8,NA,139510.7,10.99,-1,0.0905082074906388,0.99851472444771,0,0.599108834668626,26,0.657142857142857,0.0285714285714286,"N2 S1 P1 O1","de-protonated",0,NA,"C35 H23 O1 S1 N2 P1",35,23,1,2,1,1,NA,NA,NA,NA,NA
4759,549.125992,549.124872696432,549.124978979979,10101082,NA,181518.9,51.81,-1,-0.19355074090148,0.990417516256492,0.999466073757894,0.994036939257053,13,1.04,0.56,"O14","de-protonated",0,NA,"C25 H26 O14",25,26,14,NA,NA,NA,NA,NA,NA,NA,NA
4761,549.162442,549.161322599294,549.161364489363,9482591,NA,189134.9,48.5,-1,-0.0762800737484422,0.978308615149614,0.970316320666678,0.97511169735644,12,1.15384615384615,0.5,"O13","de-protonated",0,NA,"C26 H30 O13",26,30,13,NA,NA,NA,NA,NA,NA,NA,NA
4762,549.175578,549.174458564286,549.174251648985,3251552.3,NA,217661.6,15.16,-1,0.376775314156408,0.9745705274354,0,0.58474231646124,7,1.52173913043478,0.565217391304348,"P1 O13","de-protonated",0,NA,"C23 H35 O13 P1",23,35,13,NA,1,NA,NA,NA,NA,NA,NA
4763,549.191074,549.18995452299,549.189704494762,2817378,NA,151532.5,12.84,-1,0.455267506698027,0.963089822874761,0,0.577853893724857,3,2,0.941176470588235,"N4 O16","de-protonated",0,NA,"C17 H34 O16 N4",17,34,16,4,NA,NA,NA,NA,NA,NA,NA
4764,549.198919,549.197799502083,549.197749998747,8808803,NA,185424,44.9,-1,0.0901375426565138,0.991268008821067,0.988157337537644,0.990023740307698,11,1.25925925925926,0.444444444444444,"O12","de-protonated",0,NA,"C27 H34 O12",27,34,12,NA,NA,NA,NA,NA,NA,NA,NA
4766,549.227306,549.226186426432,549.226090004147,2682726.3,NA,178043,12.12,-1,0.175560278687573,0.994423104324315,0,0.596653862594589,2,2.11111111111111,0.833333333333333,"N4 O15","de-protonated",0,NA,"C18 H38 O15 N4",18,38,15,4,NA,NA,NA,NA,NA,NA,NA
4767,549.235408,549.23428840484,549.234135508132,4191591.3,NA,189487.8,20.19,-1,0.278381656850293,0.493018396167829,0.766236582456902,0.602305670683458,10,1.35714285714286,0.392857142857143,"O11","de-protonated",0,NA,"C28 H38 O11",28,38,11,NA,NA,NA,NA,NA,NA,NA,NA
4768,549.248286,549.247166370521,549.247022667754,2088808.9,NA,183307.2,8.94,-1,0.261635950783761,0.987656045239759,0,0.592593627143855,5,1.72,0.44,"P1 O11","de-protonated",0,NA,"C25 H43 O11 P1",25,43,11,NA,1,NA,NA,NA,NA,NA,NA
4770,550.084917,550.083795140911,550.083842442788,2176459.3,NA,238287.2,9.41,-1,-0.0859903030111705,0.998659207800119,0,0.599195524680071,14,0.91304347826087,0.652173913043478,"N1 O15","de-protonated",0,NA,"C23 H21 O15 N1",23,21,15,1,NA,NA,NA,NA,NA,NA,NA
4772,550.121601,550.120479043149,550.120227952172,4389327.5,NA,185112.6,21.25,-1,0.456429275820054,0.481452373642659,0.792708917554682,0.605954991207468,13,1.04166666666667,0.583333333333333,"N1 O14","de-protonated",0,NA,"C24 H25 O14 N1",24,25,14,1,NA,NA,NA,NA,NA,NA,NA
4774,550.158001,550.156878946144,550.156613461556,3730899.8,NA,161467.8,17.73,-1,0.482561839545924,0.958627009276179,0,0.575176205565708,12,1.16,0.52,"N1 O13","de-protonated",0,NA,"C25 H29 O13 N1",25,29,13,1,NA,NA,NA,NA,NA,NA,NA
4776,550.194153,550.193030849799,550.19299897094,2493400,NA,198450,11.1,-1,0.0579412291598798,0.999391028502418,0,0.599634617101451,11,1.26923076923077,0.461538461538462,"N1 O12","de-protonated",0,NA,"C26 H33 O12 N1",26,33,12,1,NA,NA,NA,NA,NA,NA,NA
4778,550.230673,550.229550752474,550.229384480325,1932764.3,NA,165999.7,8.1,-1,0.30218696735323,0.983567173510157,0,0.590140304106094,10,1.37037037037037,0.407407407407407,"N1 O11","de-protonated",0,NA,"C27 H37 O11 N1",27,37,11,1,NA,NA,NA,NA,NA,NA,NA
4780,551.06912,551.067995518025,551.067858025688,4359740,NA,194040,21.09,-1,0.249501644003154,0.494384089149099,0.799615297578637,0.616476572520914,14,0.869565217391304,0.695652173913043,"O16","de-protonated",0,NA,"C23 H20 O16",23,20,16,NA,NA,NA,NA,NA,NA,NA,NA
4781,551.105494,551.104369421089,551.104243535073,9019968,NA,190624.8,46.03,-1,0.228425053151493,0.495288523231178,0.792708917554682,0.614256680960579,13,1,0.625,"O15","de-protonated",0,NA,"C24 H24 O15",24,24,15,NA,NA,NA,NA,NA,NA,NA,NA
4782,551.134159,551.133034344697,551.133256215905,3655235.5,NA,154458.1,17.32,-1,-0.402572709351448,0.971021719684208,0,0.582613031810525,11,1.26923076923077,0.269230769230769,"S2 P1 O7","de-protonated",0,NA,"C26 H33 O7 S2 P1",26,33,7,NA,1,2,NA,NA,NA,NA,NA
4783,551.141952,551.140827323929,551.140629044457,12862020,NA,191472.1,66.59,-1,0.359762030229243,0.973783009364515,0.97893240761137,0.975842768663257,12,1.12,0.56,"O14","de-protonated",0,NA,"C25 H28 O14",25,28,14,NA,NA,NA,NA,NA,NA,NA,NA
4784,551.170135,551.169010248821,551.168772345364,4559431.5,NA,172609.8,22.16,-1,0.431634500168354,0.982108910287705,0.810711375514289,0.913549896378339,11,1.26923076923077,0.423076923076923,"P1 O11","de-protonated",0,NA,"C26 H33 O11 P1",26,33,11,NA,1,NA,NA,NA,NA,NA,NA
4785,551.178193,551.177068227347,551.177014553841,12591688,NA,184923.8,65.14,-1,0.0973797968469383,0.995432733447505,0.971816862007058,0.985986384871326,11,1.23076923076923,0.5,"O13","de-protonated",0,NA,"C26 H32 O13",26,32,13,NA,NA,NA,NA,NA,NA,NA,NA
4786,551.206356,551.205231152293,551.205024912966,4008523.5,NA,187163.8,19.21,-1,0.374160824185882,0.487458885596004,0.707195036525566,0.575353345967829,23,0.842105263157895,0.0526315789473684,"S1 O2","de-protonated",0,NA,"C38 H32 O2 S1",38,32,2,NA,NA,1,NA,NA,NA,NA,NA
4787,551.214531,551.213406130507,551.213400063225,6236748.5,NA,194178.8,31.13,-1,0.0110071364471081,0.49998900822679,0.772687513667176,0.609068410402944,10,1.33333333333333,0.444444444444444,"O12","de-protonated",0,NA,"C27 H36 O12",27,36,12,NA,NA,NA,NA,NA,NA,NA,NA
4789,551.24301,551.241885054611,551.241740068625,2947663.8,NA,179640,13.53,-1,0.263017067419681,0.987526197756429,0,0.592515718653857,1,2.22222222222222,0.833333333333333,"N4 O15","de-protonated",0,NA,"C18 H40 O15 N4",18,40,15,4,NA,NA,NA,NA,NA,NA,NA
4790,551.25089,551.24976503361,551.24978557261,2800208.5,NA,210478.7,12.75,-1,-0.0372589702578056,0.999748139055602,0,0.599848883433361,9,1.42857142857143,0.392857142857143,"O11","de-protonated",0,NA,"C28 H40 O11",28,40,11,NA,NA,NA,NA,NA,NA,NA,NA
4791,551.26386,551.262734999046,551.26253979045,2082386,NA,192533,8.9,-1,0.354111845670933,0.977504098617155,0,0.586502459170293,17,1.11111111111111,0.0833333333333333,"S1 O3","de-protonated",0,NA,"C36 H40 O3 S1",36,40,3,NA,NA,1,NA,NA,NA,NA,NA
4792,551.278869,551.277743959047,551.277928873517,1996115.8,NA,154107.1,8.44,-1,-0.335428755932987,0.979791743726388,0,0.587875046235833,8,1.55172413793103,0.275862068965517,"P1 O8","de-protonated",0,NA,"C29 H45 O8 P1",29,45,8,NA,1,NA,NA,NA,NA,NA,NA
4795,552.100358,552.099230769791,552.099492507266,2115758.8,NA,223019,9.08,-1,-0.474076644690916,0.960039979550757,0,0.576023987730454,13,1,0.652173913043478,"N1 O15","de-protonated",0,NA,"C23 H23 O15 N1",23,23,15,1,NA,NA,NA,NA,NA,NA,NA
4796,552.136902,552.135774672401,552.13587801665,2651827,NA,198371.2,11.95,-1,-0.187171768040177,0.99366342038002,0,0.596198052228012,12,1.125,0.583333333333333,"N1 O14","de-protonated",0,NA,"C24 H27 O14 N1",24,27,14,1,NA,NA,NA,NA,NA,NA,NA
4800,552.210069,552.208941477412,552.209138292789,2306235,NA,190592.6,10.1,-1,-0.356414558815049,0.977213944983971,0,0.586328366990383,14,1.24137931034483,0.137931034482759,"N3 S1 P1 O4","de-protonated",0,NA,"C29 H36 O4 S1 N3 P1",29,36,4,3,1,1,NA,NA,NA,NA,NA
4801,552.218428,552.217300455136,552.217380501266,2254523.8,NA,201389.3,9.82,-1,-0.144954022127689,0.996194718849766,0,0.597716831309859,14,1.20689655172414,0.206896551724138,"N3 S1 O6","de-protonated",0,NA,"C29 H35 O6 S1 N3",29,35,6,3,NA,1,NA,NA,NA,NA,NA
4803,553.048034,553.046904244248,553.047122580782,2058517.3,NA,204694.5,8.78,-1,-0.394788301143687,0.972115948014759,0,0.583269568808855,14,0.818181818181818,0.772727272727273,"O17","de-protonated",0,NA,"C22 H18 O17",22,18,17,NA,NA,NA,NA,NA,NA,NA,NA
4804,553.084535,553.083405146973,553.083508090166,6724377,NA,179656.4,33.74,-1,-0.18612594919657,0.496866905947311,0.799615297578637,0.617966262599842,13,0.956521739130435,0.695652173913043,"O16","de-protonated",0,NA,"C23 H22 O16",23,22,16,NA,NA,NA,NA,NA,NA,NA,NA
4805,553.112953,553.11182307124,553.111651391073,3304220.3,NA,173257.7,15.44,-1,0.31038971286745,0.982670819462413,0,0.589602491677448,12,1.125,0.541666666666667,"P1 O13","de-protonated",0,NA,"C24 H27 O13 P1",24,27,13,NA,1,NA,NA,NA,NA,NA,NA
4806,553.121166,553.120036049352,553.119893599551,10711837,NA,182844.2,55.08,-1,0.257538742281702,0.993911349526117,0.992934383937023,0.993520563290479,12,1.08333333333333,0.625,"O15","de-protonated",0,NA,"C24 H26 O15",24,26,15,NA,NA,NA,NA,NA,NA,NA,NA
4808,553.157486,553.15635595256,553.156279108935,11997985,NA,188713.7,61.96,-1,0.13891847214626,0.9970562200391,0.989709380159189,0.994117484087136,11,1.2,0.56,"O14","de-protonated",0,NA,"C25 H30 O14",25,30,14,NA,NA,NA,NA,NA,NA,NA,NA
4809,553.185806,553.184675877088,553.184422409842,6759204,NA,186197.2,33.93,-1,0.458196643860543,0.980250330213133,0.903026792156993,0.949360914990677,10,1.34615384615385,0.423076923076923,"P1 O11","de-protonated",0,NA,"C26 H35 O11 P1",26,35,11,NA,1,NA,NA,NA,NA,NA,NA
4810,553.19394,553.192809855411,553.192664618319,7746341,NA,180388.1,39.21,-1,0.262543415299665,0.978958609719743,0.972257588850967,0.976278201372233,10,1.30769230769231,0.5,"O13","de-protonated",0,NA,"C26 H34 O13",26,34,13,NA,NA,NA,NA,NA,NA,NA,NA
4811,553.222265,553.221134779925,553.221004623718,4529960,NA,178373.5,22,-1,0.235269820830274,0.99000674032246,0,0.594004044193476,1,2.23529411764706,0.941176470588235,"N4 O16","de-protonated",0,NA,"C17 H38 O16 N4",17,38,16,4,NA,NA,NA,NA,NA,NA,NA
4812,553.230265,553.229134758605,553.229050127703,3717928.5,NA,178075.8,17.65,-1,0.152976243187319,0.497881394536814,0.772687513667176,0.607803842188959,9,1.40740740740741,0.444444444444444,"O12","de-protonated",0,NA,"C27 H38 O12",27,38,12,NA,NA,NA,NA,NA,NA,NA,NA
4813,553.258537,553.257406683261,553.25719342861,2541355.5,NA,176630.9,11.36,-1,0.385453009729773,0.973401577242263,0,0.584040946345358,8,1.53571428571429,0.321428571428571,"P1 O9","de-protonated",0,NA,"C28 H43 O9 P1",28,43,9,NA,1,NA,NA,NA,NA,NA,NA
4816,554.059055,554.057922549892,554.05811695163,1822847.3,NA,170100.2,7.51,-1,-0.35086885742221,0.977909686622968,0,0.586745811973781,22,0.642857142857143,0.214285714285714,"N3 S1 P1 O6","de-protonated",0,NA,"C28 H18 O6 S1 N3 P1",28,18,6,3,1,1,NA,NA,NA,NA,NA
4817,554.116608,554.115475396514,554.115631829114,2213253.3,NA,185819.7,9.6,-1,-0.282310389503295,0.985642755311765,0,0.591385653187059,16,1,0.269230769230769,"N3 S1 P1 O7","de-protonated",0,NA,"C26 H26 O7 S1 N3 P1",26,26,7,3,1,1,NA,NA,NA,NA,NA
4819,554.153037,554.151904299431,554.152017338498,3541897,NA,183039.9,16.71,-1,-0.203985663516734,0.992478323241795,0,0.595486993945077,15,1.11111111111111,0.222222222222222,"N3 S1 P1 O6","de-protonated",0,NA,"C27 H30 O6 S1 N3 P1",27,30,6,3,1,1,NA,NA,NA,NA,NA
4823,554.225457,554.224324106433,554.224299099896,2119056.5,NA,207652.1,9.1,-1,0.0451198847035673,0.999630674256948,0,0.599778404554169,9,1.42307692307692,0.461538461538462,"N1 O12","de-protonated",0,NA,"C26 H37 O12 N1",26,37,12,1,NA,NA,NA,NA,NA,NA,NA
4824,554.531948,554.530814289639,554.530639316256,3311535.8,NA,140364.2,15.48,-1,0.315534202783573,0.49104841832602,0.707195036525566,0.577507065605838,5,1.81578947368421,0.0263157894736842,"N1 O1","de-protonated",0,NA,"C38 H69 O1 N1",38,69,1,1,NA,NA,NA,NA,NA,NA,NA
4826,555.064028,555.062892871654,555.06277264526,3580901.5,NA,195454.1,16.92,-1,0.216599634391517,0.991523392766016,0,0.594914035659609,13,0.909090909090909,0.772727272727273,"O17","de-protonated",0,NA,"C22 H20 O17",22,20,17,NA,NA,NA,NA,NA,NA,NA,NA
4827,555.079169,555.078033831303,555.078028786545,3096551,NA,172632.2,14.33,-1,0.00908837657537092,0.999985012706886,0,0.599991007624132,17,0.769230769230769,0.538461538461538,"O14","de-protonated",0,NA,"C26 H20 O14",26,20,14,NA,NA,NA,NA,NA,NA,NA,NA
4828,555.100396,555.099260774733,555.099158154644,6898665,NA,189259.9,34.67,-1,0.184868032573228,0.496908981614216,0.799615297578637,0.617991507999984,12,1.04347826086957,0.695652173913043,"O16","de-protonated",0,NA,"C23 H24 O16",23,24,16,NA,NA,NA,NA,NA,NA,NA,NA
4829,555.11579,555.114654733709,555.114414295929,2244330.8,NA,117769.1,9.77,-1,0.433131933250405,0.966532487659311,0,0.579919492595587,16,0.888888888888889,0.481481481481481,"O13","de-protonated",0,NA,"C27 H24 O13",27,24,13,NA,NA,NA,NA,NA,NA,NA,NA
4830,555.128671,555.127535699381,555.127301455551,5012460,NA,208143.6,24.58,-1,0.421964167874025,0.977912855272983,0.876364653427916,0.937293574534957,11,1.20833333333333,0.541666666666667,"P1 O13","de-protonated",0,NA,"C24 H29 O13 P1",24,29,13,NA,1,NA,NA,NA,NA,NA,NA
4831,555.13665,555.135514678117,555.135543664029,8573933,NA,185878.1,43.64,-1,-0.0522141157121323,0.983613095095556,0.971712396561807,0.978852815682057,11,1.16666666666667,0.625,"O15","de-protonated",0,NA,"C24 H28 O15",24,28,15,NA,NA,NA,NA,NA,NA,NA,NA
4832,555.151766,555.150630637833,555.150799805313,2259950.3,NA,168534.2,9.85,-1,-0.304723474175262,0.983292474025826,0,0.589975484415496,15,1,0.428571428571429,"O12","de-protonated",0,NA,"C28 H28 O12",28,28,12,NA,NA,NA,NA,NA,NA,NA,NA
4833,555.165013,555.16387760253,555.163686964935,8145903.5,NA,195058.8,41.35,-1,0.343389885033899,0.987344143527047,0.896496633325586,0.951005139446462,10,1.32,0.48,"P1 O12","de-protonated",0,NA,"C25 H33 O12 P1",25,33,12,NA,1,NA,NA,NA,NA,NA,NA
4834,555.173081,555.171945581029,555.171929173413,7349232.5,NA,191490.5,37.08,-1,0.0295541168101174,0.987616363148915,0.980395379164203,0.98472796955503,10,1.28,0.56,"O14","de-protonated",0,NA,"C25 H32 O14",25,32,14,NA,NA,NA,NA,NA,NA,NA,NA
4835,555.201419,555.200283505509,555.20007247432,6853619,NA,183512.4,34.43,-1,0.380099353785378,0.969414494554145,0.914824184961396,0.947578370717045,9,1.42307692307692,0.423076923076923,"P1 O11","de-protonated",0,NA,"C26 H37 O11 P1",26,37,11,NA,1,NA,NA,NA,NA,NA,NA
4836,555.20947,555.208334484053,555.208314682797,5155828,NA,198382.1,25.35,-1,0.0356645515782137,0.499884615558389,0.779247987650237,0.611629964395129,9,1.38461538461538,0.5,"O13","de-protonated",0,NA,"C26 H36 O13",26,36,13,NA,NA,NA,NA,NA,NA,NA,NA
4837,555.237945,555.236809408167,555.236654688196,4709367,NA,193983.2,22.96,-1,0.278655902232751,0.986009460756029,0,0.591605676453617,0,2.35294117647059,0.941176470588235,"N4 O16","de-protonated",0,NA,"C17 H40 O16 N4",17,40,16,4,NA,NA,NA,NA,NA,NA,NA
4838,555.245906,555.244770386951,555.244700192181,2443255.5,NA,196459.2,10.83,-1,0.126421323622441,0.997104224265189,0,0.598262534559113,8,1.48148148148148,0.444444444444444,"O12","de-protonated",0,NA,"C27 H40 O12",27,40,12,NA,NA,NA,NA,NA,NA,NA,NA
4849,557.058694,557.057553555898,557.057293341639,2622119,NA,194973.8,11.79,-1,0.467122973644247,0.961180746497021,0,0.576708447898213,17,0.72,0.6,"O15","de-protonated",0,NA,"C25 H18 O15",25,18,15,NA,NA,NA,NA,NA,NA,NA,NA
4850,557.079764,557.078623499747,557.078422709738,2689193,NA,202141.2,12.15,-1,0.360434007965294,0.976703176700841,0,0.586021906020504,12,1,0.772727272727273,"O17","de-protonated",0,NA,"C22 H22 O17",22,22,17,NA,NA,NA,NA,NA,NA,NA,NA
4851,557.09468,557.093539459996,557.093678851023,3733674.3,NA,195759.2,17.74,-1,-0.250211108850678,0.988704574118571,0,0.593222744471143,16,0.846153846153846,0.538461538461538,"O14","de-protonated",0,NA,"C26 H22 O14",26,22,14,NA,NA,NA,NA,NA,NA,NA,NA
4853,557.115757,557.114616403826,557.114808219122,5977260.5,NA,185260.4,29.74,-1,-0.344301198661052,0.489360075673483,0.799615297578637,0.613462164435545,11,1.1304347826087,0.695652173913043,"O16","de-protonated",0,NA,"C23 H26 O16",23,26,16,NA,NA,NA,NA,NA,NA,NA,NA
4854,557.131273,557.130132362476,557.130064360407,3613869.8,NA,185062,17.1,-1,0.122057797927569,0.498650204349678,0.772687513667176,0.608265128076677,15,0.962962962962963,0.481481481481481,"O13","de-protonated",0,NA,"C27 H26 O13",27,26,13,NA,NA,NA,NA,NA,NA,NA,NA
4856,557.152443,557.151302306058,557.151193728507,5993647.5,NA,183280,29.83,-1,0.194879868916207,0.49656630062956,0.792708917554682,0.615023347399609,10,1.25,0.625,"O15","de-protonated",0,NA,"C24 H30 O15",24,30,15,NA,NA,NA,NA,NA,NA,NA,NA
4857,557.162078,557.160937280381,557.160927516061,2592944.8,NA,210287.2,11.63,-1,0.017525133537909,0.999944273162335,0,0.599966563897401,0,2.29411764705882,0.705882352941177,"N2 S2 P1 O12","de-protonated",0,NA,"C17 H39 O12 S2 N2 P1",17,39,12,2,1,2,NA,NA,NA,NA,NA
4858,557.167687,557.166546265433,557.166449869791,2964657.3,NA,197505.2,13.62,-1,0.173010492284403,0.994583486027678,0,0.596750091616607,14,1.07142857142857,0.428571428571429,"O12","de-protonated",0,NA,"C28 H30 O12",28,30,12,NA,NA,NA,NA,NA,NA,NA,NA
4860,557.188663,557.187522209533,557.187579237891,4481203,NA,201772,21.74,-1,-0.102350376211974,0.499050510787942,0.785920818505338,0.6137986338749,9,1.36,0.56,"O14","de-protonated",0,NA,"C25 H34 O14",25,34,14,NA,NA,NA,NA,NA,NA,NA,NA
4862,557.204151,557.203010168257,557.202835379176,2574516.5,NA,181982.5,11.53,-1,0.313690222432949,0.982303620074509,0,0.589382172044705,13,1.17241379310345,0.379310344827586,"O11","de-protonated",0,NA,"C29 H34 O11",29,34,11,NA,NA,NA,NA,NA,NA,NA,NA
4864,557.225506,557.224365111346,557.224454004646,1809078.6,NA,227538.5,7.44,-1,-0.159528711399121,0.995392883501936,0,0.597235730101162,12,1.3448275862069,0.172413793103448,"N2 S1 P1 O5","de-protonated",0,NA,"C29 H39 O5 S1 N2 P1",29,39,5,2,1,1,NA,NA,NA,NA,NA
4865,557.253324,557.252183037212,557.251975106401,2710713.3,NA,186711.6,12.26,-1,0.373136068886995,0.487526624059668,0.707195036525566,0.575393989046027,20,1,0.0526315789473684,"S1 O2","de-protonated",0,NA,"C38 H38 O2 S1",38,38,2,NA,NA,1,NA,NA,NA,NA,NA
4867,558.090242,558.089098806838,558.088927823216,1791750.3,NA,190038.6,7.35,-1,0.306373434981649,0.983112594998061,0,0.589867556998837,16,0.84,0.56,"N1 O14","de-protonated",0,NA,"C25 H21 O14 N1",25,21,14,1,NA,NA,NA,NA,NA,NA,NA
4868,558.147892,558.146748653201,558.14693195807,1998091.5,NA,211121.2,8.45,-1,-0.32841687044501,0.980619634293869,0,0.588371780576322,14,1.15384615384615,0.269230769230769,"N3 S1 P1 O7","de-protonated",0,NA,"C26 H30 O7 S1 N3 P1",26,30,7,3,1,1,NA,NA,NA,NA,NA
4869,558.183887,558.182743557275,558.182828210084,2627854.8,NA,182774.7,11.82,-1,-0.151657851928125,0.995835357610935,0,0.597501214566561,9,1.375,0.583333333333333,"N1 O14","de-protonated",0,NA,"C24 H33 O14 N1",24,33,14,1,NA,NA,NA,NA,NA,NA,NA
4870,558.220445,558.219301459849,558.219213719468,1812754,NA,228781.3,7.46,-1,0.157179076366526,0.995527295126982,0,0.597316377076189,8,1.48,0.52,"N1 O13","de-protonated",0,NA,"C25 H37 O13 N1",25,37,13,1,NA,NA,NA,NA,NA,NA,NA
4872,559.037718,559.036572281828,559.036557896732,1949530.9,NA,226100.6,8.19,-1,0.0257319411774709,0.99987986409076,0,0.599927918454456,17,0.666666666666667,0.666666666666667,"O16","de-protonated",0,NA,"C24 H16 O16",24,16,16,NA,NA,NA,NA,NA,NA,NA,NA
4873,559.074208,559.073062184583,559.072943406117,3236190.3,NA,183298.1,15.07,-1,0.212456116000381,0.991843289524962,0,0.595105973714977,16,0.8,0.6,"O15","de-protonated",0,NA,"C25 H20 O15",25,20,15,NA,NA,NA,NA,NA,NA,NA,NA
4875,559.095318,559.094172128325,559.094072774216,3168608,NA,208834.9,14.71,-1,0.177705530671061,0.994286370773046,0,0.596571822463828,11,1.09090909090909,0.772727272727273,"O17","de-protonated",0,NA,"C22 H24 O17",22,24,17,NA,NA,NA,NA,NA,NA,NA,NA
4876,559.110516,559.109370087822,559.109328915501,4816225.5,NA,186538,23.53,-1,0.0736391245634032,0.499508269187261,0.779247987650237,0.611404156572451,15,0.923076923076923,0.538461538461538,"O14","de-protonated",0,NA,"C26 H24 O14",26,24,14,NA,NA,NA,NA,NA,NA,NA,NA
4878,559.131676,559.130530031431,559.1304582836,3461475.3,NA,178604.3,16.28,-1,0.128320376721591,0.997016703224111,0,0.598210021934466,10,1.21739130434783,0.695652173913043,"O16","de-protonated",0,NA,"C23 H28 O16",23,28,16,NA,NA,NA,NA,NA,NA,NA,NA
4879,559.146852,559.145705990987,559.145714424885,5754212.5,NA,173924.9,28.55,-1,-0.0150835415560189,0.499979359438068,0.772687513667176,0.609062621129711,14,1.03703703703704,0.481481481481481,"O13","de-protonated",0,NA,"C27 H28 O13",27,28,13,NA,NA,NA,NA,NA,NA,NA,NA
4881,559.168157,559.16701093421,559.166843792985,2406246.5,NA,204189.5,10.63,-1,0.298911187807818,0.983918649369515,0,0.590351189621709,9,1.33333333333333,0.625,"O15","de-protonated",0,NA,"C24 H32 O15",24,32,15,NA,NA,NA,NA,NA,NA,NA,NA
4883,559.183304,559.182157893844,559.182099934269,4273511.5,NA,205703.4,20.62,-1,0.103650624852688,0.989597641184699,0.93708345111146,0.968591965155404,13,1.14285714285714,0.428571428571429,"O12","de-protonated",0,NA,"C28 H32 O12",28,32,12,NA,NA,NA,NA,NA,NA,NA,NA
4884,559.19639,559.195243858969,559.194987093891,5109097,NA,199902.1,25.1,-1,0.459169134081357,0.959496925564159,0.955297137755741,0.957817010440792,8,1.48,0.48,"P1 O12","de-protonated",0,NA,"C25 H37 O12 P1",25,37,12,NA,1,NA,NA,NA,NA,NA,NA
4885,559.219575,559.218428797182,559.218485443654,2967915,NA,201918.8,13.64,-1,-0.101295778777076,0.998139917107852,0,0.598883950264711,12,1.24137931034483,0.379310344827586,"O11","de-protonated",0,NA,"C29 H36 O11",29,36,11,NA,NA,NA,NA,NA,NA,NA,NA
4886,559.232554,559.231407762593,559.231239661494,3931500,NA,168080.9,18.79,-1,0.300593183745008,0.491869320937455,0.712686567164179,0.580196219428145,20,0.972972972972973,0.0810810810810811,"S1 O3","de-protonated",0,NA,"C37 H36 O3 S1",37,36,3,NA,NA,1,NA,NA,NA,NA,NA
4887,559.268933,559.267786665643,559.267625170879,1981807.3,NA,223790.9,8.36,-1,0.288761153974579,0.984984142874083,0,0.59099048572445,19,1.05263157894737,0.0526315789473684,"S1 O2","de-protonated",0,NA,"C38 H40 O2 S1",38,40,2,NA,NA,1,NA,NA,NA,NA,NA
4888,560.105971,560.104822434949,560.104577887694,2612663.3,NA,176991.3,11.74,-1,0.436609992469519,0.966002118234981,0,0.579601270940989,15,0.92,0.56,"N1 O14","de-protonated",0,NA,"C25 H23 O14 N1",25,23,14,1,NA,NA,NA,NA,NA,NA,NA
4889,560.142325,560.141176338067,560.140963397078,2380218.3,NA,179502.4,10.49,-1,0.380156071937698,0.974118112589156,0,0.584470867553494,14,1.03846153846154,0.5,"N1 O13","de-protonated",0,NA,"C26 H27 O13 N1",26,27,13,1,NA,NA,NA,NA,NA,NA,NA
4893,561.053626,561.052474909463,561.05220796121,2905606.5,NA,196104.3,13.3,-1,0.47579930853798,0.959754978731133,0,0.57585298723868,16,0.75,0.666666666666667,"O16","de-protonated",0,NA,"C24 H18 O16",24,18,16,NA,NA,NA,NA,NA,NA,NA,NA
4894,561.089866,561.088714812884,561.088593470595,4822537.5,NA,201561.5,23.56,-1,0.216262263347445,0.495774833186868,0.785920818505338,0.611833227314256,15,0.88,0.6,"O15","de-protonated",0,NA,"C25 H22 O15",25,22,15,NA,NA,NA,NA,NA,NA,NA,NA
4895,561.10326,561.102108777189,561.102350010142,2545162.5,NA,220416.1,11.38,-1,-0.429926827349186,0.967017733732211,0,0.580210640239327,9,1.34782608695652,0.434782608695652,"S2 P1 O10","de-protonated",0,NA,"C23 H31 O10 S2 P1",23,31,10,NA,1,2,NA,NA,NA,NA,NA
4896,561.120884,561.119732730221,561.11997513309,2242572,NA,196717.8,9.76,-1,-0.431998287952906,0.966704503167173,0,0.580022701900304,22,0.764705882352941,0.117647058823529,"S2 O4","de-protonated",0,NA,"C34 H26 O4 S2",34,26,4,NA,NA,2,NA,NA,NA,NA,NA
4897,561.126109,561.124957716297,561.124978979979,6411788.5,NA,198203.7,32.07,-1,-0.0378947347544343,0.98383816083468,0.98827261255439,0.985611941522564,14,1,0.538461538461538,"O14","de-protonated",0,NA,"C26 H26 O14",26,26,14,NA,NA,NA,NA,NA,NA,NA,NA
4900,561.162481,561.161329619366,561.161364489363,6452751.5,NA,184480.2,32.28,-1,-0.0621389844597137,0.996211987875842,0.933870562458656,0.971275417708968,13,1.11111111111111,0.481481481481481,"O13","de-protonated",0,NA,"C27 H30 O13",27,30,13,NA,NA,NA,NA,NA,NA,NA,NA
4901,561.175599,561.174447584407,561.174251648985,4475408.5,NA,196356.2,21.7,-1,0.349152550792441,0.980984156118873,0.919726838743849,0.956481229168863,8,1.45833333333333,0.541666666666667,"P1 O13","de-protonated",0,NA,"C24 H35 O13 P1",24,35,13,NA,1,NA,NA,NA,NA,NA,NA
4902,561.192764,561.191612538662,561.191876771933,1912337.8,NA,182824.9,7.99,-1,-0.470843007162875,0.960572393912092,0,0.576343436347255,21,0.857142857142857,0.2,"O7","de-protonated",0,NA,"C35 H30 O7",35,30,7,NA,NA,NA,NA,NA,NA,NA,NA
4903,561.198821,561.19766952252,561.197749998747,5965330.5,NA,194152.8,29.68,-1,-0.143400837323192,0.498137839016456,0.766236582456902,0.605377336392634,12,1.21428571428571,0.428571428571429,"O12","de-protonated",0,NA,"C28 H34 O12",28,34,12,NA,NA,NA,NA,NA,NA,NA,NA
4904,561.212001,561.210849487396,561.210637158369,3845651.3,NA,199423.7,18.33,-1,0.378341058207549,0.97436147502713,0,0.584616885016278,7,1.56,0.48,"P1 O12","de-protonated",0,NA,"C25 H39 O12 P1",25,39,12,NA,1,NA,NA,NA,NA,NA,NA
4906,561.235545,561.234393424651,561.234135508132,4019733.3,NA,177603.6,19.27,-1,0.45955244565605,0.481202525079101,0.759892473118277,0.592678504294771,11,1.31034482758621,0.379310344827586,"O11","de-protonated",0,NA,"C29 H38 O11",29,38,11,NA,NA,NA,NA,NA,NA,NA,NA
4907,562.121406,562.120252063845,562.120227952172,2287196.5,NA,193392.7,9.99,-1,0.0428941563201237,0.999666206714553,0,0.599799724028732,14,1,0.56,"N1 O14","de-protonated",0,NA,"C25 H25 O14 N1",25,25,14,1,NA,NA,NA,NA,NA,NA,NA
4909,562.157594,562.156439967404,562.156613461556,1911391.3,NA,189883.8,7.98,-1,-0.30862245102946,0.982865896016092,0,0.589719537609655,13,1.11538461538462,0.5,"N1 O13","de-protonated",0,NA,"C26 H29 O13 N1",26,29,13,1,NA,NA,NA,NA,NA,NA,NA
4912,563.069359,563.068202537564,563.068347283059,4539046,NA,196621.5,22.04,-1,-0.257065586301291,0.49404048954838,0.772687513667176,0.605499299195898,19,0.777777777777778,0.296296296296296,"N2 S1 P1 O8","de-protonated",0,NA,"C27 H21 O8 S1 N2 P1",27,21,8,2,1,1,NA,NA,NA,NA,NA
4913,563.098546,563.097389459781,563.097205795299,1760424.4,NA,162561.2,7.18,-1,0.326168342496744,0.980881559254413,0,0.588528935552648,32,0.432432432432432,0.027027027027027,"N4 S1 O1","de-protonated",0,NA,"C37 H16 O1 S1 N4",37,16,1,4,NA,1,NA,NA,NA,NA,NA
4914,563.105425,563.104268441449,563.104243535073,5912233,NA,187304.3,29.39,-1,0.044230488883352,0.499822544186103,0.785920818505338,0.614261853913797,14,0.96,0.6,"O15","de-protonated",0,NA,"C25 H24 O15",25,24,15,NA,NA,NA,NA,NA,NA,NA,NA
4916,563.141723,563.140566344715,563.140629044457,8375979.5,NA,189857.7,42.57,-1,-0.111339403969077,0.985965945123202,0.994733599638943,0.989473006929498,13,1.07692307692308,0.538461538461538,"O14","de-protonated",0,NA,"C26 H28 O14",26,28,14,NA,NA,NA,NA,NA,NA,NA,NA
4918,563.178123,563.17696624771,563.177014553841,7552686.5,NA,178613.5,38.17,-1,-0.0857743308776272,0.997890742637278,0.996743366293927,0.997431792099938,12,1.18518518518519,0.481481481481481,"O13","de-protonated",0,NA,"C27 H32 O13",27,32,13,NA,NA,NA,NA,NA,NA,NA,NA
4920,563.207023,563.205866170691,563.206027234674,2503856.8,NA,174182.9,11.15,-1,-0.285977021580439,0.985270169224504,0,0.591162101534702,10,1.41379310344828,0.172413793103448,"S2 P1 O5","de-protonated",0,NA,"C29 H41 O5 S2 P1",29,41,5,NA,1,2,NA,NA,NA,NA,NA
4921,563.214634,563.213477150408,563.213400063225,5328561,NA,193410.7,26.27,-1,0.136870292341228,0.49830330292106,0.766236582456902,0.605476614735397,11,1.28571428571429,0.428571428571429,"O12","de-protonated",0,NA,"C28 H36 O12",28,36,12,NA,NA,NA,NA,NA,NA,NA,NA
4922,563.227687,563.226530115622,563.226287222847,2003122.3,NA,189346.9,8.47,-1,0.431252553604981,0.966817429205386,0,0.580090457523232,6,1.64,0.48,"P1 O12","de-protonated",0,NA,"C25 H41 O12 P1",25,41,12,NA,1,NA,NA,NA,NA,NA,NA
4923,563.251096,563.249939053237,563.24978557261,2852532,NA,193665.4,13.02,-1,0.27249123140542,0.986617520472504,0,0.591970512283502,10,1.37931034482759,0.379310344827586,"O11","de-protonated",0,NA,"C29 H40 O11",29,40,11,NA,NA,NA,NA,NA,NA,NA,NA
4924,563.347715,563.346557795749,563.346677140293,1776827.4,NA,184122.2,7.26,-1,-0.211849200843572,0.991889635656665,0,0.595133781393999,3,1.96296296296296,0.296296296296296,"N2 P1 O8","de-protonated",0,NA,"C27 H53 O8 N2 P1",27,53,8,2,1,NA,NA,NA,NA,NA,NA
4925,564.137105,564.135945692036,564.13587801665,2071286.3,NA,173506.1,8.84,-1,0.119962918960707,0.997392159799698,0,0.598435295879819,13,1.08,0.56,"N1 O14","de-protonated",0,NA,"C25 H27 O14 N1",25,27,14,1,NA,NA,NA,NA,NA,NA,NA
4927,564.173435,564.172275595218,564.172263526034,2213624.8,NA,174255.6,9.6,-1,0.0213927273511213,0.999916963677145,0,0.599950178206287,12,1.19230769230769,0.5,"N1 O13","de-protonated",0,NA,"C26 H31 O13 N1",26,31,13,1,NA,NA,NA,NA,NA,NA,NA
4930,565.084748,565.083586166582,565.083508090166,4247354.5,NA,188886.5,20.48,-1,0.138167924616646,0.986675585528427,0.912528632355349,0.957016804259195,14,0.916666666666667,0.666666666666667,"O16","de-protonated",0,NA,"C24 H22 O16",24,22,16,NA,NA,NA,NA,NA,NA,NA,NA
4931,565.12106,565.119898069811,565.119893599551,8097597,NA,185432.5,41.08,-1,0.00791028667575021,0.994473711376638,0.952630698437137,0.977736506200837,13,1.04,0.6,"O15","de-protonated",0,NA,"C25 H26 O15",25,26,15,NA,NA,NA,NA,NA,NA,NA,NA
4932,565.157438,565.156275972864,565.156279108935,10684224,NA,179214.3,54.93,-1,-0.0055490332295899,0.979584556115779,0.934520660886964,0.961558998024253,12,1.15384615384615,0.538461538461538,"O14","de-protonated",0,NA,"C26 H30 O14",26,30,14,NA,NA,NA,NA,NA,NA,NA,NA
4933,565.185713,565.184550897511,565.18428946806,3671873.8,NA,181532.7,17.4,-1,0.462556118848569,0.480960752337613,0.707195036525566,0.571454466012794,24,0.789473684210526,0.0789473684210526,"S1 O3","de-protonated",0,NA,"C38 H30 O3 S1",38,30,3,NA,NA,1,NA,NA,NA,NA,NA
4934,565.193793,565.192630875978,565.192664618319,8142658.5,NA,191727.5,41.33,-1,-0.0597005992108082,0.998650442960874,0.990582637389821,0.995423320732453,11,1.25925925925926,0.481481481481481,"O13","de-protonated",0,NA,"C27 H34 O13",27,34,13,NA,NA,NA,NA,NA,NA,NA,NA
4935,565.206875,565.205712841115,565.205551777941,1967427.3,NA,213201.6,8.28,-1,0.284963892135628,0.985373585300927,0,0.591224151180556,6,1.625,0.541666666666667,"P1 O13","de-protonated",0,NA,"C24 H39 O13 P1",24,39,13,NA,1,NA,NA,NA,NA,NA,NA
4936,565.222438,565.22127579964,565.221004623718,3462980.5,NA,179534.6,16.28,-1,0.479769717545467,0.95909449513737,0,0.575456697082422,2,2.11111111111111,0.888888888888889,"N4 O16","de-protonated",0,NA,"C18 H38 O16 N4",18,38,16,4,NA,NA,NA,NA,NA,NA,NA
4937,565.23015,565.228987779088,565.229050127703,4200261,NA,196791,20.23,-1,-0.110306814301373,0.498897320783848,0.766236582456902,0.605833025453069,10,1.35714285714286,0.428571428571429,"O12","de-protonated",0,NA,"C28 H38 O12",28,38,12,NA,NA,NA,NA,NA,NA,NA,NA
4938,565.258722,565.257559702944,565.257390133103,2306887,NA,195988.6,10.1,-1,0.299986951168138,0.98380363361102,0,0.590282180166612,1,2.21052631578947,0.789473684210526,"N4 O15","de-protonated",0,NA,"C19 H42 O15 N4",19,42,15,4,NA,NA,NA,NA,NA,NA,NA
4939,565.266756,565.265593681533,565.265435637088,1807175.5,NA,178480.4,7.42,-1,0.279593329775211,0.985915838277406,0,0.591549502966444,9,1.44827586206897,0.379310344827586,"O11","de-protonated",0,NA,"C29 H42 O11",29,42,11,NA,NA,NA,NA,NA,NA,NA,NA
4940,565.440382,565.439219218822,565.439120975532,9088852,NA,180648.5,46.39,-1,0.173746893078953,0.991299319075325,0.981648740352231,0.987439087586087,4,1.85294117647059,0.117647058823529,"P1 O4","de-protonated",0,NA,"C34 H63 O4 P1",34,63,4,NA,1,NA,NA,NA,NA,NA,NA
4942,566.116179,566.115014417833,566.115142571744,2258306.5,NA,195249.5,9.84,-1,-0.226374284389928,0.990744701016436,0,0.594446820609862,13,1.04166666666667,0.625,"N1 O15","de-protonated",0,NA,"C24 H25 O15 N1",24,25,15,1,NA,NA,NA,NA,NA,NA,NA
4944,566.152759,566.151594320348,566.151528081128,2923397,NA,179217.9,13.4,-1,0.116999101760337,0.997519269182295,0,0.598511561509377,12,1.16,0.56,"N1 O14","de-protonated",0,NA,"C25 H29 O14 N1",25,29,14,1,NA,NA,NA,NA,NA,NA,NA
4947,566.225744,566.224579125844,566.224299099896,1950089.9,NA,223509.9,8.19,-1,0.494549506400207,0.956591745156942,0,0.573955047094165,10,1.37037037037037,0.444444444444444,"N1 O12","de-protonated",0,NA,"C27 H37 O12 N1",27,37,12,1,NA,NA,NA,NA,NA,NA,NA
4950,567.064048,567.062880891776,567.06277264526,2892737.8,NA,205138.2,13.23,-1,0.190889830112833,0.993410014347491,0,0.596046008608495,14,0.869565217391304,0.739130434782609,"O17","de-protonated",0,NA,"C23 H20 O17",23,20,17,NA,NA,NA,NA,NA,NA,NA,NA
4951,567.100379,567.099211794955,567.099158154644,6328260.5,NA,178930.3,31.62,-1,0.0945871806372088,0.499188971846066,0.792708917554682,0.616596950129512,13,1,0.666666666666667,"O16","de-protonated",0,NA,"C24 H24 O16",24,24,16,NA,NA,NA,NA,NA,NA,NA,NA
4952,567.136742,567.135574698048,567.135543664029,9527239,NA,178834,48.73,-1,0.0547206389907793,0.999585825209338,0.956260146335315,0.982255553659729,12,1.12,0.6,"O15","de-protonated",0,NA,"C25 H28 O15",25,28,15,NA,NA,NA,NA,NA,NA,NA,NA
4954,567.173176,567.172008600952,567.171929173413,9635785,NA,178443.6,49.31,-1,0.140041378724547,0.978717701399854,0.999723941288896,0.987120197355471,11,1.23076923076923,0.538461538461538,"O14","de-protonated",0,NA,"C26 H32 O14",26,32,14,NA,NA,NA,NA,NA,NA,NA,NA
4955,567.201495,567.200327525482,567.20007247432,5226443,NA,188281.1,25.72,-1,0.449667012886465,0.481987942121323,0.772687513667176,0.598267770739664,10,1.37037037037037,0.407407407407407,"P1 O11","de-protonated",0,NA,"C27 H37 O11 P1",27,37,11,NA,1,NA,NA,NA,NA,NA,NA
4956,567.209546,567.208378504026,567.208314682797,6682571.5,NA,178917,33.51,-1,0.11251814801195,0.997982075190425,0.982760710876389,0.991893529464811,10,1.33333333333333,0.481481481481481,"O13","de-protonated",0,NA,"C27 H36 O13",27,36,13,NA,NA,NA,NA,NA,NA,NA,NA
4957,567.237988,567.236820428229,567.236654688196,3944397.3,NA,192259.5,18.86,-1,0.292188509130483,0.984628345915405,0,0.590777007549243,1,2.22222222222222,0.888888888888889,"N4 O16","de-protonated",0,NA,"C18 H40 O16 N4",18,40,16,4,NA,NA,NA,NA,NA,NA,NA
4958,567.2461,567.24493240661,567.244700192181,2721741.8,NA,208847.5,12.32,-1,0.409372584450866,0.970049436092064,0,0.582029661655239,9,1.42857142857143,0.428571428571429,"O12","de-protonated",0,NA,"C28 H40 O12",28,40,12,NA,NA,NA,NA,NA,NA,NA,NA
4959,567.274095,567.272927332004,567.272710551307,2853839.5,NA,198601.7,13.02,-1,0.382145471274494,0.486925050225521,0.69646200847541,0.570739833525477,21,1,0.025,"S1 O1","de-protonated",0,NA,"C40 H40 O1 S1",40,40,1,NA,NA,1,NA,NA,NA,NA,NA
4962,568.132251,568.131081045031,568.131281893592,2042886.6,NA,155489.6,8.68,-1,-0.353524911046161,0.977577768315892,0,0.586546660989535,16,1.03703703703704,0.259259259259259,"N3 S1 P1 O7","de-protonated",0,NA,"C27 H28 O7 S1 N3 P1",27,28,7,3,1,1,NA,NA,NA,NA,NA
4964,568.168448,568.167277948566,568.167178145606,3083273,NA,187819.8,14.25,-1,0.175657736868894,0.994416928160976,0,0.596650156896586,11,1.24,0.56,"N1 O14","de-protonated",0,NA,"C25 H31 O14 N1",25,31,14,1,NA,NA,NA,NA,NA,NA,NA
4966,568.204941,568.203770851313,568.20356365499,2359307.3,NA,220178.2,10.38,-1,0.364651572529574,0.976161366783599,0,0.585696820070159,10,1.34615384615385,0.5,"N1 O13","de-protonated",0,NA,"C26 H35 O13 N1",26,35,13,1,NA,NA,NA,NA,NA,NA,NA
4968,568.241436,568.240265754055,568.240438421745,2183181.5,NA,192169.4,9.44,-1,-0.303863784646596,0.983385825601085,0,0.590031495360651,13,1.33333333333333,0.133333333333333,"N3 S1 P1 O4","de-protonated",0,NA,"C30 H40 O4 S1 N3 P1",30,40,4,3,1,1,NA,NA,NA,NA,NA
4971,569.058582,569.057409576372,569.057293341639,2020927.9,NA,194758.3,8.8,-1,0.204258402946802,0.992458272138181,0,0.595474963282908,18,0.692307692307692,0.576923076923077,"O15","de-protonated",0,NA,"C26 H18 O15",26,18,15,NA,NA,NA,NA,NA,NA,NA,NA
4972,569.079646,569.078473520237,569.078422709738,5034049,NA,173718.9,25.36,-1,0.0892855839069385,0.499277276036957,0.799615297578637,0.619412484653629,13,0.956521739130435,0.739130434782609,"O17","de-protonated",0,NA,"C23 H22 O17",23,22,17,NA,NA,NA,NA,NA,NA,NA,NA
4973,569.094927,569.093754479514,569.093678851023,2479170,NA,140368.8,11.32,-1,0.132892867156044,0.996800651766352,0,0.598080391059811,17,0.814814814814815,0.518518518518518,"O14","de-protonated",0,NA,"C27 H22 O14",27,22,14,NA,NA,NA,NA,NA,NA,NA,NA
4974,569.115998,569.11482542336,569.114808219122,7016515.5,NA,190548,36.26,-1,0.0302298186641583,0.499917099163874,0.792708917554682,0.617033826520197,12,1.08333333333333,0.666666666666667,"O16","de-protonated",0,NA,"C24 H26 O16",24,26,16,NA,NA,NA,NA,NA,NA,NA,NA
4975,569.131311,569.130138382551,569.130064360407,2125380.3,NA,191406,9.37,-1,0.130061910724957,0.996935301570004,0,0.598161180942003,16,0.928571428571429,0.464285714285714,"O13","de-protonated",0,NA,"C28 H26 O13",28,26,13,NA,NA,NA,NA,NA,NA,NA,NA
4976,569.144376,569.143203347733,569.142951520029,5681221,NA,192643.9,28.92,-1,0.442468281260489,0.982293439310506,0.840611823253738,0.925620792887799,11,1.24,0.52,"P1 O13","de-protonated",0,NA,"C25 H31 O13 P1",25,31,13,NA,1,NA,NA,NA,NA,NA,NA
4977,569.152373,569.151200326421,569.151193728507,8116293.5,NA,188646.3,42.31,-1,0.0115925511183175,0.982040434796428,0.951374525505765,0.969774071080162,11,1.2,0.6,"O15","de-protonated",0,NA,"C25 H30 O15",25,30,15,NA,NA,NA,NA,NA,NA,NA,NA
4978,569.180646,569.179473251074,569.179204087632,6461511,NA,182532.5,33.21,-1,0.47289753396798,0.971676819044301,0.984562166338887,0.976830957962135,23,0.810810810810811,0.108108108108108,"S1 O4","de-protonated",0,NA,"C37 H30 O4 S1",37,30,4,NA,NA,1,NA,NA,NA,NA,NA
4979,569.188672,569.187499229684,569.187579237891,6768711.5,NA,178512.3,34.9,-1,-0.140565622502187,0.988596473448448,0.979989283436671,0.985153597443737,10,1.30769230769231,0.538461538461538,"O14","de-protonated",0,NA,"C26 H34 O14",26,34,14,NA,NA,NA,NA,NA,NA,NA,NA
4980,569.204346,569.203173187914,569.203324636546,1879112.6,NA,176248.9,8.02,-1,-0.26607123695359,0.987236690076885,0,0.592342014046131,18,1.06060606060606,0.0909090909090909,"N2 S1 P1 O3","de-protonated",0,NA,"C33 H35 O3 S1 N2 P1",33,35,3,2,1,1,NA,NA,NA,NA,NA
4981,569.217096,569.215923153935,569.215722538798,5130313.5,NA,185819.5,25.89,-1,0.352441313903471,0.982854914109307,0.904056433007182,0.951335521668457,9,1.44444444444444,0.407407407407407,"P1 O11","de-protonated",0,NA,"C27 H39 O11 P1",27,39,11,NA,1,NA,NA,NA,NA,NA,NA
4982,569.225157,569.223984132453,569.223964747275,3402826,NA,189549.4,16.4,-1,0.0340554483388626,0.999789582751651,0,0.599873749650991,9,1.40740740740741,0.481481481481481,"O13","de-protonated",0,NA,"C27 H38 O13",27,38,13,NA,NA,NA,NA,NA,NA,NA,NA
4983,569.253686,569.252513056423,569.252304752674,4686923.5,NA,186931.4,23.46,-1,0.365925174370392,0.975996573955671,0,0.585597944373402,0,2.33333333333333,0.888888888888889,"N4 O16","de-protonated",0,NA,"C18 H42 O16 N4",18,42,16,4,NA,NA,NA,NA,NA,NA,NA
4991,570.257147,570.255971382214,570.256088486223,1863814.8,NA,203967.5,7.94,-1,-0.205353367980146,0.992377507529812,0,0.595426504517887,12,1.4,0.133333333333333,"N3 S1 P1 O4","de-protonated",0,NA,"C30 H42 O4 S1 N3 P1",30,42,4,3,1,1,NA,NA,NA,NA,NA
4995,571.074017,571.072839205268,571.072943406117,2585269,NA,174855.9,11.9,-1,-0.182465042336277,0.993977150189097,0,0.596386290113458,17,0.769230769230769,0.576923076923077,"O15","de-protonated",0,NA,"C26 H20 O15",26,20,15,NA,NA,NA,NA,NA,NA,NA,NA
4996,571.095214,571.094036148778,571.094072774216,3927222.3,NA,183448.7,19.28,-1,-0.0641320573283183,0.999253994328779,0,0.599552396597267,12,1.04347826086957,0.739130434782609,"O17","de-protonated",0,NA,"C23 H24 O17",23,24,17,NA,NA,NA,NA,NA,NA,NA,NA
4997,571.110359,571.109181108417,571.109328915501,2656439,NA,174973,12.29,-1,-0.258806985796108,0.987919932398934,0,0.592751959439361,16,0.888888888888889,0.518518518518518,"O14","de-protonated",0,NA,"C27 H24 O14",27,24,14,NA,NA,NA,NA,NA,NA,NA,NA
4999,571.131832,571.130654051192,571.1304582836,5396664.5,NA,179116,27.36,-1,0.342772108536819,0.48945337100626,0.792708917554682,0.610755589625629,11,1.16666666666667,0.666666666666667,"O16","de-protonated",0,NA,"C24 H28 O16",24,28,16,NA,NA,NA,NA,NA,NA,NA,NA
5000,571.140758,571.139580027404,571.139841198071,2449592.8,NA,205217.5,11.16,-1,-0.457279719871068,0.962768990924412,0,0.577661394554647,24,0.685714285714286,0.228571428571429,"O8","de-protonated",0,NA,"C35 H24 O8",35,24,8,NA,NA,NA,NA,NA,NA,NA,NA
5001,571.146958,571.145780010881,571.145714424885,3364025.3,NA,170722.5,16.18,-1,0.114832335023596,0.997610193363945,0,0.598566116018367,15,1,0.464285714285714,"O13","de-protonated",0,NA,"C28 H28 O13",28,28,13,NA,NA,NA,NA,NA,NA,NA,NA
5003,571.168118,571.16693995449,571.166843792985,4527290.5,NA,181189.6,22.58,-1,0.168359747216338,0.497435019797351,0.785920818505338,0.612829339280546,10,1.28,0.6,"O15","de-protonated",0,NA,"C25 H32 O15",25,32,15,NA,NA,NA,NA,NA,NA,NA,NA
5004,571.177397,571.176218929762,571.176226707455,2301114.8,NA,198750.1,10.34,-1,-0.0136169766230476,0.99996635597816,0,0.599979813586896,23,0.777777777777778,0.194444444444444,"O7","de-protonated",0,NA,"C36 H28 O7",36,28,7,NA,NA,NA,NA,NA,NA,NA,NA
5005,571.183287,571.182108914065,571.182099934269,4012219.3,NA,185797.3,19.75,-1,0.0157214228634563,0.499977576789572,0.759892473118277,0.603943535321054,14,1.10344827586207,0.413793103448276,"O12","de-protonated",0,NA,"C29 H32 O12",29,32,12,NA,NA,NA,NA,NA,NA,NA,NA
5006,571.196365,571.195186879212,571.194987093891,6867132,NA,174646,35.44,-1,0.349767286632693,0.489023322395041,0.779247987650237,0.605113188497119,9,1.42307692307692,0.461538461538462,"P1 O12","de-protonated",0,NA,"C26 H37 O12 P1",26,37,12,NA,1,NA,NA,NA,NA,NA,NA
5007,571.204372,571.203193857874,571.203229302369,3178684.3,NA,217239.6,15.16,-1,-0.062052336878693,0.99930157720285,0,0.59958094632171,9,1.38461538461538,0.538461538461538,"O14","de-protonated",0,NA,"C26 H36 O14",26,36,14,NA,NA,NA,NA,NA,NA,NA,NA
5009,571.219838,571.218659816657,571.218485443654,2658493.3,NA,179917.7,12.3,-1,0.305264986275728,0.983233541736329,0,0.589940125041797,13,1.2,0.366666666666667,"O11","de-protonated",0,NA,"C30 H36 O11",30,36,11,NA,NA,NA,NA,NA,NA,NA,NA
5011,571.268856,571.267677686025,571.267625170879,2653376,NA,196795.7,12.28,-1,0.0919273977386715,0.499233908148033,0.701787487586891,0.580255339923576,20,1.02564102564103,0.0512820512820513,"S1 O2","de-protonated",0,NA,"C39 H40 O2 S1",39,40,2,NA,NA,1,NA,NA,NA,NA,NA
5013,572.077173,572.075992531872,572.076075691043,1708267.8,NA,184667.7,7.08,-1,-0.145363832421781,0.99617321332796,0,0.597703927996776,20,0.8,0.166666666666667,"N1 S2 P1 O5","de-protonated",0,NA,"C30 H24 O5 S2 N1 P1",30,24,5,1,1,2,NA,NA,NA,NA,NA
5014,572.106027,572.104846454976,572.104577887694,1916653.3,NA,184721.6,8.23,-1,0.469437394513319,0.960802781483515,0,0.576481668890109,16,0.884615384615385,0.538461538461538,"N1 O14","de-protonated",0,NA,"C26 H23 O14 N1",26,23,14,1,NA,NA,NA,NA,NA,NA,NA
5015,572.12688,572.125699399403,572.125707255793,1709806.4,NA,248229,7.09,-1,-0.0137319296632682,0.999965785551891,0,0.599979471331134,11,1.17391304347826,0.695652173913043,"N1 O16","de-protonated",0,NA,"C23 H27 O16 N1",23,27,16,1,NA,NA,NA,NA,NA,NA,NA
5016,572.163458,572.162277301923,572.162092765178,3471600.3,NA,173941,16.77,-1,0.322525291764125,0.981302255242372,0,0.588781353145423,10,1.29166666666667,0.625,"N1 O15","de-protonated",0,NA,"C24 H31 O15 N1",24,31,15,1,NA,NA,NA,NA,NA,NA,NA
5017,572.199942,572.198761204694,572.198478274562,2838770.3,NA,180754.6,13.3,-1,0.49446152532669,0.956606848541424,0,0.573964109124854,9,1.4,0.56,"N1 O14","de-protonated",0,NA,"C25 H35 O14 N1",25,35,14,1,NA,NA,NA,NA,NA,NA,NA
5019,573.053309,573.052125930484,573.05220796121,2373918.8,NA,208087.9,10.74,-1,-0.14314703874638,0.996288824909858,0,0.597773294945915,17,0.72,0.64,"O16","de-protonated",0,NA,"C25 H18 O16",25,18,16,NA,NA,NA,NA,NA,NA,NA,NA
5020,573.074414,573.073230874239,573.07333732931,1961759.8,NA,205711.8,8.47,-1,-0.18576168805624,0.993758237976963,0,0.596254942786178,12,1,0.818181818181818,"O18","de-protonated",0,NA,"C22 H22 O18",22,22,18,NA,NA,NA,NA,NA,NA,NA,NA
5021,573.089929,573.088745832892,573.088593470595,4470048.5,NA,180122.7,22.26,-1,0.265861681808632,0.493628329041549,0.779247987650237,0.607876192485024,16,0.846153846153846,0.576923076923077,"O15","de-protonated",0,NA,"C26 H22 O15",26,22,15,NA,NA,NA,NA,NA,NA,NA,NA
5023,573.111471,573.110287775483,573.110079154283,1988897.6,NA,231000.6,8.62,-1,0.364015932772984,0.976243408388775,0,0.585746045033265,28,0.594594594594595,0.027027027027027,"N2 S2 O1","de-protonated",0,NA,"C37 H22 O1 S2 N2",37,22,1,2,NA,2,NA,NA,NA,NA,NA
5024,573.120426,573.119242751618,573.119105753164,1873954,NA,152507.1,7.99,-1,0.239040108808433,0.98968555309893,0,0.593811331859358,24,0.647058823529412,0.264705882352941,"O9","de-protonated",0,NA,"C34 H22 O9",34,22,9,NA,NA,NA,NA,NA,NA,NA,NA
5025,573.126262,573.125078736065,573.124978979979,4222242.5,NA,199878.1,20.9,-1,0.174056426887859,0.49725898869851,0.772687513667176,0.607430398685977,15,0.962962962962963,0.518518518518518,"O14","de-protonated",0,NA,"C27 H26 O14",27,26,14,NA,NA,NA,NA,NA,NA,NA,NA
5026,573.139713,573.138529700218,573.138735519526,5847331,NA,193413.1,29.83,-1,-0.359109052251667,0.48843607384448,0.785920818505338,0.607429971708823,9,1.4,0.36,"S2 P1 O9","de-protonated",0,NA,"C25 H35 O9 S2 P1",25,35,9,NA,1,2,NA,NA,NA,NA,NA
5027,573.147553,573.146369679325,573.146108348078,3413283.5,NA,192440.6,16.45,-1,0.455959209551761,0.962979683704733,0,0.57778781022284,10,1.25,0.666666666666667,"O16","de-protonated",0,NA,"C24 H30 O16",24,30,16,NA,NA,NA,NA,NA,NA,NA,NA
5028,573.157164,573.155980653711,573.155842135633,2693924,NA,165510,12.5,-1,0.241676116892841,0.989458024155006,0,0.593674814493003,0,2.29411764705882,0.764705882352941,"N2 S2 P1 O13","de-protonated",0,NA,"C17 H39 O13 S2 N2 P1",17,39,13,2,1,2,NA,NA,NA,NA,NA
5029,573.16283,573.161646638612,573.161364489363,5828900,NA,182510.4,29.73,-1,0.492268436255303,0.478491268202878,0.766236582456902,0.593589393904488,14,1.07142857142857,0.464285714285714,"O13","de-protonated",0,NA,"C28 H30 O13",28,30,13,NA,NA,NA,NA,NA,NA,NA,NA
5031,573.183753,573.182569582852,573.182493857463,2025765.3,NA,199981,8.83,-1,0.132113926223958,0.996837988111955,0,0.598102792867173,9,1.36,0.6,"O15","de-protonated",0,NA,"C25 H34 O15",25,34,15,NA,NA,NA,NA,NA,NA,NA,NA
5032,573.193702,573.192518556338,573.192746151859,1781029.8,NA,181431,7.48,-1,-0.397066295263964,0.97179782223389,0,0.583078693340334,21,0.918918918918919,0.0540540540540541,"S2 O2","de-protonated",0,NA,"C37 H34 O2 S2",37,34,2,NA,NA,2,NA,NA,NA,NA,NA
5033,573.1989,573.197716542486,573.197749998747,4180262,NA,192805.3,20.67,-1,-0.058367747762457,0.499691016364238,0.759892473118277,0.603771599065854,13,1.17241379310345,0.413793103448276,"O12","de-protonated",0,NA,"C29 H34 O12",29,34,12,NA,NA,NA,NA,NA,NA,NA,NA
5034,573.212091,573.210907507332,573.210637158369,4925734.5,NA,197333.8,24.77,-1,0.471639821220294,0.48022075522507,0.779247987650237,0.599831648195137,8,1.5,0.461538461538462,"P1 O12","de-protonated",0,NA,"C26 H39 O12 P1",26,39,12,NA,1,NA,NA,NA,NA,NA,NA
5035,573.235379,573.23419544527,573.234135508132,2228008,NA,184013.6,9.94,-1,0.10455961054905,0.998018240025609,0,0.598810944015365,12,1.26666666666667,0.366666666666667,"O11","de-protonated",0,NA,"C30 H38 O11",30,38,11,NA,NA,NA,NA,NA,NA,NA,NA
5036,573.248263,573.247079410934,573.246889725972,2943272.5,NA,191021.2,13.87,-1,0.330895754011458,0.490164436183271,0.707195036525566,0.576976676320189,20,1,0.0789473684210526,"S1 O3","de-protonated",0,NA,"C38 H38 O3 S1",38,38,3,NA,NA,1,NA,NA,NA,NA,NA
5037,574.085013,574.083827181008,574.083842442788,1899346,NA,182542.8,8.13,-1,-0.0265845838555099,0.999871771159535,0,0.599923062695721,16,0.84,0.6,"N1 O15","de-protonated",0,NA,"C25 H21 O15 N1",25,21,15,1,NA,NA,NA,NA,NA,NA,NA
5038,574.121737,574.120551083139,574.120717209542,2041171.9,NA,127657.1,8.91,-1,-0.289357966995874,0.984922479810701,0,0.59095348788642,19,0.896551724137931,0.206896551724138,"N3 S1 P1 O6","de-protonated",0,NA,"C29 H26 O6 S1 N3 P1",29,26,6,3,1,1,NA,NA,NA,NA,NA
5039,574.14271,574.141524027246,574.141357320271,2056532.9,NA,173763.9,8.99,-1,0.290358763518433,0.984818799893778,0,0.590891279936267,10,1.26086956521739,0.695652173913043,"N1 O16","de-protonated",0,NA,"C23 H29 O16 N1",23,29,16,1,NA,NA,NA,NA,NA,NA,NA
5040,574.158149,574.156962986101,574.157102718926,1870933.6,NA,120152.8,7.97,-1,-0.243370367745483,0.989310494305863,0,0.593586296583518,18,1,0.166666666666667,"N3 S1 P1 O5","de-protonated",0,NA,"C30 H30 O5 S1 N3 P1",30,30,5,3,1,1,NA,NA,NA,NA,NA
5041,574.166938,574.165751962679,574.165996376027,1811414,NA,116902,7.65,-1,-0.425684121739934,0.967654896714587,0,0.580592938028752,27,0.657894736842105,0.131578947368421,"N1 O5","de-protonated",0,NA,"C38 H25 O5 N1",38,25,5,1,NA,NA,NA,NA,NA,NA,NA
5042,574.179174,574.17798793007,574.177742829656,1794902.6,NA,229884.9,7.56,-1,0.426872022409181,0.967477094347027,0,0.580486256608216,9,1.375,0.625,"N1 O15","de-protonated",0,NA,"C24 H33 O15 N1",24,33,15,1,NA,NA,NA,NA,NA,NA,NA
5043,575.069,575.067811558697,575.067858025688,3074432.8,NA,203100.5,14.59,-1,-0.0808026233531352,0.998816011393359,0,0.599289606836016,16,0.8,0.64,"O16","de-protonated",0,NA,"C25 H20 O16",25,20,16,NA,NA,NA,NA,NA,NA,NA,NA
5044,575.105423,575.10423446163,575.104243535073,4347266.5,NA,169200.3,21.59,-1,-0.0157770400751243,0.499977417860679,0.779247987650237,0.611685645776502,15,0.923076923076923,0.576923076923077,"O15","de-protonated",0,NA,"C26 H24 O15",26,24,15,NA,NA,NA,NA,NA,NA,NA,NA
5046,575.136605,575.13541637853,575.135625197568,1962372,NA,176815.4,8.48,-1,-0.36307790419602,0.976364230201912,0,0.585818538121147,22,0.8,0.114285714285714,"S2 O4","de-protonated",0,NA,"C35 H28 O4 S2",35,28,4,NA,NA,2,NA,NA,NA,NA,NA
5047,575.141768,575.140579364771,575.140629044457,6222212,NA,176225.5,31.89,-1,-0.0863783280977115,0.499323544124418,0.772687513667176,0.608669131941521,14,1.03703703703704,0.518518518518518,"O14","de-protonated",0,NA,"C27 H28 O14",27,28,14,NA,NA,NA,NA,NA,NA,NA,NA
5050,575.178256,575.177067267531,575.177014553841,7317894,NA,184619.1,37.92,-1,0.0916477685600453,0.997587387973962,0.985408117430516,0.992715679756583,13,1.14285714285714,0.464285714285714,"O13","de-protonated",0,NA,"C28 H32 O13",28,32,13,NA,NA,NA,NA,NA,NA,NA,NA
5052,575.209665,575.208476183827,575.208396216336,2100615.3,NA,175783.9,9.24,-1,0.139023509652518,0.996499186128497,0,0.597899511677098,20,0.972972972972973,0.0540540540540541,"S2 O2","de-protonated",0,NA,"C37 H36 O2 S2",37,36,2,NA,NA,2,NA,NA,NA,NA,NA
5053,575.214737,575.21354817031,575.213400063225,4823431.5,NA,185400.4,24.2,-1,0.257481978535359,0.49402128358581,0.759892473118277,0.600369759398797,12,1.24137931034483,0.413793103448276,"O12","de-protonated",0,NA,"C29 H36 O12",29,36,12,NA,NA,NA,NA,NA,NA,NA,NA
5055,575.250987,575.249798073704,575.24978557261,2629001.3,NA,197502.4,12.14,-1,0.0217315930829132,0.999914312326878,0,0.599948587396127,11,1.33333333333333,0.366666666666667,"O11","de-protonated",0,NA,"C30 H40 O11",30,40,11,NA,NA,NA,NA,NA,NA,NA,NA
5057,575.311628,575.310438912097,575.310671753463,3894668,NA,189847.4,19.1,-1,-0.404722836296623,0.980378826274226,0.901564465275269,0.948853081874643,0,2.08,0.48,"S1 O12","de-protonated",0,NA,"C25 H52 O12 S1",25,52,12,NA,NA,1,NA,NA,NA,NA,NA
5058,576.100861,576.099669808802,576.099492507266,2125231.5,NA,195866.4,9.37,-1,0.307762007979098,0.982960485488424,0,0.589776291293054,15,0.92,0.6,"N1 O15","de-protonated",0,NA,"C25 H23 O15 N1",25,23,15,1,NA,NA,NA,NA,NA,NA,NA
5059,576.137174,576.135982712029,576.13587801665,2513329,NA,155674,11.51,-1,0.181719942818867,0.994026091684986,0,0.596415655010991,14,1.03846153846154,0.538461538461538,"N1 O14","de-protonated",0,NA,"C26 H27 O14 N1",26,27,14,1,NA,NA,NA,NA,NA,NA,NA
5060,576.173553,576.172361615079,576.172263526034,1700786.8,NA,138932.5,7.04,-1,0.170242566637863,0.994754961237741,0,0.596852976742645,13,1.14814814814815,0.481481481481481,"N1 O13","de-protonated",0,NA,"C27 H31 O13 N1",27,31,13,1,NA,NA,NA,NA,NA,NA,NA
5062,576.194758,576.193566558568,576.193392894134,2003891.6,NA,186165.1,8.71,-1,0.30139955906694,0.983651996992438,0,0.590191198195463,8,1.45833333333333,0.625,"N1 O15","de-protonated",0,NA,"C24 H35 O15 N1",24,35,15,1,NA,NA,NA,NA,NA,NA,NA
5064,577.048717,577.04752328278,577.047478896371,2058200.4,NA,212749,9,-1,0.0769198563297408,0.998927005106958,0,0.599356203064175,33,0.368421052631579,0.0263157894736842,"N2 S2 O1","de-protonated",0,NA,"C38 H14 O1 S2 N2",38,14,1,2,NA,2,NA,NA,NA,NA,NA
5065,577.0849,577.083706186353,577.083508090166,5456346,NA,183544.7,27.68,-1,0.34327126619591,0.489422959286941,0.785920818505338,0.608022102974299,15,0.88,0.64,"O16","de-protonated",0,NA,"C25 H22 O16",25,22,16,NA,NA,NA,NA,NA,NA,NA,NA
5066,577.1213,577.120106089347,577.119893599551,7764443.5,NA,176240.8,40.37,-1,0.368190039975511,0.979230727243479,0.97995537885218,0.979520587886959,14,1,0.576923076923077,"O15","de-protonated",0,NA,"C26 H26 O15",26,26,15,NA,NA,NA,NA,NA,NA,NA,NA
5068,577.157564,577.156369992704,577.156279108935,6826461,NA,176369.8,35.21,-1,0.157468215443368,0.981549125053103,0.999030695625694,0.988541753282139,13,1.11111111111111,0.518518518518518,"O14","de-protonated",0,NA,"C27 H30 O14",27,30,14,NA,NA,NA,NA,NA,NA,NA,NA
5069,577.170947,577.169752957039,577.170035648482,3041757.5,NA,223914.5,14.41,-1,-0.489788842451953,0.95740546899509,0,0.574443281397054,7,1.56,0.36,"S2 P1 O9","de-protonated",0,NA,"C25 H39 O9 S2 P1",25,39,9,NA,1,2,NA,NA,NA,NA,NA
5070,577.193861,577.192666895973,577.192664618319,7877086.5,NA,176951.4,40.99,-1,0.00394608975723183,0.999286827330518,0.960017747891866,0.983579195555057,12,1.21428571428571,0.464285714285714,"O13","de-protonated",0,NA,"C28 H34 O13",28,34,13,NA,NA,NA,NA,NA,NA,NA,NA
5072,577.230145,577.228950799277,577.229050127703,4113888,NA,194816.8,20.3,-1,-0.172078010367525,0.497320779807877,0.759892473118277,0.602349457132037,11,1.31034482758621,0.413793103448276,"O12","de-protonated",0,NA,"C29 H38 O12",29,38,12,NA,NA,NA,NA,NA,NA,NA,NA
5073,577.243751,577.242556763017,577.242806667251,2228704.5,NA,192491.8,9.94,-1,-0.432927410955479,0.966563552245501,0,0.579938131347301,5,1.74074074074074,0.259259259259259,"S2 P1 O7","de-protonated",0,NA,"C27 H47 O7 S2 P1",27,47,7,NA,1,2,NA,NA,NA,NA,NA
5075,578.152875,578.151678340215,578.151528081128,2942981.5,NA,156209.1,13.87,-1,0.259895684721271,0.987818709305788,0,0.592691225583473,13,1.11538461538462,0.538461538461538,"N1 O14","de-protonated",0,NA,"C26 H29 O14 N1",26,29,14,1,NA,NA,NA,NA,NA,NA,NA
5077,578.189722,578.188525242018,578.188782970438,2221063,NA,143154.3,9.9,-1,-0.44575133059146,0.964589351780178,0,0.578753611068107,11,1.32142857142857,0.285714285714286,"N1 S2 O8","de-protonated",0,NA,"C28 H37 O8 S2 N1",28,37,8,1,NA,2,NA,NA,NA,NA,NA
5079,579.064263,579.063063911379,579.063128960849,3122729,NA,180922.1,14.85,-1,-0.112335712911827,0.498856430919521,0.707195036525566,0.582191873161939,32,0.421052631578947,0.0263157894736842,"N2 S2 O1","de-protonated",0,NA,"C38 H16 O1 S2 N2",38,16,1,2,NA,2,NA,NA,NA,NA,NA
5080,579.100459,579.099259814918,579.099158154644,5546538.5,NA,186731,28.18,-1,0.175548991762138,0.996507016818053,0.977604792731457,0.988946127183415,14,0.96,0.64,"O16","de-protonated",0,NA,"C25 H24 O16",25,24,16,NA,NA,NA,NA,NA,NA,NA,NA
5081,579.136827,579.135627717997,579.135543664029,8149547.5,NA,178553.1,42.49,-1,0.145136954176007,0.981466342477466,0.982982658753499,0.982072868987879,13,1.07692307692308,0.576923076923077,"O15","de-protonated",0,NA,"C26 H28 O15",26,28,15,NA,NA,NA,NA,NA,NA,NA,NA
5083,579.173161,579.171961621168,579.171929173413,9556525,NA,172138.8,50.22,-1,0.0560243915955133,0.981287213741831,0.978774656451355,0.98028219082564,12,1.18518518518519,0.518518518518518,"O14","de-protonated",0,NA,"C27 H32 O14",27,32,14,NA,NA,NA,NA,NA,NA,NA,NA
5084,579.201725,579.200525545045,579.200269178812,3863086.3,NA,171075.7,18.92,-1,0.442621053276992,0.965076188949042,0,0.579045713369425,3,2,0.944444444444444,"N4 O17","de-protonated",0,NA,"C18 H36 O17 N4",18,36,17,4,NA,NA,NA,NA,NA,NA,NA
5085,579.209707,579.208507523773,579.208314682797,6390318.5,NA,185446,32.82,-1,0.332938894661808,0.979969242864841,0.939976974830381,0.963972335651057,11,1.28571428571429,0.464285714285714,"O13","de-protonated",0,NA,"C28 H36 O13",28,36,13,NA,NA,NA,NA,NA,NA,NA,NA
5086,579.238125,579.23692544804,579.236654688196,2943535.5,NA,193512,13.87,-1,0.467442523160392,0.961128663612131,0,0.576677198167278,2,2.10526315789474,0.842105263157895,"N4 O16","de-protonated",0,NA,"C19 H40 O16 N4",19,40,16,4,NA,NA,NA,NA,NA,NA,NA
5087,579.245942,579.244742427207,579.244700192181,3079727.8,NA,196341.1,14.62,-1,0.0729139619988089,0.9990358030208,0,0.59942148181248,10,1.37931034482759,0.413793103448276,"O12","de-protonated",0,NA,"C29 H40 O12",29,40,12,NA,NA,NA,NA,NA,NA,NA,NA
5089,580.131999,580.130797065879,580.130792636222,1895504.3,NA,200610.2,8.11,-1,0.00763561778307544,0.999989421115086,0,0.599993652669051,13,1.08,0.6,"N1 O15","de-protonated",0,NA,"C25 H27 O15 N1",25,27,15,1,NA,NA,NA,NA,NA,NA,NA
5091,580.16836,580.167157968977,580.167178145606,2072657.5,NA,152977.2,9.08,-1,-0.0347772667416553,0.999780569461982,0,0.599868341677189,12,1.19230769230769,0.538461538461538,"N1 O14","de-protonated",0,NA,"C26 H31 O14 N1",26,31,14,1,NA,NA,NA,NA,NA,NA,NA
5093,580.204885,580.203682871639,580.20356365499,2204754.8,NA,201640.3,9.81,-1,0.205473829969425,0.992368596292512,0,0.595421157775507,11,1.2962962962963,0.481481481481481,"N1 O13","de-protonated",0,NA,"C27 H35 O13 N1",27,35,13,1,NA,NA,NA,NA,NA,NA,NA
5095,581.058859,581.05765459581,581.057782599009,2041968.5,NA,191814.1,8.91,-1,-0.220293407007693,0.991233098475176,0,0.594739859085106,23,0.633333333333333,0.233333333333333,"N2 S1 P1 O7","de-protonated",0,NA,"C30 H19 O7 S1 N2 P1",30,19,7,2,1,1,NA,NA,NA,NA,NA
5096,581.079739,581.078534540165,581.078422709738,4467313,NA,182149.4,22.25,-1,0.192453244052891,0.496650995161955,0.792708917554682,0.615074164119046,14,0.916666666666667,0.708333333333333,"O17","de-protonated",0,NA,"C24 H22 O17",24,22,17,NA,NA,NA,NA,NA,NA,NA,NA
5097,581.116199,581.114994443,581.114808219122,6861426.5,NA,182740.5,35.41,-1,0.320459701370736,0.49076938384391,0.785920818505338,0.608829957708481,13,1.04,0.64,"O16","de-protonated",0,NA,"C25 H26 O16",25,26,16,NA,NA,NA,NA,NA,NA,NA,NA
5098,581.144783,581.143578366824,581.143820899955,2530931.3,NA,209562.6,11.6,-1,-0.417337536611312,0.968891126365362,0,0.581334675819217,11,1.2962962962963,0.296296296296296,"S2 P1 O8","de-protonated",0,NA,"C27 H35 O8 S2 P1",27,35,8,NA,1,2,NA,NA,NA,NA,NA
5099,581.152535,581.151330346165,581.151193728507,8288883.5,NA,169947,43.25,-1,0.235081094240159,0.980212282978337,0.985277697231993,0.982238448679799,12,1.15384615384615,0.576923076923077,"O15","de-protonated",0,NA,"C26 H30 O15",26,30,15,NA,NA,NA,NA,NA,NA,NA,NA
5101,581.188857,581.187652249367,581.187579237891,7119477,NA,178275.5,36.82,-1,0.1256246334641,0.498570277387164,0.772687513667176,0.608217171899169,11,1.25925925925926,0.518518518518518,"O14","de-protonated",0,NA,"C27 H34 O14",27,34,14,NA,NA,NA,NA,NA,NA,NA,NA
5102,581.216992,581.215787174388,581.215589597016,4176501.8,NA,184295.2,20.65,-1,0.339938183892789,0.48962522757394,0.701787487586891,0.57449013157912,23,0.871794871794872,0.0769230769230769,"S1 O3","de-protonated",0,NA,"C39 H34 O3 S1",39,34,3,NA,NA,1,NA,NA,NA,NA,NA
5103,581.225268,581.224063152333,581.223964747275,5077622,NA,167750,25.6,-1,0.169306607282337,0.497406162797501,0.766236582456902,0.604938330661261,10,1.35714285714286,0.464285714285714,"O13","de-protonated",0,NA,"C28 H38 O13",28,38,13,NA,NA,NA,NA,NA,NA,NA,NA
5104,581.253452,581.252247077223,581.251975106401,3284599,NA,192146.3,15.74,-1,0.467905201042457,0.480526597171937,0.69646200847541,0.566900761693327,22,0.95,0.05,"S1 O2","de-protonated",0,NA,"C40 H38 O2 S1",40,38,2,NA,NA,1,NA,NA,NA,NA,NA
5105,581.261624,581.260419055445,581.260350256659,1906807.3,NA,205305.3,8.17,-1,0.118361393685754,0.997461237355638,0,0.598476742413383,9,1.44827586206897,0.413793103448276,"O12","de-protonated",0,NA,"C29 H42 O12",29,42,12,NA,NA,NA,NA,NA,NA,NA,NA
5107,582.119911,582.118703768122,582.118788657163,1792147.3,NA,188659.3,7.54,-1,-0.145827694284668,0.996148798663103,0,0.597689279197862,17,0.925925925925926,0.37037037037037,"N3 S1 O10","de-protonated",0,NA,"C27 H25 O10 S1 N3",27,25,10,3,NA,1,NA,NA,NA,NA,NA
5109,582.184461,582.183253596098,582.183317467454,2143893.3,NA,212731.8,9.47,-1,-0.109710042842226,0.997818413482779,0,0.598691048089668,15,1.17241379310345,0.206896551724138,"N3 S1 P1 O6","de-protonated",0,NA,"C29 H34 O6 S1 N3 P1",29,34,6,3,1,1,NA,NA,NA,NA,NA
5110,582.192809,582.19160157385,582.191559675932,2575509.8,NA,179544.8,11.85,-1,0.0719658640992707,0.999060703138124,0,0.599436421882875,15,1.13793103448276,0.275862068965517,"N3 S1 O8","de-protonated",0,NA,"C29 H33 O8 S1 N3",29,33,8,3,NA,1,NA,NA,NA,NA,NA
5111,582.22087,582.219662499068,582.219702976839,2444950.5,NA,205638.2,11.13,-1,-0.0695231891550184,0.999123356999364,0,0.599474014199619,14,1.26666666666667,0.166666666666667,"N3 S1 P1 O5","de-protonated",0,NA,"C30 H38 O5 S1 N3 P1",30,38,5,3,1,1,NA,NA,NA,NA,NA
5113,583.074749,583.073539223493,583.073812786042,1872048.9,NA,205360,7.98,-1,-0.469173101168454,0.960846029828008,0,0.576507617896805,17,0.857142857142857,0.357142857142857,"S2 O10","de-protonated",0,NA,"C28 H24 O10 S2",28,24,10,NA,NA,2,NA,NA,NA,NA,NA
5114,583.095574,583.094364167995,583.094072774216,3324593.5,NA,195618.5,15.96,-1,0.499737164821719,0.955696874574663,0,0.573418124744798,13,1,0.708333333333333,"O17","de-protonated",0,NA,"C24 H24 O17",24,24,17,NA,NA,NA,NA,NA,NA,NA,NA
5115,583.110556,583.109346128068,583.109328915501,2431666,NA,197375.7,11.06,-1,0.029518592983418,0.999841907669248,0,0.599905144601549,17,0.857142857142857,0.5,"O14","de-protonated",0,NA,"C28 H24 O14",28,24,14,NA,NA,NA,NA,NA,NA,NA,NA
5116,583.131707,583.130497071701,583.1304582836,5993138.5,NA,165897.3,30.63,-1,0.0665170204116771,0.499598749960945,0.785920818505338,0.614127577378702,12,1.12,0.64,"O16","de-protonated",0,NA,"C25 H28 O16",25,28,16,NA,NA,NA,NA,NA,NA,NA,NA
5117,583.160026,583.158815996231,583.158601584507,4750003.5,NA,187651.2,23.8,-1,0.367673088207819,0.98314049550804,0.891771330911076,0.946592829669255,11,1.26923076923077,0.5,"P1 O13","de-protonated",0,NA,"C26 H33 O13 P1",26,33,13,NA,1,NA,NA,NA,NA,NA,NA
5118,583.168197,583.166986974455,583.166843792985,6820531.5,NA,168102.8,35.18,-1,0.2455240252655,0.494560752624567,0.779247987650237,0.608435646634835,11,1.23076923076923,0.576923076923077,"O15","de-protonated",0,NA,"C26 H32 O15",26,32,15,NA,NA,NA,NA,NA,NA,NA,NA
5119,583.196365,583.195154899388,583.194987093891,5446324.5,NA,179243.2,27.63,-1,0.287734806467406,0.492544948470863,0.772687513667176,0.604601974549388,10,1.37037037037037,0.444444444444444,"P1 O12","de-protonated",0,NA,"C27 H37 O12 P1",27,37,12,NA,1,NA,NA,NA,NA,NA,NA
5120,583.204512,583.203301877677,583.203229302369,5031604.5,NA,176322.4,25.35,-1,0.124442568377447,0.498597019146994,0.772687513667176,0.608233216955067,10,1.33333333333333,0.518518518518518,"O14","de-protonated",0,NA,"C27 H36 O14",27,36,14,NA,NA,NA,NA,NA,NA,NA,NA
5121,583.232941,583.231730801914,583.231569307768,4241077.5,NA,175566.3,21,-1,0.276895412019831,0.986184458012938,0,0.591710674807763,1,2.22222222222222,0.944444444444444,"N4 O17","de-protonated",0,NA,"C18 H40 O17 N4",18,40,17,4,NA,NA,NA,NA,NA,NA,NA
5122,583.240942,583.239731780591,583.239614811753,2022069.8,NA,224170.4,8.8,-1,0.200550228318704,0.992728627615387,0,0.595637176569232,9,1.42857142857143,0.464285714285714,"O13","de-protonated",0,NA,"C28 H40 O13",28,40,13,NA,NA,NA,NA,NA,NA,NA,NA
5123,583.269421,583.268210704695,583.267954817152,2597558.8,NA,219396.9,11.97,-1,0.43871352884701,0.96567943382288,0,0.579407660293728,0,2.31578947368421,0.842105263157895,"N4 O16","de-protonated",0,NA,"C19 H44 O16 N4",19,44,16,4,NA,NA,NA,NA,NA,NA,NA
5126,584.127312,584.126099418428,584.126196513164,1733327.4,NA,180861.2,7.22,-1,-0.166222189905188,0.994999152192377,0,0.596999491315426,16,1.03703703703704,0.296296296296296,"N3 S1 P1 O8","de-protonated",0,NA,"C27 H28 O8 S1 N3 P1",27,28,8,3,1,1,NA,NA,NA,NA,NA
5128,584.171012,584.169799301968,584.169976077911,1945808.6,NA,181604,8.38,-1,-0.302610454962583,0.983521464859382,0,0.590112878915629,14,1.2,0.166666666666667,"N1 S2 P1 O5","de-protonated",0,NA,"C30 H36 O5 S2 N1 P1",30,36,5,1,1,2,NA,NA,NA,NA,NA
5129,584.199847,584.198634225123,584.198478274562,2430161.5,NA,181180.7,11.05,-1,0.266947907808858,0.987152988029501,0,0.592291792817701,10,1.34615384615385,0.538461538461538,"N1 O14","de-protonated",0,NA,"C26 H35 O14 N1",26,35,14,1,NA,NA,NA,NA,NA,NA,NA
5130,585.053598,585.052382949889,585.05220796121,2089192.6,NA,152731,9.17,-1,0.299099254408597,0.983898570972758,0,0.590339142583655,18,0.692307692307692,0.615384615384615,"O16","de-protonated",0,NA,"C26 H18 O16",26,18,16,NA,NA,NA,NA,NA,NA,NA,NA
5131,585.074668,585.073452893738,585.07333732931,1955561.1,NA,196427.2,8.44,-1,0.197521269939935,0.992945840844393,0,0.595767504506636,13,0.956521739130435,0.782608695652174,"O18","de-protonated",0,NA,"C23 H22 O18",23,22,18,NA,NA,NA,NA,NA,NA,NA,NA
5132,585.089831,585.088615853329,585.088593470595,2684649.5,NA,179098,12.45,-1,0.0382552912119998,0.999734491033664,0,0.599840694620198,17,0.814814814814815,0.555555555555556,"O15","de-protonated",0,NA,"C27 H22 O15",27,22,15,NA,NA,NA,NA,NA,NA,NA,NA
5133,585.111138,585.109922796546,585.109722838694,4053738.3,NA,171369,19.97,-1,0.341744196780573,0.979031728338605,0,0.587419037003163,12,1.08333333333333,0.708333333333333,"O17","de-protonated",0,NA,"C24 H26 O17",24,26,17,NA,NA,NA,NA,NA,NA,NA,NA
5134,585.128655,585.127439749864,585.127698834726,4610794.5,NA,197129.1,23.03,-1,-0.442783452411109,0.965051010139057,0,0.579030606083434,2,2,0.941176470588235,"N2 S2 O16","de-protonated",0,NA,"C17 H34 O16 S2 N2",17,34,16,2,NA,2,NA,NA,NA,NA,NA
5136,585.147374,585.146158699978,585.146108348078,4630251,NA,172614,23.14,-1,0.0860501316042996,0.499328671333025,0.785920818505338,0.61396553020195,11,1.2,0.64,"O16","de-protonated",0,NA,"C25 H30 O16",25,30,16,NA,NA,NA,NA,NA,NA,NA,NA
5137,585.162982,585.161766658383,585.161853746734,2137323.5,NA,142123.7,9.44,-1,-0.148827798929229,0.995989029058977,0,0.597593417435386,19,0.96875,0.15625,"N2 S1 P1 O5","de-protonated",0,NA,"C32 H31 O5 S1 N2 P1",32,31,5,2,1,1,NA,NA,NA,NA,NA
5138,585.176045,585.17482962357,585.175121028911,4436716,NA,207764.9,22.08,-1,-0.497979716017093,0.478000493122322,0.772687513667176,0.595875301340263,9,1.44444444444444,0.296296296296296,"S2 P1 O8","de-protonated",0,NA,"C27 H39 O8 S2 P1",27,39,8,NA,1,2,NA,NA,NA,NA,NA
5139,585.184105,585.18288960209,585.182983114833,3956460,NA,183542.5,19.44,-1,-0.159800857741292,0.497688593794662,0.759892473118277,0.602570145524108,14,1.20689655172414,0.241379310344828,"N2 S1 P1 O7","de-protonated",0,NA,"C29 H35 O7 S1 N2 P1",29,35,7,2,1,1,NA,NA,NA,NA,NA
5140,585.193765,585.192549576346,585.192746151859,2170092.3,NA,183400.4,9.62,-1,-0.33591583859557,0.979733610706058,0,0.587840166423635,22,0.894736842105263,0.0526315789473684,"S2 O2","de-protonated",0,NA,"C38 H34 O2 S2",38,34,2,NA,NA,2,NA,NA,NA,NA,NA
5141,585.198953,585.197737562521,585.197749998747,2031852.5,NA,202038.2,8.86,-1,-0.0212513239139133,0.999918057725267,0,0.59995083463516,14,1.13333333333333,0.4,"O12","de-protonated",0,NA,"C30 H34 O12",30,34,12,NA,NA,NA,NA,NA,NA,NA,NA
5143,585.220465,585.219249505191,585.219368624217,2231533,NA,196631.1,9.95,-1,-0.203545939078078,0.992510595088254,0,0.595506357052952,13,1.3,0.2,"N2 S1 P1 O6","de-protonated",0,NA,"C30 H39 O6 S1 N2 P1",30,39,6,2,1,1,NA,NA,NA,NA,NA
5144,585.230238,585.229022479146,585.229131661243,1818861.3,NA,188081.7,7.69,-1,-0.186562989342232,0.993704443154731,0,0.596222665892839,21,0.974358974358974,0.0256410256410256,"S2 O1","de-protonated",0,NA,"C39 H38 O1 S2",39,38,1,NA,NA,2,NA,NA,NA,NA,NA
5145,585.248972,585.247756429221,585.247892047679,2639597.8,NA,187367.4,12.2,-1,-0.23172823072112,0.990303886749149,0,0.594182332049489,7,1.62068965517241,0.206896551724138,"S2 P1 O6","de-protonated",0,NA,"C29 H47 O6 S2 P1",29,47,6,NA,1,2,NA,NA,NA,NA,NA
5148,586.12758,586.126362087743,586.126101178986,1788164,NA,171259.4,7.52,-1,0.445140996555824,0.964684524071154,0,0.578810714442693,7,1.45,0.95,"N1 O19","de-protonated",0,NA,"C20 H29 O19 N1",20,29,19,1,NA,NA,NA,NA,NA,NA,NA
5149,586.171298,586.170079971235,586.170370001104,1733381,NA,260098.3,7.22,-1,-0.494787664224906,0.956550849201897,0,0.573930509521138,9,1.46153846153846,0.307692307692308,"N1 S2 P1 O8","de-protonated",0,NA,"C26 H38 O8 S2 N1 P1",26,38,8,1,1,2,NA,NA,NA,NA,NA
5150,586.215416,586.214197853662,586.21412833904,1740550.1,NA,203134.9,7.26,-1,0.118582303553425,0.997451763907768,0,0.598471058344661,9,1.42307692307692,0.538461538461538,"N1 O14","de-protonated",0,NA,"C26 H37 O14 N1",26,37,14,1,NA,NA,NA,NA,NA,NA,NA
5151,586.252147,586.250928755774,586.251003105795,1948423,NA,204817.6,8.4,-1,-0.126822845778621,0.997085827589685,0,0.598251496553811,12,1.4,0.166666666666667,"N3 S1 P1 O5","de-protonated",0,NA,"C30 H42 O5 S1 N3 P1",30,42,5,3,1,1,NA,NA,NA,NA,NA
5152,586.513503,586.512284059264,586.512226346922,3370765.3,NA,182013.5,16.22,-1,0.0983992143078587,0.499122341319402,0.707195036525566,0.582351419401868,5,1.84210526315789,0.0263157894736842,"N1 P1 O1","de-protonated",0,NA,"C38 H70 O1 N1 P1",38,70,1,1,1,NA,NA,NA,NA,NA,NA
5154,587.069152,587.067931578468,587.067858025688,2671386.3,NA,185872.9,12.37,-1,0.125288377544279,0.997155820120364,0,0.598293492072218,17,0.769230769230769,0.615384615384615,"O16","de-protonated",0,NA,"C26 H20 O16",26,20,16,NA,NA,NA,NA,NA,NA,NA,NA
5155,587.090051,587.088830522772,587.088987393788,2001690.8,NA,191839.3,8.69,-1,-0.267201427531691,0.987128732687598,0,0.592277239612559,12,1.04347826086957,0.782608695652174,"O18","de-protonated",0,NA,"C23 H24 O18",23,24,18,NA,NA,NA,NA,NA,NA,NA,NA
5156,587.105588,587.104367481366,587.104243535073,2584347.3,NA,205204.2,11.89,-1,0.211114627510482,0.991945555739886,0,0.595167333443932,16,0.888888888888889,0.555555555555556,"O15","de-protonated",0,NA,"C27 H24 O15",27,24,15,NA,NA,NA,NA,NA,NA,NA,NA
5158,587.125836,587.124615427406,587.124859838835,2871067.5,NA,149976.5,13.47,-1,-0.416285268059235,0.484522676529409,0.712686567164179,0.575788232783317,29,0.540540540540541,0.162162162162162,"N2 O6","de-protonated",0,NA,"C37 H20 O6 N2",37,20,6,2,NA,NA,NA,NA,NA,NA,NA
5159,587.141946,587.140725384473,587.140629044457,3162908,NA,168069.1,15.07,-1,0.164083374687592,0.995126706030246,0,0.597076023618148,15,1,0.5,"O14","de-protonated",0,NA,"C28 H28 O14",28,28,14,NA,NA,NA,NA,NA,NA,NA,NA
5161,587.163358,587.16213732741,587.162247669927,2390812.5,NA,190663.7,10.83,-1,-0.18792508714876,0.993612475047153,0,0.596167485028292,14,1.17857142857143,0.285714285714286,"N2 S1 P1 O8","de-protonated",0,NA,"C28 H33 O8 S1 N2 P1",28,33,8,2,1,1,NA,NA,NA,NA,NA
5162,587.178252,587.177031287718,587.177014553841,3298076.8,NA,174070.5,15.82,-1,0.0284988619729055,0.999852640932853,0,0.599911584559712,14,1.10344827586207,0.448275862068966,"O13","de-protonated",0,NA,"C29 H32 O13",29,32,13,NA,NA,NA,NA,NA,NA,NA,NA
5163,587.191402,587.190181252673,587.189901713463,4365085,NA,200118,21.68,-1,0.476062700055765,0.479855659548005,0.779247987650237,0.599612590788898,9,1.42307692307692,0.5,"P1 O13","de-protonated",0,NA,"C26 H37 O13 P1",26,37,13,NA,1,NA,NA,NA,NA,NA,NA
5164,587.199242,587.19802123178,587.198143921941,1811741.3,NA,220160.2,7.65,-1,-0.208941670113924,0.992109855277177,0,0.595265913166306,9,1.38461538461538,0.576923076923077,"O15","de-protonated",0,NA,"C26 H36 O15",26,36,15,NA,NA,NA,NA,NA,NA,NA,NA
5165,587.215041,587.213820189676,587.213889320596,3027741.8,NA,187762,14.33,-1,-0.117726984121329,0.498744172759276,0.73553288925895,0.593459659359146,17,1.12121212121212,0.121212121212121,"N2 S1 P1 O4","de-protonated",0,NA,"C33 H37 O4 S1 N2 P1",33,37,4,2,1,1,NA,NA,NA,NA,NA
5171,589.084959,589.083733206372,589.083508090166,2469701,NA,182522.4,11.26,-1,0.382146507669919,0.973849960482416,0,0.58430997628945,16,0.846153846153846,0.615384615384615,"O16","de-protonated",0,NA,"C26 H22 O16",26,22,16,NA,NA,NA,NA,NA,NA,NA,NA
5172,589.121135,589.119909109963,589.119893599551,4374342,NA,189146.2,21.73,-1,0.0263281085055886,0.499937116625441,0.772687513667176,0.609037275442135,15,0.962962962962963,0.555555555555556,"O15","de-protonated",0,NA,"C27 H26 O15",27,26,15,NA,NA,NA,NA,NA,NA,NA,NA
5174,589.157721,589.156495012462,589.156279108935,4460358.5,NA,177662.5,22.21,-1,0.366462235460582,0.487963459567165,0.766236582456902,0.59927270872306,14,1.07142857142857,0.5,"O14","de-protonated",0,NA,"C28 H30 O14",28,30,14,NA,NA,NA,NA,NA,NA,NA,NA
5176,589.194053,589.192826915638,589.192664618319,4706119,NA,169400.4,23.56,-1,0.275457126795771,0.991205352335686,0.95036294221594,0.974868388287788,13,1.17241379310345,0.448275862068966,"O13","de-protonated",0,NA,"C29 H34 O13",29,34,13,NA,NA,NA,NA,NA,NA,NA,NA
5177,589.207065,589.205838880961,589.205551777941,3559239.5,NA,175812.1,17.25,-1,0.487271409261019,0.957832860563123,0,0.574699716337874,8,1.5,0.5,"P1 O13","de-protonated",0,NA,"C26 H39 O13 P1",26,39,13,NA,1,NA,NA,NA,NA,NA,NA
5178,589.230256,589.229029819157,589.229050127703,2941768,NA,192274.6,13.86,-1,-0.0344663015789305,0.999784475626645,0,0.599870685375987,12,1.26666666666667,0.4,"O12","de-protonated",0,NA,"C30 H38 O12",30,38,12,NA,NA,NA,NA,NA,NA,NA,NA
5179,589.243189,589.241962784691,589.241804345544,2364232.3,NA,176093.5,10.68,-1,0.268886467156638,0.986966947726612,0,0.592180168635967,20,1,0.105263157894737,"S1 O4","de-protonated",0,NA,"C38 H38 O4 S1",38,38,4,NA,NA,1,NA,NA,NA,NA,NA
5180,589.327655,589.32642855959,589.326321817941,2013513.9,NA,201469.4,8.76,-1,0.181124862305428,0.994065037137885,0,0.596439022282731,0,2.07692307692308,0.461538461538462,"S1 O12","de-protonated",0,NA,"C26 H54 O12 S1",26,54,12,NA,NA,1,NA,NA,NA,NA,NA
5183,590.23369,590.23246114502,590.23218241263,1874266.6,NA,151974.4,7.99,-1,0.472241939918887,0.960342472403455,0,0.576205483442073,15,1.23529411764706,0.0588235294117647,"N1 S2 P1 O2","de-protonated",0,NA,"C34 H42 O2 S2 N1 P1",34,42,2,1,1,2,NA,NA,NA,NA,NA
5184,591.064337,591.063105931358,591.063128960849,2460008.8,NA,179779.7,11.21,-1,-0.0389628271611148,0.999724580339448,0,0.599834748203669,33,0.41025641025641,0.0256410256410256,"N2 S2 O1","de-protonated",0,NA,"C39 H16 O1 S2 N2",39,16,1,2,NA,2,NA,NA,NA,NA,NA
5185,591.100688,591.099456834483,591.099647412015,4472681.5,NA,178588.3,22.27,-1,-0.322411850700836,0.490657641162765,0.759892473118277,0.59835157394497,19,0.862068965517241,0.275862068965517,"N2 S1 P1 O8","de-protonated",0,NA,"C29 H25 O8 S1 N2 P1",29,25,8,2,1,1,NA,NA,NA,NA,NA
5186,591.136804,591.135572738235,591.135543664029,5624682,NA,175940.9,28.61,-1,0.0491836542051313,0.499780583083028,0.772687513667176,0.608943355316687,14,1.03703703703704,0.555555555555556,"O15","de-protonated",0,NA,"C27 H28 O15",27,28,15,NA,NA,NA,NA,NA,NA,NA,NA
5187,591.149843,591.148611703486,591.148430823651,1922922.3,NA,205844,8.26,-1,0.305980403702305,0.983155528481909,0,0.589893317089145,9,1.375,0.625,"P1 O15","de-protonated",0,NA,"C24 H33 O15 P1",24,33,15,NA,1,NA,NA,NA,NA,NA,NA
5188,591.173317,591.172085640928,591.171929173413,6642538.5,NA,179510.3,34.2,-1,0.264673452033204,0.493684795860581,0.766236582456902,0.60270551049911,13,1.14285714285714,0.5,"O14","de-protonated",0,NA,"C28 H32 O14",28,32,14,NA,NA,NA,NA,NA,NA,NA,NA
5189,591.18626,591.185028606435,591.184816333035,2212202.8,NA,204286.9,9.85,-1,0.359064364332468,0.976877836379102,0,0.586126701827461,8,1.48,0.56,"P1 O14","de-protonated",0,NA,"C25 H37 O14 P1",25,37,14,NA,1,NA,NA,NA,NA,NA,NA
5190,591.209827,591.208595543629,591.208314682797,5176171,NA,161010,26.14,-1,0.475062385459382,0.479938506432171,0.759892473118277,0.591920093106614,12,1.24137931034483,0.448275862068966,"O13","de-protonated",0,NA,"C29 H36 O13",29,36,13,NA,NA,NA,NA,NA,NA,NA,NA
5191,591.245664,591.244432448124,591.244700192181,3087723.8,NA,161913,14.66,-1,-0.452848130147097,0.963473841079298,0,0.578084304647579,11,1.33333333333333,0.4,"O12","de-protonated",0,NA,"C30 H40 O12",30,40,12,NA,NA,NA,NA,NA,NA,NA,NA
5194,592.132206,592.130972085503,592.130792636222,1913721.6,NA,190768.8,8.21,-1,0.303056830747319,0.983473218809468,0,0.590083931285681,14,1.03846153846154,0.576923076923077,"N1 O15","de-protonated",0,NA,"C26 H27 O15 N1",26,27,15,1,NA,NA,NA,NA,NA,NA,NA
5195,592.140739,592.139505062763,592.139524102069,2171769.8,NA,170109.2,9.63,-1,-0.0321534128913438,0.999812428328169,0,0.599887456996901,18,0.931034482758621,0.310344827586207,"N3 S1 O9","de-protonated",0,NA,"C29 H27 O9 S1 N3",29,27,9,3,NA,1,NA,NA,NA,NA,NA
5196,593.079797,593.078560560187,593.078422709738,3088263.3,NA,204565.8,14.66,-1,0.232432075857406,0.99024518452561,0,0.594147110715366,15,0.88,0.68,"O17","de-protonated",0,NA,"C25 H22 O17",25,22,17,NA,NA,NA,NA,NA,NA,NA,NA
5197,593.116309,593.115072462883,593.114808219122,4445063.5,NA,168743.8,22.12,-1,0.445518737818409,0.482312817674527,0.779247987650237,0.601086885664811,14,1,0.615384615384615,"O16","de-protonated",0,NA,"C26 H26 O16",26,26,16,NA,NA,NA,NA,NA,NA,NA,NA
5198,593.152483,593.15124636648,593.151193728507,6624136,NA,189983.2,34.1,-1,0.0887429272383856,0.996304539719825,0.990082431280711,0.99381569634418,13,1.11111111111111,0.555555555555556,"O15","de-protonated",0,NA,"C27 H30 O15",27,30,15,NA,NA,NA,NA,NA,NA,NA,NA
5199,593.180853,593.179616290874,593.179337029413,2624392.5,NA,179111.7,12.11,-1,0.470787573288712,0.960581491824935,0,0.576348895094961,12,1.25,0.428571428571429,"P1 O12","de-protonated",0,NA,"C28 H35 O12 P1",28,35,12,NA,1,NA,NA,NA,NA,NA,NA
5200,593.188945,593.187708269309,593.187579237891,6007688.5,NA,179328.1,30.71,-1,0.217522117261044,0.992652831086947,0.964904880062488,0.981553650677163,12,1.21428571428571,0.5,"O14","de-protonated",0,NA,"C28 H34 O14",28,34,14,NA,NA,NA,NA,NA,NA,NA,NA
5201,593.225173,593.223936172762,593.223964747275,4477833,NA,180217.7,22.3,-1,-0.0481681706717206,0.49978954816129,0.759892473118277,0.603830718144085,11,1.31034482758621,0.448275862068966,"O13","de-protonated",0,NA,"C29 H38 O13",29,38,13,NA,NA,NA,NA,NA,NA,NA,NA
5202,593.261459,593.26022207606,593.260350256659,2538889.5,NA,163136.9,11.64,-1,-0.216061294372995,0.991565298197206,0,0.594939178918324,10,1.4,0.4,"O12","de-protonated",0,NA,"C30 H42 O12",30,42,12,NA,NA,NA,NA,NA,NA,NA,NA
5203,593.483137,593.481899485292,593.48165449378,11135885,NA,172516.9,58.9,-1,0.412803849589566,0.484776504286468,0.723929522638802,0.580437711627401,4,1.91428571428571,0.0857142857142857,"N2 P1 O3","de-protonated",0,NA,"C35 H67 O3 N2 P1",35,67,3,2,1,NA,NA,NA,NA,NA,NA
5205,594.147911,594.146671713679,594.1464427007,1918868.9,NA,210578.1,8.24,-1,0.385448708774219,0.97340216285427,0,0.584041297712562,13,1.11538461538462,0.576923076923077,"N1 O15","de-protonated",0,NA,"C26 H29 O15 N1",26,29,15,1,NA,NA,NA,NA,NA,NA,NA
5207,594.184211,594.18297161694,594.182828210084,1763221.4,NA,194286,7.38,-1,0.241351397492767,0.989486184468737,0,0.593691710681242,12,1.22222222222222,0.518518518518518,"N1 O14","de-protonated",0,NA,"C27 H33 O14 N1",27,33,14,1,NA,NA,NA,NA,NA,NA,NA
5210,595.058966,595.057724285731,595.057687264832,2026399.4,NA,198080.7,8.83,-1,0.0622139663939609,0.99929793533939,0,0.599578761203634,15,0.833333333333333,0.75,"O18","de-protonated",0,NA,"C24 H20 O18",24,20,18,NA,NA,NA,NA,NA,NA,NA,NA
5211,595.095459,595.094217188477,595.094072774216,3609503.8,NA,186437.9,17.53,-1,0.242674675975493,0.989371194929341,0,0.593622716957604,14,0.96,0.68,"O17","de-protonated",0,NA,"C25 H24 O17",25,24,17,NA,NA,NA,NA,NA,NA,NA,NA
5212,595.131887,595.130645091397,595.1304582836,5477280,NA,183587.9,27.8,-1,0.313893860282007,0.491140420791531,0.779247987650237,0.606383447535014,13,1.07692307692308,0.615384615384615,"O16","de-protonated",0,NA,"C26 H28 O16",26,28,16,NA,NA,NA,NA,NA,NA,NA,NA
5214,595.168345,595.167102994237,595.166843792985,6744992.5,NA,171893.5,34.76,-1,0.435510236126181,0.483085123598832,0.772687513667176,0.59892607962617,12,1.18518518518519,0.555555555555556,"O15","de-protonated",0,NA,"C27 H32 O15",27,32,15,NA,NA,NA,NA,NA,NA,NA,NA
5216,595.20459,595.203347897645,595.203229302369,5303201,NA,176636.1,26.84,-1,0.199251734673065,0.496411072201486,0.766236582456902,0.604341276303653,11,1.28571428571429,0.5,"O14","de-protonated",0,NA,"C28 H36 O14",28,36,14,NA,NA,NA,NA,NA,NA,NA,NA
5217,595.233072,595.231829821741,595.231569307768,2897825.3,NA,194285.5,13.62,-1,0.437668272452915,0.965839957495582,0,0.579503974497349,2,2.10526315789474,0.894736842105263,"N4 O17","de-protonated",0,NA,"C19 H40 O17 N4",19,40,17,4,NA,NA,NA,NA,NA,NA,NA
5218,595.240912,595.239669800847,595.239614811753,2913185.3,NA,191243.6,13.7,-1,0.0923814418840154,0.998452655261192,0,0.599071593156715,10,1.37931034482759,0.448275862068966,"O13","de-protonated",0,NA,"C29 H40 O13",29,40,13,NA,NA,NA,NA,NA,NA,NA,NA
5219,595.480953,595.479710161141,595.479546493529,11340708,NA,165287.2,60.03,-1,0.274850099464271,0.493193206583195,0.723929522638802,0.585487733005438,3,1.97142857142857,0.0285714285714286,"N2 S1 P1 O1","de-protonated",0,NA,"C35 H69 O1 S1 N2 P1",35,69,1,2,1,1,NA,NA,NA,NA,NA
5220,596.163763,596.162518341463,596.162582022548,2282410.5,NA,133649.6,10.23,-1,-0.106818319533127,0.997931784368629,0,0.598759070621177,16,1.10344827586207,0.241379310344828,"N3 S1 P1 O7","de-protonated",0,NA,"C29 H32 O7 S1 N3 P1",29,32,7,3,1,1,NA,NA,NA,NA,NA
5221,596.199847,596.198602245299,596.198478274562,1864618.9,NA,185371.1,7.94,-1,0.207935347240695,0.992185377613812,0,0.595311226568287,11,1.2962962962963,0.518518518518518,"N1 O14","de-protonated",0,NA,"C27 H35 O14 N1",27,35,14,1,NA,NA,NA,NA,NA,NA,NA
5222,596.208369,596.207124222588,596.20720974041,1879979,NA,163520.3,8.02,-1,-0.143436409152459,0.996273833549737,0,0.597764300129842,15,1.16666666666667,0.266666666666667,"N3 S1 O8","de-protonated",0,NA,"C30 H35 O8 S1 N3",30,35,8,3,NA,1,NA,NA,NA,NA,NA
5223,596.236343,596.235098148038,596.234863783946,1822123.3,NA,191462.2,7.7,-1,0.393073445049541,0.972354291247942,0,0.583412574748765,10,1.39285714285714,0.464285714285714,"N1 O13","de-protonated",0,NA,"C28 H39 O13 N1",28,39,13,1,NA,NA,NA,NA,NA,NA,NA
5224,597.07477,597.073522913642,597.07333732931,2255282.8,NA,178290.1,10.08,-1,0.310823346328291,0.982622789235557,0,0.589573673541334,14,0.916666666666667,0.75,"O18","de-protonated",0,NA,"C24 H22 O18",24,22,18,NA,NA,NA,NA,NA,NA,NA,NA
5225,597.089871,597.088623873399,597.088593470595,1989042.8,NA,181597.1,8.62,-1,0.0509184136472031,0.999529671379446,0,0.599717802827667,18,0.785714285714286,0.535714285714286,"O15","de-protonated",0,NA,"C28 H22 O15",28,22,15,NA,NA,NA,NA,NA,NA,NA,NA
5226,597.111026,597.109778817021,597.109722838694,3763123,NA,191347.4,18.37,-1,0.0937488114598433,0.99840654748699,0,0.599043928492194,13,1.04,0.68,"O17","de-protonated",0,NA,"C25 H26 O17",25,26,17,NA,NA,NA,NA,NA,NA,NA,NA
5228,597.14765,597.146402719418,597.146108348078,5532595,NA,195186.6,28.1,-1,0.492963675105853,0.478431801556394,0.779247987650237,0.598758275993931,12,1.15384615384615,0.615384615384615,"O16","de-protonated",0,NA,"C26 H30 O16",26,30,16,NA,NA,NA,NA,NA,NA,NA,NA
5229,597.157238,597.155990693866,597.155842135633,1745331.4,NA,216779.5,7.28,-1,0.248776320653809,0.98883302171476,0,0.593299813028856,2,2.05263157894737,0.684210526315789,"N2 S2 P1 O13","de-protonated",0,NA,"C19 H39 O13 S2 N2 P1",19,39,13,2,1,2,NA,NA,NA,NA,NA
5231,597.1838,597.182552623079,597.182493857463,5303219.5,NA,182053.3,26.84,-1,0.098404787610171,0.499122241983253,0.772687513667176,0.608548350656822,11,1.25925925925926,0.555555555555556,"O15","de-protonated",0,NA,"C27 H34 O15",27,34,15,NA,NA,NA,NA,NA,NA,NA,NA
5233,597.22048,597.219232525327,597.219368624217,3346355.8,NA,185565.4,16.08,-1,-0.227887602236638,0.495310563814083,0.747514279669976,0.59619205015644,14,1.25806451612903,0.193548387096774,"N2 S1 P1 O6","de-protonated",0,NA,"C31 H39 O6 S1 N2 P1",31,39,6,2,1,1,NA,NA,NA,NA,NA
5234,597.248416,597.247168450878,597.246889725972,3641268,NA,185114.4,17.7,-1,0.466682892865329,0.480626210449798,0.69646200847541,0.566960529660043,22,0.95,0.075,"S1 O3","de-protonated",0,NA,"C40 H38 O3 S1",40,38,3,NA,NA,1,NA,NA,NA,NA,NA
5235,597.256815,597.255567428495,597.255754133602,1926580.1,NA,214724,8.28,-1,-0.312604952152427,0.982424775629081,0,0.589454865377449,13,1.34375,0.15625,"N2 S1 P1 O5","de-protonated",0,NA,"C32 H43 O5 S1 N2 P1",32,43,5,2,1,1,NA,NA,NA,NA,NA
5236,597.285596,597.284348351794,597.284277557064,1874868.4,NA,145689.2,7.99,-1,0.118527698437769,0.997454107216153,0,0.598472464329692,7,1.64516129032258,0.161290322580645,"S2 P1 O5","de-protonated",0,NA,"C31 H51 O5 S2 P1",31,51,5,NA,1,2,NA,NA,NA,NA,NA
5238,598.179149,598.177898970489,598.177742829656,2047419,NA,173408.7,8.94,-1,0.261027487086196,0.987713039205635,0,0.592627823523381,11,1.26923076923077,0.576923076923077,"N1 O15","de-protonated",0,NA,"C26 H33 O15 N1",26,33,15,1,NA,NA,NA,NA,NA,NA,NA
5239,599.069426,599.068173597914,599.068347283059,1866688.8,NA,175866,7.95,-1,-0.289925424873285,0.984863735253719,0,0.590918241152231,22,0.7,0.266666666666667,"N2 S1 P1 O8","de-protonated",0,NA,"C30 H21 O8 S1 N2 P1",30,21,8,2,1,1,NA,NA,NA,NA,NA
5240,599.089891,599.088638543374,599.088474329451,1921984.9,NA,187304.3,8.25,-1,0.274106297444377,0.986459495465514,0,0.591875697279308,31,0.432432432432432,0.189189189189189,"N2 O7","de-protonated",0,NA,"C37 H16 O7 N2",37,16,7,2,NA,NA,NA,NA,NA,NA,NA
5241,599.105613,599.104360501476,599.104243535073,2127297,NA,200678.9,9.38,-1,0.195235477541997,0.993107602357774,0,0.595864561414664,17,0.857142857142857,0.535714285714286,"O15","de-protonated",0,NA,"C28 H24 O15",28,24,15,NA,NA,NA,NA,NA,NA,NA,NA
5243,599.1264,599.125147446079,599.125372903172,3952577,NA,175277,19.41,-1,-0.376310374405176,0.487316223077782,0.785920818505338,0.606758061248804,12,1.12,0.68,"O17","de-protonated",0,NA,"C25 H28 O17",25,28,17,NA,NA,NA,NA,NA,NA,NA,NA
5244,599.141817,599.140564404992,599.140629044457,2313153.3,NA,203545.8,10.4,-1,-0.107886965585115,0.997890239033763,0,0.598734143420258,16,0.96551724137931,0.482758620689655,"O14","de-protonated",0,NA,"C29 H28 O14",29,28,14,NA,NA,NA,NA,NA,NA,NA,NA
5245,599.154985,599.1537323699,599.153516204079,3118017.3,NA,211587.6,14.83,-1,0.360785367040281,0.976658268567413,0,0.585994961140448,11,1.26923076923077,0.538461538461538,"P1 O14","de-protonated",0,NA,"C26 H33 O14 P1",26,33,14,NA,1,NA,NA,NA,NA,NA,NA
5246,599.162718,599.161465349292,599.161758412556,3146689.3,NA,185579,14.98,-1,-0.489122111671418,0.957518857529554,0,0.574511314517733,11,1.23076923076923,0.615384615384615,"O16","de-protonated",0,NA,"C26 H32 O16",26,32,16,NA,NA,NA,NA,NA,NA,NA,NA
5247,599.178359,599.177106307609,599.177014553841,2415553.5,NA,164516.6,10.97,-1,0.153132989523281,0.995754119821031,0,0.597452471892619,15,1.06666666666667,0.433333333333333,"O13","de-protonated",0,NA,"C30 H32 O13",30,32,13,NA,NA,NA,NA,NA,NA,NA,NA
5248,599.191317,599.190064273076,599.189768771682,4377537.5,NA,183250.7,21.75,-1,0.493168290997432,0.978401968958849,0.96784331388266,0.974178506928373,23,0.842105263157895,0.131578947368421,"S1 O5","de-protonated",0,NA,"C38 H32 O5 S1",38,32,5,NA,NA,1,NA,NA,NA,NA,NA
5249,599.19977,599.198517250549,599.198633179311,3001281.5,NA,165364.3,14.18,-1,-0.193473008746086,0.993231061310059,0,0.595938636786035,14,1.23333333333333,0.233333333333333,"N2 S1 P1 O7","de-protonated",0,NA,"C30 H37 O7 S1 N2 P1",30,37,7,2,1,1,NA,NA,NA,NA,NA
5251,599.264644,599.26339107766,599.263542112157,2667970,NA,171897.6,12.35,-1,-0.252033514894219,0.988540384856082,0,0.593124230913649,7,1.63333333333333,0.2,"S2 P1 O6","de-protonated",0,NA,"C30 H49 O6 S2 P1",30,49,6,NA,1,2,NA,NA,NA,NA,NA
5252,599.476526,599.475272512998,599.475309266215,2220483,NA,174055.4,9.89,-1,-0.0613089758744726,0.999318204925481,0,0.599590922955288,3,2,0.1875,"N4 O6","de-protonated",0,NA,"C32 H64 O6 N4",32,64,6,4,NA,NA,NA,NA,NA,NA,NA
5257,601.084838,601.08358022687,601.083508090166,2349514.5,NA,158542.8,10.6,-1,0.120011117982578,0.9973900665463,0,0.59843403992778,17,0.814814814814815,0.592592592592593,"O16","de-protonated",0,NA,"C27 H22 O16",27,22,16,NA,NA,NA,NA,NA,NA,NA,NA
5258,601.106091,601.104833170231,601.104637458266,1764298.5,NA,208767.2,7.39,-1,0.325587182818136,0.980948975648372,0,0.588569385389023,12,1.08333333333333,0.75,"O18","de-protonated",0,NA,"C24 H26 O18",24,26,18,NA,NA,NA,NA,NA,NA,NA,NA
5259,601.12096,601.119702130605,601.119893599551,2908106.5,NA,175160.8,13.67,-1,-0.318520393590044,0.981759488955174,0,0.589055693373104,16,0.928571428571429,0.535714285714286,"O15","de-protonated",0,NA,"C28 H26 O15",28,26,15,NA,NA,NA,NA,NA,NA,NA,NA
5261,601.14284,601.141582072296,601.141379283239,2158026.8,NA,140654.5,9.55,-1,0.337340039873469,0.979563169114308,0,0.587737901468585,28,0.666666666666667,0.0256410256410256,"N2 S2 O1","de-protonated",0,NA,"C39 H26 O1 S2 N2",39,26,1,2,NA,2,NA,NA,NA,NA,NA
5262,601.158005,601.156747031881,601.156768366305,2593738.8,NA,159530.7,11.94,-1,-0.0354889526781141,0.999771497702624,0,0.599862898621574,19,0.96875,0.1875,"N2 S1 P1 O6","de-protonated",0,NA,"C32 H31 O6 S1 N2 P1",32,31,6,2,1,1,NA,NA,NA,NA,NA
5263,601.170677,601.16941899811,601.169166268557,3931082.8,NA,188852.4,19.3,-1,0.42039673302497,0.484220340834953,0.779247987650237,0.602231399561067,10,1.34615384615385,0.538461538461538,"P1 O14","de-protonated",0,NA,"C26 H35 O14 P1",26,35,14,NA,1,NA,NA,NA,NA,NA,NA
5264,601.188451,601.187192950743,601.187142264589,1935818.9,NA,218323.1,8.33,-1,0.0843101093652113,0.998711058837611,0,0.599226635302566,0,2.26315789473684,0.684210526315789,"N2 S2 P1 O13","de-protonated",0,NA,"C19 H43 O13 S2 N2 P1",19,43,13,2,1,2,NA,NA,NA,NA,NA
5265,601.193776,601.192517936552,601.192664618319,2477002.8,NA,167138.3,11.3,-1,-0.243984625814002,0.989256757612474,0,0.593554054567484,14,1.13333333333333,0.433333333333333,"O13","de-protonated",0,NA,"C30 H34 O13",30,34,13,NA,NA,NA,NA,NA,NA,NA,NA
5268,602.116565,602.115304477333,602.115142571744,2072013.8,NA,163375.1,9.36,-1,0.268894730766748,0.986966151875744,0,0.592179691125446,16,0.925925925925926,0.555555555555556,"N1 O15","de-protonated",0,NA,"C27 H25 O15 N1",27,25,15,1,NA,NA,NA,NA,NA,NA,NA
5269,602.247124,602.245863129395,602.245917725366,1785806,NA,219462.9,7.74,-1,-0.0906539499417591,0.99850994078209,0,0.599105964469254,12,1.4,0.2,"N3 S1 P1 O6","de-protonated",0,NA,"C30 H42 O6 S1 N3 P1",30,42,6,3,1,1,NA,NA,NA,NA,NA
5273,603.100517,603.099253855115,603.099158154644,2502607.8,NA,197876,11.81,-1,0.15868115478405,0.995441596105828,0,0.597264957663497,16,0.888888888888889,0.592592592592593,"O16","de-protonated",0,NA,"C27 H24 O16",27,24,16,NA,NA,NA,NA,NA,NA,NA,NA
5274,603.137126,603.135862757553,603.136032921399,3723216,NA,173573,18.73,-1,-0.282131786015113,0.492830392469092,0.747514279669976,0.594703947349446,19,0.935483870967742,0.225806451612903,"N2 S1 P1 O7","de-protonated",0,NA,"C31 H29 O7 S1 N2 P1",31,29,7,2,1,1,NA,NA,NA,NA,NA
5275,603.150389,603.149125722207,603.149300203576,2175952,NA,210790.3,9.95,-1,-0.289283878822646,0.984930141354547,0,0.590958084812728,9,1.42307692307692,0.384615384615385,"S2 P1 O10","de-protonated",0,NA,"C26 H37 O10 S2 P1",26,37,10,NA,1,2,NA,NA,NA,NA,NA
5276,603.173439,603.172175660779,603.171929173413,4176848,NA,168931.5,21.3,-1,0.408651918781779,0.48507660295686,0.759892473118277,0.595002951021427,14,1.10344827586207,0.482758620689655,"O14","de-protonated",0,NA,"C29 H32 O14",29,32,14,NA,NA,NA,NA,NA,NA,NA,NA
5278,603.209742,603.208478564032,603.208314682797,3229648,NA,181588,15.93,-1,0.271682652471045,0.986696293966024,0,0.592017776379615,13,1.2,0.433333333333333,"O13","de-protonated",0,NA,"C30 H36 O13",30,36,13,NA,NA,NA,NA,NA,NA,NA,NA
5279,603.222497,603.22123353004,603.221068900638,2412496,NA,208691.5,11.3,-1,0.272917195759962,0.986575930503186,0,0.591945558301912,21,0.947368421052632,0.131578947368421,"S1 O5","de-protonated",0,NA,"C38 H36 O5 S1",38,36,5,NA,NA,1,NA,NA,NA,NA,NA
5280,603.246009,603.244745467381,603.244700192181,2349008,NA,170893.2,10.94,-1,0.0750527929274336,0.998978435904922,0,0.599387061542953,12,1.29032258064516,0.387096774193548,"O12","de-protonated",0,NA,"C31 H40 O12",31,40,12,NA,NA,NA,NA,NA,NA,NA,NA
5281,603.258541,603.257277433984,603.257454410022,1874384.1,NA,144753.9,8.24,-1,-0.293367345986376,0.984505029469734,0,0.59070301768184,20,1.02564102564103,0.102564102564103,"S1 O4","de-protonated",0,NA,"C39 H40 O4 S1",39,40,4,NA,NA,1,NA,NA,NA,NA,NA
5284,605.079625,605.078356580821,605.078422709738,1968081.4,NA,184690.3,8.78,-1,-0.1092898279733,0.997835075371989,0,0.598701045223194,16,0.846153846153846,0.653846153846154,"O17","de-protonated",0,NA,"C26 H22 O17",26,22,17,NA,NA,NA,NA,NA,NA,NA,NA
5285,605.116015,605.114746483842,605.114808219122,4294609.5,NA,166980.1,21.97,-1,-0.102022424465443,0.499056580023842,0.772687513667176,0.608508953481176,15,0.962962962962963,0.592592592592593,"O16","de-protonated",0,NA,"C27 H26 O16",27,26,16,NA,NA,NA,NA,NA,NA,NA,NA
5286,605.152576,605.151307386408,605.151193728507,4536273.5,NA,167701.2,23.34,-1,0.187817362883469,0.496809886291712,0.766236582456902,0.604580564757788,14,1.07142857142857,0.535714285714286,"O15","de-protonated",0,NA,"C28 H30 O15",28,30,15,NA,NA,NA,NA,NA,NA,NA,NA
5287,605.18899,605.187721289365,605.187579237891,5936081.5,NA,167366,31.28,-1,0.234723049822016,0.986874533811843,0.955965775050379,0.974511030307257,13,1.17241379310345,0.482758620689655,"O14","de-protonated",0,NA,"C29 H34 O14",29,34,14,NA,NA,NA,NA,NA,NA,NA,NA
5288,605.217022,605.21575321466,605.215589597016,2176465.3,NA,182843.4,9.96,-1,0.270346050168514,0.986826009013962,0,0.592095605408377,25,0.829268292682927,0.0731707317073171,"S1 O3","de-protonated",0,NA,"C41 H34 O3 S1",41,34,3,NA,NA,1,NA,NA,NA,NA,NA
5289,605.225333,605.224064192512,605.223964747275,3744721.3,NA,185165.8,18.85,-1,0.164311465165921,0.497556590585739,0.753652554121787,0.599994976000158,12,1.26666666666667,0.433333333333333,"O13","de-protonated",0,NA,"C30 H38 O13",30,38,13,NA,NA,NA,NA,NA,NA,NA,NA
5291,606.14795,606.146678733751,606.1464427007,1706960.8,NA,172461.7,7.29,-1,0.389399383916968,0.972861640804033,0,0.58371698448242,14,1.07407407407407,0.555555555555556,"N1 O15","de-protonated",0,NA,"C27 H29 O15 N1",27,29,15,1,NA,NA,NA,NA,NA,NA,NA
5292,606.184333,606.183061636791,606.182828210084,2203088.8,NA,190011.4,10.11,-1,0.385076409400329,0.973452831178927,0,0.584071698707356,13,1.17857142857143,0.5,"N1 O14","de-protonated",0,NA,"C28 H33 O14 N1",28,33,14,1,NA,NA,NA,NA,NA,NA,NA
5295,607.095849,607.094575207614,607.094429089805,3017679.3,NA,180076.9,14.73,-1,0.240683824800797,0.494771980640609,0.69646200847541,0.57544799177453,32,0.5,0.025,"N2 S2 O1","de-protonated",0,NA,"C40 H20 O1 S2 N2",40,20,1,2,NA,2,NA,NA,NA,NA,NA
5296,607.131911,607.130637111509,607.1304582836,4739023.5,NA,168993.9,24.49,-1,0.294546100429877,0.492190620356859,0.772687513667176,0.604389377680986,14,1.03703703703704,0.592592592592593,"O16","de-protonated",0,NA,"C27 H28 O16",27,28,16,NA,NA,NA,NA,NA,NA,NA,NA
5297,607.168277,607.167003014594,607.166843792985,5321679,NA,174874.5,27.8,-1,0.262236997019503,0.493799809506977,0.766236582456902,0.602774518686947,13,1.14285714285714,0.535714285714286,"O15","de-protonated",0,NA,"C28 H32 O15",28,32,15,NA,NA,NA,NA,NA,NA,NA,NA
5298,607.196718,607.1954439388,607.195183798384,1787343.1,NA,217222.8,7.75,-1,0.428429643104494,0.967243252056738,0,0.580345951234043,4,1.89473684210526,0.947368421052632,"N4 O18","de-protonated",0,NA,"C19 H36 O18 N4",19,36,18,4,NA,NA,NA,NA,NA,NA,NA
5299,607.204638,607.203363917693,607.203229302369,5317583,NA,164053,27.77,-1,0.22169731234989,0.989157137197937,0.982657714287014,0.986557368033568,12,1.24137931034483,0.482758620689655,"O14","de-protonated",0,NA,"C29 H36 O14",29,36,14,NA,NA,NA,NA,NA,NA,NA,NA
5300,607.24093,607.239655820975,607.239614811753,2673103,NA,169444,12.77,-1,0.0675338384696577,0.999172787651468,0,0.599503672590881,11,1.33333333333333,0.433333333333333,"O13","de-protonated",0,NA,"C30 H40 O13",30,40,13,NA,NA,NA,NA,NA,NA,NA,NA
5301,607.264898,607.263623757101,607.263602418886,2414031,NA,155862.1,11.3,-1,0.0351383071656,0.999775990286538,0,0.599865594171923,19,1.08108108108108,0.108108108108108,"N2 S1 O4","de-protonated",0,NA,"C37 H40 O4 S1 N2",37,40,4,2,NA,1,NA,NA,NA,NA,NA
5302,607.290091,607.288816689962,607.288754538978,1681359,NA,212712.2,7.15,-1,0.102341733578156,0.99810134196342,0,0.598860805178052,18,1.12820512820513,0.102564102564103,"S1 O4","de-protonated",0,NA,"C39 H44 O4 S1",39,44,4,NA,NA,1,NA,NA,NA,NA,NA
5303,608.17099,608.169713342379,608.169976077911,2103757,NA,177521.9,9.54,-1,-0.43201003342214,0.966702723103789,0,0.580021633862273,16,1.125,0.15625,"N1 S2 P1 O5","de-protonated",0,NA,"C32 H36 O5 S2 N1 P1",32,36,5,1,1,2,NA,NA,NA,NA,NA
5306,609.074808,609.073528933717,609.07333732931,1955274.3,NA,182078.3,8.7,-1,0.314583475873214,0.98220359680709,0,0.589322158084254,15,0.88,0.72,"O18","de-protonated",0,NA,"C25 H22 O18",25,22,18,NA,NA,NA,NA,NA,NA,NA,NA
5307,609.111083,609.109803837045,609.109722838694,4445130,NA,182288,22.82,-1,0.132978259654296,0.991199126158144,0.93892977157628,0.970291384325398,14,1,0.653846153846154,"O17","de-protonated",0,NA,"C26 H26 O17",26,26,17,NA,NA,NA,NA,NA,NA,NA,NA
5308,609.147614,609.14633473969,609.146108348078,5960650,NA,165268.5,31.42,-1,0.371654039881271,0.487624277210712,0.772687513667176,0.601649571793298,13,1.11111111111111,0.592592592592593,"O16","de-protonated",0,NA,"C27 H30 O16",27,30,16,NA,NA,NA,NA,NA,NA,NA,NA
5309,609.183967,609.18268764281,609.182493857463,4536266,NA,182320.7,23.34,-1,0.31810721657232,0.986847421193984,0.882660158219756,0.945172516004293,12,1.21428571428571,0.535714285714286,"O15","de-protonated",0,NA,"C28 H34 O15",28,34,15,NA,NA,NA,NA,NA,NA,NA,NA
5310,609.212383,609.211103567082,609.210833862862,2708425.8,NA,182013.6,12.97,-1,0.442710807437218,0.965062274276856,0,0.579037364566113,3,2,0.947368421052632,"N4 O18","de-protonated",0,NA,"C19 H38 O18 N4",19,38,18,4,NA,NA,NA,NA,NA,NA,NA
5311,609.220472,609.219192545525,609.219368624217,4960202,NA,162424,25.75,-1,-0.289023464315455,0.992060878261816,0.967856308784878,0.982379050471041,15,1.21875,0.1875,"N2 S1 P1 O6","de-protonated",0,NA,"C32 H39 O6 S1 N2 P1",32,39,6,2,1,1,NA,NA,NA,NA,NA
5312,609.257061,609.255781448016,609.255754133602,2387401.8,NA,177913.7,11.15,-1,0.0448324269141563,0.999635364343218,0,0.599781218605931,14,1.3030303030303,0.151515151515152,"N2 S1 P1 O5","de-protonated",0,NA,"C33 H43 O5 S1 N2 P1",33,43,5,2,1,1,NA,NA,NA,NA,NA
5314,610.142513,610.141231088299,610.141357320271,2019270.4,NA,208439.2,9.07,-1,-0.206889716133474,0.992263469735825,0,0.595358081841495,13,1.11538461538462,0.615384615384615,"N1 O16","de-protonated",0,NA,"C26 H29 O16 N1",26,29,16,1,NA,NA,NA,NA,NA,NA,NA
5315,610.179204,610.177921990518,610.177742829656,2003910.3,NA,174482.5,8.98,-1,0.293620776345014,0.984478455657768,0,0.590687073394661,12,1.22222222222222,0.555555555555556,"N1 O15","de-protonated",0,NA,"C27 H33 O15 N1",27,33,15,1,NA,NA,NA,NA,NA,NA,NA
5317,610.215687,610.214404893291,610.21412833904,1766854.1,NA,194696.9,7.63,-1,0.45320853579704,0.963416755312341,0,0.578050053187404,11,1.32142857142857,0.5,"N1 O14","de-protonated",0,NA,"C28 H37 O14 N1",28,37,14,1,NA,NA,NA,NA,NA,NA,NA
5319,611.090583,611.089298561706,611.089343709377,3692482.3,NA,176056.9,18.56,-1,-0.0738806372130056,0.499505040059772,0.701787487586891,0.58041801907062,31,0.512820512820513,0.0512820512820513,"N2 S2 O2","de-protonated",0,NA,"C39 H20 O2 S2 N2",39,20,2,2,NA,2,NA,NA,NA,NA,NA
5320,611.126722,611.125437465397,611.125372903172,4086722.3,NA,175127.5,20.79,-1,0.105644811078501,0.498988465965497,0.779247987650237,0.611092274639393,13,1.07692307692308,0.653846153846154,"O17","de-protonated",0,NA,"C26 H28 O17",26,28,17,NA,NA,NA,NA,NA,NA,NA,NA
5321,611.155527,611.154242388632,611.154385584004,1967042,NA,264402.2,8.77,-1,-0.234303109199629,0.990088287674233,0,0.59405297260454,11,1.32142857142857,0.321428571428571,"S2 P1 O9","de-protonated",0,NA,"C28 H37 O9 S2 P1",28,37,9,NA,1,2,NA,NA,NA,NA,NA
5322,611.163345,611.162060367797,611.161758412556,5391298,NA,170485.1,28.19,-1,0.494067628511525,0.977995927960216,0.93185259186817,0.959538593523397,12,1.18518518518519,0.592592592592593,"O16","de-protonated",0,NA,"C27 H32 O16",27,32,16,NA,NA,NA,NA,NA,NA,NA,NA
5324,611.199657,611.198372271026,611.198143921941,4184001.8,NA,186002.9,21.34,-1,0.373608931041265,0.487495388799116,0.766236582456902,0.59899186626223,11,1.28571428571429,0.535714285714286,"O15","de-protonated",0,NA,"C28 H36 O15",28,36,15,NA,NA,NA,NA,NA,NA,NA,NA
5325,611.228001,611.226716195489,611.22648392734,2943937.8,NA,207877,14.31,-1,0.380003412522011,0.974138624132236,0,0.584483174479342,2,2.10526315789474,0.947368421052632,"N4 O18","de-protonated",0,NA,"C19 H40 O18 N4",19,40,18,4,NA,NA,NA,NA,NA,NA,NA
5326,611.23559,611.234305175265,611.234529431325,2601921.8,NA,173803.4,12.37,-1,-0.366890365545407,0.975871322648868,0,0.585522793589321,10,1.37931034482759,0.482758620689655,"O14","de-protonated",0,NA,"C29 H40 O14",29,40,14,NA,NA,NA,NA,NA,NA,NA,NA
5327,612.159093,612.157805714143,612.157876764675,1931709.1,NA,201929,8.57,-1,-0.116065699081285,0.997558644985396,0,0.598535186991238,11,1.2962962962963,0.407407407407407,"N1 S2 O11","de-protonated",0,NA,"C27 H35 O11 S2 N1",27,35,11,1,NA,2,NA,NA,NA,NA,NA
5330,613.106292,613.105002189872,613.104993773855,2758584,NA,172055.1,13.26,-1,0.0137268773745331,0.499982905361687,0.701787487586891,0.580704738251769,30,0.564102564102564,0.0512820512820513,"N2 S2 O2","de-protonated",0,NA,"C39 H22 O2 S2 N2",39,22,2,2,NA,2,NA,NA,NA,NA,NA
5331,613.121722,613.120432148751,613.120382856921,3075000,NA,167740.4,15.05,-1,0.0803950272641563,0.4994139595843,0.741475186234394,0.596238450244337,21,0.84375,0.21875,"N2 S1 P1 O7","de-protonated",0,NA,"C32 H27 O7 S1 N2 P1",32,27,7,2,1,1,NA,NA,NA,NA,NA
5332,613.142448,613.141158093516,613.14102296765,4171703.8,NA,184979,21.27,-1,0.22038301330505,0.495612998190616,0.779247987650237,0.609066993974465,12,1.15384615384615,0.653846153846154,"O17","de-protonated",0,NA,"C26 H30 O17",26,30,17,NA,NA,NA,NA,NA,NA,NA,NA
5333,613.157874,613.156584052406,613.156279108935,2002359.6,NA,161353.2,8.97,-1,0.497334010586839,0.956112475219825,0,0.573667485131895,16,1,0.466666666666667,"O14","de-protonated",0,NA,"C30 H30 O14",30,30,14,NA,NA,NA,NA,NA,NA,NA,NA
5335,613.178817,613.177526996593,613.177408477034,3588023.5,NA,169071.9,17.96,-1,0.193287550201356,0.993243988257231,0,0.595946392954339,11,1.25925925925926,0.592592592592593,"O16","de-protonated",0,NA,"C27 H34 O16",27,34,16,NA,NA,NA,NA,NA,NA,NA,NA
5337,613.215324,613.214033899303,613.213793986419,1927095.4,NA,182998.7,8.54,-1,0.3912385640907,0.972608231663677,0,0.583564938998206,10,1.35714285714286,0.535714285714286,"O15","de-protonated",0,NA,"C28 H38 O15",28,38,15,NA,NA,NA,NA,NA,NA,NA,NA
5338,613.243401,613.242110824478,613.241804345544,3218359.3,NA,184119.5,15.87,-1,0.499768495825613,0.477845722084155,0.69646200847541,0.565292236640657,22,0.95,0.1,"S1 O4","de-protonated",0,NA,"C40 H38 O4 S1",40,38,4,NA,NA,1,NA,NA,NA,NA,NA
5339,613.251323,613.250032803366,613.250179495803,1807287.1,NA,173835.9,7.86,-1,-0.239204882009737,0.989671402169555,0,0.593802841301733,9,1.44827586206897,0.482758620689655,"O14","de-protonated",0,NA,"C29 H42 O14",29,42,14,NA,NA,NA,NA,NA,NA,NA,NA
5340,613.279782,613.278491727523,613.278189854928,1998263,NA,172152.9,8.95,-1,0.492227833860145,0.956989477455303,0,0.574193686473182,21,1.02439024390244,0.0731707317073171,"S1 O3","de-protonated",0,NA,"C41 H42 O3 S1",41,42,3,NA,NA,1,NA,NA,NA,NA,NA
5341,614.210444,614.209151247323,614.209042958612,1751985.4,NA,181521.7,7.55,-1,0.176305953699539,0.99437576283927,0,0.596625457703562,10,1.37037037037037,0.555555555555556,"N1 O15","de-protonated",0,NA,"C27 H37 O15 N1",27,37,15,1,NA,NA,NA,NA,NA,NA,NA
5342,614.246978,614.24568514996,614.245428467996,1799601.1,NA,216045.5,7.82,-1,0.417881765808433,0.968811217814112,0,0.581286730688467,9,1.46428571428571,0.5,"N1 O14","de-protonated",0,NA,"C28 H41 O14 N1",28,41,14,1,NA,NA,NA,NA,NA,NA,NA
5344,615.064245,615.062949971956,615.06277264526,2218412,NA,194677.6,10.2,-1,0.288306662983872,0.985031018333168,0,0.591018610999901,18,0.740740740740741,0.62962962962963,"O17","de-protonated",0,NA,"C27 H20 O17",27,20,17,NA,NA,NA,NA,NA,NA,NA,NA
5345,615.100904,615.09960887426,615.099647412015,2770859.8,NA,181496.6,13.33,-1,-0.0626528643808497,0.999287998292549,0,0.59957279897553,21,0.806451612903226,0.258064516129032,"N2 S1 P1 O8","de-protonated",0,NA,"C31 H25 O8 S1 N2 P1",31,25,8,2,1,1,NA,NA,NA,NA,NA
5346,615.121498,615.120202819377,615.120287522744,2726827.5,NA,197615.8,13.08,-1,-0.137702118315114,0.996565305089623,0,0.597939183053774,12,1.12,0.72,"O18","de-protonated",0,NA,"C25 H28 O18",25,28,18,NA,NA,NA,NA,NA,NA,NA,NA
5347,615.137049,615.135753777934,615.135543664029,2974635.5,NA,173476.1,14.48,-1,0.341573345169626,0.97905246776988,0,0.587431480661928,16,0.96551724137931,0.517241379310345,"O15","de-protonated",0,NA,"C29 H28 O15",29,28,15,NA,NA,NA,NA,NA,NA,NA,NA
5348,615.150352,615.149056742482,615.149300203576,2456491.3,NA,201210.5,11.55,-1,-0.395775617986372,0.971978279483894,0,0.583186967690336,10,1.37037037037037,0.37037037037037,"S2 P1 O10","de-protonated",0,NA,"C27 H37 O10 S2 P1",27,37,10,NA,1,2,NA,NA,NA,NA,NA
5349,615.15852,615.157224720714,615.157029347717,1974187.3,NA,203427.7,8.81,-1,0.317598577188518,0.98186395251442,0,0.589118371508652,28,0.7,0.025,"N2 S2 O1","de-protonated",0,NA,"C40 H28 O1 S2 N2",40,28,1,2,NA,2,NA,NA,NA,NA,NA
5350,615.173172,615.171876681667,615.171929173413,2585515.3,NA,183877,12.28,-1,-0.0853285785169141,0.99867975052485,0,0.59920785031491,15,1.06666666666667,0.466666666666667,"O14","de-protonated",0,NA,"C30 H32 O14",30,32,14,NA,NA,NA,NA,NA,NA,NA,NA
5352,615.19451,615.193214624801,615.193058541512,2373547,NA,171994.1,11.08,-1,0.253714320738461,0.988387921198638,0,0.593032752719183,10,1.33333333333333,0.592592592592593,"O16","de-protonated",0,NA,"C27 H36 O16",27,36,16,NA,NA,NA,NA,NA,NA,NA,NA
5353,615.20963,615.208334584507,615.208314682797,2505643,NA,172651.5,11.82,-1,0.0323495455184424,0.99981013322961,0,0.599886079937766,14,1.16129032258065,0.419354838709677,"O13","de-protonated",0,NA,"C31 H36 O13",31,36,13,NA,NA,NA,NA,NA,NA,NA,NA
5354,615.223205,615.221909548329,615.222071222345,3094442.8,NA,189899.8,15.16,-1,-0.262789686465315,0.987547621107753,0,0.592528572664652,8,1.55172413793103,0.275862068965517,"S2 P1 O8","de-protonated",0,NA,"C29 H45 O8 S2 P1",29,45,8,NA,1,2,NA,NA,NA,NA,NA
5355,615.246042,615.244746487469,615.244700192181,2022826.8,NA,177697.8,9.09,-1,0.0752469508055488,0.998973146314455,0,0.599383887788673,13,1.25,0.375,"O12","de-protonated",0,NA,"C32 H40 O12",32,40,12,NA,NA,NA,NA,NA,NA,NA,NA
5356,615.258895,615.257599453216,615.257454410022,2071978.6,NA,192659.3,9.36,-1,0.235743903996848,0.989966628603052,0,0.593979977161831,21,1,0.1,"S1 O4","de-protonated",0,NA,"C40 H40 O4 S1",40,40,4,NA,NA,1,NA,NA,NA,NA,NA
5357,616.189819,616.188520972317,616.188307513705,1771940.3,NA,183497.8,7.66,-1,0.346417823192544,0.978460554150902,0,0.587076332490541,10,1.34615384615385,0.615384615384615,"N1 O16","de-protonated",0,NA,"C26 H35 O16 N1",26,35,16,1,NA,NA,NA,NA,NA,NA,NA
5359,617.080085,617.078784599772,617.078779025327,2541469.8,NA,165215,12.03,-1,0.00903360314528956,0.499992596405356,0.691216744913927,0.576482255808784,34,0.439024390243902,0.024390243902439,"N2 S2 O1","de-protonated",0,NA,"C41 H18 O1 S2 N2",41,18,1,2,NA,2,NA,NA,NA,NA,NA
5360,617.116129,617.114828503715,617.114808219122,3366813.5,NA,188503.7,16.71,-1,0.0328700466773297,0.999803974802515,0,0.599882384881509,16,0.928571428571429,0.571428571428571,"O16","de-protonated",0,NA,"C28 H26 O16",28,26,16,NA,NA,NA,NA,NA,NA,NA,NA
5361,617.152655,617.151354406373,617.151193728507,3851165.3,NA,181973.3,19.46,-1,0.260354137767953,0.493887980028765,0.759892473118277,0.60028977726457,15,1.03448275862069,0.517241379310345,"O15","de-protonated",0,NA,"C29 H30 O15",29,30,15,NA,NA,NA,NA,NA,NA,NA,NA
5363,617.189317,617.18801630867,617.188068495261,3958685,NA,182492.1,20.07,-1,-0.0845554122612715,0.499351776184123,0.73553288925895,0.593824221414054,18,1.06060606060606,0.181818181818182,"N2 S1 P1 O6","de-protonated",0,NA,"C33 H35 O6 S1 N2 P1",33,35,6,2,1,1,NA,NA,NA,NA,NA
5364,617.202362,617.201061273905,617.201335777438,2685853,NA,181646.5,12.85,-1,-0.444755248258461,0.964744613220667,0,0.5788467679324,8,1.53571428571429,0.321428571428571,"S2 P1 O9","de-protonated",0,NA,"C28 H43 O9 S2 P1",28,43,9,NA,1,2,NA,NA,NA,NA,NA
5365,617.225572,617.224271212051,617.223964747275,2654108.8,NA,167070.4,12.67,-1,0.496521186927456,0.956252631993747,0,0.573751579196248,13,1.2258064516129,0.419354838709677,"O13","de-protonated",0,NA,"C31 H38 O13",31,38,13,NA,NA,NA,NA,NA,NA,NA,NA
5366,617.238388,617.237087177896,617.236851906897,2055068.6,NA,154713.2,9.27,-1,0.381168101539969,0.973981937419494,0,0.584389162451696,8,1.53571428571429,0.464285714285714,"P1 O13","de-protonated",0,NA,"C28 H43 O13 P1",28,43,13,NA,1,NA,NA,NA,NA,NA,NA
5367,617.262201,617.260900114435,617.26083951403,1831836.5,NA,180960.4,8,-1,0.0981763320851916,0.998252618562467,0,0.59895157113748,16,1.22857142857143,0.114285714285714,"N2 S1 P1 O4","de-protonated",0,NA,"C35 H43 O4 S1 N2 P1",35,43,4,2,1,1,NA,NA,NA,NA,NA
5368,619.059054,619.057748325848,619.057687264832,1819534.6,NA,189946.7,7.93,-1,0.0986354222292067,0.998236252668692,0,0.598941751601215,17,0.769230769230769,0.692307692307692,"O18","de-protonated",0,NA,"C26 H20 O18",26,20,18,NA,NA,NA,NA,NA,NA,NA,NA
5369,619.095724,619.094418228123,619.094429089805,3033998.3,NA,162146,14.82,-1,-0.0175444665732827,0.499972075073329,0.691216744913927,0.576469943009568,33,0.48780487804878,0.024390243902439,"N2 S2 O1","de-protonated",0,NA,"C41 H20 O1 S2 N2",41,20,1,2,NA,2,NA,NA,NA,NA,NA
5370,619.131821,619.130515131925,619.1304582836,3499918,NA,191907,17.46,-1,0.0918196224107634,0.499235702048493,0.766236582456902,0.606036054211857,15,1,0.571428571428571,"O16","de-protonated",0,NA,"C28 H28 O16",28,28,16,NA,NA,NA,NA,NA,NA,NA,NA
5371,619.168213,619.166907034941,619.166843792985,4542350,NA,166225.2,23.38,-1,0.102140411913373,0.499054398725028,0.759892473118277,0.603389628482328,14,1.10344827586207,0.517241379310345,"O15","de-protonated",0,NA,"C29 H32 O15",29,32,15,NA,NA,NA,NA,NA,NA,NA,NA
5372,619.204556,619.203249938087,619.203229302369,4712333.5,NA,164160.3,24.34,-1,0.0333262450510788,0.499899248193987,0.753652554121787,0.601400570565107,13,1.2,0.466666666666667,"O14","de-protonated",0,NA,"C30 H36 O14",30,36,14,NA,NA,NA,NA,NA,NA,NA,NA
5373,619.241281,619.239974840216,619.240104069124,3199885.3,NA,173554.1,15.76,-1,-0.208689500133817,0.496064406889853,0.72968508002065,0.589512676142172,16,1.20588235294118,0.147058823529412,"N2 S1 P1 O5","de-protonated",0,NA,"C34 H41 O5 S1 N2 P1",34,41,5,2,1,1,NA,NA,NA,NA,NA
5374,619.338183,619.336876581973,619.336886501991,17365900,NA,159104.7,96.1,-1,-0.0160171596046079,0.999591529657158,0.978710911714401,0.991239282480055,0,2.07407407407407,0.481481481481481,"S1 O13","de-protonated",0,NA,"C27 H56 O13 S1",27,56,13,NA,NA,1,NA,NA,NA,NA,NA
5375,620.134621,620.133312459478,620.133590568526,1805190,NA,170156.9,7.85,-1,-0.448466350655718,0.964164520063195,0,0.578498712037917,18,1,0.1875,"N1 S2 P1 O6","de-protonated",0,NA,"C32 H32 O6 S2 N1 P1",32,32,6,1,1,2,NA,NA,NA,NA,NA
5376,620.208428,620.207119262783,620.20720974041,2193797.5,NA,166684.8,10.06,-1,-0.145882900023439,0.996145887853243,0,0.597687532711946,17,1.09375,0.25,"N3 S1 O8","de-protonated",0,NA,"C32 H35 O8 S1 N3",32,35,8,3,NA,1,NA,NA,NA,NA,NA
5378,621.074777,621.073465953976,621.07333732931,2779006.3,NA,194502.5,13.37,-1,0.207100608898034,0.992247750578412,0,0.595348650347047,16,0.846153846153846,0.692307692307692,"O18","de-protonated",0,NA,"C26 H22 O18",26,22,18,NA,NA,NA,NA,NA,NA,NA,NA
5379,621.111293,621.109981856661,621.109722838694,3206014,NA,187631.6,15.8,-1,0.417024493095376,0.968937045991396,0,0.581362227594838,15,0.962962962962963,0.62962962962963,"O17","de-protonated",0,NA,"C27 H26 O17",27,26,17,NA,NA,NA,NA,NA,NA,NA,NA
5380,621.147673,621.146361759709,621.146108348078,4821885.5,NA,183547.8,24.96,-1,0.40797427138819,0.485125312385606,0.766236582456902,0.597569820414125,14,1.07142857142857,0.571428571428571,"O16","de-protonated",0,NA,"C28 H30 O16",28,30,16,NA,NA,NA,NA,NA,NA,NA,NA
5381,621.184098,621.182786662637,621.182493857463,5698429.5,NA,166708.7,29.93,-1,0.471367395651371,0.480243140774583,0.759892473118277,0.592102873712061,13,1.17241379310345,0.517241379310345,"O15","de-protonated",0,NA,"C29 H34 O15",29,34,15,NA,NA,NA,NA,NA,NA,NA,NA
5382,621.220538,621.219226565525,621.219368624217,4666237,NA,181140.6,24.08,-1,-0.228677178248736,0.495278166159731,0.73553288925895,0.591380055399419,16,1.18181818181818,0.181818181818182,"N2 S1 P1 O6","de-protonated",0,NA,"C33 H39 O6 S1 N2 P1",33,39,6,2,1,1,NA,NA,NA,NA,NA
5383,621.256572,621.255260469495,621.255264876231,2461052.8,NA,183591.6,11.57,-1,-0.00709327791890367,0.999990870525119,0,0.599994522315072,11,1.35483870967742,0.419354838709677,"O13","de-protonated",0,NA,"C31 H42 O13",31,42,13,NA,NA,NA,NA,NA,NA,NA,NA
5384,621.335224,621.333912259889,621.333909121814,5770108,NA,166083.6,30.34,-1,0.00505054400280467,0.499997685809289,0.779247987650237,0.611697806545668,0,2.07692307692308,0.615384615384615,"O16","de-protonated",0,NA,"C26 H54 O16",26,54,16,NA,NA,NA,NA,NA,NA,NA,NA
5385,622.179557,622.178243009753,622.178232087026,1846133,NA,202402.3,8.08,-1,0.0175556246105503,0.999944079086592,0,0.599966447451955,17,1.09677419354839,0.225806451612903,"N3 S1 P1 O7","de-protonated",0,NA,"C31 H34 O7 S1 N3 P1",31,34,7,3,1,1,NA,NA,NA,NA,NA
5386,622.186784,622.185469990494,622.185626142389,1952116.9,NA,188339.2,8.69,-1,-0.250973163877548,0.988636058577808,0,0.593181635146685,16,1.15151515151515,0.151515151515152,"N1 S2 P1 O5","de-protonated",0,NA,"C33 H38 O5 S2 N1 P1",33,38,5,1,1,2,NA,NA,NA,NA,NA
5387,622.216194,622.214879912116,622.214997718965,1674100.6,NA,163418.4,7.11,-1,-0.18933463432027,0.993516607864163,0,0.596109964718498,11,1.36666666666667,0.3,"N1 S2 O9","de-protonated",0,NA,"C30 H41 O9 S2 N1",30,41,9,1,NA,2,NA,NA,NA,NA,NA
5388,623.090313,623.088996582602,623.088987393788,3122029.3,NA,170134.8,15.32,-1,0.0147471943176493,0.999960539365425,0,0.599976323619255,15,0.923076923076923,0.692307692307692,"O18","de-protonated",0,NA,"C26 H24 O18",26,24,18,NA,NA,NA,NA,NA,NA,NA,NA
5389,623.126945,623.125628484978,623.125372903172,3488621,NA,190192.2,17.4,-1,0.410161128745848,0.969935695587255,0,0.581961417352353,14,1.03703703703704,0.62962962962963,"O17","de-protonated",0,NA,"C27 H28 O17",27,28,17,NA,NA,NA,NA,NA,NA,NA,NA
5390,623.163379,623.162062387882,623.161758412556,5405548.5,NA,176150.2,28.27,-1,0.487795218339142,0.478872048906415,0.766236582456902,0.59381786232661,13,1.14285714285714,0.571428571428571,"O16","de-protonated",0,NA,"C28 H32 O16",28,32,16,NA,NA,NA,NA,NA,NA,NA,NA
5391,623.1919,623.190583311874,623.190771093389,2782572.5,NA,162484.4,13.4,-1,-0.301322681858473,0.983660267115166,0,0.5901961602691,11,1.36666666666667,0.266666666666667,"S2 P1 O8","de-protonated",0,NA,"C30 H41 O8 S2 P1",30,41,8,NA,1,2,NA,NA,NA,NA,NA
5392,623.199685,623.198368291127,623.198143921941,5291884.5,NA,156206.6,27.63,-1,0.360028650322504,0.983629377553936,0.971455841011745,0.97875996293706,12,1.24137931034483,0.517241379310345,"O15","de-protonated",0,NA,"C29 H36 O15",29,36,15,NA,NA,NA,NA,NA,NA,NA,NA
5393,623.228194,623.226877215151,623.227156602773,1939820.1,NA,203647,8.62,-1,-0.448291796429953,0.964191905321386,0,0.578515143192831,10,1.45161290322581,0.225806451612903,"S2 P1 O7","de-protonated",0,NA,"C31 H45 O7 S2 P1",31,45,7,NA,1,2,NA,NA,NA,NA,NA
5394,623.236092,623.234775194103,623.234529431325,3648364,NA,178921.2,18.31,-1,0.394334342302115,0.486089568908445,0.753652554121787,0.593114762993782,11,1.33333333333333,0.466666666666667,"O14","de-protonated",0,NA,"C30 H40 O14",30,40,14,NA,NA,NA,NA,NA,NA,NA,NA
5396,625.106199,625.104877210295,625.104637458266,2634588,NA,203501.1,12.56,-1,0.383539035530436,0.973661570324917,0,0.58419694219495,14,1,0.692307692307692,"O18","de-protonated",0,NA,"C26 H26 O18",26,26,18,NA,NA,NA,NA,NA,NA,NA,NA
5397,625.142749,625.14142711289,625.141379283239,3695451.8,NA,184147,18.57,-1,0.076510135135067,0.499469199717918,0.691216744913927,0.576168217796321,30,0.634146341463415,0.024390243902439,"N2 S2 O1","de-protonated",0,NA,"C41 H26 O1 S2 N2",41,26,1,2,NA,2,NA,NA,NA,NA,NA
5398,625.171416,625.170094036493,625.170035648482,1913691.5,NA,238584,8.47,-1,0.09339540833304,0.998418528972315,0,0.599051117383389,11,1.3448275862069,0.310344827586207,"S2 P1 O9","de-protonated",0,NA,"C29 H39 O9 S2 P1",29,39,9,NA,1,2,NA,NA,NA,NA,NA
5399,625.179258,625.177936015594,625.177897734405,4406107.5,NA,187634.3,22.6,-1,0.0612324744209442,0.499659952387936,0.747514279669976,0.598801683300752,16,1.12903225806452,0.258064516129032,"N2 S1 P1 O8","de-protonated",0,NA,"C31 H35 O8 S1 N2 P1",31,35,8,2,1,1,NA,NA,NA,NA,NA
5401,625.215318,625.213995919495,625.213793986419,4078427,NA,169259.6,20.74,-1,0.322982439282892,0.490624856850255,0.759892473118277,0.598331903357464,11,1.31034482758621,0.517241379310345,"O15","de-protonated",0,NA,"C29 H38 O15",29,38,15,NA,NA,NA,NA,NA,NA,NA,NA
5402,625.243727,625.242404843785,625.242133991818,2204506.8,NA,196584.2,10.12,-1,0.43319532219487,0.966522856831485,0,0.579913714098891,2,2.1,0.9,"N4 O18","de-protonated",0,NA,"C20 H42 O18 N4",20,42,18,4,NA,NA,NA,NA,NA,NA,NA
5403,625.25174,625.250417822431,625.250179495803,2251610.8,NA,198005.3,10.38,-1,0.381170027218293,0.973981677980018,0,0.584389006788011,10,1.4,0.466666666666667,"O14","de-protonated",0,NA,"C30 H42 O14",30,42,14,NA,NA,NA,NA,NA,NA,NA,NA
5404,625.304301,625.302978682357,625.302690526398,3686234.3,NA,182920.8,18.52,-1,0.4608263539167,0.481100162719146,0.718264051224716,0.575965718121374,12,1.38888888888889,0.138888888888889,"S2 O5","de-protonated",0,NA,"C36 H50 O5 S2",36,50,5,NA,NA,2,NA,NA,NA,NA,NA
5406,626.174034,626.172709364531,626.172657449227,2078546.9,NA,198139.1,9.4,-1,0.0829089275905984,0.998753519143318,0,0.599252111485991,12,1.22222222222222,0.592592592592593,"N1 O16","de-protonated",0,NA,"C27 H33 O16 N1",27,33,16,1,NA,NA,NA,NA,NA,NA,NA
5407,627.121702,627.12037483901,627.120287522744,2442571,NA,183259.7,11.47,-1,0.13923368070461,0.996488611922511,0,0.597893167153506,13,1.07692307692308,0.692307692307692,"O18","de-protonated",0,NA,"C26 H28 O18",26,28,18,NA,NA,NA,NA,NA,NA,NA,NA
5408,627.150691,627.149363761754,627.149300203576,2153802.8,NA,184527.4,9.83,-1,0.10134457330272,0.998138126329258,0,0.598882875797555,11,1.32142857142857,0.357142857142857,"S2 P1 O10","de-protonated",0,NA,"C28 H37 O10 S2 P1",28,37,10,NA,1,2,NA,NA,NA,NA,NA
5409,627.158066,627.1567387421,627.156673032128,3176266.5,NA,174178.7,15.63,-1,0.104774412523944,0.998010097322033,0,0.59880605839322,12,1.18518518518519,0.62962962962963,"O17","de-protonated",0,NA,"C27 H32 O17",27,32,17,NA,NA,NA,NA,NA,NA,NA,NA
5411,627.194677,627.193349644532,627.193058541512,2037578.4,NA,199807.4,9.17,-1,0.464136226975256,0.96166596510969,0,0.576999579065814,11,1.28571428571429,0.571428571428571,"O16","de-protonated",0,NA,"C28 H36 O16",28,36,16,NA,NA,NA,NA,NA,NA,NA,NA
5412,627.222834,627.221506569494,627.221201842419,2736970,NA,180681.4,13.14,-1,0.485836693809427,0.958075535785073,0,0.574845321471044,10,1.41379310344828,0.448275862068966,"P1 O13","de-protonated",0,NA,"C29 H41 O13 P1",29,41,13,NA,1,NA,NA,NA,NA,NA,NA
5413,627.230746,627.229418548409,627.229444050897,2131786,NA,162157.7,9.7,-1,-0.0406589457129334,0.999700083112514,0,0.599820049867508,10,1.37931034482759,0.517241379310345,"O15","de-protonated",0,NA,"C29 H40 O15",29,40,15,NA,NA,NA,NA,NA,NA,NA,NA
5414,627.301292,627.299964360405,627.299713146221,2067273.4,NA,235925.6,9.34,-1,0.400469151911506,0.971319394362277,0,0.582791636617366,12,1.37142857142857,0.228571428571429,"S1 O8","de-protonated",0,NA,"C35 H48 O8 S1",35,48,8,NA,NA,1,NA,NA,NA,NA,NA
5415,627.461977,627.460648932182,627.460511325043,3724104,NA,188816.3,18.74,-1,0.219308046297745,0.495655504941475,0.680959722489882,0.569777191960837,12,1.48837209302326,0.0232558139534884,"S1 O1","de-protonated",0,NA,"C43 H64 O1 S1",43,64,1,NA,NA,1,NA,NA,NA,NA,NA
5417,629.100981,629.09964856426,629.099552077837,1966906.6,NA,201706.5,8.77,-1,0.153372264284606,0.995740869150203,0,0.597444521490122,13,1.04,0.76,"O19","de-protonated",0,NA,"C25 H26 O19",25,26,19,NA,NA,NA,NA,NA,NA,NA,NA
5418,629.137893,629.13656046589,629.136806967147,1926458.4,NA,153823.9,8.54,-1,-0.391808672489334,0.972529451010014,0,0.583517670606008,11,1.25925925925926,0.481481481481481,"S2 O13","de-protonated",0,NA,"C27 H34 O13 S2",27,34,13,NA,NA,2,NA,NA,NA,NA,NA
5419,629.166284,629.164951390228,629.164950268054,2083642.1,NA,171841.6,9.43,-1,0.00178359342275723,0.999999422774608,0,0.599999653664765,10,1.39285714285714,0.357142857142857,"S2 P1 O10","de-protonated",0,NA,"C28 H39 O10 S2 P1",28,39,10,NA,1,2,NA,NA,NA,NA,NA
5420,629.189076,629.187743329488,629.187579237891,1735481.9,NA,192751.5,7.46,-1,0.260799168005726,0.987734392150353,0,0.592640635290211,15,1.09677419354839,0.451612903225806,"O14","de-protonated",0,NA,"C31 H34 O14",31,34,14,NA,NA,NA,NA,NA,NA,NA,NA
5422,629.238293,629.236960198326,629.236718965116,2501433.5,NA,192080.5,11.8,-1,0.3833743368627,0.486841942825328,0.69646200847541,0.570689969085361,22,0.95,0.125,"S1 O5","de-protonated",0,NA,"C40 H38 O5 S1",40,38,5,NA,NA,1,NA,NA,NA,NA,NA
5425,631.095355,631.094017249283,631.094072774216,2362667,NA,170776.1,11.01,-1,-0.0879820232328072,0.998596421341261,0,0.599157852804757,17,0.857142857142857,0.607142857142857,"O17","de-protonated",0,NA,"C28 H24 O17",28,24,17,NA,NA,NA,NA,NA,NA,NA,NA
5426,631.131626,631.130288152621,631.1304582836,2768682.8,NA,190058.2,13.32,-1,-0.269565471281116,0.986901474855062,0,0.592140884913037,16,0.96551724137931,0.551724137931034,"O16","de-protonated",0,NA,"C29 H28 O16",29,28,16,NA,NA,NA,NA,NA,NA,NA,NA
5427,631.145637,631.144299115282,631.144214823148,1852202.6,NA,218636.9,8.12,-1,0.133554474461175,0.996768768201062,0,0.598061260920637,10,1.37037037037037,0.407407407407407,"S2 P1 O11","de-protonated",0,NA,"C27 H37 O11 S2 P1",27,37,11,NA,1,2,NA,NA,NA,NA,NA
5428,631.168846,631.16750805343,631.16771317291,2803498.5,NA,180005.6,13.51,-1,-0.324984113964932,0.981018811350228,0,0.588611286810137,14,1.16129032258065,0.32258064516129,"S2 O10","de-protonated",0,NA,"C31 H36 O10 S2",31,36,10,NA,NA,2,NA,NA,NA,NA,NA
5430,631.20453,631.203191958333,631.203229302369,2974506.3,NA,177599.1,14.48,-1,-0.0591632527197307,0.999365078540067,0,0.59961904712404,14,1.16129032258065,0.451612903225806,"O14","de-protonated",0,NA,"C31 H36 O14",31,36,14,NA,NA,NA,NA,NA,NA,NA,NA
5432,631.24111,631.239771860848,631.239614811753,2036010,NA,171871.5,9.16,-1,0.24879473781998,0.988831377515886,0,0.593298826509532,13,1.25,0.40625,"O13","de-protonated",0,NA,"C32 H40 O13",32,40,13,NA,NA,NA,NA,NA,NA,NA,NA
5435,633.111376,633.110032876616,633.109722838694,2385180.5,NA,167864.1,11.14,-1,0.489706461443552,0.957419486876238,0,0.574451692125743,16,0.928571428571429,0.607142857142857,"O17","de-protonated",0,NA,"C28 H26 O17",28,26,17,NA,NA,NA,NA,NA,NA,NA,NA
5436,633.1478,633.146456779547,633.146597605449,3812124.3,NA,186963.7,19.23,-1,-0.222422267492332,0.495531800235524,0.741475186234394,0.593909154635072,19,0.96875,0.25,"N2 S1 P1 O8","de-protonated",0,NA,"C32 H31 O8 S1 N2 P1",32,31,8,2,1,1,NA,NA,NA,NA,NA
5437,633.183816,633.182472683565,633.182493857463,3770140,NA,163095,19,-1,-0.0334404350528518,0.499898556643529,0.753652554121787,0.601400155634832,14,1.13333333333333,0.5,"O15","de-protonated",0,NA,"C30 H34 O15",30,34,15,NA,NA,NA,NA,NA,NA,NA,NA
5438,633.197366,633.196022647454,633.19625039701,2353436,NA,147189.2,10.96,-1,-0.359682414130306,0.976799099905181,0,0.586079459943109,8,1.53571428571429,0.357142857142857,"S2 P1 O10","de-protonated",0,NA,"C28 H43 O10 S2 P1",28,43,10,NA,1,2,NA,NA,NA,NA,NA
5439,633.220423,633.219079586007,633.218879366847,2999067.8,NA,156589.2,14.62,-1,0.316192657975106,0.98202271461937,0,0.589213628771622,13,1.2258064516129,0.451612903225806,"O14","de-protonated",0,NA,"C31 H38 O14",31,38,14,NA,NA,NA,NA,NA,NA,NA,NA
5440,633.256563,633.255219489695,633.255264876231,1892123.5,NA,185285.3,8.35,-1,-0.071671786701021,0.999068360467184,0,0.59944101628031,12,1.3125,0.40625,"O13","de-protonated",0,NA,"C32 H42 O13",32,42,13,NA,NA,NA,NA,NA,NA,NA,NA
5441,633.269449,633.268105455354,633.268019094072,1674523.5,NA,177060.3,7.11,-1,0.136373983429387,0.996631129546894,0,0.597978677728137,20,1.05,0.125,"S1 O5","de-protonated",0,NA,"C40 H42 O5 S1",40,42,5,NA,NA,1,NA,NA,NA,NA,NA
5442,633.353896,633.352552230304,633.352536566469,13699867,NA,162559,75.31,-1,0.0247316208546162,0.99969674473284,0.961165490420202,0.984284243007785,0,2.07142857142857,0.464285714285714,"S1 O13","de-protonated",0,NA,"C28 H58 O13 S1",28,58,13,NA,NA,1,NA,NA,NA,NA,NA
5443,633.455272,633.453927960138,633.453785974923,6468378,NA,147045.1,34.3,-1,0.22414455298092,0.495462651116838,0.686049898068144,0.571697549897361,16,1.38095238095238,0.0238095238095238,"N4 O1","de-protonated",0,NA,"C42 H58 O1 N4",42,58,1,4,NA,NA,NA,NA,NA,NA,NA
5445,635.090618,635.089269601965,635.088987393788,2753295.8,NA,170004,13.23,-1,0.44436005522225,0.964806123458133,0,0.57888367407488,16,0.888888888888889,0.666666666666667,"O18","de-protonated",0,NA,"C27 H24 O18",27,24,18,NA,NA,NA,NA,NA,NA,NA,NA
5446,635.127479,635.126130503731,635.126242283097,2950927.5,NA,170090.4,14.35,-1,-0.175995508848,0.99439549649629,0,0.596637297897774,14,1.10344827586207,0.413793103448276,"S2 O12","de-protonated",0,NA,"C29 H32 O12 S2",29,32,12,NA,NA,2,NA,NA,NA,NA,NA
5447,635.163631,635.162282407387,635.162247669927,4553487.5,NA,169569.8,23.44,-1,0.054690687588164,0.499728710644718,0.741475186234394,0.596427300880588,18,1.03125,0.25,"N2 S1 P1 O8","de-protonated",0,NA,"C32 H33 O8 S1 N2 P1",32,33,8,2,1,1,NA,NA,NA,NA,NA
5448,635.199769,635.198420311079,635.198143921941,4269839,NA,175132.7,21.83,-1,0.435122711583014,0.483114698622236,0.753652554121787,0.591329840822057,13,1.2,0.5,"O15","de-protonated",0,NA,"C30 H36 O15",30,36,15,NA,NA,NA,NA,NA,NA,NA,NA
5449,635.236037,635.234688214426,635.234529431325,2523919,NA,195506,11.93,-1,0.249959807847359,0.98872712367389,0,0.593236274204334,12,1.29032258064516,0.451612903225806,"O14","de-protonated",0,NA,"C31 H40 O14",31,40,14,NA,NA,NA,NA,NA,NA,NA,NA
5450,635.350844,635.349494908467,635.349559186292,5081870.5,NA,172270.9,26.44,-1,-0.101169229645843,0.49907227875386,0.772687513667176,0.608518372719187,0,2.07407407407407,0.592592592592593,"O16","de-protonated",0,NA,"C27 H56 O16",27,56,16,NA,NA,NA,NA,NA,NA,NA,NA
5451,635.453138,635.451788635855,635.451810916453,2082061.8,NA,164396,9.42,-1,-0.0350626086456624,0.999776954308452,0,0.599866172585071,2,2.09677419354839,0.225806451612903,"N4 P1 O7","de-protonated",0,NA,"C31 H65 O7 N4 P1",31,65,7,4,1,NA,NA,NA,NA,NA,NA
5452,636.158459,636.157107756185,636.157007384749,2045705.8,NA,153506.6,9.22,-1,0.157777772110055,0.995493234173807,0,0.597295940504284,14,1.10714285714286,0.571428571428571,"N1 O16","de-protonated",0,NA,"C28 H31 O16 N1",28,31,16,1,NA,NA,NA,NA,NA,NA,NA
5453,637.106358,637.105004230048,637.104993773854,2463492.8,NA,200779,11.59,-1,0.0164120410461566,0.499975563533426,0.691216744913927,0.576472036085627,32,0.536585365853659,0.0487804878048781,"N2 S2 O2","de-protonated",0,NA,"C41 H22 O2 S2 N2",41,22,2,2,NA,2,NA,NA,NA,NA,NA
5454,637.142593,637.141239133482,637.14102296765,2769668.8,NA,186364.6,13.32,-1,0.339274704131536,0.979330530519721,0,0.587598318311833,14,1.07142857142857,0.607142857142857,"O17","de-protonated",0,NA,"C28 H30 O17",28,30,17,NA,NA,NA,NA,NA,NA,NA,NA
5455,637.170817,637.169463058265,637.169166268557,1804548.5,NA,176837.1,7.85,-1,0.46579421027507,0.961396967797153,0,0.576838180678292,13,1.20689655172414,0.482758620689655,"P1 O14","de-protonated",0,NA,"C29 H35 O14 P1",29,35,14,NA,1,NA,NA,NA,NA,NA,NA
5456,637.179033,637.17767903637,637.177408477034,4031236.5,NA,166054.8,20.48,-1,0.424621670518313,0.483906764952786,0.759892473118277,0.594301048218982,13,1.17241379310345,0.551724137931034,"O16","de-protonated",0,NA,"C29 H34 O16",29,34,16,NA,NA,NA,NA,NA,NA,NA,NA
5457,637.207154,637.205799961428,637.205551777941,1834244.4,NA,203169.1,8.02,-1,0.389487326249024,0.972849549462708,0,0.583709729677624,12,1.3,0.433333333333333,"P1 O13","de-protonated",0,NA,"C30 H39 O13 P1",30,39,13,NA,1,NA,NA,NA,NA,NA,NA
5458,637.215576,637.214221938983,637.214283243789,2596612.3,NA,194976.7,12.34,-1,-0.0962075195717967,0.998321941013509,0,0.598993164608106,16,1.18181818181818,0.212121212121212,"N2 S1 P1 O7","de-protonated",0,NA,"C33 H39 O7 S1 N2 P1",33,39,7,2,1,1,NA,NA,NA,NA,NA
5459,637.251771,637.250416842524,637.250179495803,2529028.3,NA,167852.8,11.96,-1,0.372454538152869,0.975143153991151,0,0.585085892394691,11,1.35483870967742,0.451612903225806,"O14","de-protonated",0,NA,"C31 H42 O14",31,42,14,NA,NA,NA,NA,NA,NA,NA,NA
5460,639.121632,639.120272859372,639.120287522744,2870012.3,NA,179179.3,13.89,-1,-0.0229430545865709,0.999904492920476,0,0.599942695752285,14,1.03703703703704,0.666666666666667,"O18","de-protonated",0,NA,"C27 H28 O18",27,28,18,NA,NA,NA,NA,NA,NA,NA,NA
5461,639.158147,639.15678776206,639.156673032128,2461948,NA,149193.2,11.58,-1,0.179502048611314,0.994170601780564,0,0.596502361068339,13,1.14285714285714,0.607142857142857,"O17","de-protonated",0,NA,"C28 H32 O17",28,32,17,NA,NA,NA,NA,NA,NA,NA,NA
5462,639.194735,639.193375664554,639.193058541512,3335932,NA,188739.3,16.53,-1,0.496130295987334,0.956319959752958,0,0.573791975851775,12,1.24137931034483,0.551724137931034,"O16","de-protonated",0,NA,"C29 H36 O16",29,36,16,NA,NA,NA,NA,NA,NA,NA,NA
5463,639.223243,639.22188358858,639.222071222345,2443004,NA,190319.5,11.47,-1,-0.293534552189991,0.984487499312907,0,0.590692499587744,10,1.45161290322581,0.258064516129032,"S2 P1 O8","de-protonated",0,NA,"C31 H45 O8 S2 P1",31,45,8,NA,1,2,NA,NA,NA,NA,NA
5464,639.231099,639.229739567644,639.229444050897,2434299.8,NA,179163.1,11.55,-1,0.462301525967893,0.961962602977829,0,0.577177561786698,11,1.33333333333333,0.5,"O15","de-protonated",0,NA,"C30 H40 O15",30,40,15,NA,NA,NA,NA,NA,NA,NA,NA
5465,639.291261,639.289901407313,639.289817167414,2190075.8,NA,135855.4,10.15,-1,0.131771064282055,0.996854353109421,0,0.598112611865653,18,1.15789473684211,0.131578947368421,"N2 S1 O5","de-protonated",0,NA,"C38 H44 O5 S1 N2",38,44,5,2,NA,1,NA,NA,NA,NA,NA
5467,641.137244,641.135879487796,641.135937587222,1789174.4,NA,203418.4,7.85,-1,-0.0906195122156052,0.998511071814799,0,0.599106643088879,13,1.11111111111111,0.666666666666667,"O18","de-protonated",0,NA,"C27 H30 O18",27,30,18,NA,NA,NA,NA,NA,NA,NA,NA
5468,641.166132,641.16476741081,641.164950268054,2476790.3,NA,206968.7,11.8,-1,-0.285195322010855,0.985349993281689,0,0.591209995969014,11,1.3448275862069,0.344827586206897,"S2 P1 O10","de-protonated",0,NA,"C29 H39 O10 S2 P1",29,39,10,NA,1,2,NA,NA,NA,NA,NA
5469,641.173628,641.172263390833,641.172323096606,1841398.3,NA,179232.8,8.15,-1,-0.0931196979846876,0.998427845102863,0,0.599056707061718,12,1.21428571428571,0.607142857142857,"O17","de-protonated",0,NA,"C28 H34 O17",28,34,17,NA,NA,NA,NA,NA,NA,NA,NA
5471,641.210375,641.209010292903,641.20870860599,2034422.1,NA,194000,9.26,-1,0.470497216009671,0.960629129720743,0,0.576377477832446,11,1.31034482758621,0.551724137931034,"O16","de-protonated",0,NA,"C29 H38 O16",29,38,16,NA,NA,NA,NA,NA,NA,NA,NA
5472,641.226071,641.224706251073,641.224834127201,1780982.1,NA,162729.9,7.8,-1,-0.199424789605,0.992809715659927,0,0.595685829395956,14,1.23529411764706,0.235294117647059,"S2 O8","de-protonated",0,NA,"C34 H42 O8 S2",34,42,8,NA,NA,2,NA,NA,NA,NA,NA
5473,641.238894,641.2375292169,641.237721286823,2346230,NA,173079.3,11.05,-1,-0.299529981559287,0.983852539574209,0,0.590311523744526,9,1.51612903225806,0.258064516129032,"S2 P1 O8","de-protonated",0,NA,"C31 H47 O8 S2 P1",31,47,8,NA,1,2,NA,NA,NA,NA,NA
5474,641.274924,641.273559120881,641.273434120774,1852150,NA,193789.2,8.21,-1,0.194924817153039,0.993129443928273,0,0.595877666356964,1,2.19047619047619,0.857142857142857,"N4 O18","de-protonated",0,NA,"C21 H46 O18 N4",21,46,18,4,NA,NA,NA,NA,NA,NA,NA
5475,643.132375,643.131005170801,643.130947540971,2047731.5,NA,172960.9,9.33,-1,0.0896082366849401,0.998544093942426,0,0.599126456365456,21,0.878787878787879,0.242424242424242,"N2 S1 P1 O8","de-protonated",0,NA,"C33 H29 O8 S1 N2 P1",33,29,8,2,1,1,NA,NA,NA,NA,NA
5476,643.168251,643.166881075192,643.166843792985,1935091.5,NA,179458.5,8.69,-1,0.0579666189550306,0.999390494846662,0,0.599634296907997,16,1.03225806451613,0.483870967741935,"O15","de-protonated",0,NA,"C31 H32 O15",31,32,15,NA,NA,NA,NA,NA,NA,NA,NA
5477,643.204783,643.203412977835,643.203229302369,1961715.5,NA,187378.4,8.84,-1,0.285563655949143,0.985312406897278,0,0.591187444138366,15,1.125,0.4375,"O14","de-protonated",0,NA,"C32 H36 O14",32,36,14,NA,NA,NA,NA,NA,NA,NA,NA
5478,643.240788,643.239417881882,643.239614811753,1815795.5,NA,178649.4,8,-1,-0.306153207764335,0.98313665847497,0,0.589881995084982,14,1.21212121212121,0.393939393939394,"O13","de-protonated",0,NA,"C33 H40 O13",33,40,13,NA,NA,NA,NA,NA,NA,NA,NA
5480,645.147623,645.146247800194,645.146108348078,2137844,NA,193458,9.85,-1,0.216155866660819,0.991557943929432,0,0.594934766357659,16,1,0.533333333333333,"O16","de-protonated",0,NA,"C30 H30 O16",30,30,16,NA,NA,NA,NA,NA,NA,NA,NA
5481,645.184395,645.183019702198,645.182983114833,2479860.3,NA,175848.3,11.81,-1,0.056708508291982,0.99941665756112,0,0.599649994536672,19,1.02941176470588,0.205882352941176,"N2 S1 P1 O7","de-protonated",0,NA,"C34 H35 O7 S1 N2 P1",34,35,7,2,1,1,NA,NA,NA,NA,NA
5482,645.197664,645.196288666836,645.19625039701,2175732.3,NA,198607.6,10.07,-1,0.0593150160535831,0.999361818050257,0,0.599617090830154,9,1.48275862068966,0.344827586206897,"S2 P1 O10","de-protonated",0,NA,"C29 H43 O10 S2 P1",29,43,10,NA,1,2,NA,NA,NA,NA,NA
5483,645.220221,645.218845606722,645.218879366847,2537204.3,NA,151227.7,12.14,-1,-0.0523235232047058,0.99950336202847,0,0.599702017217082,14,1.1875,0.4375,"O14","de-protonated",0,NA,"C32 H38 O14",32,38,14,NA,NA,NA,NA,NA,NA,NA,NA
5484,645.233447,645.232071571475,645.231766526469,1749748.3,NA,167873,7.63,-1,0.47276811487212,0.960255830701736,0,0.576153498421042,9,1.48275862068966,0.482758620689655,"P1 O14","de-protonated",0,NA,"C29 H43 O14 P1",29,43,14,NA,1,NA,NA,NA,NA,NA,NA
5485,645.257195,645.255819508187,645.256134256157,1761524.3,NA,183924.5,7.69,-1,-0.487787644648336,0.957745381843323,0,0.574647229105994,12,1.35294117647059,0.235294117647059,"S2 O8","de-protonated",0,NA,"C34 H46 O8 S2",34,46,8,NA,NA,2,NA,NA,NA,NA,NA
5488,647.127195,647.125814524664,647.125729218761,2349816.3,NA,184467.9,11.07,-1,0.131822765966167,0.498425944031984,0.680959722489882,0.571439455415143,33,0.558139534883721,0.0232558139534884,"N2 S2 O1","de-protonated",0,NA,"C43 H24 O1 S2 N2",43,24,1,2,NA,2,NA,NA,NA,NA,NA
5489,647.163323,647.161942428384,647.161758412556,3195640.5,NA,165555.8,15.92,-1,0.28434286322701,0.985436801274224,0,0.591262080764535,15,1.06666666666667,0.533333333333333,"O16","de-protonated",0,NA,"C30 H32 O16",30,32,16,NA,NA,NA,NA,NA,NA,NA,NA
5490,647.199872,647.198491330981,647.198633179311,2657016.5,NA,178594.7,12.83,-1,-0.219172789865859,0.991321677677383,0,0.59479300660643,18,1.08823529411765,0.205882352941176,"N2 S1 P1 O7","de-protonated",0,NA,"C34 H37 O7 S1 N2 P1",34,37,7,2,1,1,NA,NA,NA,NA,NA
5491,647.236328,647.234947233826,647.235018688695,2359032.8,NA,171645.6,11.12,-1,-0.110400190009322,0.997790910404823,0,0.598674546242894,17,1.17142857142857,0.171428571428571,"N2 S1 P1 O6","de-protonated",0,NA,"C35 H41 O6 S1 N2 P1",35,41,6,2,1,1,NA,NA,NA,NA,NA
5496,649.142654,649.141268153495,649.14102296765,2873089,NA,180409.9,14.07,-1,0.377708135428265,0.974446079547516,0,0.58466764772851,15,1.03448275862069,0.586206896551724,"O17","de-protonated",0,NA,"C29 H30 O17",29,30,17,NA,NA,NA,NA,NA,NA,NA,NA
5497,649.179095,649.177709056381,649.177408477034,2846465,NA,154405.6,13.92,-1,0.463015721772539,0.961847259263923,0,0.577108355558354,14,1.13333333333333,0.533333333333333,"O16","de-protonated",0,NA,"C30 H34 O16",30,34,16,NA,NA,NA,NA,NA,NA,NA,NA
5498,649.21542,649.214033959575,649.213793986419,2943745.3,NA,184251.9,14.47,-1,0.369636564528639,0.975513236662915,0,0.585307941997749,13,1.2258064516129,0.483870967741935,"O15","de-protonated",0,NA,"C31 H38 O15",31,38,15,NA,NA,NA,NA,NA,NA,NA,NA
5499,649.251608,649.250221863135,649.250179495803,2235649.5,NA,144814.2,10.41,-1,0.0652557876481583,0.999227632255019,0,0.599536579353011,12,1.3125,0.4375,"O14","de-protonated",0,NA,"C32 H42 O14",32,42,14,NA,NA,NA,NA,NA,NA,NA,NA
5501,650.254944,650.253555189259,650.253311780729,1661703.5,NA,152575.1,7.12,-1,0.374328781833346,0.974895532849299,0,0.584937319709579,15,1.27777777777778,0.111111111111111,"N1 S2 P1 O4","de-protonated",0,NA,"C36 H46 O4 S2 N1 P1",36,46,4,1,1,2,NA,NA,NA,NA,NA
5504,651.122111,651.120719878272,651.120643838332,2130189.8,NA,179772.9,9.81,-1,0.116783179836708,0.997528405799808,0,0.598517043479885,32,0.571428571428571,0.0476190476190476,"N2 S2 O2","de-protonated",0,NA,"C42 H24 O2 S2 N2",42,24,2,2,NA,2,NA,NA,NA,NA,NA
5506,651.158063,651.15667178246,651.156673032128,3312398,NA,185525.9,16.59,-1,-0.00191915103478413,0.999999331699183,0,0.59999959901951,14,1.10344827586207,0.586206896551724,"O17","de-protonated",0,NA,"C29 H32 O17",29,32,17,NA,NA,NA,NA,NA,NA,NA,NA
5507,651.186407,651.185015706924,651.184816333035,1710350.1,NA,223971.1,7.4,-1,0.306170973129929,0.983134717933853,0,0.589880830760312,13,1.23333333333333,0.466666666666667,"P1 O14","de-protonated",0,NA,"C30 H37 O14 P1",30,37,14,NA,1,NA,NA,NA,NA,NA,NA
5508,651.19447,651.193078685436,651.193058541512,3237646.3,NA,159043.8,16.16,-1,0.0309338733828407,0.999826386004127,0,0.599895831602476,13,1.2,0.533333333333333,"O16","de-protonated",0,NA,"C30 H36 O16",30,36,16,NA,NA,NA,NA,NA,NA,NA,NA
5509,651.223205,651.221813608858,651.222071222345,1669902.5,NA,193709.3,7.17,-1,-0.395584699059047,0.972004925948471,0,0.583202955569083,11,1.40625,0.25,"S2 P1 O8","de-protonated",0,NA,"C32 H45 O8 S2 P1",32,45,8,NA,1,2,NA,NA,NA,NA,NA
5510,651.231048,651.229656587956,651.229444050897,2265870.5,NA,180387.9,10.59,-1,0.326362791677546,0.980858976716163,0,0.588515386029698,12,1.29032258064516,0.483870967741935,"O15","de-protonated",0,NA,"C31 H40 O15",31,40,15,NA,NA,NA,NA,NA,NA,NA,NA
5511,652.161736,652.160342107686,652.160653470169,1688854.3,NA,145117.7,7.28,-1,-0.477432180058449,0.95948395752729,0,0.575690374516374,18,1,0.354838709677419,"N3 S1 O11","de-protonated",0,NA,"C31 H31 O11 S1 N3",31,31,11,3,NA,1,NA,NA,NA,NA,NA
5512,653.137888,653.136491506255,653.136806967147,2573087.5,NA,152807,12.35,-1,-0.482993590958015,0.958554499253442,0,0.575132699552065,13,1.17241379310345,0.448275862068966,"S2 O13","de-protonated",0,NA,"C29 H34 O13 S2",29,34,13,NA,NA,2,NA,NA,NA,NA,NA
5513,653.173632,653.172235410998,653.172323096606,2629408,NA,200843.8,12.67,-1,-0.134245748931874,0.996735286893584,0,0.59804117213615,13,1.17241379310345,0.586206896551724,"O17","de-protonated",0,NA,"C29 H34 O17",29,34,17,NA,NA,NA,NA,NA,NA,NA,NA
5514,653.202987,653.201590332768,653.201335777438,1705248.3,NA,187681.4,7.37,-1,0.389704238766309,0.972819714760462,0,0.583691828856277,11,1.38709677419355,0.290322580645161,"S2 P1 O9","de-protonated",0,NA,"C31 H43 O9 S2 P1",31,43,9,NA,1,2,NA,NA,NA,NA,NA
5515,653.210484,653.209087312788,653.209197863361,2598688.3,NA,175199.4,12.49,-1,-0.169242216633538,0.994816260551679,0,0.596889756331007,16,1.18181818181818,0.242424242424242,"N2 S1 P1 O8","de-protonated",0,NA,"C33 H39 O8 S1 N2 P1",33,39,8,2,1,1,NA,NA,NA,NA,NA
5516,653.246702,653.245305216268,653.245094115375,2208544.8,NA,172122.2,10.26,-1,0.323157257554337,0.981229602306895,0,0.588737761384137,11,1.35483870967742,0.483870967741935,"O15","de-protonated",0,NA,"C31 H42 O15",31,42,15,NA,NA,NA,NA,NA,NA,NA,NA
5517,655.116839,655.11543723238,655.115202142315,2111286.3,NA,164521.5,9.7,-1,0.358853014064142,0.97690473173731,0,0.586142839042386,14,1.03703703703704,0.703703703703704,"O19","de-protonated",0,NA,"C27 H28 O19",27,28,19,NA,NA,NA,NA,NA,NA,NA,NA
5518,655.152881,655.151479136329,655.1515876517,2345270.8,NA,148719.3,11.04,-1,-0.165633989096244,0.995034394128188,0,0.597020636476913,13,1.14285714285714,0.642857142857143,"O18","de-protonated",0,NA,"C28 H32 O18",28,32,18,NA,NA,NA,NA,NA,NA,NA,NA
5519,655.168776,655.167374093969,655.167333050355,1810230.9,NA,152420.7,7.97,-1,0.0626460017901199,0.999288154204633,0,0.59957289252278,21,0.942857142857143,0.2,"N2 S1 P1 O7","de-protonated",0,NA,"C35 H33 O7 S1 N2 P1",35,33,7,2,1,1,NA,NA,NA,NA,NA
5520,655.182096,655.180694058471,655.180600332532,2365751,NA,145357.5,11.16,-1,0.143053593256303,0.996293659604791,0,0.597776195762875,11,1.36666666666667,0.333333333333333,"S2 P1 O10","de-protonated",0,NA,"C30 H41 O10 S2 P1",30,41,10,NA,1,2,NA,NA,NA,NA,NA
5521,655.189813,655.188411037905,655.188329476673,2454327.3,NA,160501.1,11.67,-1,0.124485173269016,0.49859605966716,0.680959722489882,0.571541524796248,29,0.744186046511628,0.0232558139534884,"N2 S2 O1","de-protonated",0,NA,"C43 H32 O1 S2 N2",43,32,1,2,NA,2,NA,NA,NA,NA,NA
5522,655.218065,655.216662962614,655.216985841916,2583351.5,NA,169519.4,12.41,-1,-0.492782252371596,0.956894653542116,0,0.57413679212527,10,1.45161290322581,0.290322580645161,"S2 P1 O9","de-protonated",0,NA,"C31 H45 O9 S2 P1",31,45,9,NA,1,2,NA,NA,NA,NA,NA
5523,655.225896,655.224493941745,655.224358670468,2644791.8,NA,160185.5,12.76,-1,0.206450316861429,0.992296170265725,0,0.595377702159435,11,1.33333333333333,0.533333333333333,"O16","de-protonated",0,NA,"C30 H40 O16",30,40,16,NA,NA,NA,NA,NA,NA,NA,NA
5524,655.262732,655.261329843577,655.261613559778,1754936.1,NA,172024.1,7.65,-1,-0.432981567665159,0.96655532779467,0,0.579933196676802,9,1.5,0.3125,"S2 O10","de-protonated",0,NA,"C32 H48 O10 S2",32,48,10,NA,NA,2,NA,NA,NA,NA,NA
5525,657.111576,657.110168916435,657.110079154283,1822546.6,NA,186354.7,8.04,-1,0.136601393634447,0.996619903696378,0,0.597971942217827,35,0.5,0.0227272727272727,"N2 S2 O1","de-protonated",0,NA,"C44 H22 O1 S2 N2",44,22,1,2,NA,2,NA,NA,NA,NA,NA
5526,657.148732,657.147324817415,657.147249054071,1785171.3,NA,207736,7.83,-1,0.115291274254164,0.99759107604855,0,0.59855464562913,30,0.642857142857143,0.142857142857143,"P1 O6","de-protonated",0,NA,"C42 H27 O6 P1",42,27,6,NA,1,NA,NA,NA,NA,NA,NA
5527,657.169103,657.167695763127,657.167594031766,1781587.6,NA,163447.8,7.81,-1,0.154802764078105,0.995661222404545,0,0.597396733442727,29,0.714285714285714,0.0476190476190476,"N2 S2 O2","de-protonated",0,NA,"C42 H30 O2 S2 N2",42,30,2,2,NA,2,NA,NA,NA,NA,NA
5528,657.184534,657.183126722003,657.183363237388,2243923.8,NA,163231,10.46,-1,-0.359892532522048,0.97677230247032,0,0.586063381482192,15,1.15151515151515,0.303030303030303,"S2 O10","de-protonated",0,NA,"C33 H38 O10 S2",33,38,10,NA,NA,2,NA,NA,NA,NA,NA
5529,657.197437,657.196029687617,657.19625039701,1963348,NA,166725.7,8.85,-1,-0.335834833050901,0.97974328427732,0,0.587845970566392,10,1.43333333333333,0.333333333333333,"S2 P1 O10","de-protonated",0,NA,"C30 H43 O10 S2 P1",30,43,10,NA,1,2,NA,NA,NA,NA,NA
5530,657.220534,657.219126626064,657.218879366847,1720148.4,NA,177256.2,7.45,-1,0.376220502370006,0.974644406570831,0,0.584786643942499,15,1.15151515151515,0.424242424242424,"O14","de-protonated",0,NA,"C33 H38 O14",33,38,14,NA,NA,NA,NA,NA,NA,NA,NA
5531,659.127353,659.125940544419,659.126242283097,2110325.3,NA,130772.9,9.69,-1,-0.457785867068661,0.962688083806095,0,0.577612850283657,16,1.03225806451613,0.387096774193548,"S2 O12","de-protonated",0,NA,"C31 H32 O12 S2",31,32,12,NA,NA,2,NA,NA,NA,NA,NA
5532,659.147625,659.146212490394,659.146502271271,2986357.8,NA,142066.3,14.72,-1,-0.439630455249102,0.965538324994045,0,0.579322994996427,12,1.18518518518519,0.703703703703704,"O19","de-protonated",0,NA,"C27 H32 O19",27,32,19,NA,NA,NA,NA,NA,NA,NA,NA
5533,659.199731,659.198318351533,659.198143921941,2211702.8,NA,184148,10.27,-1,0.264608742954014,0.98737572775054,0,0.592425436650324,15,1.125,0.46875,"O15","de-protonated",0,NA,"C32 H36 O15",32,36,15,NA,NA,NA,NA,NA,NA,NA,NA
5534,659.236438,659.235025253709,659.235018688695,2312567.5,NA,162062.2,10.85,-1,0.00995853332853184,0.999982005462736,0,0.599989203277641,18,1.13888888888889,0.166666666666667,"N2 S1 P1 O6","de-protonated",0,NA,"C36 H41 O6 S1 N2 P1",36,41,6,2,1,1,NA,NA,NA,NA,NA
5535,659.272123,659.270710158609,659.270914940709,1902456.1,NA,186402.2,8.5,-1,-0.310619041993847,0.98264542650898,0,0.589587255905388,13,1.29411764705882,0.382352941176471,"O13","de-protonated",0,NA,"C34 H44 O13",34,44,13,NA,NA,NA,NA,NA,NA,NA,NA
5537,661.106585,661.105167269795,661.104993773854,1878941.6,NA,173371.2,8.37,-1,0.26243326258946,0.987581166257414,0,0.592548699754448,34,0.511627906976744,0.0465116279069767,"N2 S2 O2","de-protonated",0,NA,"C43 H22 O2 S2 N2",43,22,2,2,NA,2,NA,NA,NA,NA,NA
5538,661.142699,661.141281173552,661.14102296765,2469790.5,NA,213793.5,11.75,-1,0.39054587839739,0.972703804912181,0,0.583622282947309,16,1,0.566666666666667,"O17","de-protonated",0,NA,"C30 H30 O17",30,30,17,NA,NA,NA,NA,NA,NA,NA,NA
5539,661.178929,661.177511076999,661.177408477034,2019743.3,NA,138650.1,9.17,-1,0.155177662676298,0.995640227740429,0,0.597384136644257,15,1.09677419354839,0.516129032258065,"O16","de-protonated",0,NA,"C31 H34 O16",31,34,16,NA,NA,NA,NA,NA,NA,NA,NA
5540,661.215632,661.214213979186,661.214283243789,2993056,NA,168119.1,14.76,-1,-0.104753639820431,0.499005442749858,0.723929522638802,0.588975074705435,18,1.11428571428571,0.2,"N2 S1 P1 O7","de-protonated",0,NA,"C35 H39 O7 S1 N2 P1",35,39,7,2,1,1,NA,NA,NA,NA,NA
5541,661.251975,661.250556882333,661.250668753173,2701216.8,NA,166282,13.08,-1,-0.169180684354187,0.994820019447342,0,0.596892011668405,17,1.19444444444444,0.166666666666667,"N2 S1 P1 O6","de-protonated",0,NA,"C36 H43 O6 S1 N2 P1",36,43,6,2,1,1,NA,NA,NA,NA,NA
5542,663.158289,663.156865802034,663.156673032128,2760654.3,NA,177029.2,13.42,-1,0.290685314051963,0.984784895017852,0,0.590870937010711,15,1.06666666666667,0.566666666666667,"O17","de-protonated",0,NA,"C30 H32 O17",30,32,17,NA,NA,NA,NA,NA,NA,NA,NA
5543,663.194627,663.193203705193,663.193058541512,3479503.3,NA,160277.8,17.55,-1,0.218886008076226,0.495672137509704,0.747514279669976,0.596408994373813,14,1.16129032258065,0.516129032258065,"O16","de-protonated",0,NA,"C31 H36 O16",31,36,16,NA,NA,NA,NA,NA,NA,NA,NA
5544,663.231213,663.229789607692,663.229933308267,2672592.3,NA,192754.5,12.92,-1,-0.216667806196644,0.99151807882809,0,0.594910847296854,17,1.17142857142857,0.2,"N2 S1 P1 O7","de-protonated",0,NA,"C35 H41 O7 S1 N2 P1",35,41,7,2,1,1,NA,NA,NA,NA,NA
5545,663.267862,663.266438510023,663.266698940206,1716177.1,NA,168225.6,7.43,-1,-0.392647758984407,0.972413304486572,0,0.583447982691943,11,1.41176470588235,0.264705882352941,"S2 O9","de-protonated",0,NA,"C34 H48 O9 S2",34,48,9,NA,NA,2,NA,NA,NA,NA,NA
5546,663.365003,663.363579251144,663.363590507889,2200019.5,NA,142238.9,10.21,-1,-0.0169691937956662,0.999947752573742,0,0.599968651544245,4,1.90625,0.1875,"N2 S2 P1 O6","de-protonated",0,NA,"C32 H61 O6 S2 N2 P1",32,61,6,2,1,2,NA,NA,NA,NA,NA
5547,665.137287,665.135858528033,665.135937587222,2359300.3,NA,180393,11.12,-1,-0.118861700289368,0.99743975715268,0,0.598463854291608,15,1.03448275862069,0.620689655172414,"O18","de-protonated",0,NA,"C29 H30 O18",29,30,18,NA,NA,NA,NA,NA,NA,NA,NA
5548,665.174414,665.17298542909,665.173192476531,3822597.3,NA,152820.4,19.51,-1,-0.31126846897011,0.491286709572524,0.747514279669976,0.593777737611505,13,1.2258064516129,0.387096774193548,"S2 O12","de-protonated",0,NA,"C31 H38 O12 S2",31,38,12,NA,NA,2,NA,NA,NA,NA,NA
5549,665.202964,665.201535353005,665.201335777438,1811974.1,NA,176003.5,7.98,-1,0.300022798779888,0.983799794064465,0,0.590279876438679,12,1.34375,0.28125,"S2 P1 O9","de-protonated",0,NA,"C32 H43 O9 S2 P1",32,43,9,NA,1,2,NA,NA,NA,NA,NA
5550,665.210064,665.208635334084,665.20870860599,2443270.3,NA,208065.7,11.6,-1,-0.110148748562041,0.99780095048998,0,0.598680570293988,13,1.2258064516129,0.516129032258065,"O16","de-protonated",0,NA,"C31 H38 O16",31,38,16,NA,NA,NA,NA,NA,NA,NA,NA
5551,665.246729,665.245300236372,665.245094115375,2638855.3,NA,167654.8,12.72,-1,0.309842190495503,0.982731371845428,0,0.589638823107257,12,1.3125,0.46875,"O15","de-protonated",0,NA,"C32 H42 O15",32,42,15,NA,NA,NA,NA,NA,NA,NA,NA
5552,667.116742,667.115308252815,667.115202142315,1769537.3,NA,182749.9,7.74,-1,0.159058733812163,0.995419926825451,0,0.597251956095271,15,1,0.678571428571429,"O19","de-protonated",0,NA,"C28 H28 O19",28,28,19,NA,NA,NA,NA,NA,NA,NA,NA
5553,667.153886,667.152452153827,667.152728357693,1935426.5,NA,150941.8,8.69,-1,-0.414003952076266,0.969378462857426,0,0.581627077714456,27,0.725,0.2,"P1 O8","de-protonated",0,NA,"C40 H29 O8 P1",40,29,8,NA,1,NA,NA,NA,NA,NA,NA
5554,667.181919,667.180485079119,667.180600332532,1785923.5,NA,187433.9,7.83,-1,-0.172746948982717,0.994599930584759,0,0.596759958350855,12,1.32258064516129,0.32258064516129,"S2 P1 O10","de-protonated",0,NA,"C31 H41 O10 S2 P1",31,41,10,NA,1,2,NA,NA,NA,NA,NA
5555,667.189669,667.188235058465,667.187973161084,2327619.8,NA,178677.3,10.94,-1,0.392539122127512,0.972428355242332,0,0.583457013145399,13,1.2,0.566666666666667,"O17","de-protonated",0,NA,"C30 H36 O17",30,36,17,NA,NA,NA,NA,NA,NA,NA,NA
5556,667.218367,667.216932981985,667.216985841916,2018372.6,NA,158897,9.16,-1,-0.0792244981506341,0.998861781752834,0,0.5993170690517,11,1.40625,0.28125,"S2 P1 O9","de-protonated",0,NA,"C32 H45 O9 S2 P1",32,45,9,NA,1,2,NA,NA,NA,NA,NA
5557,667.226172,667.224737961185,667.224847927839,2578501,NA,140427.3,12.38,-1,-0.164811987715406,0.995083436971306,0,0.597050062182783,16,1.20588235294118,0.235294117647059,"N2 S1 P1 O8","de-protonated",0,NA,"C34 H41 O8 S1 N2 P1",34,41,8,2,1,1,NA,NA,NA,NA,NA
5558,667.25509,667.253655884119,667.253371351301,2007109.9,NA,164983.2,9.1,-1,0.426423950458764,0.967544215133736,0,0.580526529080241,10,1.48484848484848,0.242424242424242,"S2 P1 O8","de-protonated",0,NA,"C33 H49 O8 S2 P1",33,49,8,NA,1,2,NA,NA,NA,NA,NA
5559,669.133299,669.13185987872,669.131859971005,1815175.4,NA,170825.4,8,-1,-0.000137917434485944,0.999999996548625,0,0.599999997929175,40,0.44,0.02,"S1 O1","de-protonated",0,NA,"C50 H22 O1 S1",50,22,1,NA,NA,1,NA,NA,NA,NA,NA
5560,669.169158,669.167718783156,669.167594031766,1835144.8,NA,152894.7,8.11,-1,0.186427721188803,0.993713540331319,0,0.596228124198791,30,0.697674418604651,0.0465116279069767,"N2 S2 O2","de-protonated",0,NA,"C43 H30 O2 S2 N2",43,30,2,2,NA,2,NA,NA,NA,NA,NA
5562,669.205694,669.204254685788,669.204492605487,2052746.1,NA,178698.3,9.36,-1,-0.355526153561932,0.977326101200863,0,0.586395660720518,11,1.35483870967742,0.387096774193548,"S2 O12","de-protonated",0,NA,"C31 H42 O12 S2",31,42,12,NA,NA,2,NA,NA,NA,NA,NA
5563,669.348361,669.346921305583,669.346663339655,1823887.4,NA,169278.7,8.05,-1,0.385399587539109,0.973408850693464,0,0.584045310416079,12,1.42105263157895,0.210526315789474,"S1 O8","de-protonated",0,NA,"C38 H54 O8 S1",38,54,8,NA,NA,1,NA,NA,NA,NA,NA
5564,671.176895,671.175450432566,671.175514952104,2008790.6,NA,173714.1,9.11,-1,-0.0961291582913655,0.998324671177111,0,0.598994802706267,11,1.36666666666667,0.366666666666667,"S2 P1 O11","de-protonated",0,NA,"C30 H41 O11 S2 P1",30,41,11,NA,1,2,NA,NA,NA,NA,NA
5565,671.184523,671.183078412238,671.182887780656,2193111,NA,164400.3,10.17,-1,0.284023305227776,0.985469277658678,0,0.591281566595207,12,1.24137931034483,0.620689655172414,"O18","de-protonated",0,NA,"C29 H36 O18",29,36,18,NA,NA,NA,NA,NA,NA,NA,NA
5566,671.199362,671.197917372692,671.198143921941,1884119.6,NA,121395.6,8.39,-1,-0.337529611130372,0.979540429995913,0,0.587724257997548,16,1.09090909090909,0.454545454545455,"O15","de-protonated",0,NA,"C33 H36 O15",33,36,15,NA,NA,NA,NA,NA,NA,NA,NA
5567,671.269267,671.267822186396,671.26803289471,41315548,NA,151833,234.6,-1,-0.313895944424906,0.6542750220424,0.902433733350623,0.753538506565689,23,1,0.121951219512195,"N2 P1 O5","de-protonated",0,NA,"C41 H41 O5 N2 P1",41,41,5,2,1,NA,NA,NA,NA,NA,NA
5569,673.142828,673.141378193384,673.141379283239,1791786.8,NA,140460.5,7.86,-1,-0.00161905793392085,0.999999524359855,0,0.599999714615913,34,0.577777777777778,0.0222222222222222,"N2 S2 O1","de-protonated",0,NA,"C45 H26 O1 S2 N2",45,26,1,2,NA,2,NA,NA,NA,NA,NA
5570,673.215306,673.213856000231,673.213793986419,2549038,NA,117968.2,12.21,-1,0.0921160751712684,0.998461525191428,0,0.599076915114857,15,1.15151515151515,0.454545454545455,"O15","de-protonated",0,NA,"C33 H38 O15",33,38,15,NA,NA,NA,NA,NA,NA,NA,NA
5571,673.266325,673.264874864266,673.264784188465,13913392,NA,148737.6,77.4,-1,0.134680742541402,0.985925500695521,0.981804130970247,0.984276952805411,9,1.53333333333333,0.433333333333333,"N2 S1 O13","de-protonated",0,NA,"C30 H46 O13 S1 N2",30,46,13,2,NA,1,NA,NA,NA,NA,NA
5572,673.287885,673.286434806809,673.286565005187,1879345.3,NA,138102.7,8.37,-1,-0.193377359609696,0.993237729832958,0,0.595942637899775,13,1.31428571428571,0.371428571428571,"O13","de-protonated",0,NA,"C35 H46 O13",35,46,13,NA,NA,NA,NA,NA,NA,NA,NA
5573,674.269843,674.268390189905,674.268567922014,5004638.5,NA,157843.8,26.29,-1,-0.263592456769377,0.493735952552979,0.686049898068144,0.570661530759045,21,1.0952380952381,0.0238095238095238,"N1 S2 P1 O1","de-protonated",0,NA,"C42 H46 O1 S2 N1 P1",42,46,1,1,1,2,NA,NA,NA,NA,NA
5574,675.122349,675.120893917989,675.121156902669,2034566.9,NA,181522.7,9.26,-1,-0.389537014215449,0.972842716638691,0,0.583705629983215,16,1.03225806451613,0.419354838709677,"S2 O13","de-protonated",0,NA,"C31 H32 O13 S2",31,32,13,NA,NA,2,NA,NA,NA,NA,NA
5575,675.15846,675.157004821754,675.156673032128,2797960.8,NA,165319.9,13.63,-1,0.491426122787614,0.957126424381236,0,0.574275854628742,16,1.03225806451613,0.548387096774194,"O17","de-protonated",0,NA,"C31 H32 O17",31,32,17,NA,NA,NA,NA,NA,NA,NA,NA
5576,675.194907,675.193451724623,675.193547798883,1667978.4,NA,198650.2,7.15,-1,-0.142291435738837,0.996332975196142,0,0.597799785117685,19,1.05714285714286,0.228571428571429,"N2 S1 P1 O8","de-protonated",0,NA,"C35 H37 O8 S1 N2 P1",35,37,8,2,1,1,NA,NA,NA,NA,NA
5577,675.231413,675.229957627335,675.229933308267,2477452.3,NA,191900.8,11.8,-1,0.0360159809515315,0.999764661372649,0,0.599858796823589,18,1.13888888888889,0.194444444444444,"N2 S1 P1 O7","de-protonated",0,NA,"C36 H41 O7 S1 N2 P1",36,41,7,2,1,1,NA,NA,NA,NA,NA
5578,675.266973,675.265517532569,675.265829560281,2126734,NA,166909.6,9.78,-1,-0.462081299915372,0.961998136691666,0,0.577198882014999,13,1.29411764705882,0.411764705882353,"O14","de-protonated",0,NA,"C34 H44 O14",34,44,14,NA,NA,NA,NA,NA,NA,NA,NA
5579,677.10167,677.100209643128,677.100421457763,1926122.5,NA,165483.2,8.63,-1,-0.312826027083431,0.982400128486691,0,0.589440077092015,16,1,0.466666666666667,"S2 O14","de-protonated",0,NA,"C30 H30 O14 S2",30,30,14,NA,NA,2,NA,NA,NA,NA,NA
5580,677.138033,677.136572546221,677.136806967147,2071020.4,NA,165451.6,9.46,-1,-0.346194334386256,0.978488036201554,0,0.587092821720932,15,1.09677419354839,0.419354838709677,"S2 O13","de-protonated",0,NA,"C31 H34 O13 S2",31,34,13,NA,NA,2,NA,NA,NA,NA,NA
5581,677.1742,677.172739449837,677.172679412195,1953262.4,NA,150123.7,8.79,-1,0.0886592795705507,0.998574745076,0,0.5991448470456,32,0.666666666666667,0.0222222222222222,"N2 S2 O1","de-protonated",0,NA,"C45 H30 O1 S2 N2",45,30,1,2,NA,2,NA,NA,NA,NA,NA
5582,677.210605,677.209144352818,677.209197863361,2989552.3,NA,156973.9,14.73,-1,-0.0790162671547698,0.499433876907184,0.723929522638802,0.589232135199831,18,1.11428571428571,0.228571428571429,"N2 S1 P1 O8","de-protonated",0,NA,"C35 H39 O8 S1 N2 P1",35,39,8,2,1,1,NA,NA,NA,NA,NA
5583,678.205233,678.203769702149,678.203957578183,1689125.3,NA,165135.3,7.27,-1,-0.277019961898911,0.986172112873682,0,0.591703267724209,14,1.19354838709677,0.516129032258065,"N1 O16","de-protonated",0,NA,"C31 H37 O16 N1",31,37,16,1,NA,NA,NA,NA,NA,NA,NA
5585,679.153093,679.151627176116,679.1515876517,1979993.6,NA,154734.9,8.94,-1,0.0581967514422751,0.999385647153477,0,0.599631388292086,15,1.06666666666667,0.6,"O18","de-protonated",0,NA,"C30 H32 O18",30,32,18,NA,NA,NA,NA,NA,NA,NA,NA
5586,679.189408,679.187942079337,679.187973161084,1810011.6,NA,209717.1,7.97,-1,-0.0457630999852019,0.999620071225869,0,0.599772042735521,14,1.16129032258065,0.548387096774194,"O17","de-protonated",0,NA,"C31 H36 O17",31,36,17,NA,NA,NA,NA,NA,NA,NA,NA
5587,679.226026,679.22455998175,679.224358670468,3112541.8,NA,161076.1,15.44,-1,0.296384073327439,0.492093631992046,0.741475186234394,0.591846253688985,13,1.25,0.5,"O16","de-protonated",0,NA,"C32 H40 O16",32,40,16,NA,NA,NA,NA,NA,NA,NA,NA
5588,681.132659,681.131187900601,681.130852206793,2053836,NA,163126.3,9.36,-1,0.492847750192691,0.95688344481799,0,0.574130066890794,15,1.03448275862069,0.655172413793103,"O19","de-protonated",0,NA,"C29 H30 O19",29,30,19,NA,NA,NA,NA,NA,NA,NA,NA
5589,681.169647,681.168175802029,681.168378422171,2288334.3,NA,175824.8,10.71,-1,-0.297459700206541,0.984073202175078,0,0.590443921305047,27,0.75609756097561,0.195121951219512,"P1 O8","de-protonated",0,NA,"C41 H31 O8 P1",41,31,8,NA,1,NA,NA,NA,NA,NA,NA
5590,683.148284,683.14680752899,683.146502271271,2229063.8,NA,179310.2,10.43,-1,0.446840784649727,0.964419167303222,0,0.578651500381933,14,1.10344827586207,0.655172413793103,"O19","de-protonated",0,NA,"C29 H32 O19",29,32,19,NA,NA,NA,NA,NA,NA,NA,NA
5591,685.215524,685.214042019826,685.213793986419,1872334.3,NA,161853.6,8.37,-1,0.361979588801024,0.976505320315102,0,0.585903192189061,16,1.11764705882353,0.441176470588235,"O15","de-protonated",0,NA,"C34 H38 O15",34,38,15,NA,NA,NA,NA,NA,NA,NA,NA
5592,687.194029,687.192541747139,687.192545477176,1750613.9,NA,156048.6,7.67,-1,-0.00542793470874944,0.999994654086868,0,0.599996792452121,34,0.608695652173913,0.108695652173913,"N2 O5","de-protonated",0,NA,"C46 H28 O5 N2",46,28,5,2,NA,NA,NA,NA,NA,NA,NA
5593,688.096086,688.094596343171,688.094407126837,1749654,NA,121483.5,7.66,-1,0.274986006935579,0.98637303875884,0,0.591823823255304,23,0.696969696969697,0.484848484848485,"N1 O16","de-protonated",0,NA,"C33 H23 O16 N1",33,23,16,1,NA,NA,NA,NA,NA,NA,NA
5594,688.511734,688.510243235475,688.50990387135,2427572,NA,141429.9,11.57,-1,0.492896504945742,0.478437550237077,0.656601319334751,0.549703057876147,16,1.39583333333333,0.0416666666666667,"N1 O2","de-protonated",0,NA,"C48 H67 O2 N1",48,67,2,1,NA,NA,NA,NA,NA,NA,NA
5595,689.137929,689.136436566674,689.136293902811,2147041.8,NA,168498.9,9.95,-1,0.207018357724679,0.992253883148454,0,0.595352329889072,34,0.577777777777778,0.0444444444444444,"N2 S2 O2","de-protonated",0,NA,"C45 H26 O2 S2 N2",45,26,2,2,NA,2,NA,NA,NA,NA,NA
5596,689.210724,689.209231372677,689.209197863361,1646823.1,NA,199931.8,7.07,-1,0.0486199489851041,0.999571165527962,0,0.599742699316777,19,1.08333333333333,0.222222222222222,"N2 S1 P1 O8","de-protonated",0,NA,"C36 H39 O8 S1 N2 P1",36,39,8,2,1,1,NA,NA,NA,NA,NA
5597,689.247407,689.245914274917,689.246234821368,1743081.8,NA,164210.7,7.62,-1,-0.465068119865406,0.961514880165813,0,0.576908928099488,27,0.866666666666667,0.111111111111111,"P1 O5","de-protonated",0,NA,"C45 H39 O5 P1",45,39,5,NA,1,NA,NA,NA,NA,NA,NA
5598,690.509674,690.508177910994,690.50792881288,2722632.3,NA,142526.1,13.28,-1,0.360746204209081,0.488331638068496,0.712686567164179,0.578073609706769,2,2,0.216216216216216,"N1 P1 O8","de-protonated",0,NA,"C37 H74 O8 N1 P1",37,74,8,1,1,NA,NA,NA,NA,NA,NA
5599,691.116949,691.115451292615,691.115202142315,1804150.5,NA,166282.4,7.97,-1,0.360504730564386,0.976694140809605,0,0.586016484485763,17,0.933333333333333,0.633333333333333,"O19","de-protonated",0,NA,"C30 H28 O19",30,28,19,NA,NA,NA,NA,NA,NA,NA,NA
5600,691.153047,691.151549196414,691.1515876517,2104185.3,NA,131511.6,9.71,-1,-0.0556394370035666,0.99943843851746,0,0.599663063110476,16,1.03225806451613,0.580645161290323,"O18","de-protonated",0,NA,"C31 H32 O18",31,32,18,NA,NA,NA,NA,NA,NA,NA,NA
5601,691.22671,691.225212000104,691.225499376461,1949567,NA,145919,8.81,-1,-0.41574906868776,0.969123801272669,0,0.581474280763601,27,0.840909090909091,0.136363636363636,"P1 O6","de-protonated",0,NA,"C44 H37 O6 P1",44,37,6,NA,1,NA,NA,NA,NA,NA,NA
5602,691.262818,691.261319903876,691.261613559778,1746817.8,NA,140454,7.64,-1,-0.42481152714692,0.9677852098463,0,0.58067112590778,12,1.37142857142857,0.285714285714286,"S2 O10","de-protonated",0,NA,"C35 H48 O10 S2",35,48,10,NA,NA,2,NA,NA,NA,NA,NA
5603,693.132805,693.131301920388,693.131208522382,2191380.8,NA,154268.8,10.21,-1,0.134747945238492,0.996710855741177,0,0.598026513444706,33,0.590909090909091,0.0681818181818182,"N2 S2 O3","de-protonated",0,NA,"C44 H26 O3 S2 N2",44,26,3,2,NA,2,NA,NA,NA,NA,NA
5604,693.156469,693.154965857324,693.154839813926,2155542.8,NA,151060.7,10,-1,0.181840176125853,0.994018207606857,0,0.596410924564114,24,0.810810810810811,0.27027027027027,"N2 S1 O10","de-protonated",0,NA,"C37 H30 O10 S1 N2",37,30,10,2,NA,1,NA,NA,NA,NA,NA
5605,697.236979,697.235464982825,697.235792734443,1944426.9,NA,195898.7,8.78,-1,-0.470072853361216,0.960698704784448,0,0.576419222870669,11,1.39393939393939,0.363636363636364,"S2 O12","de-protonated",0,NA,"C33 H46 O12 S2",33,46,12,NA,NA,2,NA,NA,NA,NA,NA
5606,701.158706,701.15718153148,701.157066955321,1678026,NA,169682.1,7.24,-1,0.163410117819878,0.995166518980766,0,0.59709991138846,13,1.17241379310345,0.689655172413793,"O20","de-protonated",0,NA,"C29 H34 O20",29,34,20,NA,NA,NA,NA,NA,NA,NA,NA
5607,703.117473,703.115943311395,703.116071522241,1993090,NA,192557.6,9.06,-1,-0.182346629981967,0.993984941269253,0,0.596390964761552,17,1,0.4375,"S2 O14","de-protonated",0,NA,"C32 H32 O14 S2",32,32,14,NA,NA,2,NA,NA,NA,NA,NA
5608,703.15223,703.150700218768,703.150936203077,1837957.3,NA,132790.3,8.16,-1,-0.335609749068378,0.979770151751665,0,0.587862091050999,8,1.5,0.833333333333333,"N2 S1 O20","de-protonated",0,NA,"C24 H36 O20 S1 N2",24,36,20,2,NA,1,NA,NA,NA,NA,NA
5609,703.189735,703.188205118818,703.187973161084,1938312.9,NA,166402.4,8.74,-1,0.32986589995434,0.980449924639897,0,0.588269954783938,16,1.09090909090909,0.515151515151515,"O17","de-protonated",0,NA,"C33 H36 O17",33,36,17,NA,NA,NA,NA,NA,NA,NA,NA
5610,703.225992,703.224462022193,703.224358670468,1936268.4,NA,133303.4,8.73,-1,0.146968351707413,0.996088433646664,0,0.597653060187998,15,1.17647058823529,0.470588235294118,"O16","de-protonated",0,NA,"C34 H40 O16",34,40,16,NA,NA,NA,NA,NA,NA,NA,NA
5611,703.263646,703.262115921846,703.261884885846,2018191.9,NA,174346.5,9.2,-1,0.328520576954682,0.980607512084934,0,0.58836450725096,27,0.891304347826087,0.108695652173913,"P1 O5","de-protonated",0,NA,"C46 H41 O5 P1",46,41,5,NA,1,NA,NA,NA,NA,NA,NA
5612,705.16917,705.167634843652,705.167594031766,1713736.6,NA,189519.1,7.45,-1,0.0578754413023603,0.99939241017899,0,0.599635446107394,33,0.652173913043478,0.0434782608695652,"N2 S2 O2","de-protonated",0,NA,"C46 H30 O2 S2 N2",46,30,2,2,NA,2,NA,NA,NA,NA,NA
5613,705.20597,705.204434745581,705.204763931555,1835084.3,NA,167882.1,8.15,-1,-0.466794881535342,0.961234187601809,0,0.576740512561086,28,0.795454545454545,0.159090909090909,"P1 O7","de-protonated",0,NA,"C44 H35 O7 P1",44,35,7,NA,1,NA,NA,NA,NA,NA,NA
5614,705.241928,705.240392649753,705.240497992317,2154063.8,NA,164538.3,9.99,-1,-0.14937112051183,0.99595974946691,0,0.597575849680146,18,1.16216216216216,0.216216216216216,"N2 S1 P1 O8","de-protonated",0,NA,"C37 H43 O8 S1 N2 P1",37,43,8,2,1,1,NA,NA,NA,NA,NA
5615,707.185075,707.183534471295,707.183757160581,1981201.5,NA,168218.3,8.99,-1,-0.314895929107625,0.982168544698435,0,0.589301126819061,14,1.21212121212121,0.393939393939394,"S2 O13","de-protonated",0,NA,"C33 H40 O13 S2",33,40,13,NA,NA,2,NA,NA,NA,NA,NA
5616,707.220663,707.219122376453,707.21927329004,1926165.1,NA,126312.8,8.67,-1,-0.213390092974589,0.99177171307219,0,0.595063027843314,14,1.21212121212121,0.515151515151515,"O17","de-protonated",0,NA,"C33 H40 O17",33,40,17,NA,NA,NA,NA,NA,NA,NA,NA
5617,707.25808,707.256539276738,707.256799505417,1773336.9,NA,162416.4,7.79,-1,-0.367940866302201,0.975734644230291,0,0.585440786538175,26,0.911111111111111,0.133333333333333,"P1 O6","de-protonated",0,NA,"C45 H41 O6 P1",45,41,6,NA,1,NA,NA,NA,NA,NA,NA
5618,709.164882,709.163336195138,709.163293041742,2340316.3,NA,149980.4,11.06,-1,0.0608511417427583,0.499664173157218,0.686049898068144,0.574218463121589,28,0.738095238095238,0.214285714285714,"P1 O9","de-protonated",0,NA,"C42 H31 O9 P1",42,31,9,NA,1,NA,NA,NA,NA,NA,NA
5619,709.200265,709.198719100843,709.198537845134,1827552,NA,120342.6,8.1,-1,0.255578233404326,0.988217690946667,0,0.592930614568,14,1.1875,0.5625,"O18","de-protonated",0,NA,"C32 H38 O18",32,38,18,NA,NA,NA,NA,NA,NA,NA,NA
5621,715.219079,715.217517060792,715.217833995031,5573224.5,NA,125777.9,29.71,-1,-0.44312966472149,0.982491050556556,0.960097591866255,0.973533667080436,16,1.17647058823529,0.382352941176471,"N2 S1 O13","de-protonated",0,NA,"C34 H40 O13 S1 N2",34,40,13,2,NA,1,NA,NA,NA,NA,NA
5623,717.21683,717.215262736815,717.215345872225,5024586,NA,164529.3,26.54,-1,-0.115914153482929,0.498782504178202,0.718264051224716,0.586575122996807,20,1.08333333333333,0.222222222222222,"N4 S1 P1 O8","de-protonated",0,NA,"C36 H39 O8 S1 N4 P1",36,39,8,4,1,1,NA,NA,NA,NA,NA
5624,717.277565,717.275997574957,717.275881179994,2176849,NA,119356.8,10.11,-1,0.162273633354279,0.497616678514834,0.651937269372697,0.559344914857979,32,0.775510204081633,0.0816326530612245,"N2 O4","de-protonated",0,NA,"C49 H38 O4 N2",49,38,4,2,NA,NA,NA,NA,NA,NA,NA
5625,718.219833,718.218263063827,718.218501964117,2354109,NA,149302.5,11.13,-1,-0.332628983187117,0.980124325222853,0,0.588074595133712,1,2.08333333333333,0.708333333333333,"N1 S2 P1 O17","de-protonated",0,NA,"C24 H50 O17 S2 N1 P1",24,50,17,1,1,2,NA,NA,NA,NA,NA
5626,719.18494,719.183367491831,719.183244096244,1893420.8,NA,164991.1,8.47,-1,0.171577393321686,0.994672609216401,0,0.596803565529841,33,0.680851063829787,0.0425531914893617,"N2 S2 O2","de-protonated",0,NA,"C47 H32 O2 S2 N2",47,32,2,2,NA,2,NA,NA,NA,NA,NA
5627,719.221021,719.219448395675,719.21927329004,2332721,NA,145606.5,11.01,-1,0.243466272301197,0.989302113088601,0,0.59358126785316,15,1.17647058823529,0.5,"O17","de-protonated",0,NA,"C34 H40 O17",34,40,17,NA,NA,NA,NA,NA,NA,NA,NA
5628,721.236289,721.234711025016,721.234923354518,1882398.1,NA,130221.1,8.41,-1,-0.294397144735706,0.984396910070467,0,0.59063814604228,14,1.23529411764706,0.5,"O17","de-protonated",0,NA,"C34 H42 O17",34,42,17,NA,NA,NA,NA,NA,NA,NA,NA
5629,723.180024,723.178440844991,723.178671780153,1769479.1,NA,149495,7.76,-1,-0.319333480572425,0.981667104966913,0,0.589000262980148,14,1.21212121212121,0.424242424242424,"S2 O14","de-protonated",0,NA,"C33 H40 O14 S2",33,40,14,NA,NA,2,NA,NA,NA,NA,NA
5630,723.215584,723.214000750224,723.214187909612,1786379.4,NA,177898.4,7.85,-1,-0.258788324604882,0.987921663831783,0,0.59275299829907,14,1.21212121212121,0.545454545454545,"O18","de-protonated",0,NA,"C33 H40 O18",33,40,18,NA,NA,NA,NA,NA,NA,NA,NA
5631,723.252831,723.251247650961,723.251442798921,1837071.9,NA,164526.8,8.15,-1,-0.269820354136662,0.986876856311136,0,0.592126113786682,12,1.37142857142857,0.342857142857143,"S2 O12","de-protonated",0,NA,"C35 H48 O12 S2",35,48,12,NA,NA,2,NA,NA,NA,NA,NA
5632,727.190774,727.189180156401,727.189113867077,1893365,NA,163881.3,8.47,-1,0.0911583003136798,0.998493327398387,0,0.599095996439032,31,0.717391304347826,0.152173913043478,"P1 O7","de-protonated",0,NA,"C46 H33 O7 P1",46,33,7,NA,1,NA,NA,NA,NA,NA,NA
5633,733.167738,733.166128227879,733.16601289649,1714932.1,NA,196174.1,7.41,-1,0.157305968275887,0.995520086719022,0,0.597312052031413,16,1.18181818181818,0.333333333333333,"N2 S2 P1 O11","de-protonated",0,NA,"C33 H39 O11 S2 N2 P1",33,39,11,2,1,2,NA,NA,NA,NA,NA
5634,733.273368,733.271757946377,733.271798121273,2029314,NA,145700.7,9.22,-1,-0.0547885462754469,0.999455478396638,0,0.599673287037983,18,1.20512820512821,0.205128205128205,"N2 S1 P1 O8","de-protonated",0,NA,"C39 H47 O8 S1 N2 P1",39,47,8,2,1,1,NA,NA,NA,NA,NA
5635,733.37046,733.368849687628,733.368718938426,5288719,NA,141901.5,27.96,-1,0.178285763465659,0.497124552985237,0.633925367778972,0.551844878902731,29,0.943396226415094,0.0566037735849057,"O3","de-protonated",0,NA,"C53 H50 O3",53,50,3,NA,NA,NA,NA,NA,NA,NA,NA
5636,735.216565,735.214949767785,735.215057289537,1799171.1,NA,176465.2,7.89,-1,-0.146245307088169,0.996126752223822,0,0.597676051334293,14,1.25714285714286,0.371428571428571,"S2 O13","de-protonated",0,NA,"C35 H44 O13 S2",35,44,13,NA,NA,2,NA,NA,NA,NA,NA
5638,746.251787,746.250142359081,746.249940477359,1656308.8,NA,147909.5,7.06,-1,0.270528291930258,0.986808359416008,0,0.592085015649605,28,0.893617021276596,0.0851063829787234,"N1 S1 P1 O4","de-protonated",0,NA,"C47 H42 O4 S1 N1 P1",47,42,4,1,1,1,NA,NA,NA,NA,NA
5639,757.401475,757.399800645326,757.39958209408,1702992.8,NA,112998.4,7.32,-1,0.288554747707886,0.985005440155077,0,0.591003264093046,16,1.4,0.0444444444444444,"N2 S2 P1 O2","de-protonated",0,NA,"C45 H63 O2 S2 N2 P1",45,63,2,2,1,2,NA,NA,NA,NA,NA
5640,761.232105,761.230420436753,761.230707354015,1824912.9,NA,146525.1,8.02,-1,-0.37691235972156,0.974552262445732,0,0.584731357467439,15,1.24324324324324,0.351351351351351,"S2 O13","de-protonated",0,NA,"C37 H46 O13 S2",37,46,13,NA,NA,2,NA,NA,NA,NA,NA
5642,769.257038,769.255332050424,769.255539658281,1685342,NA,148109.8,7.21,-1,-0.269881522857623,0.986870944795812,0,0.592122566877487,31,0.791666666666667,0.166666666666667,"N2 O8","de-protonated",0,NA,"C48 H38 O8 N2",48,38,8,2,NA,NA,NA,NA,NA,NA,NA
5645,775.497961,775.496238418456,775.496163852265,3144490,NA,148238.6,15.6,-1,0.0961528814825952,0.499161922439003,0.701787487586891,0.580212148498158,5,1.84615384615385,0.333333333333333,"N2 O13","de-protonated",0,NA,"C39 H72 O13 N2",39,72,13,2,NA,NA,NA,NA,NA,NA,NA
5646,777.495389,777.49366109534,777.493675729459,1664099.4,NA,169107.8,7.08,-1,-0.0188221711048156,0.999935719491487,0,0.599961431694892,9,1.73170731707317,0.195121951219512,"N4 P1 O8","de-protonated",0,NA,"C41 H71 O8 N4 P1",41,71,8,4,1,NA,NA,NA,NA,NA,NA
5647,780.30865,780.30691459804,780.30706143165,1809950.3,NA,129596.5,7.92,-1,-0.188174138792329,0.99359558779357,0,0.596157352676142,30,0.923076923076923,0.0384615384615385,"N1 S1 P1 O2","de-protonated",0,NA,"C52 H48 O2 S1 N1 P1",52,48,2,1,1,1,NA,NA,NA,NA,NA
5648,807.478556,807.476748190639,807.476769788035,2105063.5,NA,120313.2,9.34,-1,-0.0267467698107686,0.499935100952044,0.638334387137562,0.555294815426251,17,1.40384615384615,0.0192307692307692,"S2 P1 O1","de-protonated",0,NA,"C52 H73 O1 S2 P1",52,73,1,NA,1,2,NA,NA,NA,NA,NA
5649,809.475864,809.474050867843,809.473792407858,2023458.6,NA,127198.1,8.88,-1,0.319293827017063,0.490835807858062,0.642805166454437,0.551623551296612,17,1.3921568627451,0.0784313725490196,"S1 P1 O4","de-protonated",0,NA,"C51 H71 O4 S1 P1",51,71,4,NA,1,1,NA,NA,NA,NA,NA
5650,811.47444,811.472621541667,811.472532560721,1830238,NA,111819.3,7.79,-1,0.109653675621653,0.997820652189739,0,0.598692391313843,17,1.38775510204082,0.122448979591837,"N2 S1 O6","de-protonated",0,NA,"C49 H68 O6 S1 N2",49,68,6,2,NA,1,NA,NA,NA,NA,NA
5651,833.138574,833.136697807068,833.136806967147,1905348.3,NA,101064,8.19,-1,-0.131022994550199,0.9968899122216,0,0.59813394733296,28,0.772727272727273,0.295454545454545,"S2 O13","de-protonated",0,NA,"C44 H34 O13 S2",44,34,13,NA,NA,2,NA,NA,NA,NA,NA
5652,845.455051,845.453141983837,845.453511192873,2623099,NA,132427.1,12.2,-1,-0.436699393699456,0.482994216686018,0.625287559723934,0.539911553901184,26,1.12727272727273,0.109090909090909,"N2 O6","de-protonated",0,NA,"C55 H62 O6 N2",55,62,6,2,NA,NA,NA,NA,NA,NA,NA
5653,848.346849,848.344932277238,848.344889692025,2020430.9,NA,121441.6,8.82,-1,0.0501979962337661,0.499771441532561,0.633925367778972,0.553433012031126,27,1.0377358490566,0.0943396226415094,"N1 S2 O5","de-protonated",0,NA,"C53 H55 O5 S2 N1",53,55,5,1,NA,2,NA,NA,NA,NA,NA
5654,850.345801,850.34387895006,850.34376278667,1865619.4,NA,124299.2,7.64,-1,0.136607565044481,0.996619598792705,0,0.597971759275623,14,1.425,0.375,"N3 S1 O15","de-protonated",0,NA,"C40 H57 O15 S1 N3",40,57,15,3,NA,1,NA,NA,NA,NA,NA
5655,852.343031,852.341103627472,852.340785406493,1837272.4,NA,134984.2,7.48,-1,0.373349468263878,0.975025064911074,0,0.585015038946644,14,1.41025641025641,0.461538461538462,"N3 O18","de-protonated",0,NA,"C39 H55 O18 N3",39,55,18,3,NA,NA,NA,NA,NA,NA,NA
