"Index","Mass","Calibrated_Mass","Calculated_Mass","Peak_Height","Peak_Area","Resolving_Power","S_N","Ion_Charge","Error_ppm","Error_Score","Isotopologue_Similarity","Confidence_Score","DBE","HtoC_ratio","OtoC_ratio","Heteroatom_Class","Ion_Type","Is_Isotopologue","Mono_Isotopic_Index","Molecular_Formula","C","H","O","N","P","S","13C","17O","18O","33S","34S"
242,235.06157,235.06129501836,235.061196952488,2740914.8,NA,466758.8,19.91,-1,0.417192944242548,0.968912340295649,0,0.58134740417739,7,1,0.416666666666667,"O5","de-protonated",0,NA,"C12 H12 O5",12,12,5,NA,NA,NA,NA,NA,NA,NA,NA
243,235.097928,235.097652865692,235.097582461872,1258945.8,NA,586532.8,7.81,-1,0.299466373768071,0.98385934131121,0,0.590315604786726,6,1.23076923076923,0.307692307692308,"O4","de-protonated",0,NA,"C13 H16 O4",13,16,4,NA,NA,NA,NA,NA,NA,NA,NA
245,237.040855,237.040571707299,237.040461507581,2507242.3,NA,499937,18,-1,0.464898342350774,0.961542426481305,0,0.576925455888783,7,0.909090909090909,0.545454545454545,"O6","de-protonated",0,NA,"C11 H10 O6",11,10,6,NA,NA,NA,NA,NA,NA,NA,NA
247,237.077245,237.076961554496,237.076847016966,4110329.5,NA,461136.6,31.09,-1,0.483124068794048,0.958532574615133,0,0.57511954476908,6,1.16666666666667,0.416666666666667,"O5","de-protonated",0,NA,"C12 H14 O5",12,14,5,NA,NA,NA,NA,NA,NA,NA,NA
250,238.963378,238.963086634582,238.963080565117,3054864.3,NA,400788.7,22.46,-1,0.0253991769598129,0.999882951002634,0,0.599929770601581,12,0.307692307692308,0.0769230769230769,"S2 O1","de-protonated",0,NA,"C13 H4 O1 S2",13,4,1,NA,NA,2,NA,NA,NA,NA,NA
252,239.056481,239.056189243641,239.056111572059,3278135.3,NA,466886.7,24.29,-1,0.32490941542734,0.981027452815495,0,0.588616471689297,6,1.09090909090909,0.545454545454545,"O6","de-protonated",0,NA,"C11 H12 O6",11,12,6,NA,NA,NA,NA,NA,NA,NA,NA
253,239.092883,239.092591090788,239.092497081443,8918343,NA,455325,70.35,-1,0.393192365055207,0.978085068120304,0.994500309761063,0.984651164776608,5,1.33333333333333,0.416666666666667,"O5","de-protonated",0,NA,"C12 H16 O5",12,16,5,NA,NA,NA,NA,NA,NA,NA,NA
254,239.125271,239.12497895479,239.124859838835,1267540.3,NA,513568.2,7.87,-1,0.498132878651435,0.955974521517786,0,0.573584712910672,0,2.5,0.75,"N2 O6","de-protonated",0,NA,"C8 H20 O6 N2",8,20,6,2,NA,NA,NA,NA,NA,NA,NA
255,239.129294,239.129001937897,239.128882590828,27956566,NA,448959.9,225.84,-1,0.499090984654502,0.477904401941792,0.875929598413485,0.637114480530469,4,1.53846153846154,0.307692307692308,"O4","de-protonated",0,NA,"C13 H20 O4",13,20,4,NA,NA,NA,NA,NA,NA,NA,NA
256,239.165666,239.16537378517,239.165268100212,1361765.3,NA,525011.5,8.63,-1,0.441890911651918,0.965189286107929,0,0.579113571664757,3,1.71428571428571,0.214285714285714,"O3","de-protonated",0,NA,"C14 H24 O3",14,24,3,NA,NA,NA,NA,NA,NA,NA,NA
261,241.035774,241.035473932546,241.035376127153,1759866.5,NA,538042.8,11.8,-1,0.40577194215239,0.970566183064286,0,0.582339709838571,6,1,0.7,"O7","de-protonated",0,NA,"C10 H10 O7",10,10,7,NA,NA,NA,NA,NA,NA,NA,NA
263,241.108564,241.108263626899,241.108147145922,4222617.5,NA,459277.8,31.78,-1,0.48310676624553,0.958535482333449,0,0.575121289400069,4,1.5,0.416666666666667,"O5","de-protonated",0,NA,"C12 H18 O5",12,18,5,NA,NA,NA,NA,NA,NA,NA,NA
267,241.144936,241.144635474172,241.144532655306,3481768.8,NA,446940.5,25.77,-1,0.426378591325382,0.967551006222509,0,0.580530603733505,3,1.69230769230769,0.307692307692308,"O4","de-protonated",0,NA,"C13 H22 O4",13,22,4,NA,NA,NA,NA,NA,NA,NA,NA
271,242.176577,242.176272142289,242.176167136883,14318174,NA,450977.6,113.69,-1,0.433590995879621,0.972533451556398,0.970033840048315,0.971533606953165,2,1.92307692307692,0.230769230769231,"N1 O3","de-protonated",0,NA,"C13 H25 O3 N1",13,25,3,1,NA,NA,NA,NA,NA,NA,NA
272,243.051433,243.051124468749,243.051026191631,1784530,NA,556046.8,11.99,-1,0.404347677624902,0.97076940203833,0,0.582461641222998,5,1.2,0.7,"O7","de-protonated",0,NA,"C10 H12 O7",10,12,7,NA,NA,NA,NA,NA,NA,NA,NA
274,243.124188,243.123879163249,243.1237972104,1745137,NA,516585.3,11.67,-1,0.337082796719908,0.979594005907207,0,0.587756403544324,3,1.66666666666667,0.416666666666667,"O5","de-protonated",0,NA,"C12 H20 O5",12,20,5,NA,NA,NA,NA,NA,NA,NA,NA
276,243.160488,243.160179010825,243.160182719784,1934336.4,NA,526572.6,13.21,-1,-0.0152531522900862,0.999957785283797,0,0.599974671170278,2,1.84615384615385,0.307692307692308,"O4","de-protonated",0,NA,"C13 H24 O4",13,24,4,NA,NA,NA,NA,NA,NA,NA,NA
282,245.04934,245.049023079493,245.048918191379,2709286.3,NA,427729.9,19.49,-1,0.428029286849462,0.967303432614313,0,0.580382059568588,4,1.4,0.5,"S1 O5","de-protonated",0,NA,"C10 H14 O5 S1",10,14,5,NA,NA,1,NA,NA,NA,NA,NA
283,245.103479,245.103161852162,245.103061765493,7513917.5,NA,440352,58.07,-1,0.408345242261375,0.97019731266778,0,0.582118387600668,3,1.63636363636364,0.545454545454545,"O6","de-protonated",0,NA,"C11 H18 O6",11,18,6,NA,NA,NA,NA,NA,NA,NA,NA
284,245.139854,245.139536699423,245.139447274878,1818445.1,NA,486305.3,12.18,-1,0.364790515831023,0.97614341531917,0,0.585686049191502,2,1.83333333333333,0.416666666666667,"O5","de-protonated",0,NA,"C12 H22 O5",12,22,5,NA,NA,NA,NA,NA,NA,NA,NA
287,247.061521,247.061195630301,247.061196952488,1497476.8,NA,496344,9.59,-1,-0.00535165725507849,0.999994803280418,0,0.599996881968251,8,0.923076923076923,0.384615384615385,"O5","de-protonated",0,NA,"C13 H12 O5",13,12,5,NA,NA,NA,NA,NA,NA,NA,NA
289,247.097972,247.097646477242,247.097582461872,2164372.3,NA,496918.8,14.96,-1,0.259069189026782,0.987895591635478,0,0.592737354981287,7,1.14285714285714,0.285714285714286,"O4","de-protonated",0,NA,"C14 H16 O4",14,16,4,NA,NA,NA,NA,NA,NA,NA,NA
291,247.119084,247.118758388592,247.118711829971,1599901.4,NA,472166.6,10.41,-1,0.188405891206904,0.993579853704759,0,0.596147912222855,2,1.81818181818182,0.545454545454545,"O6","de-protonated",0,NA,"C11 H20 O6",11,20,6,NA,NA,NA,NA,NA,NA,NA,NA
292,248.114413,248.114083209184,248.113960802164,3177545.3,NA,461198.1,23.12,-1,0.493349988419053,0.95679745102192,0,0.574078470613152,2,1.9,0.6,"N1 O6","de-protonated",0,NA,"C10 H19 O6 N1",10,19,6,1,NA,NA,NA,NA,NA,NA,NA
293,249.040912,249.040578318794,249.040461507581,1863128.3,NA,525545,12.53,-1,0.469045118777527,0.960866964513522,0,0.576520178708113,8,0.833333333333333,0.5,"O6","de-protonated",0,NA,"C12 H10 O6",12,10,6,NA,NA,NA,NA,NA,NA,NA,NA
296,249.077257,249.076923166181,249.076847016966,3015144,NA,428843.9,21.81,-1,0.305725787163436,0.983183313563525,0,0.589909988138115,7,1.07692307692308,0.384615384615385,"O5","de-protonated",0,NA,"C13 H14 O5",13,14,5,NA,NA,NA,NA,NA,NA,NA,NA
299,249.11364,249.113306013408,249.11323252635,4174327.5,NA,458588.1,31.15,-1,0.294994597502541,0.984334014824594,0,0.590600408894757,6,1.28571428571429,0.285714285714286,"O4","de-protonated",0,NA,"C14 H18 O4",14,18,4,NA,NA,NA,NA,NA,NA,NA,NA
300,249.149993,249.149658860761,249.149618035734,3970055.3,NA,464578.7,29.5,-1,0.163857471422527,0.995140082858449,0,0.597084049715069,5,1.46666666666667,0.2,"O3","de-protonated",0,NA,"C15 H22 O3",15,22,3,NA,NA,NA,NA,NA,NA,NA,NA
305,251.020158,251.019816007896,251.019726062675,1594414.4,NA,468806.1,10.28,-1,0.358319335413573,0.97697257777486,0,0.586183546664916,8,0.727272727272727,0.636363636363636,"O7","de-protonated",0,NA,"C11 H8 O7",11,8,7,NA,NA,NA,NA,NA,NA,NA,NA
306,251.056565,251.056222855023,251.056111572059,3617086,NA,478492.2,26.46,-1,0.443259328102292,0.964977179658266,0,0.57898630779496,7,1,0.5,"O6","de-protonated",0,NA,"C12 H12 O6",12,12,6,NA,NA,NA,NA,NA,NA,NA,NA
308,251.092927,251.092584702338,251.092497081443,6388046,NA,409437.8,48.63,-1,0.348958631620786,0.978146922820292,0,0.586888153692175,6,1.23076923076923,0.384615384615385,"O5","de-protonated",0,NA,"C13 H16 O5",13,16,5,NA,NA,NA,NA,NA,NA,NA,NA
309,251.129323,251.12898054951,251.128882590828,4062557.5,NA,441385.5,30.03,-1,0.390073341028362,0.972768911416153,0,0.583661346849692,5,1.42857142857143,0.285714285714286,"O4","de-protonated",0,NA,"C14 H20 O4",14,20,4,NA,NA,NA,NA,NA,NA,NA,NA
314,252.979058,252.978707782432,252.978730629595,9071742,NA,417454.4,70.09,-1,-0.0903125836351635,0.49926056664714,0.867648864333947,0.646615885721863,12,0.428571428571429,0.0714285714285714,"S2 O1","de-protonated",0,NA,"C14 H6 O1 S2",14,6,1,NA,NA,2,NA,NA,NA,NA,NA
315,253.035825,253.035474544066,253.035376127153,2583702.5,NA,454280.5,18.19,-1,0.388945271592179,0.972924036419276,0,0.583754421851566,7,0.909090909090909,0.636363636363636,"O7","de-protonated",0,NA,"C11 H10 O7",11,10,7,NA,NA,NA,NA,NA,NA,NA,NA
319,253.108583,253.108232238554,253.108147145922,5311670,NA,430316.8,40.01,-1,0.336190806213312,0.979700757762013,0,0.587820454657208,5,1.38461538461538,0.384615384615385,"O5","de-protonated",0,NA,"C13 H18 O5",13,18,5,NA,NA,NA,NA,NA,NA,NA,NA
320,253.144943,253.144592085877,253.144532655306,18271430,NA,416072.1,143.69,-1,0.234769326056612,0.49502450042067,0.867648864333947,0.644074245985981,4,1.57142857142857,0.285714285714286,"O4","de-protonated",0,NA,"C14 H22 O4",14,22,4,NA,NA,NA,NA,NA,NA,NA,NA
322,255.051453,255.051094080399,255.051026191631,2681856,NA,457887.3,18.97,-1,0.266177202086679,0.987226587078637,0,0.592335952247182,6,1.09090909090909,0.636363636363636,"O7","de-protonated",0,NA,"C11 H12 O7",11,12,7,NA,NA,NA,NA,NA,NA,NA,NA
323,255.087864,255.087504927509,255.087411701015,6837264,NA,416604.4,52.21,-1,0.365468813317589,0.976055685898306,0,0.585633411538983,5,1.33333333333333,0.5,"O6","de-protonated",0,NA,"C12 H16 O6",12,16,6,NA,NA,NA,NA,NA,NA,NA,NA
324,255.124202,255.123842774925,255.123797210399,3448863.8,NA,427930.2,25.1,-1,0.178597707547385,0.9942290220804,0,0.59653741324824,4,1.53846153846154,0.384615384615385,"O5","de-protonated",0,NA,"C13 H20 O5",13,20,5,NA,NA,NA,NA,NA,NA,NA,NA
326,257.06711,257.066742616611,257.066676256109,3716971,NA,413783.2,27.24,-1,0.25814509754175,0.987981269609558,0,0.592788761765735,5,1.27272727272727,0.636363636363636,"O7","de-protonated",0,NA,"C11 H14 O7",11,14,7,NA,NA,NA,NA,NA,NA,NA,NA
327,257.103519,257.103151463729,257.103061765493,6183802.5,NA,418883.3,46.98,-1,0.348880464994843,0.978156604188411,0,0.586893962513047,4,1.5,0.5,"O6","de-protonated",0,NA,"C12 H18 O6",12,18,6,NA,NA,NA,NA,NA,NA,NA,NA
329,257.13986,257.139492311132,257.139447274877,3856778.5,NA,430185.3,28.36,-1,0.17514331335294,0.9944494901665,0,0.5966696940999,3,1.69230769230769,0.384615384615385,"O5","de-protonated",0,NA,"C13 H22 O5",13,22,5,NA,NA,NA,NA,NA,NA,NA,NA
330,259.061649,259.061273241498,259.061196952487,1606093,NA,475799.4,10.27,-1,0.294482582409101,0.984387923414739,0,0.590632754048843,9,0.857142857142857,0.357142857142857,"O5","de-protonated",0,NA,"C14 H12 O5",14,12,5,NA,NA,NA,NA,NA,NA,NA,NA
332,259.08276,259.082384152852,259.082326320587,4452054,NA,416716.7,32.87,-1,0.223219646620319,0.990999701737964,0,0.594599821042778,4,1.45454545454545,0.636363636363636,"O7","de-protonated",0,NA,"C11 H16 O7",11,16,7,NA,NA,NA,NA,NA,NA,NA,NA
333,259.119174,259.118797999949,259.118711829971,5774054,NA,398660.8,43.36,-1,0.332550193681814,0.980133645827356,0,0.588080187496414,3,1.66666666666667,0.5,"O6","de-protonated",0,NA,"C12 H20 O6",12,20,6,NA,NA,NA,NA,NA,NA,NA,NA
334,259.155516,259.155139847348,259.155097339355,1838069.8,NA,389311.9,12.11,-1,0.164025300224602,0.995130146643643,0,0.597078087986186,2,1.84615384615385,0.384615384615385,"O5","de-protonated",0,NA,"C13 H24 O5",13,24,5,NA,NA,NA,NA,NA,NA,NA,NA
339,261.040862,261.040477930739,261.040461507581,1811240.5,NA,468812.6,11.89,-1,0.0629142213487442,0.999282047797412,0,0.599569228678447,9,0.769230769230769,0.461538461538462,"O6","de-protonated",0,NA,"C13 H10 O6",13,10,6,NA,NA,NA,NA,NA,NA,NA,NA
341,261.077272,261.076887777852,261.076847016965,2769976.3,NA,386748.9,19.5,-1,0.156126011006086,0.995586894648631,0,0.597352136789179,8,1,0.357142857142857,"O5","de-protonated",0,NA,"C14 H14 O5",14,14,5,NA,NA,NA,NA,NA,NA,NA,NA
343,261.098389,261.098004689181,261.097976385065,1766465.4,NA,355139.2,11.53,-1,0.108404197275621,0.997869982921444,0,0.598721989752866,3,1.63636363636364,0.636363636363636,"O7","de-protonated",0,NA,"C11 H18 O7",11,18,7,NA,NA,NA,NA,NA,NA,NA,NA
344,261.113741,261.113356624718,261.11323252635,3670088,NA,430661.4,26.65,-1,0.475266485140415,0.959843231434597,0,0.575905938860758,7,1.2,0.266666666666667,"O4","de-protonated",0,NA,"C15 H18 O4",15,18,4,NA,NA,NA,NA,NA,NA,NA,NA
346,261.134838,261.134453536131,261.134361894449,1914193.3,NA,436372.4,12.71,-1,0.350936894858838,0.97790121404525,0,0.58674072842715,2,1.83333333333333,0.5,"O6","de-protonated",0,NA,"C12 H22 O6",12,22,6,NA,NA,NA,NA,NA,NA,NA,NA
351,263.020209,263.019816619417,263.019726062675,1685123.4,NA,432506.5,10.88,-1,0.344296388693583,0.978720739540336,0,0.587232443724202,9,0.666666666666667,0.583333333333333,"O7","de-protonated",0,NA,"C12 H8 O7",12,8,7,NA,NA,NA,NA,NA,NA,NA,NA
352,263.056531,263.0561384669,263.056111572059,3177875.3,NA,434861.1,22.74,-1,0.102239938567619,0.998105113536297,0,0.598863068121778,8,0.923076923076923,0.461538461538462,"O6","de-protonated",0,NA,"C13 H12 O6",13,12,6,NA,NA,NA,NA,NA,NA,NA,NA
354,263.092933,263.092540314047,263.092497081443,5375395,NA,440936.2,40.19,-1,0.164324730259328,0.995112394031732,0,0.597067436419039,7,1.14285714285714,0.357142857142857,"O5","de-protonated",0,NA,"C14 H16 O5",14,16,5,NA,NA,NA,NA,NA,NA,NA,NA
356,263.129349,263.128956161135,263.128882590828,6299058.5,NA,408354.1,47.52,-1,0.279597993776597,0.985915371711861,0,0.591549223027117,6,1.33333333333333,0.266666666666667,"O4","de-protonated",0,NA,"C15 H20 O4",15,20,4,NA,NA,NA,NA,NA,NA,NA,NA
361,265.035816,265.035415155838,265.035376127153,1948652.9,NA,435782.6,12.87,-1,0.147258400174439,0.996073009501823,0,0.597643805701094,8,0.833333333333333,0.583333333333333,"O7","de-protonated",0,NA,"C12 H10 O7",12,10,7,NA,NA,NA,NA,NA,NA,NA,NA
362,265.072207,265.071806003032,265.071761636537,5333244.5,NA,425998.1,39.53,-1,0.167375409063498,0.994929698370988,0,0.596957819022592,7,1.07692307692308,0.461538461538462,"O6","de-protonated",0,NA,"C13 H14 O6",13,14,6,NA,NA,NA,NA,NA,NA,NA,NA
365,265.108642,265.10824085004,265.108147145921,9490700,NA,406019.8,72.29,-1,0.353456202380806,0.982615631015521,0.990860798976462,0.985913698199898,6,1.28571428571429,0.357142857142857,"O5","de-protonated",0,NA,"C14 H18 O5",14,18,5,NA,NA,NA,NA,NA,NA,NA,NA
367,265.145,265.144598697372,265.144532655306,2874140.3,NA,463821.5,20.16,-1,0.249079495850413,0.98880594050285,0,0.59328356430171,5,1.46666666666667,0.266666666666667,"O4","de-protonated",0,NA,"C15 H22 O4",15,22,4,NA,NA,NA,NA,NA,NA,NA,NA
368,265.148362,265.147960683255,265.147903958676,34763036,NA,402500.4,271.41,-1,0.213935613310466,0.659672048206605,0.954508943232357,0.777606806216906,0,2.16666666666667,0.333333333333333,"S1 O4","de-protonated",0,NA,"C12 H26 O4 S1",12,26,4,NA,NA,1,NA,NA,NA,NA,NA
375,266.994697,266.994287930454,266.994380694073,4587580,NA,417027.9,33.65,-1,-0.347436596697925,0.978335062364987,0,0.587001037418992,12,0.533333333333333,0.0666666666666667,"S2 O1","de-protonated",0,NA,"C15 H8 O1 S2",15,8,1,NA,NA,2,NA,NA,NA,NA,NA
376,267.051503,267.051093691924,267.051026191631,3410516.8,NA,446779,24.38,-1,0.252761781750379,0.988474446273859,0,0.593084667764316,7,1,0.583333333333333,"O7","de-protonated",0,NA,"C12 H12 O7",12,12,7,NA,NA,NA,NA,NA,NA,NA,NA
378,267.087914,267.087504539033,267.087411701015,12104804,NA,410961.3,92.88,-1,0.347594136738986,0.980373659708628,0.988950483134705,0.983804389079059,6,1.23076923076923,0.461538461538462,"O6","de-protonated",0,NA,"C13 H16 O6",13,16,6,NA,NA,NA,NA,NA,NA,NA,NA
381,267.124258,267.123848386424,267.123797210399,7537780,NA,427302.9,56.9,-1,0.191581675840229,0.996402127418859,0.99315913592798,0.995104930822508,5,1.42857142857143,0.357142857142857,"O5","de-protonated",0,NA,"C14 H20 O5",14,20,5,NA,NA,NA,NA,NA,NA,NA,NA
384,268.083066,268.082652360368,268.082660673208,1323794,NA,370633,7.93,-1,-0.031008495619836,0.999825547443794,0,0.599895328466276,6,1.25,0.5,"N1 O6","de-protonated",0,NA,"C12 H15 O6 N1",12,15,6,1,NA,NA,NA,NA,NA,NA,NA
390,269.067137,269.066719228232,269.066676256109,6124474,NA,398302.4,45.75,-1,0.159708084338085,0.995382541229578,0,0.597229524737747,6,1.16666666666667,0.583333333333333,"O7","de-protonated",0,NA,"C12 H14 O7",12,14,7,NA,NA,NA,NA,NA,NA,NA,NA
391,269.082484,269.08206616379,269.081932397394,1214400.8,NA,425633.4,7.07,-1,0.497121434289958,0.956149150320078,0,0.573689490192047,10,0.875,0.25,"O4","de-protonated",0,NA,"C16 H14 O4",16,14,4,NA,NA,NA,NA,NA,NA,NA,NA
392,269.103548,269.103130075342,269.103061765493,11802570,NA,403226.8,90.49,-1,0.253842702797664,0.987193794223717,0.970271325755044,0.980424806836248,5,1.38461538461538,0.461538461538462,"O6","de-protonated",0,NA,"C13 H18 O6",13,18,6,NA,NA,NA,NA,NA,NA,NA,NA
393,269.131694,269.131275957156,269.1312050664,8165334,NA,415353,61.83,-1,0.263405932288065,0.493744758936242,0.867648864333947,0.643306401095324,4,1.64285714285714,0.214285714285714,"P1 O3","de-protonated",0,NA,"C14 H23 O3 P1",14,23,3,NA,1,NA,NA,NA,NA,NA,NA
394,269.139934,269.139515922556,269.139447274877,10837978,NA,403992.6,82.89,-1,0.255063608573289,0.984468177066238,0.976356293154185,0.981223423501417,4,1.57142857142857,0.357142857142857,"O5","de-protonated",0,NA,"C14 H22 O5",14,22,5,NA,NA,NA,NA,NA,NA,NA,NA
396,270.135156,270.134733743597,270.134696247071,1864581.8,NA,438061.3,12.19,-1,0.138806776380292,0.996510073883084,0,0.59790604432985,4,1.61538461538462,0.384615384615385,"N1 O5","de-protonated",0,NA,"C13 H21 O5 N1",13,21,5,1,NA,NA,NA,NA,NA,NA,NA
399,270.207932,270.207509438009,270.207467265839,1272997,NA,548582.6,7.53,-1,0.156073295392361,0.995589867716674,0,0.597353920630004,2,1.93333333333333,0.2,"N1 O3","de-protonated",0,NA,"C15 H29 O3 N1",15,29,3,1,NA,NA,NA,NA,NA,NA,NA
401,271.046419,271.045992917183,271.045940811203,2260237.3,NA,424346.6,15.18,-1,0.192240402811779,0.993316747700391,0,0.595990048620235,6,1.09090909090909,0.727272727272727,"O8","de-protonated",0,NA,"C11 H12 O8",11,12,8,NA,NA,NA,NA,NA,NA,NA,NA
402,271.065045,271.064618838972,271.064568255857,1977365.3,NA,404985.1,12.97,-1,0.186609099377277,0.993701340631889,0,0.596220804379133,5,1.33333333333333,0.416666666666667,"S1 O5","de-protonated",0,NA,"C12 H16 O5 S1",12,16,5,NA,NA,1,NA,NA,NA,NA,NA
403,271.082779,271.082352764507,271.082326320587,8936221,NA,400970.6,67.35,-1,0.0975494066721473,0.997041812924177,0.978900293875786,0.989785205304821,5,1.33333333333333,0.583333333333333,"O7","de-protonated",0,NA,"C12 H16 O7",12,16,7,NA,NA,NA,NA,NA,NA,NA,NA
404,271.119227,271.118800611461,271.118711829971,9016108,NA,406818.7,67.97,-1,0.327463527933715,0.49036544888971,0.875929598413485,0.64459110869922,4,1.53846153846154,0.461538461538462,"O6","de-protonated",0,NA,"C13 H20 O6",13,20,6,NA,NA,NA,NA,NA,NA,NA,NA
405,271.155634,271.155207458587,271.155097339355,1801532.1,NA,427209.4,11.59,-1,0.406111605079739,0.970517619561173,0,0.582310571736704,3,1.71428571428571,0.357142857142857,"O5","de-protonated",0,NA,"C14 H24 O5",14,24,5,NA,NA,NA,NA,NA,NA,NA,NA
408,272.991479,272.991044749833,272.991026647323,1346126.4,NA,310785.9,8.03,-1,0.0663117428187007,0.999202443483111,0,0.599521466089867,11,0.545454545454545,0.0909090909090909,"N4 S2 O1","de-protonated",0,NA,"C11 H6 O1 S2 N4",11,6,1,4,NA,2,NA,NA,NA,NA,NA
409,273.040955,273.040520542083,273.040461507581,1819235.5,NA,468684.7,11.72,-1,0.216211550086415,0.991553612314115,0,0.594932167388469,10,0.714285714285714,0.428571428571429,"O6","de-protonated",0,NA,"C14 H10 O6",14,10,6,NA,NA,NA,NA,NA,NA,NA,NA
410,273.062083,273.061648453366,273.061590875681,3073644.5,NA,425384.1,21.53,-1,0.210859699817529,0.991964917683364,0,0.595178950610018,5,1.27272727272727,0.727272727272727,"O8","de-protonated",0,NA,"C11 H14 O8",11,14,8,NA,NA,NA,NA,NA,NA,NA,NA
411,273.077354,273.076919389242,273.076847016965,1747827,NA,441723.8,11.17,-1,0.265025313443649,0.987336200920518,0,0.592401720552311,9,0.933333333333333,0.333333333333333,"O5","de-protonated",0,NA,"C15 H14 O5",15,14,5,NA,NA,NA,NA,NA,NA,NA,NA
413,273.098464,273.098029300601,273.097976385065,6993532,NA,416678.1,52.16,-1,0.193760264626234,0.993211014681977,0,0.595926608809186,4,1.5,0.583333333333333,"O7","de-protonated",0,NA,"C12 H18 O7",12,18,7,NA,NA,NA,NA,NA,NA,NA,NA
414,273.113686,273.113251236684,273.11323252635,1217922.5,NA,450869.6,7.02,-1,0.0685076060241848,0.999148770818322,0,0.599489262490993,8,1.125,0.25,"O4","de-protonated",0,NA,"C16 H18 O4",16,18,4,NA,NA,NA,NA,NA,NA,NA,NA
416,273.134831,273.134396147895,273.134361894449,9848460,NA,395799.2,74.47,-1,0.125408776239784,0.998102386445746,0.961975655298042,0.983651693986664,3,1.69230769230769,0.461538461538462,"O6","de-protonated",0,NA,"C13 H22 O6",13,22,6,NA,NA,NA,NA,NA,NA,NA,NA
421,275.056609,275.056166078307,275.056111572059,2910654.8,NA,414309.4,20.25,-1,0.19816410324996,0.992900014233885,0,0.595740008540331,9,0.857142857142857,0.428571428571429,"O6","de-protonated",0,NA,"C14 H12 O6",14,12,6,NA,NA,NA,NA,NA,NA,NA,NA
423,275.077792,275.077348989359,275.077240940159,1580231.9,NA,399283.6,9.85,-1,0.392795856413071,0.972392780455228,0,0.583435668273137,4,1.45454545454545,0.727272727272727,"O8","de-protonated",0,NA,"C11 H16 O8",11,16,8,NA,NA,NA,NA,NA,NA,NA,NA
424,275.092996,275.092552925517,275.092497081443,4620750.5,NA,386752.3,33.61,-1,0.203001078674063,0.992550487816208,0,0.595530292689725,8,1.06666666666667,0.333333333333333,"O5","de-protonated",0,NA,"C15 H16 O5",15,16,5,NA,NA,NA,NA,NA,NA,NA,NA
427,275.114153,275.113709836678,275.113626449543,3299799.3,NA,455234.6,23.29,-1,0.303100709884414,0.983468472468774,0,0.590081083481264,3,1.66666666666667,0.583333333333333,"O7","de-protonated",0,NA,"C12 H20 O7",12,20,7,NA,NA,NA,NA,NA,NA,NA,NA
429,275.129405,275.128961772635,275.128882590828,1454557.9,NA,430794.3,8.87,-1,0.287798963030235,0.985083296999436,0,0.591049978199661,7,1.25,0.25,"O4","de-protonated",0,NA,"C16 H20 O4",16,20,4,NA,NA,NA,NA,NA,NA,NA,NA
430,275.150492,275.15004868409,275.150011958927,2297830.8,NA,460872.1,15.46,-1,0.133473237675934,0.996772691561137,0,0.598063614936682,2,1.84615384615385,0.461538461538462,"O6","de-protonated",0,NA,"C13 H24 O6",13,24,6,NA,NA,NA,NA,NA,NA,NA,NA
431,275.971703,275.971256235807,275.971216696932,1946691.5,NA,418570.6,12.71,-1,0.143271735731553,0.996282368440181,0,0.597769421064108,10,0.666666666666667,0.0833333333333333,"N1 S2 P1 O1","de-protonated",0,NA,"C12 H8 O1 S2 N1 P1",12,8,1,1,1,2,NA,NA,NA,NA,NA
433,276.109318,276.108870657959,276.108875421736,1883005.9,NA,467734.3,12.21,-1,-0.0172532569840639,0.999945988743361,0,0.599967593246017,3,1.72727272727273,0.636363636363636,"N1 O7","de-protonated",0,NA,"C11 H19 O7 N1",11,19,7,1,NA,NA,NA,NA,NA,NA,NA
435,277.035805,277.035353767619,277.035376127153,2553606.3,NA,389291.2,17.45,-1,-0.0807100311244113,0.99881872171608,0,0.599291233029648,9,0.769230769230769,0.538461538461538,"O7","de-protonated",0,NA,"C13 H10 O7",13,10,7,NA,NA,NA,NA,NA,NA,NA,NA
438,277.072236,277.071784614645,277.071761636537,5729557.5,NA,414217.3,42.27,-1,0.0829319710847208,0.998752826591976,0,0.599251695955186,8,1,0.428571428571429,"O6","de-protonated",0,NA,"C14 H14 O6",14,14,6,NA,NA,NA,NA,NA,NA,NA,NA
441,277.108646,277.108194461758,277.108147145921,12219685,NA,397148.6,92.99,-1,0.170748630753538,0.996970628295961,0.972800070664691,0.987302405243453,7,1.2,0.333333333333333,"O5","de-protonated",0,NA,"C15 H18 O5",15,18,5,NA,NA,NA,NA,NA,NA,NA,NA
443,277.145044,277.144592308922,277.144532655306,1373492.4,NA,549319.2,8.23,-1,0.215243706146896,0.991628744769417,0,0.59497724686165,6,1.375,0.25,"O4","de-protonated",0,NA,"C16 H22 O4",16,22,4,NA,NA,NA,NA,NA,NA,NA,NA
447,279.015164,279.014704456247,279.014640682247,1944648.8,NA,372465.7,12.55,-1,0.228568652156328,0.990565251375284,0,0.59433915082517,9,0.666666666666667,0.666666666666667,"O8","de-protonated",0,NA,"C12 H8 O8",12,8,8,NA,NA,NA,NA,NA,NA,NA,NA
448,279.051553,279.051093303449,279.051026191631,4193368,NA,399413.2,29.94,-1,0.240500164742452,0.989559829138647,0,0.593735897483188,8,0.923076923076923,0.538461538461538,"O7","de-protonated",0,NA,"C13 H12 O7",13,12,7,NA,NA,NA,NA,NA,NA,NA,NA
451,279.0879,279.087440150827,279.087411701015,12564583,NA,386016.6,94.68,-1,0.10193871321382,0.998046045084811,0.988425492962811,0.994197824236011,7,1.14285714285714,0.428571428571429,"O6","de-protonated",0,NA,"C14 H16 O6",14,16,6,NA,NA,NA,NA,NA,NA,NA,NA
453,279.124275,279.123814998087,279.123797210399,14616695,NA,390012.4,110.55,-1,0.0637268772633949,0.997218769026323,0.970239740125276,0.986427157465904,6,1.33333333333333,0.333333333333333,"O5","de-protonated",0,NA,"C15 H20 O5",15,20,5,NA,NA,NA,NA,NA,NA,NA,NA
455,279.156708,279.156247861901,279.156159967791,2594948.3,NA,420687,17.58,-1,0.314856420743852,0.982172978739085,0,0.589303787243451,1,2.18181818181818,0.545454545454545,"N2 O6","de-protonated",0,NA,"C11 H24 O6 N2",11,24,6,2,NA,NA,NA,NA,NA,NA,NA
456,279.160704,279.160243845121,279.160182719784,7274630,NA,410714.8,53.77,-1,0.218961518182858,0.995596619967495,0.968182125553421,0.984630822201865,5,1.5,0.25,"O4","de-protonated",0,NA,"C16 H24 O4",16,24,4,NA,NA,NA,NA,NA,NA,NA,NA
457,279.164061,279.163600831025,279.163554023154,4146311.3,NA,403124.8,29.58,-1,0.167671856400703,0.994911767724806,0,0.596947060634884,0,2.15384615384615,0.307692307692308,"S1 O4","de-protonated",0,NA,"C13 H28 O4 S1",13,28,4,NA,NA,1,NA,NA,NA,NA,NA
466,281.030772,281.030303992664,281.030290746725,2352021,NA,349937.2,15.7,-1,0.0471334947247399,0.999596980942788,0,0.599758188565673,8,0.833333333333333,0.666666666666667,"O8","de-protonated",0,NA,"C12 H10 O8",12,10,8,NA,NA,NA,NA,NA,NA,NA,NA
467,281.067194,281.066725839727,281.066676256109,7920548,NA,406242.9,58.76,-1,0.176412299213127,0.497184497500373,0.875929598413485,0.648682537865618,7,1.07692307692308,0.538461538461538,"O7","de-protonated",0,NA,"C13 H14 O7",13,14,7,NA,NA,NA,NA,NA,NA,NA,NA
470,281.103572,281.103103686975,281.103061765493,21380020,NA,383728.6,162.84,-1,0.149132072925744,0.996177169820542,0.982733355495154,0.990799644090387,6,1.28571428571429,0.428571428571429,"O6","de-protonated",0,NA,"C14 H18 O6",14,18,6,NA,NA,NA,NA,NA,NA,NA,NA
473,281.139972,281.139503534131,281.139447274877,8354754.5,NA,399972.8,62.12,-1,0.200111561003846,0.996379434623747,0.974806284740027,0.987750174670259,5,1.46666666666667,0.333333333333333,"O5","de-protonated",0,NA,"C15 H22 O5",15,22,5,NA,NA,NA,NA,NA,NA,NA,NA
481,283.046451,283.045974528784,283.045940811203,4677339,NA,373047.6,33.67,-1,0.119124057769324,0.997428457048128,0,0.598457074228877,7,1,0.666666666666667,"O8","de-protonated",0,NA,"C12 H12 O8",12,12,8,NA,NA,NA,NA,NA,NA,NA,NA
482,283.082826,283.082349376044,283.082326320587,15916778,NA,376745,120.59,-1,0.0814443543351269,0.998580187620537,0.994191805086713,0.996824834607007,6,1.23076923076923,0.538461538461538,"O7","de-protonated",0,NA,"C13 H16 O7",13,16,7,NA,NA,NA,NA,NA,NA,NA,NA
485,283.119242,283.118765223133,283.118711829971,16596729,NA,391731.4,125.85,-1,0.188589306102406,0.996685554454124,0.991288955643723,0.994526914929964,5,1.42857142857143,0.428571428571429,"O6","de-protonated",0,NA,"C14 H20 O6",14,20,6,NA,NA,NA,NA,NA,NA,NA,NA
486,283.137827,283.137350145094,283.137339274626,1332224.9,NA,293440.4,7.8,-1,0.0383929146127011,0.99973257751648,0,0.599839546509888,4,1.6,0.2,"S1 O3","de-protonated",0,NA,"C15 H24 O3 S1",15,24,3,NA,NA,1,NA,NA,NA,NA,NA
487,283.155657,283.155180070225,283.155097339355,3666696.3,NA,390398.4,25.86,-1,0.292175103018412,0.984629745542953,0,0.590777847325772,4,1.6,0.333333333333333,"O5","de-protonated",0,NA,"C15 H24 O5",15,24,5,NA,NA,NA,NA,NA,NA,NA,NA
491,285.025715,285.02523021781,285.025205366296,1257995.3,NA,392720.7,7.22,-1,0.0871905836571283,0.998621542128917,0,0.59917292527735,7,0.909090909090909,0.818181818181818,"O9","de-protonated",0,NA,"C11 H10 O9",11,10,9,NA,NA,NA,NA,NA,NA,NA,NA
493,285.06213,285.061645064903,285.061590875681,7260698,NA,395158.6,53.64,-1,0.190096540797059,0.993464494123748,0,0.596078696474249,6,1.16666666666667,0.666666666666667,"O8","de-protonated",0,NA,"C12 H14 O8",12,14,8,NA,NA,NA,NA,NA,NA,NA,NA
494,285.077413,285.076928000729,285.076847016965,1735200.5,NA,440810,10.91,-1,0.284076958795018,0.985463827372454,0,0.591278296423473,10,0.875,0.3125,"O5","de-protonated",0,NA,"C16 H14 O5",16,14,5,NA,NA,NA,NA,NA,NA,NA,NA
496,285.098486,285.098000912243,285.097976385065,16720425,NA,382507.9,126.8,-1,0.0860306994194364,0.998009892905092,0.985735627285275,0.993100186657165,5,1.38461538461538,0.538461538461538,"O7","de-protonated",0,NA,"C13 H18 O7",13,18,7,NA,NA,NA,NA,NA,NA,NA,NA
497,285.126653,285.126167793969,285.126119685972,34673204,NA,380453.8,265.63,-1,0.168725326367099,0.995985029692304,0.973471151224487,0.986979478305177,4,1.64285714285714,0.285714285714286,"P1 O4","de-protonated",0,NA,"C14 H23 O4 P1",14,23,4,NA,1,NA,NA,NA,NA,NA,NA
498,285.1349,285.13441475934,285.134361894449,10981944,NA,391216.7,82.42,-1,0.185403437708139,0.993024939666569,0.994314278901088,0.993540675360377,4,1.57142857142857,0.428571428571429,"O6","de-protonated",0,NA,"C14 H22 O6",14,22,6,NA,NA,NA,NA,NA,NA,NA,NA
499,285.171324,285.170838606395,285.170747403833,1714759,NA,408092.2,10.75,-1,0.31981738061911,0.981612015962607,0,0.588967209577564,3,1.73333333333333,0.333333333333333,"O5","de-protonated",0,NA,"C15 H26 O5",15,26,5,NA,NA,NA,NA,NA,NA,NA,NA
505,287.041253,287.040759754522,287.040855430774,1605699.3,NA,346083.9,9.7,-1,-0.333319284901911,0.980042573610015,0,0.588025544166009,6,1.09090909090909,0.818181818181818,"O9","de-protonated",0,NA,"C11 H12 O9",11,12,9,NA,NA,NA,NA,NA,NA,NA,NA
506,287.056675,287.056181689764,287.056111572059,1795657.5,NA,382961.8,11.14,-1,0.244264804914967,0.989232202894694,0,0.593539321736817,10,0.8,0.4,"O6","de-protonated",0,NA,"C15 H12 O6",15,12,6,NA,NA,NA,NA,NA,NA,NA,NA
508,287.077782,287.077288601136,287.077240940159,5868882,NA,380290.3,41.98,-1,0.166021440346843,0.995011193965177,0,0.597006716379106,5,1.33333333333333,0.666666666666667,"O8","de-protonated",0,NA,"C12 H16 O8",12,16,8,NA,NA,NA,NA,NA,NA,NA,NA
510,287.093076,287.092582536916,287.092497081443,2597720.3,NA,363216.3,17.21,-1,0.297658326496393,0.984052095665828,0,0.590431257399497,9,1,0.3125,"O5","de-protonated",0,NA,"C16 H16 O5",16,16,5,NA,NA,NA,NA,NA,NA,NA,NA
511,287.096421,287.09592752287,287.095868384814,6682969.5,NA,389295.3,48.15,-1,0.205987138785089,0.992330566330969,0,0.595398339798581,4,1.53846153846154,0.384615384615385,"S1 O5","de-protonated",0,NA,"C13 H20 O5 S1",13,20,5,NA,NA,1,NA,NA,NA,NA,NA
513,287.114172,287.113678448333,287.113626449543,9745761,NA,380748.9,71.34,-1,0.181108750858599,0.994092101041322,0.990261022056756,0.992559669447496,4,1.53846153846154,0.538461538461538,"O7","de-protonated",0,NA,"C13 H20 O7",13,20,7,NA,NA,NA,NA,NA,NA,NA,NA
514,287.129447,287.128953384193,287.128882590828,1296487,NA,426868.5,7.36,-1,0.246556057535403,0.989030364513965,0,0.593418218708379,8,1.17647058823529,0.235294117647059,"O4","de-protonated",0,NA,"C17 H20 O4",17,20,4,NA,NA,NA,NA,NA,NA,NA,NA
516,287.150556,287.150062295556,287.150011958927,8037743.5,NA,373702,58.41,-1,0.175297324269329,0.497219875739861,0.867648864333947,0.645391471177495,3,1.71428571428571,0.428571428571429,"O6","de-protonated",0,NA,"C14 H24 O6",14,24,6,NA,NA,NA,NA,NA,NA,NA,NA
518,288.109471,288.108973269051,288.108875421736,1647348.8,NA,430659.5,10.01,-1,0.339619231115837,0.979288968267073,0,0.587573380960244,4,1.58333333333333,0.583333333333333,"N1 O7","de-protonated",0,NA,"C12 H19 O7 N1",12,19,7,1,NA,NA,NA,NA,NA,NA,NA
523,289.035848,289.035346379173,289.035376127153,1732202.8,NA,494018.7,10.65,-1,-0.10292158763971,0.998079786675249,0,0.598847872005149,10,0.714285714285714,0.5,"O7","de-protonated",0,NA,"C14 H10 O7",14,10,7,NA,NA,NA,NA,NA,NA,NA,NA
527,289.072318,289.071816226035,289.071761636537,4129913.5,NA,388062.9,28.81,-1,0.18884410327544,0.993550050451881,0,0.596130030271129,9,0.933333333333333,0.4,"O6","de-protonated",0,NA,"C15 H14 O6",15,14,6,NA,NA,NA,NA,NA,NA,NA,NA
529,289.093361,289.092859137675,289.092891004637,4010114,NA,376712.1,27.9,-1,-0.110230873228387,0.997797673749246,0,0.598678604249548,4,1.5,0.666666666666667,"O8","de-protonated",0,NA,"C12 H18 O8",12,18,8,NA,NA,NA,NA,NA,NA,NA,NA
531,289.108738,289.108236073106,289.108147145921,4626568,NA,395298.5,32.57,-1,0.30759141803938,0.982979208342942,0,0.589787525005765,8,1.125,0.3125,"O5","de-protonated",0,NA,"C16 H18 O5",16,18,5,NA,NA,NA,NA,NA,NA,NA,NA
533,289.129828,289.129325984549,289.129276514021,5801104.5,NA,385334.7,41.46,-1,0.171101760062401,0.994702026347087,0,0.596821215808252,3,1.69230769230769,0.538461538461538,"O7","de-protonated",0,NA,"C13 H22 O7",13,22,7,NA,NA,NA,NA,NA,NA,NA,NA
534,289.166186,289.165683831881,289.165662023405,2109599.3,NA,370286.6,13.51,-1,0.0754186220183477,0.998968457984967,0,0.59938107479098,2,1.85714285714286,0.428571428571429,"O6","de-protonated",0,NA,"C14 H26 O6",14,26,6,NA,NA,NA,NA,NA,NA,NA,NA
535,289.987404,289.986898383568,289.98686676141,3975657.3,NA,394320.5,27.64,-1,0.109046865160965,0.997844680014805,0,0.598706808008883,10,0.769230769230769,0.0769230769230769,"N1 S2 P1 O1","de-protonated",0,NA,"C13 H10 O1 S2 N1 P1",13,10,1,1,1,2,NA,NA,NA,NA,NA
536,290.088689,290.08818295827,290.08813997683,1602577.9,NA,509062.2,9.67,-1,0.14816683253466,0.996024505830884,0,0.59761470349853,4,1.54545454545455,0.727272727272727,"N1 O8","de-protonated",0,NA,"C11 H17 O8 N1",11,17,8,1,NA,NA,NA,NA,NA,NA,NA
537,290.125081,290.12457480546,290.124525486214,13169184,NA,373504.6,97.26,-1,0.169993370037628,0.497385132453634,0.884369916155675,0.652179045934451,3,1.75,0.583333333333333,"N1 O7","de-protonated",0,NA,"C12 H21 O7 N1",12,21,7,1,NA,NA,NA,NA,NA,NA,NA
540,291.015203,291.014693067818,291.014640682247,1978244.3,NA,413410.6,12.51,-1,0.18001008810627,0.994137654575397,0,0.596482592745238,10,0.615384615384615,0.615384615384615,"O8","de-protonated",0,NA,"C13 H8 O8",13,8,8,NA,NA,NA,NA,NA,NA,NA,NA
541,291.03691,291.036399976669,291.036259307716,7764877,NA,375538.1,56.33,-1,0.483338239217565,0.479248287536965,0.875929598413485,0.637920811887573,9,1,0.153846153846154,"N2 S1 P1 O2","de-protonated",0,NA,"C13 H13 O2 S1 N2 P1",13,13,2,2,1,1,NA,NA,NA,NA,NA
542,291.051577,291.051066915082,291.051026191631,3616658.8,NA,406963.7,24.92,-1,0.139918598057121,0.996454042033796,0,0.597872425220278,9,0.857142857142857,0.5,"O7","de-protonated",0,NA,"C14 H12 O7",14,12,7,NA,NA,NA,NA,NA,NA,NA,NA
546,291.087985,291.087474762204,291.087411701015,10175393,NA,395869.4,74.58,-1,0.216640042630925,0.995722010660525,0.992708560341049,0.994516630532735,8,1.06666666666667,0.4,"O6","de-protonated",0,NA,"C15 H16 O6",15,16,6,NA,NA,NA,NA,NA,NA,NA,NA
549,291.124378,291.123867609389,291.123797210399,5554096,NA,397207.6,39.59,-1,0.241818053524856,0.989445703487516,0,0.59366742209251,7,1.25,0.3125,"O5","de-protonated",0,NA,"C16 H20 O5",16,20,5,NA,NA,NA,NA,NA,NA,NA,NA
555,292.104374,292.103859494365,292.103790041308,2229045.5,NA,410473,14.4,-1,0.237768421233563,0.989794445956409,0,0.593876667573845,3,1.72727272727273,0.727272727272727,"N1 O8","de-protonated",0,NA,"C11 H19 O8 N1",11,19,8,1,NA,NA,NA,NA,NA,NA,NA
558,292.168957,292.168442223179,292.168318851599,2104143.3,NA,393785.2,13.46,-1,0.422262005780185,0.9681645227979,0,0.58089871367874,1,2.15384615384615,0.307692307692308,"N1 P1 O4","de-protonated",0,NA,"C13 H28 O4 N1 P1",13,28,4,1,1,NA,NA,NA,NA,NA,NA
559,292.205347,292.204832070377,292.204704360983,1264221.6,NA,379296.4,7.1,-1,0.437054543282956,0.96593404400769,0,0.579560426404614,0,2.28571428571429,0.214285714285714,"N1 P1 O3","de-protonated",0,NA,"C14 H32 O3 N1 P1",14,32,3,1,1,NA,NA,NA,NA,NA,NA
560,292.213555,292.213040035911,292.21294656946,8166753,NA,374139.4,59.37,-1,0.319857322219554,0.490803732635912,0.867648864333947,0.641541785315126,0,2.21428571428571,0.357142857142857,"N1 O5","de-protonated",0,NA,"C14 H31 O5 N1",14,31,5,1,NA,NA,NA,NA,NA,NA,NA
562,293.030823,293.030304604185,293.030290746725,2675876.5,NA,370624.1,17.79,-1,0.0472901968979716,0.999594297241489,0,0.599756578344893,9,0.769230769230769,0.615384615384615,"O8","de-protonated",0,NA,"C13 H10 O8",13,10,8,NA,NA,NA,NA,NA,NA,NA,NA
565,293.067199,293.066680451441,293.066676256109,9064115,NA,368356.2,66.16,-1,0.014315282370002,0.49998140845012,0.867648864333947,0.647048390803651,8,1,0.5,"O7","de-protonated",0,NA,"C14 H14 O7",14,14,7,NA,NA,NA,NA,NA,NA,NA,NA
568,293.1036,293.103081298592,293.103061765493,23891650,NA,360784.4,178.45,-1,0.0666424266859546,0.998968833940378,0.984672751557665,0.993250400987293,7,1.2,0.4,"O6","de-protonated",0,NA,"C15 H18 O6",15,18,6,NA,NA,NA,NA,NA,NA,NA,NA
570,293.13996,293.139441145916,293.139447274877,4297423.5,NA,366546.4,30.07,-1,-0.0209080064181253,0.999920683808277,0,0.599952410284966,6,1.375,0.3125,"O5","de-protonated",0,NA,"C16 H22 O5",16,22,5,NA,NA,NA,NA,NA,NA,NA,NA
572,293.176338,293.175818993164,293.175832784262,44752604,NA,358498.6,336.43,-1,-0.0470403636431079,0.999668723429223,0.991853941590905,0.996542810693895,5,1.52941176470588,0.235294117647059,"O4","de-protonated",0,NA,"C17 H26 O4",17,26,4,NA,NA,NA,NA,NA,NA,NA,NA
573,293.179699,293.179179979051,293.179204087632,10372831,NA,366439,76.07,-1,-0.0822315509093609,0.499386895658979,0.867648864333947,0.646691683128966,0,2.14285714285714,0.285714285714286,"S1 O4","de-protonated",0,NA,"C14 H30 O4 S1",14,30,4,NA,NA,1,NA,NA,NA,NA,NA
583,295.046503,295.0459761403,295.045940811203,4367805,NA,371264.3,29.93,-1,0.119741004124897,0.997401786630824,0,0.598441071978494,8,0.923076923076923,0.615384615384615,"O8","de-protonated",0,NA,"C13 H12 O8",13,12,8,NA,NA,NA,NA,NA,NA,NA,NA
585,295.082883,295.082355987539,295.082326320587,20832716,NA,364381.8,151.94,-1,0.10053788319768,0.995659890069207,0.994975188940515,0.99538600961773,7,1.14285714285714,0.5,"O7","de-protonated",0,NA,"C14 H16 O7",14,16,7,NA,NA,NA,NA,NA,NA,NA,NA
588,295.119282,295.118754834699,295.118711829971,30663130,NA,361406.2,224.79,-1,0.145720099368372,0.997380647560238,0.991172801314905,0.994897509062105,6,1.33333333333333,0.4,"O6","de-protonated",0,NA,"C15 H20 O6",15,20,6,NA,NA,NA,NA,NA,NA,NA,NA
590,295.155664,295.15513668193,295.155097339355,6592999.5,NA,391670.6,46.42,-1,0.133294580539376,0.997313045468087,0.939168142665989,0.974055084347248,5,1.5,0.3125,"O5","de-protonated",0,NA,"C16 H24 O5",16,24,5,NA,NA,NA,NA,NA,NA,NA,NA
592,296.09935,296.098818719372,296.098704660879,1787223.8,NA,439242.7,10.81,-1,0.385204294823527,0.973435431752849,0,0.584061259051709,2,1.9,0.9,"N1 O9","de-protonated",0,NA,"C10 H19 O9 N1",10,19,9,1,NA,NA,NA,NA,NA,NA,NA
594,296.135583,296.135051567229,296.135090170264,1514853.8,NA,332655.2,8.79,-1,-0.130356165401472,0.996921440004439,0,0.598152864002663,1,2.09090909090909,0.727272727272727,"N1 O8","de-protonated",0,NA,"C11 H23 O8 N1",11,23,8,1,NA,NA,NA,NA,NA,NA,NA
600,297.025768,297.025232829322,297.025205366296,1809343.6,NA,371206.6,10.97,-1,0.0924602542778027,0.998450016043619,0,0.599070009626171,8,0.833333333333333,0.75,"O9","de-protonated",0,NA,"C12 H10 O9",12,10,9,NA,NA,NA,NA,NA,NA,NA,NA
601,297.062155,297.061619676532,297.061590875681,10106062,NA,361932.3,72.45,-1,0.096952459666422,0.499147938020397,0.875929598413485,0.649860602177632,7,1.07692307692308,0.615384615384615,"O8","de-protonated",0,NA,"C13 H14 O8",13,14,8,NA,NA,NA,NA,NA,NA,NA,NA
604,297.098538,297.098002523759,297.097976385065,32425180,NA,358851.9,237.84,-1,0.0879800491995959,0.999281159299957,0.996227283396074,0.998059608938404,6,1.28571428571429,0.5,"O7","de-protonated",0,NA,"C14 H18 O7",14,18,7,NA,NA,NA,NA,NA,NA,NA,NA
607,297.134926,297.134390370965,297.134361894449,18908394,NA,359479,137.68,-1,0.0958371696955385,0.997233435151015,0.971426504392253,0.98691066284751,5,1.46666666666667,0.4,"O6","de-protonated",0,NA,"C15 H22 O6",15,22,6,NA,NA,NA,NA,NA,NA,NA,NA
608,297.147902,297.147366316479,297.147249054071,1762542.9,NA,326081.8,10.62,-1,0.394627270198616,0.972138370922775,0,0.583283022553665,0,2.25,0.5,"P1 O6","de-protonated",0,NA,"C12 H27 O6 P1",12,27,6,NA,1,NA,NA,NA,NA,NA,NA
609,297.153512,297.152976292922,297.152989339104,33342706,NA,354688.3,244.64,-1,-0.0439039219927859,0.664926806929489,0.963279712302726,0.784267969078784,4,1.625,0.1875,"S1 O3","de-protonated",0,NA,"C16 H26 O3 S1",16,26,3,NA,NA,1,NA,NA,NA,NA,NA
610,297.171322,297.170786218138,297.170747403833,12698872,NA,369034.9,91.66,-1,0.130612803149312,0.998095426306407,0.986891008253602,0.993613659085285,4,1.625,0.3125,"O5","de-protonated",0,NA,"C16 H26 O5",16,26,5,NA,NA,NA,NA,NA,NA,NA,NA
614,298.130157,298.129617191968,298.129610866642,3309162.8,NA,400497.3,22.08,-1,0.0212166992675829,0.999918324512898,0,0.599950994707739,5,1.5,0.428571428571429,"N1 O6","de-protonated",0,NA,"C14 H21 O6 N1",14,21,6,1,NA,NA,NA,NA,NA,NA,NA
622,299.041435,299.040891365492,299.040855430774,3371977.5,NA,362757.3,22.54,-1,0.120166582706732,0.997383309110332,0,0.598429985466199,7,1,0.75,"O9","de-protonated",0,NA,"C12 H12 O9",12,12,9,NA,NA,NA,NA,NA,NA,NA,NA
624,299.077807,299.077263212765,299.077240940159,17020888,NA,359632.6,123.69,-1,0.07447108489403,0.999231963147982,0.987894561741512,0.994697002585394,6,1.23076923076923,0.615384615384615,"O8","de-protonated",0,NA,"C13 H16 O8",13,16,8,NA,NA,NA,NA,NA,NA,NA,NA
626,299.092964,299.092420149121,299.092497081443,1560029.3,NA,371418.5,9.12,-1,-0.257219166760979,0.988066818457235,0,0.592840091074341,10,0.941176470588235,0.294117647058824,"O5","de-protonated",0,NA,"C17 H16 O5",17,16,5,NA,NA,NA,NA,NA,NA,NA,NA
629,299.114183,299.113639060022,299.113626449543,21518310,NA,355200.7,157.01,-1,0.0421594922642961,0.999817805054571,0.96875073099099,0.987390975429138,5,1.42857142857143,0.5,"O7","de-protonated",0,NA,"C14 H20 O7",14,20,7,NA,NA,NA,NA,NA,NA,NA,NA
630,299.127154,299.126610005556,299.126513609165,1822186.4,NA,431799.9,11.06,-1,0.322259601731817,0.981332759010477,0,0.588799655406286,0,2.27272727272727,0.636363636363636,"P1 O7","de-protonated",0,NA,"C11 H25 O7 P1",11,25,7,NA,1,NA,NA,NA,NA,NA,NA
631,299.15055,299.150005907316,299.150011958927,8091635.5,NA,377251.2,57.52,-1,-0.0202293539584674,0.986571803007691,0.980233732282753,0.984036574717716,4,1.6,0.4,"O6","de-protonated",0,NA,"C15 H24 O6",15,24,6,NA,NA,NA,NA,NA,NA,NA,NA
633,300.073026,300.072478033819,300.072489912352,1673556.8,NA,390296.9,9.96,-1,-0.0395855447352452,0.999715707541714,0,0.599829424525028,6,1.25,0.666666666666667,"N1 O8","de-protonated",0,NA,"C12 H15 O8 N1",12,15,8,1,NA,NA,NA,NA,NA,NA,NA
635,300.109505,300.108956880642,300.108875421736,1848162.8,NA,424079.1,11.25,-1,0.271431181218473,0.98672074638995,0,0.59203244783397,5,1.46153846153846,0.538461538461538,"N1 O7","de-protonated",0,NA,"C13 H19 O7 N1",13,19,7,1,NA,NA,NA,NA,NA,NA,NA
642,301.057078,301.056525901762,301.056505495252,3734220.3,NA,380296.2,25.22,-1,0.0677829901470045,0.999166675294304,0,0.599500005176582,6,1.16666666666667,0.75,"O9","de-protonated",0,NA,"C12 H14 O9",12,14,9,NA,NA,NA,NA,NA,NA,NA,NA
644,301.072333,301.071780837706,301.071761636537,3584722,NA,371661.9,24.11,-1,0.0637760547454422,0.999262250577221,0,0.599557350346333,10,0.875,0.375,"O6","de-protonated",0,NA,"C16 H14 O6",16,14,6,NA,NA,NA,NA,NA,NA,NA,NA
646,301.093468,301.09291574896,301.092891004637,11500250,NA,360356,82.77,-1,0.0821816924079148,0.999172979967305,0.99681307233337,0.998229016913731,5,1.38461538461538,0.615384615384615,"O8","de-protonated",0,NA,"C13 H18 O8",13,18,8,NA,NA,NA,NA,NA,NA,NA,NA
648,301.108661,301.108108685164,301.108147145921,2580704,NA,374798.4,16.67,-1,-0.12773070925011,0.997044017897036,0,0.598226410738221,9,1.05882352941176,0.294117647058824,"O5","de-protonated",0,NA,"C17 H18 O5",17,18,5,NA,NA,NA,NA,NA,NA,NA,NA
650,301.129843,301.129290596221,301.129276514021,14519016,NA,357906,105.14,-1,0.0467646316589215,0.998964532838495,0.992652447873934,0.996439698852671,4,1.57142857142857,0.5,"O7","de-protonated",0,NA,"C14 H22 O7",14,22,7,NA,NA,NA,NA,NA,NA,NA,NA
651,301.166256,301.165703443322,301.165662023405,6545142,NA,369396.6,46.05,-1,0.137532001846884,0.498286885854787,0.859523230357577,0.642781423655903,3,1.73333333333333,0.4,"O6","de-protonated",0,NA,"C15 H26 O6",15,26,6,NA,NA,NA,NA,NA,NA,NA,NA
652,302.088722,302.088165569866,302.08813997683,2250836.3,NA,395305.3,14.23,-1,0.084720429172194,0.998698490477626,0,0.599219094286575,5,1.41666666666667,0.666666666666667,"N1 O8","de-protonated",0,NA,"C12 H17 O8 N1",12,17,8,1,NA,NA,NA,NA,NA,NA,NA
654,302.125083,302.124526417186,302.124525486214,2857570,NA,337005.3,18.72,-1,0.00308141804413169,0.99999827712132,0,0.599998966272792,4,1.61538461538462,0.538461538461538,"N1 O7","de-protonated",0,NA,"C13 H21 O7 N1",13,21,7,1,NA,NA,NA,NA,NA,NA,NA
660,303.051547,303.050986526943,303.051026191631,4037056.5,NA,363483.4,26.85,-1,-0.130884519357705,0.996896472501876,0,0.598137883501126,10,0.8,0.466666666666667,"O7","de-protonated",0,NA,"C15 H12 O7",15,12,7,NA,NA,NA,NA,NA,NA,NA,NA
663,303.072732,303.072171437987,303.07215555973,2939848.5,NA,367872.6,18.9,-1,0.0523910102879138,0.99950208039031,0,0.599701248234186,5,1.33333333333333,0.75,"O9","de-protonated",0,NA,"C12 H16 O9",12,16,9,NA,NA,NA,NA,NA,NA,NA,NA
665,303.087971,303.087410373998,303.087411701015,5361102,NA,353691.9,36.44,-1,-0.00437833228838617,0.999996521672179,0,0.599997913003307,9,1,0.375,"O6","de-protonated",0,NA,"C16 H16 O6",16,16,6,NA,NA,NA,NA,NA,NA,NA,NA
667,303.109071,303.108510285398,303.108541069115,6895062,NA,350500.4,47.55,-1,-0.101560042215239,0.998130208259995,0,0.598878124955997,4,1.53846153846154,0.615384615384615,"O8","de-protonated",0,NA,"C13 H20 O8",13,20,8,NA,NA,NA,NA,NA,NA,NA,NA
669,303.124297,303.123736221464,303.123797210399,5125596,NA,362765.5,34.73,-1,-0.201201409762689,0.992681504527735,0,0.595608902716641,8,1.17647058823529,0.294117647058824,"O5","de-protonated",0,NA,"C17 H20 O5",17,20,5,NA,NA,NA,NA,NA,NA,NA,NA
671,303.145481,303.144920132512,303.144926578499,6691300,NA,360933.3,46.08,-1,-0.0212637132717581,0.99991796215791,0,0.599950777294746,3,1.71428571428571,0.5,"O7","de-protonated",0,NA,"C14 H24 O7",14,24,7,NA,NA,NA,NA,NA,NA,NA,NA
672,303.181908,303.181346979554,303.181312087883,1755121.6,NA,424893.8,10.32,-1,0.115085164366792,0.997599671033902,0,0.598559802620341,2,1.86666666666667,0.4,"O6","de-protonated",0,NA,"C15 H28 O6",15,28,6,NA,NA,NA,NA,NA,NA,NA,NA
673,304.003013,304.002448531716,304.002516825888,1814310.9,NA,371242.1,10.74,-1,-0.224650020091038,0.990884514806944,0,0.594530708884167,10,0.857142857142857,0.0714285714285714,"N1 S2 P1 O1","de-protonated",0,NA,"C14 H12 O1 S2 N1 P1",14,12,1,1,1,2,NA,NA,NA,NA,NA
674,304.068049,304.067484258629,304.067404531923,1435967.4,NA,384125.4,8,-1,0.262200762370654,0.987603024299233,0,0.59256181457954,5,1.36363636363636,0.818181818181818,"N1 O9","de-protonated",0,NA,"C11 H15 O9 N1",11,15,9,1,NA,NA,NA,NA,NA,NA,NA
675,304.104353,304.103788106187,304.103790041308,3160909,NA,378916.4,20.5,-1,-0.00636335469755887,0.999992652755434,0,0.59999559165326,4,1.58333333333333,0.666666666666667,"N1 O8","de-protonated",0,NA,"C12 H19 O8 N1",12,19,8,1,NA,NA,NA,NA,NA,NA,NA
676,304.140735,304.140169953418,304.140175550692,2238810.8,NA,400037.9,13.82,-1,-0.0184035975851974,0.999938546596554,0,0.599963127957932,3,1.76923076923077,0.538461538461538,"N1 O7","de-protonated",0,NA,"C13 H23 O7 N1",13,23,7,1,NA,NA,NA,NA,NA,NA,NA
678,305.030852,305.030283215798,305.030290746725,3035304.5,NA,365514.6,19.59,-1,-0.0246891121722536,0.999889403659437,0,0.599933642195662,10,0.714285714285714,0.571428571428571,"O8","de-protonated",0,NA,"C14 H10 O8",14,10,8,NA,NA,NA,NA,NA,NA,NA,NA
680,305.052629,305.052060124355,305.051909372194,3181232.8,NA,371417.2,20.64,-1,0.494185272835124,0.956654255865597,0,0.573992553519359,9,1.07142857142857,0.142857142857143,"N2 S1 P1 O2","de-protonated",0,NA,"C14 H15 O2 S1 N2 P1",14,15,2,2,1,1,NA,NA,NA,NA,NA
682,305.06722,305.066651063087,305.066676256109,7377078,NA,347687.6,51.04,-1,-0.0825820169484987,0.499381661732768,0.859523230357577,0.643438289182691,9,0.933333333333333,0.466666666666667,"O7","de-protonated",0,NA,"C15 H14 O7",15,14,7,NA,NA,NA,NA,NA,NA,NA,NA
685,305.103593,305.103023910356,305.103061765493,11286724,NA,346935.5,79.37,-1,-0.124073277280871,0.988222890447075,0.993589913403134,0.990369699629499,8,1.125,0.375,"O6","de-protonated",0,NA,"C16 H18 O6",16,18,6,NA,NA,NA,NA,NA,NA,NA,NA
687,305.124784,305.124214821375,305.124191133593,1578955.8,NA,387409.2,9.03,-1,0.0776332491284964,0.998907020772245,0,0.599344212463347,3,1.69230769230769,0.615384615384615,"O8","de-protonated",0,NA,"C13 H22 O8",13,22,8,NA,NA,NA,NA,NA,NA,NA,NA
689,305.139964,305.139394757634,305.139447274877,5699793.5,NA,347764.4,38.89,-1,-0.172108994991624,0.994639634926103,0,0.596783780955662,7,1.29411764705882,0.294117647058824,"O5","de-protonated",0,NA,"C17 H22 O5",17,22,5,NA,NA,NA,NA,NA,NA,NA,NA
693,306.083604,306.083030795269,306.083054596401,2210354,NA,359059.2,13.61,-1,-0.0777603737597121,0.998903440294212,0,0.599342064176527,4,1.54545454545455,0.818181818181818,"N1 O9","de-protonated",0,NA,"C11 H17 O9 N1",11,17,9,1,NA,NA,NA,NA,NA,NA,NA
694,306.098752,306.098178731662,306.098310737686,1648439.6,NA,365482.1,9.54,-1,-0.431253684703063,0.966817258061743,0,0.580090354837046,8,1.13333333333333,0.4,"N1 O6","de-protonated",0,NA,"C15 H17 O6 N1",15,17,6,1,NA,NA,NA,NA,NA,NA,NA
696,306.120025,306.119451642336,306.119440105786,3323967.5,NA,353368.2,21.67,-1,0.0376864350692427,0.999742327551444,0,0.599845396530866,3,1.75,0.666666666666667,"N1 O8","de-protonated",0,NA,"C12 H21 O8 N1",12,21,8,1,NA,NA,NA,NA,NA,NA,NA
701,307.046494,307.045916752072,307.045940811203,5398424.5,NA,347681.1,36.7,-1,-0.0783567772718892,0.998886564490001,0,0.599331938694001,9,0.857142857142857,0.571428571428571,"O8","de-protonated",0,NA,"C14 H12 O8",14,12,8,NA,NA,NA,NA,NA,NA,NA,NA
704,307.08288,307.082302599287,307.082326320587,19428262,NA,340244.9,138.35,-1,-0.0772473643657011,0.999006152903998,0.982718323083216,0.992491020975685,8,1.06666666666667,0.466666666666667,"O7","de-protonated",0,NA,"C15 H16 O7",15,16,7,NA,NA,NA,NA,NA,NA,NA,NA
707,307.119244,307.118666446593,307.118711829971,15569843,NA,342897.9,110.39,-1,-0.147771451665085,0.996955912141559,0.992402064843836,0.99513437322247,7,1.25,0.375,"O6","de-protonated",0,NA,"C16 H20 O6",16,20,6,NA,NA,NA,NA,NA,NA,NA,NA
710,307.155684,307.155106293581,307.155097339355,4275137,NA,335965,28.56,-1,0.0291521305829021,0.999845808318299,0,0.599907484990979,6,1.41176470588235,0.294117647058824,"O5","de-protonated",0,NA,"C17 H24 O5",17,24,5,NA,NA,NA,NA,NA,NA,NA,NA
711,307.159006,307.158428279632,307.158468642725,1504962,NA,388450.2,8.49,-1,-0.131408044503834,0.996871634194223,0,0.598122980516534,1,2,0.357142857142857,"S1 O5","de-protonated",0,NA,"C14 H28 O5 S1",14,28,5,NA,NA,1,NA,NA,NA,NA,NA
712,307.168639,307.168061239183,307.167984498977,3059653.8,NA,378646.9,19.76,-1,0.249831391999768,0.988738638039968,0,0.593243182823981,1,2.07142857142857,0.357142857142857,"P1 O5","de-protonated",0,NA,"C14 H29 O5 P1",14,29,5,NA,1,NA,NA,NA,NA,NA,NA
713,307.195431,307.194853126682,307.19485415211,2407375.5,NA,393843.7,15.03,-1,-0.0033380356222457,0.999997978213356,0,0.599998786928014,0,2.13333333333333,0.266666666666667,"S1 O4","de-protonated",0,NA,"C15 H32 O4 S1",15,32,4,NA,NA,1,NA,NA,NA,NA,NA
714,307.205031,307.204453086372,307.204370008362,2695123.3,NA,386133.4,17.12,-1,0.270432383653166,0.986817649303994,0,0.592090589582396,0,2.2,0.266666666666667,"P1 O4","de-protonated",0,NA,"C15 H33 O4 P1",15,33,4,NA,1,NA,NA,NA,NA,NA,NA
717,308.09931,308.098728331275,308.098704660879,2320158.5,NA,382873.5,14.4,-1,0.0768273118091424,0.998929584075105,0,0.599357750445063,3,1.72727272727273,0.818181818181818,"N1 O9","de-protonated",0,NA,"C11 H19 O9 N1",11,19,9,1,NA,NA,NA,NA,NA,NA,NA
718,308.11452,308.113938267407,308.113960802164,1601828.1,NA,341793.9,9.19,-1,-0.0731377336364231,0.999029878609022,0,0.599417927165413,7,1.26666666666667,0.4,"N1 O6","de-protonated",0,NA,"C15 H19 O6 N1",15,19,6,1,NA,NA,NA,NA,NA,NA,NA
720,308.127497,308.126915212917,308.126847961786,3383081,NA,330289.5,22.1,-1,0.218257937985895,0.991393663052386,0,0.594836197831431,2,2,0.5,"N1 P1 O6","de-protonated",0,NA,"C12 H24 O6 N1 P1",12,24,6,1,1,NA,NA,NA,NA,NA,NA
721,308.135682,308.135100178548,308.135090170264,1509164,NA,421025.5,8.52,-1,0.0324801827823956,0.999808596801281,0,0.599885158080769,2,1.91666666666667,0.666666666666667,"N1 O8","de-protonated",0,NA,"C12 H23 O8 N1",12,23,8,1,NA,NA,NA,NA,NA,NA,NA
722,308.200307,308.199724907186,308.199618980555,12188996,NA,331341.8,85.9,-1,0.343694880056565,0.489397116925391,0.867648864333947,0.640697815888813,0,2.28571428571429,0.285714285714286,"N1 P1 O4","de-protonated",0,NA,"C14 H32 O4 N1 P1",14,32,4,1,1,NA,NA,NA,NA,NA,NA
725,309.025731,309.025145441212,309.025205366296,2823796.5,NA,346019.1,18.04,-1,-0.193916493047153,0.993200099706184,0,0.595920059823711,9,0.769230769230769,0.692307692307692,"O9","de-protonated",0,NA,"C13 H10 O9",13,10,9,NA,NA,NA,NA,NA,NA,NA,NA
726,309.062125,309.061539288393,309.061590875681,11511426,NA,332533.3,80.98,-1,-0.166915880600469,0.994566294934778,0.998650058465353,0.996199800347008,8,1,0.571428571428571,"O8","de-protonated",0,NA,"C14 H14 O8",14,14,8,NA,NA,NA,NA,NA,NA,NA,NA
727,309.075176,309.074590233592,309.074478035303,2864774.8,NA,354209,18.34,-1,0.363013761793053,0.976372481156589,0,0.585823488693953,3,1.72727272727273,0.727272727272727,"P1 O8","de-protonated",0,NA,"C11 H19 O8 P1",11,19,8,NA,1,NA,NA,NA,NA,NA,NA
729,309.098513,309.097927135599,309.097976385065,42579600,NA,333319,306.07,-1,-0.159332864084505,0.997691820574506,0.987436789107575,0.993589807987734,7,1.2,0.466666666666667,"O7","de-protonated",0,NA,"C15 H18 O7",15,18,7,NA,NA,NA,NA,NA,NA,NA,NA
730,309.111596,309.111010080663,309.110863544687,10661524,NA,328724.8,74.83,-1,0.47405637789992,0.958006233846934,0.982786600049907,0.967918380328123,2,1.91666666666667,0.583333333333333,"P1 O7","de-protonated",0,NA,"C12 H23 O7 P1",12,23,7,NA,1,NA,NA,NA,NA,NA,NA
732,309.134876,309.13428998291,309.134361894449,14010013,NA,338300.1,99.09,-1,-0.232622277056489,0.986504206981694,0.973583741228021,0.981336020680225,6,1.375,0.375,"O6","de-protonated",0,NA,"C16 H22 O6",16,22,6,NA,NA,NA,NA,NA,NA,NA,NA
733,309.147985,309.147398927865,309.147249054071,4506273.5,NA,359013.5,30.23,-1,0.484797436415664,0.958250912530437,0,0.574950547518262,1,2.07692307692308,0.461538461538462,"P1 O6","de-protonated",0,NA,"C13 H27 O6 P1",13,27,6,NA,1,NA,NA,NA,NA,NA,NA
734,309.171301,309.170714829961,309.170747403833,17274538,NA,340655.3,122.74,-1,-0.10535884491925,0.997864841089865,0.999358394224295,0.998462262343637,5,1.52941176470588,0.294117647058824,"O5","de-protonated",0,NA,"C17 H26 O5",17,26,5,NA,NA,NA,NA,NA,NA,NA,NA
735,309.174632,309.174045815974,309.174118707203,9561771,NA,334272,66.86,-1,-0.235761098573355,0.992729164759217,0.991197255860068,0.992116401199557,0,2.14285714285714,0.357142857142857,"S1 O5","de-protonated",0,NA,"C14 H30 O5 S1",14,30,5,NA,NA,1,NA,NA,NA,NA,NA
736,309.184373,309.183786775071,309.183634563455,1612463,NA,354683.2,9.27,-1,0.492301656451617,0.956976856967451,0,0.57418611418047,0,2.21428571428571,0.357142857142857,"P1 O5","de-protonated",0,NA,"C14 H31 O5 P1",14,31,5,NA,1,NA,NA,NA,NA,NA,NA
737,309.203725,309.203138693811,309.203110161225,2206902.3,NA,371065.4,13.57,-1,0.0922778113573313,0.998456122157391,0,0.599073673294435,0,2.30769230769231,0.461538461538462,"N2 O6","de-protonated",0,NA,"C13 H30 O6 N2",13,30,6,2,NA,NA,NA,NA,NA,NA,NA
739,310.093741,310.093150956615,310.093225357258,1307133.4,NA,431131.7,7.05,-1,-0.239929921626651,0.989609021415858,0,0.593765412849515,7,1.21428571428571,0.5,"N1 O7","de-protonated",0,NA,"C14 H17 O7 N1",14,17,7,1,NA,NA,NA,NA,NA,NA,NA
749,311.041401,311.040806977369,311.040855430774,4396376.5,NA,319581.8,29.43,-1,-0.155778265588112,0.99560648850945,0,0.59736389310567,8,0.923076923076923,0.692307692307692,"O9","de-protonated",0,NA,"C13 H12 O9",13,12,9,NA,NA,NA,NA,NA,NA,NA,NA
750,311.069697,311.069102858554,311.068998731681,2760035,NA,349775.6,17.58,-1,0.334738829727228,0.979873947523966,0,0.587924368514379,7,1.21428571428571,0.428571428571429,"P1 O6","de-protonated",0,NA,"C14 H17 O6 P1",14,17,6,NA,1,NA,NA,NA,NA,NA,NA
751,311.077758,311.077163824705,311.077240940159,26245478,NA,329553.8,187.73,-1,-0.247898087550013,0.990752995034403,0.99521711476964,0.992538642928498,7,1.14285714285714,0.571428571428571,"O8","de-protonated",0,NA,"C14 H16 O8",14,16,8,NA,NA,NA,NA,NA,NA,NA,NA
753,311.093035,311.092440760557,311.092497081443,2030443.6,NA,374917,12.29,-1,-0.181042252707078,0.99407043360246,0,0.596442260161476,11,0.888888888888889,0.277777777777778,"O5","de-protonated",0,NA,"C18 H16 O5",18,16,5,NA,NA,NA,NA,NA,NA,NA,NA
754,311.105924,311.105329706436,311.105384241065,2179952.3,NA,290336.7,13.37,-1,-0.175293107656016,0.994440018224667,0,0.5966640109348,6,1.4,0.333333333333333,"P1 O5","de-protonated",0,NA,"C15 H21 O5 P1",15,21,5,NA,1,NA,NA,NA,NA,NA,NA
756,311.11413,311.113535671979,311.113626449543,46610804,NA,326233.3,335.27,-1,-0.291782669071541,0.980824049780905,0.991365492614017,0.985040626914149,6,1.33333333333333,0.466666666666667,"O7","de-protonated",0,NA,"C15 H20 O7",15,20,7,NA,NA,NA,NA,NA,NA,NA,NA
757,311.127215,311.126620617034,311.126513609165,4780408,NA,353939.7,32.21,-1,0.343936838713414,0.978764685330222,0,0.587258811198133,1,2.08333333333333,0.583333333333333,"P1 O7","de-protonated",0,NA,"C12 H25 O7 P1",12,25,7,NA,1,NA,NA,NA,NA,NA,NA
758,311.142488,311.141893552903,311.14176975045,7135613.5,NA,343410.1,49.28,-1,0.397897245050749,0.985315527786159,0.973540441050088,0.980605493091731,5,1.5625,0.25,"P1 O4","de-protonated",0,NA,"C16 H25 O4 P1",16,25,4,NA,1,NA,NA,NA,NA,NA,NA
760,311.150525,311.149930519155,311.150011958927,17090944,NA,326707.5,121.4,-1,-0.261737968144327,0.988820143199716,0.997978295140976,0.99248340397622,5,1.5,0.375,"O6","de-protonated",0,NA,"C16 H24 O6",16,24,6,NA,NA,NA,NA,NA,NA,NA,NA
762,311.169186,311.168591440797,311.168639403582,79534472,NA,330107.1,573.8,-1,-0.154137591977877,0.747689699826057,0.96407654152392,0.834244436505202,4,1.64705882352941,0.176470588235294,"S1 O3","de-protonated",0,NA,"C17 H28 O3 S1",17,28,3,NA,NA,1,NA,NA,NA,NA,NA
763,311.186924,311.186329366315,311.186397468311,8036750,NA,332257.1,55.8,-1,-0.218846315359346,0.495673700183983,0.843720152817574,0.63489228123742,4,1.64705882352941,0.294117647058824,"O5","de-protonated",0,NA,"C17 H28 O5",17,28,5,NA,NA,NA,NA,NA,NA,NA,NA
766,312.109445,312.108846492629,312.108875421736,1583326.6,NA,374444.6,8.84,-1,-0.0926891519369272,0.998442338148742,0,0.599065402889245,6,1.35714285714286,0.5,"N1 O7","de-protonated",0,NA,"C14 H19 O7 N1",14,19,7,1,NA,NA,NA,NA,NA,NA,NA
774,313.057062,313.056459513564,313.056505495252,9323575,NA,330152.7,63.61,-1,-0.1468798357817,0.498046567360844,0.875929598413485,0.649199779781901,7,1.07692307692308,0.692307692307692,"O9","de-protonated",0,NA,"C13 H14 O9",13,14,9,NA,NA,NA,NA,NA,NA,NA,NA
775,313.07241,313.071807449118,313.071761636537,1698364.9,NA,316233.6,9.65,-1,0.146332521745275,0.996122140128049,0,0.597673284076829,11,0.823529411764706,0.352941176470588,"O6","de-protonated",0,NA,"C17 H14 O6",17,14,6,NA,NA,NA,NA,NA,NA,NA,NA
776,313.085325,313.084722394887,313.084648796159,11564098,NA,325861.2,79.47,-1,0.235076131525769,0.980271382756373,0.954114123108201,0.969808478897104,6,1.35714285714286,0.428571428571429,"P1 O6","de-protonated",0,NA,"C14 H19 O6 P1",14,19,6,NA,1,NA,NA,NA,NA,NA,NA
777,313.093406,313.092803360955,313.092891004637,31792196,NA,323420.7,222.63,-1,-0.279928686384414,0.991566318773339,0.993800784831114,0.992460105196449,6,1.28571428571429,0.571428571428571,"O8","de-protonated",0,NA,"C14 H18 O8",14,18,8,NA,NA,NA,NA,NA,NA,NA,NA
779,313.108729,313.108126296613,313.108147145921,1446474.1,NA,385448.8,7.87,-1,-0.0665882007457004,0.999195782172089,0,0.599517469303253,10,1,0.277777777777778,"O5","de-protonated",0,NA,"C18 H18 O5",18,18,5,NA,NA,NA,NA,NA,NA,NA,NA
780,313.121679,313.121076242236,313.121034305543,2398798.8,NA,333711.5,14.61,-1,0.133931253011762,0.996750540534979,0,0.598050324320987,5,1.53333333333333,0.333333333333333,"P1 O5","de-protonated",0,NA,"C15 H23 O5 P1",15,23,5,NA,1,NA,NA,NA,NA,NA,NA
782,313.129793,313.129190208165,313.129276514021,25291858,NA,326730.9,176.62,-1,-0.275623719261615,0.992610077985704,0.995337620670777,0.993701095059733,5,1.46666666666667,0.466666666666667,"O7","de-protonated",0,NA,"C15 H22 O7",15,22,7,NA,NA,NA,NA,NA,NA,NA,NA
784,313.14287,313.142267153255,313.142163673643,2345558.5,NA,397499.5,14.23,-1,0.330455696029002,0.980380642502112,0,0.588228385501267,0,2.25,0.583333333333333,"P1 O7","de-protonated",0,NA,"C12 H27 O7 P1",12,27,7,NA,1,NA,NA,NA,NA,NA,NA
785,313.158101,313.157498089299,313.157419814928,1709660,NA,369695.4,9.73,-1,0.249952153252865,0.988727810182746,0,0.593236686109648,4,1.6875,0.25,"P1 O4","de-protonated",0,NA,"C16 H27 O4 P1",16,27,4,NA,1,NA,NA,NA,NA,NA,NA
786,313.166149,313.165546055505,313.165662023405,7371871,NA,306386.5,49.8,-1,-0.370308478163355,0.985934940954479,0.975383152060935,0.981714225397062,4,1.625,0.375,"O6","de-protonated",0,NA,"C16 H26 O6",16,26,6,NA,NA,NA,NA,NA,NA,NA,NA
791,314.125117,314.124510028778,314.124525486214,1557946.5,NA,286829.3,8.65,-1,-0.0492079893062113,0.999560731901406,0,0.599736439140844,5,1.5,0.5,"N1 O7","de-protonated",0,NA,"C14 H21 O7 N1",14,21,7,1,NA,NA,NA,NA,NA,NA,NA
793,314.161545,314.160937875816,314.160910995598,2251207.8,NA,344162,13.56,-1,0.0855619413250989,0.998672524023066,0,0.59920351441384,4,1.66666666666667,0.4,"N1 O6","de-protonated",0,NA,"C15 H25 O6 N1",15,25,6,1,NA,NA,NA,NA,NA,NA,NA
796,315.036419,315.0358082022,315.035770050346,1818371.8,NA,415011.1,10.49,-1,0.121103246031283,0.997342411912552,0,0.598405447147531,7,1,0.833333333333333,"O10","de-protonated",0,NA,"C12 H12 O10",12,12,10,NA,NA,NA,NA,NA,NA,NA,NA
797,315.051503,315.050892138862,315.051026191631,1669897.3,NA,410450.5,9.44,-1,-0.425495419651751,0.967683098625616,0,0.58060985917537,11,0.75,0.4375,"O7","de-protonated",0,NA,"C16 H12 O7",16,12,7,NA,NA,NA,NA,NA,NA,NA,NA
798,315.064637,315.064026083712,315.063913351253,10172174,NA,327392.6,69.61,-1,0.357808224551028,0.972549091896509,0.953308936979032,0.964853029929518,6,1.30769230769231,0.538461538461538,"P1 O7","de-protonated",0,NA,"C13 H17 O7 P1",13,17,7,NA,1,NA,NA,NA,NA,NA,NA
799,315.07272,315.072109049772,315.07215555973,9168657,NA,320833.9,62.51,-1,-0.147616848399643,0.498026953162618,0.875929598413485,0.649188011262965,6,1.23076923076923,0.692307692307692,"O9","de-protonated",0,NA,"C13 H16 O9",13,16,9,NA,NA,NA,NA,NA,NA,NA,NA
801,315.087982,315.087370985686,315.087411701015,3646230.3,NA,337082.8,23.43,-1,-0.129219154777921,0.996974829315181,0,0.598184897589109,10,0.941176470588235,0.352941176470588,"O6","de-protonated",0,NA,"C17 H16 O6",17,16,6,NA,NA,NA,NA,NA,NA,NA,NA
802,315.091271,315.090659971876,315.090783004385,1460247.5,NA,399453.5,7.96,-1,-0.390466862929016,0.972714696899128,0,0.583628818139477,5,1.42857142857143,0.428571428571429,"S1 O6","de-protonated",0,NA,"C14 H20 O6 S1",14,20,6,NA,NA,1,NA,NA,NA,NA,NA
803,315.100991,315.100379931061,315.100298860637,29146908,NA,322483.4,203.9,-1,0.25728450354669,0.990088290215813,0.967386639541323,0.981007629946017,5,1.5,0.428571428571429,"P1 O6","de-protonated",0,NA,"C14 H21 O6 P1",14,21,6,NA,1,NA,NA,NA,NA,NA,NA
804,315.109085,315.108473897074,315.108541069115,18853662,NA,324321,131.06,-1,-0.213171119351949,0.995558969048207,0.979881178025007,0.989287852638927,5,1.42857142857143,0.571428571428571,"O8","de-protonated",0,NA,"C14 H20 O8",14,20,8,NA,NA,NA,NA,NA,NA,NA,NA
805,315.122046,315.121434842651,315.121428228737,1527330.6,NA,283624.8,8.43,-1,0.0209884618715883,0.999920072229861,0,0.599952043337917,0,2.27272727272727,0.727272727272727,"P1 O8","de-protonated",0,NA,"C11 H25 O8 P1",11,25,8,NA,1,NA,NA,NA,NA,NA,NA
806,315.124377,315.123765832863,315.123797210399,2525475.5,NA,345391.2,15.5,-1,-0.0995720952237181,0.998202625680422,0,0.598921575408253,9,1.11111111111111,0.277777777777778,"O5","de-protonated",0,NA,"C18 H20 O5",18,20,5,NA,NA,NA,NA,NA,NA,NA,NA
807,315.137343,315.136731778418,315.136684370021,4959016,NA,333982.6,32.72,-1,0.150437569216023,0.995901970841548,0,0.597541182504929,4,1.66666666666667,0.333333333333333,"P1 O5","de-protonated",0,NA,"C15 H25 O5 P1",15,25,5,NA,1,NA,NA,NA,NA,NA,NA
808,315.145424,315.144812744486,315.144926578499,13332267,NA,325430.7,91.98,-1,-0.361211631061146,0.96645332364735,0.990613609791835,0.976117438105144,4,1.6,0.466666666666667,"O7","de-protonated",0,NA,"C15 H24 O7",15,24,7,NA,NA,NA,NA,NA,NA,NA,NA
809,315.181823,315.181211591646,315.181312087883,5709624,NA,342920,38.03,-1,-0.31885214490773,0.981721822338812,0,0.589033093403287,3,1.75,0.375,"O6","de-protonated",0,NA,"C16 H28 O6",16,28,6,NA,NA,NA,NA,NA,NA,NA,NA
813,316.140734,316.140118565157,316.140175550692,3661969.5,NA,354935.6,23.54,-1,-0.180254010828614,0.994121803083834,0,0.5964730818503,4,1.64285714285714,0.5,"N1 O7","de-protonated",0,NA,"C14 H23 O7 N1",14,23,7,1,NA,NA,NA,NA,NA,NA,NA
817,317.030834,317.030214827608,317.030290746725,2648016.8,NA,344917,16.36,-1,-0.239469599989009,0.989648647864743,0,0.593789188718846,11,0.666666666666667,0.533333333333333,"O8","de-protonated",0,NA,"C15 H10 O8",15,10,8,NA,NA,NA,NA,NA,NA,NA,NA
818,317.043953,317.043333772521,317.043177906347,3451861.5,NA,323999.1,22.05,-1,0.491624437847057,0.957092567495878,0,0.574255540497527,6,1.25,0.666666666666667,"P1 O8","de-protonated",0,NA,"C12 H15 O8 P1",12,15,8,NA,1,NA,NA,NA,NA,NA,NA
819,317.051976,317.051356738832,317.051420114824,1623768.4,NA,339106.4,9.11,-1,-0.199891840992632,0.992776119119154,0,0.595665671471492,6,1.16666666666667,0.833333333333333,"O10","de-protonated",0,NA,"C12 H14 O10",12,14,10,NA,NA,NA,NA,NA,NA,NA,NA
821,317.067233,317.066613674767,317.066676256109,5892574,NA,345892.4,39.32,-1,-0.197375965857239,0.992956179011813,0,0.595773707407088,10,0.875,0.4375,"O7","de-protonated",0,NA,"C16 H14 O7",16,14,7,NA,NA,NA,NA,NA,NA,NA,NA
822,317.080336,317.079716619748,317.079563415731,21885410,NA,324865,152.51,-1,0.483172157410157,0.96830488066327,0.96972479029118,0.968872844514434,5,1.46153846153846,0.538461538461538,"P1 O7","de-protonated",0,NA,"C13 H19 O7 P1",13,19,7,NA,1,NA,NA,NA,NA,NA,NA
823,317.088393,317.087773585916,317.087805624208,3982821.5,NA,367764.7,25.81,-1,-0.101039181059129,0.998149320206994,0,0.598889592124196,5,1.38461538461538,0.692307692307692,"O9","de-protonated",0,NA,"C13 H18 O9",13,18,9,NA,NA,NA,NA,NA,NA,NA,NA
825,317.10357,317.102950522188,317.103061765493,8061419,NA,320769.2,54.67,-1,-0.350811200055304,0.968064236338369,0.999129513978574,0.980490347394451,9,1.05882352941176,0.352941176470588,"O6","de-protonated",0,NA,"C17 H18 O6",17,18,6,NA,NA,NA,NA,NA,NA,NA,NA
826,317.116687,317.116067467109,317.115948925115,25211376,NA,320988.8,176.04,-1,0.373812778128411,0.984318808508319,0.925554249943127,0.960812985082242,4,1.64285714285714,0.428571428571429,"P1 O6","de-protonated",0,NA,"C14 H23 O6 P1",14,23,6,NA,1,NA,NA,NA,NA,NA,NA
827,317.12479,317.124170433084,317.124191133593,9279986,NA,326014,63.3,-1,-0.0652757148960086,0.997939462596622,0.999694269576479,0.998641385388565,4,1.57142857142857,0.571428571428571,"O8","de-protonated",0,NA,"C14 H22 O8",14,22,8,NA,NA,NA,NA,NA,NA,NA,NA
829,317.139969,317.139349369347,317.139447274877,6483448,NA,312983.5,43.5,-1,-0.308714450139956,0.491427883681201,0.836034543948893,0.629270547788278,8,1.22222222222222,0.277777777777778,"O5","de-protonated",0,NA,"C18 H22 O5",18,22,5,NA,NA,NA,NA,NA,NA,NA,NA
830,317.153092,317.152472314244,317.152334434499,3358204.5,NA,294241.5,21.39,-1,0.434742958473744,0.966287313519297,0,0.579772388111578,3,1.8,0.333333333333333,"P1 O5","de-protonated",0,NA,"C15 H27 O5 P1",15,27,5,NA,1,NA,NA,NA,NA,NA,NA
831,317.16114,317.16052028045,317.160576642977,6484479.5,NA,350095.4,43.51,-1,-0.177709750692441,0.994286100180391,0,0.596571660108235,3,1.73333333333333,0.466666666666667,"O7","de-protonated",0,NA,"C15 H26 O7",15,26,7,NA,NA,NA,NA,NA,NA,NA,NA
832,317.197467,317.196847127912,317.196962152361,2368012.5,NA,369376.9,14.38,-1,-0.362627839877366,0.976422094901321,0,0.585853256940793,2,1.875,0.375,"O6","de-protonated",0,NA,"C16 H30 O6",16,30,6,NA,NA,NA,NA,NA,NA,NA,NA
833,317.225832,317.225212008807,317.225105453268,11055639,NA,318248.3,75.86,-1,0.33589882017094,0.489867821604346,0.843720152817574,0.631408754089638,1,2.05882352941176,0.176470588235294,"P1 O3","de-protonated",0,NA,"C17 H35 O3 P1",17,35,3,NA,1,NA,NA,NA,NA,NA,NA
840,318.229314,318.228689795164,318.228596633938,2487165.5,NA,378638,15.22,-1,0.292749382301231,0.984569733764726,0,0.590741840258836,1,2.0625,0.3125,"N1 O5","de-protonated",0,NA,"C16 H33 O5 N1",16,33,5,1,NA,NA,NA,NA,NA,NA,NA
843,319.046517,319.04588936371,319.045940811203,6034593,NA,309906.9,40.32,-1,-0.161254182640443,0.995292919075668,0,0.597175751445401,10,0.8,0.533333333333333,"O8","de-protonated",0,NA,"C15 H12 O8",15,12,8,NA,NA,NA,NA,NA,NA,NA,NA
845,319.059503,319.058875309182,319.058827970825,8920229,NA,319320.5,60.74,-1,0.148368742329599,0.498006842561374,0.884369916155675,0.652552071999095,5,1.41666666666667,0.666666666666667,"P1 O8","de-protonated",0,NA,"C12 H17 O8 P1",12,17,8,NA,1,NA,NA,NA,NA,NA,NA
846,319.067624,319.066996275081,319.067070179302,2040232.4,NA,276638.6,12.05,-1,-0.231625973007909,0.990312400743595,0,0.594187440446157,5,1.33333333333333,0.833333333333333,"O10","de-protonated",0,NA,"C12 H16 O10",12,16,10,NA,NA,NA,NA,NA,NA,NA,NA
848,319.082911,319.082283210891,319.082326320587,12817582,NA,322730,88.33,-1,-0.13510524515838,0.986938987702844,0.988773325302215,0.987672722742592,9,1,0.4375,"O7","de-protonated",0,NA,"C16 H16 O7",16,16,7,NA,NA,NA,NA,NA,NA,NA,NA
849,319.095927,319.095299156236,319.095213480209,23504050,NA,316572.1,163.96,-1,0.268496749483336,0.992182792557338,0.958588753903408,0.978745177095766,4,1.61538461538462,0.538461538461538,"P1 O7","de-protonated",0,NA,"C13 H21 O7 P1",13,21,7,NA,1,NA,NA,NA,NA,NA,NA
850,319.103951,319.103323122543,319.103455688686,2261173.3,NA,340321.1,13.62,-1,-0.41543311573384,0.969169982139593,0,0.581501989283756,4,1.53846153846154,0.692307692307692,"O9","de-protonated",0,NA,"C13 H20 O9",13,20,9,NA,NA,NA,NA,NA,NA,NA,NA
852,319.119299,319.118671058097,319.118711829971,13556923,NA,319064.6,93.56,-1,-0.127763972239826,0.998491251453175,0.986806204597924,0.993817232711075,8,1.17647058823529,0.352941176470588,"O6","de-protonated",0,NA,"C17 H20 O6",17,20,6,NA,NA,NA,NA,NA,NA,NA,NA
853,319.132348,319.131720003304,319.131598989593,20309184,NA,322010.1,141.35,-1,0.37919689260273,0.977464644042646,0.883161089196037,0.939743222104003,3,1.78571428571429,0.428571428571429,"P1 O6","de-protonated",0,NA,"C14 H25 O6 P1",14,25,6,NA,1,NA,NA,NA,NA,NA,NA
854,319.140365,319.13973696964,319.139841198071,2824898.3,NA,335415.7,17.61,-1,-0.32659172202153,0.980832373092305,0,0.588499423855383,3,1.71428571428571,0.571428571428571,"O8","de-protonated",0,NA,"C14 H24 O8",14,24,8,NA,NA,NA,NA,NA,NA,NA,NA
855,319.155606,319.154977905643,319.155097339355,4949191.5,NA,317729.8,32.64,-1,-0.374218408165853,0.974910147883024,0,0.584946088729814,7,1.33333333333333,0.277777777777778,"O5","de-protonated",0,NA,"C18 H24 O5",18,24,5,NA,NA,NA,NA,NA,NA,NA,NA
856,319.168691,319.168062850699,319.167984498977,2915532.3,NA,304393.9,18.25,-1,0.245487408569887,0.98912473207059,0,0.593474839242354,2,1.93333333333333,0.333333333333333,"P1 O5","de-protonated",0,NA,"C15 H29 O5 P1",15,29,5,NA,1,NA,NA,NA,NA,NA,NA
859,319.241444,319.240815545207,319.240755517746,81569000,NA,318121.3,574.89,-1,0.188031948326503,0.656152797350849,0.986560829403747,0.788316010172008,0,2.17647058823529,0.176470588235294,"P1 O3","de-protonated",0,NA,"C17 H37 O3 P1",17,37,3,NA,1,NA,NA,NA,NA,NA,NA
862,320.078136,320.077504031919,320.07757529278,2049551.6,NA,362855.8,12.12,-1,-0.22263621775084,0.991046477406128,0,0.594627886443677,9,1,0.466666666666667,"N1 O7","de-protonated",0,NA,"C15 H15 O7 N1",15,15,7,1,NA,NA,NA,NA,NA,NA,NA
870,321.025799,321.025163052661,321.025205366296,2918751.5,NA,340574.5,18.27,-1,-0.131807827989269,0.996852600379167,0,0.5981115602275,10,0.714285714285714,0.642857142857143,"O9","de-protonated",0,NA,"C14 H10 O9",14,10,9,NA,NA,NA,NA,NA,NA,NA,NA
872,321.062146,321.061509900039,321.061590875681,10227564,NA,316657.8,69.99,-1,-0.252212172050676,0.979021933022256,0.993972557813468,0.985002182938741,9,0.933333333333333,0.533333333333333,"O8","de-protonated",0,NA,"C15 H14 O8",15,14,8,NA,NA,NA,NA,NA,NA,NA,NA
873,321.07524,321.074603845057,321.074478035303,7722865,NA,325768.7,52.27,-1,0.391839785999939,0.97252514845998,0,0.583515089075988,4,1.58333333333333,0.666666666666667,"P1 O8","de-protonated",0,NA,"C12 H19 O8 P1",12,19,8,NA,1,NA,NA,NA,NA,NA,NA
875,321.098493,321.097856747418,321.097976385065,25753466,NA,311589.2,179.87,-1,-0.37258922865646,0.973507172707154,0.998839437626279,0.983640078674804,8,1.125,0.4375,"O7","de-protonated",0,NA,"C16 H18 O7",16,18,7,NA,NA,NA,NA,NA,NA,NA,NA
876,321.103348,321.102711727031,321.10268509892,4284283,NA,359024.3,27.93,-1,0.0829270895732586,0.998752973317408,0,0.599251783990445,8,1.28571428571429,0.214285714285714,"N4 S1 O3","de-protonated",0,NA,"C14 H18 O3 S1 N4",14,18,3,4,NA,1,NA,NA,NA,NA,NA
877,321.11163,321.110993692255,321.110863544687,18929534,NA,322954.2,131.58,-1,0.405304157727591,0.982948706256135,0.968479095195449,0.977160861831861,3,1.76923076923077,0.538461538461538,"P1 O7","de-protonated",0,NA,"C13 H23 O7 P1",13,23,7,NA,1,NA,NA,NA,NA,NA,NA
879,321.134886,321.134249594603,321.134361894449,15779718,NA,314107.9,109.29,-1,-0.349697385188018,0.976110611693165,0.983078559113857,0.978897790661442,7,1.29411764705882,0.352941176470588,"O6","de-protonated",0,NA,"C17 H22 O6",17,22,6,NA,NA,NA,NA,NA,NA,NA,NA
880,321.147967,321.147330539675,321.147249054071,8898443,NA,318778,60.59,-1,0.253732841277779,0.994182024907746,0.957102717109651,0.979350301788508,2,1.92857142857143,0.428571428571429,"P1 O6","de-protonated",0,NA,"C14 H27 O6 P1",14,27,6,NA,1,NA,NA,NA,NA,NA,NA
881,321.171368,321.170731441414,321.170747403833,2844563,NA,340649.5,17.74,-1,-0.049700727181418,0.999551892728956,0,0.599731135637373,6,1.44444444444444,0.277777777777778,"O5","de-protonated",0,NA,"C18 H26 O5",18,26,5,NA,NA,NA,NA,NA,NA,NA,NA
882,321.184352,321.183715386894,321.183634563455,2077591.8,NA,343668.7,12.31,-1,0.251642454565928,0.988575715454776,0,0.593145429272865,1,2.06666666666667,0.333333333333333,"P1 O5","de-protonated",0,NA,"C15 H31 O5 P1",15,31,5,NA,1,NA,NA,NA,NA,NA,NA
883,321.211114,321.210477274519,321.210504216588,2469281,NA,340398.8,15.08,-1,-0.0838766727916122,0.998724269177004,0,0.599234561506202,0,2.125,0.25,"S1 O4","de-protonated",0,NA,"C16 H34 O4 S1",16,34,4,NA,NA,1,NA,NA,NA,NA,NA
886,322.07869,322.078049631549,322.077969215973,1577939.8,NA,272581.5,8.56,-1,0.249677355649632,0.988752442031478,0,0.593251465218887,4,1.54545454545455,0.909090909090909,"N1 O10","de-protonated",0,NA,"C11 H17 O10 N1",11,17,10,1,NA,NA,NA,NA,NA,NA,NA
889,322.106769,322.106128513644,322.10611251688,6918365.5,NA,312059.6,45.45,-1,0.0496630265945792,0.999552572144411,0,0.599731543286647,3,1.83333333333333,0.583333333333333,"N1 P1 O7","de-protonated",0,NA,"C12 H22 O7 N1 P1",12,22,7,1,1,NA,NA,NA,NA,NA,NA
893,322.216036,322.21539505483,322.215269045033,3719428.3,NA,349899.1,23.35,-1,0.391073325925244,0.972631044913586,0,0.583578626948152,0,2.26666666666667,0.266666666666667,"N1 P1 O4","de-protonated",0,NA,"C15 H34 O4 N1 P1",15,34,4,1,1,NA,NA,NA,NA,NA,NA
897,323.041402,323.0407575891,323.040855430774,5406247,NA,307913.9,35,-1,-0.302877091197026,0.983492654034545,0,0.590095592420727,9,0.857142857142857,0.642857142857143,"O9","de-protonated",0,NA,"C14 H12 O9",14,12,9,NA,NA,NA,NA,NA,NA,NA,NA
899,323.077744,323.077099436499,323.077240940159,27335220,NA,311880.4,186.46,-1,-0.437987087480102,0.97474236830677,0.984935690568524,0.978819697211471,8,1.06666666666667,0.533333333333333,"O8","de-protonated",0,NA,"C15 H16 O8",15,16,8,NA,NA,NA,NA,NA,NA,NA,NA
900,323.090885,323.090240381319,323.090128099781,6446648.5,NA,300702.7,42.19,-1,0.347523892238977,0.978324292971844,0,0.586994575783107,3,1.75,0.666666666666667,"P1 O8","de-protonated",0,NA,"C12 H21 O8 P1",12,21,8,NA,1,NA,NA,NA,NA,NA,NA
901,323.100277,323.099632341882,323.099707718743,1547579.8,NA,305546.4,8.35,-1,-0.233292878741628,0.990173154429505,0,0.594103892657703,8,1.23076923076923,0.461538461538462,"N4 O6","de-protonated",0,NA,"C13 H16 O6 N4",13,16,6,4,NA,NA,NA,NA,NA,NA,NA
902,323.106177,323.105532317108,323.105384241065,1383229.9,NA,277575.7,7.22,-1,0.458290235190623,0.962607378813289,0,0.577564427287973,7,1.3125,0.3125,"P1 O5","de-protonated",0,NA,"C16 H21 O5 P1",16,21,5,NA,1,NA,NA,NA,NA,NA,NA
904,323.114162,323.113517283579,323.113626449543,34753088,NA,311185.8,237.69,-1,-0.337856268190568,0.983372475289314,0.99803729699955,0.989238403973408,7,1.25,0.4375,"O7","de-protonated",0,NA,"C16 H20 O7",16,20,7,NA,NA,NA,NA,NA,NA,NA,NA
905,323.12718,323.126535228916,323.126513609165,13453893,NA,302623.2,90.59,-1,0.0669080070999283,0.981382340018289,0.971119909637856,0.977277367866116,2,1.92307692307692,0.538461538461538,"P1 O7","de-protonated",0,NA,"C13 H25 O7 P1",13,25,7,NA,1,NA,NA,NA,NA,NA,NA
907,323.150607,323.149962130545,323.150011958927,11917901,NA,330294.9,79.98,-1,-0.154195822075856,0.981469341902519,0.998922426807261,0.988450575864416,6,1.41176470588235,0.352941176470588,"O6","de-protonated",0,NA,"C17 H24 O6",17,24,6,NA,NA,NA,NA,NA,NA,NA,NA
908,323.16359,323.16294507603,323.162899118549,11790930,NA,308532.6,79.1,-1,0.14221149923654,0.988756284061162,0.961364162412974,0.977799435401887,1,2.07142857142857,0.428571428571429,"P1 O6","de-protonated",0,NA,"C14 H29 O6 P1",14,29,6,NA,1,NA,NA,NA,NA,NA,NA
910,323.186986,323.186340977789,323.186397468311,1482842.3,NA,284348.9,7.9,-1,-0.174792388178951,0.994471648861152,0,0.596682989316691,5,1.55555555555556,0.277777777777778,"O5","de-protonated",0,NA,"C18 H28 O5",18,28,5,NA,NA,NA,NA,NA,NA,NA,NA
911,323.190287,323.189641963928,323.189768771681,1898075.5,NA,350824,10.77,-1,-0.392363142339548,0.972452727471709,0,0.583471636483025,0,2.13333333333333,0.333333333333333,"S1 O5","de-protonated",0,NA,"C15 H32 O5 S1",15,32,5,NA,NA,1,NA,NA,NA,NA,NA
912,323.199999,323.199353923147,323.199284627933,2249310.8,NA,340002.4,13.2,-1,0.214403982755349,0.991693662881625,0,0.595016197728975,0,2.2,0.333333333333333,"P1 O5","de-protonated",0,NA,"C15 H33 O5 P1",15,33,5,NA,1,NA,NA,NA,NA,NA,NA
913,324.073178,324.072529256649,324.072489912352,1656721.8,NA,319510.7,9.1,-1,0.121405855302851,0.9973291316856,0,0.59839747901136,8,1.07142857142857,0.571428571428571,"N1 O8","de-protonated",0,NA,"C14 H15 O8 N1",14,15,8,1,NA,NA,NA,NA,NA,NA,NA
917,324.109373,324.108724104666,324.108875421736,1771422.4,NA,395848.6,9.89,-1,-0.466871109003308,0.961221774415709,0,0.576733064649425,7,1.26666666666667,0.466666666666667,"N1 O7","de-protonated",0,NA,"C15 H19 O7 N1",15,19,7,1,NA,NA,NA,NA,NA,NA,NA
922,324.195139,324.194489744532,324.194533600126,1564092.5,NA,287929.8,8.46,-1,-0.135275550540524,0.996685090862009,0,0.598011054517205,0,2.28571428571429,0.357142857142857,"N1 P1 O5","de-protonated",0,NA,"C14 H32 O5 N1 P1",14,32,5,1,1,NA,NA,NA,NA,NA,NA
929,325.048984,325.048331159218,325.048263286775,1603303.8,NA,354657,8.73,-1,0.208807279421065,0.992119961767478,0,0.595271977060487,8,1.07142857142857,0.5,"P1 O7","de-protonated",0,NA,"C14 H15 O7 P1",14,15,7,NA,1,NA,NA,NA,NA,NA,NA
930,325.057035,325.056382125412,325.056505495252,10702059,NA,311373.1,71.57,-1,-0.379533521435463,0.487100855194399,0.867648864333947,0.639320058850218,8,1,0.642857142857143,"O9","de-protonated",0,NA,"C14 H14 O9",14,14,9,NA,NA,NA,NA,NA,NA,NA,NA
932,325.082951,325.08229801659,325.082146872715,1467251.6,NA,290788.6,7.79,-1,0.464940560395256,0.961535577490889,0,0.576921346494533,11,1,0.0526315789473684,"S1 P1 O1","de-protonated",0,NA,"C19 H19 O1 S1 P1",19,19,1,NA,1,1,NA,NA,NA,NA,NA
933,325.085455,325.084802006076,325.084648796159,3167476.5,NA,320504.3,19.53,-1,0.471292376614607,0.960498606189054,0,0.576299163713433,7,1.26666666666667,0.4,"P1 O6","de-protonated",0,NA,"C15 H19 O6 P1",15,19,6,NA,1,NA,NA,NA,NA,NA,NA
935,325.093423,325.092769972618,325.092891004637,51809528,NA,304804.4,355.49,-1,-0.37229980082044,0.97247689430016,0.994807322247222,0.981409065478985,7,1.2,0.533333333333333,"O8","de-protonated",0,NA,"C15 H18 O8",15,18,8,NA,NA,NA,NA,NA,NA,NA,NA
936,325.106539,325.105885917544,325.105778164259,5568764,NA,303015.6,36.12,-1,0.331440695222024,0.980264671674673,0,0.588158803004804,2,1.91666666666667,0.666666666666667,"P1 O8","de-protonated",0,NA,"C12 H23 O8 P1",12,23,8,NA,1,NA,NA,NA,NA,NA,NA
939,325.129855,325.129201819639,325.129276514021,28265732,NA,310377.2,192.88,-1,-0.229737482788084,0.989973592945936,0.998117096213575,0.993230994252992,6,1.375,0.4375,"O7","de-protonated",0,NA,"C16 H22 O7",16,22,7,NA,NA,NA,NA,NA,NA,NA,NA
940,325.142866,325.142212765006,325.142163673643,7675144.5,NA,321694.8,50.67,-1,0.150984303116399,0.497936095763627,0.875929598413485,0.64913349682357,1,2.07692307692308,0.538461538461538,"P1 O7","de-protonated",0,NA,"C13 H27 O7 P1",13,27,7,NA,1,NA,NA,NA,NA,NA,NA
942,325.166229,325.165575666904,325.165662023405,7884049,NA,317236.2,52.11,-1,-0.265576938642399,0.985778726059073,0.954182937697735,0.973140410714538,5,1.52941176470588,0.352941176470588,"O6","de-protonated",0,NA,"C17 H26 O6",17,26,6,NA,NA,NA,NA,NA,NA,NA,NA
943,325.179311,325.178657611972,325.178549183027,1623317.4,NA,406107.1,8.87,-1,0.333444335594622,0.98002774660334,0,0.588016647962004,0,2.21428571428571,0.428571428571429,"P1 O6","de-protonated",0,NA,"C14 H31 O6 P1",14,31,6,NA,1,NA,NA,NA,NA,NA,NA
944,325.18482,325.18416658884,325.18428946806,75640088,NA,307409.3,520.09,-1,-0.377875635519237,0.739057084397361,0.963552309981844,0.828855174631154,4,1.66666666666667,0.166666666666667,"S1 O3","de-protonated",0,NA,"C18 H30 O3 S1",18,30,3,NA,NA,1,NA,NA,NA,NA,NA
947,326.088715,326.088057793365,326.08813997683,2496595.3,NA,334315,14.9,-1,-0.252028376934122,0.988540849395893,0,0.593124509637536,7,1.21428571428571,0.571428571428571,"N1 O8","de-protonated",0,NA,"C14 H17 O8 N1",14,17,8,1,NA,NA,NA,NA,NA,NA,NA
949,326.125219,326.124561640084,326.124525486214,1394528.1,NA,305735,7.29,-1,0.110859095711981,0.997772527491837,0,0.598663516495102,6,1.4,0.466666666666667,"N1 O7","de-protonated",0,NA,"C15 H21 O7 N1",15,21,7,1,NA,NA,NA,NA,NA,NA,NA
957,327.036352,327.035690814216,327.035770050346,3370910,NA,310554.6,20.93,-1,-0.242285820103769,0.989405049362369,0,0.593643029617422,8,0.923076923076923,0.769230769230769,"O10","de-protonated",0,NA,"C13 H12 O10",13,12,10,NA,NA,NA,NA,NA,NA,NA,NA
958,327.051644,327.050982750005,327.051026191631,1494179.1,NA,348430.9,7.97,-1,-0.132828282603632,0.996803755736922,0,0.598082253442153,12,0.705882352941177,0.411764705882353,"O7","de-protonated",0,NA,"C17 H12 O7",17,12,7,NA,NA,NA,NA,NA,NA,NA,NA
959,327.064611,327.063949695556,327.063913351253,5960615.5,NA,318087.8,38.82,-1,0.11112293862196,0.997761924063197,0,0.598657154437918,7,1.21428571428571,0.5,"P1 O7","de-protonated",0,NA,"C14 H17 O7 P1",14,17,7,NA,1,NA,NA,NA,NA,NA,NA
960,327.072724,327.072062661489,327.07215555973,21626794,NA,303425.3,147.02,-1,-0.284029806006159,0.984218361009873,0.991182828504588,0.987004148007759,7,1.14285714285714,0.642857142857143,"O9","de-protonated",0,NA,"C14 H16 O9",14,16,9,NA,NA,NA,NA,NA,NA,NA,NA
961,327.088053,327.087391597123,327.087411701015,1745839.9,NA,235612.4,9.71,-1,-0.0614633638902923,0.999314767993012,0,0.599588860795807,11,0.888888888888889,0.333333333333333,"O6","de-protonated",0,NA,"C18 H16 O6",18,16,6,NA,NA,NA,NA,NA,NA,NA,NA
962,327.100989,327.100327542804,327.100298860637,6141876.5,NA,277779.2,40.07,-1,0.0876861531005177,0.998605838938219,0,0.599163503362931,6,1.4,0.4,"P1 O6","de-protonated",0,NA,"C15 H21 O6 P1",15,21,6,NA,1,NA,NA,NA,NA,NA,NA
963,327.109048,327.108386508964,327.108541069115,43880376,NA,300271,300.72,-1,-0.472504172513486,0.972345961034263,0.988959270822104,0.9789912849494,6,1.33333333333333,0.533333333333333,"O8","de-protonated",0,NA,"C15 H20 O8",15,20,8,NA,NA,NA,NA,NA,NA,NA,NA
964,327.122213,327.121551453684,327.121428228737,2268603.8,NA,361116.3,13.32,-1,0.376694819623079,0.974581252549488,0,0.584748751529693,1,2.08333333333333,0.666666666666667,"P1 O8","de-protonated",0,NA,"C12 H25 O8 P1",12,25,8,NA,1,NA,NA,NA,NA,NA,NA
965,327.124377,327.123715444597,327.123797210399,1433020.5,NA,323193.7,7.55,-1,-0.249953696050395,0.988727671817283,0,0.59323660309037,10,1.05263157894737,0.263157894736842,"O5","de-protonated",0,NA,"C19 H20 O5",19,20,5,NA,NA,NA,NA,NA,NA,NA,NA
968,327.145477,327.144815355998,327.144926578499,14880708,NA,311487.5,100.43,-1,-0.339979293135482,0.983246900622577,0.976566289735629,0.980574656267798,5,1.5,0.4375,"O7","de-protonated",0,NA,"C16 H24 O7",16,24,7,NA,NA,NA,NA,NA,NA,NA,NA
969,327.158518,327.157856301238,327.157813738121,1880520.4,NA,390165.5,10.64,-1,0.130099651739816,0.996933525430301,0,0.598160115258181,0,2.23076923076923,0.538461538461538,"P1 O7","de-protonated",0,NA,"C13 H29 O7 P1",13,29,7,NA,1,NA,NA,NA,NA,NA,NA
970,327.173729,327.173067237367,327.173069879406,1395149.8,NA,405948.4,7.29,-1,-0.00807535480963873,0.999988167555252,0,0.599992900533151,4,1.70588235294118,0.235294117647059,"P1 O4","de-protonated",0,NA,"C17 H29 O4 P1",17,29,4,NA,1,NA,NA,NA,NA,NA,NA
971,327.181884,327.181222203124,327.181312087883,3745232.5,NA,253854,23.52,-1,-0.274724611967951,0.986398756453247,0,0.591839253871948,4,1.64705882352941,0.352941176470588,"O6","de-protonated",0,NA,"C17 H28 O6",17,28,6,NA,NA,NA,NA,NA,NA,NA,NA
974,328.068104,328.067438481867,328.067404531923,2114308.8,NA,362564.8,12.25,-1,0.103484658996408,0.998058739162499,0,0.598835243497499,7,1.15384615384615,0.692307692307692,"N1 O9","de-protonated",0,NA,"C13 H15 O9 N1",13,15,9,1,NA,NA,NA,NA,NA,NA,NA
976,328.104356,328.103690329644,328.103790041308,2917137.5,NA,308772.5,17.8,-1,-0.303902810042323,0.983381593451794,0,0.590028956071076,6,1.35714285714286,0.571428571428571,"N1 O8","de-protonated",0,NA,"C14 H19 O8 N1",14,19,8,1,NA,NA,NA,NA,NA,NA,NA
978,328.14082,328.140154176531,328.140175550692,1360926.1,NA,336583.6,7.05,-1,-0.0651372881814453,0.999230433749674,0,0.599538260249804,5,1.53333333333333,0.466666666666667,"N1 O7","de-protonated",0,NA,"C15 H23 O7 N1",15,23,7,1,NA,NA,NA,NA,NA,NA,NA
982,329.043958,329.043288384234,329.043177906347,3044439.8,NA,337803.6,18.68,-1,0.335754986120764,0.97975281729863,0,0.587851690379178,7,1.15384615384615,0.615384615384615,"P1 O8","de-protonated",0,NA,"C13 H15 O8 P1",13,15,8,NA,1,NA,NA,NA,NA,NA,NA
983,329.051961,329.051291350629,329.051420114824,4821594.5,NA,305677.6,30.95,-1,-0.391319370338221,0.972597072010024,0,0.583558243206014,7,1.07692307692308,0.769230769230769,"O10","de-protonated",0,NA,"C13 H14 O10",13,14,10,NA,NA,NA,NA,NA,NA,NA,NA
985,329.067179,329.066509286729,329.066514064857,2930783.8,NA,323305.7,17.89,-1,-0.0145202497210917,0.999961744516786,0,0.599977046710072,6,1.58333333333333,0.0833333333333333,"N4 S2 P1 O1","de-protonated",0,NA,"C12 H19 O1 S2 N4 P1",12,19,1,4,1,2,NA,NA,NA,NA,NA
988,329.080348,329.079678231432,329.079563415731,19980900,NA,305983.1,135.65,-1,0.348899517679232,0.984066512956796,0.96371683264421,0.975926640831762,6,1.35714285714286,0.5,"P1 O7","de-protonated",0,NA,"C14 H19 O7 P1",14,19,7,NA,1,NA,NA,NA,NA,NA,NA
989,329.088418,329.087748197546,329.087805624208,16929384,NA,309997,114.58,-1,-0.174502554195031,0.977765849320958,0.983426590071043,0.980030145620992,6,1.28571428571429,0.642857142857143,"O9","de-protonated",0,NA,"C14 H18 O9",14,18,9,NA,NA,NA,NA,NA,NA,NA,NA
991,329.103607,329.102937133767,329.103061765493,6291052.5,NA,295076.5,41.1,-1,-0.378701206056996,0.487156636564433,0.836034543948893,0.626707799518217,10,1,0.333333333333333,"O6","de-protonated",0,NA,"C18 H18 O6",18,18,6,NA,NA,NA,NA,NA,NA,NA,NA
992,329.106945,329.10627511975,329.106433068863,2403437.5,NA,310398.6,14.25,-1,-0.479933227905627,0.959067187058622,0,0.575440312235173,5,1.46666666666667,0.4,"S1 O6","de-protonated",0,NA,"C15 H22 O6 S1",15,22,6,NA,NA,1,NA,NA,NA,NA,NA
993,329.116707,329.11603707876,329.115948925115,10187377,NA,314394.8,68.01,-1,0.26784981007612,0.493533298533527,0.859523230357577,0.639929271263147,5,1.53333333333333,0.4,"P1 O6","de-protonated",0,NA,"C15 H23 O6 P1",15,23,6,NA,1,NA,NA,NA,NA,NA,NA
994,329.124783,329.124113044848,329.124191133593,19337844,NA,305562.2,131.21,-1,-0.237262244701349,0.494918815430659,0.859523230357577,0.640760581401426,5,1.46666666666667,0.533333333333333,"O8","de-protonated",0,NA,"C15 H22 O8",15,22,8,NA,NA,NA,NA,NA,NA,NA,NA
996,329.140083,329.139412980603,329.139447274877,2869881,NA,299526,17.47,-1,-0.104193752784163,0.998032070627303,0,0.598819242376382,9,1.15789473684211,0.263157894736842,"O5","de-protonated",0,NA,"C19 H22 O5",19,22,5,NA,NA,NA,NA,NA,NA,NA,NA
998,329.153009,329.152338926327,329.152334434499,316617344,NA,310453.1,2184.46,-1,0.0136466515424301,0.989793488038547,0.99527605479747,0.991986514742116,4,1.6875,0.3125,"P1 O5","de-protonated",0,NA,"C16 H27 O5 P1",16,27,5,NA,1,NA,NA,NA,NA,NA,NA
1003,330.120163,330.119488865226,330.119440105786,2962892.5,NA,320839.8,18.11,-1,0.147702419433318,0.996049339080995,0,0.597629603448597,5,1.5,0.571428571428571,"N1 O8","de-protonated",0,NA,"C14 H21 O8 N1",14,21,8,1,NA,NA,NA,NA,NA,NA,NA
1009,331.046433,331.045754975797,331.04577861995,3575564.5,NA,316803.6,22.34,-1,-0.0714226082979615,0.999074824200944,0,0.599444894520566,6,1.54545454545455,0.181818181818182,"N4 S2 P1 O2","de-protonated",0,NA,"C11 H17 O2 S2 N4 P1",11,17,2,4,1,2,NA,NA,NA,NA,NA
1010,331.059559,331.058880920681,331.058827970825,9942289,NA,306757.9,66.31,-1,0.15994092873199,0.997676652139783,0.952091317309886,0.979442518207824,6,1.30769230769231,0.615384615384615,"P1 O8","de-protonated",0,NA,"C13 H17 O8 P1",13,17,8,NA,1,NA,NA,NA,NA,NA,NA
1011,331.067633,331.066954886778,331.067070179302,4173075.8,NA,300079.2,26.47,-1,-0.348245217447645,0.978235206215806,0,0.586941123729483,6,1.23076923076923,0.769230769230769,"O10","de-protonated",0,NA,"C13 H16 O10",13,16,10,NA,NA,NA,NA,NA,NA,NA,NA
1013,331.082918,331.082239822596,331.082326320587,8002841,NA,304307.5,52.92,-1,-0.261258254956633,0.982417290863685,0.990653440100383,0.985711750558364,10,0.941176470588235,0.411764705882353,"O7","de-protonated",0,NA,"C17 H16 O7",17,16,7,NA,NA,NA,NA,NA,NA,NA,NA
1014,331.086132,331.0854538091,331.085317501402,2513690.3,NA,332249,15,-1,0.411699617736762,0.969713190685315,0,0.581827914411189,10,1.0625,0.25,"N2 P1 O4","de-protonated",0,NA,"C16 H17 O4 N2 P1",16,17,4,2,1,NA,NA,NA,NA,NA,NA
1015,331.095909,331.095230768047,331.095213480209,43472156,NA,297411.7,297.9,-1,0.0522140973021976,0.998487726175397,0.973261632727157,0.988397288796101,5,1.5,0.5,"P1 O7","de-protonated",0,NA,"C14 H21 O7 P1",14,21,7,NA,1,NA,NA,NA,NA,NA,NA
1016,331.103987,331.103308734127,331.103455688686,7781664.5,NA,306938.7,51.39,-1,-0.443832756417675,0.482444058190994,0.867648864333947,0.636525980648175,5,1.42857142857143,0.642857142857143,"O9","de-protonated",0,NA,"C14 H20 O9",14,20,9,NA,NA,NA,NA,NA,NA,NA,NA
1018,331.119309,331.118630669789,331.118711829971,8355109.5,NA,305039,55.35,-1,-0.245109016216967,0.994572616951084,0.987713720467704,0.991829058357732,9,1.11111111111111,0.333333333333333,"O6","de-protonated",0,NA,"C18 H20 O6",18,20,6,NA,NA,NA,NA,NA,NA,NA,NA
1019,331.122596,331.121917655987,331.122083133341,1356326.8,NA,361950.4,7.01,-1,-0.499747260397628,0.955695124805631,0,0.573417074883378,4,1.6,0.4,"S1 O6","de-protonated",0,NA,"C15 H24 O6 S1",15,24,6,NA,NA,1,NA,NA,NA,NA,NA
1020,331.132332,331.131653615106,331.131598989593,20178218,NA,297933.5,137.01,-1,0.164966172447778,0.994911480926294,0.91199522222361,0.96174497744522,4,1.66666666666667,0.4,"P1 O6","de-protonated",0,NA,"C15 H25 O6 P1",15,25,6,NA,1,NA,NA,NA,NA,NA,NA
1022,331.14037,331.139691581354,331.139841198071,10128685,NA,305253.9,67.6,-1,-0.451823363159112,0.962527573002482,0.988613383722958,0.972961897290672,4,1.6,0.533333333333333,"O8","de-protonated",0,NA,"C15 H24 O8",15,24,8,NA,NA,NA,NA,NA,NA,NA,NA
1024,331.155621,331.154942517315,331.155097339355,3116338.3,NA,293198,19.17,-1,-0.467521237412563,0.961115829063216,0,0.576669497437929,8,1.26315789473684,0.263157894736842,"O5","de-protonated",0,NA,"C19 H24 O5",19,24,5,NA,NA,NA,NA,NA,NA,NA,NA
1027,331.168813,331.168134461921,331.167984498977,1795382.8,NA,348402.4,10.04,-1,0.452830438629587,0.963476642211234,0,0.57808598532674,3,1.8125,0.3125,"P1 O5","de-protonated",0,NA,"C16 H29 O5 P1",16,29,5,NA,1,NA,NA,NA,NA,NA,NA
1028,331.176828,331.176149428266,331.176226707455,6290745.5,NA,303807.7,41.09,-1,-0.233347633969011,0.495084281901306,0.85154837932281,0.637669920869908,3,1.75,0.4375,"O7","de-protonated",0,NA,"C16 H28 O7",16,28,7,NA,NA,NA,NA,NA,NA,NA,NA
1038,332.236712,332.23602897779,332.236004489939,1440679,NA,354043.5,7.4,-1,0.0737061913190531,0.999014747068652,0,0.599408848241191,1,2.11764705882353,0.176470588235294,"N1 P1 O3","de-protonated",0,NA,"C17 H36 O3 N1 P1",17,36,3,1,1,NA,NA,NA,NA,NA,NA
1041,333.025778,333.025091664484,333.025205366296,3318710.5,NA,303780,20.04,-1,-0.341421041087403,0.979070947370086,0,0.587442568422052,11,0.666666666666667,0.6,"O9","de-protonated",0,NA,"C15 H10 O9",15,10,9,NA,NA,NA,NA,NA,NA,NA,NA
1042,333.038945,333.038258609195,333.038092525918,2769851.3,NA,311671.9,16.35,-1,0.498691533810403,0.955877929623436,0,0.573526757774062,6,1.25,0.75,"P1 O9","de-protonated",0,NA,"C12 H15 O9 P1",12,15,9,NA,1,NA,NA,NA,NA,NA,NA
1044,333.062141,333.061454511795,333.061590875681,9170883,NA,304933.8,59.45,-1,-0.409425431753075,0.979791817950193,0.999329521487023,0.987606899364925,10,0.875,0.5,"O8","de-protonated",0,NA,"C16 H14 O8",16,14,8,NA,NA,NA,NA,NA,NA,NA,NA
1046,333.075209,333.074522456922,333.074478035303,21055432,NA,295366.4,139.48,-1,0.133368427763508,0.998388555997945,0.955184249907106,0.981106833561609,5,1.46153846153846,0.615384615384615,"P1 O8","de-protonated",0,NA,"C13 H19 O8 P1",13,19,8,NA,1,NA,NA,NA,NA,NA,NA
1047,333.083284,333.082597423015,333.08272024378,1765834.4,NA,328607.7,9.59,-1,-0.368739527857377,0.975630483440791,0,0.585378290064474,5,1.38461538461538,0.769230769230769,"O10","de-protonated",0,NA,"C13 H18 O10",13,18,10,NA,NA,NA,NA,NA,NA,NA,NA
1050,333.09859,333.097903358745,333.097976385065,16922576,NA,306217.5,111.65,-1,-0.219233754975429,0.986081642014768,0.981477428828212,0.984239956740146,9,1.05882352941176,0.411764705882353,"O7","de-protonated",0,NA,"C17 H18 O7",17,18,7,NA,NA,NA,NA,NA,NA,NA,NA
1051,333.10197,333.101283344552,333.101347688435,1572816.8,NA,385912,8.29,-1,-0.193166083669049,0.993252448165451,0,0.595951468899271,4,1.57142857142857,0.5,"S1 O7","de-protonated",0,NA,"C14 H22 O7 S1",14,22,7,NA,NA,1,NA,NA,NA,NA,NA
1052,333.111585,333.110898304178,333.110863544687,182007760,NA,304423.2,1223.29,-1,0.104348117704847,0.74501008504485,0.987777623717466,0.842117100513897,4,1.64285714285714,0.5,"P1 O7","de-protonated",0,NA,"C14 H23 O7 P1",14,23,7,NA,1,NA,NA,NA,NA,NA,NA
1053,333.119724,333.119037270003,333.119105753164,2763735,NA,358316.2,16.31,-1,-0.205581608760273,0.99236061893968,0,0.595416371363808,4,1.57142857142857,0.642857142857143,"O9","de-protonated",0,NA,"C14 H22 O9",14,22,9,NA,NA,NA,NA,NA,NA,NA,NA
1055,333.134983,333.13429620593,333.134361894449,12693468,NA,308130.8,83.17,-1,-0.197183259835794,0.987649993557118,0.962763757307072,0.977695499057099,8,1.22222222222222,0.333333333333333,"O6","de-protonated",0,NA,"C18 H22 O6",18,22,6,NA,NA,NA,NA,NA,NA,NA,NA
1056,333.148055,333.14736815104,333.147249054071,9211873,NA,310336.4,59.73,-1,0.357490477077736,0.986818860922379,0.906823275363234,0.954820626698721,3,1.8,0.4,"P1 O6","de-protonated",0,NA,"C15 H27 O6 P1",15,27,6,NA,1,NA,NA,NA,NA,NA,NA
1057,333.156013,333.155326117624,333.155491262549,2721763.3,NA,266995.3,16.02,-1,-0.495699241340372,0.95639414939282,0,0.573836489635692,3,1.73333333333333,0.533333333333333,"O8","de-protonated",0,NA,"C15 H26 O8",15,26,8,NA,NA,NA,NA,NA,NA,NA,NA
1058,333.171334,333.170647053291,333.170747403833,3752936.8,NA,303620.3,22.97,-1,-0.301198538867385,0.98367361758215,0,0.59020417054929,7,1.36842105263158,0.263157894736842,"O5","de-protonated",0,NA,"C19 H26 O5",19,26,5,NA,NA,NA,NA,NA,NA,NA,NA
1059,333.184399,333.183711998431,333.183634563455,1567981.1,NA,313082.3,8.26,-1,0.232409300259895,0.990247086792908,0,0.594148252075745,2,1.9375,0.3125,"P1 O5","de-protonated",0,NA,"C16 H31 O5 P1",16,31,5,NA,1,NA,NA,NA,NA,NA,NA
1060,333.22071,333.22002284596,333.22002007284,3755001.8,NA,306516.5,22.98,-1,0.00832219024347051,0.999987433151534,0,0.59999245989092,1,2.05882352941176,0.235294117647059,"P1 O4","de-protonated",0,NA,"C17 H35 O4 P1",17,35,4,NA,1,NA,NA,NA,NA,NA,NA
1063,334.093766,334.093075179979,334.093225357258,1905189.5,NA,272659.3,10.52,-1,-0.449507106777678,0.964001034041521,0,0.578400620424912,9,1.0625,0.4375,"N1 O7","de-protonated",0,NA,"C16 H17 O7 N1",16,17,7,1,NA,NA,NA,NA,NA,NA,NA
1067,334.130364,334.129673026303,334.129610866642,1491250.1,NA,322093.4,7.74,-1,0.186034576725006,0.993739943453661,0,0.596243966072197,8,1.23529411764706,0.352941176470588,"N1 O6","de-protonated",0,NA,"C17 H21 O6 N1",17,21,6,1,NA,NA,NA,NA,NA,NA,NA
1073,335.041485,335.040790200486,335.040855430774,6455914.5,NA,306286.6,41.17,-1,-0.194693535126249,0.993145682376557,0,0.595887409425934,10,0.8,0.6,"O9","de-protonated",0,NA,"C15 H12 O9",15,12,9,NA,NA,NA,NA,NA,NA,NA,NA
1074,335.054492,335.053797145869,335.053742590396,4373103,NA,290749.3,27.14,-1,0.162826035760598,0.995200927267374,0,0.597120556360424,5,1.41666666666667,0.75,"P1 O9","de-protonated",0,NA,"C12 H17 O9 P1",12,17,9,NA,1,NA,NA,NA,NA,NA,NA
1075,335.06739,335.06669509171,335.066693512729,1672819.4,NA,421174.7,8.96,-1,0.00471243836514729,0.99999597056347,0,0.599997582338082,5,1.6,0.7,"N4 S1 O7","de-protonated",0,NA,"C10 H16 O7 S1 N4",10,16,7,4,NA,1,NA,NA,NA,NA,NA
1078,335.077794,335.077099048023,335.077240940159,21002872,NA,290389.4,139.12,-1,-0.423460975037724,0.982444749671282,0.988636276246359,0.984921360301313,9,1,0.5,"O8","de-protonated",0,NA,"C16 H16 O8",16,16,8,NA,NA,NA,NA,NA,NA,NA,NA
1079,335.090916,335.090220992924,335.090128099781,18082428,NA,302525.5,119.46,-1,0.277218382288556,0.982230225793837,0.976852325716376,0.980079065762852,4,1.61538461538462,0.615384615384615,"P1 O8","de-protonated",0,NA,"C13 H21 O8 P1",13,21,8,NA,1,NA,NA,NA,NA,NA,NA
1081,335.11419,335.113494895196,335.113626449543,33782404,NA,298094.6,225.17,-1,-0.392566391543439,0.976309553752235,0.991812498381906,0.982510731604103,8,1.17647058823529,0.411764705882353,"O7","de-protonated",0,NA,"C17 H20 O7",17,20,7,NA,NA,NA,NA,NA,NA,NA,NA
1082,335.115581,335.114885889355,335.114963860028,2836100,NA,352128.1,16.79,-1,-0.232668431727011,0.990225432781911,0,0.594135259669147,13,0.888888888888889,0.166666666666667,"N4 O3","de-protonated",0,NA,"C18 H16 O3 N4",18,16,3,4,NA,NA,NA,NA,NA,NA,NA
1084,335.127245,335.126549840378,335.126513609165,23366280,NA,291828.1,155.04,-1,0.10811204486682,0.994422392974208,0.963976361411995,0.982243980349323,3,1.78571428571429,0.5,"P1 O7","de-protonated",0,NA,"C14 H25 O7 P1",14,25,7,NA,1,NA,NA,NA,NA,NA,NA
1086,335.150598,335.149902742318,335.150011958927,13687440,NA,303963.4,89.86,-1,-0.325873804155804,0.987550411125146,0.99418556406117,0.990204472299556,7,1.33333333333333,0.333333333333333,"O6","de-protonated",0,NA,"C18 H24 O6",18,24,6,NA,NA,NA,NA,NA,NA,NA,NA
1087,335.163664,335.162968687453,335.162899118549,6378132.5,NA,326228,40.64,-1,0.207567437822388,0.992212898823455,0,0.595327739294073,2,1.93333333333333,0.4,"P1 O6","de-protonated",0,NA,"C15 H29 O6 P1",15,29,6,NA,1,NA,NA,NA,NA,NA,NA
1088,335.200106,335.199410534433,335.199284627934,2831521,NA,345869.6,16.76,-1,0.375616849000198,0.974724672166372,0,0.584834803299823,1,2.0625,0.3125,"P1 O5","de-protonated",0,NA,"C16 H33 O5 P1",16,33,5,NA,1,NA,NA,NA,NA,NA,NA
1090,335.236346,335.23565038226,335.235670137318,4002477.3,NA,323880.6,24.64,-1,-0.0589288655570147,0.999370097732228,0,0.599622058639337,0,2.17647058823529,0.235294117647059,"P1 O4","de-protonated",0,NA,"C17 H37 O4 P1",17,37,4,NA,1,NA,NA,NA,NA,NA,NA
1091,336.029422,336.028723052116,336.028731574415,1423804.8,NA,437522.3,7.28,-1,-0.0253618163235852,0.999883295073137,0,0.599929977043882,9,1.06666666666667,0.133333333333333,"N1 S2 P1 O2","de-protonated",0,NA,"C15 H16 O2 S2 N1 P1",15,16,2,1,1,2,NA,NA,NA,NA,NA
1095,336.109465,336.108765716014,336.108875421736,2519512.3,NA,343227.4,14.66,-1,-0.326399360078697,0.980854728365109,0,0.588512837019066,8,1.1875,0.4375,"N1 O7","de-protonated",0,NA,"C16 H19 O7 N1",16,19,7,1,NA,NA,NA,NA,NA,NA,NA
1100,336.158898,336.158198508444,336.158148090742,28318698,NA,298891.6,188.38,-1,0.149982090194185,0.996250306862235,0.986604059852145,0.992391808058199,2,2,0.428571428571429,"N1 P1 O6","de-protonated",0,NA,"C14 H28 O6 N1 P1",14,28,6,1,1,NA,NA,NA,NA,NA,NA
1101,336.167141,336.166441473831,336.16639029922,1831915.9,NA,330910.6,10.03,-1,0.152230006129625,0.995803940882421,0,0.597482364529453,2,1.92857142857143,0.571428571428571,"N1 O8","de-protonated",0,NA,"C14 H27 O8 N1",14,27,8,1,NA,NA,NA,NA,NA,NA,NA
1103,336.231729,336.231029202625,336.230919109511,1475842,NA,321403.1,7.63,-1,0.327433045872016,0.9807344501767,0,0.58844067010602,0,2.25,0.25,"N1 P1 O4","de-protonated",0,NA,"C16 H36 O4 N1 P1",16,36,4,1,1,NA,NA,NA,NA,NA,NA
1106,337.057065,337.056361737021,337.056505495252,13210908,NA,297671.5,86.65,-1,-0.426510775537907,0.977119270801472,0.979724071836624,0.978161191215533,9,0.933333333333333,0.6,"O9","de-protonated",0,NA,"C15 H14 O9",15,14,9,NA,NA,NA,NA,NA,NA,NA,NA
1107,337.070169,337.069465681997,337.069392654874,3803424.5,NA,320073.7,23.3,-1,0.216653080988582,0.991519226785513,0,0.594911536071308,4,1.58333333333333,0.75,"P1 O9","de-protonated",0,NA,"C12 H19 O9 P1",12,19,9,NA,1,NA,NA,NA,NA,NA,NA
1108,337.085485,337.084781617684,337.084648796159,2176805.8,NA,328920.1,12.35,-1,0.394030181400473,0.972221437784348,0,0.583332862670609,8,1.1875,0.375,"P1 O6","de-protonated",0,NA,"C16 H19 O6 P1",16,19,6,NA,1,NA,NA,NA,NA,NA,NA
1110,337.093511,337.092807583983,337.092891004637,43334952,NA,297239.1,289.49,-1,-0.247470818008835,0.987878209110099,0.997974018199847,0.991916532745998,8,1.125,0.5,"O8","de-protonated",0,NA,"C16 H18 O8",16,18,8,NA,NA,NA,NA,NA,NA,NA,NA
1111,337.106503,337.105799529429,337.105778164259,12047661,NA,303415,78.81,-1,0.0633782397322718,0.984680908796485,0.960242453963258,0.974905526863194,3,1.76923076923077,0.615384615384615,"P1 O8","de-protonated",0,NA,"C13 H23 O8 P1",13,23,8,NA,1,NA,NA,NA,NA,NA,NA
1112,337.121774,337.121070465306,337.121034305543,2288434.3,NA,318156.2,13.1,-1,0.107260476313049,0.997914644760194,0,0.598748786856116,7,1.35294117647059,0.294117647058824,"P1 O5","de-protonated",0,NA,"C17 H23 O5 P1",17,23,5,NA,1,NA,NA,NA,NA,NA,NA
1114,337.129865,337.129161431332,337.129276514021,33996084,NA,298698.4,226.61,-1,-0.341360709533263,0.978030793047711,0.980165589803718,0.978884711750114,7,1.29411764705882,0.411764705882353,"O7","de-protonated",0,NA,"C17 H22 O7",17,22,7,NA,NA,NA,NA,NA,NA,NA,NA
1115,337.142942,337.142238376421,337.142163673643,14777657,NA,306086.7,97.2,-1,0.221576493447274,0.990303190478051,0.97794638055699,0.985360466509627,2,1.92857142857143,0.5,"P1 O7","de-protonated",0,NA,"C14 H27 O7 P1",14,27,7,NA,1,NA,NA,NA,NA,NA,NA
1118,337.166212,337.16550827871,337.165662023405,7308609.5,NA,307915.6,46.9,-1,-0.455991556970146,0.979678407827813,0.997407435991094,0.986770019093125,6,1.44444444444444,0.333333333333333,"O6","de-protonated",0,NA,"C18 H26 O6",18,26,6,NA,NA,NA,NA,NA,NA,NA,NA
1119,337.179268,337.178564223888,337.178549183027,3608901.8,NA,326208,21.99,-1,0.0446079989735153,0.999639005228656,0,0.599783403137194,1,2.06666666666667,0.4,"P1 O6","de-protonated",0,NA,"C15 H31 O6 P1",15,31,6,NA,1,NA,NA,NA,NA,NA,NA
1120,337.206032,337.205328111505,337.205418836159,3429199,NA,291995.4,20.78,-1,-0.269048625688375,0.986951326228505,0,0.592170795737103,0,2.125,0.3125,"S1 O5","de-protonated",0,NA,"C16 H34 O5 S1",16,34,5,NA,NA,1,NA,NA,NA,NA,NA
1121,337.215582,337.214878071404,337.214934692412,3375442.3,NA,292751.2,20.42,-1,-0.167907768754125,0.994897476102038,0,0.596938485661223,0,2.1875,0.3125,"P1 O5","de-protonated",0,NA,"C16 H35 O5 P1",16,35,5,NA,1,NA,NA,NA,NA,NA,NA
1124,338.088798,338.088090404751,338.08813997683,3463804.3,NA,284830.7,21.01,-1,-0.146624719343707,0.99610666821815,0,0.59766400093089,8,1.13333333333333,0.533333333333333,"N1 O8","de-protonated",0,NA,"C15 H17 O8 N1",15,17,8,1,NA,NA,NA,NA,NA,NA,NA
1135,339.036331,339.035619426039,339.035770050346,3922879,NA,307145.8,24.1,-1,-0.444272611715616,0.964819726836589,0,0.578891836101953,9,0.857142857142857,0.714285714285714,"O10","de-protonated",0,NA,"C14 H12 O10",14,12,10,NA,NA,NA,NA,NA,NA,NA,NA
1136,339.062274,339.061562317104,339.061411427808,2438600,NA,361725.8,14.1,-1,0.445020548695953,0.964703291781019,0,0.578821975068612,12,0.894736842105263,0.105263157894737,"S1 P1 O2","de-protonated",0,NA,"C19 H17 O2 S1 P1",19,17,2,NA,1,1,NA,NA,NA,NA,NA
1137,339.064683,339.063971306988,339.063913351253,2736072.8,NA,325462,16.11,-1,0.170928645445411,0.994712713145527,0,0.596827627887316,8,1.13333333333333,0.466666666666667,"P1 O7","de-protonated",0,NA,"C15 H17 O7 P1",15,17,7,NA,1,NA,NA,NA,NA,NA,NA
1138,339.07276,339.072048273073,339.07215555973,25661388,NA,294908.2,170.48,-1,-0.316412467653328,0.983470646247033,0.992501522179309,0.987082996619943,8,1.06666666666667,0.6,"O9","de-protonated",0,NA,"C15 H16 O9",15,16,9,NA,NA,NA,NA,NA,NA,NA,NA
1139,339.100986,339.100274154551,339.100298860637,4645845,NA,322461.1,28.97,-1,-0.0728577534835811,0.99903728830849,0,0.599422372985094,7,1.3125,0.375,"P1 O6","de-protonated",0,NA,"C16 H21 O6 P1",16,21,6,NA,1,NA,NA,NA,NA,NA,NA
1141,339.109138,339.108426120321,339.108541069115,51691480,NA,294381.7,345.76,-1,-0.338973455189725,0.968781255852304,0.986813897527045,0.9759943125222,7,1.25,0.5,"O8","de-protonated",0,NA,"C16 H20 O8",16,20,8,NA,NA,NA,NA,NA,NA,NA,NA
1142,339.122225,339.121513065368,339.121428228737,11356124,NA,288151,74.15,-1,0.250165942079584,0.994217456539789,0.995879367591911,0.994882220960638,2,1.92307692307692,0.615384615384615,"P1 O8","de-protonated",0,NA,"C13 H25 O8 P1",13,25,8,NA,1,NA,NA,NA,NA,NA,NA
1143,339.137316,339.136604002001,339.136684370021,2108897.5,NA,352208.8,11.88,-1,-0.236978258012087,0.989861819962003,0,0.593917091977202,6,1.47058823529412,0.294117647058824,"P1 O5","de-protonated",0,NA,"C17 H25 O5 P1",17,25,5,NA,1,NA,NA,NA,NA,NA,NA
1145,339.145466,339.144753967779,339.144764387247,20594660,NA,295352,136.36,-1,-0.0307227742258755,0.664091786939121,0.926630606056794,0.76910731458619,1,2.41666666666667,0.0833333333333333,"N4 S2 P1 O1","de-protonated",0,NA,"C12 H29 O1 S2 N4 P1",12,29,1,4,1,2,NA,NA,NA,NA,NA
1146,339.158532,339.157819912914,339.157813738121,8511465,NA,308489.1,55,-1,0.0182062542393007,0.991216667972926,0.976524820124584,0.985339928833589,1,2.07142857142857,0.5,"P1 O7","de-protonated",0,NA,"C14 H29 O7 P1",14,29,7,NA,1,NA,NA,NA,NA,NA,NA
1147,339.166766,339.16605387834,339.166055946598,1680875.5,NA,322749,9,-1,-0.00609807122430904,0.999993252586152,0,0.599995951551691,1,2,0.642857142857143,"O9","de-protonated",0,NA,"C14 H28 O9",14,28,9,NA,NA,NA,NA,NA,NA,NA,NA
1148,339.181912,339.181199814741,339.181312087883,3442160.8,NA,294944.8,20.86,-1,-0.331012169618426,0.980315165714985,0,0.588189099428991,5,1.55555555555556,0.333333333333333,"O6","de-protonated",0,NA,"C18 H28 O6",18,28,6,NA,NA,NA,NA,NA,NA,NA,NA
1149,339.200491,339.199778736728,339.199939532538,42319864,NA,296314.6,282.65,-1,-0.474044337246146,0.649781079299159,0.946214396120504,0.768354406027697,4,1.68421052631579,0.157894736842105,"S1 O3","de-protonated",0,NA,"C19 H32 O3 S1",19,32,3,NA,NA,1,NA,NA,NA,NA,NA
1150,339.210171,339.209458696081,339.20945538879,1452794.4,NA,345367.1,7.47,-1,0.00974999622778683,0.999982751196367,0,0.59998965071782,4,1.73684210526316,0.157894736842105,"P1 O3","de-protonated",0,NA,"C19 H33 O3 P1",19,33,3,NA,1,NA,NA,NA,NA,NA,NA
1151,340.06819,340.06747409324,340.067404531923,1928990.4,NA,349803.5,10.67,-1,0.204551556565344,0.99243669081397,0,0.595462014488382,8,1.07142857142857,0.642857142857143,"N1 O9","de-protonated",0,NA,"C14 H15 O9 N1",14,15,9,1,NA,NA,NA,NA,NA,NA,NA
1153,340.081126,340.080410038922,340.080291691545,1956642.8,NA,327094.6,10.86,-1,0.347998338224998,0.978265716736497,0,0.586959430041898,3,1.81818181818182,0.818181818181818,"N1 P1 O9","de-protonated",0,NA,"C11 H20 O9 N1 P1",11,20,9,1,1,NA,NA,NA,NA,NA,NA
1154,340.104432,340.103715941059,340.103790041308,3225386.8,NA,320963,19.4,-1,-0.217875397231181,0.991423675646397,0,0.594854205387838,7,1.26666666666667,0.533333333333333,"N1 O8","de-protonated",0,NA,"C15 H19 O8 N1",15,19,8,1,NA,NA,NA,NA,NA,NA,NA
1162,341.05196,341.051239962368,341.051257923572,8905325,NA,296088,57.65,-1,-0.0526642347978058,0.999496874754329,0,0.599698124852597,3,2.11111111111111,0.444444444444444,"N4 S2 P1 O4","de-protonated",0,NA,"C9 H19 O4 S2 N4 P1",9,19,4,4,1,2,NA,NA,NA,NA,NA
1163,341.077972,341.077251853143,341.077258196779,1455989.5,NA,348325.5,7.48,-1,-0.018598822354496,0.999937235930958,0,0.599962341558575,3,2,0.888888888888889,"N4 S1 O8","de-protonated",0,NA,"C9 H18 O8 S1 N4",9,18,8,4,NA,1,NA,NA,NA,NA,NA
1164,341.080385,341.079664843011,341.079563415731,7266934.5,NA,294365.8,46.61,-1,0.297371320382782,0.979230839491103,0.90647242249622,0.95012747269315,7,1.26666666666667,0.466666666666667,"P1 O7","de-protonated",0,NA,"C15 H19 O7 P1",15,19,7,NA,1,NA,NA,NA,NA,NA,NA
1165,341.088356,341.087635809541,341.087805624208,36307576,NA,287608.7,242.16,-1,-0.497862031250033,0.957377436719456,0.989339206929868,0.970162144803621,7,1.2,0.6,"O9","de-protonated",0,NA,"C15 H18 O9",15,18,9,NA,NA,NA,NA,NA,NA,NA,NA
1166,341.116716,341.115995690456,341.115948925115,8274562.5,NA,297861.5,53.4,-1,0.137095146974785,0.994859423985283,0.886234112468112,0.951409299378415,6,1.4375,0.375,"P1 O6","de-protonated",0,NA,"C16 H23 O6 P1",16,23,6,NA,1,NA,NA,NA,NA,NA,NA
1168,341.124813,341.124092656457,341.124191133593,30057094,NA,295098,200.08,-1,-0.288684116507187,0.990362214663436,0.987587462824442,0.989252313927839,6,1.375,0.5,"O8","de-protonated",0,NA,"C16 H22 O8",16,22,8,NA,NA,NA,NA,NA,NA,NA,NA
1169,341.137877,341.137156601601,341.137078293215,7209610,NA,291378.1,46.23,-1,0.229551084438313,0.990484360262274,0,0.594290616157364,1,2.07692307692308,0.615384615384615,"P1 O8","de-protonated",0,NA,"C13 H27 O8 P1",13,27,8,NA,1,NA,NA,NA,NA,NA,NA
1171,341.161147,341.16042650389,341.160576642977,40845968,NA,290058,272.73,-1,-0.440083343624156,0.973075644284424,0.999491377476407,0.983641937561218,5,1.52941176470588,0.411764705882353,"O7","de-protonated",0,NA,"C17 H26 O7",17,26,7,NA,NA,NA,NA,NA,NA,NA,NA
1172,341.174241,341.173520448908,341.173463802599,2638486.3,NA,288614.1,15.45,-1,0.16603374747817,0.99501045614804,0,0.597006273688824,0,2.21428571428571,0.5,"P1 O7","de-protonated",0,NA,"C14 H31 O7 P1",14,31,7,NA,1,NA,NA,NA,NA,NA,NA
1180,342.14116,342.140435388793,342.140569473885,1690078.5,NA,328324.9,9.06,-1,-0.391900591768771,0.972516738967296,0,0.583510043380378,1,2.08333333333333,0.833333333333333,"N1 O10","de-protonated",0,NA,"C12 H25 O10 N1",12,25,10,1,NA,NA,NA,NA,NA,NA,NA
1186,343.031255,343.030526651265,343.030684669918,1482764.3,NA,337755.5,7.46,-1,-0.460654571154682,0.962227962476288,0,0.577336777485773,8,0.923076923076923,0.846153846153846,"O11","de-protonated",0,NA,"C13 H12 O11",13,12,11,NA,NA,NA,NA,NA,NA,NA,NA
1187,343.057126,343.056397542632,343.05632604738,1798677,NA,325772.3,9.53,-1,0.208406743491072,0.992150045033068,0,0.595290027019841,11,0.944444444444444,0.166666666666667,"S1 P1 O3","de-protonated",0,NA,"C18 H17 O3 S1 P1",18,17,3,NA,1,1,NA,NA,NA,NA,NA
1188,343.059615,343.05888653218,343.058827970825,7949590,NA,293932,49.87,-1,0.170703538484054,0.497363296776729,0.867648864333947,0.645477523799616,7,1.21428571428571,0.571428571428571,"P1 O8","de-protonated",0,NA,"C14 H17 O8 P1",14,17,8,NA,1,NA,NA,NA,NA,NA,NA
1189,343.067682,343.066953498307,343.067070179302,11734297,NA,299015.9,74.69,-1,-0.34011132284498,0.985005944630939,0.987464681435288,0.985989439352679,7,1.14285714285714,0.714285714285714,"O10","de-protonated",0,NA,"C14 H16 O10",14,16,10,NA,NA,NA,NA,NA,NA,NA,NA
1191,343.082864,343.082135434557,343.082164129335,3141917.8,NA,306963.2,18.34,-1,-0.0836382078999659,0.998731508181501,0,0.5992389049089,6,1.61538461538462,0.0769230769230769,"N4 S2 P1 O1","de-protonated",0,NA,"C13 H21 O1 S2 N4 P1",13,21,1,4,1,2,NA,NA,NA,NA,NA
1193,343.095938,343.095209379659,343.095213480209,17741090,NA,294001.7,114.08,-1,-0.0119516372033343,0.999975676479733,0.948148450789228,0.979244786203531,6,1.4,0.466666666666667,"P1 O7","de-protonated",0,NA,"C15 H21 O7 P1",15,21,7,NA,1,NA,NA,NA,NA,NA,NA
1194,343.104071,343.103342345509,343.103455688686,25273636,NA,285489.4,163.48,-1,-0.33034694261785,0.969671320720803,0.990239803248019,0.977898713731689,6,1.33333333333333,0.6,"O9","de-protonated",0,NA,"C15 H20 O9",15,20,9,NA,NA,NA,NA,NA,NA,NA,NA
1195,343.113717,343.112988305005,343.112838603157,2282792.3,NA,308645,12.71,-1,0.436305003571982,0.966048783999075,0,0.579629270399445,19,0.615384615384615,0.0384615384615385,"O1","de-protonated",0,NA,"C26 H16 O1",26,16,1,NA,NA,NA,NA,NA,NA,NA,NA
1196,343.119342,343.118613281385,343.118711829971,4133162.3,NA,305375.2,24.84,-1,-0.287214256464332,0.985143394419808,0,0.591086036651885,10,1.05263157894737,0.315789473684211,"O6","de-protonated",0,NA,"C19 H20 O6",19,20,6,NA,NA,NA,NA,NA,NA,NA,NA
1197,343.132344,343.13161522679,343.131598989593,9825583,NA,293604.1,62.17,-1,0.0473206101693539,0.999690035167696,0.788952588525917,0.915395056510984,5,1.5625,0.375,"P1 O6","de-protonated",0,NA,"C16 H25 O6 P1",16,25,6,NA,1,NA,NA,NA,NA,NA,NA
1198,343.134824,343.134095216376,343.133967971256,2957615.5,NA,363591.9,17.13,-1,0.370832187934831,0.975356542341717,0,0.58521392540503,14,0.869565217391304,0.130434782608696,"O3","de-protonated",0,NA,"C23 H20 O3",23,20,3,NA,NA,NA,NA,NA,NA,NA,NA
1199,343.140407,343.139678192933,343.139841198071,15508785,NA,290858,99.44,-1,-0.475039963247279,0.958520346411643,0.982424059068681,0.968081831474459,5,1.5,0.5,"O8","de-protonated",0,NA,"C16 H24 O8",16,24,8,NA,NA,NA,NA,NA,NA,NA,NA
1202,343.168791,343.168062073748,343.167984498977,75777336,NA,294155.2,494.68,-1,0.22605480149198,0.661904758260875,0.976754973045293,0.787844844174642,4,1.70588235294118,0.294117647058824,"P1 O5","de-protonated",0,NA,"C17 H29 O5 P1",17,29,5,NA,1,NA,NA,NA,NA,NA,NA
1203,343.176833,343.176104039979,343.176226707455,8355133.5,NA,284829.4,52.53,-1,-0.357447474104648,0.488541604758554,0.843720152817574,0.630613023982162,4,1.64705882352941,0.411764705882353,"O7","de-protonated",0,NA,"C17 H28 O7",17,28,7,NA,NA,NA,NA,NA,NA,NA,NA
1205,343.213307,343.212577886824,343.212612216839,1786186,NA,267986.5,9.45,-1,-0.100025504948094,0.998186234315618,0,0.598911740589371,3,1.77777777777778,0.333333333333333,"O6","de-protonated",0,NA,"C18 H32 O6",18,32,6,NA,NA,NA,NA,NA,NA,NA,NA
1219,345.026018,345.025281275211,345.025205366296,1939887.9,NA,319231.2,10.45,-1,0.220009765378101,0.991255560884172,0,0.594753336530503,12,0.625,0.5625,"O9","de-protonated",0,NA,"C16 H10 O9",16,10,9,NA,NA,NA,NA,NA,NA,NA,NA
1220,345.038889,345.038152221165,345.038092525918,3050420.3,NA,342412.7,17.74,-1,0.173010598448492,0.994583479398262,0,0.596750087638957,7,1.15384615384615,0.692307692307692,"P1 O9","de-protonated",0,NA,"C13 H15 O9 P1",13,15,9,NA,1,NA,NA,NA,NA,NA,NA
1221,345.046958,345.046221187283,345.046334734396,2268087,NA,341347,12.6,-1,-0.329077868568138,0.980542307536712,0,0.588325384522027,7,1.07692307692308,0.846153846153846,"O11","de-protonated",0,NA,"C13 H14 O11",13,14,11,NA,NA,NA,NA,NA,NA,NA,NA
1222,345.056593,345.055856146826,345.055717648866,2963898.3,NA,304314.9,17.17,-1,0.401378538507925,0.971190887124244,0,0.582714532274546,20,0.416666666666667,0.125,"O3","de-protonated",0,NA,"C24 H10 O3",24,10,3,NA,NA,NA,NA,NA,NA,NA,NA
1223,345.062165,345.061428123429,345.061590875681,4351932,NA,299393.9,26.27,-1,-0.471661454566516,0.960437954152767,0,0.57626277249166,11,0.823529411764706,0.470588235294118,"O8","de-protonated",0,NA,"C17 H14 O8",17,14,8,NA,NA,NA,NA,NA,NA,NA,NA
1224,345.07526,345.074523068443,345.074478035303,25888704,NA,289603.4,167.51,-1,0.130502667705362,0.995916874259399,0.99037794244147,0.993701301532228,6,1.35714285714286,0.571428571428571,"P1 O8","de-protonated",0,NA,"C14 H19 O8 P1",14,19,8,NA,1,NA,NA,NA,NA,NA,NA
1225,345.083332,345.082595034548,345.08272024378,7442371,NA,289028.7,46.54,-1,-0.362838312859132,0.488197521464981,0.867648864333947,0.639978058612568,6,1.28571428571429,0.714285714285714,"O10","de-protonated",0,NA,"C14 H18 O10",14,18,10,NA,NA,NA,NA,NA,NA,NA,NA
1227,345.09856,345.097822970605,345.097976385065,8951752,NA,288779,56.44,-1,-0.444553344520928,0.961349132079339,0.992398392512536,0.973768836252618,10,1,0.388888888888889,"O7","de-protonated",0,NA,"C18 H18 O7",18,18,7,NA,NA,NA,NA,NA,NA,NA,NA
1228,345.101945,345.101207956392,345.101347688435,3353545.5,NA,312310.8,19.72,-1,-0.404901470916507,0.970690464752159,0,0.582414278851295,5,1.46666666666667,0.466666666666667,"S1 O7","de-protonated",0,NA,"C15 H22 O7 S1",15,22,7,NA,NA,1,NA,NA,NA,NA,NA
1229,345.111598,345.110860915858,345.110863544687,24442828,NA,292696.2,158.03,-1,-0.00761734463071035,0.996049122830955,0.920891644340303,0.965986131434694,5,1.53333333333333,0.466666666666667,"P1 O7","de-protonated",0,NA,"C15 H23 O7 P1",15,23,7,NA,1,NA,NA,NA,NA,NA,NA
1232,345.134968,345.134230817727,345.134361894449,7487444.5,NA,291875.1,46.83,-1,-0.379784618191849,0.97830916143477,0.957723455086218,0.970074878895349,9,1.15789473684211,0.315789473684211,"O6","de-protonated",0,NA,"C19 H22 O6",19,22,6,NA,NA,NA,NA,NA,NA,NA,NA
1233,345.148044,345.147306762821,345.147249054071,47966168,NA,290873.2,312.29,-1,0.167200375806493,0.997206541164617,0.987007797240846,0.993127043595109,4,1.6875,0.375,"P1 O6","de-protonated",0,NA,"C16 H27 O6 P1",16,27,6,NA,1,NA,NA,NA,NA,NA,NA
1234,345.156114,345.155376728935,345.155491262549,9496540,NA,302273.4,60.01,-1,-0.331831932800743,0.977364163342526,0.998476690548641,0.985809174224972,4,1.625,0.5,"O8","de-protonated",0,NA,"C16 H26 O8",16,26,8,NA,NA,NA,NA,NA,NA,NA,NA
1238,345.192467,345.191729576288,345.191876771933,4980712,NA,321734.5,30.39,-1,-0.426416885887894,0.967545272873083,0,0.580527163723849,3,1.76470588235294,0.411764705882353,"O7","de-protonated",0,NA,"C17 H30 O7",17,30,7,NA,NA,NA,NA,NA,NA,NA,NA
1250,346.288818,346.288075972686,346.288040063801,1610330.9,NA,294754,8.29,-1,0.103696576638922,0.998050788089643,0,0.598830472853786,0,2.21052631578947,0.105263157894737,"N1 P1 O2","de-protonated",0,NA,"C19 H42 O2 N1 P1",19,42,2,1,1,NA,NA,NA,NA,NA,NA
1254,347.041508,347.040762812124,347.040855430774,4220505,NA,299365.2,25.4,-1,-0.266881115350107,0.987159374623525,0,0.592295624774115,11,0.75,0.5625,"O9","de-protonated",0,NA,"C16 H12 O9",16,12,9,NA,NA,NA,NA,NA,NA,NA,NA
1255,347.054455,347.053709757759,347.053609648615,8561246,NA,288936.6,53.87,-1,0.288454410215894,0.989631753461102,0.939697340654002,0.969657988338262,19,0.5,0.0416666666666667,"S1 O1","de-protonated",0,NA,"C24 H12 O1 S1",24,12,1,NA,NA,1,NA,NA,NA,NA,NA
1256,347.072271,347.071525682949,347.071367713344,8630884,NA,300853,54.33,-1,0.455150207813391,0.481554242463732,0.792708917554682,0.606016112500112,19,0.5,0.125,"O3","de-protonated",0,NA,"C24 H12 O3",24,12,3,NA,NA,NA,NA,NA,NA,NA,NA
1257,347.077851,347.077105659519,347.077240940159,12919398,NA,287544,82.45,-1,-0.38977099037588,0.981232759143511,0.981991170726471,0.981536123776695,10,0.941176470588235,0.470588235294118,"O8","de-protonated",0,NA,"C17 H16 O8",17,16,8,NA,NA,NA,NA,NA,NA,NA,NA
1258,347.081041,347.080295646124,347.080232120973,1522534.6,NA,283228.9,7.71,-1,0.183027278551255,0.993940089012297,0,0.596364053407378,10,1.0625,0.3125,"N2 P1 O5","de-protonated",0,NA,"C16 H17 O5 N2 P1",16,17,5,2,1,NA,NA,NA,NA,NA,NA
1259,347.090926,347.090180604616,347.090128099781,48286312,NA,286205,314.39,-1,0.151271475535069,0.997615018595859,0.947560659755832,0.977593275059848,5,1.5,0.571428571428571,"P1 O8","de-protonated",0,NA,"C14 H21 O8 P1",14,21,8,NA,1,NA,NA,NA,NA,NA,NA
1261,347.108645,347.107899530214,347.107753222728,7787120,NA,286010.3,48.79,-1,0.421504516164809,0.976520599620368,0.95479776667279,0.967831466441337,18,0.64,0.08,"O2","de-protonated",0,NA,"C25 H16 O2",25,16,2,NA,NA,NA,NA,NA,NA,NA,NA
1262,347.114167,347.113421507027,347.113464258291,19110514,NA,288418.4,123.05,-1,-0.123162216909142,0.662555679936134,0.927279913856465,0.768445373504266,4,1.92307692307692,0.0769230769230769,"N4 S2 P1 O1","de-protonated",0,NA,"C13 H25 O1 S2 N4 P1",13,25,1,4,1,2,NA,NA,NA,NA,NA
1263,347.117505,347.116759493011,347.116617630358,2240627,NA,316283.1,12.42,-1,0.408688739188383,0.970147908246807,0,0.582088744948084,9,1.23529411764706,0.235294117647059,"N2 P1 O4","de-protonated",0,NA,"C17 H21 O4 N2 P1",17,21,4,2,1,NA,NA,NA,NA,NA,NA
1264,347.127275,347.126529451986,347.126513609165,25840246,NA,286626.4,167.19,-1,0.0456399054369308,0.998377360700889,0.851680396284,0.939698574934133,4,1.66666666666667,0.466666666666667,"P1 O7","de-protonated",0,NA,"C15 H25 O7 P1",15,25,7,NA,1,NA,NA,NA,NA,NA,NA
1265,347.135362,347.134616418029,347.134755817642,3485817,NA,282220.9,20.59,-1,-0.401572044637694,0.971163506972563,0,0.582698104183538,4,1.6,0.6,"O9","de-protonated",0,NA,"C15 H24 O9",15,24,9,NA,NA,NA,NA,NA,NA,NA,NA
1267,347.150642,347.149896353868,347.150011958927,10660478,NA,290766.6,67.64,-1,-0.333011826612409,0.490039502810342,0.828487690504102,0.625418777887846,8,1.26315789473684,0.315789473684211,"O6","de-protonated",0,NA,"C19 H24 O6",19,24,6,NA,NA,NA,NA,NA,NA,NA,NA
1268,347.163684,347.162938299104,347.162899118549,5174914.5,NA,306310,31.66,-1,0.112859279832983,0.997691517353908,0,0.598614910412344,3,1.8125,0.375,"P1 O6","de-protonated",0,NA,"C16 H29 O6 P1",16,29,6,NA,1,NA,NA,NA,NA,NA,NA
1270,347.187002,347.186256201191,347.186397468311,4412042.5,NA,302726.3,26.66,-1,-0.40689128754584,0.970405999530996,0,0.582243599718598,7,1.4,0.25,"O5","de-protonated",0,NA,"C20 H28 O5",20,28,5,NA,NA,NA,NA,NA,NA,NA,NA
1271,347.199986,347.199240146671,347.199284627934,3272334.8,NA,308476.7,19.19,-1,-0.128114499214679,0.997026254124889,0,0.598215752474934,2,1.94117647058824,0.294117647058824,"P1 O5","de-protonated",0,NA,"C17 H33 O5 P1",17,33,5,NA,1,NA,NA,NA,NA,NA,NA
1272,347.272801,347.272054840919,347.272055646702,2576551.5,NA,313844.2,14.62,-1,-0.00232032146247952,0.999999023100403,0,0.599999413860242,0,2.15789473684211,0.157894736842105,"P1 O3","de-protonated",0,NA,"C19 H41 O3 P1",19,41,3,NA,1,NA,NA,NA,NA,NA,NA
1274,348.073201,348.072451480022,348.072489912352,1553333.8,NA,349829.7,7.91,-1,-0.110414728958643,0.997790329165913,0,0.598674197499548,10,0.9375,0.5,"N1 O8","de-protonated",0,NA,"C16 H15 O8 N1",16,15,8,1,NA,NA,NA,NA,NA,NA,NA
1284,348.231709,348.230958814443,348.230919109511,2028011.3,NA,319824.4,11.02,-1,0.114018975372117,0.997643887790408,0,0.598586332674245,1,2.11764705882353,0.235294117647059,"N1 P1 O4","de-protonated",0,NA,"C17 H36 O4 N1 P1",17,36,4,1,1,NA,NA,NA,NA,NA,NA
1286,349.020767,349.020013501171,349.020119985868,2152181.5,NA,307931.9,11.84,-1,-0.305096155176555,0.983251926324191,0,0.589951155794514,11,0.666666666666667,0.666666666666667,"O10","de-protonated",0,NA,"C15 H10 O10",15,10,10,NA,NA,NA,NA,NA,NA,NA,NA
1287,349.051494,349.050740372148,349.050632268438,2806528,NA,281070.4,16.13,-1,0.309707819468552,0.982746216631157,0,0.589647729978694,19,0.434782608695652,0.173913043478261,"O4","de-protonated",0,NA,"C23 H10 O4",23,10,4,NA,NA,NA,NA,NA,NA,NA,NA
1288,349.055849,349.055095353861,349.055005893515,10624257,NA,228946.1,67.4,-1,0.256292976521889,0.494076045557642,0.901748117902259,0.657144874495489,0,2.3,0.7,"S2 P1 O7","de-protonated",0,NA,"C10 H23 O7 S2 P1",10,23,7,NA,1,2,NA,NA,NA,NA,NA
1289,349.057112,349.056358348558,349.056505495252,10798338,NA,257993.4,68.54,-1,-0.421555513343358,0.96800710995343,0.968644988684997,0.968262261446057,10,0.875,0.5625,"O9","de-protonated",0,NA,"C16 H14 O9",16,14,9,NA,NA,NA,NA,NA,NA,NA,NA
1290,349.070195,349.069441293622,349.069392654874,12600582,NA,284689.1,80.36,-1,0.139338334464128,0.997962865771066,0.980633864011777,0.99103126506735,5,1.46153846153846,0.692307692307692,"P1 O9","de-protonated",0,NA,"C13 H19 O9 P1",13,19,9,NA,1,NA,NA,NA,NA,NA,NA
1291,349.087918,349.087164219203,349.087017777822,17165580,NA,290796.2,110.29,-1,0.419498214626467,0.484286650759736,0.792708917554682,0.607655557477714,18,0.583333333333333,0.125,"O3","de-protonated",0,NA,"C24 H14 O3",24,14,3,NA,NA,NA,NA,NA,NA,NA,NA
1292,349.090142,349.089388209864,349.089357510014,3117837,NA,284758.3,18.17,-1,0.0879426689104132,0.998597675820115,0,0.599158605492069,9,1.26666666666667,0.133333333333333,"N4 S1 P1 O2","de-protonated",0,NA,"C15 H19 O2 S1 N4 P1",15,19,2,4,1,1,NA,NA,NA,NA,NA
1293,349.093443,349.092689196003,349.092728813384,31984910,NA,282711.6,207.48,-1,-0.113486698210475,0.665888547862605,0.926630606056794,0.770185371140281,4,1.91666666666667,0.166666666666667,"N4 S2 P1 O2","de-protonated",0,NA,"C12 H23 O2 S2 N4 P1",12,23,2,4,1,2,NA,NA,NA,NA,NA
1295,349.106524,349.105770141076,349.105778164259,300502304,NA,293632.8,1968.41,-1,-0.0229820969203348,0.499843484367888,0.976899061700693,0.69066571530101,4,1.64285714285714,0.571428571428571,"P1 O8","de-protonated",0,NA,"C14 H23 O8 P1",14,23,8,NA,1,NA,NA,NA,NA,NA,NA
1296,349.121866,349.121112076654,349.121034305543,1811223.8,NA,373603.3,9.6,-1,0.222762604725307,0.991036354691014,0,0.594621812814608,8,1.27777777777778,0.277777777777778,"P1 O5","de-protonated",0,NA,"C18 H23 O5 P1",18,23,5,NA,1,NA,NA,NA,NA,NA,NA
1298,349.129886,349.129132042978,349.129276514021,32533786,NA,287411.9,211.08,-1,-0.413803861061949,0.973360002654658,0.995788731046011,0.982331494011199,8,1.22222222222222,0.388888888888889,"O7","de-protonated",0,NA,"C18 H22 O7",18,22,7,NA,NA,NA,NA,NA,NA,NA,NA
1299,349.142913,349.142158988278,349.142163673643,25705758,NA,282564.8,166.3,-1,-0.0134196488655976,0.998042576857569,0.972099729348979,0.987665437854133,3,1.8,0.466666666666667,"P1 O7","de-protonated",0,NA,"C15 H27 O7 P1",15,27,7,NA,1,NA,NA,NA,NA,NA,NA
1301,349.166243,349.165488890314,349.165662023405,11621671,NA,286383.4,73.94,-1,-0.4958479873173,0.958163125219724,0.993207753155752,0.972180976394135,7,1.36842105263158,0.315789473684211,"O6","de-protonated",0,NA,"C19 H26 O6",19,26,6,NA,NA,NA,NA,NA,NA,NA,NA
1302,349.17939,349.17863583511,349.178549183027,4820267,NA,311481.1,29.33,-1,0.248159810798949,0.988887992185805,0,0.593332795311483,2,1.9375,0.375,"P1 O6","de-protonated",0,NA,"C16 H31 O6 P1",16,31,6,NA,1,NA,NA,NA,NA,NA,NA
1303,349.202631,349.20187673752,349.202047532789,3046707,NA,337289.6,17.7,-1,-0.489101568211123,0.957522349043045,0,0.574513409425827,6,1.5,0.25,"O5","de-protonated",0,NA,"C20 H30 O5",20,30,5,NA,NA,NA,NA,NA,NA,NA,NA
1304,349.215732,349.214977682509,349.214934692412,4802871.5,NA,305817.4,29.22,-1,0.123104979807116,0.997253952212778,0,0.598352371327667,1,2.05882352941176,0.294117647058824,"P1 O5","de-protonated",0,NA,"C17 H35 O5 P1",17,35,5,NA,1,NA,NA,NA,NA,NA,NA
1305,349.242538,349.24178356995,349.241804345544,2015552.4,NA,307188.5,10.94,-1,-0.0594877060068756,0.999358097825007,0,0.599614858695004,0,2.11111111111111,0.222222222222222,"S1 O4","de-protonated",0,NA,"C18 H38 O4 S1",18,38,4,NA,NA,1,NA,NA,NA,NA,NA
1306,349.252058,349.251303529975,349.251320201796,1487427.6,NA,289433.9,7.48,-1,-0.0477358839876561,0.999586615692554,0,0.599751969415533,0,2.16666666666667,0.222222222222222,"P1 O4","de-protonated",0,NA,"C18 H39 O4 P1",18,39,4,NA,1,NA,NA,NA,NA,NA,NA
1315,350.138265,350.137506808773,350.137412645836,3829358.8,NA,312964,22.83,-1,0.268931377359654,0.986962622232636,0,0.592177573339581,3,1.85714285714286,0.5,"N1 P1 O7","de-protonated",0,NA,"C14 H26 O7 N1 P1",14,26,7,1,1,NA,NA,NA,NA,NA,NA
1318,350.18278,350.182021621853,350.182040363698,1720189.6,NA,307283.2,9,-1,-0.053520290539819,0.999480389526184,0,0.59968823371571,2,1.93333333333333,0.533333333333333,"N1 O8","de-protonated",0,NA,"C15 H29 O8 N1",15,29,8,1,NA,NA,NA,NA,NA,NA,NA
1320,350.247437,350.246678350357,350.246569173989,4977299.5,NA,269632.4,30.36,-1,0.311712883704175,0.982524059568262,0,0.589514435740957,0,2.23529411764706,0.235294117647059,"N1 P1 O4","de-protonated",0,NA,"C17 H38 O4 N1 P1",17,38,4,1,1,NA,NA,NA,NA,NA,NA
1321,351.036422,351.035660037391,351.035770050346,5717917.5,NA,294141.5,35.22,-1,-0.313395283190173,0.982336586069151,0,0.589401951641491,10,0.8,0.666666666666667,"O10","de-protonated",0,NA,"C15 H12 O10",15,12,10,NA,NA,NA,NA,NA,NA,NA,NA
1322,351.049387,351.048624982951,351.048524268186,2511778,NA,306524,14.19,-1,0.286896989589666,0.985175954183132,0,0.591105572509879,18,0.521739130434783,0.0869565217391304,"S1 O2","de-protonated",0,NA,"C23 H12 O2 S1",23,12,2,NA,NA,1,NA,NA,NA,NA,NA
1323,351.052676,351.051913969141,351.051895571556,4291491,NA,283045.6,25.86,-1,0.0524070212251535,0.999501776086532,0,0.599701065651919,13,0.8,0.1,"S2 O2","de-protonated",0,NA,"C20 H16 O2 S2",20,16,2,NA,NA,2,NA,NA,NA,NA,NA
1324,351.062191,351.061428929187,351.061411427808,2632614.3,NA,307967.8,14.98,-1,0.0498527548054551,0.999549147759347,0,0.599729488655608,13,0.85,0.1,"S1 P1 O2","de-protonated",0,NA,"C20 H17 O2 S1 P1",20,17,2,NA,1,1,NA,NA,NA,NA,NA
1325,351.067189,351.0664269082,351.066282332916,3816360,NA,307670.3,22.74,-1,0.411817629847364,0.969696090824349,0,0.581817654494609,18,0.521739130434783,0.173913043478261,"O4","de-protonated",0,NA,"C23 H12 O4",23,12,4,NA,NA,NA,NA,NA,NA,NA,NA
1326,351.072792,351.072029884673,351.07215555973,25358250,NA,283680.7,164.02,-1,-0.357975006848078,0.973616029870548,0.987446742192647,0.979148314799388,9,1,0.5625,"O9","de-protonated",0,NA,"C16 H16 O9",16,16,9,NA,NA,NA,NA,NA,NA,NA,NA
1327,351.085848,351.085085829851,351.085042719352,9228206,NA,293813.2,58.24,-1,0.122792181282768,0.99077130553647,0.939579280934953,0.970294495695863,4,1.61538461538462,0.692307692307692,"P1 O9","de-protonated",0,NA,"C13 H21 O9 P1",13,21,9,NA,1,NA,NA,NA,NA,NA,NA
1328,351.10357,351.102807755435,351.1026678423,90001336,NA,284988.5,587.94,-1,0.398496360791044,0.323865743158512,0.77264057052872,0.503375674106595,17,0.666666666666667,0.125,"O3","de-protonated",0,NA,"C24 H16 O3",24,16,3,NA,NA,NA,NA,NA,NA,NA,NA
1329,351.109101,351.108338732211,351.108378877862,57561016,NA,280488.5,375.2,-1,-0.114339771085198,0.665844123426034,0.926630606056794,0.770158716478338,3,2.08333333333333,0.166666666666667,"N4 S2 P1 O2","de-protonated",0,NA,"C12 H25 O2 S2 N4 P1",12,25,2,4,1,2,NA,NA,NA,NA,NA
1330,351.122186,351.121423677266,351.121428228737,20811706,NA,283717.6,134.2,-1,-0.0129626668920824,0.999703757731114,0.973671179803397,0.989290726560027,3,1.78571428571429,0.571428571428571,"P1 O8","de-protonated",0,NA,"C14 H25 O8 P1",14,25,8,NA,1,NA,NA,NA,NA,NA,NA
1331,351.135118,351.134355622965,351.134379151069,8261567,NA,291549.9,51.9,-1,-0.0670059836371044,0.982631055106304,0.968301443930862,0.976899210636127,3,2,0.5,"N4 S1 O6","de-protonated",0,NA,"C12 H24 O6 S1 N4",12,24,6,4,NA,1,NA,NA,NA,NA,NA
1333,351.145563,351.144800579106,351.144926578499,29978562,NA,285788.3,194.32,-1,-0.358824472171493,0.488454181338099,0.836034543948893,0.627486326382416,7,1.33333333333333,0.388888888888889,"O7","de-protonated",0,NA,"C18 H24 O7",18,24,7,NA,NA,NA,NA,NA,NA,NA,NA
1334,351.15855,351.157787524573,351.157813738121,12146631,NA,285894.5,77.37,-1,-0.0746489088846602,0.998453948952366,0.967945418735416,0.986250536865586,2,1.93333333333333,0.466666666666667,"P1 O7","de-protonated",0,NA,"C15 H29 O7 P1",15,29,7,NA,1,NA,NA,NA,NA,NA,NA
1336,351.195021,351.194258371431,351.194199247505,3864531,NA,297166.7,23.06,-1,0.168351087866997,0.994870565930183,0,0.59692233955811,1,2.0625,0.375,"P1 O6","de-protonated",0,NA,"C16 H33 O6 P1",16,33,6,NA,1,NA,NA,NA,NA,NA,NA
1337,351.22168,351.220917259489,351.221068900637,1809628.1,NA,307565.6,9.58,-1,-0.431754134089578,0.966741495247718,0,0.580044897148631,0,2.11764705882353,0.294117647058824,"S1 O5","de-protonated",0,NA,"C17 H36 O5 S1",17,36,5,NA,NA,1,NA,NA,NA,NA,NA
1338,351.231402,351.230639218666,351.23058475689,2683359.3,NA,327481.1,15.31,-1,0.155059892130719,0.99564682842165,0,0.59738809705299,0,2.17647058823529,0.294117647058824,"P1 O5","de-protonated",0,NA,"C17 H37 O5 P1",17,37,5,NA,1,NA,NA,NA,NA,NA,NA
1339,352.068098,352.067331705361,352.067404531923,2413817.5,NA,296411.1,13.54,-1,-0.206854032072607,0.992266127932614,0,0.595359676759568,9,1,0.6,"N1 O9","de-protonated",0,NA,"C15 H15 O9 N1",15,15,9,1,NA,NA,NA,NA,NA,NA,NA
1342,352.104498,352.103731552517,352.103790041308,3123461.8,NA,328030.7,18.2,-1,-0.166112358371713,0.995005742118041,0,0.597003445270825,8,1.1875,0.5,"N1 O8","de-protonated",0,NA,"C16 H19 O8 N1",16,19,8,1,NA,NA,NA,NA,NA,NA,NA
1346,352.138347,352.137580410384,352.137673627247,1427473.1,NA,343462.1,7.08,-1,-0.264717098902018,0.987365452087171,0,0.592419271252302,11,1.0952380952381,0.0952380952380952,"N1 S1 O2","de-protonated",0,NA,"C21 H23 O2 S1 N1",21,23,2,1,NA,1,NA,NA,NA,NA,NA
1349,352.153906,352.153139345051,352.153062710314,2622742.5,NA,295703.4,14.91,-1,0.217617694234761,0.991443864807528,0,0.594866318884517,2,2,0.5,"N1 P1 O7","de-protonated",0,NA,"C14 H28 O7 N1 P1",14,28,7,1,1,NA,NA,NA,NA,NA,NA
1352,352.190112,352.189345193022,352.189448219698,1601570.6,NA,255617.3,8.22,-1,-0.292531979889205,0.984592465593477,0,0.590755479356086,1,2.13333333333333,0.4,"N1 P1 O6","de-protonated",0,NA,"C15 H32 O6 N1 P1",15,32,6,1,1,NA,NA,NA,NA,NA,NA
1355,353.052054,353.051283573708,353.051420114824,14590533,NA,287509.7,93.4,-1,-0.386745692389257,0.486612643650229,0.859523230357577,0.635776878333169,9,0.933333333333333,0.666666666666667,"O10","de-protonated",0,NA,"C15 H14 O10",15,14,10,NA,NA,NA,NA,NA,NA,NA,NA
1356,353.077986,353.077215464819,353.077061492286,4020814,NA,302210.6,24.08,-1,0.436087612290348,0.966082028090101,0,0.579649216854061,12,0.95,0.1,"S1 P1 O2","de-protonated",0,NA,"C20 H19 O2 S1 P1",20,19,2,NA,1,1,NA,NA,NA,NA,NA
1357,353.080377,353.079606454779,353.079563415731,7166543,NA,298612.8,44.71,-1,0.121896174998869,0.998126881514565,0.797279997479757,0.917788127900641,8,1.1875,0.4375,"P1 O7","de-protonated",0,NA,"C16 H19 O7 P1",16,19,7,NA,1,NA,NA,NA,NA,NA,NA
1358,353.08281,353.082039444563,353.081932397394,2901583.5,NA,313626.4,16.74,-1,0.303179402046844,0.983459958791325,0,0.590075975274795,17,0.608695652173913,0.173913043478261,"O4","de-protonated",0,NA,"C23 H14 O4",23,14,4,NA,NA,NA,NA,NA,NA,NA,NA
1359,353.08841,353.087639421048,353.087805624208,54202960,NA,282852,353.17,-1,-0.470713395493089,0.480296832242426,0.85154837932281,0.62879745107458,8,1.125,0.5625,"O9","de-protonated",0,NA,"C16 H18 O9",16,18,9,NA,NA,NA,NA,NA,NA,NA,NA
1360,353.101424,353.100653366402,353.100559842049,5451350,NA,294243.9,33.46,-1,0.264866058797701,0.493675659579177,0.792708917554682,0.613288962769379,16,0.75,0.0416666666666667,"S1 O1","de-protonated",0,NA,"C24 H18 O1 S1",24,18,1,NA,NA,1,NA,NA,NA,NA,NA
1361,353.11679,353.11601930188,353.115948925115,7334491,NA,302429.5,45.81,-1,0.199302142000223,0.996129391308667,0.826212357781544,0.928162577897818,7,1.35294117647059,0.352941176470588,"P1 O6","de-protonated",0,NA,"C17 H23 O6 P1",17,23,6,NA,1,NA,NA,NA,NA,NA,NA
1363,353.124851,353.124080268032,353.124191133593,56758876,NA,285538.9,369.94,-1,-0.313956289471393,0.491136927766805,0.843720152817574,0.632170217787113,7,1.29411764705882,0.470588235294118,"O8","de-protonated",0,NA,"C17 H22 O8",17,22,8,NA,NA,NA,NA,NA,NA,NA,NA
1364,353.132132,353.131361237459,353.1312050664,2892384.3,NA,295737.7,16.68,-1,0.442246554519372,0.965134219562841,0,0.579080531737705,11,1.0952380952381,0.142857142857143,"P1 O3","de-protonated",0,NA,"C21 H23 O3 P1",21,23,3,NA,1,NA,NA,NA,NA,NA,NA
1365,353.13792,353.137149213155,353.137078293215,18350690,NA,286626.4,118.06,-1,0.200828359868046,0.996215075451484,0.983018166815544,0.990936311997108,2,1.92857142857143,0.571428571428571,"P1 O8","de-protonated",0,NA,"C14 H27 O8 P1",14,27,8,NA,1,NA,NA,NA,NA,NA,NA
1366,353.153172,353.152401149111,353.152334434499,4205159.5,NA,306145.9,25.29,-1,0.188911711379808,0.993545446269816,0,0.596127267761889,6,1.5,0.277777777777778,"P1 O5","de-protonated",0,NA,"C18 H27 O5 P1",18,27,5,NA,1,NA,NA,NA,NA,NA,NA
1367,353.155628,353.154857138799,353.154703416162,3701352.3,NA,275082.9,21.99,-1,0.43528412533583,0.966204765715684,0,0.57972285942941,15,0.88,0.08,"O2","de-protonated",0,NA,"C25 H22 O2",25,22,2,NA,NA,NA,NA,NA,NA,NA,NA
1368,353.161154,353.160383115595,353.160414451725,18076266,NA,281888.8,116.26,-1,-0.0887305843693751,0.659916193979812,0.927279913856465,0.766861681930473,1,2.38461538461538,0.0769230769230769,"N4 S2 P1 O1","de-protonated",0,NA,"C13 H31 O1 S2 N4 P1",13,31,1,4,1,2,NA,NA,NA,NA,NA
1369,353.174286,353.173515060453,353.173463802599,6103662.5,NA,295800.4,37.74,-1,0.145135067058055,0.996185225625151,0,0.59771113537509,1,2.06666666666667,0.466666666666667,"P1 O7","de-protonated",0,NA,"C15 H31 O7 P1",15,31,7,NA,1,NA,NA,NA,NA,NA,NA
1370,353.189505,353.188733996548,353.188719943884,2152051.5,NA,342956.6,11.83,-1,0.0397879764817121,0.999712792908027,0,0.599827675744816,5,1.63157894736842,0.210526315789474,"P1 O4","de-protonated",0,NA,"C19 H31 O4 P1",19,31,4,NA,1,NA,NA,NA,NA,NA,NA
1371,353.197667,353.196895962276,353.196962152361,2725494.3,NA,318965.6,15.59,-1,-0.187402759202287,0.993647820425742,0,0.596188692255445,5,1.57894736842105,0.315789473684211,"O6","de-protonated",0,NA,"C19 H30 O6",19,30,6,NA,NA,NA,NA,NA,NA,NA,NA
1372,353.200957,353.200185948461,353.200333455731,7128695.5,NA,281509.7,44.46,-1,-0.417630608343501,0.484424053549331,0.85154837932281,0.631273783858723,0,2.125,0.375,"S1 O6","de-protonated",0,NA,"C16 H34 O6 S1",16,34,6,NA,NA,1,NA,NA,NA,NA,NA
1373,353.210622,353.209850907878,353.209849311983,1565050.8,NA,322019.5,7.98,-1,0.00451826112819027,0.999996295789336,0,0.599997777473602,0,2.1875,0.375,"P1 O6","de-protonated",0,NA,"C16 H35 O6 P1",16,35,6,NA,1,NA,NA,NA,NA,NA,NA
1377,354.096778,354.096003186889,354.095941756023,2169253.5,NA,284864.5,11.94,-1,0.173486500081044,0.994553721286597,0,0.596732232771958,3,1.83333333333333,0.75,"N1 P1 O9","de-protonated",0,NA,"C12 H22 O9 N1 P1",12,22,9,1,1,NA,NA,NA,NA,NA,NA
1380,354.133129,354.13235403425,354.132327265408,1932721.8,NA,362091.1,10.39,-1,0.0755899435994725,0.998963768574582,0,0.599378261144749,2,2,0.615384615384615,"N1 P1 O8","de-protonated",0,NA,"C13 H26 O8 N1 P1",13,26,8,1,1,NA,NA,NA,NA,NA,NA
1383,355.031325,355.030546262705,355.030684669918,2667232.5,NA,270247,14.79,-1,-0.389845774731856,0.972800239080039,0,0.583680143448023,9,0.857142857142857,0.785714285714286,"O11","de-protonated",0,NA,"C14 H12 O11",14,12,11,NA,NA,NA,NA,NA,NA,NA,NA
1384,355.05721,355.056431154014,355.05632604738,3381481.3,NA,348939.2,19.34,-1,0.29602805499011,0.984224928829375,0,0.590534957297625,12,0.894736842105263,0.157894736842105,"S1 P1 O3","de-protonated",0,NA,"C19 H17 O3 S1 P1",19,17,3,NA,1,1,NA,NA,NA,NA,NA
1385,355.059593,355.058814144007,355.058827970825,4425962,NA,285611.5,26.01,-1,-0.0389423276774654,0.999724870036035,0,0.599834922021621,8,1.13333333333333,0.533333333333333,"P1 O8","de-protonated",0,NA,"C15 H17 O8 P1",15,17,8,NA,1,NA,NA,NA,NA,NA,NA
1386,355.06763,355.06685111026,355.06690798805,23303404,NA,277508,146.43,-1,-0.160188935362292,0.665048719030821,0.925296572484496,0.769147860412291,3,2.1,0.4,"N4 S2 P1 O4","de-protonated",0,NA,"C10 H21 O4 S2 N4 P1",10,21,4,4,1,2,NA,NA,NA,NA,NA
1388,355.082993,355.08221404575,355.082326320587,2218226,NA,354484.4,11.92,-1,-0.316193818452316,0.982022583853466,0,0.589213550312079,12,0.842105263157895,0.368421052631579,"O7","de-protonated",0,NA,"C19 H16 O7",19,16,7,NA,NA,NA,NA,NA,NA,NA,NA
1389,355.096052,355.095272990915,355.095213480209,13669622,NA,295026.8,84.98,-1,0.167590843541121,0.997458182247488,0.90663776851055,0.961130016752713,7,1.3125,0.4375,"P1 O7","de-protonated",0,NA,"C16 H21 O7 P1",16,21,7,NA,1,NA,NA,NA,NA,NA,NA
1390,355.104083,355.103303957193,355.103455688686,52425976,NA,282270.2,332.22,-1,-0.427288135293871,0.965992259309554,0.985747530966075,0.973894367972163,7,1.25,0.5625,"O9","de-protonated",0,NA,"C16 H20 O9",16,20,9,NA,NA,NA,NA,NA,NA,NA,NA
1391,355.117214,355.116434902056,355.116342848308,1973757.5,NA,231463.3,10.36,-1,0.259221376497157,0.9878814527893,0,0.59272887167358,2,1.92307692307692,0.692307692307692,"P1 O9","de-protonated",0,NA,"C13 H25 O9 P1",13,25,9,NA,1,NA,NA,NA,NA,NA,NA
1392,355.119339,355.118559893133,355.118711829971,1536254.1,NA,307439.9,7.57,-1,-0.427848022209721,0.967330662591323,0,0.580398397554794,11,1,0.3,"O6","de-protonated",0,NA,"C20 H20 O6",20,20,6,NA,NA,NA,NA,NA,NA,NA,NA
1393,355.130067,355.129287848085,355.129293770641,1777409.8,NA,269422.1,9.11,-1,-0.0166771807757306,0.99994953524809,0,0.599969721148854,2,2.18181818181818,0.636363636363636,"N4 S1 O7","de-protonated",0,NA,"C11 H24 O7 S1 N4",11,24,7,4,NA,1,NA,NA,NA,NA,NA
1394,355.132391,355.131611838327,355.131598989593,9446659,NA,289706.4,58.03,-1,0.0361802043752726,0.999427235768029,0.95267000493862,0.980724343436265,6,1.47058823529412,0.352941176470588,"P1 O6","de-protonated",0,NA,"C17 H25 O6 P1",17,25,6,NA,1,NA,NA,NA,NA,NA,NA
1395,355.134913,355.134133827737,355.133967971256,6673667.5,NA,282355.4,40.34,-1,0.467025111462484,0.480598345171948,0.792708917554682,0.605442574125042,15,0.833333333333333,0.125,"O3","de-protonated",0,NA,"C24 H20 O3",24,20,3,NA,NA,NA,NA,NA,NA,NA,NA
1396,355.140494,355.139714804302,355.139841198071,28103942,NA,280508.1,177.06,-1,-0.355898588808386,0.979197448645206,0.988137147859496,0.982773328330922,6,1.41176470588235,0.470588235294118,"O8","de-protonated",0,NA,"C17 H24 O8",17,24,8,NA,NA,NA,NA,NA,NA,NA,NA
1397,355.153565,355.152785749417,355.152728357693,15193354,NA,285273.9,94.7,-1,0.161597306616347,0.995450579156353,0.994639125766289,0.995125997800328,1,2.07142857142857,0.571428571428571,"P1 O8","de-protonated",0,NA,"C14 H29 O8 P1",14,29,8,NA,1,NA,NA,NA,NA,NA,NA
1398,355.168837,355.168057685289,355.167984498977,4152591,NA,300405.9,24.26,-1,0.206061118004885,0.992325077664709,0,0.595395046598826,5,1.61111111111111,0.277777777777778,"P1 O5","de-protonated",0,NA,"C18 H29 O5 P1",18,29,5,NA,1,NA,NA,NA,NA,NA,NA
1401,355.189863,355.189083597001,355.189113867077,2490646,NA,300736.2,13.66,-1,-0.0852224206752557,0.998683031380584,0,0.59920981882835,0,2.2,0.466666666666667,"P1 O7","de-protonated",0,NA,"C15 H33 O7 P1",15,33,7,NA,1,NA,NA,NA,NA,NA,NA
1402,355.205209,355.204429532563,355.204370008362,4191515.3,NA,296385.4,24.51,-1,0.167577332669393,0.994917488412478,0,0.596950493047487,4,1.73684210526316,0.210526315789474,"P1 O4","de-protonated",0,NA,"C19 H33 O4 P1",19,33,4,NA,1,NA,NA,NA,NA,NA,NA
1404,356.063116,356.062332930192,356.062319151495,1767996.4,NA,340646,9.05,-1,0.0386974313911662,0.999728319101614,0,0.599836991460968,8,1.07142857142857,0.714285714285714,"N1 O10","de-protonated",0,NA,"C14 H15 O10 N1",14,15,10,1,NA,NA,NA,NA,NA,NA,NA
1409,356.112395,356.111611723268,356.11145887872,3669581,NA,292637.4,21.18,-1,0.429204242010474,0.967126667192048,0,0.580276000315229,15,0.826086956521739,0.0434782608695652,"N1 S1 O1","de-protonated",0,NA,"C23 H19 O1 S1 N1",23,19,1,1,NA,1,NA,NA,NA,NA,NA
1418,357.046939,357.046151799098,357.046172543143,4097928.3,NA,293424.2,23.91,-1,-0.0580990567901254,0.999387707414451,0,0.59963262444867,3,2.11111111111111,0.555555555555556,"N4 S2 P1 O5","de-protonated",0,NA,"C9 H19 O5 S2 N4 P1",9,19,5,4,1,2,NA,NA,NA,NA,NA
1419,357.056561,357.055773758695,357.055717648866,1816971.5,NA,270199.5,9.36,-1,0.157145861927641,0.995529181003142,0,0.597317508601885,21,0.4,0.12,"O3","de-protonated",0,NA,"C25 H10 O3",25,10,3,NA,NA,NA,NA,NA,NA,NA,NA
1420,357.062245,357.061457734827,357.061590875681,3300749.3,NA,287798.4,18.82,-1,-0.372879236032738,0.975087147208285,0,0.585052288324971,12,0.777777777777778,0.444444444444444,"O8","de-protonated",0,NA,"C18 H14 O8",18,14,8,NA,NA,NA,NA,NA,NA,NA,NA
1421,357.065745,357.064957720131,357.064962179051,1739662.5,NA,282269.1,8.86,-1,-0.0124876991319752,0.999971704815034,0,0.59998302288902,7,1.2,0.533333333333333,"S1 O8","de-protonated",0,NA,"C15 H18 O8 S1",15,18,8,NA,NA,1,NA,NA,NA,NA,NA
1423,357.075319,357.074531679929,357.074478035303,12511122,NA,292361.9,77.58,-1,0.150233718703122,0.996422585639217,0.937125323317231,0.972703680710423,7,1.26666666666667,0.533333333333333,"P1 O8","de-protonated",0,NA,"C15 H19 O8 P1",15,19,8,NA,1,NA,NA,NA,NA,NA,NA
1424,357.083374,357.082586646106,357.08272024378,20760468,NA,279092.5,130.21,-1,-0.374136484888459,0.98404028113242,0.961320335483756,0.974952302872955,7,1.2,0.666666666666667,"O10","de-protonated",0,NA,"C15 H18 O10",15,18,10,NA,NA,NA,NA,NA,NA,NA,NA
1425,357.093038,357.092250605527,357.09210315825,3552663.8,NA,271166.1,20.43,-1,0.412911053319392,0.969537435944643,0,0.581722461566786,20,0.538461538461538,0.0769230769230769,"O2","de-protonated",0,NA,"C26 H14 O2",26,14,2,NA,NA,NA,NA,NA,NA,NA,NA
1426,357.098569,357.097781582302,357.097814193813,4461465.5,NA,292593.1,26.23,-1,-0.0913237476670929,0.998487857518669,0,0.599092714511202,6,1.64285714285714,0.0714285714285714,"N4 S2 P1 O1","de-protonated",0,NA,"C14 H23 O1 S2 N4 P1",14,23,1,4,1,2,NA,NA,NA,NA,NA
1427,357.111643,357.110855527404,357.110863544687,20031390,NA,283899.9,125.56,-1,-0.0224504030592153,0.999814339754684,0.957191150715045,0.982765064138829,6,1.4375,0.4375,"P1 O7","de-protonated",0,NA,"C16 H23 O7 P1",16,23,7,NA,1,NA,NA,NA,NA,NA,NA
1429,357.119697,357.118909493585,357.118943561912,22980512,NA,279258.6,144.37,-1,-0.0953977032728349,0.665115233830859,0.925969598629941,0.769456979750492,1,2.45454545454545,0.272727272727273,"N4 S2 P1 O3","de-protonated",0,NA,"C11 H27 O3 S2 N4 P1",11,27,3,4,1,2,NA,NA,NA,NA,NA
1430,357.129437,357.128649452687,357.128488667635,2598308,NA,250705.9,14.34,-1,0.450216258428807,0.963889436582515,0,0.578333661949509,19,0.666666666666667,0.037037037037037,"O1","de-protonated",0,NA,"C27 H18 O1",27,18,1,NA,NA,NA,NA,NA,NA,NA,NA
1431,357.132785,357.131997438628,357.131859971005,3551141.3,NA,312441.3,20.42,-1,0.384921198691551,0.973473940997848,0,0.584084364598708,14,0.916666666666667,0.0416666666666667,"S1 O1","de-protonated",0,NA,"C24 H22 O1 S1",24,22,1,NA,NA,1,NA,NA,NA,NA,NA
1434,357.148118,357.147330374245,357.147249054071,7665578.5,NA,282841.9,46.67,-1,0.22769368602918,0.995174453087469,0.93386263136041,0.970649724396645,5,1.58823529411765,0.352941176470588,"P1 O6","de-protonated",0,NA,"C17 H27 O6 P1",17,27,6,NA,1,NA,NA,NA,NA,NA,NA
1436,357.156134,357.155346340585,357.155491262549,11558829,NA,285835.2,71.51,-1,-0.405767142803969,0.98431768147314,0.975129284819151,0.980642322811544,5,1.52941176470588,0.470588235294118,"O8","de-protonated",0,NA,"C17 H26 O8",17,26,8,NA,NA,NA,NA,NA,NA,NA,NA
1438,357.169165,357.168377285868,357.168378422171,2987953.5,NA,272389.7,16.83,-1,-0.00318142013727922,0.999998163480767,0,0.59999889808846,0,2.21428571428571,0.571428571428571,"P1 O8","de-protonated",0,NA,"C14 H31 O8 P1",14,31,8,NA,1,NA,NA,NA,NA,NA,NA
1439,357.184409,357.183621221858,357.183634563456,2424758.5,NA,302713.9,13.23,-1,-0.037352208348712,0.999746877107684,0,0.59984812626461,4,1.72222222222222,0.277777777777778,"P1 O5","de-protonated",0,NA,"C18 H31 O5 P1",18,31,5,NA,1,NA,NA,NA,NA,NA,NA
1440,357.192489,357.19170118793,357.191876771933,6308793.5,NA,280925.9,38.01,-1,-0.491567738098194,0.478551124351566,0.836034543948893,0.621544492190497,4,1.66666666666667,0.388888888888889,"O7","de-protonated",0,NA,"C18 H30 O7",18,30,7,NA,NA,NA,NA,NA,NA,NA,NA
1454,359.041643,359.040847423291,359.040855430774,3044905.3,NA,282768.2,17.19,-1,-0.0223024282144629,0.999909751803732,0,0.599945851082239,12,0.705882352941177,0.529411764705882,"O9","de-protonated",0,NA,"C17 H12 O9",17,12,9,NA,NA,NA,NA,NA,NA,NA,NA
1456,359.054588,359.053792368935,359.053742590396,7080493.5,NA,283422.7,42.93,-1,0.138638127959788,0.988490830650472,0.939943892378732,0.969072055341776,7,1.21428571428571,0.642857142857143,"P1 O9","de-protonated",0,NA,"C14 H17 O9 P1",14,17,9,NA,1,NA,NA,NA,NA,NA,NA
1457,359.062612,359.061816335242,359.061984798874,4634160.5,NA,284204.5,27.33,-1,-0.469177018690684,0.96084538893746,0,0.576507233362476,7,1.14285714285714,0.785714285714286,"O11","de-protonated",0,NA,"C14 H16 O11",14,16,11,NA,NA,NA,NA,NA,NA,NA,NA
1458,359.072341,359.07154529439,359.071367713344,3420723.5,NA,287854.2,19.58,-1,0.494556407645744,0.956590560342154,0,0.573954336205292,20,0.48,0.12,"O3","de-protonated",0,NA,"C25 H12 O3",25,12,3,NA,NA,NA,NA,NA,NA,NA,NA
1459,359.07786,359.077064271215,359.077240940159,6668853.5,NA,295616.7,40.31,-1,-0.492008189477255,0.958530891280785,0.980900360674649,0.967478679038331,11,0.888888888888889,0.444444444444444,"O8","de-protonated",0,NA,"C18 H16 O8",18,16,8,NA,NA,NA,NA,NA,NA,NA,NA
1460,359.081151,359.080355257396,359.080232120973,2589238.5,NA,284830.9,14.28,-1,0.342921753729117,0.978888516315951,0,0.587333109789571,11,1,0.294117647058824,"N2 P1 O5","de-protonated",0,NA,"C17 H17 O5 N2 P1",17,17,5,2,1,NA,NA,NA,NA,NA,NA
1461,359.090915,359.090119216397,359.090128099781,25573946,NA,279958.5,160.91,-1,-0.0247385899377302,0.999788511885998,0.957027177248778,0.98268397803111,6,1.4,0.533333333333333,"P1 O8","de-protonated",0,NA,"C15 H21 O8 P1",15,21,8,NA,1,NA,NA,NA,NA,NA,NA
1462,359.098992,359.098196182482,359.098370308258,9159229,NA,283631.6,56.19,-1,-0.484897149942538,0.964979025879385,0.980463800471551,0.971172935716252,6,1.33333333333333,0.666666666666667,"O10","de-protonated",0,NA,"C15 H20 O10",15,20,10,NA,NA,NA,NA,NA,NA,NA,NA
1464,359.114335,359.113539118056,359.113626449543,8780354,NA,288947.2,53.78,-1,-0.243186224098527,0.494663288893892,0.828487690504102,0.628193049537976,10,1.05263157894737,0.368421052631579,"O7","de-protonated",0,NA,"C19 H20 O7",19,20,7,NA,NA,NA,NA,NA,NA,NA,NA
1465,359.127354,359.126558063389,359.126513609165,19622470,NA,286135.2,122.94,-1,0.123784300031361,0.998597040380612,0.935594249454784,0.973395924010281,5,1.5625,0.4375,"P1 O7","de-protonated",0,NA,"C16 H25 O7 P1",16,25,7,NA,1,NA,NA,NA,NA,NA,NA
1466,359.135384,359.134588029671,359.134755817642,7909961,NA,273661.6,48.22,-1,-0.467200594769171,0.480584049082314,0.85154837932281,0.628969781178512,5,1.5,0.5625,"O9","de-protonated",0,NA,"C16 H24 O9",16,24,9,NA,NA,NA,NA,NA,NA,NA,NA
1467,359.145029,359.144232989171,359.144138732113,2135116,NA,326725.4,11.38,-1,0.26244910731099,0.987579675960177,0,0.592547805576106,18,0.740740740740741,0.037037037037037,"O1","de-protonated",0,NA,"C27 H20 O1",27,20,1,NA,NA,NA,NA,NA,NA,NA,NA
1469,359.163732,359.162935910637,359.162899118549,12694098,NA,276376.1,78.74,-1,0.102438441886938,0.998670767569375,0.928292092999858,0.970519297741568,4,1.70588235294118,0.352941176470588,"P1 O6","de-protonated",0,NA,"C17 H29 O6 P1",17,29,6,NA,1,NA,NA,NA,NA,NA,NA
1470,359.17185,359.171053876549,359.171141327027,7158357,NA,285456.7,43.43,-1,-0.243478573912923,0.494650518900896,0.843720152817574,0.634278372467567,4,1.64705882352941,0.470588235294118,"O8","de-protonated",0,NA,"C17 H28 O8",17,28,8,NA,NA,NA,NA,NA,NA,NA,NA
1471,359.199964,359.199167758498,359.199284627934,1599582.6,NA,366217.9,7.97,-1,-0.325360991922039,0.98097518326833,0,0.588585109960998,3,1.83333333333333,0.277777777777778,"P1 O5","de-protonated",0,NA,"C18 H33 O5 P1",18,33,5,NA,1,NA,NA,NA,NA,NA,NA
1479,360.109578,360.108777939009,360.108875421736,1499793.9,NA,304472.6,7.33,-1,-0.270703484008076,0.986791381645382,0,0.592074828987229,10,1.05555555555556,0.388888888888889,"N1 O7","de-protonated",0,NA,"C18 H19 O7 N1",18,19,7,1,NA,NA,NA,NA,NA,NA,NA
1489,361.020697,361.0198931132,361.019957794616,1848005.6,NA,285171.3,9.55,-1,-0.179162992385881,0.994192538935746,0,0.596515523361448,7,1.36363636363636,0.363636363636364,"N4 S2 P1 O4","de-protonated",0,NA,"C11 H15 O4 S2 N4 P1",11,15,4,4,1,2,NA,NA,NA,NA,NA
1490,361.033833,361.033029058042,361.032874203708,1860810,NA,318458.3,9.63,-1,0.428920312358331,0.967169424255096,0,0.580301654553058,20,0.416666666666667,0.0833333333333333,"S1 O2","de-protonated",0,NA,"C24 H10 O2 S1",24,10,2,NA,NA,1,NA,NA,NA,NA,NA
1492,361.057141,361.056336960171,361.056505495252,6249682,NA,284410.7,37.63,-1,-0.466783118604168,0.480618051479187,0.843720152817574,0.625858892014542,11,0.823529411764706,0.529411764705882,"O9","de-protonated",0,NA,"C17 H14 O9",17,14,9,NA,NA,NA,NA,NA,NA,NA,NA
1493,361.070166,361.069361905478,361.069259713093,18943190,NA,279181.1,118.6,-1,0.283027100533383,0.976194024243076,0.950393142507573,0.965873671548875,19,0.56,0.04,"S1 O1","de-protonated",0,NA,"C25 H14 O1 S1",25,14,1,NA,NA,1,NA,NA,NA,NA,NA
1495,361.087952,361.087147830795,361.087017777822,9002204,NA,284156.8,55.19,-1,0.360170723691283,0.488368400217091,0.785920818505338,0.60738936753239,19,0.56,0.12,"O3","de-protonated",0,NA,"C25 H14 O3",25,14,3,NA,NA,NA,NA,NA,NA,NA,NA
1496,361.093501,361.092696807494,361.092728813384,15846622,NA,279854.1,98.85,-1,-0.0886362078049427,0.665625468494645,0.927279913856465,0.770287246639373,5,1.76923076923077,0.153846153846154,"N4 S2 P1 O2","de-protonated",0,NA,"C13 H23 O2 S2 N4 P1",13,23,2,4,1,2,NA,NA,NA,NA,NA
1497,361.096949,361.096144793016,361.096262308007,2583775.3,NA,305165.9,14.24,-1,-0.325439509866917,0.980966087767065,0,0.588579652660239,5,1.46666666666667,0.533333333333333,"S1 O8","de-protonated",0,NA,"C15 H22 O8 S1",15,22,8,NA,NA,1,NA,NA,NA,NA,NA
1498,361.106642,361.105837752315,361.105778164259,27352290,NA,280994.7,172.25,-1,0.165015516046075,0.996935531737483,0.952472291008556,0.979150235445912,5,1.53333333333333,0.533333333333333,"P1 O8","de-protonated",0,NA,"C15 H23 O8 P1",15,23,8,NA,1,NA,NA,NA,NA,NA,NA
1499,361.11473,361.113925718353,361.114020372736,2915557.5,NA,332775.6,16.36,-1,-0.262117717541162,0.987610827013756,0,0.592566496208254,5,1.46666666666667,0.666666666666667,"O10","de-protonated",0,NA,"C15 H22 O10",15,22,10,NA,NA,NA,NA,NA,NA,NA,NA
1500,361.124365,361.123560677896,361.123403287206,6909160.5,NA,292542.1,41.83,-1,0.435836303658113,0.483060219847875,0.779247987650237,0.60153532696882,18,0.692307692307692,0.0769230769230769,"O2","de-protonated",0,NA,"C26 H18 O2",26,18,2,NA,NA,NA,NA,NA,NA,NA,NA
1501,361.129888,361.129083654704,361.129114322769,17976554,NA,272311.2,112.44,-1,-0.0849227134997948,0.66575042145513,0.927917829923809,0.770617384842602,4,1.92857142857143,0.0714285714285714,"N4 S2 P1 O1","de-protonated",0,NA,"C14 H27 O1 S2 N4 P1",14,27,1,4,1,2,NA,NA,NA,NA,NA
1502,361.142912,361.142107600016,361.142163673643,25648366,NA,280881.7,161.38,-1,-0.155267460041293,0.997805841982787,0.886767977121845,0.95339069603841,4,1.6875,0.4375,"P1 O7","de-protonated",0,NA,"C16 H27 O7 P1",16,27,7,NA,1,NA,NA,NA,NA,NA,NA
1504,361.160761,361.159956525068,361.159788796591,5228789,NA,302751.2,31.11,-1,0.464416256926914,0.480810297032951,0.772687513667176,0.597561183686641,17,0.814814814814815,0.037037037037037,"O1","de-protonated",0,NA,"C27 H22 O1",27,22,1,NA,NA,NA,NA,NA,NA,NA,NA
1506,361.166345,361.165540501621,361.165662023405,8746231,NA,274337.4,53.55,-1,-0.336471036185442,0.986103871779717,0.973656808627933,0.981125046519004,8,1.3,0.3,"O6","de-protonated",0,NA,"C20 H26 O6",20,26,6,NA,NA,NA,NA,NA,NA,NA,NA
1507,361.179447,361.178642446605,361.178549183027,4233467.5,NA,287727.3,24.76,-1,0.258220146455883,0.98797432252751,0,0.592784593516506,3,1.82352941176471,0.352941176470588,"P1 O6","de-protonated",0,NA,"C17 H31 O6 P1",17,31,6,NA,1,NA,NA,NA,NA,NA,NA
1511,362.0889,362.088091627792,362.08813997683,1820206.8,NA,326197.9,9.37,-1,-0.1335283663267,0.99677002936154,0,0.598062017616924,10,1,0.470588235294118,"N1 O8","de-protonated",0,NA,"C17 H17 O8 N1",17,17,8,1,NA,NA,NA,NA,NA,NA,NA
1515,362.125262,362.124453475107,362.124525486214,1863739,NA,262714.8,9.65,-1,-0.198857304160465,0.992850432518221,0,0.595710259510932,9,1.16666666666667,0.388888888888889,"N1 O7","de-protonated",0,NA,"C18 H21 O7 N1",18,21,7,1,NA,NA,NA,NA,NA,NA,NA
1519,362.182671,362.181862234045,362.182040363698,2047054.4,NA,296600.6,10.81,-1,-0.491823537268355,0.957058564166275,0,0.574235138499765,3,1.8125,0.5,"N1 O8","de-protonated",0,NA,"C16 H29 O8 N1",16,29,8,1,NA,NA,NA,NA,NA,NA,NA
1521,363.036372,363.035559649336,363.035607859094,3948399.3,NA,286696.3,22.94,-1,-0.13279622413235,0.996805295928624,0,0.598083177557175,6,1.54545454545455,0.363636363636364,"N4 S2 P1 O4","de-protonated",0,NA,"C11 H17 O4 S2 N4 P1",11,17,4,4,1,2,NA,NA,NA,NA,NA
1522,363.049392,363.048579594665,363.048524268186,3720051.8,NA,278362,21.49,-1,0.15239416946698,0.995794905090155,0,0.597476943054093,19,0.5,0.0833333333333333,"S1 O2","de-protonated",0,NA,"C24 H12 O2 S1",24,12,2,NA,NA,1,NA,NA,NA,NA,NA
1524,363.072839,363.07202649621,363.07215555973,14806908,NA,248669.2,92.21,-1,-0.35547622728795,0.979208465456806,0.984398354315923,0.981284421000453,10,0.941176470588235,0.529411764705882,"O9","de-protonated",0,NA,"C17 H16 O9",17,16,9,NA,NA,NA,NA,NA,NA,NA,NA
1525,363.085919,363.085106441287,363.085042719352,28680064,NA,280218.7,180.72,-1,0.175501403755745,0.996437957567342,0.96668658082142,0.984537406868973,5,1.5,0.642857142857143,"P1 O9","de-protonated",0,NA,"C14 H21 O9 P1",14,21,9,NA,1,NA,NA,NA,NA,NA,NA
1526,363.101042,363.100229377785,363.100298860637,1908613.1,NA,316536.9,9.93,-1,-0.191359941597616,0.993377623420484,0,0.59602657405229,9,1.16666666666667,0.333333333333333,"P1 O6","de-protonated",0,NA,"C18 H21 O6 P1",18,21,6,NA,1,NA,NA,NA,NA,NA,NA
1527,363.103633,363.102820366906,363.1026678423,9258886,NA,276156.6,56.82,-1,0.420059170405049,0.984101863970172,0.996794702871907,0.989178999530866,18,0.64,0.12,"O3","de-protonated",0,NA,"C25 H16 O3",25,16,3,NA,NA,NA,NA,NA,NA,NA,NA
1528,363.109143,363.108330343769,363.108378877862,34054024,NA,279259.1,215,-1,-0.133662829897082,0.664328858890411,0.927279913856465,0.769509280876832,4,1.92307692307692,0.153846153846154,"N4 S2 P1 O2","de-protonated",0,NA,"C13 H25 O2 S2 N4 P1",13,25,2,4,1,2,NA,NA,NA,NA,NA
1529,363.112441,363.111628329921,363.111532249929,1735049,NA,386713.3,8.82,-1,0.264601871694528,0.98737637923088,0,0.592425827538528,9,1.23529411764706,0.294117647058824,"N2 P1 O5","de-protonated",0,NA,"C17 H21 O5 N2 P1",17,21,5,2,1,NA,NA,NA,NA,NA,NA
1530,363.122231,363.121418288812,363.121428228737,18108300,NA,273619.8,113.27,-1,-0.0273735552991857,0.999898382860884,0.921736072505595,0.968633458718768,4,1.66666666666667,0.533333333333333,"P1 O8","de-protonated",0,NA,"C15 H25 O8 P1",15,25,8,NA,1,NA,NA,NA,NA,NA,NA
1532,363.14562,363.144807190601,363.144926578499,23224212,NA,279882.2,145.91,-1,-0.328761023420559,0.490289696127483,0.828487690504102,0.62556889387813,8,1.26315789473684,0.368421052631579,"O7","de-protonated",0,NA,"C19 H24 O7",19,24,7,NA,NA,NA,NA,NA,NA,NA,NA
1533,363.158619,363.157806136018,363.157813738121,13031321,NA,279007.7,80.89,-1,-0.0209333312531315,0.99988265222102,0.886949945609186,0.954709569576286,3,1.8125,0.4375,"P1 O7","de-protonated",0,NA,"C16 H29 O7 P1",16,29,7,NA,1,NA,NA,NA,NA,NA,NA
1535,363.195046,363.19423298306,363.194199247505,4298661,NA,283734.7,25.18,-1,0.0928857210110638,0.998435729544519,0,0.599061437726711,2,1.94117647058824,0.352941176470588,"P1 O6","de-protonated",0,NA,"C17 H33 O6 P1",17,33,6,NA,1,NA,NA,NA,NA,NA,NA
1536,363.231405,363.230591830388,363.23058475689,1782705.3,NA,315356.5,9.13,-1,0.019473851651694,0.999931191419141,0,0.599958714851484,1,2.05555555555556,0.277777777777778,"P1 O5","de-protonated",0,NA,"C18 H37 O5 P1",18,37,5,NA,1,NA,NA,NA,NA,NA,NA
1537,364.068045,364.067228317318,364.067404531923,1720524.6,NA,348445.6,8.73,-1,-0.484016429171246,0.958382482959515,0,0.575029489775709,10,0.9375,0.5625,"N1 O9","de-protonated",0,NA,"C16 H15 O9 N1",16,15,9,1,NA,NA,NA,NA,NA,NA,NA
1547,364.153868,364.153050956945,364.153062710314,1816041.6,NA,269296.1,9.34,-1,-0.0322759014622846,0.999810996631133,0,0.59988659797868,3,1.86666666666667,0.466666666666667,"N1 P1 O7","de-protonated",0,NA,"C15 H28 O7 N1 P1",15,28,7,1,1,NA,NA,NA,NA,NA,NA
1549,364.226636,364.225818651391,364.225833729082,2789122.3,NA,282090.2,15.54,-1,-0.0413965458996962,0.999689104439723,0,0.599813462663834,1,2.11764705882353,0.294117647058824,"N1 P1 O5","de-protonated",0,NA,"C17 H36 O5 N1 P1",17,36,5,1,1,NA,NA,NA,NA,NA,NA
1550,365.051978,365.051157185762,365.051257923572,9878042,NA,250797.9,60.77,-1,-0.275955246988983,0.986965095074974,0.950999617278,0.972578903956185,5,1.72727272727273,0.363636363636364,"N4 S2 P1 O4","de-protonated",0,NA,"C11 H19 O4 S2 N4 P1",11,19,4,4,1,2,NA,NA,NA,NA,NA
1551,365.065118,365.064297130587,365.064174332664,4180510.5,NA,283681.1,24.42,-1,0.336373522306126,0.489839456355593,0.792708917554682,0.610987240835229,18,0.583333333333333,0.0833333333333333,"S1 O2","de-protonated",0,NA,"C24 H14 O2 S1",24,14,2,NA,NA,1,NA,NA,NA,NA,NA
1554,365.08846,365.087639032573,365.087805624208,36102696,NA,274849.6,228.06,-1,-0.456305668811839,0.961912117767928,0.991873361618633,0.97389661530821,9,1.05882352941176,0.529411764705882,"O9","de-protonated",0,NA,"C17 H18 O9",17,18,9,NA,NA,NA,NA,NA,NA,NA,NA
1555,365.101455,365.100633978007,365.100559842049,25166378,NA,274208.2,158.3,-1,0.203056270437271,0.6576309662805,0.903135663707497,0.755832845251299,17,0.72,0.04,"S1 O1","de-protonated",0,NA,"C25 H18 O1 S1",25,18,1,NA,NA,1,NA,NA,NA,NA,NA
1556,365.116715,365.11589391393,365.115948925115,3830320,NA,299886.1,22.18,-1,-0.150667714382382,0.995889448431405,0,0.597533669058843,8,1.27777777777778,0.333333333333333,"P1 O6","de-protonated",0,NA,"C18 H23 O6 P1",18,23,6,NA,1,NA,NA,NA,NA,NA,NA
1557,365.119272,365.118450903193,365.118317906778,6554161,NA,277486.1,39.56,-1,0.364255662180782,0.488106241336942,0.785920818505338,0.607232072204301,17,0.72,0.12,"O3","de-protonated",0,NA,"C25 H18 O3",25,18,3,NA,NA,NA,NA,NA,NA,NA,NA
1558,365.124825,365.124003879876,365.12402894234,47923764,NA,275357,303.48,-1,-0.0686409626378343,0.665972989298,0.927279913856465,0.770495759121386,3,2.07692307692308,0.153846153846154,"N4 S2 P1 O2","de-protonated",0,NA,"C13 H27 O2 S2 N4 P1",13,27,2,4,1,2,NA,NA,NA,NA,NA
1559,365.137944,365.137122824789,365.137078293215,15188535,NA,282775.1,94.64,-1,0.121958510013716,0.996260964641805,0.959799161350555,0.981676243325305,3,1.8,0.533333333333333,"P1 O8","de-protonated",0,NA,"C15 H27 O8 P1",15,27,8,NA,1,NA,NA,NA,NA,NA,NA
1560,365.153217,365.152395760657,365.152334434499,4375100.5,NA,287939.8,25.66,-1,0.167946776480649,0.994895111089157,0,0.596937066653494,7,1.42105263157895,0.263157894736842,"P1 O5","de-protonated",0,NA,"C19 H27 O5 P1",19,27,5,NA,1,NA,NA,NA,NA,NA,NA
1562,365.161205,365.160383727115,365.160414451725,19104320,NA,280385.8,119.62,-1,-0.0841400335698614,0.66569373867743,0.927917829923809,0.770583375175981,2,2.21428571428571,0.0714285714285714,"N4 S2 P1 O1","de-protonated",0,NA,"C14 H31 O1 S2 N4 P1",14,31,1,4,1,2,NA,NA,NA,NA,NA
1563,365.174222,365.173400672456,365.173463802599,8696388,NA,280392,53.23,-1,-0.172877135529763,0.986471040641095,0.99028207532115,0.987995454513117,2,1.9375,0.4375,"P1 O7","de-protonated",0,NA,"C16 H31 O7 P1",16,31,7,NA,1,NA,NA,NA,NA,NA,NA
1564,365.197608,365.196786574258,365.196962152361,4356683.5,NA,289691.1,25.54,-1,-0.480776460866622,0.958926222256136,0,0.575355733353681,6,1.5,0.3,"O6","de-protonated",0,NA,"C20 H30 O6",20,30,6,NA,NA,NA,NA,NA,NA,NA,NA
1565,365.210649,365.209827519499,365.209849311983,3834447.8,NA,303831.1,22.21,-1,-0.059671130333549,0.99935413452188,0,0.599612480713128,1,2.05882352941176,0.352941176470588,"P1 O6","de-protonated",0,NA,"C17 H35 O6 P1",17,35,6,NA,1,NA,NA,NA,NA,NA,NA
1566,365.247036,365.246214366709,365.246234821368,19206748,NA,278963.3,120.28,-1,-0.0560023805164254,0.999707274034056,0.999838777441222,0.999759875396923,0,2.16666666666667,0.277777777777778,"P1 O5","de-protonated",0,NA,"C18 H39 O5 P1",18,39,5,NA,1,NA,NA,NA,NA,NA,NA
1568,366.083752,366.08292685332,366.083054596401,2944888,NA,305349.2,16.53,-1,-0.348945627901438,0.978148533546465,0,0.586889120127879,9,1.0625,0.5625,"N1 O9","de-protonated",0,NA,"C16 H17 O9 N1",16,17,9,1,NA,NA,NA,NA,NA,NA,NA
1571,366.096932,366.096106797977,366.095941756023,1826684.6,NA,250058.3,9.4,-1,0.450816124052999,0.963794909962843,0,0.578276945977706,4,1.69230769230769,0.692307692307692,"N1 P1 O9","de-protonated",0,NA,"C13 H22 O9 N1 P1",13,22,9,1,1,NA,NA,NA,NA,NA,NA
1573,366.120095,366.119269700715,366.119440105786,3411844.5,NA,307036.9,19.51,-1,-0.465435735197721,0.961455203004963,0,0.576873121802978,8,1.23529411764706,0.470588235294118,"N1 O8","de-protonated",0,NA,"C17 H21 O8 N1",17,21,8,1,NA,NA,NA,NA,NA,NA,NA
1575,366.133091,366.132265646144,366.132327265408,3496328.8,NA,274041.2,20.05,-1,-0.168297794705643,0.994873804623148,0,0.596924282773889,3,1.85714285714286,0.571428571428571,"N1 P1 O8","de-protonated",0,NA,"C14 H26 O8 N1 P1",14,26,8,1,1,NA,NA,NA,NA,NA,NA
1581,367.031309,367.030479874507,367.030522478666,3784890,NA,272389.4,21.27,-1,-0.116077971176506,0.997558129320325,0,0.598534877592195,5,1.7,0.5,"N4 S2 P1 O5","de-protonated",0,NA,"C10 H17 O5 S2 N4 P1",10,17,5,4,1,2,NA,NA,NA,NA,NA
1582,367.05723,367.056400765664,367.05632604738,4018370.8,NA,287741.9,22.72,-1,0.203560813056754,0.992509504591942,0,0.595505702755165,13,0.85,0.15,"S1 P1 O3","de-protonated",0,NA,"C20 H17 O3 S1 P1",20,17,3,NA,1,1,NA,NA,NA,NA,NA
1583,367.059757,367.058927755053,367.058827970825,3727555.5,NA,267159.2,20.91,-1,0.271848055732626,0.986680198559956,0,0.592008119135974,9,1.0625,0.5,"P1 O8","de-protonated",0,NA,"C16 H17 O8 P1",16,17,8,NA,1,NA,NA,NA,NA,NA,NA
1584,367.067688,367.066858721751,367.06690798805,23450822,NA,272959.6,143.16,-1,-0.134216127595549,0.665429191831741,0.925969598629941,0.769645354551021,4,1.90909090909091,0.363636363636364,"N4 S2 P1 O4","de-protonated",0,NA,"C11 H21 O4 S2 N4 P1",11,21,4,4,1,2,NA,NA,NA,NA,NA
1585,367.080739,367.079909666949,367.079824397142,3286730.8,NA,284296.9,18.18,-1,0.232292273793739,0.990256858215115,0,0.594154114929069,17,0.666666666666667,0.0833333333333333,"S1 O2","de-protonated",0,NA,"C24 H16 O2 S1",24,16,2,NA,NA,1,NA,NA,NA,NA,NA
1586,367.096091,367.095261602486,367.095213480209,8053968,NA,300087.4,47.73,-1,0.131089361590935,0.998418678613343,0.816348245915119,0.925590505534053,8,1.23529411764706,0.411764705882353,"P1 O7","de-protonated",0,NA,"C17 H21 O7 P1",17,21,7,NA,1,NA,NA,NA,NA,NA,NA
1588,367.104147,367.103317568659,367.103455688686,63038676,NA,276851.6,388.52,-1,-0.376242787856463,0.324880480336755,0.830747868982637,0.527227435795108,8,1.17647058823529,0.529411764705882,"O9","de-protonated",0,NA,"C17 H20 O9",17,20,9,NA,NA,NA,NA,NA,NA,NA,NA
1589,367.117206,367.116376513824,367.116209906527,8103127,NA,276003.3,48.03,-1,0.453827132918257,0.481659337913713,0.785920818505338,0.603363930150363,16,0.8,0.04,"S1 O1","de-protonated",0,NA,"C25 H20 O1 S1",25,20,1,NA,NA,1,NA,NA,NA,NA,NA
1590,367.13242,367.13159044994,367.131598989593,8465628,NA,298254.9,50.28,-1,-0.0232604695498977,0.997672042118129,0.842397715007241,0.935562311273774,7,1.38888888888889,0.333333333333333,"P1 O6","de-protonated",0,NA,"C18 H25 O6 P1",18,25,6,NA,1,NA,NA,NA,NA,NA,NA
1591,367.13497,367.134140439232,367.133967971256,5016797,NA,272572.9,28.9,-1,0.469768507534801,0.480374283651326,0.785920818505338,0.602592897592931,16,0.8,0.12,"O3","de-protonated",0,NA,"C25 H20 O3",25,20,3,NA,NA,NA,NA,NA,NA,NA,NA
1592,367.140454,367.139624416205,367.139679006818,43476192,NA,271172.7,267.27,-1,-0.148691674259183,0.663866998917246,0.927279913856465,0.769232164892933,2,2.23076923076923,0.153846153846154,"N4 S2 P1 O2","de-protonated",0,NA,"C13 H29 O2 S2 N4 P1",13,29,2,4,1,2,NA,NA,NA,NA,NA
1594,367.153566,367.152736361147,367.152728357693,11807971,NA,281720.5,70.99,-1,0.0217987068521234,0.999506165620459,0.973670942930781,0.989172076544588,2,1.93333333333333,0.533333333333333,"P1 O8","de-protonated",0,NA,"C15 H29 O8 P1",15,29,8,NA,1,NA,NA,NA,NA,NA,NA
1595,367.168856,367.168026296944,367.167984498977,6106344.5,NA,273753.6,35.66,-1,0.113838810985406,0.979134490604544,0.919272303198708,0.955189615642209,6,1.52631578947368,0.263157894736842,"P1 O5","de-protonated",0,NA,"C19 H29 O5 P1",19,29,5,NA,1,NA,NA,NA,NA,NA,NA
1597,367.176912,367.176082263117,367.176226707455,10753259,NA,282767.8,64.46,-1,-0.393392402569883,0.969826961115174,0.984345463473055,0.975634362058326,6,1.47368421052632,0.368421052631579,"O7","de-protonated",0,NA,"C19 H28 O7",19,28,7,NA,NA,NA,NA,NA,NA,NA,NA
1598,367.190009,367.189179208122,367.189113867077,4400368,NA,282670.3,25.08,-1,0.177949298807498,0.994270729663912,0,0.596562437798347,1,2.0625,0.4375,"P1 O7","de-protonated",0,NA,"C16 H33 O7 P1",16,33,7,NA,1,NA,NA,NA,NA,NA,NA
1599,367.207523,367.206693134581,367.206738990025,1719029.9,NA,297832.3,8.46,-1,-0.124876368663501,0.997174469036801,0,0.59830468142208,14,1.03703703703704,0.037037037037037,"O1","de-protonated",0,NA,"C27 H28 O1",27,28,1,NA,NA,NA,NA,NA,NA,NA,NA
1601,367.216471,367.215641097008,367.215603397654,1798904.9,NA,321899.3,8.96,-1,0.102662722949388,0.998089424609718,0,0.598853654765831,5,1.73684210526316,0.157894736842105,"N2 P1 O3","de-protonated",0,NA,"C19 H33 O3 N2 P1",19,33,3,2,1,NA,NA,NA,NA,NA,NA
1607,368.112486,368.111652334621,368.111591820501,3339305.5,NA,267944.3,18.5,-1,0.164390693040608,0.995108478920097,0,0.597065087352058,3,1.84615384615385,0.692307692307692,"N1 P1 O9","de-protonated",0,NA,"C13 H24 O9 N1 P1",13,24,9,1,1,NA,NA,NA,NA,NA,NA
1610,368.148914,368.148080181659,368.147977329886,1688118,NA,294100.1,8.27,-1,0.279376174129244,0.985937553170424,0,0.591562531902254,2,2,0.571428571428571,"N1 P1 O8","de-protonated",0,NA,"C14 H28 O8 N1 P1",14,28,8,1,1,NA,NA,NA,NA,NA,NA
1615,369.047043,369.046205410395,369.046334734396,8959848,NA,269448.9,53.34,-1,-0.350427542709484,0.488982302316157,0.859523230357577,0.637198673532725,9,0.933333333333333,0.733333333333333,"O11","de-protonated",0,NA,"C15 H14 O11",15,14,11,NA,NA,NA,NA,NA,NA,NA,NA
1616,369.072917,369.07207930175,369.071976111858,5701488.5,NA,278461.8,33.14,-1,0.27959286688541,0.492957942291195,0.821075868479145,0.624205112766375,12,0.95,0.15,"S1 P1 O3","de-protonated",0,NA,"C20 H19 O3 S1 P1",20,19,3,NA,1,1,NA,NA,NA,NA,NA
1617,369.075277,369.07443929184,369.074478035303,11145073,NA,280934,66.88,-1,-0.104974645004944,0.998836077588761,0.888948252469429,0.954880947541028,8,1.1875,0.5,"P1 O8","de-protonated",0,NA,"C16 H19 O8 P1",16,19,8,NA,1,NA,NA,NA,NA,NA,NA
1618,369.083356,369.082518257916,369.082558052528,41387892,NA,272224.9,254.33,-1,-0.107820352459387,0.665479149691835,0.925969598629941,0.769675329267077,3,2.09090909090909,0.363636363636364,"N4 S2 P1 O4","de-protonated",0,NA,"C11 H23 O4 S2 N4 P1",11,23,4,4,1,2,NA,NA,NA,NA,NA
1620,369.098598,369.097760193915,369.097814193813,2576761.5,NA,254297.5,13.78,-1,-0.146302404818282,0.996123733083328,0,0.597674239849997,7,1.53333333333333,0.0666666666666667,"N4 S2 P1 O1","de-protonated",0,NA,"C15 H23 O1 S2 N4 P1",15,23,1,4,1,2,NA,NA,NA,NA,NA
1621,369.111782,369.110944138555,369.110863544687,17745790,NA,281209.1,107.79,-1,0.218345966002837,0.985860314654892,0.908866496817515,0.955062787519941,7,1.35294117647059,0.411764705882353,"P1 O7","de-protonated",0,NA,"C17 H23 O7 P1",17,23,7,NA,1,NA,NA,NA,NA,NA,NA
1622,369.114201,369.113363128398,369.11323252635,2628478.8,NA,298111.8,14.1,-1,0.353826512289068,0.977539927098673,0,0.586523956259204,16,0.75,0.166666666666667,"O4","de-protonated",0,NA,"C24 H18 O4",24,18,4,NA,NA,NA,NA,NA,NA,NA,NA
1623,369.119763,369.118925105043,369.119105753164,56928128,NA,271659.2,350.65,-1,-0.489403336127744,0.478735523941566,0.843720152817574,0.624729375491969,7,1.29411764705882,0.529411764705882,"O9","de-protonated",0,NA,"C17 H22 O9",17,22,9,NA,NA,NA,NA,NA,NA,NA,NA
1625,369.132748,369.131910050518,369.131859971005,7534469,NA,275539.2,44.5,-1,0.135668358542726,0.498332921836401,0.785920818505338,0.613368080503976,15,0.88,0.04,"S1 O1","de-protonated",0,NA,"C25 H22 O1 S1",25,22,1,NA,NA,1,NA,NA,NA,NA,NA
1626,369.14808,369.147241986139,369.147249054071,13162378,NA,286485,79.39,-1,-0.0191466476311645,0.999114837783099,0.95428779797279,0.981184021858976,6,1.5,0.333333333333333,"P1 O6","de-protonated",0,NA,"C18 H27 O6 P1",18,27,6,NA,1,NA,NA,NA,NA,NA,NA
1627,369.150613,369.149774975503,369.149618035734,4049803.3,NA,298973.7,22.91,-1,0.425138645661166,0.483868193648889,0.785920818505338,0.604689243591468,15,0.88,0.12,"O3","de-protonated",0,NA,"C25 H22 O3",25,22,3,NA,NA,NA,NA,NA,NA,NA,NA
1628,369.156133,369.155294952324,369.155329071296,22296462,NA,269722.7,136,-1,-0.0924244336640912,0.666146863295592,0.927279913856465,0.770600083519941,1,2.38461538461538,0.153846153846154,"N4 S2 P1 O2","de-protonated",0,NA,"C13 H31 O2 S2 N4 P1",13,31,2,4,1,2,NA,NA,NA,NA,NA
1629,369.169244,369.168405897271,369.168378422171,6305681.5,NA,288534.9,36.89,-1,0.074424305515973,0.99899546473789,0,0.599397278842734,1,2.06666666666667,0.533333333333333,"P1 O8","de-protonated",0,NA,"C15 H31 O8 P1",15,31,8,NA,1,NA,NA,NA,NA,NA,NA
1630,369.184532,369.183693833076,369.183634563455,6569878.5,NA,279590.5,38.52,-1,0.160542383482109,0.994810867187475,0.927468482695817,0.967873913390812,5,1.63157894736842,0.263157894736842,"P1 O5","de-protonated",0,NA,"C19 H31 O5 P1",19,31,5,NA,1,NA,NA,NA,NA,NA,NA
1631,369.192479,369.191640799706,369.191714580681,6326169.5,NA,282968.5,37.01,-1,-0.199844610009357,0.992779520119164,0,0.595667712071499,0,2.5,0.0714285714285714,"N4 S2 P1 O1","de-protonated",0,NA,"C14 H35 O1 S2 N4 P1",14,35,1,4,1,2,NA,NA,NA,NA,NA
1633,370.050293,370.049451197727,370.049467019322,1848509.9,NA,315371.3,9.26,-1,-0.0427553519037512,0.999668363154985,0,0.599801017892991,12,0.947368421052632,0.0526315789473684,"N1 S2 P1 O1","de-protonated",0,NA,"C19 H18 O1 S2 N1 P1",19,18,1,1,1,2,NA,NA,NA,NA,NA
1636,370.091617,370.090775024206,370.090723433813,2262732,NA,275027.4,11.83,-1,0.139399313364906,0.99648026737352,0,0.597888160424112,16,0.739130434782609,0.0869565217391304,"N1 S1 O2","de-protonated",0,NA,"C23 H17 O2 S1 N1",23,17,2,1,NA,1,NA,NA,NA,NA,NA
1637,370.109407,370.108564949505,370.108481498543,1771218.1,NA,308518.2,8.78,-1,0.225477034028367,0.990817586452509,0,0.594490551871505,16,0.739130434782609,0.173913043478261,"N1 O4","de-protonated",0,NA,"C23 H17 O4 N1",23,17,4,1,NA,NA,NA,NA,NA,NA,NA
1640,370.128039,370.127196871269,370.127108943198,12751064,NA,272739.1,76.83,-1,0.237561825453486,0.494906041374488,0.792708917554682,0.614027191846565,15,0.875,0.0416666666666667,"N1 S1 O1","de-protonated",0,NA,"C24 H21 O1 S1 N1",24,21,1,1,NA,1,NA,NA,NA,NA,NA
1645,371.041451,371.040605035832,371.040693239522,2305040.3,NA,295542.6,12.09,-1,-0.237719720750192,0.989798604801228,0,0.593879162880737,8,1.30769230769231,0.230769230769231,"N4 S2 P1 O3","de-protonated",0,NA,"C13 H17 O3 S2 N4 P1",13,17,3,4,1,2,NA,NA,NA,NA,NA
1646,371.052176,371.051329990798,371.051240666952,3373588,NA,283923.6,18.71,-1,0.240731834261203,0.989539811405909,0,0.593723886843545,12,0.894736842105263,0.210526315789474,"S1 P1 O4","de-protonated",0,NA,"C19 H17 O4 S1 P1",19,17,4,NA,1,1,NA,NA,NA,NA,NA
1647,371.054623,371.053776980523,371.053609648615,6613525,NA,271858.4,38.79,-1,0.450964236996631,0.481885776214674,0.779247987650237,0.600830660788899,21,0.461538461538462,0.0384615384615385,"S1 O1","de-protonated",0,NA,"C26 H12 O1 S1",26,12,1,NA,NA,1,NA,NA,NA,NA,NA
1648,371.062645,371.061798946838,371.061822607622,12577304,NA,272823,75.75,-1,-0.0637650710528964,0.662766368667598,0.925296572484496,0.767778450194357,3,2.1,0.5,"N4 S2 P1 O5","de-protonated",0,NA,"C10 H21 O5 S2 N4 P1",10,21,5,4,1,2,NA,NA,NA,NA,NA
1651,371.077911,371.077064882736,371.077240940159,3682844.8,NA,295626.1,20.63,-1,-0.474449530591847,0.95997836908467,0,0.575987021450802,12,0.842105263157895,0.421052631578947,"O8","de-protonated",0,NA,"C19 H16 O8",19,16,8,NA,NA,NA,NA,NA,NA,NA,NA
1652,371.081072,371.080225869463,371.080232120973,2589726,NA,306721.2,13.85,-1,-0.0168467899905458,0.999948503588109,0,0.599969102152865,12,0.944444444444444,0.277777777777778,"N2 P1 O5","de-protonated",0,NA,"C18 H17 O5 N2 P1",18,17,5,2,1,NA,NA,NA,NA,NA,NA
1653,371.090931,371.090084828065,371.090128099781,25963042,NA,277229.9,158.72,-1,-0.116607025674138,0.995161658223152,0.961164618838142,0.981562842469148,7,1.3125,0.5,"P1 O8","de-protonated",0,NA,"C16 H21 O8 P1",16,21,8,NA,1,NA,NA,NA,NA,NA,NA
1654,371.098991,371.09814479422,371.098208117006,35932708,NA,270501.5,220.51,-1,-0.170636192892501,0.663160609550283,0.925969598629941,0.768284205182146,2,2.27272727272727,0.363636363636364,"N4 S2 P1 O4","de-protonated",0,NA,"C11 H25 O4 S2 N4 P1",11,25,4,4,1,2,NA,NA,NA,NA,NA
1655,371.1087,371.107853753452,371.107753222728,6076967.5,NA,267668.6,35.47,-1,0.270893622822014,0.493386471643864,0.772687513667176,0.605106888453189,20,0.592592592592593,0.0740740740740741,"O2","de-protonated",0,NA,"C27 H16 O2",27,16,2,NA,NA,NA,NA,NA,NA,NA,NA
1656,371.114262,371.113415730097,371.113464258291,5174825,NA,283488.8,29.87,-1,-0.130763764198564,0.996902187666137,0,0.598141312599682,6,1.66666666666667,0.0666666666666667,"N4 S2 P1 O1","de-protonated",0,NA,"C15 H25 O1 S2 N4 P1",15,25,1,4,1,2,NA,NA,NA,NA,NA
1657,371.127364,371.126517675082,371.126513609165,25057838,NA,275952.1,153.11,-1,0.0109556082611731,0.999821052460386,0.979831661984152,0.991825296269892,6,1.47058823529412,0.411764705882353,"P1 O7","de-protonated",0,NA,"C17 H25 O7 P1",17,25,7,NA,1,NA,NA,NA,NA,NA,NA
1658,371.135417,371.134570641267,371.134755817642,24943152,NA,273236.7,152.4,-1,-0.498946467692177,0.96590647450934,0.998742034697345,0.979040698584542,6,1.41176470588235,0.529411764705882,"O9","de-protonated",0,NA,"C17 H24 O9",17,24,9,NA,NA,NA,NA,NA,NA,NA,NA
1659,371.145151,371.144304600394,371.144138732113,3734067.8,NA,270782.2,20.94,-1,0.4469106837673,0.482204117575612,0.766236582456902,0.595817103528128,19,0.714285714285714,0.0357142857142857,"O1","de-protonated",0,NA,"C28 H20 O1",28,20,1,NA,NA,NA,NA,NA,NA,NA,NA
1660,371.148503,371.147656586318,371.147510035483,9779765,NA,277572.3,58.42,-1,0.394858733415135,0.985273842747258,0.93961122674279,0.967008796345471,14,0.96,0.04,"S1 O1","de-protonated",0,NA,"C25 H24 O1 S1",25,24,1,NA,NA,1,NA,NA,NA,NA,NA
1662,371.163694,371.162847522531,371.162899118549,12153402,NA,279920.4,73.13,-1,-0.139011787520639,0.990855684817442,0.881122675842611,0.946962481227509,5,1.61111111111111,0.333333333333333,"P1 O6","de-protonated",0,NA,"C18 H29 O6 P1",18,29,6,NA,1,NA,NA,NA,NA,NA,NA
1663,371.166202,371.165355512,371.165268100212,2346043,NA,280438.3,12.34,-1,0.235506377734446,0.989986735361073,0,0.593992041216644,14,0.96,0.12,"O3","de-protonated",0,NA,"C25 H24 O3",25,24,3,NA,NA,NA,NA,NA,NA,NA,NA
1666,371.184865,371.184018433634,371.184028486649,2584129.5,NA,314589.3,13.82,-1,-0.0270836410454944,0.999866911961172,0,0.599920147176703,0,2.2,0.533333333333333,"P1 O8","de-protonated",0,NA,"C15 H33 O8 P1",15,33,8,NA,1,NA,NA,NA,NA,NA,NA
1667,371.200133,371.199286369523,371.199284627933,3746374.5,NA,287853.8,21.02,-1,0.00469179102404359,0.999996005795643,0,0.599997603477386,4,1.73684210526316,0.263157894736842,"P1 O5","de-protonated",0,NA,"C19 H33 O5 P1",19,33,5,NA,1,NA,NA,NA,NA,NA,NA
1668,371.208247,371.207400335452,371.207526836411,6711881.5,NA,276453.2,39.4,-1,-0.340782311001513,0.988926872866679,0.960888916892687,0.977711690477082,4,1.68421052631579,0.368421052631579,"O7","de-protonated",0,NA,"C19 H32 O7",19,32,7,NA,NA,NA,NA,NA,NA,NA,NA
1671,372.065936,372.065085733997,372.0651170838,2492270.8,NA,289728.8,13.25,-1,-0.0842589140606901,0.99871262271222,0,0.599227573627332,11,1.05263157894737,0.0526315789473684,"N1 S2 P1 O1","de-protonated",0,NA,"C19 H20 O1 S2 N1 P1",19,20,1,1,1,2,NA,NA,NA,NA,NA
1674,372.107393,372.106542559918,372.106373498291,1762685,NA,279125.9,8.72,-1,0.454336820878329,0.963237771042939,0,0.577942662625763,15,0.826086956521739,0.0869565217391304,"N1 S1 O2","de-protonated",0,NA,"C23 H19 O2 S1 N1",23,19,2,1,NA,1,NA,NA,NA,NA,NA
1675,372.122716,372.121865495577,372.121762581358,1511042.3,NA,282714.8,7.16,-1,0.276560601911707,0.986217616977099,0,0.591730570186259,6,1.5,0.4375,"N1 P1 O7","de-protonated",0,NA,"C16 H24 O7 N1 P1",16,24,7,1,1,NA,NA,NA,NA,NA,NA
1676,372.125163,372.124312485301,372.124131563021,4253571,NA,275537.2,24.16,-1,0.486187982227534,0.479008088756731,0.799615297578637,0.607250972285493,15,0.826086956521739,0.173913043478261,"N1 O4","de-protonated",0,NA,"C23 H19 O4 N1",23,19,4,1,NA,NA,NA,NA,NA,NA,NA
1682,372.203502,372.202651156354,372.202775808604,1782685.9,NA,265432.3,8.85,-1,-0.334904137508192,0.979854266110463,0,0.587912559666278,4,1.72222222222222,0.388888888888889,"N1 O7","de-protonated",0,NA,"C18 H31 O7 N1",18,31,7,1,NA,NA,NA,NA,NA,NA,NA
1684,372.304493,372.303641732291,372.303690128279,39275456,NA,270364.9,241.23,-1,-0.129990622741362,0.997457472013453,0.97990474744956,0.990436382187896,1,2.0952380952381,0.0952380952380952,"N1 P1 O2","de-protonated",0,NA,"C21 H44 O2 N1 P1",21,44,2,1,1,NA,NA,NA,NA,NA,NA
1688,373.010597,373.009742767345,373.009572558438,1810866.4,NA,267194.8,9.02,-1,0.456312434905969,0.962923380346137,0,0.577754028207682,9,0.909090909090909,0.818181818181818,"N4 S1 O9","de-protonated",0,NA,"C11 H10 O9 S1 N4",11,10,9,4,NA,1,NA,NA,NA,NA,NA
1689,373.041903,373.04104863589,373.041087162715,2083005.1,NA,354692.9,10.71,-1,-0.103277699286908,0.998066488577144,0,0.598839893146286,3,2.11111111111111,0.666666666666667,"N4 S2 P1 O6","de-protonated",0,NA,"C9 H19 O6 S2 N4 P1",9,19,6,4,1,2,NA,NA,NA,NA,NA
1690,373.057235,373.056380571511,373.056505495252,5925058.5,NA,273062.6,34.52,-1,-0.334865469162775,0.489929435384137,0.836034543948893,0.62837147881004,12,0.777777777777778,0.5,"O9","de-protonated",0,NA,"C18 H14 O9",18,14,9,NA,NA,NA,NA,NA,NA,NA,NA
1691,373.070236,373.069381516919,373.069259713093,20561094,NA,270678.5,125.23,-1,0.326491189436622,0.988410535272673,0.932854031154556,0.966187933625426,20,0.538461538461538,0.0384615384615385,"S1 O1","de-protonated",0,NA,"C26 H14 O1 S1",26,14,1,NA,NA,1,NA,NA,NA,NA,NA
1692,373.078253,373.077398483255,373.0774726721,10847434,NA,266652.7,65.03,-1,-0.198856402456051,0.996391291176374,0.955915196892731,0.980200853462917,2,2.3,0.5,"N4 S2 P1 O5","de-protonated",0,NA,"C10 H23 O5 S2 N4 P1",10,23,5,4,1,2,NA,NA,NA,NA,NA
1693,373.08799,373.08713544237,373.087017777822,9049293,NA,270099.1,53.88,-1,0.315380975127835,0.491057032032852,0.779247987650237,0.606333414279806,20,0.538461538461538,0.115384615384615,"O3","de-protonated",0,NA,"C26 H14 O3",26,14,3,NA,NA,NA,NA,NA,NA,NA,NA
1694,373.093503,373.09264841922,373.092728813384,9796815,NA,276114.2,58.52,-1,-0.215480382738121,0.990872894744639,0.976001875713803,0.984924487132305,6,1.64285714285714,0.142857142857143,"N4 S2 P1 O2","de-protonated",0,NA,"C14 H23 O2 S2 N4 P1",14,23,2,4,1,2,NA,NA,NA,NA,NA
1695,373.096597,373.095742406229,373.095882185451,2235087.8,NA,283618.9,11.65,-1,-0.374646919334651,0.974853384059031,0,0.584912030435419,11,1.05555555555556,0.277777777777778,"N2 P1 O5","de-protonated",0,NA,"C18 H19 O5 N2 P1",18,19,5,2,1,NA,NA,NA,NA,NA,NA
1696,373.102658,373.101803380778,373.101622470484,15629522,NA,267183,94.67,-1,0.484882088789447,0.960971580982781,0.95655002948747,0.959202960384657,15,0.818181818181818,0.0909090909090909,"N2 S1 O2","de-protonated",0,NA,"C22 H18 O2 S1 N2",22,18,2,2,NA,1,NA,NA,NA,NA,NA
1697,373.106617,373.105762364154,373.105778164259,42888404,NA,272543.4,263.62,-1,-0.0423475193635526,0.997672797097698,0.964940131767074,0.984579730965449,6,1.4375,0.5,"P1 O8","de-protonated",0,NA,"C16 H23 O8 P1",16,23,8,NA,1,NA,NA,NA,NA,NA,NA
1698,373.114705,373.113850330193,373.114020372736,15207638,NA,274399.2,92.05,-1,-0.455738819629344,0.972698916159415,0.977009233405258,0.974423043057752,6,1.375,0.625,"O10","de-protonated",0,NA,"C16 H22 O10",16,22,10,NA,NA,NA,NA,NA,NA,NA,NA
1700,373.13,373.129145265969,373.129276514021,11095259,NA,265059.5,66.56,-1,-0.351749542171725,0.985797214644419,0.989406085740852,0.987240763082992,10,1.1,0.35,"O7","de-protonated",0,NA,"C20 H22 O7",20,22,7,NA,NA,NA,NA,NA,NA,NA,NA
1701,373.143024,373.142169211281,373.142163673643,21998816,NA,268049,134.15,-1,0.0148405576077725,0.999894158645763,0.942612591354028,0.976981531729069,5,1.58823529411765,0.411764705882353,"P1 O7","de-protonated",0,NA,"C17 H27 O7 P1",17,27,7,NA,1,NA,NA,NA,NA,NA,NA
1702,373.145484,373.144629200951,373.144532655306,3433184.8,NA,272552.4,19.08,-1,0.258735253500992,0.987926587238133,0,0.59275595234288,14,0.916666666666667,0.166666666666667,"O4","de-protonated",0,NA,"C24 H22 O4",24,22,4,NA,NA,NA,NA,NA,NA,NA,NA
1704,373.160746,373.159891136866,373.159788796591,4547814,NA,278516.6,25.98,-1,0.274253223210786,0.493222537267831,0.766236582456902,0.602428155343459,18,0.785714285714286,0.0357142857142857,"O1","de-protonated",0,NA,"C28 H22 O1",28,22,1,NA,NA,NA,NA,NA,NA,NA,NA
1706,373.179423,373.17856805844,373.178549183027,7881964.5,NA,280568.6,46.65,-1,0.0505801130840284,0.996119689771385,0.869757994572559,0.945575011691855,4,1.72222222222222,0.333333333333333,"P1 O6","de-protonated",0,NA,"C18 H31 O6 P1",18,31,6,NA,1,NA,NA,NA,NA,NA,NA
1707,373.187481,373.186626024605,373.186791391505,10048751,NA,268202.1,60.08,-1,-0.443120988565746,0.482499325078247,0.836034543948893,0.623913412626505,4,1.66666666666667,0.444444444444444,"O8","de-protonated",0,NA,"C18 H30 O8",18,30,8,NA,NA,NA,NA,NA,NA,NA,NA
1708,373.215844,373.214988905508,373.214934692412,1972472.8,NA,352866.4,10.02,-1,0.145259718333507,0.996178682608303,0,0.597707209564982,3,1.84210526315789,0.263157894736842,"P1 O5","de-protonated",0,NA,"C19 H35 O5 P1",19,35,5,NA,1,NA,NA,NA,NA,NA,NA
1714,374.081679,374.080820269847,374.080767148278,1800226,NA,281206.3,8.95,-1,0.142005616089384,0.996347665337417,0,0.59780859920245,10,1.15789473684211,0.0526315789473684,"N1 S2 P1 O1","de-protonated",0,NA,"C19 H22 O1 S2 N1 P1",19,22,1,1,1,2,NA,NA,NA,NA,NA
1717,374.101768,374.100909185493,374.101027136452,1659944.9,NA,313524.5,8.08,-1,-0.315291725266523,0.98212409472683,0,0.589274456836098,6,1.46666666666667,0.533333333333333,"N1 P1 O8","de-protonated",0,NA,"C15 H22 O8 N1 P1",15,22,8,1,1,NA,NA,NA,NA,NA,NA
1726,374.32016,374.31930026846,374.319340192757,13434484,NA,267621.1,81.06,-1,-0.106658386489977,0.997781086605218,0.980992590227369,0.991065688054078,0,2.19047619047619,0.0952380952380952,"N1 P1 O2","de-protonated",0,NA,"C21 H46 O2 N1 P1",21,46,2,1,1,NA,NA,NA,NA,NA,NA
1731,375.000341,374.999478412365,374.999384540962,2632029.8,NA,275205.7,14.11,-1,0.250324154168263,0.988694423198698,0,0.593216653919219,13,0.5,0.6875,"O11","de-protonated",0,NA,"C16 H8 O11",16,8,11,NA,NA,NA,NA,NA,NA,NA,NA
1733,375.036505,375.035642260512,375.035770050346,3893098.3,NA,285380,21.92,-1,-0.340740388483613,0.979153436924348,0,0.587492062154609,12,0.705882352941177,0.588235294117647,"O10","de-protonated",0,NA,"C17 H12 O10",17,12,10,NA,NA,NA,NA,NA,NA,NA,NA
1734,375.045312,375.044449223531,375.044501516194,1492589.3,NA,160953.8,7.04,-1,-0.13943055375939,0.996478692382837,0,0.597887215429702,16,0.6,0.2,"N2 S1 O4","de-protonated",0,NA,"C20 H12 O4 S1 N2",20,12,4,2,NA,1,NA,NA,NA,NA,NA
1735,375.04954,375.048677205778,375.048524268186,6512494.5,NA,276000.9,38.16,-1,0.407780811011308,0.485139204418391,0.785920818505338,0.60545185005317,20,0.48,0.08,"S1 O2","de-protonated",0,NA,"C25 H12 O2 S1",25,12,2,NA,NA,1,NA,NA,NA,NA,NA
1736,375.06731,375.066447131161,375.066282332916,6126453,NA,275817.9,35.76,-1,0.43938432530468,0.482788114822466,0.785920818505338,0.604041196295615,20,0.48,0.16,"O4","de-protonated",0,NA,"C25 H12 O4",25,12,4,NA,NA,NA,NA,NA,NA,NA,NA
1737,375.072847,375.071984107911,375.07215555973,9783159,NA,273643.7,58.43,-1,-0.457116894826052,0.960482699098875,0.996214960039996,0.974775603475323,11,0.888888888888889,0.5,"O9","de-protonated",0,NA,"C18 H16 O9",18,16,9,NA,NA,NA,NA,NA,NA,NA,NA
1738,375.076306,375.075443093387,375.0755268631,2076024,NA,311565.8,10.66,-1,-0.223340920729049,0.99098996365028,0,0.594593978190168,6,1.33333333333333,0.6,"S1 O9","de-protonated",0,NA,"C15 H20 O9 S1",15,20,9,NA,NA,1,NA,NA,NA,NA,NA
1739,375.085933,375.085070052963,375.084909777571,34221948,NA,269028.6,209.9,-1,0.427304292590248,0.487260026109243,0.877368229523223,0.643303307474835,19,0.615384615384615,0.0384615384615385,"S1 O1","de-protonated",0,NA,"C26 H16 O1 S1",26,16,1,NA,NA,1,NA,NA,NA,NA,NA
1740,375.094025,375.093162018984,375.09328492783,3151742,NA,281990.4,17.33,-1,-0.327675408779795,0.980706196279407,0,0.588423717767644,6,1.33333333333333,0.733333333333333,"O11","de-protonated",0,NA,"C15 H20 O11",15,20,11,NA,NA,NA,NA,NA,NA,NA,NA
1741,375.100578,375.099714991468,375.099647412015,13406080,NA,280429.3,80.88,-1,0.180164001548703,0.497063827435216,0.892974475612838,0.655428086706265,1,2.27272727272727,0.727272727272727,"N2 S1 P1 O8","de-protonated",0,NA,"C11 H25 O8 S1 N2 P1",11,25,8,2,1,1,NA,NA,NA,NA,NA
1742,375.103665,375.102801978506,375.1026678423,12033921,NA,265724.2,72.38,-1,0.357598644551932,0.983467543927515,0.935009472778942,0.964084315468086,19,0.615384615384615,0.115384615384615,"O3","de-protonated",0,NA,"C26 H16 O3",26,16,3,NA,NA,NA,NA,NA,NA,NA,NA
1743,375.10919,375.108326955306,375.108378877862,21499780,NA,264948.8,131.05,-1,-0.13842014522975,0.66456784206089,0.927917829923809,0.769907837206058,5,1.78571428571429,0.142857142857143,"N4 S2 P1 O2","de-protonated",0,NA,"C14 H25 O2 S2 N4 P1",14,25,2,4,1,2,NA,NA,NA,NA,NA
1744,375.122263,375.121399900412,375.121428228737,31125384,NA,266456,190.71,-1,-0.0755177449264287,0.999036907246249,0.95939552076534,0.983180352653885,5,1.5625,0.5,"P1 O8","de-protonated",0,NA,"C16 H25 O8 P1",16,25,8,NA,1,NA,NA,NA,NA,NA,NA
1746,375.140079,375.139215825602,375.139053351684,6541198,NA,267490.9,38.33,-1,0.433103183132297,0.483268427648901,0.772687513667176,0.599036062056211,18,0.740740740740741,0.0740740740740741,"O2","de-protonated",0,NA,"C27 H20 O2",27,20,2,NA,NA,NA,NA,NA,NA,NA,NA
1747,375.145672,375.144808802117,375.144926578499,16711568,NA,266972.3,101.37,-1,-0.313949018516567,0.981556975318657,0.98802965821832,0.984146048478522,9,1.2,0.35,"O7","de-protonated",0,NA,"C20 H24 O7",20,24,7,NA,NA,NA,NA,NA,NA,NA,NA
1748,375.158727,375.157863747299,375.157813738121,19423124,NA,266759.9,118.18,-1,0.133301710468511,0.997955947860375,0.91151769912129,0.963380648364741,4,1.70588235294118,0.411764705882353,"P1 O7","de-protonated",0,NA,"C17 H29 O7 P1",17,29,7,NA,1,NA,NA,NA,NA,NA,NA
1749,375.166761,375.165897713564,375.166055946598,4654999,NA,283451.5,26.64,-1,-0.42176799200556,0.96823777427091,0,0.580942664562546,4,1.64705882352941,0.529411764705882,"O9","de-protonated",0,NA,"C17 H28 O9",17,28,9,NA,NA,NA,NA,NA,NA,NA,NA
1750,375.176475,375.175611672775,375.175438861069,2827162.5,NA,293016.8,15.31,-1,0.460615723453533,0.962234211117717,0,0.57734052667063,17,0.857142857142857,0.0357142857142857,"O1","de-protonated",0,NA,"C28 H24 O1",28,24,1,NA,NA,NA,NA,NA,NA,NA,NA
1752,375.195006,375.194142594963,375.194199247505,3641760.8,NA,251607.5,20.36,-1,-0.150995251327345,0.995871594109671,0,0.597522956465803,3,1.83333333333333,0.333333333333333,"P1 O6","de-protonated",0,NA,"C18 H33 O6 P1",18,33,6,NA,1,NA,NA,NA,NA,NA,NA
1760,376.10448,376.103612776061,376.103790041308,2157274.3,NA,191062.3,11.16,-1,-0.471320021042418,0.960494064783432,0,0.576296438870059,10,1.05555555555556,0.444444444444444,"N1 O8","de-protonated",0,NA,"C18 H19 O8 N1",18,19,8,1,NA,NA,NA,NA,NA,NA,NA
1773,377.052147,377.051275796787,377.051420114824,7952929.5,NA,274925.8,47.08,-1,-0.382754260070037,0.486883909802046,0.843720152817574,0.629618407008257,11,0.823529411764706,0.588235294117647,"O10","de-protonated",0,NA,"C17 H14 O10",17,14,10,NA,NA,NA,NA,NA,NA,NA,NA
1775,377.06521,377.064338741935,377.064174332664,11131430,NA,267659.7,66.78,-1,0.436024638857739,0.982699535872733,0.929596298465691,0.961458240909916,19,0.56,0.08,"S1 O2","de-protonated",0,NA,"C25 H14 O2 S1",25,14,2,NA,NA,1,NA,NA,NA,NA,NA
1776,377.082896,377.082024667671,377.081932397394,9202220,NA,273223.8,54.82,-1,0.244695566726805,0.985357393543215,0.937967739542632,0.966401531942982,19,0.56,0.16,"O4","de-protonated",0,NA,"C25 H14 O4",25,14,4,NA,NA,NA,NA,NA,NA,NA,NA
1777,377.088459,377.087587644312,377.087643432956,23011886,NA,266807.9,140.42,-1,-0.147946094997047,0.665295754269224,0.927279913856465,0.77008941810412,5,1.76923076923077,0.230769230769231,"N4 S2 P1 O3","de-protonated",0,NA,"C13 H23 O3 S2 N4 P1",13,23,3,4,1,2,NA,NA,NA,NA,NA
1778,377.101526,377.100654589443,377.100559842049,25047602,NA,269343.3,153.03,-1,0.251252330327026,0.652513355417521,0.914787185120711,0.757422887298797,18,0.692307692307692,0.0384615384615385,"S1 O1","de-protonated",0,NA,"C26 H18 O1 S1",26,18,1,NA,NA,1,NA,NA,NA,NA,NA
1779,377.11936,377.118488514558,377.118317906778,8450617,NA,270985,50.16,-1,0.452398548659424,0.979887153207451,0.961025031570575,0.9723423045527,18,0.692307692307692,0.115384615384615,"O3","de-protonated",0,NA,"C26 H18 O3",26,18,3,NA,NA,NA,NA,NA,NA,NA,NA
1780,377.124902,377.124030491287,377.124191133593,34673212,NA,266184,212.69,-1,-0.425966590219586,0.48380632969726,0.828487690504102,0.621678874019997,9,1.15789473684211,0.421052631578947,"O8","de-protonated",0,NA,"C19 H22 O8",19,22,8,NA,NA,NA,NA,NA,NA,NA,NA
1781,377.137967,377.137095436427,377.137078293215,22610494,NA,266758.7,137.93,-1,0.045456182890066,0.993889863194456,0.870004117532554,0.944335564929695,4,1.6875,0.5,"P1 O8","de-protonated",0,NA,"C16 H27 O8 P1",16,27,8,NA,1,NA,NA,NA,NA,NA,NA
1782,377.155654,377.154782362159,377.154703416162,5615173,NA,277492.5,32.59,-1,0.209319930124514,0.496040687448462,0.772687513667176,0.606699417935948,17,0.814814814814815,0.0740740740740741,"O2","de-protonated",0,NA,"C27 H22 O2",27,22,2,NA,NA,NA,NA,NA,NA,NA,NA
1783,377.16121,377.160338338829,377.160414451725,17326662,NA,265328.5,105.18,-1,-0.201805102270268,0.66294311793197,0.928544651443954,0.769183731336763,3,2.06666666666667,0.0666666666666667,"N4 S2 P1 O1","de-protonated",0,NA,"C15 H31 O1 S2 N4 P1",15,31,1,4,1,2,NA,NA,NA,NA,NA
1784,377.174279,377.173407283952,377.173463802599,18608716,NA,264672.7,113.12,-1,-0.149847888707255,0.997966780631076,0.94840698193091,0.978142861151009,3,1.82352941176471,0.411764705882353,"P1 O7","de-protonated",0,NA,"C17 H31 O7 P1",17,31,7,NA,1,NA,NA,NA,NA,NA,NA
1786,377.210719,377.209847130939,377.209849311983,3610200,NA,291715.3,20.16,-1,-0.00578204386915323,0.999993933820238,0,0.599996360292143,2,1.94444444444444,0.333333333333333,"P1 O6","de-protonated",0,NA,"C18 H35 O6 P1",18,35,6,NA,1,NA,NA,NA,NA,NA,NA
1787,377.247027,377.246154978481,377.246234821368,1876068.6,NA,278208.2,9.42,-1,-0.21164660882937,0.99190507724609,0,0.595143046347654,1,2.05263157894737,0.263157894736842,"P1 O5","de-protonated",0,NA,"C19 H39 O5 P1",19,39,5,NA,1,NA,NA,NA,NA,NA,NA
1788,377.258295,377.257422931167,377.25746821066,3157608.5,NA,278105.7,17.36,-1,-0.120022788133678,0.997389559593147,0,0.598433735755888,1,2.16666666666667,0.222222222222222,"N2 P1 O4","de-protonated",0,NA,"C18 H39 O4 N2 P1",18,39,4,2,1,NA,NA,NA,NA,NA,NA
1790,378.083776,378.082900464954,378.083054596401,2701190.3,NA,303660.1,14.53,-1,-0.407665579557828,0.970294952068489,0,0.582176971241093,10,1,0.529411764705882,"N1 O9","de-protonated",0,NA,"C17 H17 O9 N1",17,17,9,1,NA,NA,NA,NA,NA,NA,NA
1793,378.09677,378.095894410392,378.095808814242,1731978.6,NA,260187.6,8.52,-1,0.226387460170857,0.990743628604988,0,0.594446177162993,18,0.68,0.04,"N1 S1 O1","de-protonated",0,NA,"C25 H17 O1 S1 N1",25,17,1,1,NA,1,NA,NA,NA,NA,NA
1795,378.120222,378.119346311916,378.119440105786,1693330.8,NA,245164.6,8.28,-1,-0.248053549991917,0.988897453349854,0,0.593338472009912,9,1.16666666666667,0.444444444444444,"N1 O8","de-protonated",0,NA,"C18 H21 O8 N1",18,21,8,1,NA,NA,NA,NA,NA,NA,NA
1804,379.031308,379.030428486246,379.030522478666,2991310.8,NA,295738.7,16.32,-1,-0.24798113639531,0.98890389858352,0,0.593342339150112,6,1.54545454545455,0.454545454545455,"N4 S2 P1 O5","de-protonated",0,NA,"C11 H17 O5 S2 N4 P1",11,17,5,4,1,2,NA,NA,NA,NA,NA
1806,379.062188,379.06130835658,379.061196952487,3422425.3,NA,315231.1,19,-1,0.293894741768192,0.984449703608795,0,0.590669822165277,19,0.5,0.208333333333333,"O5","de-protonated",0,NA,"C24 H12 O5",24,12,5,NA,NA,NA,NA,NA,NA,NA,NA
1807,379.067787,379.06690733307,379.067070179302,17773788,NA,256681.8,107.95,-1,-0.429597411900079,0.963398745048587,0.994739448133212,0.975935026282437,10,0.941176470588235,0.588235294117647,"O10","de-protonated",0,NA,"C17 H16 O10",17,16,10,NA,NA,NA,NA,NA,NA,NA,NA
1808,379.080829,379.079949278306,379.079824397142,16159968,NA,265346.6,97.94,-1,0.329432366610877,0.984275495104231,0.915366308392408,0.956711820419502,18,0.64,0.08,"S1 O2","de-protonated",0,NA,"C25 H16 O2 S1",25,16,2,NA,NA,1,NA,NA,NA,NA,NA
1809,379.096253,379.09537321354,379.095213480209,3883237.3,NA,293446,21.85,-1,0.421354123730084,0.968299080163177,0,0.580979448097906,9,1.16666666666667,0.388888888888889,"P1 O7","de-protonated",0,NA,"C18 H21 O7 P1",18,21,7,NA,1,NA,NA,NA,NA,NA,NA
1810,379.098606,379.09772620366,379.097582461872,7775462,NA,274199.1,45.98,-1,0.379168306374072,0.487125346021244,0.785920818505338,0.606643535014881,18,0.64,0.16,"O4","de-protonated",0,NA,"C25 H16 O4",25,16,4,NA,NA,NA,NA,NA,NA,NA,NA
1811,379.104106,379.103226180565,379.103293497434,44700904,NA,263934.5,274.84,-1,-0.177568672686949,0.663484315081157,0.927279913856465,0.76900255459128,4,1.92307692307692,0.230769230769231,"N4 S2 P1 O3","de-protonated",0,NA,"C13 H25 O3 S2 N4 P1",13,25,3,4,1,2,NA,NA,NA,NA,NA
1812,379.117154,379.116274125777,379.116209906527,13685996,NA,267254,82.61,-1,0.169391991766894,0.980763851017649,0.943754091662616,0.965959947275636,17,0.769230769230769,0.0384615384615385,"S1 O1","de-protonated",0,NA,"C26 H20 O1 S1",26,20,1,NA,NA,1,NA,NA,NA,NA,NA
1813,379.132519,379.131639061259,379.131598989593,4390129.5,NA,294258.5,24.99,-1,0.105693288487442,0.997975076729333,0,0.5987850460376,8,1.31578947368421,0.315789473684211,"P1 O6","de-protonated",0,NA,"C19 H25 O6 P1",19,25,6,NA,1,NA,NA,NA,NA,NA,NA
1814,379.134979,379.134099050929,379.133967971256,6792434.5,NA,264267.9,39.88,-1,0.345734447486494,0.489272267181854,0.779247987650237,0.605262555369207,17,0.769230769230769,0.115384615384615,"O3","de-protonated",0,NA,"C26 H20 O3",26,20,3,NA,NA,NA,NA,NA,NA,NA,NA
1815,379.140537,379.139657027591,379.139841198071,37704948,NA,263414.2,231.48,-1,-0.485758708794628,0.479044353914562,0.828487690504102,0.618821688550378,8,1.26315789473684,0.421052631578947,"O8","de-protonated",0,NA,"C19 H24 O8",19,24,8,NA,NA,NA,NA,NA,NA,NA,NA
1816,379.15363,379.152749972613,379.152728357693,13870329,NA,271958.7,83.75,-1,0.0570084794236553,0.998730030188672,0.952164929137684,0.980103989768277,3,1.8125,0.5,"P1 O8","de-protonated",0,NA,"C16 H29 O8 P1",16,29,8,NA,1,NA,NA,NA,NA,NA,NA
1817,379.171351,379.170470898202,379.17035348064,5772543,NA,251598.1,33.56,-1,0.309669679538942,0.491375214524535,0.772687513667176,0.603900134181591,16,0.888888888888889,0.0740740740740741,"O2","de-protonated",0,NA,"C27 H24 O2",27,24,2,NA,NA,NA,NA,NA,NA,NA,NA
1818,379.176883,379.176002874973,379.176064516203,12055809,NA,267827.7,72.51,-1,-0.162566246407008,0.651247365683641,0.928544651443954,0.762166279987766,2,2.2,0.0666666666666667,"N4 S2 P1 O1","de-protonated",0,NA,"C15 H33 O1 S2 N4 P1",15,33,1,4,1,2,NA,NA,NA,NA,NA
1819,379.189923,379.189042820218,379.189113867077,7488773.5,NA,263747.2,44.2,-1,-0.187365238932885,0.496825177821882,0.843720152817574,0.635583167820159,2,1.94117647058824,0.411764705882353,"P1 O7","de-protonated",0,NA,"C17 H33 O7 P1",17,33,7,NA,1,NA,NA,NA,NA,NA,NA
1820,379.226294,379.225413667495,379.225499376461,2575122.3,NA,283408.6,13.74,-1,-0.226010555714669,0.990774281662386,0,0.594464568997432,1,2.05555555555556,0.333333333333333,"P1 O6","de-protonated",0,NA,"C18 H37 O6 P1",18,37,6,NA,1,NA,NA,NA,NA,NA,NA
1821,379.262577,379.261696515142,379.261884885846,1582878.9,NA,308423.8,7.59,-1,-0.496677126861061,0.956225759146227,0,0.573735455487736,0,2.15789473684211,0.263157894736842,"P1 O5","de-protonated",0,NA,"C19 H41 O5 P1",19,41,5,NA,1,NA,NA,NA,NA,NA,NA
1826,380.099423,380.098539001207,380.098704660879,3610177.8,NA,301205,20.16,-1,-0.435833297671671,0.966120899025018,0,0.579672539415011,9,1.11764705882353,0.529411764705882,"N1 O9","de-protonated",0,NA,"C17 H19 O9 N1",17,19,9,1,NA,NA,NA,NA,NA,NA,NA
1828,380.11242,380.111535946633,380.11145887872,2625606.3,NA,290102,14.05,-1,0.202750827715597,0.992568774996841,0,0.595541264998105,17,0.76,0.04,"N1 S1 O1","de-protonated",0,NA,"C25 H19 O1 S1 N1",25,19,1,1,NA,1,NA,NA,NA,NA,NA
1830,380.135798,380.134913848468,380.135090170264,2841678.5,NA,288590.7,15.39,-1,-0.463839830163141,0.961713960464969,0,0.577028376278982,8,1.27777777777778,0.444444444444444,"N1 O8","de-protonated",0,NA,"C18 H23 O8 N1",18,23,8,1,NA,NA,NA,NA,NA,NA,NA
1834,380.185137,380.184252641292,380.18436283927,3747423.5,NA,284319.6,21.01,-1,-0.289854050649655,0.984871130213889,0,0.590922678128333,2,2,0.4375,"N1 P1 O7","de-protonated",0,NA,"C16 H32 O7 N1 P1",16,32,7,1,1,NA,NA,NA,NA,NA,NA
1841,381.047019,381.046131022231,381.046172543144,8804236,NA,259362.3,50.79,-1,-0.108965568352089,0.997847889033403,0,0.598708733420042,5,1.72727272727273,0.454545454545455,"N4 S2 P1 O5","de-protonated",0,NA,"C11 H19 O5 S2 N4 P1",11,19,5,4,1,2,NA,NA,NA,NA,NA
1842,381.072941,381.072052913384,381.071976111858,2618772.8,NA,313273.1,13.59,-1,0.20154073371907,0.992656889520193,0,0.595594133712116,13,0.904761904761905,0.142857142857143,"S1 P1 O3","de-protonated",0,NA,"C21 H19 O3 S1 P1",21,19,3,NA,1,1,NA,NA,NA,NA,NA
1843,381.075329,381.074440903356,381.074478035303,5249941.5,NA,270325.1,29.42,-1,-0.0974401286312395,0.998278704305287,0,0.598967222583172,9,1.11764705882353,0.470588235294118,"P1 O8","de-protonated",0,NA,"C17 H19 O8 P1",17,19,8,NA,1,NA,NA,NA,NA,NA,NA
1844,381.077845,381.076956892792,381.076847016965,5157782.5,NA,272949.8,28.86,-1,0.28832983991826,0.492514314817351,0.792708917554682,0.612592155912283,18,0.583333333333333,0.208333333333333,"O5","de-protonated",0,NA,"C24 H14 O5",24,14,5,NA,NA,NA,NA,NA,NA,NA,NA
1845,381.083362,381.082473869626,381.082558052528,35805080,NA,263743,213.17,-1,-0.220904631536187,0.660445767484572,0.926630606056794,0.766919702913461,4,1.91666666666667,0.333333333333333,"N4 S2 P1 O4","de-protonated",0,NA,"C12 H23 O4 S2 N4 P1",12,23,4,4,1,2,NA,NA,NA,NA,NA
1846,381.096419,381.095530814799,381.09547446162,5011357,NA,268228.5,27.98,-1,0.147871550673786,0.498020152096954,0.785920818505338,0.613180418660307,17,0.72,0.08,"S1 O2","de-protonated",0,NA,"C25 H18 O2 S1",25,18,2,NA,NA,1,NA,NA,NA,NA,NA
1847,381.111817,381.110928750143,381.110863544687,10358690,NA,275898.2,60.14,-1,0.171093143472447,0.996786498441313,0.873547077727567,0.947490730155814,8,1.27777777777778,0.388888888888889,"P1 O7","de-protonated",0,NA,"C18 H23 O7 P1",18,23,7,NA,1,NA,NA,NA,NA,NA,NA
1849,381.119827,381.118938716508,381.119105753164,57243556,NA,262491.8,342.09,-1,-0.438279407788849,0.482873073280036,0.836034543948893,0.624137661547579,8,1.22222222222222,0.5,"O9","de-protonated",0,NA,"C18 H22 O9",18,22,9,NA,NA,NA,NA,NA,NA,NA,NA
1851,381.132878,381.131989661707,381.131859971005,9555882,NA,273991.5,55.31,-1,0.340277777480374,0.48960470580409,0.779247987650237,0.605462018542549,16,0.846153846153846,0.0384615384615385,"S1 O1","de-protonated",0,NA,"C26 H22 O1 S1",26,22,1,NA,NA,1,NA,NA,NA,NA,NA
1852,381.148095,381.14720659781,381.147249054071,9838511,NA,274870.1,57.01,-1,-0.111390704789924,0.998297829490876,0.920540376528677,0.967194848305997,7,1.42105263157895,0.315789473684211,"P1 O6","de-protonated",0,NA,"C19 H27 O6 P1",19,27,6,NA,1,NA,NA,NA,NA,NA,NA
1853,381.150567,381.14967858743,381.149618035734,4690864,NA,258361.4,26.05,-1,0.158865950570296,0.497715498520811,0.779247987650237,0.610328494172582,16,0.846153846153846,0.115384615384615,"O3","de-protonated",0,NA,"C26 H22 O3",26,22,3,NA,NA,NA,NA,NA,NA,NA,NA
1854,381.156125,381.155236564092,381.155329071296,28448690,NA,264486,168.93,-1,-0.242702113930205,0.653499545711218,0.927917829923809,0.763266859396255,2,2.21428571428571,0.142857142857143,"N4 S2 P1 O2","de-protonated",0,NA,"C14 H31 O2 S2 N4 P1",14,31,2,4,1,2,NA,NA,NA,NA,NA
1855,381.169208,381.168319509157,381.168378422171,9830326,NA,266686.9,56.96,-1,-0.154559027997881,0.994892094370001,0.928952710849405,0.968516340961763,2,1.9375,0.5,"P1 O8","de-protonated",0,NA,"C16 H31 O8 P1",16,31,8,NA,1,NA,NA,NA,NA,NA,NA
1856,381.184581,381.183692444605,381.183634563455,1707963.8,NA,324137.6,8.12,-1,0.15184584075769,0.995825048169268,0,0.597495028901561,6,1.55,0.25,"P1 O5","de-protonated",0,NA,"C20 H31 O5 P1",20,31,5,NA,1,NA,NA,NA,NA,NA,NA
1857,381.187038,381.186149434288,381.186003545118,2499004.5,NA,279298.8,12.87,-1,0.38272436070506,0.973771863548516,0,0.584263118129109,15,0.962962962962963,0.0740740740740741,"O2","de-protonated",0,NA,"C27 H26 O2",27,26,2,NA,NA,NA,NA,NA,NA,NA,NA
1858,381.192566,381.191677411076,381.191714580681,5608382.5,NA,277781.2,31.57,-1,-0.0975089529964428,0.998276273957008,0,0.598965764374205,1,2.33333333333333,0.0666666666666667,"N4 S2 P1 O1","de-protonated",0,NA,"C15 H35 O1 S2 N4 P1",15,35,1,4,1,2,NA,NA,NA,NA,NA
1859,381.20566,381.204771356094,381.204763931555,4350915,NA,269142.6,24.01,-1,0.0194765110781442,0.999931172624958,0,0.599958703574975,1,2.05882352941176,0.411764705882353,"P1 O7","de-protonated",0,NA,"C17 H35 O7 P1",17,35,7,NA,1,NA,NA,NA,NA,NA,NA
1860,381.232327,381.231438244118,381.231253462132,1967052.4,NA,282485.9,9.67,-1,0.484697895678845,0.958267692201605,0,0.574960615320963,5,1.75,0.15,"N2 P1 O3","de-protonated",0,NA,"C20 H35 O3 N2 P1",20,35,3,2,1,NA,NA,NA,NA,NA,NA
1863,382.078741,382.077848690007,382.077969215973,2280180,NA,279530.6,11.56,-1,-0.315448613695208,0.982106460443446,0,0.589263876266067,9,1.0625,0.625,"N1 O10","de-protonated",0,NA,"C16 H17 O10 N1",16,17,10,1,NA,NA,NA,NA,NA,NA,NA
1865,382.091658,382.090765635768,382.090723433813,2278648.5,NA,284114.5,11.55,-1,0.110450090873445,0.997788915147288,0,0.598673349088373,17,0.708333333333333,0.0833333333333333,"N1 S1 O2","de-protonated",0,NA,"C24 H17 O2 S1 N1",24,17,2,1,NA,1,NA,NA,NA,NA,NA
1868,382.128118,382.127225482672,382.127108943198,3927301.3,NA,276204,21.46,-1,0.304975678825463,0.491632519696051,0.785920818505338,0.609347839219766,16,0.84,0.04,"N1 S1 O1","de-protonated",0,NA,"C25 H21 O1 S1 N1",25,21,1,1,NA,1,NA,NA,NA,NA,NA
1878,383.052232,383.051335602297,383.051240666952,4572744.5,NA,266022.4,25.34,-1,0.247839806221305,0.988916472496159,0,0.593349883497695,13,0.85,0.2,"S1 P1 O4","de-protonated",0,NA,"C20 H17 O4 S1 P1",20,17,4,NA,1,1,NA,NA,NA,NA,NA
1879,383.054691,383.053794591972,383.053609648615,3826249.5,NA,291824.1,20.85,-1,0.482813246718942,0.961197186654781,0.919239815915237,0.944414238358963,22,0.444444444444444,0.037037037037037,"S1 O1","de-protonated",0,NA,"C27 H12 O1 S1",27,12,1,NA,NA,1,NA,NA,NA,NA,NA
1880,383.062695,383.061798558363,383.061984798874,15649356,NA,266310.8,91.95,-1,-0.486188967741807,0.479008005466472,0.85154837932281,0.628024155009007,9,1,0.6875,"O11","de-protonated",0,NA,"C16 H16 O11",16,16,11,NA,NA,NA,NA,NA,NA,NA,NA
1882,383.088761,383.087864448911,383.087822880828,2143317.5,NA,285174.7,10.73,-1,0.10850797164379,0.997865907233592,0,0.598719544340156,4,1.81818181818182,0.818181818181818,"N4 S1 O9","de-protonated",0,NA,"C11 H20 O9 S1 N4",11,20,9,4,NA,1,NA,NA,NA,NA,NA
1883,383.090982,383.090085439585,383.090128099781,12978774,NA,279068.1,75.89,-1,-0.111358117961107,0.995455664091821,0.908100875558154,0.960513748678354,8,1.23529411764706,0.470588235294118,"P1 O8","de-protonated",0,NA,"C17 H21 O8 P1",17,21,8,NA,1,NA,NA,NA,NA,NA,NA
1884,383.099031,383.098134405787,383.098208117006,46217816,NA,263050,275.78,-1,-0.192408153311567,0.662502434613057,0.926630606056794,0.768153703190552,3,2.08333333333333,0.333333333333333,"N4 S2 P1 O4","de-protonated",0,NA,"C12 H25 O4 S2 N4 P1",12,25,4,4,1,2,NA,NA,NA,NA,NA
1886,383.112111,383.111214350864,383.111124526098,2890333.8,NA,269809.5,15.22,-1,0.234461386497647,0.990074958655867,0,0.59404497519352,16,0.8,0.08,"S1 O2","de-protonated",0,NA,"C25 H20 O2 S1",25,20,2,NA,NA,1,NA,NA,NA,NA,NA
1887,383.114342,383.113445341496,383.113626449543,2036318.5,NA,302564,10.09,-1,-0.472726717642704,0.960262650519332,0,0.576157590311599,12,0.952380952380952,0.333333333333333,"O7","de-protonated",0,NA,"C21 H20 O7",21,20,7,NA,NA,NA,NA,NA,NA,NA,NA
1888,383.127441,383.126544286493,383.126513609165,19061348,NA,268142.6,112.47,-1,0.0800710124905628,0.997182813088819,0.928816756561479,0.969836390477883,7,1.38888888888889,0.388888888888889,"P1 O7","de-protonated",0,NA,"C18 H25 O7 P1",18,25,7,NA,1,NA,NA,NA,NA,NA,NA
1890,383.135476,383.134579252754,383.134755817642,38664804,NA,265695.1,230.36,-1,-0.460842787096224,0.96510256678068,0.988973678436471,0.974651011442996,7,1.33333333333333,0.5,"O9","de-protonated",0,NA,"C18 H24 O9",18,24,9,NA,NA,NA,NA,NA,NA,NA,NA
1891,383.145168,383.144271212057,383.144138732113,3265129.3,NA,206867,17.48,-1,0.345770509339631,0.978540106678066,0,0.58712406400684,20,0.689655172413793,0.0344827586206897,"O1","de-protonated",0,NA,"C29 H20 O1",29,20,1,NA,NA,NA,NA,NA,NA,NA,NA
1892,383.148472,383.147575198183,383.147510035483,6300266.5,NA,259950.9,35.73,-1,0.17007209696841,0.497382716261725,0.779247987650237,0.61012882481713,15,0.923076923076923,0.0384615384615385,"S1 O1","de-protonated",0,NA,"C26 H24 O1 S1",26,24,1,NA,NA,1,NA,NA,NA,NA,NA
1893,383.16372,383.162823134156,383.162899118549,12999280,NA,270190.2,76.01,-1,-0.198308324953446,0.99201971739821,0.98722690501961,0.99010259244677,6,1.52631578947368,0.315789473684211,"P1 O6","de-protonated",0,NA,"C19 H29 O6 P1",19,29,6,NA,1,NA,NA,NA,NA,NA,NA
1894,383.166141,383.165244123991,383.165268100212,4060784.8,NA,261362.1,22.26,-1,-0.0625740991701116,0.499644893372046,0.779247987650237,0.611486131083323,15,0.923076923076923,0.115384615384615,"O3","de-protonated",0,NA,"C26 H24 O3",26,24,3,NA,NA,NA,NA,NA,NA,NA,NA
1895,383.17177,383.170873100354,383.170979135774,12585587,NA,278438.4,73.53,-1,-0.276731344058305,0.328733570623058,0.805106851328613,0.51928288290528,1,2.35714285714286,0.142857142857143,"N4 S2 P1 O2","de-protonated",0,NA,"C14 H33 O2 S2 N4 P1",14,33,2,4,1,2,NA,NA,NA,NA,NA
1896,383.184897,383.184000045234,383.184028486649,4944503,NA,291687.2,27.58,-1,-0.0742239048845537,0.999000864533099,0,0.599400518719859,1,2.0625,0.5,"P1 O8","de-protonated",0,NA,"C16 H33 O8 P1",16,33,8,NA,1,NA,NA,NA,NA,NA,NA
1897,383.208225,383.207327947279,383.207364645159,3951231.3,NA,278801.9,21.6,-1,-0.095765068939304,0.998337327229762,0,0.599002396337857,0,2.46666666666667,0.0666666666666667,"N4 S2 P1 O1","de-protonated",0,NA,"C15 H37 O1 S2 N4 P1",15,37,1,4,1,2,NA,NA,NA,NA,NA
1898,383.221264,383.220366892528,383.220413996033,1541508,NA,317007.3,7.11,-1,-0.122914915965836,0.997262413397359,0,0.598357448038415,0,2.17647058823529,0.411764705882353,"P1 O7","de-protonated",0,NA,"C17 H37 O7 P1",17,37,7,NA,1,NA,NA,NA,NA,NA,NA
1901,384.065926,384.065025345774,384.0651170838,2181036.5,NA,252975.3,10.96,-1,-0.238860604894047,0.989700958252841,0,0.593820574951704,12,1,0.05,"N1 S2 P1 O1","de-protonated",0,NA,"C20 H20 O1 S2 N1 P1",20,20,1,1,1,2,NA,NA,NA,NA,NA
1904,384.107353,384.106452171821,384.106373498291,3259323,NA,295072.5,17.44,-1,0.204822243677779,0.992416736357722,0,0.595450041814633,16,0.791666666666667,0.0833333333333333,"N1 S1 O2","de-protonated",0,NA,"C24 H19 O2 S1 N1",24,19,2,1,NA,1,NA,NA,NA,NA,NA
1906,384.125014,384.124113097662,384.124131563021,1909697.3,NA,296511,9.32,-1,-0.048071333053487,0.99958078664221,0,0.599748471985326,16,0.791666666666667,0.166666666666667,"N1 O4","de-protonated",0,NA,"C24 H19 O4 N1",24,19,4,1,NA,NA,NA,NA,NA,NA,NA
1909,384.143703,384.142802019186,384.142759007676,1629127.8,NA,347635.8,7.64,-1,0.111967515994139,0.997727813117402,0,0.598636687870441,15,0.92,0.04,"N1 S1 O1","de-protonated",0,NA,"C25 H23 O1 S1 N1",25,23,1,1,NA,1,NA,NA,NA,NA,NA
1915,385.021853,385.020948331815,385.020989365793,1890812.8,NA,164369.8,9.21,-1,-0.106575952207933,0.997941149492982,0,0.598764689695789,13,0.736842105263158,0.263157894736842,"S2 O5","de-protonated",0,NA,"C19 H14 O5 S2",19,14,5,NA,NA,2,NA,NA,NA,NA,NA
1916,385.033623,385.032718282392,385.032874203708,1737985,NA,265736.6,8.29,-1,-0.404955852930417,0.970682707700975,0,0.582409624620585,22,0.384615384615385,0.0769230769230769,"S1 O2","de-protonated",0,NA,"C26 H10 O2 S1",26,10,2,NA,NA,1,NA,NA,NA,NA,NA
1917,385.041817,385.040912247986,385.041087162715,3288323.8,NA,276271.3,17.61,-1,-0.454275492745708,0.963247510346155,0,0.577948506207693,4,1.9,0.6,"N4 S2 P1 O6","de-protonated",0,NA,"C10 H19 O6 S2 N4 P1",10,19,6,4,1,2,NA,NA,NA,NA,NA
1918,385.049334,385.048429216422,385.048263286775,1563910.5,NA,307034.6,7.24,-1,0.430932073878322,0.966865903335372,0,0.580119542001223,13,0.789473684210526,0.368421052631579,"P1 O7","de-protonated",0,NA,"C19 H15 O7 P1",19,15,7,NA,1,NA,NA,NA,NA,NA,NA
1919,385.057185,385.056280183455,385.056343304,2429193.3,NA,304317.2,12.45,-1,-0.163925477822054,0.995136057789628,0,0.597081634673777,8,1.35714285714286,0.214285714285714,"N4 S2 P1 O3","de-protonated",0,NA,"C14 H19 O3 S2 N4 P1",14,19,3,4,1,2,NA,NA,NA,NA,NA
1920,385.067902,385.066997138454,385.06689073143,3483917,NA,233205.4,18.79,-1,0.276333870467351,0.986240049882574,0,0.591744029929544,12,0.95,0.2,"S1 P1 O4","de-protonated",0,NA,"C20 H19 O4 S1 P1",20,19,4,NA,1,1,NA,NA,NA,NA,NA
1921,385.070325,385.06942012828,385.069259713093,10091790,NA,270377.1,58.53,-1,0.416587881585238,0.983558082919868,0.943634390325681,0.967588605882193,21,0.518518518518518,0.037037037037037,"S1 O1","de-protonated",0,NA,"C27 H14 O1 S1",27,14,1,NA,NA,1,NA,NA,NA,NA,NA
1922,385.07839,385.077485094415,385.077634863352,19258640,NA,261774.9,113.65,-1,-0.388931798064026,0.486462943324126,0.85154837932281,0.632497117723599,8,1.125,0.6875,"O11","de-protonated",0,NA,"C16 H18 O11",16,18,11,NA,NA,NA,NA,NA,NA,NA,NA
1925,385.093593,385.092688030577,385.092728813384,3966230,NA,279126.2,21.69,-1,-0.105903862170888,0.997967008361721,0,0.598780205017033,7,1.53333333333333,0.133333333333333,"N4 S2 P1 O2","de-protonated",0,NA,"C15 H23 O2 S2 N4 P1",15,23,2,4,1,2,NA,NA,NA,NA,NA
1926,385.106619,385.105713975881,385.105778164259,27475226,NA,264802.3,163.06,-1,-0.166677265464574,0.99747497680921,0.960456626526723,0.982667636696215,7,1.35294117647059,0.470588235294118,"P1 O8","de-protonated",0,NA,"C17 H23 O8 P1",17,23,8,NA,1,NA,NA,NA,NA,NA,NA
1927,385.114662,385.113756942108,385.113858181484,32128286,NA,263990.2,191.05,-1,-0.262881674638335,0.662165174412251,0.926630606056794,0.767951347070069,2,2.25,0.333333333333333,"N4 S2 P1 O4","de-protonated",0,NA,"C12 H27 O4 S2 N4 P1",12,27,4,4,1,2,NA,NA,NA,NA,NA
1928,385.124484,385.123578900865,385.123403287206,6039841,NA,266381.8,34.16,-1,0.455993214528368,0.481487132569204,0.766236582456902,0.595386912524283,20,0.642857142857143,0.0714285714285714,"O2","de-protonated",0,NA,"C28 H18 O2",28,18,2,NA,NA,NA,NA,NA,NA,NA,NA
1929,385.129943,385.129037877943,385.129114322769,3303714.8,NA,276714.5,17.7,-1,-0.198491423283233,0.992876623689699,0,0.595725974213819,6,1.6875,0.0625,"N4 S2 P1 O1","de-protonated",0,NA,"C16 H27 O1 S2 N4 P1",16,27,1,4,1,2,NA,NA,NA,NA,NA
1930,385.14308,385.14217482278,385.142163673643,23317800,NA,269350.7,138.06,-1,0.0289481085242223,0.994921848715807,0.954664774695273,0.978819019107593,6,1.5,0.388888888888889,"P1 O7","de-protonated",0,NA,"C18 H27 O7 P1",18,27,7,NA,1,NA,NA,NA,NA,NA,NA
1931,385.145501,385.144595812614,385.144532655306,2001192.4,NA,247043.2,9.87,-1,0.163983396042406,0.995132628501932,0,0.597079577101159,15,0.88,0.16,"O4","de-protonated",0,NA,"C25 H22 O4",25,22,4,NA,NA,NA,NA,NA,NA,NA,NA
1932,385.151139,385.15023378894,385.15040588212,17476906,NA,267537.5,102.94,-1,-0.44682071618957,0.48221115284862,0.836034543948893,0.623740509288729,6,1.44444444444444,0.5,"O9","de-protonated",0,NA,"C18 H26 O9",18,26,9,NA,NA,NA,NA,NA,NA,NA,NA
1933,385.160813,385.159907748319,385.159788796591,4565294,NA,295830.6,25.29,-1,0.308837348959466,0.491421116127116,0.759892473118277,0.598809658923581,19,0.758620689655172,0.0344827586206897,"O1","de-protonated",0,NA,"C29 H22 O1",29,22,1,NA,NA,NA,NA,NA,NA,NA,NA
1934,385.164184,385.163278734164,385.163160099961,5019951,NA,270246.2,28.03,-1,0.308010254969881,0.491466610794208,0.779247987650237,0.60657916153662,14,1,0.0384615384615385,"S1 O1","de-protonated",0,NA,"C26 H26 O1 S1",26,26,1,NA,NA,1,NA,NA,NA,NA,NA
1935,385.179418,385.178512670196,385.178549183027,10540340,NA,275069.2,61.22,-1,-0.0947945602117002,0.998281672941219,0.95496108320584,0.980953437047068,5,1.63157894736842,0.315789473684211,"P1 O6","de-protonated",0,NA,"C19 H31 O6 P1",19,31,6,NA,1,NA,NA,NA,NA,NA,NA
1936,385.187429,385.186523636558,385.186629200252,8297783,NA,263673.1,47.74,-1,-0.274058564787591,0.988896026389225,0.968868393600455,0.980884973273717,0,2.5,0.142857142857143,"N4 S2 P1 O2","de-protonated",0,NA,"C14 H35 O2 S2 N4 P1",14,35,2,4,1,2,NA,NA,NA,NA,NA
1937,385.200524,385.199618581571,385.199678551127,1572155.8,NA,268340,7.29,-1,-0.155684333584867,0.995611773718709,0,0.597367064231226,0,2.1875,0.5,"P1 O8","de-protonated",0,NA,"C16 H35 O8 P1",16,35,8,NA,1,NA,NA,NA,NA,NA,NA
1939,385.223953,385.223047483192,385.223176900889,3277124,NA,307077.3,17.54,-1,-0.335955114303086,0.979728919649398,0,0.587837351789639,4,1.7,0.35,"O7","de-protonated",0,NA,"C20 H34 O7",20,34,7,NA,NA,NA,NA,NA,NA,NA,NA
1941,386.081651,386.0807418817,386.080767148278,3234418.8,NA,290700.3,17.29,-1,-0.0654437624369358,0.999223177836761,0,0.599533906702057,11,1.1,0.05,"N1 S2 P1 O1","de-protonated",0,NA,"C20 H22 O1 S2 N1 P1",20,22,1,1,1,2,NA,NA,NA,NA,NA
1952,387.036537,387.035623872112,387.035770050346,2817988.5,NA,269664.6,14.78,-1,-0.377686625047148,0.974448952539105,0,0.584669371523463,13,0.666666666666667,0.555555555555556,"O10","de-protonated",0,NA,"C18 H12 O10",18,12,10,NA,NA,NA,NA,NA,NA,NA,NA
1953,387.047202,387.04628882733,387.046155286524,1909704.4,NA,269678,9.32,-1,0.345025533281429,0.978631485360634,0,0.58717889121638,12,0.894736842105263,0.263157894736842,"S1 P1 O5","de-protonated",0,NA,"C19 H17 O5 S1 P1",19,17,5,NA,1,1,NA,NA,NA,NA,NA
1954,387.049556,387.048642817445,387.048524268186,4623305,NA,269075.7,25.64,-1,0.306290429631951,0.4915608333361,0.779247987650237,0.606635695061755,21,0.461538461538462,0.0769230769230769,"S1 O2","de-protonated",0,NA,"C26 H12 O2 S1",26,12,2,NA,NA,1,NA,NA,NA,NA,NA
1955,387.057726,387.056812783139,387.056899418445,3785676,NA,278100.6,20.6,-1,-0.223830931183647,0.990950563828699,0,0.59457033829722,8,1.06666666666667,0.8,"O12","de-protonated",0,NA,"C15 H16 O12",15,16,12,NA,NA,NA,NA,NA,NA,NA,NA
1956,387.067382,387.066468742593,387.066282332916,3282895.5,NA,274661.1,17.57,-1,0.48159626947296,0.958788956022004,0,0.575273373613202,21,0.461538461538462,0.153846153846154,"O4","de-protonated",0,NA,"C26 H12 O4",26,12,4,NA,NA,NA,NA,NA,NA,NA,NA
1957,387.072929,387.072015719301,387.07215555973,5874641.5,NA,267020.2,33.16,-1,-0.361277417934072,0.488297654085933,0.828487690504102,0.624373668653201,12,0.842105263157895,0.473684210526316,"O9","de-protonated",0,NA,"C19 H16 O9",19,16,9,NA,NA,NA,NA,NA,NA,NA,NA
1958,387.085923,387.085009664739,387.084909777571,26509270,NA,262781.2,157.25,-1,0.258049761307369,0.493056894996416,0.898204831307513,0.655116069520855,20,0.592592592592593,0.037037037037037,"S1 O1","de-protonated",0,NA,"C27 H16 O1 S1",27,16,1,NA,NA,1,NA,NA,NA,NA,NA
1959,387.093965,387.093051630971,387.093122736578,12382169,NA,262968.5,72.29,-1,-0.18369121688779,0.664618336819278,0.925969598629941,0.769158841543543,2,2.27272727272727,0.454545454545455,"N4 S2 P1 O5","de-protonated",0,NA,"C11 H25 O5 S2 N4 P1",11,25,5,4,1,2,NA,NA,NA,NA,NA
1960,387.103673,387.102759590207,387.1026678423,8976348,NA,261820.9,51.81,-1,0.237011816803329,0.494929481503724,0.772687513667176,0.606032694369105,20,0.592592592592593,0.111111111111111,"O3","de-protonated",0,NA,"C27 H16 O3",27,16,3,NA,NA,NA,NA,NA,NA,NA,NA
1961,387.10919,387.108276567041,387.108378877862,8556510,NA,268949.8,49.29,-1,-0.264295032715612,0.992817272141822,0.910947007163357,0.960069166150436,6,1.66666666666667,0.133333333333333,"N4 S2 P1 O2","de-protonated",0,NA,"C15 H25 O2 S2 N4 P1",15,25,2,4,1,2,NA,NA,NA,NA,NA
1962,387.112437,387.111523553406,387.111532249929,1727455.5,NA,329239,8.22,-1,-0.0224651613314629,0.999908430039488,0,0.599945058023693,11,1.10526315789474,0.263157894736842,"N2 P1 O5","de-protonated",0,NA,"C19 H21 O5 N2 P1",19,21,5,2,1,NA,NA,NA,NA,NA,NA
1963,387.122326,387.121412511882,387.121428228737,34570212,NA,263663.4,205.73,-1,-0.0405992878741277,0.997703940582291,0.959738794598162,0.982517882188639,6,1.47058823529412,0.470588235294118,"P1 O8","de-protonated",0,NA,"C17 H25 O8 P1",17,25,8,NA,1,NA,NA,NA,NA,NA,NA
1964,387.130419,387.1295054779,387.129670437214,11532262,NA,269868,67.18,-1,-0.426108683880551,0.483795701165601,0.843720152817574,0.62776548182639,6,1.41176470588235,0.588235294117647,"O10","de-protonated",0,NA,"C17 H24 O10",17,24,10,NA,NA,NA,NA,NA,NA,NA,NA
1965,387.140143,387.139229437068,387.139053351684,7532521.5,NA,267064.8,43.13,-1,0.454837564109842,0.481579102141469,0.766236582456902,0.595442094267642,19,0.714285714285714,0.0714285714285714,"O2","de-protonated",0,NA,"C28 H20 O2",28,20,2,NA,NA,NA,NA,NA,NA,NA,NA
1966,387.145704,387.144790413718,387.144926578499,6207467.5,NA,260447.3,35.16,-1,-0.351715267160587,0.488902086549307,0.813795485951173,0.618859446310053,10,1.14285714285714,0.333333333333333,"O7","de-protonated",0,NA,"C21 H24 O7",21,24,7,NA,NA,NA,NA,NA,NA,NA,NA
1967,387.158706,387.157792359122,387.157813738121,19787760,NA,263446.4,116.83,-1,-0.0552203733201906,0.999270674860967,0.938184751983472,0.974836305709969,5,1.61111111111111,0.388888888888889,"P1 O7","de-protonated",0,NA,"C18 H29 O7 P1",18,29,7,NA,1,NA,NA,NA,NA,NA,NA
1968,387.161138,387.16022434891,387.160182719784,2472944.8,NA,247884,12.7,-1,0.107524295856928,0.997904384569222,0,0.598742630741533,14,0.96,0.16,"O4","de-protonated",0,NA,"C25 H24 O4",25,24,4,NA,NA,NA,NA,NA,NA,NA,NA
1970,387.176398,387.175484284833,387.175438861069,3517430,NA,276590.7,18.99,-1,0.117320882337385,0.498752811026494,0.759892473118277,0.603208675863207,18,0.827586206896552,0.0344827586206897,"O1","de-protonated",0,NA,"C29 H24 O1",29,24,1,NA,NA,NA,NA,NA,NA,NA,NA
1972,387.195047,387.194133206525,387.194199247505,7450621,NA,273108.4,42.64,-1,-0.170562937377866,0.997367622197557,0.870465973949927,0.946606962898505,4,1.73684210526316,0.315789473684211,"P1 O6","de-protonated",0,NA,"C19 H33 O6 P1",19,33,6,NA,1,NA,NA,NA,NA,NA,NA
1973,387.203162,387.20224817245,387.202441455983,6619135.5,NA,267556.5,37.64,-1,-0.499179529222078,0.477896737129191,0.828487690504102,0.618133118479156,4,1.68421052631579,0.421052631578947,"O8","de-protonated",0,NA,"C19 H32 O8",19,32,8,NA,NA,NA,NA,NA,NA,NA,NA
1974,387.239641,387.238727019274,387.238826965367,3000332.5,NA,277482.9,15.88,-1,-0.258099358733632,0.987985502565169,0,0.592791301539101,3,1.8,0.35,"O7","de-protonated",0,NA,"C20 H36 O7",20,36,7,NA,NA,NA,NA,NA,NA,NA,NA
1976,388.097401,388.096483417521,388.096417212756,1825597,NA,269259.7,8.81,-1,0.170588447052549,0.994733683258814,0,0.596840209955289,10,1.2,0.05,"N1 S2 P1 O1","de-protonated",0,NA,"C20 H24 O1 S2 N1 P1",20,24,1,1,1,2,NA,NA,NA,NA,NA
1984,388.299495,388.298576568924,388.298604747851,1828228.9,NA,248631.4,8.82,-1,-0.0725702517317202,0.999044867549484,0,0.59942692052969,1,2.0952380952381,0.142857142857143,"N1 P1 O3","de-protonated",0,NA,"C21 H44 O3 N1 P1",21,44,3,1,1,NA,NA,NA,NA,NA,NA
1990,389.05217,389.051248408425,389.051420114824,6687377,NA,256583,38.04,-1,-0.441346285993788,0.482636767162911,0.836034543948893,0.623995877877304,12,0.777777777777778,0.555555555555556,"O10","de-protonated",0,NA,"C18 H14 O10",18,14,10,NA,NA,NA,NA,NA,NA,NA,NA
1991,389.065197,389.064275353724,389.064174332664,14004886,NA,261071.8,82.05,-1,0.259651405271854,0.981879585345301,0.930038079455275,0.961142982989291,20,0.538461538461538,0.0769230769230769,"S1 O2","de-protonated",0,NA,"C26 H14 O2 S1",26,14,2,NA,NA,1,NA,NA,NA,NA,NA
1992,389.073272,389.072350319817,389.072387291671,2987672.5,NA,261467.3,15.8,-1,-0.0950256444561463,0.99836288292819,0,0.599017729756914,2,2.3,0.6,"N4 S2 P1 O6","de-protonated",0,NA,"C10 H23 O6 S2 N4 P1",10,23,6,4,1,2,NA,NA,NA,NA,NA
1994,389.088584,389.087662255521,389.087805624208,13341342,NA,265431.1,78.06,-1,-0.368473863166938,0.487832577523353,0.828487690504102,0.624094622715653,11,0.947368421052632,0.473684210526316,"O9","de-protonated",0,NA,"C19 H18 O9",19,18,9,NA,NA,NA,NA,NA,NA,NA,NA
1995,389.091754,389.090832242211,389.090796805023,2229919,NA,308418.7,11.24,-1,0.0910769096958457,0.998496014636909,0,0.599097608782145,11,1.05555555555556,0.333333333333333,"N2 P1 O6","de-protonated",0,NA,"C18 H19 O6 N2 P1",18,19,6,2,1,NA,NA,NA,NA,NA,NA
1997,389.101591,389.100669200905,389.100559842049,38396580,NA,259906.4,228.73,-1,0.28105550935463,0.495395915018966,0.892858104575314,0.654380790841505,19,0.666666666666667,0.037037037037037,"S1 O1","de-protonated",0,NA,"C27 H18 O1 S1",27,18,1,NA,NA,1,NA,NA,NA,NA,NA
1998,389.109651,389.108729167061,389.108772801056,4871845.5,NA,285838.7,27.13,-1,-0.112138296389024,0.997720884357167,0,0.5986325306143,1,2.45454545454545,0.454545454545455,"N4 S2 P1 O5","de-protonated",0,NA,"C11 H27 O5 S2 N4 P1",11,27,5,4,1,2,NA,NA,NA,NA,NA
1999,389.119315,389.118393126481,389.118317906778,13234857,NA,258186,77.42,-1,0.193308049876223,0.993525945567176,0.944776679557734,0.974026239163399,19,0.666666666666667,0.111111111111111,"O3","de-protonated",0,NA,"C27 H18 O3",27,18,3,NA,NA,NA,NA,NA,NA,NA,NA
2000,389.124874,389.123952103139,389.12402894234,20943530,NA,262848,123.78,-1,-0.197467120132743,0.664237431609417,0.928544651443954,0.769960319543232,5,1.8,0.133333333333333,"N4 S2 P1 O2","de-protonated",0,NA,"C15 H27 O2 S2 N4 P1",15,27,2,4,1,2,NA,NA,NA,NA,NA
2001,389.137951,389.137029048228,389.137078293215,28869296,NA,260647.8,171.44,-1,-0.126549200794956,0.998540996838383,0.912933199186097,0.964297877777468,5,1.58823529411765,0.470588235294118,"P1 O8","de-protonated",0,NA,"C17 H27 O8 P1",17,27,8,NA,1,NA,NA,NA,NA,NA,NA
2003,389.155797,389.154874973293,389.154703416162,6644406,NA,271554,37.79,-1,0.440845578145813,0.973078714474309,0.972060750358055,0.972671528827807,18,0.785714285714286,0.0714285714285714,"O2","de-protonated",0,NA,"C28 H22 O2",28,22,2,NA,NA,NA,NA,NA,NA,NA,NA
2004,389.161379,389.160456949854,389.160576642977,9902776,NA,265116.7,57.38,-1,-0.307567442357246,0.491490919478077,0.813795485951173,0.620412746067316,9,1.23809523809524,0.333333333333333,"O7","de-protonated",0,NA,"C21 H26 O7",21,26,7,NA,NA,NA,NA,NA,NA,NA,NA
2005,389.174383,389.17346089525,389.173463802599,10590909,NA,267990.4,61.52,-1,-0.00747057453723743,0.997250503759314,0.851154203785331,0.938811983769721,4,1.72222222222222,0.388888888888889,"P1 O7","de-protonated",0,NA,"C18 H31 O7 P1",18,31,7,NA,1,NA,NA,NA,NA,NA,NA
2007,389.19205,389.191127821065,389.191088925547,2462402.8,NA,262190.5,12.64,-1,0.0999393867140965,0.998189353312572,0,0.598913611987543,17,0.896551724137931,0.0344827586206897,"O1","de-protonated",0,NA,"C29 H26 O1",29,26,1,NA,NA,NA,NA,NA,NA,NA,NA
2009,389.210694,389.209771742779,389.209849311983,3785417.5,NA,293696.3,20.59,-1,-0.1992991813371,0.992818737858737,0,0.595691242715242,3,1.84210526315789,0.315789473684211,"P1 O6","de-protonated",0,NA,"C19 H35 O6 P1",19,35,6,NA,1,NA,NA,NA,NA,NA,NA
2013,390.083988,390.083062075798,390.083054596401,1544193.4,NA,307836.3,7.11,-1,0.0191738570919884,0.999933295011242,0,0.599959977006745,11,0.944444444444444,0.5,"N1 O9","de-protonated",0,NA,"C18 H17 O9 N1",18,17,9,1,NA,NA,NA,NA,NA,NA,NA
2015,390.096764,390.095838022151,390.095808814242,1778181.9,NA,255021,8.52,-1,0.0748736822079211,0.998983303460388,0,0.599389982076233,19,0.653846153846154,0.0384615384615385,"N1 S1 O1","de-protonated",0,NA,"C26 H17 O1 S1 N1",26,17,1,1,NA,1,NA,NA,NA,NA,NA
2017,390.120286,390.119359923382,390.119440105786,2035214.4,NA,353867.3,10.07,-1,-0.205532960879565,0.992364220170276,0,0.595418532102166,10,1.10526315789474,0.421052631578947,"N1 O8","de-protonated",0,NA,"C19 H21 O8 N1",19,21,8,1,NA,NA,NA,NA,NA,NA,NA
2027,391.03142,391.03049009751,391.030684669918,4197716.5,NA,268413.2,23.07,-1,-0.497588591219577,0.956068534467153,0,0.573641120680292,12,0.705882352941177,0.647058823529412,"O11","de-protonated",0,NA,"C17 H12 O11",17,12,11,NA,NA,NA,NA,NA,NA,NA,NA
2029,391.044491,391.043561042625,391.043438887758,4532569.5,NA,258185.3,25.08,-1,0.312381834044454,0.491224816760139,0.785920818505338,0.609103217458218,20,0.48,0.12,"S1 O3","de-protonated",0,NA,"C25 H12 O3 S1",25,12,3,NA,NA,1,NA,NA,NA,NA,NA
2031,391.067834,391.066903944607,391.067070179302,14783842,NA,262468.6,86.73,-1,-0.425079756805831,0.964848112353959,0.990820925936633,0.975237237787028,11,0.888888888888889,0.555555555555556,"O10","de-protonated",0,NA,"C18 H16 O10",18,16,10,NA,NA,NA,NA,NA,NA,NA,NA
2032,391.080827,391.079896890049,391.079824397142,20976998,NA,257816.2,123.97,-1,0.185366010071026,0.986492860697016,0.915144352215089,0.957953457304245,19,0.615384615384615,0.0769230769230769,"S1 O2","de-protonated",0,NA,"C26 H16 O2 S1",26,16,2,NA,NA,1,NA,NA,NA,NA,NA
2033,391.095515,391.094584828374,391.094429089805,3208043.8,NA,255448.8,17.12,-1,0.398212190002884,0.971637143721256,0,0.582982286232754,14,0.909090909090909,0.0454545454545455,"N2 S2 O1","de-protonated",0,NA,"C22 H20 O1 S2 N2",22,20,1,2,NA,2,NA,NA,NA,NA,NA
2034,391.098625,391.097694815315,391.097582461872,14165357,NA,259036.1,83.01,-1,0.287277263005208,0.972920126712961,0.92136887239837,0.952299624987125,19,0.615384615384615,0.153846153846154,"O4","de-protonated",0,NA,"C26 H16 O4",26,16,4,NA,NA,NA,NA,NA,NA,NA,NA
2035,391.104164,391.103233792056,391.103293497434,35390832,NA,255559.6,210.65,-1,-0.152658846437516,0.6647852994,0.927917829923809,0.770038311609524,5,1.78571428571429,0.214285714285714,"N4 S2 P1 O3","de-protonated",0,NA,"C14 H25 O3 S2 N4 P1",14,25,3,4,1,2,NA,NA,NA,NA,NA
2036,391.117302,391.11637173689,391.116209906527,30664052,NA,256532.3,182.23,-1,0.413765420278722,0.484088539324723,0.910736398504031,0.654747682996446,18,0.740740740740741,0.037037037037037,"S1 O1","de-protonated",0,NA,"C27 H20 O1 S1",27,20,1,NA,NA,1,NA,NA,NA,NA,NA
2038,391.135093,391.134162662185,391.133967971256,10569082,NA,264476.9,61.38,-1,0.497760217124611,0.96893688055913,0.933523861708335,0.954771673018812,18,0.740740740740741,0.111111111111111,"O3","de-protonated",0,NA,"C27 H20 O3",27,20,3,NA,NA,NA,NA,NA,NA,NA,NA
2039,391.140604,391.139673639044,391.139841198071,35038588,NA,258404.7,208.53,-1,-0.428386497292056,0.970071993048442,0.992750490624681,0.979143392078938,9,1.2,0.4,"O8","de-protonated",0,NA,"C20 H24 O8",20,24,8,NA,NA,NA,NA,NA,NA,NA,NA
2040,391.15359,391.152659584516,391.152728357693,21534080,NA,259099.8,127.32,-1,-0.17582180048144,0.99026576921542,0.912538970924593,0.959175049899089,4,1.70588235294118,0.470588235294118,"P1 O8","de-protonated",0,NA,"C17 H29 O8 P1",17,29,8,NA,1,NA,NA,NA,NA,NA,NA
2042,391.171377,391.170446509828,391.17035348064,4006279,NA,263012.2,21.92,-1,0.237822693832874,0.494894905144986,0.766236582456902,0.603431576069753,17,0.857142857142857,0.0714285714285714,"O2","de-protonated",0,NA,"C28 H24 O2",28,24,2,NA,NA,NA,NA,NA,NA,NA,NA
2043,391.176914,391.175983486578,391.176064516203,9678217,NA,254137.7,56.03,-1,-0.207143617561804,0.989025635438443,0.950461705574576,0.973600063492897,3,2.0625,0.0625,"N4 S2 P1 O1","de-protonated",0,NA,"C16 H33 O1 S2 N4 P1",16,33,1,4,1,2,NA,NA,NA,NA,NA
2044,391.190049,391.189118431423,391.189113867077,8672654,NA,263408.6,49.98,-1,0.011667877120339,0.997387357451702,0.890631675456269,0.954685084653529,3,1.83333333333333,0.388888888888889,"P1 O7","de-protonated",0,NA,"C18 H33 O7 P1",18,33,7,NA,1,NA,NA,NA,NA,NA,NA
2045,391.226475,391.22554427847,391.225499376461,3284378.8,NA,250720.8,17.57,-1,0.114772704552861,0.997612671726847,0,0.598567603036108,2,1.94736842105263,0.315789473684211,"P1 O6","de-protonated",0,NA,"C19 H37 O6 P1",19,37,6,NA,1,NA,NA,NA,NA,NA,NA
2046,391.262833,391.261902125802,391.261884885846,2990503.8,NA,264901,15.81,-1,0.0440624476524746,0.99964777954798,0,0.599788667728788,1,2.05,0.25,"P1 O5","de-protonated",0,NA,"C20 H41 O5 P1",20,41,5,NA,1,NA,NA,NA,NA,NA,NA
2048,392.063194,392.062259765068,392.062319151495,1638599.4,NA,324601.6,7.68,-1,-0.151471905717883,0.995845542574856,0,0.597507325544914,11,0.882352941176471,0.588235294117647,"N1 O10","de-protonated",0,NA,"C17 H15 O10 N1",17,15,10,1,NA,NA,NA,NA,NA,NA,NA
2051,392.099517,392.098582612547,392.098704660879,3732180.5,NA,291476.1,20.27,-1,-0.311269408974404,0.982573314813793,0,0.589543988888276,10,1.05555555555556,0.5,"N1 O9","de-protonated",0,NA,"C18 H19 O9 N1",18,19,9,1,NA,NA,NA,NA,NA,NA,NA
2062,393.04712,393.046181633541,393.046334734396,9674794,NA,263817.7,56,-1,-0.389523679171682,0.976170296973089,0.98480238437269,0.979623131932929,11,0.823529411764706,0.647058823529412,"O11","de-protonated",0,NA,"C17 H14 O11",17,14,11,NA,NA,NA,NA,NA,NA,NA,NA
2064,393.060179,393.059240578706,393.059088952236,4465711,NA,255842.2,24.68,-1,0.385759989648276,0.486679881662595,0.785920818505338,0.606376256399692,19,0.56,0.12,"S1 O3","de-protonated",0,NA,"C25 H14 O3 S1",25,14,3,NA,NA,1,NA,NA,NA,NA,NA
2065,393.075447,393.074508514596,393.074478035303,2727988.5,NA,230600.5,14.22,-1,0.0775407579191429,0.998909622122867,0,0.59934577327372,10,1.05555555555556,0.444444444444444,"P1 O8","de-protonated",0,NA,"C18 H19 O8 P1",18,19,8,NA,1,NA,NA,NA,NA,NA,NA
2066,393.07783,393.076891504589,393.076847016965,6668341.5,NA,262198.7,37.92,-1,0.113177929724372,0.49883923922654,0.785920818505338,0.613671870938059,19,0.56,0.2,"O5","de-protonated",0,NA,"C25 H14 O5",25,14,5,NA,NA,NA,NA,NA,NA,NA,NA
2067,393.08343,393.082491481075,393.082558052528,34129976,NA,258097.4,203.07,-1,-0.169357433111792,0.659591945813492,0.927279913856465,0.766667133030681,5,1.76923076923077,0.307692307692308,"N4 S2 P1 O4","de-protonated",0,NA,"C13 H23 O4 S2 N4 P1",13,23,4,4,1,2,NA,NA,NA,NA,NA
2068,393.096497,393.095558426206,393.09547446162,14407740,NA,252849,84.46,-1,0.213598454381936,0.993497159865018,0.93009245235345,0.968135276860391,18,0.692307692307692,0.0769230769230769,"S1 O2","de-protonated",0,NA,"C26 H18 O2 S1",26,18,2,NA,NA,1,NA,NA,NA,NA,NA
2069,393.111866,393.110927361671,393.110863544687,5229633.5,NA,296440.9,29.27,-1,0.16233838952675,0.997504057982333,0.705194669700609,0.880580302669644,9,1.21052631578947,0.368421052631579,"P1 O7","de-protonated",0,NA,"C19 H23 O7 P1",19,23,7,NA,1,NA,NA,NA,NA,NA,NA
2070,393.114346,393.113407351258,393.11323252635,10756162,NA,263843.7,62.5,-1,0.444718960068493,0.980222256088683,0.968341474392067,0.975469943410036,18,0.692307692307692,0.153846153846154,"O4","de-protonated",0,NA,"C26 H18 O4",26,18,4,NA,NA,NA,NA,NA,NA,NA,NA
2071,393.119898,393.118959327945,393.119105753164,62474308,NA,258954.3,373.52,-1,-0.372470371985931,0.488168459177896,0.967754654880568,0.680002937458965,9,1.15789473684211,0.473684210526316,"O9","de-protonated",0,NA,"C19 H22 O9",19,22,9,NA,NA,NA,NA,NA,NA,NA,NA
2072,393.132965,393.132026273076,393.131859971005,25167946,NA,254131.1,149.17,-1,0.423018555376156,0.643872733124325,0.924638586026006,0.756179074284997,17,0.814814814814815,0.037037037037037,"S1 O1","de-protonated",0,NA,"C27 H22 O1 S1",27,22,1,NA,NA,1,NA,NA,NA,NA,NA
2073,393.148319,393.147380208604,393.147249054071,2576974.8,NA,299404.5,13.32,-1,0.333601554109409,0.980009097950276,0,0.588005458770165,8,1.35,0.3,"P1 O6","de-protonated",0,NA,"C20 H27 O6 P1",20,27,6,NA,1,NA,NA,NA,NA,NA,NA
2074,393.150742,393.14980319843,393.149618035734,7790671.5,NA,260325.7,44.67,-1,0.47097259564788,0.480275560880372,0.772687513667176,0.597240341995094,17,0.814814814814815,0.111111111111111,"O3","de-protonated",0,NA,"C27 H22 O3",27,22,3,NA,NA,NA,NA,NA,NA,NA,NA
2075,393.156211,393.155272175466,393.155329071296,36128848,NA,257384.4,215.09,-1,-0.144715908563279,0.663911949568889,0.928544651443954,0.769765030318915,3,2.06666666666667,0.133333333333333,"N4 S2 P1 O2","de-protonated",0,NA,"C15 H31 O2 S2 N4 P1",15,31,2,4,1,2,NA,NA,NA,NA,NA
2076,393.169244,393.16830512074,393.168378422171,19527766,NA,258169.6,115.25,-1,-0.18643775752439,0.990538496861153,0.988761125348094,0.989827548255929,3,1.82352941176471,0.470588235294118,"P1 O8","de-protonated",0,NA,"C17 H31 O8 P1",17,31,8,NA,1,NA,NA,NA,NA,NA,NA
2077,393.18709,393.186151045804,393.186003545118,2539612.8,NA,251667,13.09,-1,0.37514225952751,0.974787690735277,0,0.584872614441166,16,0.928571428571429,0.0714285714285714,"O2","de-protonated",0,NA,"C28 H26 O2",28,26,2,NA,NA,NA,NA,NA,NA,NA,NA
2078,393.192617,393.191678022596,393.191714580681,6592607,NA,263729.4,37.47,-1,-0.0929777593493601,0.49921631522043,0.85154837932281,0.640149140861382,2,2.1875,0.0625,"N4 S2 P1 O1","de-protonated",0,NA,"C16 H35 O1 S2 N4 P1",16,35,1,4,1,2,NA,NA,NA,NA,NA
2079,393.205765,393.204825967387,393.204763931555,6854755.5,NA,253599.2,39.04,-1,0.15776978853589,0.994115441663377,0.940628545634623,0.972720683251876,2,1.94444444444444,0.388888888888889,"P1 O7","de-protonated",0,NA,"C18 H35 O7 P1",18,35,7,NA,1,NA,NA,NA,NA,NA,NA
2080,393.242013,393.241073815181,393.241149440939,10221681,NA,251377.1,59.29,-1,-0.19231394801864,0.994650374689173,0.986742378336792,0.991487176148221,1,2.05263157894737,0.315789473684211,"P1 O6","de-protonated",0,NA,"C19 H39 O6 P1",19,39,6,NA,1,NA,NA,NA,NA,NA,NA
2081,393.278473,393.277533662085,393.277534950324,53282940,NA,257245.7,318.25,-1,-0.00327564769276631,0.665795373070987,0.981816458788318,0.79220380735792,0,2.15,0.25,"P1 O5","de-protonated",0,NA,"C20 H43 O5 P1",20,43,5,NA,1,NA,NA,NA,NA,NA,NA
2085,394.09173,394.090787247201,394.090723433813,11293092,NA,253877.6,65.73,-1,0.161925626596992,0.497626865669448,0.785920818505338,0.612944446803804,18,0.68,0.08,"N1 S1 O2","de-protonated",0,NA,"C25 H17 O2 S1 N1",25,17,2,1,NA,1,NA,NA,NA,NA,NA
2090,394.12811,394.12716709444,394.127108943198,1962417.3,NA,240073.1,9.62,-1,0.147544386841244,0.996057771814782,0,0.597634663088869,17,0.807692307692308,0.0384615384615385,"N1 S1 O1","de-protonated",0,NA,"C26 H21 O1 S1 N1",26,21,1,1,NA,1,NA,NA,NA,NA,NA
2092,394.151591,394.150647995843,394.150740234742,1761209.9,NA,340134.5,8.41,-1,-0.234019346121864,0.990112162150616,0,0.59406729729037,8,1.31578947368421,0.421052631578947,"N1 O8","de-protonated",0,NA,"C19 H25 O8 N1",19,25,8,1,NA,NA,NA,NA,NA,NA,NA
2094,394.164542,394.163598941462,394.163627394364,7739838.5,NA,252140,44.36,-1,-0.0721855090335524,0.499527481750521,0.85154837932281,0.640335840779437,3,1.875,0.5,"N1 P1 O8","de-protonated",0,NA,"C16 H30 O8 N1 P1",16,30,8,1,1,NA,NA,NA,NA,NA,NA
2100,394.99663,394.995683447506,394.99557626429,4610796.5,NA,252197.2,24.79,-1,0.271352952073725,0.986728348698412,0,0.592037009219047,7,1.18181818181818,0.909090909090909,"N2 S1 P1 O10","de-protonated",0,NA,"C11 H13 O10 S1 N2 P1",11,13,10,2,1,1,NA,NA,NA,NA,NA
2102,395.062744,395.061797169891,395.061984798874,19581700,NA,258384,112.18,-1,-0.474935552923177,0.479948999379941,0.843720152817574,0.625457460754994,10,0.941176470588235,0.647058823529412,"O11","de-protonated",0,NA,"C17 H16 O11",17,16,11,NA,NA,NA,NA,NA,NA,NA,NA
2103,395.091094,395.090147050849,395.090128099781,8880911,NA,260534.9,49.72,-1,0.0479664441624669,0.999461025306221,0.845739075538774,0.937972245399242,9,1.16666666666667,0.444444444444444,"P1 O8","de-protonated",0,NA,"C18 H21 O8 P1",18,21,8,NA,1,NA,NA,NA,NA,NA,NA
2104,395.0936,395.092653040326,395.092497081443,5674768,NA,221672.5,31,-1,0.394740178804604,0.486061324880062,0.785920818505338,0.606005122330173,18,0.64,0.2,"O5","de-protonated",0,NA,"C25 H16 O5",25,16,5,NA,NA,NA,NA,NA,NA,NA,NA
2105,395.099086,395.098139017291,395.098208117006,63261456,NA,256003,367.13,-1,-0.174892504589572,0.664261247534885,0.927279913856465,0.769468714063517,4,1.92307692307692,0.307692307692308,"N4 S2 P1 O4","de-protonated",0,NA,"C13 H25 O4 S2 N4 P1",13,25,4,4,1,2,NA,NA,NA,NA,NA
2106,395.112112,395.111164962594,395.111124526098,8207126.5,NA,241531,45.78,-1,0.102342083744005,0.499050664491544,0.779247987650237,0.611129593755022,17,0.769230769230769,0.0769230769230769,"S1 O2","de-protonated",0,NA,"C26 H20 O2 S1",26,20,2,NA,NA,1,NA,NA,NA,NA,NA
2107,395.12746,395.126512898148,395.126513609165,12901148,NA,269011.6,73.18,-1,-0.00179946750464704,0.996864166477461,0.907727003010743,0.961209301090774,8,1.31578947368421,0.368421052631579,"P1 O7","de-protonated",0,NA,"C19 H25 O7 P1",19,25,7,NA,1,NA,NA,NA,NA,NA,NA
2108,395.12994,395.128992887734,395.128882590828,7441181,NA,253846.4,41.31,-1,0.27914159405482,0.492980496015963,0.779247987650237,0.607487492669673,17,0.769230769230769,0.153846153846154,"O4","de-protonated",0,NA,"C26 H20 O4",26,20,4,NA,NA,NA,NA,NA,NA,NA,NA
2109,395.13549,395.134542864429,395.13459362639,66063136,NA,255242.7,383.48,-1,-0.128467518369475,0.659999937903572,0.927917829923809,0.767167094711666,3,2.07142857142857,0.214285714285714,"N4 S2 P1 O3","de-protonated",0,NA,"C14 H29 O3 S2 N4 P1",14,29,3,4,1,2,NA,NA,NA,NA,NA
2110,395.148611,395.147663809334,395.147510035483,13843236,NA,255519.3,78.68,-1,0.389155562064303,0.966484314707114,0.916196923874597,0.946369358374107,16,0.888888888888889,0.037037037037037,"S1 O1","de-protonated",0,NA,"C27 H24 O1 S1",27,24,1,NA,NA,1,NA,NA,NA,NA,NA
2111,395.163964,395.163016744866,395.162899118549,4000553.5,NA,284638.9,21.23,-1,0.297665387063515,0.984051345141937,0,0.590430807085162,7,1.45,0.3,"P1 O6","de-protonated",0,NA,"C20 H29 O6 P1",20,29,6,NA,1,NA,NA,NA,NA,NA,NA
2113,395.171907,395.170959711514,395.171141327027,23276332,NA,258024.4,133.74,-1,-0.459586983948311,0.970050864967604,0.984090804184751,0.975666840654463,7,1.4,0.4,"O8","de-protonated",0,NA,"C20 H28 O8",20,28,8,NA,NA,NA,NA,NA,NA,NA,NA
2114,395.184919,395.183971656876,395.184028486649,13474609,NA,257035.9,76.53,-1,-0.143805843840007,0.996633386072782,0.98394633240693,0.991558564606441,2,1.94117647058824,0.470588235294118,"P1 O8","de-protonated",0,NA,"C17 H33 O8 P1",17,33,8,NA,1,NA,NA,NA,NA,NA,NA
2115,395.202585,395.201637582696,395.201653609596,2328375.5,NA,270033.1,11.47,-1,-0.0405537278637104,0.999701633131869,0,0.599820979879121,15,1,0.0714285714285714,"O2","de-protonated",0,NA,"C28 H28 O2",28,28,2,NA,NA,NA,NA,NA,NA,NA,NA
2116,395.208308,395.207360558665,395.207526836411,3095865.5,NA,260152.9,15.95,-1,-0.420735270855792,0.968390645161328,0,0.581034387096797,6,1.52380952380952,0.333333333333333,"O7","de-protonated",0,NA,"C21 H32 O7",21,32,7,NA,NA,NA,NA,NA,NA,NA,NA
2117,395.221357,395.220409503872,395.220413996033,3661630.3,NA,279545.2,19.25,-1,-0.0113662168780641,0.99997655875818,0,0.599985935254908,1,2.05555555555556,0.388888888888889,"P1 O7","de-protonated",0,NA,"C18 H37 O7 P1",18,37,7,NA,1,NA,NA,NA,NA,NA,NA
2121,396.066042,396.065090957021,396.0651170838,3546226.3,NA,275801.9,18.58,-1,-0.0659658667072373,0.999210738476113,0,0.599526443085668,13,0.952380952380952,0.0476190476190476,"N1 S2 P1 O1","de-protonated",0,NA,"C21 H20 O1 S2 N1 P1",21,20,1,1,1,2,NA,NA,NA,NA,NA
2122,396.088843,396.087891861279,396.087746053637,4066426.5,NA,255119,21.61,-1,0.368119549210688,0.487855679598936,0.792708917554682,0.609796974781234,18,0.625,0.208333333333333,"N1 O5","de-protonated",0,NA,"C24 H15 O5 N1",24,15,5,1,NA,NA,NA,NA,NA,NA,NA
2125,396.107415,396.106463783295,396.106373498291,2856577.3,NA,255229.2,14.55,-1,0.227931206127628,0.990617555079792,0,0.594370533047875,17,0.76,0.08,"N1 S1 O2","de-protonated",0,NA,"C25 H19 O2 S1 N1",25,19,2,1,NA,1,NA,NA,NA,NA,NA
2128,396.143742,396.142790630757,396.142759007676,3942542.5,NA,255436.1,20.89,-1,0.0798274876774177,0.499422199785058,0.779247987650237,0.611352514931129,16,0.884615384615385,0.0384615384615385,"N1 S1 O1","de-protonated",0,NA,"C26 H23 O1 S1 N1",26,23,1,1,NA,1,NA,NA,NA,NA,NA
2130,396.161615,396.160663555708,396.160517072405,2095765,NA,291643,10.11,-1,0.369757450366291,0.975497415630215,0,0.585298449378129,16,0.884615384615385,0.115384615384615,"N1 O3","de-protonated",0,NA,"C26 H23 O3 N1",26,23,3,1,NA,NA,NA,NA,NA,NA,NA
2131,396.167259,396.166307532009,396.16639029922,1590935.1,NA,310493.8,7.16,-1,-0.208920325063108,0.992111460901765,0,0.595266876541059,7,1.42105263157895,0.421052631578947,"N1 O8","de-protonated",0,NA,"C19 H27 O8 N1",19,27,8,1,NA,NA,NA,NA,NA,NA,NA
2135,397.020845,397.019889947782,397.019957794616,1609679.3,NA,229051.7,7.27,-1,-0.170890234532043,0.994715082896419,0,0.596829049737851,10,1.07142857142857,0.285714285714286,"N4 S2 P1 O4","de-protonated",0,NA,"C14 H15 O4 S2 N4 P1",14,15,4,4,1,2,NA,NA,NA,NA,NA
2137,397.042077,397.041121858628,397.041249353967,6518231,NA,266610.7,35.92,-1,-0.321113584998899,0.490732027746668,0.85154837932281,0.635058568377124,10,0.875,0.75,"O12","de-protonated",0,NA,"C16 H14 O12",16,14,12,NA,NA,NA,NA,NA,NA,NA,NA
2138,397.06796,397.067004749945,397.06689073143,4776416.5,NA,246315.5,25.75,-1,0.287151908248545,0.492574897855378,0.813795485951173,0.621063133093696,13,0.904761904761905,0.19047619047619,"S1 P1 O4","de-protonated",0,NA,"C21 H19 O4 S1 P1",21,19,4,NA,1,1,NA,NA,NA,NA,NA
2139,397.070322,397.069366740027,397.069259713093,7634401.5,NA,263009.6,42.44,-1,0.269542231446198,0.985809711806619,0.987694163649385,0.986563492543725,22,0.5,0.0357142857142857,"S1 O1","de-protonated",0,NA,"C28 H14 O1 S1",28,14,1,NA,NA,1,NA,NA,NA,NA,NA
2140,397.078319,397.077363706447,397.0774726721,31993316,NA,254891.1,184.62,-1,-0.274419123549962,0.662139459553892,0.926630606056794,0.767935918155053,4,1.91666666666667,0.416666666666667,"N4 S2 P1 O5","de-protonated",0,NA,"C12 H23 O5 S2 N4 P1",12,23,5,4,1,2,NA,NA,NA,NA,NA
2141,397.088055,397.087099665566,397.087017777822,3254247.8,NA,255480.5,16.87,-1,0.206221155660946,0.992313197511545,0,0.595387918506927,22,0.5,0.107142857142857,"O3","de-protonated",0,NA,"C28 H14 O3",28,14,3,NA,NA,NA,NA,NA,NA,NA,NA
2142,397.106723,397.105767587178,397.105778164259,20618734,NA,265881.7,118.22,-1,-0.0266354224558298,0.999692189068474,0.930671460646197,0.972083897699563,8,1.27777777777778,0.444444444444444,"P1 O8","de-protonated",0,NA,"C18 H23 O8 P1",18,23,8,NA,1,NA,NA,NA,NA,NA,NA
2143,397.114784,397.11382855333,397.114020372736,59723248,NA,253606.9,346.47,-1,-0.483033577334478,0.239636945195377,0.809814698874862,0.467708046667171,8,1.22222222222222,0.555555555555556,"O10","de-protonated",0,NA,"C18 H22 O10",18,22,10,NA,NA,NA,NA,NA,NA,NA,NA
2144,397.124499,397.123543512537,397.123403287206,3417589.3,NA,267334.9,17.82,-1,0.353102660520874,0.488815347682345,0.759892473118277,0.597246197856718,21,0.620689655172414,0.0689655172413793,"O2","de-protonated",0,NA,"C29 H18 O2",29,18,2,NA,NA,NA,NA,NA,NA,NA,NA
2145,397.127789,397.126833498722,397.126774590576,3495414.5,NA,240538.7,18.28,-1,0.148335869701078,0.99601544782211,0,0.597609268693266,16,0.846153846153846,0.0769230769230769,"S1 O2","de-protonated",0,NA,"C26 H22 O2 S1",26,22,2,NA,NA,1,NA,NA,NA,NA,NA
2146,397.143122,397.142166434338,397.142163673643,22396412,NA,260405.3,128.6,-1,0.0069514032772899,0.996135305469241,0.965069028101436,0.983708794522119,7,1.42105263157895,0.368421052631579,"P1 O7","de-protonated",0,NA,"C19 H27 O7 P1",19,27,7,NA,1,NA,NA,NA,NA,NA,NA
2147,397.145495,397.144539424374,397.144532655306,3666428.8,NA,261020.1,19.28,-1,0.0170443442617188,0.999947288791064,0,0.599968373274638,16,0.846153846153846,0.153846153846154,"O4","de-protonated",0,NA,"C26 H22 O4",26,22,4,NA,NA,NA,NA,NA,NA,NA,NA
2148,397.151128,397.150172400721,397.150243690868,35286528,NA,254185.1,203.84,-1,-0.179504226299547,0.664549807570827,0.927917829923809,0.76989701651202,2,2.21428571428571,0.214285714285714,"N4 S2 P1 O3","de-protonated",0,NA,"C14 H31 O3 S2 N4 P1",14,31,3,4,1,2,NA,NA,NA,NA,NA
2150,397.164174,397.16321834594,397.163160099961,12561924,NA,261580.8,71.2,-1,0.146655041544092,0.988298716967933,0.924392622375453,0.962736279130941,15,0.962962962962963,0.037037037037037,"S1 O1","de-protonated",0,NA,"C27 H26 O1 S1",27,26,1,NA,NA,1,NA,NA,NA,NA,NA
2151,397.179484,397.178528281653,397.178549183027,4097545.3,NA,279598,21.79,-1,-0.0526246289384926,0.999497631025094,0,0.599698578615056,6,1.55,0.3,"P1 O6","de-protonated",0,NA,"C20 H31 O6 P1",20,31,6,NA,1,NA,NA,NA,NA,NA,NA
2152,397.18199,397.181034271131,397.18091816469,3981834.3,NA,247774,21.12,-1,0.292326330983439,0.492306976701461,0.772687513667176,0.604459191487747,15,0.962962962962963,0.111111111111111,"O3","de-protonated",0,NA,"C27 H26 O3",27,26,3,NA,NA,NA,NA,NA,NA,NA,NA
2153,397.18752,397.18656424791,397.186629200252,10876428,NA,256991.1,61.36,-1,-0.163531039411627,0.996370360127454,0.981859043504732,0.990565833478365,1,2.33333333333333,0.133333333333333,"N4 S2 P1 O2","de-protonated",0,NA,"C15 H35 O2 S2 N4 P1",15,35,2,4,1,2,NA,NA,NA,NA,NA
2154,397.200634,397.199678192844,397.199678551127,5660177,NA,259370.5,30.91,-1,-0.000902021352226913,0.999999852365645,0,0.599999911419387,1,2.05882352941176,0.470588235294118,"P1 O8","de-protonated",0,NA,"C17 H35 O8 P1",17,35,8,NA,1,NA,NA,NA,NA,NA,NA
2155,397.224046,397.223090094537,397.223176900889,2892825.8,NA,287835,14.76,-1,-0.218532949317298,0.991372054812544,0,0.594823232887526,5,1.61904761904762,0.333333333333333,"O7","de-protonated",0,NA,"C21 H34 O7",21,34,7,NA,NA,NA,NA,NA,NA,NA,NA
2156,397.22728,397.226324080957,397.226168081704,4889115,NA,281464.8,26.41,-1,0.392721491365278,0.486201543611582,0.821075868479145,0.620151273558607,5,1.75,0.2,"N2 P1 O4","de-protonated",0,NA,"C20 H35 O4 N2 P1",20,35,4,2,1,NA,NA,NA,NA,NA,NA
2158,398.081784,398.080824492876,398.080767148278,5314388.5,NA,269650.3,28.89,-1,0.144052671740632,0.498120903405033,0.813795485951173,0.624390736423489,12,1.04761904761905,0.0476190476190476,"N1 S2 P1 O1","de-protonated",0,NA,"C21 H22 O1 S2 N1 P1",21,22,1,1,1,2,NA,NA,NA,NA,NA
2161,398.123017,398.122057319737,398.122023562769,9768804,NA,267475,54.89,-1,0.0847905066683405,0.49934816893704,0.785920818505338,0.613977228764359,16,0.84,0.08,"N1 S1 O2","de-protonated",0,NA,"C25 H21 O2 S1 N1",25,21,2,1,NA,1,NA,NA,NA,NA,NA
2165,398.182874,398.181914068397,398.182040363698,2073977.8,NA,251357.8,9.98,-1,-0.317179802593025,0.981911313210031,0,0.589146787926019,6,1.52631578947368,0.421052631578947,"N1 O8","de-protonated",0,NA,"C19 H29 O8 N1",19,29,8,1,NA,NA,NA,NA,NA,NA,NA
2168,399.036541,399.03557748383,399.035770050346,1635508.3,NA,311022.5,7.42,-1,-0.482579584306389,0.958624030321393,0,0.575174418192836,14,0.631578947368421,0.526315789473684,"O10","de-protonated",0,NA,"C19 H12 O10",19,12,10,NA,NA,NA,NA,NA,NA,NA,NA
2169,399.047063,399.046099439648,399.046155286524,2862776,NA,229599.3,14.58,-1,-0.139950917813166,0.99645240659455,0,0.59787144395673,13,0.85,0.25,"S1 P1 O5","de-protonated",0,NA,"C20 H17 O5 S1 P1",20,17,5,NA,1,1,NA,NA,NA,NA,NA
2170,399.049704,399.048740428558,399.048657209968,4492473,NA,266964.6,24.09,-1,0.20854246404441,0.992139857765116,0,0.595283914659069,9,1.0625,0.625,"P1 O10","de-protonated",0,NA,"C16 H17 O10 P1",16,17,10,NA,1,NA,NA,NA,NA,NA,NA
2171,399.057691,399.056727395021,399.056899418445,9054396,NA,258285.8,50.72,-1,-0.431074929388135,0.483422149945201,0.85154837932281,0.630672641696244,9,1,0.75,"O12","de-protonated",0,NA,"C16 H16 O12",16,16,12,NA,NA,NA,NA,NA,NA,NA,NA
2172,399.067429,399.066465354131,399.066282332916,2248895.8,NA,287196,11,-1,0.45862359941651,0.962553991447892,0,0.577532394868735,22,0.444444444444444,0.148148148148148,"O4","de-protonated",0,NA,"C27 H12 O4",27,12,4,NA,NA,NA,NA,NA,NA,NA,NA
2173,399.072988,399.072024330788,399.07215555973,3333313.8,NA,256517.5,17.33,-1,-0.328835124879396,0.980570722223193,0,0.588342433333915,13,0.8,0.45,"O9","de-protonated",0,NA,"C20 H16 O9",20,16,9,NA,NA,NA,NA,NA,NA,NA,NA
2174,399.083687,399.082723285863,399.082540795908,3242181.8,NA,246728.5,16.8,-1,0.457273712640492,0.962769950677514,0,0.577661970406509,12,1,0.19047619047619,"S1 P1 O4","de-protonated",0,NA,"C21 H21 O4 S1 P1",21,21,4,NA,1,1,NA,NA,NA,NA,NA
2175,399.085934,399.084970276428,399.084909777571,18575558,NA,255473.5,106.29,-1,0.151593947732054,0.991656536587877,0.968470929159821,0.982382293616654,21,0.571428571428571,0.0357142857142857,"S1 O1","de-protonated",0,NA,"C28 H16 O1 S1",28,16,1,NA,NA,1,NA,NA,NA,NA,NA
2176,399.093975,399.093011242663,399.093122736578,28127434,NA,252467.1,162.05,-1,-0.279368167036406,0.6613589855129,0.926630606056794,0.767467633730458,3,2.08333333333333,0.416666666666667,"N4 S2 P1 O5","de-protonated",0,NA,"C12 H25 O5 S2 N4 P1",12,25,5,4,1,2,NA,NA,NA,NA,NA
2177,399.103679,399.102715201916,399.1026678423,5823693,NA,259943.8,31.86,-1,0.118665245114624,0.498724101261507,0.766236582456902,0.605729093739665,21,0.571428571428571,0.107142857142857,"O3","de-protonated",0,NA,"C28 H16 O3",28,16,3,NA,NA,NA,NA,NA,NA,NA,NA
2178,399.109273,399.108309178427,399.108378877862,4712655,NA,240365.4,25.38,-1,-0.174637866129725,0.994481392009732,0,0.596688835205839,7,1.5625,0.125,"N4 S2 P1 O2","de-protonated",0,NA,"C16 H25 O2 S2 N4 P1",16,25,2,4,1,2,NA,NA,NA,NA,NA
2179,399.12241,399.121446123264,399.121428228737,32764116,NA,256983.9,189.11,-1,0.0448347953621698,0.998714138982777,0.964255243757919,0.984930580892834,7,1.38888888888889,0.444444444444444,"P1 O8","de-protonated",0,NA,"C18 H25 O8 P1",18,25,8,NA,1,NA,NA,NA,NA,NA,NA
2180,399.130466,399.129502089437,399.129670437214,29798614,NA,254238.6,171.8,-1,-0.421787177529835,0.966209580661506,0.998540884464246,0.979142102182602,7,1.33333333333333,0.555555555555556,"O10","de-protonated",0,NA,"C18 H24 O10",18,24,10,NA,NA,NA,NA,NA,NA,NA,NA
2182,399.145742,399.144778025293,399.144926578499,3017436.5,NA,256349.6,15.48,-1,-0.372178616037877,0.975179508575116,0,0.58510770514507,11,1.09090909090909,0.318181818181818,"O7","de-protonated",0,NA,"C22 H24 O7",22,24,7,NA,NA,NA,NA,NA,NA,NA,NA
2183,399.15872,399.157755970798,399.157813738121,24105186,NA,254197.9,138.57,-1,-0.144723017339282,0.996147326065834,0.987979476718616,0.992880186326947,6,1.52631578947368,0.368421052631579,"P1 O7","de-protonated",0,NA,"C19 H29 O7 P1",19,29,7,NA,1,NA,NA,NA,NA,NA,NA
2184,399.161099,399.160134960808,399.160182719784,3521762.3,NA,263002,18.43,-1,-0.119648646638085,0.997405787941925,0,0.598443472765155,15,0.923076923076923,0.153846153846154,"O4","de-protonated",0,NA,"C26 H24 O4",26,24,4,NA,NA,NA,NA,NA,NA,NA,NA
2185,399.166719,399.16575493721,399.165893755346,13148388,NA,257216.9,74.62,-1,-0.347770534953206,0.659366146113571,0.927917829923809,0.766786819637666,1,2.35714285714286,0.214285714285714,"N4 S2 P1 O3","de-protonated",0,NA,"C14 H33 O3 S2 N4 P1",14,33,3,4,1,2,NA,NA,NA,NA,NA
2186,399.17979,399.178825882324,399.178810164439,3963113,NA,255663.7,21,-1,0.0393755509059513,0.499859357676887,0.772687513667176,0.608990620073003,14,1.03703703703704,0.037037037037037,"S1 O1","de-protonated",0,NA,"C27 H28 O1 S1",27,28,1,NA,NA,1,NA,NA,NA,NA,NA
2187,399.195176,399.194211817718,399.194199247505,3134702.8,NA,284626.3,16.17,-1,0.0314889669817665,0.999820099824278,0,0.599892059894567,5,1.65,0.3,"P1 O6","de-protonated",0,NA,"C20 H33 O6 P1",20,33,6,NA,1,NA,NA,NA,NA,NA,NA
2188,399.197409,399.196444808342,399.196568229168,1811695.6,NA,295977.2,8.45,-1,-0.309173064687782,0.982805232661407,0,0.589683139596844,14,1.03703703703704,0.111111111111111,"O3","de-protonated",0,NA,"C27 H28 O3",27,28,3,NA,NA,NA,NA,NA,NA,NA,NA
2189,399.203151,399.202186784231,399.20227926473,6310130,NA,255520.8,34.7,-1,-0.231663255108223,0.990309297056444,0,0.594185578233866,0,2.46666666666667,0.133333333333333,"N4 S2 P1 O2","de-protonated",0,NA,"C15 H37 O2 S2 N4 P1",15,37,2,4,1,2,NA,NA,NA,NA,NA
2190,399.239733,399.238768630622,399.238826965367,2830591.3,NA,273517.4,14.39,-1,-0.146114908483212,0.996133642889079,0,0.597680185733447,4,1.71428571428571,0.333333333333333,"O7","de-protonated",0,NA,"C21 H36 O7",21,36,7,NA,NA,NA,NA,NA,NA,NA,NA
2192,400.097405,400.096437029239,400.096417212756,4133436.5,NA,271250.2,22,-1,0.0495292684338333,0.99955497849122,0,0.599732987094732,11,1.14285714285714,0.0476190476190476,"N1 S2 P1 O1","de-protonated",0,NA,"C21 H24 O1 S2 N1 P1",21,24,1,1,1,2,NA,NA,NA,NA,NA
2193,400.120102,400.119133933933,400.119046182593,3095109,NA,273168.8,15.93,-1,0.219313081037196,0.991310612663762,0,0.594786367598257,16,0.791666666666667,0.208333333333333,"N1 O5","de-protonated",0,NA,"C24 H19 O5 N1",24,19,5,1,NA,NA,NA,NA,NA,NA,NA
2196,400.138676,400.137707855941,400.137673627247,2611275.8,NA,266261.4,13.11,-1,0.0855422910144254,0.998673133289476,0,0.599203879973686,15,0.92,0.08,"N1 S1 O2","de-protonated",0,NA,"C25 H23 O2 S1 N1",25,23,2,1,NA,1,NA,NA,NA,NA,NA
2199,400.198494,400.197525604764,400.197690428176,6351458,NA,253108.2,34.94,-1,-0.411854980477488,0.484845338894779,0.828487690504102,0.622302279538508,5,1.63157894736842,0.421052631578947,"N1 O8","de-protonated",0,NA,"C19 H31 O8 N1",19,31,8,1,NA,NA,NA,NA,NA,NA,NA
2203,401.028835,401.027863118143,401.02778882328,1653142.4,NA,334263.1,7.52,-1,0.185261135036962,0.993791726238172,0,0.596275035742903,22,0.384615384615385,0.115384615384615,"S1 O3","de-protonated",0,NA,"C26 H10 O3 S1",26,10,3,NA,NA,1,NA,NA,NA,NA,NA
2204,401.044145,401.043173053856,401.043177906347,1696156,NA,292244.7,7.77,-1,-0.0120996703166476,0.999973435898308,0,0.599984061538985,13,0.789473684210526,0.421052631578947,"P1 O8","de-protonated",0,NA,"C19 H15 O8 P1",19,15,8,NA,1,NA,NA,NA,NA,NA,NA
2205,401.05205,401.051078020663,401.051257923572,3267487,NA,266866.2,16.94,-1,-0.448578342937592,0.964146944745221,0,0.578488166847133,8,1.35714285714286,0.285714285714286,"N4 S2 P1 O4","de-protonated",0,NA,"C14 H19 O4 S2 N4 P1",14,19,4,4,1,2,NA,NA,NA,NA,NA
2206,401.065294,401.064321965051,401.064174332664,9898916,NA,257510.7,55.65,-1,0.368101656339032,0.987398499532588,0.98928746084282,0.988154084056681,21,0.518518518518518,0.0740740740740741,"S1 O2","de-protonated",0,NA,"C27 H14 O2 S1",27,14,2,NA,NA,1,NA,NA,NA,NA,NA
2207,401.073353,401.072380931211,401.072549482923,8237991,NA,262581,45.95,-1,-0.42025242639114,0.964500056795769,0.965551482331459,0.964920627010045,8,1.125,0.75,"O12","de-protonated",0,NA,"C16 H18 O12",16,18,12,NA,NA,NA,NA,NA,NA,NA,NA
2208,401.083055,401.082082890472,401.081932397394,6654890.5,NA,251921.9,36.71,-1,0.375217795758518,0.48738883284146,0.772687513667176,0.601508305171746,21,0.518518518518518,0.148148148148148,"O4","de-protonated",0,NA,"C27 H14 O4",27,14,4,NA,NA,NA,NA,NA,NA,NA,NA
2209,401.088652,401.087679866971,401.087805624208,6570924.5,NA,251154.5,36.22,-1,-0.313540416954627,0.491160183946309,0.821075868479145,0.623126457759444,12,0.9,0.45,"O9","de-protonated",0,NA,"C20 H18 O9",20,18,9,NA,NA,NA,NA,NA,NA,NA,NA
2210,401.091889,401.090916853378,401.090796805023,2208685.8,NA,296377,10.76,-1,0.299304686226478,0.983876624664829,0,0.590325974798897,12,1,0.315789473684211,"N2 P1 O6","de-protonated",0,NA,"C19 H19 O6 N2 P1",19,19,6,2,1,NA,NA,NA,NA,NA,NA
2211,401.101661,401.100688812345,401.100559842049,32363442,NA,249968.9,186.77,-1,0.321541053715206,0.494598569031734,0.909344888845358,0.660497096957183,20,0.642857142857143,0.0357142857142857,"S1 O1","de-protonated",0,NA,"C28 H18 O1 S1",28,18,1,NA,NA,1,NA,NA,NA,NA,NA
2212,401.109701,401.108728778585,401.108772801056,14717876,NA,260387.4,83.77,-1,-0.109751950712759,0.655169926606178,0.926630606056794,0.763754198386425,2,2.25,0.416666666666667,"N4 S2 P1 O5","de-protonated",0,NA,"C12 H27 O5 S2 N4 P1",12,27,5,4,1,2,NA,NA,NA,NA,NA
2213,401.119387,401.118414737914,401.118317906778,11402168,NA,248964.6,64.42,-1,0.241402925627396,0.991777535576307,0.93568847977464,0.96934191325564,20,0.642857142857143,0.107142857142857,"O3","de-protonated",0,NA,"C28 H18 O3",28,18,3,NA,NA,NA,NA,NA,NA,NA,NA
2214,401.124951,401.12397871455,401.12402894234,8307642,NA,241952.4,46.36,-1,-0.125217604856682,0.992631155191273,0.963639048124173,0.981034312364433,6,1.6875,0.125,"N4 S2 P1 O2","de-protonated",0,NA,"C16 H27 O2 S2 N4 P1",16,27,2,4,1,2,NA,NA,NA,NA,NA
2215,401.138017,401.137044659686,401.137078293215,34558912,NA,258413.6,199.58,-1,-0.0838454749710412,0.999020965820883,0.958689408297272,0.982888342811439,6,1.5,0.444444444444444,"P1 O8","de-protonated",0,NA,"C18 H27 O8 P1",18,27,8,NA,1,NA,NA,NA,NA,NA,NA
2216,401.146042,401.145069625989,401.14515831044,10509250,NA,256605.6,59.21,-1,-0.221078204035855,0.995520780524155,0.933881949383216,0.970865248067779,1,2.38461538461538,0.307692307692308,"N4 S2 P1 O4","de-protonated",0,NA,"C13 H31 O4 S2 N4 P1",13,31,4,4,1,2,NA,NA,NA,NA,NA
2217,401.155866,401.154893584737,401.154703416162,6783941.5,NA,258792.5,37.46,-1,0.474052961179188,0.480021945590696,0.759892473118277,0.591970156601729,19,0.758620689655172,0.0689655172413793,"O2","de-protonated",0,NA,"C29 H22 O2",29,22,2,NA,NA,NA,NA,NA,NA,NA,NA
2218,401.161477,401.160504561177,401.160576642977,4604871.5,NA,242547.8,24.74,-1,-0.179683160226759,0.497079433473555,0.806643077274283,0.620904890993846,10,1.18181818181818,0.318181818181818,"O7","de-protonated",0,NA,"C22 H26 O7",22,26,7,NA,NA,NA,NA,NA,NA,NA,NA
2219,401.174485,401.173512506556,401.173463802599,16688077,NA,255204.5,95.27,-1,0.121403735186736,0.99864859405675,0.952306827415407,0.980111887400213,5,1.63157894736842,0.368421052631579,"P1 O7","de-protonated",0,NA,"C19 H31 O7 P1",19,31,7,NA,1,NA,NA,NA,NA,NA,NA
2220,401.182483,401.181510472972,401.181706011076,6996943.5,NA,263015.5,38.71,-1,-0.487405336123355,0.478905087052023,0.828487690504102,0.618738128432855,5,1.57894736842105,0.473684210526316,"O9","de-protonated",0,NA,"C19 H30 O9",19,30,9,NA,NA,NA,NA,NA,NA,NA,NA
2221,401.197776,401.196803408756,401.196962152361,1908181.1,NA,277576.2,9,-1,-0.395674992024373,0.971992325313308,0,0.583195395187985,9,1.30434782608696,0.260869565217391,"O6","de-protonated",0,NA,"C23 H30 O6",23,30,6,NA,NA,NA,NA,NA,NA,NA,NA
2222,401.210734,401.209761354345,401.209849311983,2335706,NA,282970.6,11.5,-1,-0.219231003133001,0.991317087138154,0,0.594790252282893,4,1.75,0.3,"P1 O6","de-protonated",0,NA,"C20 H35 O6 P1",20,35,6,NA,1,NA,NA,NA,NA,NA,NA
2225,401.25535,401.254377167002,401.254477029845,2419178.5,NA,254663.4,11.99,-1,-0.248876582612415,0.98882406935452,0,0.593294441612712,3,1.80952380952381,0.333333333333333,"O7","de-protonated",0,NA,"C21 H38 O7",21,38,7,NA,NA,NA,NA,NA,NA,NA,NA
2229,402.112933,402.111956565992,402.112067277234,2192170.5,NA,314935.2,10.66,-1,-0.275324345512482,0.986339715544535,0,0.591803829326721,10,1.23809523809524,0.0476190476190476,"N1 S2 P1 O1","de-protonated",0,NA,"C21 H26 O1 S2 N1 P1",21,26,1,1,1,2,NA,NA,NA,NA,NA
2239,403.031638,403.030657708329,403.030684669918,1869186.1,NA,237579.3,8.77,-1,-0.0668971108527924,0.999188306187571,0,0.599512983712543,13,0.666666666666667,0.611111111111111,"O11","de-protonated",0,NA,"C18 H12 O11",18,12,11,NA,NA,NA,NA,NA,NA,NA,NA
2240,403.044507,403.043526654292,403.043438887758,3970695,NA,261583.8,21.04,-1,0.21775949080042,0.495716379490253,0.779247987650237,0.609129022754247,21,0.461538461538462,0.115384615384615,"S1 O3","de-protonated",0,NA,"C26 H12 O3 S1",26,12,3,NA,NA,1,NA,NA,NA,NA,NA
2241,403.062188,403.061207580049,403.061196952487,4131469.5,NA,262854.5,21.98,-1,0.0263671168170791,0.499936930160346,0.779247987650237,0.611661353156302,21,0.461538461538462,0.192307692307692,"O5","de-protonated",0,NA,"C26 H12 O5",26,12,5,NA,NA,NA,NA,NA,NA,NA,NA
2242,403.067858,403.066877556241,403.067070179302,6833808,NA,269762.1,37.75,-1,-0.477893322378625,0.479703631838613,0.828487690504102,0.619217255304809,12,0.842105263157895,0.526315789473684,"O10","de-protonated",0,NA,"C19 H16 O10",19,16,10,NA,NA,NA,NA,NA,NA,NA,NA
2243,403.071167,403.070186542346,403.070061360117,1712273,NA,259674.5,7.86,-1,0.310571886337857,0.982650649397007,0,0.589590389638204,12,0.944444444444444,0.388888888888889,"N2 P1 O7","de-protonated",0,NA,"C18 H17 O7 N2 P1",18,17,7,2,1,NA,NA,NA,NA,NA,NA
2244,403.080872,403.079891501595,403.079824397142,21956244,NA,247560,126.02,-1,0.166479313086439,0.995988450922685,0.933111496373693,0.970837669103088,20,0.592592592592593,0.0740740740740741,"S1 O2","de-protonated",0,NA,"C27 H16 O2 S1",27,16,2,NA,NA,1,NA,NA,NA,NA,NA
2245,403.088906,403.08792546786,403.088037356149,3720855.8,NA,264899.1,19.58,-1,-0.277577797221629,0.98611675511767,0,0.591670053070602,2,2.27272727272727,0.545454545454545,"N4 S2 P1 O6","de-protonated",0,NA,"C11 H25 O6 S2 N4 P1",11,25,6,4,1,2,NA,NA,NA,NA,NA
2246,403.098633,403.097652427016,403.097582461872,11583131,NA,255500.4,65.47,-1,0.173568751218878,0.997254832700137,0.936006561368741,0.972755524167578,20,0.592592592592593,0.148148148148148,"O4","de-protonated",0,NA,"C27 H16 O4",27,16,4,NA,NA,NA,NA,NA,NA,NA,NA
2247,403.104157,403.10317640382,403.103293497434,14472861,NA,242477.9,82.34,-1,-0.290480419143342,0.654608564746492,0.928544651443954,0.764182999425477,6,1.66666666666667,0.2,"N4 S2 P1 O3","de-protonated",0,NA,"C15 H25 O3 S2 N4 P1",15,25,3,4,1,2,NA,NA,NA,NA,NA
2248,403.117271,403.116290348754,403.116209906527,37303972,NA,247906.6,215.6,-1,0.199550962601119,0.49507566877222,0.899332000127622,0.656778201314381,19,0.714285714285714,0.0357142857142857,"S1 O1","de-protonated",0,NA,"C28 H20 O1 S1",28,20,1,NA,NA,1,NA,NA,NA,NA,NA
2249,403.125298,403.124317315049,403.124422865534,3861157.3,NA,267803.8,20.4,-1,-0.261831034441872,0.987637744623362,0,0.592582646774017,1,2.41666666666667,0.416666666666667,"N4 S2 P1 O5","de-protonated",0,NA,"C12 H29 O5 S2 N4 P1",12,29,5,4,1,2,NA,NA,NA,NA,NA
2250,403.135113,403.134132273835,403.133967971256,11540137,NA,254134.8,65.22,-1,0.407563223226051,0.981850538499735,0.91200155420445,0.953910944781621,19,0.714285714285714,0.107142857142857,"O3","de-protonated",0,NA,"C28 H20 O3",28,20,3,NA,NA,NA,NA,NA,NA,NA,NA
2251,403.140664,403.139683250527,403.139841198071,13866667,NA,252061,78.8,-1,-0.391793436737708,0.981382151440135,0.991455545835242,0.985411509198177,10,1.14285714285714,0.380952380952381,"O8","de-protonated",0,NA,"C21 H24 O8",21,24,8,NA,NA,NA,NA,NA,NA,NA,NA
2252,403.153693,403.152712195818,403.152728357693,23463600,NA,249996.2,134.82,-1,-0.0400887153085915,0.999580309127588,0.951222333417821,0.980237118843681,5,1.61111111111111,0.444444444444444,"P1 O8","de-protonated",0,NA,"C18 H29 O8 P1",18,29,8,NA,1,NA,NA,NA,NA,NA,NA
2254,403.171421,403.170440121377,403.17035348064,5634742.5,NA,262055.2,30.75,-1,0.214898581431247,0.495827728095048,0.759892473118277,0.60145362610434,18,0.827586206896552,0.0689655172413793,"O2","de-protonated",0,NA,"C29 H24 O2",29,24,2,NA,NA,NA,NA,NA,NA,NA,NA
2255,403.176988,403.176007098001,403.176064516203,5365432.5,NA,265712.2,29.18,-1,-0.142414707416947,0.996326630408429,0,0.597795978245057,4,1.94117647058824,0.0588235294117647,"N4 S2 P1 O1","de-protonated",0,NA,"C17 H33 O1 S2 N4 P1",17,33,1,4,1,2,NA,NA,NA,NA,NA
2256,403.19001,403.189029043322,403.189113867077,17954494,NA,251331.2,102.66,-1,-0.210382056953857,0.993947088878103,0.906254059623545,0.95886987717628,4,1.73684210526316,0.368421052631579,"P1 O7","de-protonated",0,NA,"C19 H33 O7 P1",19,33,7,NA,1,NA,NA,NA,NA,NA,NA
2257,403.198136,403.1971550092,403.197356075554,4016832.8,NA,270319.6,21.31,-1,-0.4986797428326,0.955879969309856,0,0.573527981585914,4,1.68421052631579,0.473684210526316,"O9","de-protonated",0,NA,"C19 H32 O9",19,32,9,NA,NA,NA,NA,NA,NA,NA,NA
2258,403.234559,403.23357785626,403.233741584939,2660046.3,NA,255987.1,13.39,-1,-0.406039133736576,0.970527984399347,0,0.582316790639608,3,1.8,0.4,"O8","de-protonated",0,NA,"C20 H36 O8",20,36,8,NA,NA,NA,NA,NA,NA,NA,NA
2262,404.099513,404.098528224299,404.098704660879,1704979.5,NA,334261.2,7.81,-1,-0.436617535966282,0.966000963634394,0,0.579600578180636,11,1,0.473684210526316,"N1 O9","de-protonated",0,NA,"C19 H19 O9 N1",19,19,9,1,NA,NA,NA,NA,NA,NA,NA
2270,404.294398,404.293412405972,404.293519367423,1836636.9,NA,263983.7,8.58,-1,-0.264563851655566,0.987379983702555,0,0.592427990221533,1,2.0952380952381,0.19047619047619,"N1 P1 O4","de-protonated",0,NA,"C21 H44 O4 N1 P1",21,44,4,1,1,NA,NA,NA,NA,NA,NA
2272,404.93906,404.938071699022,404.938047586168,39450960,NA,247304.9,228.13,-1,0.0595470195854585,0.333118939184099,0.791225258712651,0.51636146699552,14,0.375,0.5625,"S2 O9","de-protonated",0,NA,"C16 H6 O9 S2",16,6,9,NA,NA,2,NA,NA,NA,NA,NA
2274,405.047154,405.046165245133,405.046334734396,6107513,NA,262493.8,33.51,-1,-0.418444133699369,0.484364271757816,0.836034543948893,0.625032380634246,12,0.777777777777778,0.611111111111111,"O11","de-protonated",0,NA,"C18 H14 O11",18,14,11,NA,NA,NA,NA,NA,NA,NA,NA
2275,405.060231,405.059242190222,405.059088952236,6484350,NA,251932.3,35.71,-1,0.378310203316007,0.487182801299467,0.779247987650237,0.604008875839775,20,0.538461538461538,0.115384615384615,"S1 O3","de-protonated",0,NA,"C26 H14 O3 S1",26,14,3,NA,NA,1,NA,NA,NA,NA,NA
2276,405.077991,405.077002115648,405.076847016965,6609284.5,NA,276918.4,36.44,-1,0.382887058164595,0.486874927400812,0.779247987650237,0.603824151500582,20,0.538461538461538,0.192307692307692,"O5","de-protonated",0,NA,"C26 H14 O5",26,14,5,NA,NA,NA,NA,NA,NA,NA,NA
2277,405.083493,405.082504092545,405.082558052528,15923591,NA,248690.9,90.8,-1,-0.133207372152829,0.665171246329228,0.927917829923809,0.77026987976706,6,1.64285714285714,0.285714285714286,"N4 S2 P1 O4","de-protonated",0,NA,"C14 H23 O4 S2 N4 P1",14,23,4,4,1,2,NA,NA,NA,NA,NA
2278,405.09653,405.095541037802,405.09547446162,24451468,NA,250246.3,140.58,-1,0.164346890844936,0.659664280913034,0.888787899710637,0.751313728432075,19,0.666666666666667,0.0740740740740741,"S1 O2","de-protonated",0,NA,"C27 H18 O2 S1",27,18,2,NA,NA,1,NA,NA,NA,NA,NA
2279,405.111814,405.110824973624,405.110863544687,2517393.5,NA,238949.3,12.55,-1,-0.0952111288958006,0.99835649083912,0,0.599013894503472,10,1.15,0.35,"P1 O7","de-protonated",0,NA,"C20 H23 O7 P1",20,23,7,NA,1,NA,NA,NA,NA,NA,NA
2280,405.114325,405.113335963081,405.11323252635,11862418,NA,248080.2,67.1,-1,0.255327948916186,0.993026786902316,0.908931997116545,0.959388870988007,19,0.666666666666667,0.148148148148148,"O4","de-protonated",0,NA,"C27 H18 O4",27,18,4,NA,NA,NA,NA,NA,NA,NA,NA
2281,405.119882,405.118892939747,405.118943561912,28088724,NA,247743.7,161.81,-1,-0.124956303029168,0.661181931597838,0.928544651443954,0.768127019536285,5,1.8,0.2,"N4 S2 P1 O3","de-protonated",0,NA,"C15 H27 O3 S2 N4 P1",15,27,3,4,1,2,NA,NA,NA,NA,NA
2282,405.132975,405.131985884769,405.131859971005,22952346,NA,250610.8,131.83,-1,0.310796993398809,0.984597891468781,0.996753656996118,0.989460197679716,18,0.785714285714286,0.0357142857142857,"S1 O1","de-protonated",0,NA,"C28 H22 O1 S1",28,22,1,NA,NA,1,NA,NA,NA,NA,NA
2284,405.150728,405.149738810224,405.149618035734,7719328,NA,245230.8,42.91,-1,0.298098490245561,0.492002637106829,0.766236582456902,0.601696215246858,18,0.785714285714286,0.107142857142857,"O3","de-protonated",0,NA,"C28 H22 O3",28,22,3,NA,NA,NA,NA,NA,NA,NA,NA
2285,405.156322,405.155332786734,405.155491262549,17590690,NA,250970.6,100.53,-1,-0.391148134106636,0.973183444040193,0.993529283083946,0.981321779657694,9,1.23809523809524,0.380952380952381,"O8","de-protonated",0,NA,"C21 H26 O8",21,26,8,NA,NA,NA,NA,NA,NA,NA,NA
2286,405.169336,405.168346732088,405.168378422171,14096807,NA,254084.1,80.14,-1,-0.0782145997533272,0.99755155464452,0.918033377066694,0.96574428361339,4,1.72222222222222,0.444444444444444,"P1 O8","de-protonated",0,NA,"C18 H31 O8 P1",18,31,8,NA,1,NA,NA,NA,NA,NA,NA
2287,405.187136,405.186146657346,405.186003545118,5523886,NA,252700.5,30.1,-1,0.353201309868287,0.488809167777609,0.759892473118277,0.597242489913876,17,0.896551724137931,0.0689655172413793,"O2","de-protonated",0,NA,"C29 H26 O2",29,26,2,NA,NA,NA,NA,NA,NA,NA,NA
2288,405.192569,405.191579634532,405.191714580681,5091760,NA,247763.7,27.58,-1,-0.333042714403766,0.980075347055877,0,0.588045208233526,3,2.05882352941176,0.0588235294117647,"N4 S2 P1 O1","de-protonated",0,NA,"C17 H35 O1 S2 N4 P1",17,35,1,4,1,2,NA,NA,NA,NA,NA
2289,405.205708,405.204718579361,405.204763931555,5931445,NA,251382.3,32.48,-1,-0.111924137312321,0.998731008634521,0.907037540328523,0.962053621312122,3,1.84210526315789,0.368421052631579,"P1 O7","de-protonated",0,NA,"C19 H35 O7 P1",19,35,7,NA,1,NA,NA,NA,NA,NA,NA
2291,405.242075,405.241085426655,405.241149440939,1839554.8,NA,288713.2,8.59,-1,-0.157965902093695,0.995482504599874,0,0.597289502759925,2,1.95,0.3,"P1 O6","de-protonated",0,NA,"C20 H39 O6 P1",20,39,6,NA,1,NA,NA,NA,NA,NA,NA
2292,405.278524,405.277534273605,405.277534950324,2149328.5,NA,276114.8,10.4,-1,-0.00166976496730859,0.999999494100316,0,0.599999696460189,1,2.04761904761905,0.238095238095238,"P1 O5","de-protonated",0,NA,"C21 H43 O5 P1",21,43,5,NA,1,NA,NA,NA,NA,NA,NA
2294,406.078948,406.077954912607,406.077969215973,1923840,NA,286967.4,9.09,-1,-0.0352232006464133,0.999774906694577,0,0.599864944016746,11,0.944444444444444,0.555555555555556,"N1 O10","de-protonated",0,NA,"C18 H17 O10 N1",18,17,10,1,NA,NA,NA,NA,NA,NA,NA
2296,406.091526,406.090532859792,406.090723433813,1704324.8,NA,190383,7.8,-1,-0.469289275712505,0.960827022057686,0,0.576496213234612,19,0.653846153846154,0.0769230769230769,"N1 S1 O2","de-protonated",0,NA,"C26 H17 O2 S1 N1",26,17,2,1,NA,1,NA,NA,NA,NA,NA
2308,407.057139,407.056141805162,407.056111572059,2400372.3,NA,281091.9,11.86,-1,0.0742725671809208,0.998999554663258,0,0.599399732797955,20,0.48,0.24,"O6","de-protonated",0,NA,"C25 H12 O6",25,12,6,NA,NA,NA,NA,NA,NA,NA,NA
2309,407.062767,407.061769781529,407.061822607622,11666550,NA,255136.5,65.95,-1,-0.129774125583534,0.9984467524714,0.959428185084244,0.982839325516537,6,1.61538461538462,0.384615384615385,"N4 S2 P1 O5","de-protonated",0,NA,"C13 H21 O5 S2 N4 P1",13,21,5,4,1,2,NA,NA,NA,NA,NA
2310,407.065268,407.064270771028,407.064191589284,3869815.3,NA,261443.8,20.44,-1,0.194519058583477,0.993157919895983,0,0.59589475193759,15,0.8,0.1,"N4 S2 O2","de-protonated",0,NA,"C20 H16 O2 S2 N4",20,16,2,4,NA,2,NA,NA,NA,NA,NA
2311,407.075847,407.074849726606,407.074739016714,7076987.5,NA,244957,39.16,-1,0.271964535153284,0.493334429108281,0.779247987650237,0.607699852525064,19,0.615384615384615,0.115384615384615,"S1 O3","de-protonated",0,NA,"C26 H16 O3 S1",26,16,3,NA,NA,1,NA,NA,NA,NA,NA
2312,407.091278,407.090280661811,407.090128099781,3694721.3,NA,242874.4,19.42,-1,0.374762294579649,0.974838090048328,0,0.584902854028997,10,1.10526315789474,0.421052631578947,"P1 O8","de-protonated",0,NA,"C19 H21 O8 P1",19,21,8,NA,1,NA,NA,NA,NA,NA,NA
2313,407.093618,407.092620651985,407.092497081443,7619714,NA,273398.6,42.33,-1,0.3035441399735,0.491710235012629,0.779247987650237,0.606725336067672,19,0.615384615384615,0.192307692307692,"O5","de-protonated",0,NA,"C26 H16 O5",26,16,5,NA,NA,NA,NA,NA,NA,NA,NA
2314,407.099201,407.098203628542,407.098370308258,33537156,NA,249570.2,193.61,-1,-0.409433512608972,0.485020327537235,0.828487690504102,0.622407272723982,10,1.05263157894737,0.526315789473684,"O10","de-protonated",0,NA,"C19 H20 O10",19,20,10,NA,NA,NA,NA,NA,NA,NA,NA
2315,407.112229,407.111231573837,407.111124526098,14687369,NA,245600.5,83.58,-1,0.262944765202655,0.983203588920357,0.976052216586139,0.98034303998667,18,0.740740740740741,0.0740740740740741,"S1 O2","de-protonated",0,NA,"C27 H20 O2 S1",27,20,2,NA,NA,1,NA,NA,NA,NA,NA
2316,407.127622,407.126624509202,407.126513609165,4120719.3,NA,257145.5,21.91,-1,0.27239699031985,0.986626713369107,0,0.591976028021464,9,1.25,0.35,"P1 O7","de-protonated",0,NA,"C20 H25 O7 P1",20,25,7,NA,1,NA,NA,NA,NA,NA,NA
2317,407.130029,407.129031499095,407.128882590828,6995088,NA,262386.9,38.68,-1,0.365752157091512,0.488009496476541,0.772687513667176,0.601880703352795,18,0.740740740740741,0.148148148148148,"O4","de-protonated",0,NA,"C27 H20 O4",27,20,4,NA,NA,NA,NA,NA,NA,NA,NA
2318,407.135523,407.134525476025,407.13459362639,37985428,NA,247078.5,219.57,-1,-0.167390257967671,0.664828161298864,0.928544651443954,0.7703147573569,4,1.93333333333333,0.2,"N4 S2 P1 O3","de-protonated",0,NA,"C15 H29 O3 S2 N4 P1",15,29,3,4,1,2,NA,NA,NA,NA,NA
2319,407.148587,407.147589421169,407.147510035483,12917911,NA,249423.2,73.25,-1,0.194980160165283,0.992425824918034,0.996437944601634,0.994030672791474,17,0.857142857142857,0.0357142857142857,"S1 O1","de-protonated",0,NA,"C28 H24 O1 S1",28,24,1,NA,NA,1,NA,NA,NA,NA,NA
2320,407.164065,407.163067356177,407.162899118549,2358941,NA,287806.6,11.62,-1,0.413194886153464,0.969496187502514,0,0.581697712501508,8,1.38095238095238,0.285714285714286,"P1 O6","de-protonated",0,NA,"C21 H29 O6 P1",21,29,6,NA,1,NA,NA,NA,NA,NA,NA
2321,407.166448,407.165450346171,407.165268100212,4271262,NA,264046.6,22.78,-1,0.447597014892693,0.482150404708987,0.766236582456902,0.595784875808153,17,0.857142857142857,0.107142857142857,"O3","de-protonated",0,NA,"C28 H24 O3",28,24,3,NA,NA,NA,NA,NA,NA,NA,NA
2322,407.171959,407.17096132303,407.171141327027,14052512,NA,247951.1,79.88,-1,-0.442084368229291,0.482579668523721,0.813795485951173,0.615065995494702,8,1.33333333333333,0.380952380952381,"O8","de-protonated",0,NA,"C21 H28 O8",21,28,8,NA,NA,NA,NA,NA,NA,NA,NA
2323,407.185041,407.184043268098,407.184028486649,11189413,NA,252551.9,63.16,-1,0.0363016438388842,0.993064516713019,0.93733998529255,0.970774704144831,3,1.83333333333333,0.444444444444444,"P1 O8","de-protonated",0,NA,"C18 H33 O8 P1",18,33,8,NA,1,NA,NA,NA,NA,NA,NA
2324,407.20278,407.201782193612,407.201653609596,2247851.8,NA,233302.3,10.97,-1,0.315774787019005,0.982069771448588,0,0.589241862869153,16,0.96551724137931,0.0689655172413793,"O2","de-protonated",0,NA,"C29 H28 O2",29,28,2,NA,NA,NA,NA,NA,NA,NA,NA
2325,407.208194,407.207196170878,407.207364645159,2188973.8,NA,261956.1,10.63,-1,-0.413730926933169,0.969418214034989,0,0.581650928420993,2,2.17647058823529,0.0588235294117647,"N4 S2 P1 O1","de-protonated",0,NA,"C17 H37 O1 S2 N4 P1",17,37,1,4,1,2,NA,NA,NA,NA,NA
2326,407.221405,407.220407115405,407.220413996033,4097203,NA,255285.5,21.77,-1,-0.0168965691717295,0.999948198821446,0,0.599968919292868,2,1.94736842105263,0.368421052631579,"P1 O7","de-protonated",0,NA,"C19 H37 O7 P1",19,37,7,NA,1,NA,NA,NA,NA,NA,NA
2327,407.257884,407.256885962229,407.256799505417,2315456.8,NA,285600,11.37,-1,0.212290652462342,0.99185593782172,0,0.595113562693032,1,2.05,0.3,"P1 O6","de-protonated",0,NA,"C20 H41 O6 P1",20,41,6,NA,1,NA,NA,NA,NA,NA,NA
2328,408.066186,408.065184568151,408.0651170838,2299382,NA,276991.1,11.27,-1,0.165376427320467,0.99504978695388,0,0.597029872172328,14,0.909090909090909,0.0454545454545455,"N1 S2 P1 O1","de-protonated",0,NA,"C22 H20 O1 S2 N1 P1",22,20,1,1,1,2,NA,NA,NA,NA,NA
2329,408.09453,408.093528449134,408.093619280451,2472448.8,NA,241991.5,12.28,-1,-0.222574705559731,0.991051402062566,0,0.59463084123754,10,1.05555555555556,0.555555555555556,"N1 O10","de-protonated",0,NA,"C18 H19 O10 N1",18,19,10,1,NA,NA,NA,NA,NA,NA,NA
2335,408.167359,408.166357143323,408.16639029922,1621532.8,NA,281621.6,7.32,-1,-0.0812313242626565,0.99880342222607,0,0.599282053335642,8,1.35,0.4,"N1 O8","de-protonated",0,NA,"C20 H27 O8 N1",20,27,8,1,NA,NA,NA,NA,NA,NA,NA
2338,409.042051,409.041045470472,409.041249353967,4376428.5,NA,257670.4,23.39,-1,-0.498442383317531,0.955921020099351,0,0.573552612059611,11,0.823529411764706,0.705882352941177,"O12","de-protonated",0,NA,"C17 H14 O12",17,14,12,NA,NA,NA,NA,NA,NA,NA,NA
2339,409.06825,409.067244360462,409.067087435922,3763062.8,NA,218657.3,19.81,-1,0.38361565798865,0.973651185514592,0,0.584190711308755,6,1.5,0.833333333333333,"N4 S1 O10","de-protonated",0,NA,"C12 H18 O10 S1 N4",12,18,10,4,NA,1,NA,NA,NA,NA,NA
2340,409.070456,409.069450351199,409.069259713093,3574647.5,NA,229824,18.71,-1,0.46602892211827,0.978147619869122,0.877055953329438,0.937710953253248,23,0.482758620689655,0.0344827586206897,"S1 O1","de-protonated",0,NA,"C29 H14 O1 S1",29,14,1,NA,NA,1,NA,NA,NA,NA,NA
2341,409.078472,409.07746631754,409.077634863352,23076730,NA,248414.1,132.55,-1,-0.412014243318997,0.484833795737237,0.836034543948893,0.625314095021899,10,1,0.611111111111111,"O11","de-protonated",0,NA,"C18 H18 O11",18,18,11,NA,NA,NA,NA,NA,NA,NA,NA
2342,409.09148,409.090474262919,409.090389081192,3985279.5,NA,217996.3,21.11,-1,0.208222263043613,0.49608194089098,0.779247987650237,0.609348359594683,18,0.692307692307692,0.115384615384615,"S1 O3","de-protonated",0,NA,"C26 H18 O3 S1",26,18,3,NA,NA,1,NA,NA,NA,NA,NA
2343,409.093687,409.092681253651,409.092728813384,2462080.5,NA,294315.7,12.22,-1,-0.116256607677289,0.997550616993742,0,0.598530370196245,9,1.35294117647059,0.117647058823529,"N4 S2 P1 O2","de-protonated",0,NA,"C17 H23 O2 S2 N4 P1",17,23,2,4,1,2,NA,NA,NA,NA,NA
2344,409.106727,409.105721198896,409.105778164259,8165253.5,NA,265332.7,45.51,-1,-0.139243602689036,0.996898083219995,0.826551292130403,0.928759366784158,9,1.21052631578947,0.421052631578947,"P1 O8","de-protonated",0,NA,"C19 H23 O8 P1",19,23,8,NA,1,NA,NA,NA,NA,NA,NA
2345,409.109161,409.108155188676,409.108147145921,4789126.5,NA,241832.6,25.8,-1,0.0196592376824069,0.49996493757485,0.779247987650237,0.611678157605005,18,0.692307692307692,0.192307692307692,"O5","de-protonated",0,NA,"C26 H18 O5",26,18,5,NA,NA,NA,NA,NA,NA,NA,NA
2346,409.114772,409.113766165115,409.113858181484,52862856,NA,248450,306.4,-1,-0.224916284060119,0.66351629567464,0.927917829923809,0.769276909374307,4,1.92857142857143,0.285714285714286,"N4 S2 P1 O4","de-protonated",0,NA,"C14 H27 O4 S2 N4 P1",14,27,4,4,1,2,NA,NA,NA,NA,NA
2347,409.127871,409.126865110112,409.126774590576,14819214,NA,246793.3,84.35,-1,0.221250578890342,0.985777275227762,0.918821020711441,0.958994773421234,17,0.814814814814815,0.0740740740740741,"S1 O2","de-protonated",0,NA,"C27 H22 O2 S1",27,22,2,NA,NA,1,NA,NA,NA,NA,NA
2348,409.143241,409.142235045573,409.142163673643,7808915.5,NA,265759.2,43.43,-1,0.174442862577896,0.997164932028566,0.904497260587671,0.960097863452208,8,1.35,0.35,"P1 O7","de-protonated",0,NA,"C20 H27 O7 P1",20,27,7,NA,1,NA,NA,NA,NA,NA,NA
2349,409.145631,409.144625035537,409.144532655306,3967892.5,NA,257264,21.01,-1,0.225788747682195,0.49539614876803,0.772687513667176,0.606312694727688,17,0.814814814814815,0.148148148148148,"O4","de-protonated",0,NA,"C27 H22 O4",27,22,4,NA,NA,NA,NA,NA,NA,NA,NA
2350,409.15125,409.150244011943,409.15040588212,37035928,NA,245855.7,214.02,-1,-0.395625116957665,0.485999642926659,0.821075868479145,0.620030133147654,8,1.3,0.45,"O9","de-protonated",0,NA,"C20 H26 O9",20,26,9,NA,NA,NA,NA,NA,NA,NA,NA
2351,409.164291,409.163284957184,409.163160099961,13025180,NA,245547.5,73.88,-1,0.305152651008964,0.975594450819934,0.930510571350196,0.957560899032039,16,0.928571428571429,0.0357142857142857,"S1 O1","de-protonated",0,NA,"C28 H26 O1 S1",28,26,1,NA,NA,1,NA,NA,NA,NA,NA
2352,409.179704,409.178697892464,409.178549183027,2562977.5,NA,270895.3,12.81,-1,0.36343409824081,0.976318385944733,0,0.58579103156684,7,1.47619047619048,0.285714285714286,"P1 O6","de-protonated",0,NA,"C21 H31 O6 P1",21,31,6,NA,1,NA,NA,NA,NA,NA,NA
2353,409.182043,409.181036882643,409.18091816469,3330978.5,NA,286309.8,17.29,-1,0.290135603427583,0.98484194876411,0,0.590905169258466,16,0.928571428571429,0.107142857142857,"O3","de-protonated",0,NA,"C28 H26 O3",28,26,3,NA,NA,NA,NA,NA,NA,NA,NA
2354,409.187558,409.186551859485,409.186629200252,7804836.5,NA,257159.7,43.4,-1,-0.189010983672891,0.996168578019082,0.952264136445454,0.978606801389631,2,2.1875,0.125,"N4 S2 P1 O2","de-protonated",0,NA,"C16 H35 O2 S2 N4 P1",16,35,2,4,1,2,NA,NA,NA,NA,NA
2355,409.200536,409.19952980499,409.199678551127,6899625.5,NA,255999.1,38.12,-1,-0.363505017999886,0.488154626523914,0.836034543948893,0.627306593493906,2,1.94444444444444,0.444444444444444,"P1 O8","de-protonated",0,NA,"C18 H35 O8 P1",18,35,8,NA,1,NA,NA,NA,NA,NA,NA
2356,409.218374,409.217367730088,409.217303674074,1640368.4,NA,285236.9,7.42,-1,0.156533003498298,0.9955639074876,0,0.59733834449256,15,1.03448275862069,0.0689655172413793,"O2","de-protonated",0,NA,"C29 H30 O2",29,30,2,NA,NA,NA,NA,NA,NA,NA,NA
2357,409.237039,409.236032651713,409.236064060511,3034039.5,NA,239794,15.56,-1,-0.0767498283410452,0.998931740949226,0,0.599359044569536,1,2.05263157894737,0.368421052631579,"P1 O7","de-protonated",0,NA,"C19 H39 O7 P1",19,39,7,NA,1,NA,NA,NA,NA,NA,NA
2360,410.081771,410.080761104665,410.080767148278,4394237.5,NA,274511.2,23.5,-1,-0.0147376158501236,0.999960590608014,0,0.599976354364809,13,1,0.0454545454545455,"N1 S2 P1 O1","de-protonated",0,NA,"C22 H22 O1 S2 N1 P1",22,22,1,1,1,2,NA,NA,NA,NA,NA
2361,410.086824,410.085814083447,410.085638053385,2626815.5,NA,280208.4,13.18,-1,0.429251955622709,0.967119479391623,0,0.580271687634974,18,0.68,0.12,"N1 S1 O3","de-protonated",0,NA,"C25 H17 O3 S1 N1",25,17,3,1,NA,1,NA,NA,NA,NA,NA
2364,410.12303,410.122019931417,410.122023562769,2215693.5,NA,257955.7,10.78,-1,-0.00885432061435809,0.999985774706794,0,0.599991464824077,17,0.807692307692308,0.0769230769230769,"N1 S1 O2","de-protonated",0,NA,"C26 H21 O2 S1 N1",26,21,2,1,NA,1,NA,NA,NA,NA,NA
2368,410.159435,410.158424778552,410.158409072154,1727259.6,NA,334742,7.93,-1,0.0382934933275987,0.999733960559665,0,0.599840376335799,16,0.925925925925926,0.037037037037037,"N1 S1 O1","de-protonated",0,NA,"C27 H25 O1 S1 N1",27,25,1,1,NA,1,NA,NA,NA,NA,NA
2371,410.195998,410.194987625023,410.19492752332,1575209.8,NA,344822.6,7.04,-1,0.146519860418531,0.996112224038025,0,0.597667334422815,2,2,0.470588235294118,"N1 P1 O8","de-protonated",0,NA,"C17 H34 O8 N1 P1",17,34,8,1,1,NA,NA,NA,NA,NA,NA
2372,411.047229,411.046215050685,411.046155286524,3554931.5,NA,240478.4,18.14,-1,0.145395258257863,0.996171561714282,0,0.597702937028569,14,0.80952380952381,0.238095238095238,"S1 P1 O5","de-protonated",0,NA,"C21 H17 O5 S1 P1",21,17,5,NA,1,1,NA,NA,NA,NA,NA
2373,411.057746,411.056732006524,411.056899418445,11410040,NA,249098.5,62.85,-1,-0.407271891882445,0.485175719393633,0.843720152817574,0.628593492763209,10,0.941176470588235,0.705882352941177,"O12","de-protonated",0,NA,"C17 H16 O12",17,16,12,NA,NA,NA,NA,NA,NA,NA,NA
2374,411.083785,411.082770897186,411.0827375004,4299393.5,NA,218817.7,22.37,-1,0.0812410321879727,0.998803136375085,0,0.599281881825051,5,1.66666666666667,0.833333333333333,"N4 S1 O10","de-protonated",0,NA,"C12 H20 O10 S1 N4",12,20,10,4,NA,1,NA,NA,NA,NA,NA
2375,411.086059,411.085044887637,411.084909777571,10703491,NA,243073.8,58.83,-1,0.328667054860721,0.976959428617141,0.970772503291023,0.974484658486694,22,0.551724137931034,0.0344827586206897,"S1 O1","de-protonated",0,NA,"C29 H16 O1 S1",29,16,1,NA,NA,1,NA,NA,NA,NA,NA
2376,411.094053,411.09303885407,411.093122736578,39338628,NA,246652.9,221.85,-1,-0.204047459152874,0.66327119144075,0.927279913856465,0.768874680407036,4,1.92307692307692,0.384615384615385,"N4 S2 P1 O5","de-protonated",0,NA,"C13 H25 O5 S2 N4 P1",13,25,5,4,1,2,NA,NA,NA,NA,NA
2377,411.107097,411.106082799298,411.10603914567,2417802.8,NA,203582.4,11.66,-1,0.106185811228815,0.997956180122855,0,0.598773708073713,17,0.769230769230769,0.115384615384615,"S1 O3","de-protonated",0,NA,"C26 H20 O3 S1",26,20,3,NA,NA,1,NA,NA,NA,NA,NA
2378,411.109398,411.108383789636,411.108541069115,2489995.8,NA,298623.6,12.07,-1,-0.38257409544814,0.973792182673258,0,0.584275309603955,13,0.909090909090909,0.363636363636364,"O8","de-protonated",0,NA,"C22 H20 O8",22,20,8,NA,NA,NA,NA,NA,NA,NA,NA
2379,411.122446,411.121431734848,411.121428228737,19956368,NA,257791.4,111.51,-1,0.00852816394906392,0.998890840537389,0.928362610426142,0.97067954849289,8,1.31578947368421,0.421052631578947,"P1 O8","de-protonated",0,NA,"C19 H25 O8 P1",19,25,8,NA,1,NA,NA,NA,NA,NA,NA
2380,411.124788,411.123773725013,411.123797210399,5395089.5,NA,257543.7,28.61,-1,-0.0571248518539315,0.499704031537114,0.779247987650237,0.611521613982363,17,0.769230769230769,0.192307692307692,"O5","de-protonated",0,NA,"C26 H20 O5",26,20,5,NA,NA,NA,NA,NA,NA,NA,NA
2381,411.130485,411.129470701092,411.129670437214,49455764,NA,247744.9,279.44,-1,-0.485822689780201,0.957342295731401,0.998089707516909,0.973641260445604,8,1.26315789473684,0.526315789473684,"O10","de-protonated",0,NA,"C19 H24 O10",19,24,10,NA,NA,NA,NA,NA,NA,NA,NA
2382,411.140255,411.139240660067,411.139053351684,2235031.8,NA,254454.6,10.62,-1,0.455584020245514,0.963039443919508,0,0.577823666351705,21,0.666666666666667,0.0666666666666667,"O2","de-protonated",0,NA,"C30 H20 O2",30,20,2,NA,NA,NA,NA,NA,NA,NA,NA
2383,411.143643,411.142628645841,411.142424655054,3739289,NA,242005.1,19.18,-1,0.496156013686249,0.47815776578707,0.772687513667176,0.595969664939113,16,0.888888888888889,0.0740740740740741,"S1 O2","de-protonated",0,NA,"C27 H24 O2 S1",27,24,2,NA,NA,1,NA,NA,NA,NA,NA
2384,411.158902,411.157887581768,411.157813738121,11326111,NA,259402.4,62.38,-1,0.179599279482721,0.989040940285024,0.929170786105043,0.965092878613031,7,1.45,0.35,"P1 O7","de-protonated",0,NA,"C20 H29 O7 P1",20,29,7,NA,1,NA,NA,NA,NA,NA,NA
2385,411.161347,411.160332571501,411.160182719784,4647584,NA,243956.7,24.36,-1,0.364460674539376,0.488093010087691,0.772687513667176,0.601930811519485,16,0.888888888888889,0.148148148148148,"O4","de-protonated",0,NA,"C27 H24 O4",27,24,4,NA,NA,NA,NA,NA,NA,NA,NA
2386,411.166907,411.165892548155,411.166055946598,20857506,NA,247685.5,116.64,-1,-0.397402560765355,0.485875357998342,0.821075868479145,0.619955562190663,7,1.4,0.45,"O9","de-protonated",0,NA,"C20 H28 O9",20,28,9,NA,NA,NA,NA,NA,NA,NA,NA
2387,411.179932,411.178917493463,411.178810164439,10857127,NA,248971.1,59.71,-1,0.261027614320696,0.984874464545069,0.95341120905422,0.972289162348729,15,1,0.0357142857142857,"S1 O1","de-protonated",0,NA,"C28 H28 O1 S1",28,28,1,NA,NA,1,NA,NA,NA,NA,NA
2388,411.195264,411.194249429083,411.194199247505,2540717,NA,268367.7,12.36,-1,0.122038633039314,0.997301255239836,0,0.598380753143902,6,1.57142857142857,0.285714285714286,"P1 O6","de-protonated",0,NA,"C21 H33 O6 P1",21,33,6,NA,1,NA,NA,NA,NA,NA,NA
2389,411.197725,411.196710418749,411.196568229168,2704558,NA,271556.4,13.29,-1,0.345794669120074,0.978537140085519,0,0.587122284051312,15,1,0.107142857142857,"O3","de-protonated",0,NA,"C28 H28 O3",28,28,3,NA,NA,NA,NA,NA,NA,NA,NA
2390,411.203137,411.202122396024,411.20227926473,4303536,NA,271177.9,22.4,-1,-0.3814879294099,0.973938831180232,0,0.584363298708139,1,2.3125,0.125,"N4 S2 P1 O2","de-protonated",0,NA,"C16 H37 O2 S2 N4 P1",16,37,2,4,1,2,NA,NA,NA,NA,NA
2391,411.216264,411.215249340904,411.215328615605,3086005.3,NA,252062.6,15.47,-1,-0.192781483062688,0.99327920024781,0,0.595967520148686,1,2.05555555555556,0.444444444444444,"P1 O8","de-protonated",0,NA,"C18 H37 O8 P1",18,37,8,NA,1,NA,NA,NA,NA,NA,NA
2392,411.239984,411.238969241303,411.238826965367,1623742.4,NA,276980,7.14,-1,0.345969122144785,0.978515713019039,0,0.587109427811423,5,1.63636363636364,0.318181818181818,"O7","de-protonated",0,NA,"C22 H36 O7",22,36,7,NA,NA,NA,NA,NA,NA,NA,NA
2393,412.061011,412.059992793792,412.060031703371,2689022,NA,252142.5,13.2,-1,-0.094426967006397,0.998383429540183,0,0.59903005772411,13,0.952380952380952,0.0952380952380952,"N1 S2 P1 O2","de-protonated",0,NA,"C21 H20 O2 S2 N1 P1",21,20,2,1,1,2,NA,NA,NA,NA,NA
2395,412.097446,412.096427640801,412.096417212756,7214092.5,NA,247803.3,38.96,-1,0.0253048675206805,0.49994190928274,0.806643077274283,0.622622376479357,12,1.09090909090909,0.0454545454545455,"N1 S2 P1 O1","de-protonated",0,NA,"C22 H24 O1 S2 N1 P1",22,24,1,1,1,2,NA,NA,NA,NA,NA
2396,412.102293,412.101274620448,412.101288117863,1611790.3,NA,235691.6,7.07,-1,-0.0327526634185358,0.99980537223011,0,0.599883223338066,17,0.76,0.12,"N1 S1 O3","de-protonated",0,NA,"C25 H19 O3 S1 N1",25,19,3,1,NA,1,NA,NA,NA,NA,NA
2399,412.1388,412.137781467155,412.137673627247,3563548.5,NA,240372,18.18,-1,0.261659911555137,0.987653798218627,0,0.592592278931176,16,0.884615384615385,0.0769230769230769,"N1 S1 O2","de-protonated",0,NA,"C26 H23 O2 S1 N1",26,23,2,1,NA,1,NA,NA,NA,NA,NA
2402,412.175261,412.174242314054,412.174059136632,1676842.6,NA,229964,7.44,-1,0.444417639302682,0.964797163882385,0,0.578878298329431,15,1,0.037037037037037,"N1 S1 O1","de-protonated",0,NA,"C27 H27 O1 S1 N1",27,27,1,1,NA,1,NA,NA,NA,NA,NA
2405,413.036835,413.035812696286,413.036001782287,2696571.5,NA,293658.6,13.24,-1,-0.457795447262145,0.962686551624363,0,0.577611930974618,5,1.72727272727273,0.636363636363636,"N4 S2 P1 O7","de-protonated",0,NA,"C11 H19 O7 S2 N4 P1",11,19,7,4,1,2,NA,NA,NA,NA,NA
2406,413.052152,413.051129631969,413.051257923572,3220353.5,NA,248863.9,16.23,-1,-0.310594871780125,0.982648103660316,0,0.589588862196189,9,1.26666666666667,0.266666666666667,"N4 S2 P1 O4","de-protonated",0,NA,"C15 H19 O4 S2 N4 P1",15,19,4,4,1,2,NA,NA,NA,NA,NA
2408,413.065335,413.064312576614,413.064174332664,7331207,NA,257148.1,39.63,-1,0.334679107645232,0.988026776922952,0.987251813059994,0.987716791377769,22,0.5,0.0714285714285714,"S1 O2","de-protonated",0,NA,"C28 H14 O2 S1",28,14,2,NA,NA,1,NA,NA,NA,NA,NA
2409,413.073403,413.072380542736,413.072549482923,17675658,NA,248666.4,98.52,-1,-0.408984300017954,0.978342986321856,0.995182213037759,0.985078677008217,9,1.05882352941176,0.705882352941177,"O12","de-protonated",0,NA,"C17 H18 O12",17,18,12,NA,NA,NA,NA,NA,NA,NA,NA
2410,413.083067,413.082044502157,413.081932397394,3492237.8,NA,261397.7,17.77,-1,0.271386265116194,0.493362555798803,0.766236582456902,0.602512166462043,22,0.5,0.142857142857143,"O4","de-protonated",0,NA,"C28 H14 O4",28,14,4,NA,NA,NA,NA,NA,NA,NA,NA
2411,413.088676,413.087653478604,413.087805624208,4038031.8,NA,267172.7,20.88,-1,-0.368312988091587,0.975686139126233,0,0.58541168347574,13,0.857142857142857,0.428571428571429,"O9","de-protonated",0,NA,"C21 H18 O9",21,18,9,NA,NA,NA,NA,NA,NA,NA,NA
2412,413.101714,413.100691423857,413.100559842049,29500820,NA,248521.4,165.84,-1,0.318522465248486,0.494306315848467,0.914598489902344,0.662423185470018,21,0.620689655172414,0.0344827586206897,"S1 O1","de-protonated",0,NA,"C29 H18 O1 S1",29,18,1,NA,NA,1,NA,NA,NA,NA,NA
2413,413.109746,413.108723390131,413.108772801056,38364568,NA,248977.2,216.3,-1,-0.119607541538927,0.664429455772376,0.927279913856465,0.769569639006012,3,2.07692307692308,0.384615384615385,"N4 S2 P1 O5","de-protonated",0,NA,"C13 H27 O5 S2 N4 P1",13,27,5,4,1,2,NA,NA,NA,NA,NA
2414,413.119442,413.118419349417,413.118317906778,7222684,NA,242397.4,39.01,-1,0.245553476214181,0.494559454781344,0.759892473118277,0.600692662116117,21,0.620689655172414,0.103448275862069,"O3","de-protonated",0,NA,"C29 H18 O3",29,18,3,NA,NA,NA,NA,NA,NA,NA,NA
2415,413.124995,413.1239723261,413.12402894234,4465054,NA,234251.2,23.31,-1,-0.13704417163477,0.996597993157474,0,0.597958795894484,7,1.58823529411765,0.117647058823529,"N4 S2 P1 O2","de-protonated",0,NA,"C17 H27 O2 S2 N4 P1",17,27,2,4,1,2,NA,NA,NA,NA,NA
2416,413.138026,413.137003271383,413.137078293215,35743140,NA,247703.2,201.37,-1,-0.181590653567976,0.996807226842252,0.958038568693255,0.981299763582653,7,1.42105263157895,0.421052631578947,"P1 O8","de-protonated",0,NA,"C19 H27 O8 P1",19,27,8,NA,1,NA,NA,NA,NA,NA,NA
2417,413.146098,413.145075237488,413.14515831044,28485030,NA,245852.3,160.05,-1,-0.20107448946343,0.66404177074524,0.927917829923809,0.769592194416667,2,2.21428571428571,0.285714285714286,"N4 S2 P1 O4","de-protonated",0,NA,"C14 H31 O4 S2 N4 P1",14,31,4,4,1,2,NA,NA,NA,NA,NA
2418,413.155862,413.154839196489,413.154703416162,4990378,NA,241901.5,26.3,-1,0.328642818939045,0.490296609275199,0.753652554121787,0.595638987213834,20,0.733333333333333,0.0666666666666667,"O2","de-protonated",0,NA,"C30 H22 O2",30,22,2,NA,NA,NA,NA,NA,NA,NA,NA
2419,413.159189,413.158166182519,413.158074719532,4351403.5,NA,258882.9,22.67,-1,0.221375284393434,0.495573580216647,0.772687513667176,0.606419153596859,15,0.962962962962963,0.0740740740740741,"S1 O2","de-protonated",0,NA,"C27 H26 O2 S1",27,26,2,NA,NA,1,NA,NA,NA,NA,NA
2420,413.174553,413.173530118005,413.173463802599,10108338,NA,261862.6,55.44,-1,0.160502577759417,0.997491843784699,0.938952402303827,0.974076067192351,6,1.55,0.35,"P1 O7","de-protonated",0,NA,"C20 H31 O7 P1",20,31,7,NA,1,NA,NA,NA,NA,NA,NA
2421,413.176959,413.175936107902,413.175832784262,4869554.5,NA,248370.2,25.61,-1,0.250071838786114,0.494358536866171,0.772687513667176,0.605690127586573,15,0.962962962962963,0.148148148148148,"O4","de-protonated",0,NA,"C27 H26 O4",27,26,4,NA,NA,NA,NA,NA,NA,NA,NA
2422,413.182608,413.181585084182,413.181706011076,10495413,NA,251240.9,57.64,-1,-0.292672431542692,0.979425709172104,0.958383127427804,0.971008676474384,6,1.5,0.45,"O9","de-protonated",0,NA,"C20 H30 O9",20,30,9,NA,NA,NA,NA,NA,NA,NA,NA
2423,413.195587,413.194564029683,413.194460228917,6733242,NA,241488.4,36.22,-1,0.251215289489202,0.494307123352975,0.766236582456902,0.603078906994546,14,1.07142857142857,0.0357142857142857,"S1 O1","de-protonated",0,NA,"C28 H30 O1 S1",28,30,1,NA,NA,1,NA,NA,NA,NA,NA
2424,413.218839,413.217815932047,413.217929329208,5893571,NA,265894.5,31.44,-1,-0.274424591327502,0.986428245065,0,0.591856947039,0,2.4375,0.125,"N4 S2 P1 O2","de-protonated",0,NA,"C16 H39 O2 S2 N4 P1",16,39,2,4,1,2,NA,NA,NA,NA,NA
2425,413.255381,413.254357778606,413.254477029845,2695633.3,NA,276085.8,13.24,-1,-0.288566114242112,0.98500426772477,0,0.591002560634862,4,1.72727272727273,0.318181818181818,"O7","de-protonated",0,NA,"C22 H38 O7",22,38,7,NA,NA,NA,NA,NA,NA,NA,NA
2428,414.097031,414.096004244499,414.095808814242,1781532.1,NA,272958.8,8.03,-1,0.471944543928857,0.96039140338369,0,0.576234842030214,21,0.607142857142857,0.0357142857142857,"N1 S1 O1","de-protonated",0,NA,"C28 H17 O1 S1 N1",28,17,1,1,NA,1,NA,NA,NA,NA,NA
2430,414.113092,414.112065177059,414.112067277234,7102242.5,NA,254320.1,38.32,-1,-0.00507151332633299,0.499997666552892,0.806643077274283,0.622655830841448,11,1.18181818181818,0.0454545454545455,"N1 S2 P1 O1","de-protonated",0,NA,"C22 H26 O1 S2 N1 P1",22,26,1,1,1,2,NA,NA,NA,NA,NA
2431,414.11786,414.116833157038,414.116938182341,1890084.3,NA,280591.3,8.65,-1,-0.253612671932435,0.988397169746345,0,0.593038301847807,16,0.84,0.12,"N1 S1 O3","de-protonated",0,NA,"C25 H21 O3 S1 N1",25,21,3,1,NA,1,NA,NA,NA,NA,NA
2432,414.135817,414.134790081636,414.134696247071,1893419.4,NA,238208.5,8.67,-1,0.226579821417837,0.990727964842097,0,0.594436778905258,16,0.84,0.2,"N1 O5","de-protonated",0,NA,"C25 H21 O5 N1",25,21,5,1,NA,NA,NA,NA,NA,NA,NA
2440,415.031672,415.030641319921,415.030684669918,2273421,NA,287865.3,10.83,-1,-0.104450100171331,0.998022384934128,0,0.598813430960476,14,0.631578947368421,0.578947368421053,"O11","de-protonated",0,NA,"C19 H12 O11",19,12,11,NA,NA,NA,NA,NA,NA,NA,NA
2441,415.041944,415.040913276789,415.041069906095,1956881.1,NA,152964,9.03,-1,-0.377382668373286,0.974489533325318,0,0.584693719995191,13,0.85,0.3,"S1 P1 O6","de-protonated",0,NA,"C20 H17 O6 S1 P1",20,17,6,NA,1,1,NA,NA,NA,NA,NA
2442,415.044568,415.043537265771,415.043438887758,3504274,NA,265679,17.84,-1,0.237030641252089,0.989857360255529,0,0.593914416153317,22,0.444444444444444,0.111111111111111,"S1 O3","de-protonated",0,NA,"C27 H12 O3 S1",27,12,3,NA,NA,1,NA,NA,NA,NA,NA
2443,415.052678,415.051647231716,415.051814038017,5441685.5,NA,251593.1,28.87,-1,-0.401892715522736,0.97111810628863,0,0.582670863773178,9,1,0.8125,"O13","de-protonated",0,NA,"C16 H16 O13",16,16,13,NA,NA,NA,NA,NA,NA,NA,NA
2444,415.062294,415.061263191339,415.061196952487,2729625.3,NA,266523.4,13.43,-1,0.159588156271322,0.995389457309355,0,0.597233674385613,22,0.444444444444444,0.185185185185185,"O5","de-protonated",0,NA,"C27 H12 O5",27,12,5,NA,NA,NA,NA,NA,NA,NA,NA
2445,415.067899,415.066868167803,415.067070179302,5275803.5,NA,246470.9,27.92,-1,-0.486696038713757,0.478965130141734,0.821075868479145,0.615809425476699,13,0.8,0.5,"O10","de-protonated",0,NA,"C20 H16 O10",20,16,10,NA,NA,NA,NA,NA,NA,NA,NA
2446,415.071315,415.070284153459,415.070441482672,1715868.8,NA,298658.8,7.66,-1,-0.379042198562097,0.974267594899063,0,0.584560556939438,8,1.17647058823529,0.588235294117647,"S1 O10","de-protonated",0,NA,"C17 H20 O10 S1",17,20,10,NA,NA,1,NA,NA,NA,NA,NA
2447,415.080962,415.079931112951,415.079824397142,21334176,NA,247784.1,119.34,-1,0.257097075369056,0.993836365702954,0.965867982255483,0.982649012323966,21,0.571428571428571,0.0714285714285714,"S1 O2","de-protonated",0,NA,"C28 H16 O2 S1",28,16,2,NA,NA,1,NA,NA,NA,NA,NA
2448,415.088958,415.087927079376,415.088037356149,14407844,NA,248119.7,79.91,-1,-0.265670805612616,0.653565228828198,0.926630606056794,0.762791379719637,3,2.08333333333333,0.5,"N4 S2 P1 O6","de-protonated",0,NA,"C12 H25 O6 S2 N4 P1",12,25,6,4,1,2,NA,NA,NA,NA,NA
2449,415.09871,415.097679038427,415.097582461872,9695400,NA,255070.8,53.08,-1,0.232659883609894,0.994030827900855,0.973338788981204,0.985754012332994,21,0.571428571428571,0.142857142857143,"O4","de-protonated",0,NA,"C28 H16 O4",28,16,4,NA,NA,NA,NA,NA,NA,NA,NA
2450,415.104273,415.103242015068,415.103293497434,8487082,NA,239130.3,46.2,-1,-0.124023025100646,0.993747708408838,0.983554828626241,0.989670556495799,7,1.5625,0.1875,"N4 S2 P1 O3","de-protonated",0,NA,"C16 H25 O3 S2 N4 P1",16,25,3,4,1,2,NA,NA,NA,NA,NA
2451,415.117317,415.116285960296,415.116209906527,49916080,NA,245579.2,282.05,-1,0.183210790906027,0.494799242128486,0.895617385934394,0.655126499650849,20,0.689655172413793,0.0344827586206897,"S1 O1","de-protonated",0,NA,"C29 H20 O1 S1",29,20,1,NA,NA,1,NA,NA,NA,NA,NA
2452,415.12541,415.124378926313,415.124585056786,19482802,NA,246995.6,108.8,-1,-0.496550866889558,0.970859739230396,0.998346615833691,0.981854489871714,7,1.33333333333333,0.611111111111111,"O11","de-protonated",0,NA,"C18 H24 O11",18,24,11,NA,NA,NA,NA,NA,NA,NA,NA
2453,415.135158,415.134126885381,415.133967971256,12716214,NA,246519.9,70.28,-1,0.382802028395177,0.982478747568707,0.924256140451243,0.959189704721721,20,0.689655172413793,0.103448275862069,"O3","de-protonated",0,NA,"C29 H20 O3",29,20,3,NA,NA,NA,NA,NA,NA,NA,NA
2454,415.140681,415.13964986219,415.139841198071,7755960,NA,246568.7,42.04,-1,-0.460895008753296,0.961686182643276,0.950945474671442,0.957389899454543,11,1.09090909090909,0.363636363636364,"O8","de-protonated",0,NA,"C22 H24 O8",22,24,8,NA,NA,NA,NA,NA,NA,NA,NA
2455,415.153787,415.152755807158,415.152728357693,35104956,NA,246080.9,197.74,-1,0.0661189558986587,0.998316510203515,0.954626136822797,0.980840360851228,6,1.52631578947368,0.421052631578947,"P1 O8","de-protonated",0,NA,"C19 H29 O8 P1",19,29,8,NA,1,NA,NA,NA,NA,NA,NA
2456,415.161806,415.160774773486,415.16097056617,11204801,NA,252887.3,61.68,-1,-0.471606673737374,0.480223479630531,0.828487690504102,0.61952916397996,6,1.47368421052632,0.526315789473684,"O10","de-protonated",0,NA,"C19 H28 O10",19,28,10,NA,NA,NA,NA,NA,NA,NA,NA
2457,415.17157,415.170538732486,415.17035348064,3586244.5,NA,256187,18.3,-1,0.446206826520037,0.482259122643172,0.753652554121787,0.590816495234618,19,0.8,0.0666666666666667,"O2","de-protonated",0,NA,"C30 H24 O2",30,24,2,NA,NA,NA,NA,NA,NA,NA,NA
2458,415.174824,415.173792718823,415.17372478401,4601029.5,NA,240826.6,24.08,-1,0.163629845175053,0.497576771626783,0.772687513667176,0.60762106844294,14,1.03703703703704,0.0740740740740741,"S1 O2","de-protonated",0,NA,"C27 H28 O2 S1",27,28,2,NA,NA,1,NA,NA,NA,NA,NA
2459,415.177107,415.176075709236,415.176226707455,3492038.5,NA,259264.1,17.77,-1,-0.36369668802631,0.976284561697943,0,0.585770737018766,10,1.21739130434783,0.304347826086957,"O7","de-protonated",0,NA,"C23 H28 O7",23,28,7,NA,NA,NA,NA,NA,NA,NA,NA
2460,415.190088,415.189056654729,415.189113867077,7444683.5,NA,242947.3,40.27,-1,-0.13779828551116,0.997735447281974,0.855046423039855,0.940659837585127,5,1.65,0.35,"P1 O7","de-protonated",0,NA,"C20 H33 O7 P1",20,33,7,NA,1,NA,NA,NA,NA,NA,NA
2461,415.192472,415.191440644718,415.19148284874,2691788.8,NA,264919.3,13.21,-1,-0.101649535656924,0.99812691462328,0,0.598876148773968,14,1.03703703703704,0.148148148148148,"O4","de-protonated",0,NA,"C27 H28 O4",27,28,4,NA,NA,NA,NA,NA,NA,NA,NA
2462,415.198094,415.197062621111,415.197193884302,7682255,NA,254849.7,41.62,-1,-0.3161466227223,0.982198864911866,0.960273720084055,0.973428806980742,0,2.46666666666667,0.2,"N4 S2 P1 O3","de-protonated",0,NA,"C15 H37 O3 S2 N4 P1",15,37,3,4,1,2,NA,NA,NA,NA,NA
2463,415.234591,415.23355946786,415.233741584939,6041821.5,NA,260099.9,32.28,-1,-0.438589306861247,0.482849264838868,0.813795485951173,0.61522775328379,4,1.71428571428571,0.380952380952381,"O8","de-protonated",0,NA,"C21 H36 O8",21,36,8,NA,NA,NA,NA,NA,NA,NA,NA
2464,415.271027,415.269995314864,415.270127094323,2716907.8,NA,216562,13.36,-1,-0.317334308785554,0.981893846568597,0,0.589136307941158,3,1.81818181818182,0.318181818181818,"O7","de-protonated",0,NA,"C22 H40 O7",22,40,7,NA,NA,NA,NA,NA,NA,NA,NA
2466,416.092267,416.091231866459,416.091331832327,2796593.8,NA,231756.6,13.81,-1,-0.240249821298735,0.989581439206454,0,0.593748863523873,11,1.14285714285714,0.0952380952380952,"N1 S2 P1 O2","de-protonated",0,NA,"C21 H24 O2 S2 N1 P1",21,24,2,1,1,2,NA,NA,NA,NA,NA
2469,416.112676,416.111640780761,416.11145887872,1644857.9,NA,248350.2,7.25,-1,0.437147398355335,0.965919816936574,0,0.579551890161944,20,0.678571428571429,0.0357142857142857,"N1 S1 O1","de-protonated",0,NA,"C28 H19 O1 S1 N1",28,19,1,1,NA,1,NA,NA,NA,NA,NA
2474,416.148941,416.147905628484,416.147977329886,1671496.3,NA,222718.2,7.4,-1,-0.172297849906422,0.994627896304792,0,0.596776737782875,6,1.55555555555556,0.444444444444444,"N1 P1 O8","de-protonated",0,NA,"C18 H28 O8 N1 P1",18,28,8,1,1,NA,NA,NA,NA,NA,NA
2484,417.047194,417.0461548567,417.046334734396,4907950.5,NA,265362,25.82,-1,-0.431313456227566,0.966808213585263,0,0.580084928151158,13,0.736842105263158,0.578947368421053,"O11","de-protonated",0,NA,"C19 H14 O11",19,14,11,NA,NA,NA,NA,NA,NA,NA,NA
2485,417.060276,417.059236801768,417.059088952236,9794483,NA,241115.6,53.64,-1,0.35450499900342,0.974153131667329,0.991513469144822,0.981097266658326,21,0.518518518518518,0.111111111111111,"S1 O3","de-protonated",0,NA,"C27 H14 O3 S1",27,14,3,NA,NA,1,NA,NA,NA,NA,NA
2486,417.068283,417.067243768146,417.067301911243,2704310.8,NA,257326.2,13.28,-1,-0.139409385935022,0.99647975960118,0,0.597887855760708,3,2.09090909090909,0.636363636363636,"N4 S2 P1 O7","de-protonated",0,NA,"C11 H23 O7 S2 N4 P1",11,23,7,4,1,2,NA,NA,NA,NA,NA
2487,417.077999,417.076959727349,417.076847016965,7066554.5,NA,261597.1,38.11,-1,0.270238887727053,0.493418190993375,0.772687513667176,0.605125920062895,21,0.518518518518518,0.185185185185185,"O5","de-protonated",0,NA,"C27 H14 O5",27,14,5,NA,NA,NA,NA,NA,NA,NA,NA
2488,417.083565,417.082525703977,417.08272024378,11858877,NA,243453.9,65.4,-1,-0.466429783670772,0.966782521876305,0.996884048231693,0.97882313241846,12,0.9,0.5,"O10","de-protonated",0,NA,"C20 H18 O10",20,18,10,NA,NA,NA,NA,NA,NA,NA,NA
2489,417.087019,417.085979689474,417.08609154715,1731006.1,NA,278268.5,7.74,-1,-0.26818845960725,0.987034085387445,0,0.592220451232467,7,1.29411764705882,0.588235294117647,"S1 O10","de-protonated",0,NA,"C17 H22 O10 S1",17,22,10,NA,NA,1,NA,NA,NA,NA,NA
2490,417.09659,417.095550649285,417.09547446162,37571520,NA,242407.2,211.77,-1,0.18266240941105,0.497068720668285,0.887558490290345,0.653264628517109,20,0.642857142857143,0.0714285714285714,"S1 O2","de-protonated",0,NA,"C28 H18 O2 S1",28,18,2,NA,NA,1,NA,NA,NA,NA,NA
2491,417.104625,417.103585615546,417.103687420627,6773701.5,NA,243501.3,36.45,-1,-0.244076196598504,0.989248735440364,0,0.593549241264218,2,2.25,0.5,"N4 S2 P1 O6","de-protonated",0,NA,"C12 H27 O6 S2 N4 P1",12,27,6,4,1,2,NA,NA,NA,NA,NA
2492,417.114446,417.113406574307,417.11323252635,14904265,NA,248977.5,82.73,-1,0.417267886960355,0.964117574259824,0.950572286486794,0.958699459150612,20,0.642857142857143,0.142857142857143,"O4","de-protonated",0,NA,"C28 H18 O4",28,18,4,NA,NA,NA,NA,NA,NA,NA,NA
2493,417.119998,417.118958550994,417.119105753164,16673739,NA,237418.9,92.81,-1,-0.352902008722017,0.971332549632634,0.986884258948898,0.977553233359139,11,1.04761904761905,0.428571428571429,"O9","de-protonated",0,NA,"C21 H22 O9",21,22,9,NA,NA,NA,NA,NA,NA,NA,NA
2494,417.13305,417.132010496188,417.131859971005,46509008,NA,244750.6,262.65,-1,0.360857556431459,0.490046176483738,0.891221255969525,0.650516208278053,19,0.758620689655172,0.0344827586206897,"S1 O1","de-protonated",0,NA,"C29 H22 O1 S1",29,22,1,NA,NA,1,NA,NA,NA,NA,NA
2495,417.141071,417.140031462508,417.140235121264,5628884,NA,240947.7,29.93,-1,-0.488226113198011,0.478835507322486,0.836034543948893,0.621715121973048,6,1.44444444444444,0.611111111111111,"O11","de-protonated",0,NA,"C18 H26 O11",18,26,11,NA,NA,NA,NA,NA,NA,NA,NA
2496,417.150808,417.149768421622,417.149618035734,11729880,NA,252632.1,64.66,-1,0.360508272203174,0.988132265354053,0.955601754224153,0.975120060902093,19,0.758620689655172,0.103448275862069,"O3","de-protonated",0,NA,"C29 H22 O3",29,22,3,NA,NA,NA,NA,NA,NA,NA,NA
2497,417.156386,417.1553463982,417.155491262549,13089754,NA,244781,72.4,-1,-0.347267030273019,0.980890429562824,0.996508708672507,0.987137741206697,10,1.18181818181818,0.363636363636364,"O8","de-protonated",0,NA,"C22 H26 O8",22,26,8,NA,NA,NA,NA,NA,NA,NA,NA
2498,417.169361,417.168321343718,417.168378422171,25431008,NA,246279.3,142.66,-1,-0.136823536677903,0.99789418398902,0.942968412334838,0.975923875327347,5,1.63157894736842,0.421052631578947,"P1 O8","de-protonated",0,NA,"C19 H31 O8 P1",19,31,8,NA,1,NA,NA,NA,NA,NA,NA
2499,417.177393,417.176353309991,417.176458439396,5457890.5,NA,251209.6,28.96,-1,-0.252002246300916,0.988543211808899,0,0.593125927085339,0,2.5,0.285714285714286,"N4 S2 P1 O4","de-protonated",0,NA,"C14 H35 O4 S2 N4 P1",14,35,4,4,1,2,NA,NA,NA,NA,NA
2500,417.187162,417.186122268971,417.186003545118,2324966.3,NA,286965.5,11.12,-1,0.284582540024977,0.985412419879104,0,0.591247451927463,18,0.866666666666667,0.0666666666666667,"O2","de-protonated",0,NA,"C30 H26 O2",30,26,2,NA,NA,NA,NA,NA,NA,NA,NA
2501,417.192701,417.191661245713,417.191714580681,4952040.5,NA,243321.5,26.08,-1,-0.127842826983137,0.9970388339898,0,0.59822330039388,4,1.94444444444444,0.0555555555555556,"N4 S2 P1 O1","de-protonated",0,NA,"C18 H35 O1 S2 N4 P1",18,35,1,4,1,2,NA,NA,NA,NA,NA
2502,417.205788,417.20474819076,417.204763931555,5983213.5,NA,260823.8,31.95,-1,-0.0377291832539154,0.992110857689342,0.817267232054865,0.922173407435551,4,1.75,0.35,"P1 O7","de-protonated",0,NA,"C20 H35 O7 P1",20,35,7,NA,1,NA,NA,NA,NA,NA,NA
2504,417.250325,417.249285003748,417.249391649417,2875903.5,NA,243441.9,14.26,-1,-0.255592148828269,0.988216415482398,0,0.592929849289439,3,1.80952380952381,0.380952380952381,"O8","de-protonated",0,NA,"C21 H38 O8",21,38,8,NA,NA,NA,NA,NA,NA,NA,NA
2508,418.078973,418.077929524237,418.077969215973,2418507.3,NA,226506.1,11.65,-1,-0.0949385977862674,0.998365878411657,0,0.599019527046994,12,0.894736842105263,0.526315789473684,"N1 O10","de-protonated",0,NA,"C19 H17 O10 N1",19,17,10,1,NA,NA,NA,NA,NA,NA,NA
2521,418.954813,418.953765846565,418.953697650646,57765548,NA,239150.6,326.73,-1,0.162776744294504,0.248800956361372,0.773236227950703,0.458575064997105,14,0.470588235294118,0.529411764705882,"S2 O9","de-protonated",0,NA,"C17 H8 O9 S2",17,8,9,NA,NA,2,NA,NA,NA,NA,NA
2522,418.962069,418.961021816097,418.960908287946,2831022.5,NA,245797.8,14,-1,0.270975522743491,0.986764997312248,0,0.592058998387349,10,0.727272727272727,0.909090909090909,"N4 S2 O10","de-protonated",0,NA,"C11 H8 O10 S2 N4",11,8,10,4,NA,2,NA,NA,NA,NA,NA
2523,419.035402,419.03435450817,419.034330755337,1978060,NA,254968.1,9.14,-1,0.056684694684758,0.999417147241526,0,0.599650288344916,17,0.571428571428571,0.285714285714286,"N2 S1 O6","de-protonated",0,NA,"C21 H12 O6 S1 N2",21,12,6,2,NA,1,NA,NA,NA,NA,NA
2524,419.039635,419.038587490396,419.038486449111,2345165.5,NA,219508.7,11.23,-1,0.241126501721891,0.989505666155289,0,0.593703399693174,8,1.13333333333333,0.8,"P1 O12","de-protonated",0,NA,"C15 H17 O12 P1",15,17,12,NA,1,NA,NA,NA,NA,NA,NA
2526,419.062835,419.061787392978,419.061984798874,10522327,NA,249437.4,57.78,-1,-0.47106610078062,0.961391611864944,0.985028316283574,0.970846293632396,12,0.842105263157895,0.578947368421053,"O11","de-protonated",0,NA,"C19 H16 O11",19,16,11,NA,NA,NA,NA,NA,NA,NA,NA
2527,419.075864,419.074816338269,419.074739016714,14458588,NA,241775.7,80.19,-1,0.184505407158755,0.98102275327948,0.932344628423803,0.961551503337209,20,0.592592592592593,0.111111111111111,"S1 O3","de-protonated",0,NA,"C27 H16 O3 S1",27,16,3,NA,NA,1,NA,NA,NA,NA,NA
2528,419.093592,419.092544263829,419.092497081443,10958563,NA,249607.8,60.27,-1,0.112582272443795,0.498851411272254,0.772687513667176,0.608385852230223,20,0.592592592592593,0.185185185185185,"O5","de-protonated",0,NA,"C27 H16 O5",27,16,5,NA,NA,NA,NA,NA,NA,NA,NA
2529,419.099172,419.098124240399,419.098208117006,23752422,NA,242412.8,133.1,-1,-0.200135924084851,0.663182713096505,0.928544651443954,0.769327488435485,6,1.66666666666667,0.266666666666667,"N4 S2 P1 O4","de-protonated",0,NA,"C15 H25 O4 S2 N4 P1",15,25,4,4,1,2,NA,NA,NA,NA,NA
2530,419.112236,419.111188185543,419.111124526098,35663596,NA,240939.5,200.91,-1,0.151891564034428,0.497783503838867,0.86349123201354,0.644066595108737,19,0.714285714285714,0.0714285714285714,"S1 O2","de-protonated",0,NA,"C28 H20 O2 S1",28,20,2,NA,NA,1,NA,NA,NA,NA,NA
2531,419.12019,419.119142152144,419.118986612021,1738990.1,NA,241863.9,7.78,-1,0.371112089376194,0.97531978996144,0,0.585191873976864,24,0.533333333333333,0.0333333333333333,"N2 O1","de-protonated",0,NA,"C30 H16 O1 N2",30,16,1,2,NA,NA,NA,NA,NA,NA,NA
2532,419.130073,419.129025110645,419.128882590828,13975282,NA,246227.6,77.44,-1,0.340038166565446,0.986378964576966,0.948951485371269,0.971407972894687,19,0.714285714285714,0.142857142857143,"O4","de-protonated",0,NA,"C28 H20 O4",28,20,4,NA,NA,NA,NA,NA,NA,NA,NA
2533,419.135634,419.134586087294,419.134755817642,28184308,NA,243324.6,158.33,-1,-0.404954125452507,0.485341477061757,0.813795485951173,0.616723080617523,10,1.14285714285714,0.428571428571429,"O9","de-protonated",0,NA,"C21 H24 O9",21,24,9,NA,NA,NA,NA,NA,NA,NA,NA
2534,419.148699,419.147651032434,419.147510035483,25349882,NA,242915.5,142.19,-1,0.336389809279768,0.492894356032972,0.92295460379976,0.664918455139687,18,0.827586206896552,0.0344827586206897,"S1 O1","de-protonated",0,NA,"C29 H24 O1 S1",29,24,1,NA,NA,1,NA,NA,NA,NA,NA
2535,419.152197,419.151149017745,419.151014280634,2156027,NA,234191.4,10.15,-1,0.32145242772786,0.981425281942955,0,0.588855169165773,0,2.2,0.6,"S1 P1 O9","de-protonated",0,NA,"C15 H33 O9 S1 P1",15,33,9,NA,1,1,NA,NA,NA,NA,NA
2536,419.166437,419.165388957951,419.165268100212,7417601,NA,241218.1,40.11,-1,0.288329564635692,0.492514329003705,0.759892473118277,0.599465586649534,18,0.827586206896552,0.103448275862069,"O3","de-protonated",0,NA,"C29 H24 O3",29,24,3,NA,NA,NA,NA,NA,NA,NA,NA
2537,419.171977,419.170928934689,419.170979135774,15068931,NA,240459.4,83.67,-1,-0.119762788964654,0.665231866072844,0.929766148780685,0.77104557915598,4,1.94117647058824,0.117647058823529,"N4 S2 P1 O2","de-protonated",0,NA,"C17 H33 O2 S2 N4 P1",17,33,2,4,1,2,NA,NA,NA,NA,NA
2538,419.185019,419.183970879925,419.184028486649,23142152,NA,242783.7,129.62,-1,-0.137425854793549,0.997440936805766,0.950494339624114,0.978662297933105,4,1.73684210526316,0.421052631578947,"P1 O8","de-protonated",0,NA,"C19 H33 O8 P1",19,33,8,NA,1,NA,NA,NA,NA,NA,NA
2540,419.202593,419.201544806131,419.201653609596,2101519.3,NA,266941.8,9.84,-1,-0.259549226291875,0.987850966663829,0,0.592710579998298,17,0.933333333333333,0.0666666666666667,"O2","de-protonated",0,NA,"C30 H28 O2",30,28,2,NA,NA,NA,NA,NA,NA,NA,NA
2541,419.208242,419.207193782411,419.207364645159,3146513.8,NA,272738.3,15.79,-1,-0.407585271273163,0.970306478948976,0,0.582183887369386,3,2.05555555555556,0.0555555555555556,"N4 S2 P1 O1","de-protonated",0,NA,"C18 H37 O1 S2 N4 P1",18,37,1,4,1,2,NA,NA,NA,NA,NA
2542,419.221378,419.220329727253,419.220413996033,4490007,NA,265176.7,23.44,-1,-0.201013064150557,0.992695149728979,0,0.595617089837387,3,1.85,0.35,"P1 O7","de-protonated",0,NA,"C20 H37 O7 P1",20,37,7,NA,1,NA,NA,NA,NA,NA,NA
2543,419.257874,419.256825574005,419.256799505417,2324261.8,NA,203142.2,11.11,-1,0.0621780928955416,0.99929874446395,0,0.59957924667837,2,1.95238095238095,0.285714285714286,"P1 O6","de-protonated",0,NA,"C21 H41 O6 P1",21,41,6,NA,1,NA,NA,NA,NA,NA,NA
2548,420.094511,420.093459060948,420.093619280451,2784375.8,NA,289365.6,13.73,-1,-0.381389993782391,0.973952034532517,0,0.58437122071951,11,1,0.526315789473684,"N1 O10","de-protonated",0,NA,"C19 H19 O10 N1",19,19,10,1,NA,NA,NA,NA,NA,NA,NA
2552,420.130968,420.129915907864,420.130004789835,2246278.5,NA,299249.7,10.67,-1,-0.211558255499138,0.991911806996992,0,0.595147084198195,10,1.15,0.45,"N1 O9","de-protonated",0,NA,"C20 H23 O9 N1",20,23,9,1,NA,NA,NA,NA,NA,NA,NA
2556,420.167563,420.166510754201,420.16639029922,1801365.3,NA,276892.6,8.13,-1,0.286684000215336,0.985197792800132,0,0.591118675680079,9,1.28571428571429,0.380952380952381,"N1 O8","de-protonated",0,NA,"C21 H27 O8 N1",21,27,8,1,NA,NA,NA,NA,NA,NA,NA
2560,420.289475,420.28842224229,420.288433986994,7569606.5,NA,243558.4,40.97,-1,-0.0279443913182207,0.996353044578106,0.936316618036061,0.972338473961288,1,2.0952380952381,0.238095238095238,"N1 P1 O5","de-protonated",0,NA,"C21 H44 O5 N1 P1",21,44,5,1,1,NA,NA,NA,NA,NA,NA
2564,421.042013,421.040957082366,421.041087162715,5796344,NA,262083.3,30.87,-1,-0.308949299463726,0.982829898380867,0,0.58969793902852,7,1.46153846153846,0.461538461538462,"N4 S2 P1 O6","de-protonated",0,NA,"C13 H19 O6 S2 N4 P1",13,19,6,4,1,2,NA,NA,NA,NA,NA
2565,421.05511,421.054054027372,421.054003571808,3135485.3,NA,220096.2,15.73,-1,0.119831573779211,0.997397859793309,0,0.598438715875985,20,0.538461538461538,0.153846153846154,"S1 O4","de-protonated",0,NA,"C26 H14 O4 S1",26,14,4,NA,NA,1,NA,NA,NA,NA,NA
2566,421.068142,421.06708597265,421.06689073143,2778114.5,NA,155568.3,13.69,-1,0.463682195246459,0.961739474677125,0,0.577043684806275,15,0.826086956521739,0.173913043478261,"S1 P1 O4","de-protonated",0,NA,"C23 H19 O4 S1 P1",23,19,4,NA,1,1,NA,NA,NA,NA,NA
2567,421.07293,421.071873952545,421.071761636537,4706820.5,NA,264800.4,24.67,-1,0.266738399834953,0.493586507824131,0.779247987650237,0.607851099754574,20,0.538461538461538,0.230769230769231,"O6","de-protonated",0,NA,"C26 H14 O6",26,14,6,NA,NA,NA,NA,NA,NA,NA,NA
2568,421.078531,421.077474929026,421.077634863352,19776006,NA,238396.8,110.46,-1,-0.379821467783693,0.487081530148636,0.828487690504102,0.623643994290823,11,0.947368421052632,0.578947368421053,"O11","de-protonated",0,NA,"C19 H18 O11",19,18,11,NA,NA,NA,NA,NA,NA,NA,NA
2569,421.091591,421.090534874187,421.090389081192,11817484,NA,239294.5,65.15,-1,0.346227315646512,0.979464217610988,0.940004057152777,0.963680153427703,19,0.666666666666667,0.111111111111111,"S1 O3","de-protonated",0,NA,"C27 H18 O3 S1",27,18,3,NA,NA,1,NA,NA,NA,NA,NA
2570,421.107041,421.105984809312,421.105778164259,4067858.3,NA,242177.2,21.03,-1,0.490720062195751,0.957246863775958,0,0.574348118265575,10,1.15,0.4,"P1 O8","de-protonated",0,NA,"C20 H23 O8 P1",20,23,8,NA,1,NA,NA,NA,NA,NA,NA
2572,421.114923,421.113866776216,421.114020372736,42308116,NA,241757.8,238.73,-1,-0.364738557704266,0.973296938806658,0.981470297060139,0.976566282108051,10,1.1,0.5,"O10","de-protonated",0,NA,"C20 H22 O10",20,22,10,NA,NA,NA,NA,NA,NA,NA,NA
2573,421.127944,421.12688772154,421.126774590576,16245275,NA,243265.1,90.36,-1,0.268638734448821,0.98779854359353,0.967798525960342,0.979798536540255,18,0.785714285714286,0.0714285714285714,"S1 O2","de-protonated",0,NA,"C28 H22 O2 S1",28,22,2,NA,NA,1,NA,NA,NA,NA,NA
2574,421.143324,421.142267656959,421.142163673643,3465761,NA,270158.7,17.61,-1,0.246907874055224,0.988999209478072,0,0.593399525686843,9,1.28571428571429,0.333333333333333,"P1 O7","de-protonated",0,NA,"C21 H27 O7 P1",21,27,7,NA,1,NA,NA,NA,NA,NA,NA
2575,421.145648,421.144591647201,421.144532655306,8921634,NA,245022.9,48.66,-1,0.140075176710044,0.498223057686243,0.766236582456902,0.605428467594507,18,0.785714285714286,0.142857142857143,"O4","de-protonated",0,NA,"C28 H22 O4",28,22,4,NA,NA,NA,NA,NA,NA,NA,NA
2576,421.151216,421.15015962382,421.150243690868,33280548,NA,240231.8,187.34,-1,-0.199612962079526,0.664223466220724,0.92916066535394,0.77019834587401,4,1.9375,0.1875,"N4 S2 P1 O3","de-protonated",0,NA,"C16 H31 O3 S2 N4 P1",16,31,3,4,1,2,NA,NA,NA,NA,NA
2577,421.15606,421.15500360348,421.155114595975,15020582,NA,252135.1,83.39,-1,-0.263543030191006,0.992839352607786,0.93227040240497,0.96861177252666,9,1.36842105263158,0.263157894736842,"N4 S1 O5","de-protonated",0,NA,"C19 H26 O5 S1 N4",19,26,5,4,NA,1,NA,NA,NA,NA,NA
2578,421.164331,421.16327456875,421.163160099961,15385130,NA,240957.2,85.46,-1,0.271792028479527,0.993341556776787,0.998597863347855,0.995444079405214,17,0.896551724137931,0.0344827586206897,"S1 O1","de-protonated",0,NA,"C29 H26 O1 S1",29,26,1,NA,NA,1,NA,NA,NA,NA,NA
2579,421.182171,421.18111449384,421.18091816469,6873649,NA,245631.3,37.01,-1,0.466139706595136,0.968479218824578,0.978090463952847,0.972323716875886,17,0.896551724137931,0.103448275862069,"O3","de-protonated",0,NA,"C29 H26 O3",29,26,3,NA,NA,NA,NA,NA,NA,NA,NA
2580,421.187712,421.186655470573,421.186791391505,10199603,NA,247125,55.94,-1,-0.322709387931321,0.490640552523261,0.806643077274283,0.61704156242367,8,1.36363636363636,0.363636363636364,"O8","de-protonated",0,NA,"C22 H30 O8",22,30,8,NA,NA,NA,NA,NA,NA,NA,NA
2581,421.200767,421.199710415755,421.199678551127,10213944,NA,249855.5,56.02,-1,0.0756520711643595,0.995714997415511,0.95287988773502,0.978580953543314,3,1.84210526315789,0.421052631578947,"P1 O8","de-protonated",0,NA,"C19 H35 O8 P1",19,35,8,NA,1,NA,NA,NA,NA,NA,NA
2582,421.218364,421.217307341865,421.217303674074,1849407.6,NA,271299.3,8.4,-1,0.00870759614002239,0.999986242250514,0,0.599991745350309,16,1,0.0666666666666667,"O2","de-protonated",0,NA,"C30 H30 O2",30,30,2,NA,NA,NA,NA,NA,NA,NA,NA
2583,421.22408,421.223023317863,421.223176900889,1866817.9,NA,234841.3,8.5,-1,-0.364612002341994,0.976166478058178,0,0.585699886834907,7,1.47826086956522,0.304347826086957,"O7","de-protonated",0,NA,"C23 H34 O7",23,34,7,NA,NA,NA,NA,NA,NA,NA,NA
2584,421.227419,421.226362303842,421.226548204259,10592835,NA,257747.5,58.18,-1,-0.441331196487371,0.482637933574533,0.821075868479145,0.618013107536378,2,1.9,0.35,"S1 O7","de-protonated",0,NA,"C20 H38 O7 S1",20,38,7,NA,NA,1,NA,NA,NA,NA,NA
2585,421.237152,421.236095262973,421.236064060511,5158471,NA,248184.3,27.24,-1,0.0740735778080997,0.499502452779161,0.821075868479145,0.628131819059155,2,1.95,0.35,"P1 O7","de-protonated",0,NA,"C20 H39 O7 P1",20,39,7,NA,1,NA,NA,NA,NA,NA,NA
2586,421.273594,421.272537109953,421.272449569895,1763414,NA,261709.1,7.91,-1,0.207799150943126,0.992195571276241,0,0.595317342765744,1,2.04761904761905,0.285714285714286,"P1 O6","de-protonated",0,NA,"C21 H43 O6 P1",21,43,6,NA,1,NA,NA,NA,NA,NA,NA
2591,422.081758,422.080697716454,422.080767148278,3767199.3,NA,251403.3,19.32,-1,-0.164498904256846,0.995102052852819,0,0.597061231711692,14,0.956521739130435,0.0434782608695652,"N1 S2 P1 O1","de-protonated",0,NA,"C23 H22 O1 S2 N1 P1",23,22,1,1,1,2,NA,NA,NA,NA,NA
2593,422.110202,422.109141597017,422.109269344929,3570602.8,NA,252037.9,18.2,-1,-0.302641806710865,0.983518078483926,0,0.590110847090355,10,1.10526315789474,0.526315789473684,"N1 O10","de-protonated",0,NA,"C19 H21 O10 N1",19,21,10,1,NA,NA,NA,NA,NA,NA,NA
2596,422.14661,422.145549444139,422.145654854313,2452409.8,NA,271649.4,11.83,-1,-0.249700957516097,0.988750327486342,0,0.593250196491805,9,1.25,0.45,"N1 O9","de-protonated",0,NA,"C20 H25 O9 N1",20,25,9,1,NA,NA,NA,NA,NA,NA,NA
2598,422.159488,422.158427390064,422.158409072154,4723647,NA,240874.8,24.76,-1,0.0433910825094561,0.499829214647377,0.766236582456902,0.606392161771187,17,0.892857142857143,0.0357142857142857,"N1 S1 O1","de-protonated",0,NA,"C28 H25 O1 S1 N1",28,25,1,1,NA,1,NA,NA,NA,NA,NA
2608,423.047403,423.046338661689,423.046155286524,2530090,NA,218240.8,12.27,-1,0.433463733140874,0.966482061985906,0,0.579889237191544,15,0.772727272727273,0.227272727272727,"S1 P1 O5","de-protonated",0,NA,"C22 H17 O5 S1 P1",22,17,5,NA,1,1,NA,NA,NA,NA,NA
2609,423.057853,423.05678861781,423.056899418445,11703598,NA,249772.5,64.5,-1,-0.261904807513586,0.493815410287062,0.836034543948893,0.630703063751794,11,0.888888888888889,0.666666666666667,"O12","de-protonated",0,NA,"C18 H16 O12",18,16,12,NA,NA,NA,NA,NA,NA,NA,NA
2611,423.083915,423.082850508375,423.0827375004,4023608.8,NA,218526.4,20.78,-1,0.267106087168221,0.987137856948901,0,0.592282714169341,6,1.53846153846154,0.769230769230769,"N4 S1 O10","de-protonated",0,NA,"C13 H20 O10 S1 N4",13,20,10,4,NA,1,NA,NA,NA,NA,NA
2612,423.086201,423.085136498776,423.085042719352,4558137.5,NA,248143.1,23.82,-1,0.221656201230023,0.991124778405699,0,0.594674867043419,10,1.10526315789474,0.473684210526316,"P1 O9","de-protonated",0,NA,"C19 H21 O9 P1",19,21,9,NA,1,NA,NA,NA,NA,NA,NA
2613,423.088535,423.087470488975,423.087411701015,3689786.8,NA,268857.9,18.88,-1,0.138949915051482,0.996502885098553,0,0.597901731059132,19,0.615384615384615,0.230769230769231,"O6","de-protonated",0,NA,"C26 H16 O6",26,16,6,NA,NA,NA,NA,NA,NA,NA,NA
2614,423.094165,423.093100465335,423.09328492783,34682172,NA,241660.7,195.31,-1,-0.435985400076804,0.970689602050077,0.987328079076588,0.977344992860681,10,1.05263157894737,0.578947368421053,"O11","de-protonated",0,NA,"C19 H20 O11",19,20,11,NA,NA,NA,NA,NA,NA,NA,NA
2615,423.107151,423.106086410806,423.10603914567,5649730.5,NA,215224.4,30.03,-1,0.11170990647274,0.49886912237446,0.772687513667176,0.608396478891547,18,0.740740740740741,0.111111111111111,"S1 O3","de-protonated",0,NA,"C27 H20 O3 S1",27,20,3,NA,NA,1,NA,NA,NA,NA,NA
2616,423.122458,423.121393346532,423.121428228737,8617289,NA,249798.3,46.93,-1,-0.08244017570173,0.99886535207029,0.851394277660955,0.939876922306556,9,1.25,0.4,"P1 O8","de-protonated",0,NA,"C20 H25 O8 P1",20,25,8,NA,1,NA,NA,NA,NA,NA,NA
2617,423.124919,423.123854336198,423.123797210399,6442313.5,NA,244796.8,34.55,-1,0.135009656302427,0.498349043971492,0.772687513667176,0.608084431849766,18,0.740740740740741,0.185185185185185,"O5","de-protonated",0,NA,"C27 H20 O5",27,20,5,NA,NA,NA,NA,NA,NA,NA,NA
2618,423.130509,423.129444312725,423.129508245962,54621516,NA,242406.4,308.82,-1,-0.151096142168144,0.665287325971708,0.928544651443954,0.770590256160606,4,1.93333333333333,0.266666666666667,"N4 S2 P1 O4","de-protonated",0,NA,"C15 H29 O4 S2 N4 P1",15,29,4,4,1,2,NA,NA,NA,NA,NA
2619,423.143599,423.14253425776,423.142424655054,8504657,NA,244195.1,46.29,-1,0.25902083896024,0.981586903739432,0.928461994578832,0.960336940075192,17,0.857142857142857,0.0714285714285714,"S1 O2","de-protonated",0,NA,"C28 H24 O2 S1",28,24,2,NA,NA,1,NA,NA,NA,NA,NA
2620,423.153122,423.152057217773,423.151940511306,4067669.3,NA,238400.8,21.03,-1,0.275802744520946,0.984218172869949,0.906006980808261,0.952933696045274,17,0.892857142857143,0.0714285714285714,"P1 O2","de-protonated",0,NA,"C28 H25 O2 P1",28,25,2,NA,1,NA,NA,NA,NA,NA,NA
2621,423.158945,423.157880193322,423.157813738121,7320919.5,NA,240939,39.55,-1,0.157045903391784,0.996374578163071,0.881254550796406,0.950326567216405,8,1.38095238095238,0.333333333333333,"P1 O7","de-protonated",0,NA,"C21 H29 O7 P1",21,29,7,NA,1,NA,NA,NA,NA,NA,NA
2622,423.161401,423.160336183009,423.160182719784,4553048.5,NA,252646.3,23.79,-1,0.36265989016627,0.488208988230441,0.766236582456902,0.599420025921025,17,0.857142857142857,0.142857142857143,"O4","de-protonated",0,NA,"C28 H24 O4",28,24,4,NA,NA,NA,NA,NA,NA,NA,NA
2623,423.166941,423.165876159747,423.166055946598,22988122,NA,240828.1,128.74,-1,-0.424861231538201,0.963173307615514,0.981632070021739,0.970556812578004,8,1.33333333333333,0.428571428571429,"O9","de-protonated",0,NA,"C21 H28 O9",21,28,9,NA,NA,NA,NA,NA,NA,NA,NA
2624,423.180066,423.179001104634,423.178810164439,11468128,NA,245007.1,63.16,-1,0.451204529064922,0.981682774162022,0.919705799613753,0.956891984342714,16,0.96551724137931,0.0344827586206897,"S1 O1","de-protonated",0,NA,"C29 H28 O1 S1",29,28,1,NA,NA,1,NA,NA,NA,NA,NA
2625,423.19539,423.194325040289,423.194199247505,2129766.5,NA,298592.8,9.99,-1,0.297246001250134,0.984095895114016,0,0.59045753706841,7,1.5,0.272727272727273,"P1 O6","de-protonated",0,NA,"C22 H33 O6 P1",22,33,6,NA,1,NA,NA,NA,NA,NA,NA
2626,423.19779,423.196725030211,423.196568229168,3772775.5,NA,251360,19.35,-1,0.370515865891157,0.487699022603425,0.759892473118277,0.596576402809366,16,0.96551724137931,0.103448275862069,"O3","de-protonated",0,NA,"C29 H28 O3",29,28,3,NA,NA,NA,NA,NA,NA,NA,NA
2627,423.203337,423.202272006919,423.202441455983,5540202,NA,243240.5,29.41,-1,-0.400397178765148,0.485664776654517,0.806643077274283,0.614056096902423,7,1.45454545454545,0.363636363636364,"O8","de-protonated",0,NA,"C22 H32 O8",22,32,8,NA,NA,NA,NA,NA,NA,NA,NA
2628,423.2164,423.215334952067,423.215328615605,7134575,NA,235506.1,38.49,-1,0.0149721952847949,0.49997966304319,0.828487690504102,0.631382874027555,2,1.94736842105263,0.421052631578947,"P1 O8","de-protonated",0,NA,"C19 H37 O8 P1",19,37,8,NA,1,NA,NA,NA,NA,NA,NA
2629,423.234056,423.232990877929,423.232953738552,1823094.4,NA,275088.5,8.25,-1,0.0877516189890746,0.99860375787321,0,0.599162254723926,15,1.06666666666667,0.0666666666666667,"O2","de-protonated",0,NA,"C30 H32 O2",30,32,2,NA,NA,NA,NA,NA,NA,NA,NA
2630,423.252725,423.251659799538,423.251714124989,2237822,NA,274439.1,10.61,-1,-0.128352584095642,0.997015207707041,0,0.598209124624225,1,2.05,0.35,"P1 O7","de-protonated",0,NA,"C20 H41 O7 P1",20,41,7,NA,1,NA,NA,NA,NA,NA,NA
2633,424.060985,424.059916405636,424.060031703371,2442441.8,NA,231601.4,11.77,-1,-0.271890125522693,0.986676103224187,0,0.592005661934512,14,0.909090909090909,0.0909090909090909,"N1 S2 P1 O2","de-protonated",0,NA,"C22 H20 O2 S2 N1 P1",22,20,2,1,1,2,NA,NA,NA,NA,NA
2634,424.066,424.064931384578,424.064902608479,2961099.8,NA,230068.8,14.73,-1,0.067857771251174,0.999164836329312,0,0.599498901797587,19,0.6,0.16,"N1 S1 O4","de-protonated",0,NA,"C25 H15 O4 S1 N1",25,15,4,1,NA,1,NA,NA,NA,NA,NA
2636,424.078016,424.076947334123,424.076787446394,4648656.5,NA,254291.7,24.33,-1,0.377025419864035,0.487268594706567,0.741475186234394,0.588951231317698,28,0.34375,0.03125,"N1 O1","de-protonated",0,NA,"C32 H11 O1 N1",32,11,1,1,NA,NA,NA,NA,NA,NA,NA
2637,424.089514,424.088445285842,424.088533900023,3213013.3,NA,255275.2,16.16,-1,-0.208952078264954,0.99210907229319,0,0.595265443375914,10,1.05555555555556,0.611111111111111,"N1 O11","de-protonated",0,NA,"C18 H19 O11 N1",18,19,11,1,NA,NA,NA,NA,NA,NA,NA
2641,424.138734,424.137665079166,424.137673627247,2701545.8,NA,219746.1,13.25,-1,-0.0201540244424004,0.999926301035465,0,0.599955780621279,17,0.851851851851852,0.0740740740740741,"N1 S1 O2","de-protonated",0,NA,"C27 H23 O2 S1 N1",27,23,2,1,NA,1,NA,NA,NA,NA,NA
2646,424.175256,424.17418692581,424.174059136632,1923832.6,NA,254171.2,8.82,-1,0.301265895787142,0.983666374608824,0,0.590199824765294,16,0.964285714285714,0.0357142857142857,"N1 S1 O1","de-protonated",0,NA,"C28 H27 O1 S1 N1",28,27,1,1,NA,1,NA,NA,NA,NA,NA
2652,425.037007,425.035934307298,425.036001782287,3540059.5,NA,240797.9,18.02,-1,-0.158751231658456,0.995437578246813,0,0.597262546948088,6,1.58333333333333,0.583333333333333,"N4 S2 P1 O7","de-protonated",0,NA,"C12 H19 O7 S2 N4 P1",12,19,7,4,1,2,NA,NA,NA,NA,NA
2653,425.063066,425.061993197876,425.061805351002,4408422.5,NA,236772.4,22.96,-1,0.441928378189034,0.965183486855048,0,0.579110092113029,14,0.863636363636364,0.227272727272727,"S1 P1 O5","de-protonated",0,NA,"C22 H19 O5 S1 P1",22,19,5,NA,1,1,NA,NA,NA,NA,NA
2654,425.065483,425.064410187727,425.064307274446,4326503,NA,262776.9,22.5,-1,0.242112261524438,0.989420142508062,0,0.593652085504837,10,1.05555555555556,0.555555555555556,"P1 O10","de-protonated",0,NA,"C18 H19 O10 P1",18,19,10,NA,1,NA,NA,NA,NA,NA,NA
2655,425.073053,425.07198015594,425.072036418587,19500138,NA,169241.3,108.88,-1,-0.132360262975556,0.332275401410339,0.717890404929945,0.486521402818181,28,0.32258064516129,0.032258064516129,"N2 O1","de-protonated",0,NA,"C31 H10 O1 N2",31,10,1,2,NA,NA,NA,NA,NA,NA,NA
2656,425.101775,425.100702035336,425.100559842049,13682806,NA,242272.4,75.76,-1,0.334493295320049,0.98155933526908,0.974701359462637,0.978816144946503,22,0.6,0.0333333333333333,"S1 O1","de-protonated",0,NA,"C30 H18 O1 S1",30,18,1,NA,NA,1,NA,NA,NA,NA,NA
2657,425.109772,425.108699001756,425.108772801056,45979768,NA,240500.2,259.62,-1,-0.173600979212069,0.664833230530259,0.927917829923809,0.770067070287679,4,1.92857142857143,0.357142857142857,"N4 S2 P1 O5","de-protonated",0,NA,"C14 H27 O5 S2 N4 P1",14,27,5,4,1,2,NA,NA,NA,NA,NA
2658,425.119442,425.118368961152,425.118317906778,2951293.5,NA,237285.5,14.67,-1,0.120094504197004,0.99738644315977,0,0.598431865895862,22,0.6,0.1,"O3","de-protonated",0,NA,"C30 H18 O3",30,18,3,NA,NA,NA,NA,NA,NA,NA,NA
2659,425.122788,425.121714947102,425.121689210148,2786430.8,NA,193799.9,13.73,-1,0.0605402038284083,0.999335190549684,0,0.59960111432981,17,0.814814814814815,0.111111111111111,"S1 O3","de-protonated",0,NA,"C27 H22 O3 S1",27,22,3,NA,NA,1,NA,NA,NA,NA,NA
2660,425.138151,425.137077882592,425.137078293215,14489733,NA,248181.7,80.35,-1,-0.000965858740026114,0.994361083069291,0.898715117058055,0.956102696664797,8,1.35,0.4,"P1 O8","de-protonated",0,NA,"C20 H27 O8 P1",20,27,8,NA,1,NA,NA,NA,NA,NA,NA
2661,425.140521,425.139447872641,425.139447274877,3490950.3,NA,230296.9,17.74,-1,0.00140603998521359,0.999999641285367,0,0.59999978477122,17,0.814814814814815,0.185185185185185,"O5","de-protonated",0,NA,"C27 H22 O5",27,22,5,NA,NA,NA,NA,NA,NA,NA,NA
2662,425.146194,425.145120848819,425.145320501692,37877896,NA,240791.5,213.5,-1,-0.469610890466667,0.975926818013557,0.998939016546121,0.985131697426582,8,1.3,0.5,"O10","de-protonated",0,NA,"C20 H26 O10",20,26,10,NA,NA,NA,NA,NA,NA,NA,NA
2663,425.155793,425.154719808513,425.154703416162,2412684.5,NA,235036.1,11.6,-1,0.0385562021442937,0.999730298256628,0,0.599838178953977,21,0.709677419354839,0.0645161290322581,"O2","de-protonated",0,NA,"C31 H22 O2",31,22,2,NA,NA,NA,NA,NA,NA,NA,NA
2664,425.159294,425.158220793812,425.158074719532,6568078,NA,236331.2,35.26,-1,0.343576398109983,0.489404347933001,0.766236582456902,0.600137241742561,16,0.928571428571429,0.0714285714285714,"S1 O2","de-protonated",0,NA,"C28 H26 O2 S1",28,26,2,NA,NA,1,NA,NA,NA,NA,NA
2665,425.174697,425.173623729135,425.173463802599,7616660.5,NA,259771.7,41.23,-1,0.376144208091678,0.979933099804566,0.953839130452714,0.969495512063825,7,1.47619047619048,0.333333333333333,"P1 O7","de-protonated",0,NA,"C21 H31 O7 P1",21,31,7,NA,1,NA,NA,NA,NA,NA,NA
2666,425.177007,425.175933719435,425.175832784262,3684501.3,NA,246318,18.84,-1,0.23739630866463,0.49491310092521,0.766236582456902,0.603442493537887,16,0.928571428571429,0.142857142857143,"O4","de-protonated",0,NA,"C28 H26 O4",28,26,4,NA,NA,NA,NA,NA,NA,NA,NA
2667,425.182629,425.181555695828,425.181706011076,11471000,NA,248551.7,63.17,-1,-0.353531786617622,0.488788452998408,0.813795485951173,0.618791266179514,7,1.42857142857143,0.428571428571429,"O9","de-protonated",0,NA,"C21 H30 O9",21,30,9,NA,NA,NA,NA,NA,NA,NA,NA
2668,425.195669,425.194595641073,425.194460228917,7215261,NA,250406.3,38.94,-1,0.31847112047524,0.990881610117475,0.942445928534696,0.971507337484363,15,1.03448275862069,0.0344827586206897,"S1 O1","de-protonated",0,NA,"C29 H30 O1 S1",29,30,1,NA,NA,1,NA,NA,NA,NA,NA
2669,425.213344,425.212270566855,425.212218293646,2125988.3,NA,259217.5,9.97,-1,0.12293440031943,0.997261546598965,0,0.598356927959379,15,1.03448275862069,0.103448275862069,"O3","de-protonated",0,NA,"C29 H30 O3",29,30,3,NA,NA,NA,NA,NA,NA,NA,NA
2670,425.218953,425.217879543303,425.218091520461,3252390.5,NA,252130.3,16.38,-1,-0.498513967342176,0.955908641677361,0,0.573545185006417,6,1.54545454545455,0.363636363636364,"O8","de-protonated",0,NA,"C22 H34 O8",22,34,8,NA,NA,NA,NA,NA,NA,NA,NA
2671,425.232088,425.231014488149,425.230978680083,2965164,NA,252383.7,14.75,-1,0.084208507369964,0.998714161571177,0,0.599228496942706,1,2.05263157894737,0.421052631578947,"P1 O8","de-protonated",0,NA,"C19 H39 O8 P1",19,39,8,NA,1,NA,NA,NA,NA,NA,NA
2674,426.076741,426.075663941432,426.075681767849,3299337,NA,175973.6,16.65,-1,-0.0418386170016983,0.999682429977224,0,0.599809457986334,13,1,0.0909090909090909,"N1 S2 P1 O2","de-protonated",0,NA,"C22 H22 O2 S2 N1 P1",22,22,2,1,1,2,NA,NA,NA,NA,NA
2676,426.113198,426.112120788348,426.112067277234,9822744,NA,242882.2,53.78,-1,0.125579908992182,0.498571293760738,0.799615297578637,0.618988895287897,12,1.1304347826087,0.0434782608695652,"N1 S2 P1 O1","de-protonated",0,NA,"C23 H26 O1 S2 N1 P1",23,26,1,1,1,2,NA,NA,NA,NA,NA
2677,426.118112,426.117034767714,426.116938182341,2027034.1,NA,258378.9,9.4,-1,0.226664008335849,0.990721105487445,0,0.594432663292467,17,0.807692307692308,0.115384615384615,"N1 S1 O3","de-protonated",0,NA,"C26 H21 O3 S1 N1",26,21,3,1,NA,1,NA,NA,NA,NA,NA
2680,426.1546,426.1535226145,426.153323691725,3001897.3,NA,223062.7,14.95,-1,0.466786867501493,0.961235492530732,0,0.576741295518439,16,0.925925925925926,0.0740740740740741,"N1 S1 O2","de-protonated",0,NA,"C27 H25 O2 S1 N1",27,25,2,1,NA,1,NA,NA,NA,NA,NA
2683,426.190813,426.189735462441,426.18970920111,1903160.3,NA,237444.5,8.7,-1,0.0616188774701993,0.999311297276877,0,0.599586778366126,15,1.03571428571429,0.0357142857142857,"N1 S1 O1","de-protonated",0,NA,"C28 H29 O1 S1 N1",28,29,1,1,NA,1,NA,NA,NA,NA,NA
2688,427.031577,427.030495932055,427.030684669918,1933716.8,NA,297721.3,8.87,-1,-0.441977286081753,0.965175915966101,0,0.57910554957966,15,0.6,0.55,"O11","de-protonated",0,NA,"C20 H12 O11",20,12,11,NA,NA,NA,NA,NA,NA,NA,NA
2689,427.042294,427.041212887054,427.041069906095,2454425.3,NA,244416.6,11.83,-1,0.334817816209866,0.979864544618816,0,0.58791872677129,14,0.80952380952381,0.285714285714286,"S1 P1 O6","de-protonated",0,NA,"C21 H17 O6 S1 P1",21,17,6,NA,1,1,NA,NA,NA,NA,NA
2690,427.052715,427.051633843296,427.051814038017,5595037.5,NA,243169.8,29.71,-1,-0.421950488407247,0.968210723375139,0,0.580926434025084,10,0.941176470588235,0.764705882352941,"O13","de-protonated",0,NA,"C17 H16 O13",17,16,13,NA,NA,NA,NA,NA,NA,NA,NA
2691,427.067809,427.066727779916,427.06690798805,2771363.8,NA,204463.5,13.64,-1,-0.421966981747535,0.968208278077295,0,0.580924966846377,9,1.3125,0.25,"N4 S2 P1 O4","de-protonated",0,NA,"C16 H21 O4 S2 N4 P1",16,21,4,4,1,2,NA,NA,NA,NA,NA
2692,427.081078,427.079996724199,427.079824397142,12876713,NA,244343.5,71.17,-1,0.403500813003431,0.983879344313064,0.972396996028152,0.979286404999099,22,0.551724137931034,0.0689655172413793,"S1 O2","de-protonated",0,NA,"C29 H16 O2 S1",29,16,2,NA,NA,1,NA,NA,NA,NA,NA
2693,427.089166,427.088084690237,427.088199547401,22817708,NA,238574.6,127.76,-1,-0.268930784049442,0.991067971263302,0.99691900613838,0.993408385213333,9,1.11111111111111,0.666666666666667,"O12","de-protonated",0,NA,"C18 H20 O12",18,20,12,NA,NA,NA,NA,NA,NA,NA,NA
2695,427.104427,427.103345626156,427.103455688686,3581875,NA,254149.9,18.25,-1,-0.257695247103766,0.988022869782506,0,0.592813721869504,13,0.909090909090909,0.409090909090909,"O9","de-protonated",0,NA,"C22 H20 O9",22,20,9,NA,NA,NA,NA,NA,NA,NA,NA
2696,427.117434,427.116352571539,427.116209906527,30530488,NA,242607.2,171.67,-1,0.334019194498787,0.493503314418982,0.902379898969923,0.657053948239359,21,0.666666666666667,0.0333333333333333,"S1 O1","de-protonated",0,NA,"C30 H20 O1 S1",30,20,1,NA,NA,1,NA,NA,NA,NA,NA
2697,427.125466,427.124384537813,427.124585056786,33995708,NA,236973.1,191.39,-1,-0.469462494324411,0.963105633399231,0.985324633208676,0.971993233323009,8,1.26315789473684,0.578947368421053,"O11","de-protonated",0,NA,"C19 H24 O11",19,24,11,NA,NA,NA,NA,NA,NA,NA,NA
2698,427.135196,427.134114496956,427.133967971256,4807615.5,NA,251331.6,25.23,-1,0.343043894901797,0.489436817382185,0.753652554121787,0.595123112078026,21,0.666666666666667,0.1,"O3","de-protonated",0,NA,"C30 H20 O3",30,20,3,NA,NA,NA,NA,NA,NA,NA,NA
2699,427.140675,427.13959347395,427.139679006818,3343810,NA,211461.8,16.9,-1,-0.200245664121306,0.992750615897226,0,0.595650369538335,7,1.61111111111111,0.111111111111111,"N4 S2 P1 O2","de-protonated",0,NA,"C18 H29 O2 S2 N4 P1",18,29,2,4,1,2,NA,NA,NA,NA,NA
2700,427.153771,427.152689418959,427.152728357693,19651528,NA,241560.3,109.73,-1,-0.0911588074725231,0.998961368712383,0.971633834634421,0.988030355081198,7,1.45,0.4,"P1 O8","de-protonated",0,NA,"C20 H29 O8 P1",20,29,8,NA,1,NA,NA,NA,NA,NA,NA
2701,427.161844,427.16076238506,427.16097056617,18906058,NA,239884.9,105.49,-1,-0.487359856892979,0.965419507310607,0.993730636471955,0.976743958975146,7,1.4,0.5,"O10","de-protonated",0,NA,"C20 H28 O10",20,28,10,NA,NA,NA,NA,NA,NA,NA,NA
2703,427.174965,427.173883329965,427.17372478401,8057808,NA,233574.3,43.73,-1,0.371150999176402,0.979552858530499,0.978893583959954,0.979289148702281,15,1,0.0714285714285714,"S1 O2","de-protonated",0,NA,"C28 H28 O2 S1",28,28,2,NA,NA,1,NA,NA,NA,NA,NA
2704,427.190326,427.189244265464,427.189113867077,6327254.5,NA,237432.2,33.88,-1,0.305247448818056,0.989034254733271,0.845551871870332,0.931641301588096,6,1.57142857142857,0.333333333333333,"P1 O7","de-protonated",0,NA,"C21 H33 O7 P1",21,33,7,NA,1,NA,NA,NA,NA,NA,NA
2705,427.19826,427.197178232149,427.197356075554,6755290,NA,255247.2,36.32,-1,-0.416302682679023,0.484521401819144,0.813795485951173,0.616231035471956,6,1.52380952380952,0.428571428571429,"O9","de-protonated",0,NA,"C21 H32 O9",21,32,9,NA,NA,NA,NA,NA,NA,NA,NA
2706,427.211455,427.210373176743,427.210243235176,3355615.5,NA,252924.9,16.96,-1,0.304163040628071,0.983353359047981,0,0.590012015428789,1,2.05555555555556,0.5,"P1 O9","de-protonated",0,NA,"C18 H37 O9 P1",18,37,9,NA,1,NA,NA,NA,NA,NA,NA
2707,427.234644,427.233562079372,427.233741584939,5164009,NA,242578,27.26,-1,-0.420157748400236,0.484237990667986,0.806643077274283,0.613200025310505,5,1.63636363636364,0.363636363636364,"O8","de-protonated",0,NA,"C22 H36 O8",22,36,8,NA,NA,NA,NA,NA,NA,NA,NA
2710,427.931822,427.930737151906,427.930533653505,2906379,NA,265574.5,14.03,-1,0.475540735214979,0.95979781813201,0,0.575878690879206,12,0.571428571428571,0.642857142857143,"N1 S2 P1 O9","de-protonated",0,NA,"C14 H8 O9 S2 N1 P1",14,8,9,1,1,2,NA,NA,NA,NA,NA
2713,428.11271,428.111624392353,428.11145887872,2003030.3,NA,200964.2,9.02,-1,0.386613415837241,0.973243352190159,0,0.583946011314095,21,0.655172413793103,0.0344827586206897,"N1 S1 O1","de-protonated",0,NA,"C29 H19 O1 S1 N1",29,19,1,1,NA,1,NA,NA,NA,NA,NA
2716,428.133876,428.132790303477,428.132588246819,3651935,NA,234725.6,18.16,-1,0.471948791440348,0.960390704734087,0,0.576234422840452,16,0.884615384615385,0.115384615384615,"N1 S1 O3","de-protonated",0,NA,"C26 H23 O3 S1 N1",26,23,3,1,NA,1,NA,NA,NA,NA,NA
2720,428.17032,428.169234150447,428.169106697985,2170734.3,NA,266063,9.95,-1,0.297668515779067,0.984051012560343,0,0.590430607536206,2,2,0.625,"N1 P1 O10","de-protonated",0,NA,"C16 H32 O10 N1 P1",16,32,10,1,1,NA,NA,NA,NA,NA,NA
2726,429.047212,429.046122468359,429.046334734396,3400412,NA,267138.3,16.76,-1,-0.494739192210488,0.956559174167238,0,0.573935504500343,14,0.7,0.55,"O11","de-protonated",0,NA,"C20 H14 O11",20,14,11,NA,NA,NA,NA,NA,NA,NA,NA
2727,429.060301,429.059211413398,429.059088952236,7044833.5,NA,237077.5,36.97,-1,0.285417940406937,0.492663640984098,0.766236582456902,0.60209281757322,22,0.5,0.107142857142857,"S1 O3","de-protonated",0,NA,"C28 H14 O3 S1",28,14,3,NA,NA,1,NA,NA,NA,NA,NA
2728,429.068422,429.067332379297,429.067464102495,7970533,NA,230368.3,42.1,-1,-0.306998802659409,0.491522086045591,0.843720152817574,0.632401312754384,9,1.05882352941176,0.764705882352941,"O13","de-protonated",0,NA,"C17 H18 O13",17,18,13,NA,NA,NA,NA,NA,NA,NA,NA
2729,429.078133,429.077043338521,429.076847016965,4334313,NA,224159.6,21.94,-1,0.457544042588963,0.481363374761265,0.766236582456902,0.59531265783952,22,0.5,0.178571428571429,"O5","de-protonated",0,NA,"C28 H14 O5",28,14,5,NA,NA,NA,NA,NA,NA,NA,NA
2730,429.083722,429.082632315052,429.08272024378,5395179,NA,244453.1,27.82,-1,-0.204922555796021,0.496204667485131,0.813795485951173,0.623240994871548,13,0.857142857142857,0.476190476190476,"O10","de-protonated",0,NA,"C21 H18 O10",21,18,10,NA,NA,NA,NA,NA,NA,NA,NA
2731,429.09666,429.095570260725,429.09547446162,28163824,NA,240004.3,154.05,-1,0.223258250534091,0.49259375835238,0.921813465761631,0.66428164131608,21,0.620689655172414,0.0689655172413793,"S1 O2","de-protonated",0,NA,"C29 H18 O2 S1",29,18,2,NA,NA,1,NA,NA,NA,NA,NA
2732,429.104694,429.10360422699,429.103687420627,15953652,NA,240326.8,86.36,-1,-0.193877701874786,0.664339059156271,0.927279913856465,0.769515401036349,3,2.07692307692308,0.461538461538462,"N4 S2 P1 O6","de-protonated",0,NA,"C13 H27 O6 S2 N4 P1",13,27,6,4,1,2,NA,NA,NA,NA,NA
2733,429.114481,429.113391185895,429.11323252635,9180920,NA,244983.4,48.81,-1,0.36973817813723,0.487749969114182,0.759892473118277,0.59660697071582,21,0.620689655172414,0.137931034482759,"O4","de-protonated",0,NA,"C29 H18 O4",29,18,4,NA,NA,NA,NA,NA,NA,NA,NA
2734,429.119995,429.118905162741,429.119105753164,7687930.5,NA,247733.4,40.53,-1,-0.467446963961846,0.480563969790844,0.806643077274283,0.61099561278422,12,1,0.409090909090909,"O9","de-protonated",0,NA,"C22 H22 O9",22,22,9,NA,NA,NA,NA,NA,NA,NA,NA
2735,429.133109,429.132019107675,429.131859971005,41271040,NA,239072,226.72,-1,0.3708339681771,0.488084973313487,0.892215379346146,0.649737135726551,20,0.733333333333333,0.0333333333333333,"S1 O1","de-protonated",0,NA,"C30 H22 O1 S1",30,22,1,NA,NA,1,NA,NA,NA,NA,NA
2736,429.141193,429.14010307373,429.140235121264,16011011,NA,240805.2,86.68,-1,-0.307702523737551,0.98535996650403,0.994399192686505,0.98897565697702,7,1.36842105263158,0.578947368421053,"O11","de-protonated",0,NA,"C19 H26 O11",19,26,11,NA,NA,NA,NA,NA,NA,NA,NA
2737,429.150916,429.149826032903,429.149618035734,5902087.5,NA,247352.1,30.63,-1,0.484672851578815,0.479135956705862,0.753652554121787,0.588942595672232,20,0.733333333333333,0.1,"O3","de-protonated",0,NA,"C30 H22 O3",30,22,3,NA,NA,NA,NA,NA,NA,NA,NA
2738,429.156462,429.155372009615,429.155491262549,6297353.5,NA,251281.3,32.82,-1,-0.277878148169521,0.493043452219158,0.799615297578637,0.615672190362949,11,1.1304347826087,0.347826086956522,"O8","de-protonated",0,NA,"C23 H26 O8",23,26,8,NA,NA,NA,NA,NA,NA,NA,NA
2739,429.169545,429.16845495468,429.168378422171,14843663,NA,240093.9,80.21,-1,0.178327465203899,0.994480544224368,0.927056354141915,0.967510868191387,6,1.55,0.4,"P1 O8","de-protonated",0,NA,"C20 H31 O8 P1",20,31,8,NA,1,NA,NA,NA,NA,NA,NA
2740,429.177542,429.1764519211,429.176620630648,7579410.5,NA,240476.7,39.93,-1,-0.39310050870181,0.486175268674481,0.821075868479145,0.620135508596347,6,1.5,0.5,"O10","de-protonated",0,NA,"C20 H30 O10",20,30,10,NA,NA,NA,NA,NA,NA,NA,NA
2741,429.187292,429.18620188016,429.186003545118,2595606.5,NA,285491.5,12.3,-1,0.462119080359743,0.961992041885644,0,0.577195225131386,19,0.838709677419355,0.0645161290322581,"O2","de-protonated",0,NA,"C31 H26 O2",31,26,2,NA,NA,NA,NA,NA,NA,NA,NA
2742,429.190656,429.189565866034,429.189374848488,6493976,NA,246860.3,33.91,-1,0.445065877468109,0.482348114691966,0.766236582456902,0.595903501797941,14,1.07142857142857,0.0714285714285714,"S1 O2","de-protonated",0,NA,"C28 H30 O2 S1",28,30,2,NA,NA,1,NA,NA,NA,NA,NA
2743,429.205892,429.204801802058,429.204763931555,3565342.3,NA,245239,17.68,-1,0.0882341158525177,0.998588372230636,0,0.599153023338381,5,1.66666666666667,0.333333333333333,"P1 O7","de-protonated",0,NA,"C21 H35 O7 P1",21,35,7,NA,1,NA,NA,NA,NA,NA,NA
2744,429.213815,429.212724768789,429.21284394878,6145825.5,NA,230993.5,31.98,-1,-0.27767107351411,0.493053744059666,0.85154837932281,0.636451598164924,0,2.4375,0.1875,"N4 S2 P1 O3","de-protonated",0,NA,"C16 H39 O3 S2 N4 P1",16,39,3,4,1,2,NA,NA,NA,NA,NA
2745,429.250319,429.249228615508,429.249391649417,5287729,NA,248197.2,27.23,-1,-0.37981162470935,0.487082190979663,0.806643077274283,0.614906545497511,4,1.72727272727273,0.363636363636364,"O8","de-protonated",0,NA,"C22 H38 O8",22,38,8,NA,NA,NA,NA,NA,NA,NA,NA
2747,430.091982,430.090888081346,430.090723433813,1754001,NA,223560.5,7.63,-1,0.382820469958728,0.973758863529605,0,0.584255318117763,21,0.607142857142857,0.0714285714285714,"N1 S1 O2","de-protonated",0,NA,"C28 H17 O2 S1 N1",28,17,2,1,NA,1,NA,NA,NA,NA,NA
2749,430.10815,430.107056013456,430.106981896805,2934935.8,NA,247377.4,14.18,-1,0.172321432267874,0.994626429605748,0,0.596775857763449,11,1.18181818181818,0.0909090909090909,"N1 S2 P1 O2","de-protonated",0,NA,"C22 H26 O2 S2 N1 P1",22,26,2,1,1,2,NA,NA,NA,NA,NA
2750,430.115312,430.114217983383,430.114354725357,1779354.8,NA,209907.4,7.77,-1,-0.317920043090727,0.981827555958609,0,0.589096533575166,12,1,0.428571428571429,"N1 O9","de-protonated",0,NA,"C21 H21 O9 N1",21,21,9,1,NA,NA,NA,NA,NA,NA,NA
2751,430.12828,430.12718592893,430.127108943198,1695648.1,NA,246808.9,7.31,-1,0.178983679121436,0.994204124046623,0,0.596522474427974,20,0.724137931034483,0.0344827586206897,"N1 S1 O1","de-protonated",0,NA,"C29 H21 O1 S1 N1",29,21,1,1,NA,1,NA,NA,NA,NA,NA
2754,430.14953,430.148435839701,430.148238311297,1941673.1,NA,290435.3,8.67,-1,0.459210072901885,0.962459982306219,0,0.577475989383731,15,0.961538461538462,0.115384615384615,"N1 S1 O3","de-protonated",0,NA,"C26 H25 O3 S1 N1",26,25,3,1,NA,1,NA,NA,NA,NA,NA
2758,431.03976,431.038662101605,431.038486449111,2575390.5,NA,262480.3,12.19,-1,0.40751000108094,0.970317280760028,0,0.582190368456016,9,1.0625,0.75,"P1 O12","de-protonated",0,NA,"C16 H17 O12 P1",16,17,12,NA,1,NA,NA,NA,NA,NA,NA
2759,431.057218,431.056120028299,431.056111572059,2005541.9,NA,265847.7,9.03,-1,0.019617491847664,0.99993017263938,0,0.599958103583628,22,0.444444444444444,0.222222222222222,"O6","de-protonated",0,NA,"C27 H12 O6",27,12,6,NA,NA,NA,NA,NA,NA,NA,NA
2760,431.062892,431.061794004474,431.061984798874,6185512,NA,237682.5,32.2,-1,-0.442614767210346,0.482538581692844,0.821075868479145,0.617953496407365,13,0.8,0.55,"O11","de-protonated",0,NA,"C20 H16 O11",20,16,11,NA,NA,NA,NA,NA,NA,NA,NA
2761,431.075945,431.074846949664,431.074739016714,14283310,NA,240184,77.09,-1,0.250381059158661,0.9939669278039,0.948212143340284,0.975665014018453,21,0.571428571428571,0.107142857142857,"S1 O3","de-protonated",0,NA,"C28 H16 O3 S1",28,16,3,NA,NA,1,NA,NA,NA,NA,NA
2762,431.084039,431.082940915677,431.083114166973,4505137,NA,237244,22.88,-1,-0.401897662845126,0.971117405577948,0,0.582670443346769,8,1.17647058823529,0.764705882352941,"O13","de-protonated",0,NA,"C17 H20 O13",17,20,13,NA,NA,NA,NA,NA,NA,NA,NA
2763,431.093732,431.092633874976,431.092497081443,8620597,NA,236595.1,45.7,-1,0.317318286189056,0.4909478291373,0.766236582456902,0.601063330465141,21,0.571428571428571,0.178571428571429,"O5","de-protonated",0,NA,"C28 H16 O5",28,16,5,NA,NA,NA,NA,NA,NA,NA,NA
2764,431.099307,431.098208851566,431.098370308258,10969655,NA,246156.2,58.72,-1,-0.374524013059935,0.487434835728981,0.813795485951173,0.617979095817858,12,0.952380952380952,0.476190476190476,"O10","de-protonated",0,NA,"C21 H20 O10",21,20,10,NA,NA,NA,NA,NA,NA,NA,NA
2765,431.112379,431.111280796677,431.111124526098,36102716,NA,234084.4,198.06,-1,0.362483288937578,0.489898801020059,0.88173672782419,0.646633971741711,20,0.689655172413793,0.0689655172413793,"S1 O2","de-protonated",0,NA,"C29 H20 O2 S1",29,20,2,NA,NA,1,NA,NA,NA,NA,NA
2766,431.120474,431.119375762686,431.119499676357,6642240.5,NA,243910.5,34.73,-1,-0.287423027506532,0.492560975041714,0.836034543948893,0.629950402604585,7,1.33333333333333,0.666666666666667,"O12","de-protonated",0,NA,"C18 H24 O12",18,24,12,NA,NA,NA,NA,NA,NA,NA,NA
2768,431.135743,431.134644698571,431.134755817642,13644359,NA,233891.7,73.55,-1,-0.257736288061544,0.993912032189499,0.99341269530167,0.993712297434367,11,1.09090909090909,0.409090909090909,"O9","de-protonated",0,NA,"C22 H24 O9",22,24,9,NA,NA,NA,NA,NA,NA,NA,NA
2769,431.148793,431.147694643773,431.147510035483,32563788,NA,235777.9,178.44,-1,0.428178956152136,0.484527334637416,0.891396264084859,0.647274906416393,19,0.8,0.0333333333333333,"S1 O1","de-protonated",0,NA,"C30 H24 O1 S1",30,24,1,NA,NA,1,NA,NA,NA,NA,NA
2770,431.156787,431.155688610207,431.155885185742,4740687.5,NA,254972.8,24.19,-1,-0.455926828083048,0.962984843223845,0,0.577790905934307,6,1.47368421052632,0.578947368421053,"O11","de-protonated",0,NA,"C19 H28 O11",19,28,11,NA,NA,NA,NA,NA,NA,NA,NA
2771,431.166442,431.165343569665,431.165268100212,5868115.5,NA,241822.5,30.44,-1,0.175036020938284,0.497228134832509,0.753652554121787,0.599797902548221,19,0.8,0.1,"O3","de-protonated",0,NA,"C30 H24 O3",30,24,3,NA,NA,NA,NA,NA,NA,NA,NA
2772,431.172026,431.170927546218,431.171141327027,7615062,NA,228673.6,40.13,-1,-0.495814279928103,0.96306001374875,0.991473677171201,0.974425479117731,10,1.21739130434783,0.347826086956522,"O8","de-protonated",0,NA,"C23 H28 O8",23,28,8,NA,NA,NA,NA,NA,NA,NA,NA
2773,431.185072,431.183973491437,431.184028486649,10834524,NA,236731.5,57.97,-1,-0.127544639400019,0.996347876576605,0.894622341982034,0.955657662738777,5,1.65,0.4,"P1 O8","de-protonated",0,NA,"C20 H33 O8 P1",20,33,8,NA,1,NA,NA,NA,NA,NA,NA
2774,431.193058,431.191959457904,431.192108503874,4462175,NA,235480.8,22.65,-1,-0.345660245253143,0.978553643547478,0,0.587132186128486,0,2.46666666666667,0.266666666666667,"N4 S2 P1 O4","de-protonated",0,NA,"C15 H37 O4 S2 N4 P1",15,37,4,4,1,2,NA,NA,NA,NA,NA
2775,431.208385,431.207286393545,431.207364645159,2315877.3,NA,245066.3,10.75,-1,-0.181470957472392,0.994042402059094,0,0.596425441235457,4,1.94736842105263,0.0526315789473684,"N4 S2 P1 O1","de-protonated",0,NA,"C19 H37 O1 S2 N4 P1",19,37,1,4,1,2,NA,NA,NA,NA,NA
2776,431.221721,431.220622337547,431.220413996033,2467435,NA,254672.8,11.59,-1,0.483143903949166,0.958529241171348,0,0.575117544702809,4,1.76190476190476,0.333333333333333,"P1 O7","de-protonated",0,NA,"C21 H37 O7 P1",21,37,7,NA,1,NA,NA,NA,NA,NA,NA
2777,431.229669,431.228570304173,431.22865620451,3995246.3,NA,247396,20.06,-1,-0.199199045941801,0.992825926376928,0,0.595695555826157,4,1.71428571428571,0.428571428571429,"O9","de-protonated",0,NA,"C21 H36 O9",21,36,9,NA,NA,NA,NA,NA,NA,NA,NA
2778,431.265947,431.264848151841,431.265041713895,1798781.5,NA,273211.7,7.88,-1,-0.448823889363688,0.964108396098326,0,0.578465037658996,3,1.81818181818182,0.363636363636364,"O8","de-protonated",0,NA,"C22 H40 O8",22,40,8,NA,NA,NA,NA,NA,NA,NA,NA
2789,432.224911,432.22380812513,432.223905176703,2491409,NA,258209.7,11.72,-1,-0.224540040346063,0.990893397029734,0,0.59453603821784,4,1.75,0.45,"N1 O9","de-protonated",0,NA,"C20 H35 O9 N1",20,35,9,1,NA,NA,NA,NA,NA,NA,NA
2790,432.97045,432.969343994595,432.969347715124,20948300,NA,229461.9,114.04,-1,-0.00859305372530069,0.333328867271637,0.777814243221384,0.511123017651536,14,0.555555555555556,0.5,"S2 O9","de-protonated",0,NA,"C18 H10 O9 S2",18,10,9,NA,NA,2,NA,NA,NA,NA,NA
2791,433.042216,433.041109693248,433.041249353967,3983721.5,NA,250769.9,19.99,-1,-0.322511352361951,0.981303856220929,0,0.588782313732557,13,0.736842105263158,0.631578947368421,"O12","de-protonated",0,NA,"C19 H14 O12",19,14,12,NA,NA,NA,NA,NA,NA,NA,NA
2792,433.051293,433.050186655134,433.049980819815,1850989.4,NA,187489.6,8.17,-1,0.475315385779869,0.959835135698009,0,0.575901081418805,17,0.636363636363636,0.272727272727273,"N2 S1 O6","de-protonated",0,NA,"C22 H14 O6 S1 N2",22,14,6,2,NA,1,NA,NA,NA,NA,NA
2793,433.05524,433.05413363856,433.054003571808,4367727,NA,244999.7,22.12,-1,0.300347650711154,0.491882489883647,0.772687513667176,0.604204499397059,21,0.518518518518518,0.148148148148148,"S1 O4","de-protonated",0,NA,"C27 H14 O4 S1",27,14,4,NA,NA,1,NA,NA,NA,NA,NA
2794,433.072923,433.071816564309,433.071761636537,4172150.5,NA,235228.9,21.03,-1,0.126832956452951,0.498542681798468,0.772687513667176,0.608200614545951,21,0.518518518518518,0.222222222222222,"O6","de-protonated",0,NA,"C27 H14 O6",27,14,6,NA,NA,NA,NA,NA,NA,NA,NA
2795,433.078552,433.077445540673,433.077634863352,11638137,NA,233760.1,62.43,-1,-0.437156444202957,0.969808106726368,0.982490951271712,0.974881244544505,12,0.9,0.55,"O11","de-protonated",0,NA,"C20 H18 O11",20,18,11,NA,NA,NA,NA,NA,NA,NA,NA
2796,433.091573,433.090466485997,433.090389081192,18609534,NA,232732.9,101.07,-1,0.178726674990423,0.98995413435323,0.932907566631247,0.967135507264437,20,0.642857142857143,0.107142857142857,"S1 O3","de-protonated",0,NA,"C28 H18 O3 S1",28,18,3,NA,NA,1,NA,NA,NA,NA,NA
2797,433.109396,433.108289411158,433.108147145921,11109766,NA,233358.9,59.5,-1,0.328475087801698,0.990034201512074,0.959511739368552,0.977825216654665,20,0.642857142857143,0.178571428571429,"O5","de-protonated",0,NA,"C28 H18 O5",28,18,5,NA,NA,NA,NA,NA,NA,NA,NA
2798,433.114953,433.113846387824,433.114020372736,21878152,NA,236348,119.2,-1,-0.40170694920664,0.971039033448165,0.99811053784186,0.981867635205643,11,1.04761904761905,0.476190476190476,"O10","de-protonated",0,NA,"C21 H22 O10",21,22,10,NA,NA,NA,NA,NA,NA,NA,NA
2799,433.128044,433.126937332855,433.126774590576,28362126,NA,233891.8,155.14,-1,0.375738208655513,0.48715573492304,0.882599981745401,0.645333433651985,19,0.758620689655172,0.0689655172413793,"S1 O2","de-protonated",0,NA,"C29 H22 O2 S1",29,22,2,NA,NA,1,NA,NA,NA,NA,NA
2800,433.145815,433.144708258234,433.144532655306,10065301,NA,238592.7,53.71,-1,0.405414162971956,0.975487020131195,0.933594645357876,0.958730070221868,19,0.758620689655172,0.137931034482759,"O4","de-protonated",0,NA,"C29 H22 O4",29,22,4,NA,NA,NA,NA,NA,NA,NA,NA
2801,433.151349,433.150242234997,433.15040588212,21427608,NA,238887.7,116.7,-1,-0.377806696122078,0.969838433017772,0.992083265135861,0.978736365865007,10,1.18181818181818,0.409090909090909,"O9","de-protonated",0,NA,"C22 H26 O9",22,26,9,NA,NA,NA,NA,NA,NA,NA,NA
2802,433.164402,433.163295180187,433.163160099961,19768734,NA,238849,107.5,-1,0.311846062774818,0.977372203235159,0.984059836640257,0.980047256597198,18,0.866666666666667,0.0333333333333333,"S1 O1","de-protonated",0,NA,"C30 H26 O1 S1",30,26,1,NA,NA,1,NA,NA,NA,NA,NA
2803,433.172322,433.17121514693,433.171373058968,1780128.5,NA,290087,7.77,-1,-0.364548644824001,0.976174660838942,0,0.585704796503365,0,2.5,0.357142857142857,"N4 S2 P1 O5","de-protonated",0,NA,"C14 H35 O5 S2 N4 P1",14,35,5,4,1,2,NA,NA,NA,NA,NA
2804,433.18213,433.181023105746,433.18091816469,2962852.5,NA,264722.2,14.33,-1,0.242256876859288,0.989407567084333,0,0.5936445402506,18,0.866666666666667,0.1,"O3","de-protonated",0,NA,"C30 H26 O3",30,26,3,NA,NA,NA,NA,NA,NA,NA,NA
2805,433.187623,433.186516082681,433.186629200252,7163303,NA,235684.8,37.62,-1,-0.261128953549796,0.493851771985606,0.836034543948893,0.63072488077092,4,1.94444444444444,0.111111111111111,"N4 S2 P1 O2","de-protonated",0,NA,"C18 H35 O2 S2 N4 P1",18,35,2,4,1,2,NA,NA,NA,NA,NA
2806,433.200711,433.199604027724,433.199678551127,8125868.5,NA,240700.9,42.95,-1,-0.172030141942526,0.991367765970699,0.842018644418806,0.931628117349942,4,1.75,0.4,"P1 O8","de-protonated",0,NA,"C20 H35 O8 P1",20,35,8,NA,1,NA,NA,NA,NA,NA,NA
2807,433.208858,433.207750993515,433.207920759604,1816496,NA,254865.5,7.97,-1,-0.391881313523057,0.972519405299469,0,0.583511643179681,4,1.7,0.5,"O10","de-protonated",0,NA,"C20 H34 O10",20,34,10,NA,NA,NA,NA,NA,NA,NA,NA
2808,433.224025,433.222917929828,433.223014709637,1646518.3,NA,258996.4,7.03,-1,-0.223394891352523,0.990985628238651,0,0.594591376943191,3,2.05263157894737,0.0526315789473684,"N4 S2 P1 O1","de-protonated",0,NA,"C19 H39 O1 S2 N4 P1",19,39,1,4,1,2,NA,NA,NA,NA,NA
2809,433.23732,433.236212874002,433.236064060511,2915772,NA,274516.2,14.07,-1,0.343492852695784,0.978818890626745,0,0.587291334376047,3,1.85714285714286,0.333333333333333,"P1 O7","de-protonated",0,NA,"C21 H39 O7 P1",21,39,7,NA,1,NA,NA,NA,NA,NA,NA
2816,434.14677,434.145659055202,434.145654854313,1973052.4,NA,276002,8.84,-1,0.00967621914566264,0.999983011245894,0,0.599989806747536,10,1.19047619047619,0.428571428571429,"N1 O9","de-protonated",0,NA,"C21 H25 O9 N1",21,25,9,1,NA,NA,NA,NA,NA,NA,NA
2824,435.057875,435.056760229452,435.056899418445,8902846,NA,248050.9,47.26,-1,-0.319932849834877,0.990786340047549,0.973759700756808,0.983975684331253,12,0.842105263157895,0.631578947368421,"O12","de-protonated",0,NA,"C19 H16 O12",19,16,12,NA,NA,NA,NA,NA,NA,NA,NA
2825,435.070961,435.069846174503,435.069653636286,5151940,NA,244577.4,26.46,-1,0.442545730080946,0.482543932176335,0.772687513667176,0.598601364772672,20,0.592592592592593,0.148148148148148,"S1 O4","de-protonated",0,NA,"C27 H16 O4 S1",27,16,4,NA,NA,1,NA,NA,NA,NA,NA
2826,435.083947,435.082832119975,435.0827375004,3225801.3,NA,212417.3,15.78,-1,0.217474899889429,0.991455041597927,0,0.594873024958756,7,1.42857142857143,0.714285714285714,"N4 S1 O10","de-protonated",0,NA,"C14 H20 O10 S1 N4",14,20,10,4,NA,1,NA,NA,NA,NA,NA
2827,435.088556,435.087441100622,435.087411701015,6283467.5,NA,238903.2,32.73,-1,0.0675717235859848,0.499585929838446,0.772687513667176,0.608826563369938,20,0.592592592592593,0.222222222222222,"O6","de-protonated",0,NA,"C27 H16 O6",27,16,6,NA,NA,NA,NA,NA,NA,NA,NA
2828,435.094168,435.093053077057,435.093122736577,22427854,NA,235459.8,122.24,-1,-0.160102555471675,0.664409399890247,0.928544651443954,0.77006350051173,6,1.66666666666667,0.333333333333333,"N4 S2 P1 O5","de-protonated",0,NA,"C15 H25 O5 S2 N4 P1",15,25,5,4,1,2,NA,NA,NA,NA,NA
2829,435.107224,435.106109022234,435.10603914567,14002387,NA,225966.9,75.53,-1,0.160596631092954,0.996072910351853,0.966988047102722,0.984438965052201,19,0.714285714285714,0.107142857142857,"S1 O3","de-protonated",0,NA,"C28 H20 O3 S1",28,20,3,NA,NA,1,NA,NA,NA,NA,NA
2830,435.125027,435.123911947479,435.123797210399,9111771,NA,230508.7,48.41,-1,0.263688357771745,0.493731422412137,0.766236582456902,0.602733486430043,19,0.714285714285714,0.178571428571429,"O5","de-protonated",0,NA,"C28 H20 O5",28,20,5,NA,NA,NA,NA,NA,NA,NA,NA
2831,435.130573,435.129457924191,435.129670437214,35023068,NA,233142.5,192.07,-1,-0.488390098822649,0.958499240792544,0.997374126351049,0.974049195015946,10,1.14285714285714,0.476190476190476,"O10","de-protonated",0,NA,"C21 H24 O10",21,24,10,NA,NA,NA,NA,NA,NA,NA,NA
2832,435.143638,435.142522869331,435.142424655054,15648995,NA,233447.8,84.66,-1,0.225706047221951,0.988446308499629,0.963356777919017,0.978410496267384,18,0.827586206896552,0.0689655172413793,"S1 O2","de-protonated",0,NA,"C29 H24 O2 S1",29,24,2,NA,NA,1,NA,NA,NA,NA,NA
2833,435.161506,435.160390794303,435.160182719784,6383850.5,NA,234302.6,33.29,-1,0.478156153296117,0.479681760581157,0.759892473118277,0.591766045596005,18,0.827586206896552,0.137931034482759,"O4","de-protonated",0,NA,"C29 H24 O4",29,24,4,NA,NA,NA,NA,NA,NA,NA,NA
2834,435.167024,435.165908771133,435.166055946598,21838060,NA,232345.2,118.97,-1,-0.338205298058466,0.979222486470099,0.977985475943061,0.978727682259284,9,1.27272727272727,0.409090909090909,"O9","de-protonated",0,NA,"C22 H28 O9",22,28,9,NA,NA,NA,NA,NA,NA,NA,NA
2835,435.18008,435.17896471631,435.178810164439,13752562,NA,237338.5,74.14,-1,0.355145673211829,0.97167720078058,0.988697180813567,0.978485192793775,17,0.933333333333333,0.0333333333333333,"S1 O1","de-protonated",0,NA,"C30 H28 O1 S1",30,28,1,NA,NA,1,NA,NA,NA,NA,NA
2836,435.197757,435.196641642084,435.196568229168,2834169.8,NA,249519,13.61,-1,0.168689096829316,0.99485000106714,0,0.596910000640284,17,0.933333333333333,0.1,"O3","de-protonated",0,NA,"C30 H28 O3",30,28,3,NA,NA,NA,NA,NA,NA,NA,NA
2837,435.203287,435.202171618863,435.20227926473,4841724,NA,250608.1,24.74,-1,-0.247346744272914,0.988960284527279,0,0.593376170716367,3,2.05555555555556,0.111111111111111,"N4 S2 P1 O2","de-protonated",0,NA,"C18 H37 O2 S2 N4 P1",18,37,2,4,1,2,NA,NA,NA,NA,NA
2838,435.216382,435.215266563877,435.215328615605,7528705.5,NA,242238.1,39.64,-1,-0.142577072124661,0.994148680348987,0.892740570648248,0.953585436468692,3,1.85,0.4,"P1 O8","de-protonated",0,NA,"C20 H37 O8 P1",20,37,8,NA,1,NA,NA,NA,NA,NA,NA
2839,435.252784,435.251668411025,435.251714124989,3150097,NA,237351.4,15.36,-1,-0.105028798015165,0.998000432560823,0,0.598800259536494,2,1.95238095238095,0.333333333333333,"P1 O7","de-protonated",0,NA,"C21 H41 O7 P1",21,41,7,NA,1,NA,NA,NA,NA,NA,NA
2841,436.089446,436.088326897862,436.088533900023,2030196.1,NA,261540.6,9.15,-1,-0.474679209254889,0.959940398047323,0,0.575964238828394,11,1,0.578947368421053,"N1 O11","de-protonated",0,NA,"C19 H19 O11 N1",19,19,11,1,NA,NA,NA,NA,NA,NA,NA
2842,436.097644,436.096524863439,436.096417212756,4462199.5,NA,242902.2,22.63,-1,0.246850647569686,0.494502140057794,0.792708917554682,0.613784851056549,14,1,0.0416666666666667,"N1 S2 P1 O1","de-protonated",0,NA,"C24 H24 O1 S2 N1 P1",24,24,1,1,1,2,NA,NA,NA,NA,NA
2844,436.125882,436.124762744867,436.124919409407,3328643.8,NA,252200.7,16.35,-1,-0.35921941924934,0.976858095281282,0,0.586114857168769,10,1.15,0.5,"N1 O10","de-protonated",0,NA,"C20 H23 O10 N1",20,23,10,1,NA,NA,NA,NA,NA,NA,NA
2846,436.138699,436.137579691048,436.137673627247,1669513.1,NA,221740.3,7.15,-1,-0.215381988858589,0.991618030355575,0,0.594970818213345,18,0.821428571428571,0.0714285714285714,"N1 S1 O2","de-protonated",0,NA,"C28 H23 O2 S1 N1",28,23,2,1,NA,1,NA,NA,NA,NA,NA
2848,436.162377,436.161257591623,436.161304918791,1845395.1,NA,304560.2,8.13,-1,-0.108508405787495,0.997865890174653,0,0.598719534104792,9,1.28571428571429,0.428571428571429,"N1 O9","de-protonated",0,NA,"C21 H27 O9 N1",21,27,9,1,NA,NA,NA,NA,NA,NA,NA
2850,436.175321,436.174201537271,436.174059136632,7846552.5,NA,234868.1,41.4,-1,0.326476636054002,0.490422874643734,0.759892473118277,0.598210714033551,17,0.931034482758621,0.0344827586206897,"N1 S1 O1","de-protonated",0,NA,"C29 H27 O1 S1 N1",29,27,1,1,NA,1,NA,NA,NA,NA,NA
2854,437.037188,437.036064918273,437.036163973539,4032519.3,NA,246318.1,20.25,-1,-0.226652333631948,0.990722056864563,0,0.594433234118738,12,0.777777777777778,0.722222222222222,"O13","de-protonated",0,NA,"C18 H14 O13",18,14,13,NA,NA,NA,NA,NA,NA,NA,NA
2855,437.063027,437.061903809774,437.061805351002,3738642.3,NA,223405.4,18.62,-1,0.225274254987306,0.990834019237707,0,0.594500411542624,15,0.826086956521739,0.217391304347826,"S1 P1 O5","de-protonated",0,NA,"C23 H19 O5 S1 P1",23,19,5,NA,1,1,NA,NA,NA,NA,NA
2856,437.073466,437.072342765941,437.072549482923,17456150,NA,235152.5,94.67,-1,-0.472958055042883,0.480112266374351,0.828487690504102,0.619462436026252,11,0.947368421052632,0.631578947368421,"O12","de-protonated",0,NA,"C19 H18 O12",19,18,12,NA,NA,NA,NA,NA,NA,NA,NA
2857,437.086616,437.085492710723,437.085303700764,4004892.3,NA,225194.9,20.1,-1,0.432432657811871,0.483319321504971,0.772687513667176,0.599066598369853,19,0.666666666666667,0.148148148148148,"S1 O4","de-protonated",0,NA,"C27 H18 O4 S1",27,18,4,NA,NA,1,NA,NA,NA,NA,NA
2859,437.10195,437.100826646336,437.10069278383,6046755,NA,248367.1,31.42,-1,0.306250956400859,0.977585010993754,0.812478476744513,0.911542397294058,10,1.15,0.45,"P1 O9","de-protonated",0,NA,"C20 H23 O9 P1",20,23,9,NA,1,NA,NA,NA,NA,NA,NA
2860,437.104365,437.103241636195,437.103061765493,4673572,NA,261309,23.8,-1,0.411506386982287,0.48487058986831,0.772687513667176,0.599997359387856,19,0.666666666666667,0.222222222222222,"O6","de-protonated",0,NA,"C27 H18 O6",27,18,6,NA,NA,NA,NA,NA,NA,NA,NA
2861,437.109922,437.108798612861,437.108934992308,41028648,NA,236173.2,225.36,-1,-0.312003337932976,0.491245881565085,0.821075868479145,0.623177876330709,10,1.1,0.55,"O11","de-protonated",0,NA,"C20 H22 O11",20,22,11,NA,NA,NA,NA,NA,NA,NA,NA
2862,437.122836,437.121712558635,437.121689210148,8227883.5,NA,217861.1,43.51,-1,0.0534141573914997,0.499741223885977,0.766236582456902,0.606339367314347,18,0.785714285714286,0.107142857142857,"S1 O3","de-protonated",0,NA,"C28 H22 O3 S1",28,22,3,NA,NA,1,NA,NA,NA,NA,NA
2863,437.1383,437.137176493701,437.137078293215,8774706,NA,243990.3,46.54,-1,0.224644605603257,0.99526914430335,0.843465381425544,0.934547639152228,9,1.28571428571429,0.380952380952381,"P1 O8","de-protonated",0,NA,"C21 H27 O8 P1",21,27,8,NA,1,NA,NA,NA,NA,NA,NA
2864,437.140713,437.139589483569,437.139447274877,4805683.5,NA,227006.7,24.54,-1,0.325316537616611,0.49049016595476,0.766236582456902,0.600788732555617,18,0.785714285714286,0.178571428571429,"O5","de-protonated",0,NA,"C28 H22 O5",28,22,5,NA,NA,NA,NA,NA,NA,NA,NA
2865,437.146253,437.145129460306,437.145320501692,40553524,NA,234113.7,222.72,-1,-0.437020315022524,0.977377093087935,0.998666107037574,0.985892698667791,9,1.23809523809524,0.476190476190476,"O10","de-protonated",0,NA,"C21 H26 O10",21,26,10,NA,NA,NA,NA,NA,NA,NA,NA
2866,437.159282,437.158158405597,437.158074719532,8866875,NA,236620.4,47.05,-1,0.191432046522492,0.986216252107155,0.986591996026931,0.986366549675066,17,0.896551724137931,0.0689655172413793,"S1 O2","de-protonated",0,NA,"C29 H26 O2 S1",29,26,2,NA,NA,1,NA,NA,NA,NA,NA
2867,437.174623,437.17349934118,437.173463802599,4746306,NA,247317,24.21,-1,0.0812917162860053,0.977933231443395,0.883042580172393,0.939976970934994,8,1.40909090909091,0.318181818181818,"P1 O7","de-protonated",0,NA,"C22 H31 O7 P1",22,31,7,NA,1,NA,NA,NA,NA,NA,NA
2868,437.177112,437.175988330729,437.175832784262,4844611,NA,190703.9,24.75,-1,0.355798411579134,0.488645879260574,0.759892473118277,0.597144516803655,17,0.896551724137931,0.137931034482759,"O4","de-protonated",0,NA,"C29 H26 O4",29,26,4,NA,NA,NA,NA,NA,NA,NA,NA
2869,437.182605,437.181481307663,437.181543819824,16768069,NA,236252.7,90.86,-1,-0.142989020288514,0.66475014048465,0.929766148780685,0.770756543803064,3,2.05882352941176,0.176470588235294,"N4 S2 P1 O3","de-protonated",0,NA,"C17 H35 O3 S2 N4 P1",17,35,3,4,1,2,NA,NA,NA,NA,NA
2870,437.195697,437.19457325269,437.194460228917,11377739,NA,239836.6,60.97,-1,0.258520597694817,0.992886928561123,0.929056416374314,0.9673547236864,16,1,0.0333333333333333,"S1 O1","de-protonated",0,NA,"C30 H30 O1 S1",30,30,1,NA,NA,1,NA,NA,NA,NA,NA
2871,437.211103,437.209979188,437.209849311983,2247249.3,NA,253274.3,10.35,-1,0.297056474609994,0.984116007958228,0,0.590469604774937,7,1.52173913043478,0.260869565217391,"P1 O6","de-protonated",0,NA,"C23 H35 O6 P1",23,35,6,NA,1,NA,NA,NA,NA,NA,NA
2872,437.213513,437.21238917788,437.212218293646,2560082.3,NA,285384.5,12.09,-1,0.390849630492133,0.972661914437316,0,0.583597148662389,16,1,0.1,"O3","de-protonated",0,NA,"C30 H30 O3",30,30,3,NA,NA,NA,NA,NA,NA,NA,NA
2873,437.219004,437.217880154823,437.218091520461,3213396.8,NA,240255,15.71,-1,-0.483432962920762,0.958480648470767,0,0.57508838908246,7,1.47826086956522,0.347826086956522,"O8","de-protonated",0,NA,"C23 H34 O8",23,34,8,NA,NA,NA,NA,NA,NA,NA,NA
2874,437.232098,437.230974099841,437.230978680083,6263898.5,NA,235645,32.62,-1,-0.0104755645774258,0.994942685694532,0.941549313529953,0.9735853368287,2,1.95,0.4,"P1 O8","de-protonated",0,NA,"C20 H39 O8 P1",20,39,8,NA,1,NA,NA,NA,NA,NA,NA
2875,437.268472,437.267347947106,437.267364189467,12528746,NA,234060.2,67.35,-1,-0.0371451478985355,0.996417148918324,0.990471842589033,0.994039026386608,1,2.04761904761905,0.333333333333333,"P1 O7","de-protonated",0,NA,"C21 H43 O7 P1",21,43,7,NA,1,NA,NA,NA,NA,NA,NA
2876,438.076809,438.075681552881,438.075681767849,3247554.3,NA,242543.7,15.9,-1,-0.000490710373445942,0.999999956307761,0,0.599999973784657,14,0.956521739130435,0.0869565217391304,"N1 S2 P1 O2","de-protonated",0,NA,"C23 H22 O2 S2 N1 P1",23,22,2,1,1,2,NA,NA,NA,NA,NA
2877,438.090071,438.088943497194,438.088927823216,18656712,NA,231556.6,101.32,-1,0.0357780735577376,0.499883879926344,0.859523230357577,0.643739620098837,6,1.4,0.933333333333333,"N1 O14","de-protonated",0,NA,"C15 H21 O14 N1",15,21,14,1,NA,NA,NA,NA,NA,NA,NA
2878,438.093759,438.092631481708,438.092437510872,7429577.5,NA,244765.5,39.08,-1,0.442762347103173,0.482527141424646,0.73553288925895,0.583729440558368,28,0.393939393939394,0.0303030303030303,"N1 O1","de-protonated",0,NA,"C33 H13 O1 N1",33,13,1,1,NA,NA,NA,NA,NA,NA,NA
2880,438.113153,438.112025400272,438.112067277234,8480210,NA,242737.9,44.91,-1,-0.0955850454413282,0.499171783656747,0.792708917554682,0.616586637215921,13,1.08333333333333,0.0416666666666667,"N1 S2 P1 O1","de-protonated",0,NA,"C24 H26 O1 S2 N1 P1",24,26,1,1,1,2,NA,NA,NA,NA,NA
2881,438.118301,438.117173378655,438.117071124123,1813203.9,NA,229489.6,7.94,-1,0.233395453546157,0.990164553790272,0,0.594098732274163,5,1.625,0.6875,"N1 P1 O11","de-protonated",0,NA,"C16 H26 O11 N1 P1",16,26,11,1,1,NA,NA,NA,NA,NA,NA
2884,438.154429,438.153301226953,438.153323691725,2848227.3,NA,236532.9,13.68,-1,-0.0512714868437882,0.999523127717979,0,0.599713876630787,17,0.892857142857143,0.0714285714285714,"N1 S1 O2","de-protonated",0,NA,"C28 H25 O2 S1 N1",28,25,2,1,NA,1,NA,NA,NA,NA,NA
2889,438.190755,438.189627074419,438.18970920111,2570226.8,NA,235753.4,12.14,-1,-0.187422681624117,0.993646474078112,0,0.596187884446867,16,1,0.0344827586206897,"N1 S1 O1","de-protonated",0,NA,"C29 H29 O1 S1 N1",29,29,1,1,NA,1,NA,NA,NA,NA,NA
2894,439.042153,439.04102149938,439.041069906095,2098526.3,NA,202981.6,9.52,-1,-0.110255550691461,0.997796688653451,0,0.59867801319207,15,0.772727272727273,0.272727272727273,"S1 P1 O6","de-protonated",0,NA,"C22 H17 O6 S1 P1",22,17,6,NA,1,1,NA,NA,NA,NA,NA
2895,439.05275,439.051618454883,439.051814038017,8120162.5,NA,240102.1,42.91,-1,-0.445467089773167,0.482316844929535,0.836034543948893,0.623803924537278,11,0.888888888888889,0.722222222222222,"O13","de-protonated",0,NA,"C18 H16 O13",18,16,13,NA,NA,NA,NA,NA,NA,NA,NA
2896,439.078756,439.077624345683,439.07745541548,4632430,NA,183585.8,23.57,-1,0.384738960844321,0.48674935821584,0.799615297578637,0.611895733960959,14,0.91304347826087,0.217391304347826,"S1 P1 O5","de-protonated",0,NA,"C23 H21 O5 S1 P1",23,21,5,NA,1,1,NA,NA,NA,NA,NA
2897,439.081114,439.079982335782,439.079824397142,6809455,NA,222268.5,35.64,-1,0.359703705400081,0.488398192601812,0.753652554121788,0.594499937209802,23,0.533333333333333,0.0666666666666667,"S1 O2","de-protonated",0,NA,"C30 H16 O2 S1",30,16,2,NA,NA,1,NA,NA,NA,NA,NA
2898,439.087794,439.086662307733,439.086699945664,33566576,NA,190538.2,183.98,-1,-0.0857186776973574,0.332889219782482,0.812231922561184,0.524626300893963,0,2.23076923076923,0.769230769230769,"S2 P1 O10","de-protonated",0,NA,"C13 H29 O10 S2 P1",13,29,10,NA,1,2,NA,NA,NA,NA,NA
2899,439.101997,439.100865248094,439.100953765242,2492791.8,NA,125933.7,11.71,-1,-0.201587236569151,0.992653512957999,0,0.5955921077748,18,0.740740740740741,0.148148148148148,"S1 O4","de-protonated",0,NA,"C27 H20 O4 S1",27,20,4,NA,NA,1,NA,NA,NA,NA,NA
2900,439.117469,439.116337183127,439.116209906527,14966654,NA,235830.6,80.86,-1,0.289847191172566,0.982385978671986,0.991662916144378,0.986096753660943,22,0.645161290322581,0.032258064516129,"S1 O1","de-protonated",0,NA,"C31 H20 O1 S1",31,20,1,NA,NA,1,NA,NA,NA,NA,NA
2901,439.125503,439.124371149392,439.124585056786,48009088,NA,232673.5,264.05,-1,-0.48712233668844,0.481830552273846,0.964233388113576,0.674791686609738,9,1.2,0.55,"O11","de-protonated",0,NA,"C20 H24 O11",20,24,11,NA,NA,NA,NA,NA,NA,NA,NA
2902,439.135271,439.134139108376,439.133967971256,3224966,NA,200318.1,15.77,-1,0.389715057535756,0.486409113154155,0.747514279669976,0.590851179760483,22,0.645161290322581,0.0967741935483871,"O3","de-protonated",0,NA,"C31 H20 O3",31,20,3,NA,NA,NA,NA,NA,NA,NA,NA
2903,439.138446,439.137314095044,439.137339274626,3729799.5,NA,188107,18.57,-1,-0.0573387412742798,0.499701811693421,0.766236582456902,0.606315719998814,17,0.857142857142857,0.107142857142857,"S1 O3","de-protonated",0,NA,"C28 H24 O3 S1",28,24,3,NA,NA,1,NA,NA,NA,NA,NA
2904,439.153844,439.152712030387,439.152728357693,14188430,NA,230514.6,76.55,-1,-0.0371791048476507,0.992186962625013,0.89104479889145,0.951730097131587,8,1.38095238095238,0.380952380952381,"P1 O8","de-protonated",0,NA,"C21 H29 O8 P1",21,29,8,NA,1,NA,NA,NA,NA,NA,NA
2905,439.161878,439.160745996652,439.160808374918,27348882,NA,233055.8,149.51,-1,-0.142039690848383,0.665400434676645,0.92916066535394,0.770904526947563,3,2.0625,0.25,"N4 S2 P1 O4","de-protonated",0,NA,"C16 H33 O4 S2 N4 P1",16,33,4,4,1,2,NA,NA,NA,NA,NA
2907,439.174877,439.173744942069,439.17372478401,6754199,NA,240251.7,35.33,-1,0.0458999656311178,0.499808897862172,0.759892473118277,0.603842327964614,16,0.96551724137931,0.0689655172413793,"S1 O2","de-protonated",0,NA,"C29 H28 O2 S1",29,28,2,NA,NA,1,NA,NA,NA,NA,NA
2908,439.190227,439.189094877614,439.189113867077,6743965.5,NA,236757.6,35.28,-1,-0.0432375530350817,0.99946249427608,0.947218302290157,0.978564817481711,7,1.5,0.318181818181818,"P1 O7","de-protonated",0,NA,"C22 H33 O7 P1",22,33,7,NA,1,NA,NA,NA,NA,NA,NA
2909,439.192772,439.191639866928,439.19148284874,3833758.5,NA,232318.1,19.14,-1,0.357516468544437,0.488537232038525,0.759892473118277,0.597079328470426,16,0.96551724137931,0.137931034482759,"O4","de-protonated",0,NA,"C29 H28 O4",29,28,4,NA,NA,NA,NA,NA,NA,NA,NA
2910,439.198331,439.197198843585,439.197356075554,7686049,NA,240392,40.5,-1,-0.357998441431273,0.488506663181272,0.806643077274283,0.615761228818476,7,1.45454545454545,0.409090909090909,"O9","de-protonated",0,NA,"C22 H32 O9",22,32,9,NA,NA,NA,NA,NA,NA,NA,NA
2911,439.211348,439.210215788927,439.210110293395,6799270.5,NA,242107,35.58,-1,0.240193769539992,0.494793137334806,0.753652554121787,0.598336904049598,15,1.06666666666667,0.0333333333333333,"S1 O1","de-protonated",0,NA,"C30 H32 O1 S1",30,32,1,NA,NA,1,NA,NA,NA,NA,NA
2913,439.234521,439.233388691623,439.233579393686,2412464.5,NA,283292.7,11.26,-1,-0.43417004653567,0.966374599378181,0,0.579824759626909,1,2.27777777777778,0.111111111111111,"N4 S2 P1 O2","de-protonated",0,NA,"C18 H41 O2 S2 N4 P1",18,41,2,4,1,2,NA,NA,NA,NA,NA
2914,439.247856,439.246723635629,439.246628744561,3281846,NA,244881.8,16.08,-1,0.216031409248806,0.99156762150984,0,0.594940572905904,1,2.05,0.4,"P1 O8","de-protonated",0,NA,"C20 H41 O8 P1",20,41,8,NA,1,NA,NA,NA,NA,NA,NA
2915,439.265484,439.264351561608,439.264253867508,3704765.8,NA,234986.1,18.43,-1,0.22240393844265,0.495532533323326,0.747514279669976,0.596325231861986,14,1.16129032258065,0.0645161290322581,"O2","de-protonated",0,NA,"C31 H36 O2",31,36,2,NA,NA,NA,NA,NA,NA,NA,NA
2917,440.092398,440.091262089378,440.091331832327,5793055.5,NA,177118.8,30,-1,-0.158473807738851,0.497726737028912,0.799615297578637,0.618482161248802,13,1.04347826086957,0.0869565217391304,"N1 S2 P1 O2","de-protonated",0,NA,"C23 H24 O2 S2 N1 P1",23,24,2,1,1,2,NA,NA,NA,NA,NA
2920,440.133886,440.132749915169,440.132588246819,3470641,NA,243135.3,17.13,-1,0.367317382318614,0.97581580923588,0,0.585489485541528,17,0.851851851851852,0.111111111111111,"N1 S1 O3","de-protonated",0,NA,"C27 H23 O3 S1 N1",27,23,3,1,NA,1,NA,NA,NA,NA,NA
2923,440.170298,440.169161762274,440.168973756203,3913024.8,NA,235384.8,19.58,-1,0.427122496799904,0.483719772408566,0.766236582456902,0.596726496427901,16,0.964285714285714,0.0714285714285714,"N1 S1 O2","de-protonated",0,NA,"C28 H27 O2 S1 N1",28,27,2,1,NA,1,NA,NA,NA,NA,NA
2929,441.04738,441.046240079388,441.046334734396,2286776.3,NA,246432,10.56,-1,-0.214614657369233,0.991677399300751,0,0.595006439580451,15,0.666666666666667,0.523809523809524,"O11","de-protonated",0,NA,"C21 H14 O11",21,14,11,NA,NA,NA,NA,NA,NA,NA,NA
2930,441.06028,441.05914002522,441.059088952236,4905661.5,NA,208485.7,25.08,-1,0.115796240198982,0.498784976894925,0.759892473118277,0.603227975384266,23,0.482758620689655,0.103448275862069,"S1 O3","de-protonated",0,NA,"C29 H14 O3 S1",29,14,3,NA,NA,1,NA,NA,NA,NA,NA
2931,441.06847,441.06732999083,441.067464102495,12423873,NA,236580.9,66.76,-1,-0.304061568047016,0.491682185680665,0.836034543948893,0.629423128987956,10,1,0.722222222222222,"O13","de-protonated",0,NA,"C18 H18 O13",18,18,13,NA,NA,NA,NA,NA,NA,NA,NA
2932,441.077957,441.076816950994,441.076847016965,2482885.3,NA,218127.1,11.65,-1,-0.068164927281524,0.999157261728393,0,0.599494357037036,23,0.482758620689655,0.172413793103448,"O5","de-protonated",0,NA,"C29 H14 O5",29,14,5,NA,NA,NA,NA,NA,NA,NA,NA
2933,441.084524,441.083383923419,441.083589623705,4186824.3,NA,160339.2,21.1,-1,-0.466352163361649,0.961306244696863,0,0.576783746818118,13,0.956521739130435,0.217391304347826,"S2 O5","de-protonated",0,NA,"C23 H22 O5 S2",23,22,5,NA,NA,2,NA,NA,NA,NA,NA
2934,441.096798,441.09565787188,441.09547446162,19792590,NA,231353.2,107.61,-1,0.415806261126132,0.977878140585397,0.997273436705708,0.985636259033521,22,0.6,0.0666666666666667,"S1 O2","de-protonated",0,NA,"C30 H18 O2 S1",30,18,2,NA,NA,1,NA,NA,NA,NA,NA
2935,441.104821,441.103680838192,441.103849611879,31331024,NA,231304.2,171.58,-1,-0.382616673786544,0.486893212962355,0.828487690504102,0.623531003979054,9,1.15789473684211,0.631578947368421,"O12","de-protonated",0,NA,"C19 H22 O12",19,22,12,NA,NA,NA,NA,NA,NA,NA,NA
2936,441.114473,441.113332797663,441.11323252635,4773589,NA,243789.3,24.35,-1,0.22731422564651,0.49533402152649,0.753652554121787,0.598661434564609,22,0.6,0.133333333333333,"O4","de-protonated",0,NA,"C30 H18 O4",30,18,4,NA,NA,NA,NA,NA,NA,NA,NA
2937,441.120023,441.118882774358,441.118943561912,3549911.3,NA,234285.7,17.56,-1,-0.137803090900551,0.99656027481394,0,0.597936164888364,8,1.5,0.166666666666667,"N4 S2 P1 O3","de-protonated",0,NA,"C18 H27 O3 S2 N4 P1",18,27,3,4,1,2,NA,NA,NA,NA,NA
2938,441.133116,441.13197571938,441.131859971005,27275996,NA,234895.6,149.1,-1,0.262389516852456,0.492782463950238,0.930467904531698,0.667856640182822,21,0.709677419354839,0.032258064516129,"S1 O1","de-protonated",0,NA,"C31 H22 O1 S1",31,22,1,NA,NA,1,NA,NA,NA,NA,NA
2939,441.141129,441.139988685734,441.140072930012,31994592,NA,234494.3,175.26,-1,-0.190969451942159,0.664404980754025,0.928544651443954,0.770060849029996,3,2.06666666666667,0.333333333333333,"N4 S2 P1 O5","de-protonated",0,NA,"C15 H31 O5 S2 N4 P1",15,31,5,4,1,2,NA,NA,NA,NA,NA
2940,441.150896,441.149755644722,441.149618035734,4886244.5,NA,251128.3,24.97,-1,0.311932691352546,0.491249810598274,0.747514279669976,0.593755598226955,21,0.709677419354839,0.0967741935483871,"O3","de-protonated",0,NA,"C31 H22 O3",31,22,3,NA,NA,NA,NA,NA,NA,NA,NA
2941,441.156336,441.155195621879,441.155329071296,3750631,NA,222452.6,18.68,-1,-0.302499841820765,0.983533409733555,0,0.590120045840133,7,1.63157894736842,0.105263157894737,"N4 S2 P1 O2","de-protonated",0,NA,"C19 H31 O2 S2 N4 P1",19,31,2,4,1,2,NA,NA,NA,NA,NA
2942,441.169516,441.168375566536,441.168378422171,16741101,NA,234774,90.7,-1,-0.00647289059581109,0.999967211865237,0.950275224188045,0.98009041679436,7,1.47619047619048,0.380952380952381,"P1 O8","de-protonated",0,NA,"C21 H31 O8 P1",21,31,8,NA,1,NA,NA,NA,NA,NA,NA
2943,441.177541,441.176400532839,441.176620630648,13329136,NA,232382,71.78,-1,-0.498888197667765,0.477921951427626,0.813795485951173,0.612271365237045,7,1.42857142857143,0.476190476190476,"O10","de-protonated",0,NA,"C21 H30 O10",21,30,10,NA,NA,NA,NA,NA,NA,NA,NA
2944,441.190707,441.189566477554,441.189374848488,4623093.5,NA,223906,23.51,-1,0.434346511962072,0.483173862728829,0.759892473118277,0.593861306884609,15,1.03448275862069,0.0689655172413793,"S1 O2","de-protonated",0,NA,"C29 H30 O2 S1",29,30,2,NA,NA,1,NA,NA,NA,NA,NA
2945,441.20603,441.204889413213,441.204763931555,3875580.3,NA,233853,19.37,-1,0.284406851916499,0.985430293903049,0,0.591258176341829,6,1.59090909090909,0.318181818181818,"P1 O7","de-protonated",0,NA,"C22 H35 O7 P1",22,35,7,NA,1,NA,NA,NA,NA,NA,NA
2946,441.213982,441.212841379822,441.213006140032,5648127.5,NA,237035.9,29.2,-1,-0.373425551291309,0.487507506542828,0.806643077274283,0.61516173483541,6,1.54545454545455,0.409090909090909,"O9","de-protonated",0,NA,"C22 H34 O9",22,34,9,NA,NA,NA,NA,NA,NA,NA,NA
2947,441.22692,441.225779325495,441.225760357873,2770693.3,NA,273958,13.24,-1,0.042988474994161,0.999664737410932,0,0.599798842446559,14,1.13333333333333,0.0333333333333333,"S1 O1","de-protonated",0,NA,"C30 H34 O1 S1",30,34,1,NA,NA,1,NA,NA,NA,NA,NA
2948,441.250306,441.249165227297,441.249229458164,4100879.3,NA,246003.4,20.62,-1,-0.145565959212277,0.996162584180141,0,0.597697550508084,0,2.38888888888889,0.111111111111111,"N4 S2 P1 O2","de-protonated",0,NA,"C18 H43 O2 S2 N4 P1",18,43,2,4,1,2,NA,NA,NA,NA,NA
2949,441.253598,441.252457213474,441.252382830232,2915088.5,NA,254481.3,14.05,-1,0.168573009885174,0.994857068535993,0,0.596914241121596,5,1.77272727272727,0.227272727272727,"N2 P1 O5","de-protonated",0,NA,"C22 H39 O5 N2 P1",22,39,5,2,1,NA,NA,NA,NA,NA,NA
2951,442.07169,442.070545778287,442.070596387421,2356335.5,NA,284906.9,10.95,-1,-0.114482017434492,0.99762473492571,0,0.598574840955426,13,1,0.136363636363636,"N1 S2 P1 O3","de-protonated",0,NA,"C22 H22 O3 S2 N1 P1",22,22,3,1,1,2,NA,NA,NA,NA,NA
2953,442.108105,442.10696062538,442.106981896805,5727359,NA,240805.4,29.63,-1,-0.0481137512194487,0.499790023321561,0.799615297578637,0.619720133024392,12,1.1304347826087,0.0869565217391304,"N1 S2 P1 O2","de-protonated",0,NA,"C23 H26 O2 S2 N1 P1",23,26,2,1,1,2,NA,NA,NA,NA,NA
2956,442.144558,442.143413472313,442.14336740619,6804622.5,NA,243217.8,35.61,-1,0.104188204063762,0.499016140007539,0.792708917554682,0.616493251026396,11,1.25,0.0416666666666667,"N1 S2 P1 O1","de-protonated",0,NA,"C24 H30 O1 S2 N1 P1",24,30,1,1,1,2,NA,NA,NA,NA,NA
2957,442.149659,442.148514450894,442.148371253079,2850448.8,NA,216612.6,13.68,-1,0.323868240590423,0.981147701726548,0,0.588688621035929,3,1.875,0.6875,"N1 P1 O11","de-protonated",0,NA,"C16 H30 O11 N1 P1",16,30,11,1,1,NA,NA,NA,NA,NA,NA
2958,442.167104,442.165959377642,442.165996376026,1869464.4,NA,231423.3,8.25,-1,-0.0836753276987168,0.998730382698281,0,0.599238229618968,16,0.925925925925926,0.185185185185185,"N1 O5","de-protonated",0,NA,"C27 H25 O5 N1",27,25,5,1,NA,NA,NA,NA,NA,NA,NA
2961,442.185856,442.184711298902,442.184623820681,2206368.5,NA,240767.2,10.11,-1,0.197831891336854,0.992923715444192,0,0.595754229266515,15,1.03571428571429,0.0714285714285714,"N1 S1 O2","de-protonated",0,NA,"C28 H29 O2 S1 N1",28,29,2,1,NA,1,NA,NA,NA,NA,NA
2964,442.973213,442.972064992772,442.971944972746,2910706.5,NA,249228.5,14.02,-1,0.270942726007172,0.986768179550327,0,0.592060907730196,20,0.409090909090909,0.136363636363636,"N2 S2 P1 O3","de-protonated",0,NA,"C22 H9 O3 S2 N2 P1",22,9,3,2,1,2,NA,NA,NA,NA,NA
2965,443.02641,443.025261769397,443.025437098237,2161673.3,NA,269909.5,9.86,-1,-0.395753438815136,0.9719813756429,0,0.58318882538574,10,1.13333333333333,0.4,"N4 S2 P1 O6","de-protonated",0,NA,"C15 H17 O6 S2 N4 P1",15,17,6,4,1,2,NA,NA,NA,NA,NA
2966,443.039619,443.038470713932,443.03835350733,3159567,NA,211485.8,15.4,-1,0.264551819074302,0.987381124340528,0,0.592428674604317,23,0.428571428571429,0.142857142857143,"S1 O4","de-protonated",0,NA,"C28 H12 O4 S1",28,12,4,NA,NA,1,NA,NA,NA,NA,NA
2967,443.047639,443.046490680256,443.046566466337,3045906.5,NA,253007.4,14.77,-1,-0.171056693408459,0.994704809454878,0,0.596822885672927,5,1.75,0.666666666666667,"N4 S2 P1 O8","de-protonated",0,NA,"C12 H21 O8 S2 N4 P1",12,21,8,4,1,2,NA,NA,NA,NA,NA
2968,443.05718,443.056031640193,443.056111572059,2064150.5,NA,194542.6,9.32,-1,-0.180410255032586,0.994111638297885,0,0.596466982978731,23,0.428571428571429,0.214285714285714,"O6","de-protonated",0,NA,"C28 H12 O6",28,12,6,NA,NA,NA,NA,NA,NA,NA,NA
2969,443.062956,443.061807615939,443.061984798874,5079577,NA,240558,26.04,-1,-0.399905521837625,0.485699452126715,0.813795485951173,0.616937865656498,14,0.761904761904762,0.523809523809524,"O11","de-protonated",0,NA,"C21 H16 O11",21,16,11,NA,NA,NA,NA,NA,NA,NA,NA
2970,443.075946,443.074797561394,443.074739016714,11912735,NA,228118.2,63.92,-1,0.132132741796224,0.498418544405387,0.759892473118277,0.603008115890543,22,0.551724137931034,0.103448275862069,"S1 O3","de-protonated",0,NA,"C29 H16 O3 S1",29,16,3,NA,NA,1,NA,NA,NA,NA,NA
2971,443.084038,443.082889527416,443.082951975721,13432354,NA,237806.8,72.35,-1,-0.14094043769474,0.660206312187378,0.927279913856465,0.767035752855013,4,1.92307692307692,0.538461538461538,"N4 S2 P1 O7","de-protonated",0,NA,"C13 H25 O7 S2 N4 P1",13,25,7,4,1,2,NA,NA,NA,NA,NA
2972,443.093823,443.092674486328,443.092497081443,6983206,NA,242459.4,36.59,-1,0.400378896036034,0.485666066813188,0.759892473118277,0.595356629335224,22,0.551724137931034,0.172413793103448,"O5","de-protonated",0,NA,"C29 H16 O5",29,16,5,NA,NA,NA,NA,NA,NA,NA,NA
2973,443.099373,443.098224463024,443.098370308258,6884904.5,NA,227581.5,36.05,-1,-0.329148658728498,0.490267008653101,0.806643077274283,0.616817436101574,13,0.909090909090909,0.454545454545455,"O10","de-protonated",0,NA,"C22 H20 O10",22,20,10,NA,NA,NA,NA,NA,NA,NA,NA
2974,443.112431,443.111282408193,443.111124526098,36484656,NA,232786.3,200.15,-1,0.356303612769354,0.493371589480672,0.886600347201798,0.650663092569123,21,0.666666666666667,0.0666666666666667,"S1 O2","de-protonated",0,NA,"C30 H20 O2 S1",30,20,2,NA,NA,1,NA,NA,NA,NA,NA
2975,443.120491,443.119342374349,443.119499676357,18540082,NA,233132.5,100.67,-1,-0.354987782632149,0.9742782766838,0.986428615370646,0.979138412158539,8,1.26315789473684,0.631578947368421,"O12","de-protonated",0,NA,"C19 H24 O12",19,24,12,NA,NA,NA,NA,NA,NA,NA,NA
2976,443.130204,443.129055333564,443.128882590828,8576566,NA,235649.5,45.43,-1,0.3898250433283,0.486401546093715,0.753652554121787,0.593301949304944,21,0.666666666666667,0.133333333333333,"O4","de-protonated",0,NA,"C30 H20 O4",30,20,4,NA,NA,NA,NA,NA,NA,NA,NA
2977,443.135725,443.134576310381,443.134755817642,7171640,NA,233631.5,37.64,-1,-0.405085042659046,0.485332138073995,0.799615297578637,0.611045401875852,12,1.04347826086957,0.391304347826087,"O9","de-protonated",0,NA,"C23 H24 O9",23,24,9,NA,NA,NA,NA,NA,NA,NA,NA
2978,443.148781,443.147632255558,443.147510035483,29595198,NA,232782.6,161.96,-1,0.27579998291277,0.496220600126523,0.879099218230228,0.649372047368005,20,0.774193548387097,0.032258064516129,"S1 O1","de-protonated",0,NA,"C31 H24 O1 S1",31,24,1,NA,NA,1,NA,NA,NA,NA,NA
2979,443.156805,443.155656221866,443.15572299449,12449345,NA,235645.5,66.9,-1,-0.150675305610751,0.663299715688613,0.928544651443954,0.769397689990749,2,2.2,0.333333333333333,"N4 S2 P1 O5","de-protonated",0,NA,"C15 H33 O5 S2 N4 P1",15,33,5,4,1,2,NA,NA,NA,NA,NA
2980,443.166502,443.165353181148,443.165268100212,6166085.5,NA,242578.1,32.06,-1,0.191984664899988,0.496667229007338,0.747514279669976,0.597006049272393,20,0.774193548387097,0.0967741935483871,"O3","de-protonated",0,NA,"C31 H24 O3",31,24,3,NA,NA,NA,NA,NA,NA,NA,NA
2981,443.171971,443.170822158183,443.170979135774,6098504,NA,211901.6,31.69,-1,-0.354214509928098,0.984074203689455,0.940413320638203,0.966609850468954,6,1.73684210526316,0.105263157894737,"N4 S2 P1 O2","de-protonated",0,NA,"C19 H33 O2 S2 N4 P1",19,33,2,4,1,2,NA,NA,NA,NA,NA
2982,443.18515,443.184001102844,443.184028486649,11380302,NA,237811.2,60.97,-1,-0.061788788867026,0.997913787006464,0.944987891997172,0.976743429002748,6,1.57142857142857,0.380952380952381,"P1 O8","de-protonated",0,NA,"C21 H33 O8 P1",21,33,8,NA,1,NA,NA,NA,NA,NA,NA
2983,443.193175,443.192026069147,443.192108503874,6585937,NA,234650.6,34.39,-1,-0.186002244036985,0.496871056214927,0.85154837932281,0.63874198545808,1,2.3125,0.25,"N4 S2 P1 O4","de-protonated",0,NA,"C16 H37 O4 S2 N4 P1",16,37,4,4,1,2,NA,NA,NA,NA,NA
2984,443.206312,443.205163013985,443.205024912966,3248726.5,NA,197450.2,15.89,-1,0.311596237478505,0.982537021629234,0,0.58952221297754,14,1.10344827586207,0.0689655172413793,"S1 O2","de-protonated",0,NA,"C29 H32 O2 S1",29,32,2,NA,NA,1,NA,NA,NA,NA,NA
2985,443.221542,443.220392950033,443.220413996033,2657373,NA,183276.5,12.61,-1,-0.0474842738573487,0.999590961117211,0,0.599754576670327,5,1.68181818181818,0.318181818181818,"P1 O7","de-protonated",0,NA,"C22 H37 O7 P1",22,37,7,NA,1,NA,NA,NA,NA,NA,NA
2986,443.229675,443.228525915883,443.22865620451,6170208.5,NA,243169.6,32.09,-1,-0.293953528870884,0.49222176532555,0.806643077274283,0.617990290105043,5,1.63636363636364,0.409090909090909,"O9","de-protonated",0,NA,"C22 H36 O9",22,36,9,NA,NA,NA,NA,NA,NA,NA,NA
2987,443.265997,443.264847763366,443.265041713895,4050544.3,NA,232609.9,20.34,-1,-0.43754979636944,0.965858129801803,0,0.579514877881082,4,1.73913043478261,0.347826086956522,"O8","de-protonated",0,NA,"C23 H40 O8",23,40,8,NA,NA,NA,NA,NA,NA,NA,NA
2988,443.976769,443.975616778819,443.975436153416,1740193.8,NA,248203,7.52,-1,0.406836476494686,0.97041385290578,0,0.582248311743468,20,0.333333333333333,0.238095238095238,"N3 S2 O5","de-protonated",0,NA,"C21 H7 O5 S2 N3",21,7,5,3,NA,2,NA,NA,NA,NA,NA
2990,444.087328,444.086175314579,444.086246451899,1810385.4,NA,247385.1,7.91,-1,-0.160188073347719,0.995354809426058,0,0.597212885655635,12,1.09090909090909,0.136363636363636,"N1 S2 P1 O3","de-protonated",0,NA,"C22 H24 O3 S2 N1 P1",22,24,3,1,1,2,NA,NA,NA,NA,NA
2993,444.130698,444.129545132467,444.129353341213,1752292,NA,188986.6,7.59,-1,0.431836475392079,0.966729021785085,0,0.580037413071051,3,1.92857142857143,0.785714285714286,"N3 S1 O11","de-protonated",0,NA,"C14 H27 O11 S1 N3",14,27,11,3,NA,1,NA,NA,NA,NA,NA
2995,444.16015,444.158997008798,444.159017470668,2884592.5,NA,248865.5,13.87,-1,-0.0460687935179499,0.999614979471087,0,0.599768987682652,10,1.33333333333333,0.0416666666666667,"N1 S2 P1 O1","de-protonated",0,NA,"C24 H32 O1 S2 N1 P1",24,32,1,1,1,2,NA,NA,NA,NA,NA
2998,444.203849,444.202695825305,444.202775808604,3501059.5,NA,241520.5,17.29,-1,-0.180060332062643,0.994134391170849,0,0.596480634702509,10,1.29166666666667,0.291666666666667,"N1 O7","de-protonated",0,NA,"C24 H31 O7 N1",24,31,7,1,NA,NA,NA,NA,NA,NA,NA
2999,444.21687,444.215716770629,444.215662968226,2421769,NA,270838.9,11.3,-1,0.121117753477979,0.997341775995086,0,0.598405065597052,5,1.71428571428571,0.333333333333333,"N1 P1 O7","de-protonated",0,NA,"C21 H36 O7 N1 P1",21,36,7,1,1,NA,NA,NA,NA,NA,NA
3000,444.224948,444.223794736709,444.223905176703,1805324.5,NA,274037.3,7.89,-1,-0.248613351740143,0.988847565636108,0,0.593308539381665,5,1.66666666666667,0.428571428571429,"N1 O9","de-protonated",0,NA,"C21 H35 O9 N1",21,35,9,1,NA,NA,NA,NA,NA,NA,NA
3004,445.042251,445.041094304836,445.041249353967,3852652.3,NA,256624.8,19.23,-1,-0.348392719850875,0.978216967288765,0,0.586930180373259,14,0.7,0.6,"O12","de-protonated",0,NA,"C20 H14 O12",20,14,12,NA,NA,NA,NA,NA,NA,NA,NA
3005,445.055336,445.054179249892,445.054003571808,4696434,NA,233415,23.91,-1,0.394734307768769,0.486061733667845,0.766236582456902,0.598131673183468,22,0.5,0.142857142857143,"S1 O4","de-protonated",0,NA,"C28 H14 O4 S1",28,14,4,NA,NA,1,NA,NA,NA,NA,NA
3006,445.063447,445.062290215834,445.062378722067,2833781.3,NA,270983.9,13.59,-1,-0.198862535809035,0.992850057671777,0,0.595710034603066,9,1.05882352941176,0.823529411764706,"O14","de-protonated",0,NA,"C17 H18 O14",17,18,14,NA,NA,NA,NA,NA,NA,NA,NA
3007,445.0729,445.07174317614,445.071761636537,4276601.5,NA,182276.3,21.58,-1,-0.0414773494165574,0.499843944873347,0.766236582456902,0.606400999906769,22,0.5,0.214285714285714,"O6","de-protonated",0,NA,"C28 H14 O6",28,14,6,NA,NA,NA,NA,NA,NA,NA,NA
3008,445.078664,445.077507151937,445.077634863352,7352700,NA,231825.7,38.64,-1,-0.286941883108974,0.986408562976296,0.981270470558794,0.984353326009295,13,0.857142857142857,0.523809523809524,"O11","de-protonated",0,NA,"C21 H18 O11",21,18,11,NA,NA,NA,NA,NA,NA,NA,NA
3009,445.091651,445.090494097404,445.090389081192,22657410,NA,228957.4,123.49,-1,0.235943563037958,0.660232451403893,0.913887612161761,0.76169451570704,21,0.620689655172414,0.103448275862069,"S1 O3","de-protonated",0,NA,"C29 H18 O3 S1",29,18,3,NA,NA,1,NA,NA,NA,NA,NA
3010,445.099736,445.098579063455,445.098764231451,5776773,NA,231809,29.9,-1,-0.416015524427044,0.484542414763307,0.836034543948893,0.625139266437541,8,1.22222222222222,0.722222222222222,"O13","de-protonated",0,NA,"C18 H22 O13",18,22,13,NA,NA,NA,NA,NA,NA,NA,NA
3011,445.109377,445.108220022972,445.108147145921,10611081,NA,235504.5,56.7,-1,0.163728863278375,0.997356668539157,0.959472890809194,0.982203157447172,21,0.620689655172414,0.172413793103448,"O5","de-protonated",0,NA,"C29 H18 O5",29,18,5,NA,NA,NA,NA,NA,NA,NA,NA
3012,445.114952,445.113794999563,445.113858181484,11843979,NA,229587.5,63.54,-1,-0.141945526240571,0.660135985064761,0.929766148780685,0.767988050551131,7,1.58823529411765,0.235294117647059,"N4 S2 P1 O4","de-protonated",0,NA,"C17 H27 O4 S2 N4 P1",17,27,4,4,1,2,NA,NA,NA,NA,NA
3013,445.127999,445.126841944778,445.126774590576,39991696,NA,229957.8,219.59,-1,0.151314649582966,0.493732127699746,0.878448321259671,0.647618605123716,20,0.733333333333333,0.0666666666666667,"S1 O2","de-protonated",0,NA,"C30 H22 O2 S1",30,22,2,NA,NA,1,NA,NA,NA,NA,NA
3014,445.136048,445.13489091098,445.134987549583,6984084.5,NA,239891.6,36.59,-1,-0.217099544025285,0.495742193520436,0.867648864333947,0.64450486184584,2,2.21428571428571,0.428571428571429,"N4 S2 P1 O6","de-protonated",0,NA,"C14 H31 O6 S2 N4 P1",14,31,6,4,1,2,NA,NA,NA,NA,NA
3015,445.145821,445.144663869943,445.144532655306,9451929,NA,235166.3,50.28,-1,0.294768615346481,0.98173584255915,0.917620220372625,0.95608959368454,20,0.733333333333333,0.133333333333333,"O4","de-protonated",0,NA,"C30 H22 O4",30,22,4,NA,NA,NA,NA,NA,NA,NA,NA
3016,445.151365,445.150207846664,445.15040588212,12716443,NA,227936.4,68.37,-1,-0.444873134476849,0.979448527267887,0.9929754825736,0.984859309390172,11,1.1304347826087,0.391304347826087,"O9","de-protonated",0,NA,"C23 H26 O9",23,26,9,NA,NA,NA,NA,NA,NA,NA,NA
3017,445.164463,445.163305791665,445.163160099961,20625824,NA,229512.4,112.22,-1,0.327277091904786,0.650267889241141,0.955706771945078,0.772443442322716,19,0.838709677419355,0.032258064516129,"S1 O1","de-protonated",0,NA,"C31 H26 O1 S1",31,26,1,NA,NA,1,NA,NA,NA,NA,NA
3018,445.172574,445.171416757607,445.17153525022,4618660,NA,241045.2,23.48,-1,-0.266172932137474,0.987226994262761,0,0.592336196557657,6,1.5,0.55,"O11","de-protonated",0,NA,"C20 H30 O11",20,30,11,NA,NA,NA,NA,NA,NA,NA,NA
3019,445.182208,445.181050717153,445.18091816469,3296680.5,NA,240305.6,16.15,-1,0.297749651892217,0.492021193316278,0.747514279669976,0.594218427857757,19,0.838709677419355,0.0967741935483871,"O3","de-protonated",0,NA,"C31 H26 O3",31,26,3,NA,NA,NA,NA,NA,NA,NA,NA
3020,445.18779,445.186632693715,445.186791391505,6590891,NA,204194.7,34.41,-1,-0.356474614916992,0.988425516590631,0.970962368602119,0.981440257395226,10,1.25,0.333333333333333,"O8","de-protonated",0,NA,"C24 H30 O8",24,30,8,NA,NA,NA,NA,NA,NA,NA,NA
3021,445.200851,445.199693638871,445.199678551127,6441392.5,NA,235539.5,33.59,-1,0.0338898368834537,0.995181021134739,0.853958690160773,0.938692088745153,5,1.66666666666667,0.380952380952381,"P1 O8","de-protonated",0,NA,"C21 H35 O8 P1",21,35,8,NA,1,NA,NA,NA,NA,NA,NA
3022,445.208892,445.207734605107,445.207920759604,4561332,NA,211892.8,23.16,-1,-0.418129347062743,0.968774833462402,0,0.581264900077441,5,1.61904761904762,0.476190476190476,"O10","de-protonated",0,NA,"C21 H34 O10",21,34,10,NA,NA,NA,NA,NA,NA,NA,NA
3023,445.224279,445.223121540496,445.223176900889,2334650.5,NA,222536,10.82,-1,-0.124343015710346,0.997198519682419,0,0.598319111809451,9,1.36,0.28,"O7","de-protonated",0,NA,"C25 H34 O7",25,34,7,NA,NA,NA,NA,NA,NA,NA,NA
3025,445.281704,445.280546299368,445.280691778373,1752019.3,NA,226485.9,7.59,-1,-0.326713032281873,0.980818268554777,0,0.588490961132866,3,1.82608695652174,0.347826086956522,"O8","de-protonated",0,NA,"C23 H42 O8",23,42,8,NA,NA,NA,NA,NA,NA,NA,NA
3037,446.240496,446.239334273379,446.239555241181,1839984.3,NA,304155,7.85,-1,-0.495177534118852,0.956483862852525,0,0.573890317711515,4,1.76190476190476,0.428571428571429,"N1 O9","de-protonated",0,NA,"C21 H37 O9 N1",21,37,9,1,NA,NA,NA,NA,NA,NA,NA
3041,447.057842,447.056676841325,447.056899418445,6597840.5,NA,234711,33.49,-1,-0.49787201785601,0.478009795401524,0.821075868479145,0.615236224632573,13,0.8,0.6,"O12","de-protonated",0,NA,"C20 H16 O12",20,16,12,NA,NA,NA,NA,NA,NA,NA,NA
3042,447.070873,447.069707786607,447.069653636286,9235670,NA,226625.8,47.71,-1,0.121122785018932,0.498670777712751,0.766236582456902,0.605697099610411,21,0.571428571428571,0.142857142857143,"S1 O4","de-protonated",0,NA,"C28 H16 O4 S1",28,16,4,NA,NA,1,NA,NA,NA,NA,NA
3043,447.088653,447.087487711949,447.087411701015,6569182,NA,235758.4,33.34,-1,0.170013584801454,0.497384512152137,0.766236582456902,0.604925340274043,21,0.571428571428571,0.214285714285714,"O6","de-protonated",0,NA,"C28 H16 O6",28,16,6,NA,NA,NA,NA,NA,NA,NA,NA
3044,447.094263,447.093097688392,447.09328492783,13884640,NA,223545,72.77,-1,-0.418792774875568,0.964752021449299,0.981939835245674,0.971627146967849,12,0.952380952380952,0.523809523809524,"O11","de-protonated",0,NA,"C21 H20 O11",21,20,11,NA,NA,NA,NA,NA,NA,NA,NA
3045,447.107315,447.106149633587,447.10603914567,25992422,NA,226524.3,138.03,-1,0.247117924829266,0.494455359009674,0.883822564041655,0.650202241022466,20,0.689655172413793,0.103448275862069,"S1 O3","de-protonated",0,NA,"C29 H20 O3 S1",29,20,3,NA,NA,1,NA,NA,NA,NA,NA
3046,447.115454,447.114288599411,447.114414295929,2134761.3,NA,226564.8,9.44,-1,-0.281128306932389,0.985761877891378,0,0.591457126734827,7,1.33333333333333,0.722222222222222,"O13","de-protonated",0,NA,"C18 H24 O13",18,24,13,NA,NA,NA,NA,NA,NA,NA,NA
3047,447.125139,447.123973558743,447.123797210399,11594990,NA,232346.4,60.43,-1,0.394406079160541,0.486084578405085,0.759892473118277,0.595607736290362,20,0.689655172413793,0.172413793103448,"O5","de-protonated",0,NA,"C29 H20 O5",29,20,5,NA,NA,NA,NA,NA,NA,NA,NA
3048,447.13068,447.129514535476,447.129670437214,21314800,NA,231526.4,112.82,-1,-0.348672315487131,0.982087554381382,0.998062609382917,0.988477576381996,11,1.09090909090909,0.454545454545455,"O10","de-protonated",0,NA,"C22 H24 O10",22,24,10,NA,NA,NA,NA,NA,NA,NA,NA
3049,447.135414,447.134248515598,447.134379151069,3363058,NA,271554.2,16.06,-1,-0.292161544560831,0.984631161012412,0,0.590778696607447,11,1.2,0.3,"N4 S1 O6","de-protonated",0,NA,"C20 H24 O6 S1 N4",20,24,6,4,NA,1,NA,NA,NA,NA,NA
3050,447.143745,447.142579480616,447.142424655054,26115318,NA,227888.2,138.69,-1,0.346255585114885,0.490120962849267,0.905200799569097,0.656152897537199,19,0.8,0.0666666666666667,"S1 O2","de-protonated",0,NA,"C30 H24 O2 S1",30,24,2,NA,NA,1,NA,NA,NA,NA,NA
3051,447.151733,447.150567447074,447.150637614061,1976057,NA,247185.2,8.58,-1,-0.156920243074542,0.995541980917696,0,0.597325188550618,1,2.35714285714286,0.428571428571429,"N4 S2 P1 O6","de-protonated",0,NA,"C14 H33 O6 S2 N4 P1",14,33,6,4,1,2,NA,NA,NA,NA,NA
3052,447.161472,447.16030640618,447.160182719784,6692093,NA,233674.7,34,-1,0.276604226279184,0.493106649355826,0.753652554121787,0.59732501126221,19,0.8,0.133333333333333,"O4","de-protonated",0,NA,"C30 H24 O4",30,24,4,NA,NA,NA,NA,NA,NA,NA,NA
3053,447.167033,447.165867382829,447.166055946598,14691584,NA,232396.2,77.12,-1,-0.421686231340751,0.979112122100272,0.998477374240704,0.986858222956445,10,1.21739130434783,0.391304347826087,"O9","de-protonated",0,NA,"C23 H28 O9",23,28,9,NA,NA,NA,NA,NA,NA,NA,NA
3054,447.180048,447.178882328179,447.178810164439,13102341,NA,237120.8,68.55,-1,0.161375581249249,0.997054145994566,0.961052706045433,0.982653570014912,18,0.903225806451613,0.032258064516129,"S1 O1","de-protonated",0,NA,"C31 H28 O1 S1",31,28,1,NA,NA,1,NA,NA,NA,NA,NA
3055,447.197567,447.196401254616,447.196568229168,2266380.8,NA,228505,10.14,-1,-0.373380664108375,0.975020943659614,0,0.585012566195768,18,0.903225806451613,0.0967741935483871,"O3","de-protonated",0,NA,"C31 H28 O3",31,28,3,NA,NA,NA,NA,NA,NA,NA,NA
3056,447.203384,447.202218230191,447.202441455983,5688591.5,NA,238213.3,28.59,-1,-0.499160494425263,0.477898384970441,0.792708917554682,0.603822598004137,9,1.33333333333333,0.333333333333333,"O8","de-protonated",0,NA,"C24 H32 O8",24,32,8,NA,NA,NA,NA,NA,NA,NA,NA
3057,447.216445,447.215279175347,447.215328615605,5760277,NA,244256.5,28.98,-1,-0.110551347656884,0.998076985491312,0.811028817781795,0.923257718407505,4,1.76190476190476,0.380952380952381,"P1 O8","de-protonated",0,NA,"C21 H37 O8 P1",21,37,8,NA,1,NA,NA,NA,NA,NA,NA
3059,447.252961,447.251795022016,447.251714124989,2960676.8,NA,243108.4,13.89,-1,0.180875834392627,0.994081297477588,0,0.596448778486553,3,1.86363636363636,0.318181818181818,"P1 O7","de-protonated",0,NA,"C22 H41 O7 P1",22,41,7,NA,1,NA,NA,NA,NA,NA,NA
3060,447.260928,447.259761988562,447.259956333466,1801000.1,NA,231134.9,7.64,-1,-0.434523371268819,0.966320781346304,0,0.579792468807783,3,1.81818181818182,0.409090909090909,"O9","de-protonated",0,NA,"C22 H40 O9",22,40,9,NA,NA,NA,NA,NA,NA,NA,NA
3063,448.12619,448.125020355308,448.124919409407,2861213.3,NA,228073,13.35,-1,0.225262859933819,0.990834942238091,0,0.594500965342854,11,1.0952380952381,0.476190476190476,"N1 O10","de-protonated",0,NA,"C21 H23 O10 N1",21,23,10,1,NA,NA,NA,NA,NA,NA,NA
3066,448.162424,448.161254203161,448.161304918791,2374829,NA,243613.9,10.73,-1,-0.113163787474098,0.997679057918713,0,0.598607434751228,10,1.22727272727273,0.409090909090909,"N1 O9","de-protonated",0,NA,"C22 H27 O9 N1",22,27,9,1,NA,NA,NA,NA,NA,NA,NA
3074,449.037163,449.035989530112,449.036163973539,3563558.5,NA,243380.4,17.13,-1,-0.388484137540541,0.972987326411895,0,0.583792395847137,13,0.736842105263158,0.684210526315789,"O13","de-protonated",0,NA,"C19 H14 O13",19,14,13,NA,NA,NA,NA,NA,NA,NA,NA
3075,449.050036,449.048862476058,449.04891819138,2815532,NA,226552,13.1,-1,-0.124074057783114,0.997210609058174,0,0.598326365434905,21,0.518518518518518,0.185185185185185,"S1 O5","de-protonated",0,NA,"C27 H14 O5 S1",27,14,5,NA,NA,1,NA,NA,NA,NA,NA
3076,449.067731,449.066557401756,449.066676256109,2697779.5,NA,233904.8,12.47,-1,-0.264669722255818,0.987369945436493,0,0.592421967261896,21,0.518518518518518,0.259259259259259,"O7","de-protonated",0,NA,"C27 H14 O7",27,14,7,NA,NA,NA,NA,NA,NA,NA,NA
3077,449.073477,449.072303377629,449.072387291671,12423222,NA,226952.5,64.89,-1,-0.186860837193809,0.653738574941488,0.928544651443954,0.763661005542474,7,1.53333333333333,0.4,"N4 S2 P1 O6","de-protonated",0,NA,"C15 H23 O6 S2 N4 P1",15,23,6,4,1,2,NA,NA,NA,NA,NA
3078,449.086567,449.085393322664,449.085303700764,9295932,NA,224370.3,48.03,-1,0.19956542581545,0.4963998036926,0.766236582456902,0.604334515198321,20,0.642857142857143,0.142857142857143,"S1 O4","de-protonated",0,NA,"C28 H18 O4 S1",28,18,4,NA,NA,1,NA,NA,NA,NA,NA
3079,449.104339,449.103165248039,449.103061765493,8300611.5,NA,237642.8,42.67,-1,0.230420485330316,0.495206246031355,0.766236582456902,0.603618380601574,20,0.642857142857143,0.214285714285714,"O6","de-protonated",0,NA,"C28 H18 O6",28,18,6,NA,NA,NA,NA,NA,NA,NA,NA
3080,449.109983,449.108809224339,449.108934992308,26255430,NA,227958.6,139.44,-1,-0.280038891490087,0.987661268356878,0.99290770292813,0.989759842185379,11,1.04761904761905,0.523809523809524,"O11","de-protonated",0,NA,"C21 H22 O11",21,22,11,NA,NA,NA,NA,NA,NA,NA,NA
3081,449.12303,449.121856169555,449.121689210148,15872075,NA,221863.2,83.48,-1,0.371746479141099,0.977390978840974,0.959623111549203,0.970283831924266,19,0.758620689655172,0.103448275862069,"S1 O3","de-protonated",0,NA,"C29 H22 O3 S1",29,22,3,NA,NA,1,NA,NA,NA,NA,NA
3083,449.140807,449.139633094909,449.139447274877,7813203,NA,232602.6,40.04,-1,0.413724584656753,0.484709568574167,0.759892473118277,0.594782730391811,19,0.758620689655172,0.172413793103448,"O5","de-protonated",0,NA,"C29 H22 O5",29,22,5,NA,NA,NA,NA,NA,NA,NA,NA
3084,449.146334,449.145160071701,449.145320501692,31547478,NA,229859.4,167.97,-1,-0.357189497289894,0.98052630046097,0.986768689732702,0.983023256169663,10,1.18181818181818,0.454545454545455,"O10","de-protonated",0,NA,"C22 H26 O10",22,26,10,NA,NA,NA,NA,NA,NA,NA,NA
3085,449.159351,449.158177017042,449.158074719532,14930011,NA,223141.2,78.4,-1,0.227753914456509,0.992919673264989,0.993504902295325,0.993153764877124,18,0.866666666666667,0.0666666666666667,"S1 O2","de-protonated",0,NA,"C30 H26 O2 S1",30,26,2,NA,NA,1,NA,NA,NA,NA,NA
3086,449.174579,449.173404953099,449.173463802599,51208288,NA,227048.3,273.94,-1,-0.131017311244869,0.993018781935861,0.97084530060727,0.984149389404425,9,1.34782608695652,0.304347826086957,"P1 O7","de-protonated",0,NA,"C23 H31 O7 P1",23,31,7,NA,1,NA,NA,NA,NA,NA,NA
3087,449.18263,449.181455919293,449.181543819824,14200933,NA,231903.4,74.47,-1,-0.195690433463553,0.663392043390466,0.930361369456682,0.770179773816952,4,1.94444444444444,0.166666666666667,"N4 S2 P1 O3","de-protonated",0,NA,"C18 H35 O3 S2 N4 P1",18,35,3,4,1,2,NA,NA,NA,NA,NA
3088,449.19574,449.194565864244,449.194460228917,12103787,NA,230023.3,63.16,-1,0.235166139607563,0.982738589396551,0.998392144771683,0.989000011546604,17,0.967741935483871,0.032258064516129,"S1 O1","de-protonated",0,NA,"C31 H30 O1 S1",31,30,1,NA,NA,1,NA,NA,NA,NA,NA
3089,449.219081,449.217906766234,449.218091520461,2924149,NA,184238.8,13.69,-1,-0.411279575871595,0.969774017095431,0,0.581864410257259,8,1.41666666666667,0.333333333333333,"O8","de-protonated",0,NA,"C24 H34 O8",24,34,8,NA,NA,NA,NA,NA,NA,NA,NA
3090,449.232153,449.230978711345,449.230978680083,5939322.5,NA,243005.7,29.94,-1,6.95905522948378e-05,0.995184201552551,0.921965029039843,0.965896532547468,3,1.85714285714286,0.380952380952381,"P1 O8","de-protonated",0,NA,"C21 H39 O8 P1",21,39,8,NA,1,NA,NA,NA,NA,NA,NA
3091,450.076728,450.075550164956,450.075681767849,2170343.3,NA,227783,9.62,-1,-0.292401698025566,0.984606080163445,0,0.590763648098067,15,0.916666666666667,0.0833333333333333,"N1 S2 P1 O2","de-protonated",0,NA,"C24 H22 O2 S2 N1 P1",24,22,2,1,1,2,NA,NA,NA,NA,NA
3092,450.105155,450.10397704559,450.104183964501,2749939.5,NA,240358,12.74,-1,-0.459713368355848,0.962379217784618,0,0.577427530670771,11,1.05,0.55,"N1 O11","de-protonated",0,NA,"C20 H21 O11 N1",20,21,11,1,NA,NA,NA,NA,NA,NA,NA
3095,450.141707,450.140528892107,450.140569473885,3231235.3,NA,231575.1,15.34,-1,-0.0901535659387296,0.998526332696678,0,0.599115799618007,10,1.19047619047619,0.476190476190476,"N1 O10","de-protonated",0,NA,"C21 H25 O10 N1",21,25,10,1,NA,NA,NA,NA,NA,NA,NA
3097,450.154368,450.153189838944,450.153323691725,2212872.8,NA,188130.1,9.85,-1,-0.297349313443016,0.984084926243981,0,0.590450955746389,18,0.862068965517241,0.0689655172413793,"N1 S1 O2","de-protonated",0,NA,"C29 H25 O2 S1 N1",29,25,2,1,NA,1,NA,NA,NA,NA,NA
3101,450.190996,450.189817685142,450.18970920111,17654296,NA,229419.8,93.08,-1,0.240974038200127,0.994471176112571,0.945110262550204,0.974726810687624,17,0.966666666666667,0.0333333333333333,"N1 S1 O1","de-protonated",0,NA,"C30 H29 O1 S1 N1",30,29,1,1,NA,1,NA,NA,NA,NA,NA
3105,451.04253,451.041348109532,451.041266610587,1809032.3,NA,213113.2,7.67,-1,0.180690660638999,0.994093374113653,0,0.596456024468191,8,1.23076923076923,0.923076923076923,"N4 S1 O12","de-protonated",0,NA,"C13 H16 O12 S1 N4",13,16,12,4,NA,1,NA,NA,NA,NA,NA
3106,451.052771,451.05158906653,451.051814038017,7533452.5,NA,227324.4,38.53,-1,-0.498770829670207,0.477932105663608,0.828487690504102,0.618154339599806,12,0.842105263157895,0.684210526315789,"O13","de-protonated",0,NA,"C19 H16 O13",19,16,13,NA,NA,NA,NA,NA,NA,NA,NA
3107,451.078825,451.077642957128,451.07745541548,3872664,NA,189629.6,18.79,-1,0.415763737479873,0.969121656427715,0,0.581472993856629,15,0.875,0.208333333333333,"S1 P1 O5","de-protonated",0,NA,"C24 H21 O5 S1 P1",24,21,5,NA,1,1,NA,NA,NA,NA,NA
3108,451.083643,451.082460936897,451.082326320587,2992026,NA,256776,14.05,-1,0.29842958278868,0.983970010848129,0,0.590382006508877,20,0.592592592592593,0.259259259259259,"O7","de-protonated",0,NA,"C27 H16 O7",27,16,7,NA,NA,NA,NA,NA,NA,NA,NA
3109,451.089148,451.087965913782,451.088037356149,21787548,NA,228288.6,115.36,-1,-0.158377880681229,0.663426084011623,0.928544651443954,0.769473510984555,6,1.66666666666667,0.4,"N4 S2 P1 O6","de-protonated",0,NA,"C15 H25 O6 S2 N4 P1",15,25,6,4,1,2,NA,NA,NA,NA,NA
3110,451.102195,451.101012858997,451.100953765242,6033314,NA,206651.4,30.44,-1,0.130998958983577,0.498445525702074,0.766236582456902,0.605561948404005,19,0.714285714285714,0.142857142857143,"S1 O4","de-protonated",0,NA,"C28 H20 O4 S1",28,20,4,NA,NA,1,NA,NA,NA,NA,NA
3111,451.117532,451.116349794597,451.116209906527,7195560.5,NA,209766.9,36.7,-1,0.310093202011972,0.980278392917784,0.914433426879447,0.953940406502449,23,0.625,0.03125,"S1 O1","de-protonated",0,NA,"C32 H20 O1 S1",32,20,1,NA,NA,1,NA,NA,NA,NA,NA
3112,451.120032,451.118849784099,451.118711829971,6056874,NA,202462.5,30.57,-1,0.305804490838537,0.491587363697502,0.766236582456902,0.601447051201262,19,0.714285714285714,0.214285714285714,"O6","de-protonated",0,NA,"C28 H20 O6",28,20,6,NA,NA,NA,NA,NA,NA,NA,NA
3113,451.125613,451.124430760664,451.124585056786,40387500,NA,228999.3,215.61,-1,-0.342025521153086,0.979567026849194,0.995244674211435,0.98583808579409,10,1.14285714285714,0.523809523809524,"O11","de-protonated",0,NA,"C21 H24 O11",21,24,11,NA,NA,NA,NA,NA,NA,NA,NA
3114,451.138689,451.137506705758,451.137339274626,7943090,NA,217239,40.73,-1,0.371131177537583,0.487658641318103,0.759892473118277,0.596552174038173,18,0.827586206896552,0.103448275862069,"S1 O3","de-protonated",0,NA,"C29 H24 O3 S1",29,24,3,NA,NA,1,NA,NA,NA,NA,NA
3115,451.154039,451.152856641303,451.152728357693,7500728.5,NA,223169.1,38.35,-1,0.284346303056551,0.978817865003319,0.907302804582786,0.950211840835106,9,1.31818181818182,0.363636363636364,"P1 O8","de-protonated",0,NA,"C22 H29 O8 P1",22,29,8,NA,1,NA,NA,NA,NA,NA,NA
3116,451.156493,451.155310630999,451.155097339355,5263289.5,NA,193436.9,26.29,-1,0.47276788937346,0.48012793392604,0.759892473118277,0.592033749602935,18,0.827586206896552,0.172413793103448,"O5","de-protonated",0,NA,"C29 H24 O5",29,24,5,NA,NA,NA,NA,NA,NA,NA,NA
3117,451.161996,451.160813607891,451.16097056617,29230012,NA,230419.9,155.47,-1,-0.347898618942065,0.983602922436489,0.999611719370034,0.990006441209907,9,1.27272727272727,0.454545454545455,"O10","de-protonated",0,NA,"C22 H28 O10",22,28,10,NA,NA,NA,NA,NA,NA,NA,NA
3118,451.171703,451.170520567131,451.17035348064,16712640,NA,231120,88,-1,0.37034013829676,0.979084058192535,0.934438376836217,0.961225785650008,22,0.727272727272727,0.0606060606060606,"O2","de-protonated",0,NA,"C33 H24 O2",33,24,2,NA,NA,NA,NA,NA,NA,NA,NA
3119,451.17502,451.173837553203,451.17372478401,11127746,NA,228678.3,57.9,-1,0.24994627742332,0.979130995851587,0.969958412531194,0.97546196252343,17,0.933333333333333,0.0666666666666667,"S1 O2","de-protonated",0,NA,"C30 H28 O2 S1",30,28,2,NA,NA,1,NA,NA,NA,NA,NA
3121,451.19035,451.189167488832,451.189113867077,4222920,NA,201084.4,20.68,-1,0.118845410636536,0.997440457953592,0,0.598464274772155,8,1.43478260869565,0.304347826086957,"P1 O7","de-protonated",0,NA,"C23 H33 O7 P1",23,33,7,NA,1,NA,NA,NA,NA,NA,NA
3123,451.198336,451.197153455299,451.197356075554,9864140,NA,236972.5,51.09,-1,-0.449072346393329,0.964484418076314,0.961553696694185,0.963312129523462,8,1.39130434782609,0.391304347826087,"O9","de-protonated",0,NA,"C23 H32 O9",23,32,9,NA,NA,NA,NA,NA,NA,NA,NA
3124,451.211337,451.210154400707,451.210110293395,10984401,NA,230538.4,57.13,-1,0.0977533786459445,0.989885205247184,0.907951351608544,0.957111663791728,16,1.03225806451613,0.032258064516129,"S1 O1","de-protonated",0,NA,"C31 H32 O1 S1",31,32,1,NA,NA,1,NA,NA,NA,NA,NA
3125,451.228963,451.227780326695,451.227868358124,1698520.8,NA,147244,7.07,-1,-0.195093066572487,0.99311761909036,0,0.595870571454216,16,1.03225806451613,0.0967741935483871,"O3","de-protonated",0,NA,"C31 H32 O3",31,32,3,NA,NA,NA,NA,NA,NA,NA,NA
3126,451.23485,451.233667301976,451.233741584939,1878491.4,NA,209696.1,8.04,-1,-0.164621915263265,0.995094742822425,0,0.597056845693455,7,1.5,0.333333333333333,"O8","de-protonated",0,NA,"C24 H36 O8",24,36,8,NA,NA,NA,NA,NA,NA,NA,NA
3127,451.247834,451.246651247456,451.246628744561,5025761,NA,225085.9,25.01,-1,0.0498682842499065,0.499774433446199,0.813795485951173,0.625382854448189,2,1.95238095238095,0.380952380952381,"P1 O8","de-protonated",0,NA,"C21 H41 O8 P1",21,41,8,NA,1,NA,NA,NA,NA,NA,NA
3128,451.284391,451.283208093952,451.283014253945,1724912.8,NA,248200.6,7.22,-1,0.429530917639604,0.967077440334304,0,0.580246464200582,1,2.04545454545455,0.318181818181818,"P1 O7","de-protonated",0,NA,"C22 H45 O7 P1",22,45,7,NA,1,NA,NA,NA,NA,NA,NA
3129,452.084426,452.083239734587,452.083448519594,2651978.3,NA,233458.7,12.21,-1,-0.46182846906358,0.962038911965838,0,0.577223347179503,11,1,0.631578947368421,"N1 O12","de-protonated",0,NA,"C19 H19 O12 N1",19,19,12,1,NA,NA,NA,NA,NA,NA,NA
3130,452.092502,452.091315700676,452.091331832327,4859214,NA,244588.4,24.11,-1,-0.0356822837724774,0.499884500806262,0.792708917554682,0.61701426750563,14,1,0.0833333333333333,"N1 S2 P1 O2","de-protonated",0,NA,"C24 H24 O2 S2 N1 P1",24,24,2,1,1,2,NA,NA,NA,NA,NA
3135,452.170303,452.169116373988,452.168973756203,3347823.5,NA,222880.7,15.96,-1,0.315408161414377,0.982111008095058,0,0.589266604857035,17,0.931034482758621,0.0689655172413793,"N1 S1 O2","de-protonated",0,NA,"C29 H27 O2 S1 N1",29,27,2,1,NA,1,NA,NA,NA,NA,NA
3138,452.188144,452.186957299073,452.186731820933,5661047,NA,232748,28.43,-1,0.498639443834377,0.477943470091643,0.759892473118277,0.590723071302297,17,0.931034482758621,0.137931034482759,"N1 O4","de-protonated",0,NA,"C29 H27 O4 N1",29,27,4,1,NA,NA,NA,NA,NA,NA,NA
3139,452.193666,452.192479275886,452.192605047747,2057081.5,NA,248299.6,9,-1,-0.278137810312988,0.986061072367331,0,0.591636643420399,8,1.40909090909091,0.409090909090909,"N1 O9","de-protonated",0,NA,"C22 H31 O9 N1",22,31,9,1,NA,NA,NA,NA,NA,NA,NA
3143,453.058244,453.057053645504,453.056916675065,3705583,NA,175731,17.89,-1,0.302325013901663,0.983552280412704,0,0.590131368247622,7,1.38461538461538,0.923076923076923,"N4 S1 O12","de-protonated",0,NA,"C13 H18 O12 S1 N4",13,18,12,4,NA,1,NA,NA,NA,NA,NA
3144,453.068485,453.067294602502,453.067464102495,12973811,NA,225409.7,67.84,-1,-0.374116454123491,0.487461822202297,0.828487690504102,0.623872169523019,11,0.947368421052632,0.684210526315789,"O13","de-protonated",0,NA,"C19 H18 O13",19,18,13,NA,NA,NA,NA,NA,NA,NA,NA
3145,453.096796,453.095605483623,453.09547446162,9600768,NA,211726.6,49.66,-1,0.289170848977066,0.981337216646121,0.974145639890924,0.978460585944042,23,0.580645161290323,0.0645161290322581,"S1 O2","de-protonated",0,NA,"C31 H18 O2 S1",31,18,2,NA,NA,1,NA,NA,NA,NA,NA
3146,453.104806,453.103615449989,453.103687420627,34162436,NA,226245.9,182.05,-1,-0.158839223596578,0.665143026060391,0.928544651443954,0.770503676213816,5,1.8,0.4,"N4 S2 P1 O6","de-protonated",0,NA,"C15 H27 O6 S2 N4 P1",15,27,6,4,1,2,NA,NA,NA,NA,NA
3147,453.117735,453.1165443957,453.11660382972,2481672.8,NA,150178,11.29,-1,-0.131167163724515,0.99688307486333,0,0.598129844917998,18,0.785714285714286,0.142857142857143,"S1 O4","de-protonated",0,NA,"C28 H22 O4 S1",28,22,4,NA,NA,1,NA,NA,NA,NA,NA
3148,453.133135,453.131944331035,453.131859971005,15693583,NA,220185.3,82.5,-1,0.186171041765384,0.995049264515272,0.984212536640231,0.990714573365255,22,0.6875,0.03125,"S1 O1","de-protonated",0,NA,"C32 H22 O1 S1",32,22,1,NA,NA,1,NA,NA,NA,NA,NA
3149,453.141218,453.140027297094,453.140235121264,39978772,NA,227111.7,213.4,-1,-0.45863102223965,0.481276401147521,0.813795485951173,0.614284035068982,9,1.23809523809524,0.523809523809524,"O11","de-protonated",0,NA,"C21 H26 O11",21,26,11,NA,NA,NA,NA,NA,NA,NA,NA
3150,453.150904,453.149713256423,453.149618035734,3172119,NA,216688.2,15.01,-1,0.210130793141316,0.496010075838687,0.741475186234395,0.59419611999697,22,0.6875,0.09375,"O3","de-protonated",0,NA,"C32 H22 O3",32,22,3,NA,NA,NA,NA,NA,NA,NA,NA
3151,453.154256,453.153065242348,453.152989339104,3972888.5,NA,225492.1,19.33,-1,0.167500259921462,0.497461075291428,0.759892473118277,0.602433634422168,17,0.896551724137931,0.103448275862069,"S1 O3","de-protonated",0,NA,"C29 H26 O3 S1",29,26,3,NA,NA,1,NA,NA,NA,NA,NA
3152,453.169639,453.168448177754,453.168378422171,9901855,NA,234168.5,51.29,-1,0.153928620771248,0.994249225118205,0.953202319318526,0.977830462798334,8,1.40909090909091,0.363636363636364,"P1 O8","de-protonated",0,NA,"C22 H31 O8 P1",22,31,8,NA,1,NA,NA,NA,NA,NA,NA
3153,453.17762,453.176429144242,453.176620630648,16750370,NA,228303,88.2,-1,-0.422542553179172,0.966683924982234,0.993444524412217,0.977388164754228,8,1.36363636363636,0.454545454545455,"O10","de-protonated",0,NA,"C22 H30 O10",22,30,10,NA,NA,NA,NA,NA,NA,NA,NA
3155,453.19066,453.189469089486,453.189374848488,9176872,NA,235380.8,47.38,-1,0.207950590283181,0.496092118166788,0.753652554121787,0.599116292548788,16,1,0.0666666666666667,"S1 O2","de-protonated",0,NA,"C30 H30 O2 S1",30,30,2,NA,NA,1,NA,NA,NA,NA,NA
3156,453.205958,453.20476702525,453.204763931555,5127983,NA,206035.9,25.55,-1,0.00682626281852361,0.499995772457262,0.799615297578637,0.619843582505812,7,1.52173913043478,0.304347826086957,"P1 O7","de-protonated",0,NA,"C23 H35 O7 P1",23,35,7,NA,1,NA,NA,NA,NA,NA,NA
3157,453.214028,453.212836991364,453.213006140032,4819762,NA,240361,23.89,-1,-0.373221126391394,0.487521008293386,0.799615297578637,0.612358724007486,7,1.47826086956522,0.391304347826087,"O9","de-protonated",0,NA,"C23 H34 O9",23,34,9,NA,NA,NA,NA,NA,NA,NA,NA
3158,453.227022,453.225830936802,453.225760357873,7386936,NA,236986.6,37.73,-1,0.155725766181507,0.497804721423987,0.747514279669976,0.597688544722382,15,1.09677419354839,0.032258064516129,"S1 O1","de-protonated",0,NA,"C31 H34 O1 S1",31,34,1,NA,NA,1,NA,NA,NA,NA,NA
3159,453.250403,453.249211838624,453.249391649417,2039105.9,NA,260634.4,8.91,-1,-0.39671491176857,0.971847006128015,0,0.583108203676809,6,1.58333333333333,0.333333333333333,"O8","de-protonated",0,NA,"C24 H38 O8",24,38,8,NA,NA,NA,NA,NA,NA,NA,NA
3160,453.263559,453.262367783382,453.262278809039,2563399.5,NA,253886.9,11.73,-1,0.196297700979228,0.993032661579715,0,0.595819596947829,1,2.04761904761905,0.380952380952381,"P1 O8","de-protonated",0,NA,"C21 H43 O8 P1",21,43,8,NA,1,NA,NA,NA,NA,NA,NA
3161,454.071767,454.070572389699,454.070596387421,1850532.8,NA,286096.3,7.89,-1,-0.0528502013605622,0.999493316137386,0,0.599695989682431,14,0.956521739130435,0.130434782608696,"N1 S2 P1 O3","de-protonated",0,NA,"C23 H22 O3 S2 N1 P1",23,22,3,1,1,2,NA,NA,NA,NA,NA
3163,454.108239,454.107044236552,454.106981896805,6484148.5,NA,230541,32.86,-1,0.137279868004444,0.498293150588925,0.792708917554682,0.616059457375228,13,1.08333333333333,0.0833333333333333,"N1 S2 P1 O2","de-protonated",0,NA,"C24 H26 O2 S2 N1 P1",24,26,2,1,1,2,NA,NA,NA,NA,NA
3164,454.11301,454.111815216518,454.111852801913,1731766.6,NA,218980.7,7.25,-1,-0.0827668210688009,0.998757785783608,0,0.599254671470165,18,0.777777777777778,0.148148148148148,"N1 S1 O4","de-protonated",0,NA,"C27 H21 O4 S1 N1",27,21,4,1,NA,1,NA,NA,NA,NA,NA
3166,454.144536,454.14334108414,454.14336740619,8704196,NA,232721.7,44.83,-1,-0.0579597800316024,0.499695319306823,0.785920818505338,0.614185518986229,12,1.2,0.04,"N1 S2 P1 O1","de-protonated",0,NA,"C25 H30 O1 S2 N1 P1",25,30,1,1,1,2,NA,NA,NA,NA,NA
3167,454.149411,454.14821606367,454.148238311297,2896582.3,NA,230888.3,13.53,-1,-0.048987589186007,0.999564657154164,0,0.599738794292498,17,0.892857142857143,0.107142857142857,"N1 S1 O3","de-protonated",0,NA,"C28 H25 O3 S1 N1",28,25,3,1,NA,1,NA,NA,NA,NA,NA
3170,454.186035,454.184839909885,454.184623820681,3193046,NA,246431.1,15.12,-1,0.475773930029128,0.959759184287655,0,0.575855510572593,16,1,0.0689655172413793,"N1 S1 O2","de-protonated",0,NA,"C29 H29 O2 S1 N1",29,29,2,1,NA,1,NA,NA,NA,NA,NA
3171,454.194361,454.193165874924,454.19299897094,2076889.8,NA,225056.9,9.11,-1,0.367473703105318,0.975795471726644,0,0.585477283035987,3,1.83333333333333,0.666666666666667,"N1 O12","de-protonated",0,NA,"C18 H33 O12 N1",18,33,12,1,NA,NA,NA,NA,NA,NA,NA
3172,454.963694,454.962495644477,454.962562058276,3899942,NA,244283.5,18.93,-1,-0.145976403029106,0.996140955265583,0,0.59768457315935,8,1.08333333333333,0.916666666666667,"N2 S2 P1 O11","de-protonated",0,NA,"C12 H13 O11 S2 N2 P1",12,13,11,2,1,2,NA,NA,NA,NA,NA
3173,455.026702,455.025503379905,455.025599289489,1752129.1,NA,290940.7,7.35,-1,-0.210778435506096,0.991971084928841,0,0.595182650957304,16,0.571428571428571,0.571428571428571,"O12","de-protonated",0,NA,"C21 H12 O12",21,12,12,NA,NA,NA,NA,NA,NA,NA,NA
3174,455.039697,455.038498325339,455.03835350733,2034758.8,NA,205198.6,8.88,-1,0.318254512460231,0.981789649491681,0,0.589073789695009,24,0.413793103448276,0.137931034482759,"S1 O4","de-protonated",0,NA,"C29 H12 O4 S1",29,12,4,NA,NA,1,NA,NA,NA,NA,NA
3175,455.047791,455.046592291352,455.046728657589,4214346.5,NA,256094.8,20.63,-1,-0.299675237574397,0.983837001752884,0,0.59030220105173,11,0.888888888888889,0.777777777777778,"O14","de-protonated",0,NA,"C18 H16 O14",18,16,14,NA,NA,NA,NA,NA,NA,NA,NA
3176,455.062986,455.061787227548,455.061984798874,3003984.8,NA,208295.4,14.1,-1,-0.434163547384621,0.966375588939683,0,0.57982535336381,15,0.727272727272727,0.5,"O11","de-protonated",0,NA,"C22 H16 O11",22,16,11,NA,NA,NA,NA,NA,NA,NA,NA
3177,455.075983,455.074784172973,455.074739016714,7520854.5,NA,174371.1,38.45,-1,0.0992282265898036,0.993361746434748,0.950754419034771,0.976318815474757,23,0.533333333333333,0.1,"S1 O3","de-protonated",0,NA,"C30 H16 O3 S1",30,16,3,NA,NA,1,NA,NA,NA,NA,NA
3178,455.084125,455.082926138785,455.083114166973,16161370,NA,229760.1,85.02,-1,-0.413173291353822,0.484749663367213,0.828487690504102,0.622244874221969,10,1.05263157894737,0.684210526315789,"O13","de-protonated",0,NA,"C19 H20 O13",19,20,13,NA,NA,NA,NA,NA,NA,NA,NA
3179,455.09383,455.092631098034,455.092497081443,3272286.3,NA,181145.4,15.55,-1,0.294482090779825,0.49219398756669,0.753652554121788,0.596777414188729,23,0.533333333333333,0.166666666666667,"O5","de-protonated",0,NA,"C30 H16 O5",30,16,5,NA,NA,NA,NA,NA,NA,NA,NA
3180,455.099504,455.098305074208,455.098370308258,3129952.5,NA,215433.8,14.78,-1,-0.143340547949432,0.996278803142054,0,0.597767281885232,14,0.869565217391304,0.434782608695652,"O10","de-protonated",0,NA,"C23 H20 O10",23,20,10,NA,NA,NA,NA,NA,NA,NA,NA
3181,455.112491,455.111292019675,455.111124526098,19483238,NA,220159.2,102.93,-1,0.368027868573488,0.658484864221221,0.956601766061885,0.777731624957487,22,0.645161290322581,0.0645161290322581,"S1 O2","de-protonated",0,NA,"C31 H20 O2 S1",31,20,2,NA,NA,1,NA,NA,NA,NA,NA
3182,455.120554,455.119354985819,455.119499676357,30714474,NA,224203.7,163.46,-1,-0.317917686909824,0.490913911427909,0.821075868479145,0.622978694248403,9,1.2,0.6,"O12","de-protonated",0,NA,"C20 H24 O12",20,24,12,NA,NA,NA,NA,NA,NA,NA,NA
3183,455.130243,455.129043945134,455.128882590828,4945518,NA,229877,24.57,-1,0.354524427786531,0.48872612156771,0.747514279669976,0.592241384808616,22,0.645161290322581,0.129032258064516,"O4","de-protonated",0,NA,"C31 H20 O4",31,20,4,NA,NA,NA,NA,NA,NA,NA,NA
3184,455.135791,455.134591921838,455.134755817642,2951792.3,NA,210166.1,13.82,-1,-0.360103907621732,0.976745329713146,0,0.586047197827887,13,1,0.375,"O9","de-protonated",0,NA,"C24 H24 O9",24,24,9,NA,NA,NA,NA,NA,NA,NA,NA
3185,455.148895,455.147695866814,455.147510035483,23226998,NA,225632.8,123.11,-1,0.408288142812018,0.643711416451293,0.943313352352989,0.763552190811971,21,0.75,0.03125,"S1 O1","de-protonated",0,NA,"C32 H24 O1 S1",32,24,1,NA,NA,1,NA,NA,NA,NA,NA
3186,455.156894,455.155694833226,455.155885185742,23104122,NA,227268.3,122.44,-1,-0.41821389449666,0.484381201906581,0.813795485951173,0.616146915524418,8,1.33333333333333,0.523809523809524,"O11","de-protonated",0,NA,"C21 H28 O11",21,28,11,NA,NA,NA,NA,NA,NA,NA,NA
3187,455.166477,455.165277792987,455.165268100212,3410557.5,NA,224141.5,16.29,-1,0.0212950672522309,0.499958860027501,0.741475186234395,0.596565390510259,21,0.75,0.09375,"O3","de-protonated",0,NA,"C32 H24 O3",32,24,3,NA,NA,NA,NA,NA,NA,NA,NA
3189,455.185216,455.184016714302,455.184028486649,9460358,NA,228973.5,48.9,-1,-0.0258628294757958,0.999469941550849,0.93549404991712,0.973879584897358,7,1.5,0.363636363636364,"P1 O8","de-protonated",0,NA,"C22 H33 O8 P1",22,33,8,NA,1,NA,NA,NA,NA,NA,NA
3190,455.1932,455.192000680777,455.192108503874,8407689,NA,228097.9,43.23,-1,-0.236873827859961,0.98671718546959,0.937078180417212,0.966861583448639,2,2.17647058823529,0.235294117647059,"N4 S2 P1 O4","de-protonated",0,NA,"C17 H37 O4 S2 N4 P1",17,37,4,4,1,2,NA,NA,NA,NA,NA
3191,455.206332,455.205132625635,455.205024912966,6142606.5,NA,231938.2,31.02,-1,0.236624515984392,0.49494595545607,0.753652554121787,0.598428594922357,15,1.06666666666667,0.0666666666666667,"S1 O2","de-protonated",0,NA,"C30 H32 O2 S1",30,32,2,NA,NA,1,NA,NA,NA,NA,NA
3192,455.221595,455.220395561545,455.220413996033,3037845.3,NA,239071.9,14.28,-1,-0.0404957399720471,0.999702485666249,0,0.599821491399749,6,1.60869565217391,0.304347826086957,"P1 O7","de-protonated",0,NA,"C23 H37 O7 P1",23,37,7,NA,1,NA,NA,NA,NA,NA,NA
3193,455.229568,455.228368528067,455.228494013258,3981976.8,NA,254575.9,19.37,-1,-0.275653200904704,0.986307288148337,0,0.591784372889002,1,2.27777777777778,0.166666666666667,"N4 S2 P1 O3","de-protonated",0,NA,"C18 H41 O3 S2 N4 P1",18,41,3,4,1,2,NA,NA,NA,NA,NA
3194,455.242832,455.241632472371,455.241410422351,3040926.5,NA,218171.3,14.3,-1,0.487763228416498,0.957749521205198,0,0.574649712723118,14,1.16129032258065,0.032258064516129,"S1 O1","de-protonated",0,NA,"C31 H36 O1 S1",31,36,1,NA,NA,1,NA,NA,NA,NA,NA
3195,455.266118,455.264918374592,455.265041713895,3186344.5,NA,259526.2,15.08,-1,-0.270917577591119,0.986770619424749,0,0.592062371654849,5,1.66666666666667,0.333333333333333,"O8","de-protonated",0,NA,"C24 H40 O8",24,40,8,NA,NA,NA,NA,NA,NA,NA,NA
3197,456.087422,456.086218925919,456.086246451899,4254731,NA,231766.9,20.84,-1,-0.060352577171153,0.499669651784799,0.799615297578637,0.619647910102334,13,1.04347826086957,0.130434782608696,"N1 S2 P1 O3","de-protonated",0,NA,"C23 H24 O3 S2 N1 P1",23,24,3,1,1,2,NA,NA,NA,NA,NA
3199,456.123827,456.122623773053,456.122631961283,6431771,NA,231219.9,32.58,-1,-0.01795181714202,0.499970763325903,0.792708917554682,0.617066025017414,12,1.16666666666667,0.0833333333333333,"N1 S2 P1 O2","de-protonated",0,NA,"C24 H28 O2 S2 N1 P1",24,28,2,1,1,2,NA,NA,NA,NA,NA
3201,456.160215,456.159011620259,456.159017470668,5101610.5,NA,223983.4,25.41,-1,-0.0128253704858231,0.499985076963874,0.785920818505338,0.61435937358046,11,1.28,0.04,"N1 S2 P1 O1","de-protonated",0,NA,"C25 H32 O1 S2 N1 P1",25,32,1,1,1,2,NA,NA,NA,NA,NA
3202,456.164876,456.163672600688,456.163888375775,2507308.5,NA,219336.1,11.42,-1,-0.473020975440644,0.960214162307117,0,0.57612849738427,16,0.964285714285714,0.107142857142857,"N1 S1 O3","de-protonated",0,NA,"C28 H27 O3 S1 N1",28,27,3,1,NA,1,NA,NA,NA,NA,NA
3203,456.182725,456.181521525739,456.181646440504,1757236.3,NA,231756.3,7.38,-1,-0.273826810495875,0.986486906674735,0,0.591892144004841,16,0.964285714285714,0.178571428571429,"N1 O5","de-protonated",0,NA,"C28 H27 O5 N1",28,27,5,1,NA,NA,NA,NA,NA,NA,NA
3206,456.225146,456.223942347613,456.223905176703,1964614.5,NA,226908.4,8.5,-1,0.0814751458073781,0.998796232552241,0,0.599277739531344,6,1.59090909090909,0.409090909090909,"N1 O9","de-protonated",0,NA,"C22 H35 O9 N1",22,35,9,1,NA,NA,NA,NA,NA,NA,NA
3208,457.042157,457.040949916965,457.041087162715,2774439,NA,267845.1,12.86,-1,-0.300291929439841,0.983770953990841,0,0.590262572394505,10,1.1875,0.375,"N4 S2 P1 O6","de-protonated",0,NA,"C16 H19 O6 S2 N4 P1",16,19,6,4,1,2,NA,NA,NA,NA,NA
3209,457.055323,457.054115861681,457.054003571808,3193260.8,NA,179525.6,15.12,-1,0.245681849961019,0.989107591667808,0,0.593464555000685,23,0.482758620689655,0.137931034482759,"S1 O4","de-protonated",0,NA,"C29 H14 O4 S1",29,14,4,NA,NA,1,NA,NA,NA,NA,NA
3210,457.063454,457.062246827539,457.062378722067,5132720.5,NA,237077.9,25.57,-1,-0.288570082037587,0.985003858445789,0,0.591002315067473,10,1,0.777777777777778,"O14","de-protonated",0,NA,"C18 H18 O14",18,18,14,NA,NA,NA,NA,NA,NA,NA,NA
3212,457.078655,457.077447763709,457.077634863352,4619703,NA,233072.4,22.81,-1,-0.409338869414171,0.485027147302069,0.806643077274283,0.613673519290954,14,0.818181818181818,0.5,"O11","de-protonated",0,NA,"C22 H18 O11",22,18,11,NA,NA,NA,NA,NA,NA,NA,NA
3213,457.091771,457.090563708635,457.090389081192,16661949,NA,222489.5,87.71,-1,0.382041379722384,0.986148861561788,0.944824252104725,0.969619017778963,22,0.6,0.1,"S1 O3","de-protonated",0,NA,"C30 H18 O3 S1",30,18,3,NA,NA,1,NA,NA,NA,NA,NA
3214,457.099816,457.098608674854,457.098764231451,14368192,NA,227677.3,75.35,-1,-0.340312880733478,0.489602583381696,0.828487690504102,0.625156626230658,9,1.15789473684211,0.684210526315789,"O13","de-protonated",0,NA,"C19 H22 O13",19,22,13,NA,NA,NA,NA,NA,NA,NA,NA
3215,457.109486,457.108278634249,457.108147145921,6645188,NA,224350.2,33.72,-1,0.287652558063672,0.492549177974091,0.753652554121788,0.596990528433169,22,0.6,0.166666666666667,"O5","de-protonated",0,NA,"C30 H18 O5",30,18,5,NA,NA,NA,NA,NA,NA,NA,NA
3216,457.115147,457.113939610479,457.114020372736,6391238.5,NA,221516.9,32.35,-1,-0.176678582831834,0.985431341123502,0.991135500266073,0.98771300478053,13,0.956521739130435,0.434782608695652,"O10","de-protonated",0,NA,"C23 H22 O10",23,22,10,NA,NA,NA,NA,NA,NA,NA,NA
3217,457.128111,457.126903556043,457.126774590576,29543884,NA,224761.1,157.15,-1,0.282121882438383,0.493012040351249,0.898037064390747,0.655022049967048,21,0.709677419354839,0.0645161290322581,"S1 O2","de-protonated",0,NA,"C31 H22 O2 S1",31,22,2,NA,NA,1,NA,NA,NA,NA,NA
3218,457.136171,457.134963522198,457.135149740835,16952784,NA,233326.6,89.28,-1,-0.407360136500574,0.97588237360366,0.976940862818021,0.976305769289405,8,1.3,0.6,"O12","de-protonated",0,NA,"C20 H26 O12",20,26,12,NA,NA,NA,NA,NA,NA,NA,NA
3219,457.145895,457.144687481367,457.144532655306,7194068,NA,236459,36.68,-1,0.338680767777318,0.489701042766499,0.747514279669976,0.59282633752789,21,0.709677419354839,0.129032258064516,"O4","de-protonated",0,NA,"C31 H22 O4",31,22,4,NA,NA,NA,NA,NA,NA,NA,NA
3220,457.151418,457.150210458176,457.15040588212,5654998.5,NA,228691.3,28.39,-1,-0.427482819355973,0.962567234688106,0.966147808325101,0.963999464142904,12,1.08333333333333,0.375,"O9","de-protonated",0,NA,"C24 H26 O9",24,26,9,NA,NA,NA,NA,NA,NA,NA,NA
3221,457.164476,457.163268403345,457.163160099961,21110236,NA,226325.2,111.69,-1,0.236903131787666,0.6519328552669,0.905458746790756,0.753343211876443,20,0.8125,0.03125,"S1 O1","de-protonated",0,NA,"C32 H26 O1 S1",32,26,1,NA,NA,1,NA,NA,NA,NA,NA
3222,457.17256,457.1713523694,457.17153525022,9467359,NA,228916,48.94,-1,-0.400026697687302,0.985064935665876,0.979101886944522,0.982679716177334,7,1.42857142857143,0.523809523809524,"O11","de-protonated",0,NA,"C21 H30 O11",21,30,11,NA,NA,NA,NA,NA,NA,NA,NA
3223,457.182295,457.181087328523,457.18091816469,3343843.5,NA,221593.2,15.93,-1,0.370015077031359,0.487731841063187,0.741475186234395,0.58922917913167,20,0.8125,0.09375,"O3","de-protonated",0,NA,"C32 H26 O3",32,26,3,NA,NA,NA,NA,NA,NA,NA,NA
3224,457.187887,457.186679305042,457.186791391505,3084262,NA,168353.9,14.53,-1,-0.245165575495788,0.989153073139706,0,0.593491843883823,11,1.2,0.32,"O8","de-protonated",0,NA,"C25 H30 O8",25,30,8,NA,NA,NA,NA,NA,NA,NA,NA
3225,457.200941,457.199733250228,457.199678551127,6747627.5,NA,213382.1,34.28,-1,0.119639412979067,0.993930187964541,0.644833945639107,0.854291691034367,6,1.59090909090909,0.363636363636364,"P1 O8","de-protonated",0,NA,"C22 H35 O8 P1",22,35,8,NA,1,NA,NA,NA,NA,NA,NA
3226,457.208976,457.207768216489,457.207920759604,5111279,NA,226605.3,25.46,-1,-0.333640578998695,0.490002233830888,0.806643077274283,0.616658571208246,6,1.54545454545455,0.454545454545455,"O10","de-protonated",0,NA,"C22 H34 O10",22,34,10,NA,NA,NA,NA,NA,NA,NA,NA
3227,457.24533,457.244122063837,457.244306268988,4545023,NA,249787.2,22.4,-1,-0.402859365061612,0.485490520673449,0.799615297578637,0.611140431435524,5,1.65217391304348,0.391304347826087,"O9","de-protonated",0,NA,"C23 H38 O9",23,38,9,NA,NA,NA,NA,NA,NA,NA,NA
3230,458.102989,458.101777462508,458.101896516377,2419568.8,NA,241620.9,10.95,-1,-0.259885125446343,0.987819693057795,0,0.592691815834677,12,1.1304347826087,0.130434782608696,"N1 S2 P1 O3","de-protonated",0,NA,"C23 H26 O3 S2 N1 P1",23,26,3,1,1,2,NA,NA,NA,NA,NA
3234,458.144412,458.143200288572,458.143152930869,1995906.6,NA,169851.6,8.66,-1,0.103368789970505,0.998063079674854,0,0.598837847804913,16,0.925925925925926,0.148148148148148,"N1 S1 O4","de-protonated",0,NA,"C27 H25 O4 S1 N1",27,25,4,1,NA,1,NA,NA,NA,NA,NA
3241,459.058029,459.056813452274,459.056899418445,4472076.5,NA,253114,22.01,-1,-0.187266919213881,0.993656996660194,0,0.596194197996117,14,0.761904761904762,0.571428571428571,"O12","de-protonated",0,NA,"C21 H16 O12",21,16,12,NA,NA,NA,NA,NA,NA,NA,NA
3242,459.066979,459.065763414693,459.065630884293,2178832.3,NA,223522.9,9.65,-1,0.288695974686579,0.984990869757627,0,0.590994521854576,18,0.666666666666667,0.25,"N2 S1 O6","de-protonated",0,NA,"C24 H16 O6 S1 N2",24,16,6,2,NA,1,NA,NA,NA,NA,NA
3243,459.071014,459.06979839775,459.069653636286,7377170,NA,232300.2,37.66,-1,0.3153366007193,0.491059525791255,0.759892473118277,0.598592704722064,22,0.551724137931034,0.137931034482759,"S1 O4","de-protonated",0,NA,"C29 H16 O4 S1",29,16,4,NA,NA,1,NA,NA,NA,NA,NA
3244,459.079105,459.077889363776,459.078028786545,3951893.5,NA,252969,19.2,-1,-0.303701681247432,0.983403399448657,0,0.590042039669194,9,1.11111111111111,0.777777777777778,"O14","de-protonated",0,NA,"C18 H20 O14",18,20,14,NA,NA,NA,NA,NA,NA,NA,NA
3245,459.088682,459.087466323562,459.087411701015,5249305.5,NA,225103.9,26.2,-1,0.118980710383326,0.498717317146361,0.759892473118277,0.603187379535127,22,0.551724137931034,0.206896551724138,"O6","de-protonated",0,NA,"C29 H16 O6",29,16,6,NA,NA,NA,NA,NA,NA,NA,NA
3246,459.094395,459.093179299573,459.09328492783,7940380,NA,234073.4,40.7,-1,-0.230080161481418,0.978421543869005,0.986270230702284,0.981561018602317,13,0.909090909090909,0.5,"O11","de-protonated",0,NA,"C22 H20 O11",22,20,11,NA,NA,NA,NA,NA,NA,NA,NA
3247,459.107394,459.106178244989,459.10603914567,26824994,NA,222707.2,142.49,-1,0.302978631316526,0.494021975610961,0.897875649598822,0.655563445206105,21,0.666666666666667,0.1,"S1 O3","de-protonated",0,NA,"C30 H20 O3 S1",30,20,3,NA,NA,1,NA,NA,NA,NA,NA
3248,459.115468,459.114252211087,459.114414295929,6891813,NA,219600.7,35.05,-1,-0.353038017189961,0.488819396380658,0.828487690504102,0.624686714030035,8,1.26315789473684,0.684210526315789,"O13","de-protonated",0,NA,"C19 H24 O13",19,24,13,NA,NA,NA,NA,NA,NA,NA,NA
3249,459.125069,459.123853170772,459.123797210399,9826601,NA,233801,50.87,-1,0.121885148635234,0.498654015047896,0.753652554121787,0.600653430677453,21,0.666666666666667,0.166666666666667,"O5","de-protonated",0,NA,"C30 H20 O5",30,20,5,NA,NA,NA,NA,NA,NA,NA,NA
3250,459.130715,459.129499147064,459.129670437214,10103084,NA,231859,52.36,-1,-0.373075758224629,0.987513386667179,0.972357803275964,0.981451153310693,12,1.04347826086957,0.434782608695652,"O10","de-protonated",0,NA,"C23 H24 O10",23,24,10,NA,NA,NA,NA,NA,NA,NA,NA
3251,459.143721,459.142505092452,459.142424655054,27291954,NA,223968.7,145.01,-1,0.175190513685382,0.491661135081433,0.906612141713921,0.657641537734428,20,0.774193548387097,0.0645161290322581,"S1 O2","de-protonated",0,NA,"C31 H24 O2 S1",31,24,2,NA,NA,1,NA,NA,NA,NA,NA
3252,459.15172,459.150504058864,459.150286740977,5601589,NA,224615.3,28.09,-1,0.473304478225317,0.480083710050005,0.73553288925895,0.582263381733583,25,0.606060606060606,0.0303030303030303,"N2 O1","de-protonated",0,NA,"C33 H20 O1 N2",33,20,1,2,NA,NA,NA,NA,NA,NA,NA
3253,459.161502,459.160286017789,459.160182719784,7147833,NA,225301.1,36.43,-1,0.224971608671704,0.495429259030619,0.747514279669976,0.596263267286361,20,0.774193548387097,0.129032258064516,"O4","de-protonated",0,NA,"C31 H24 O4",31,24,4,NA,NA,NA,NA,NA,NA,NA,NA
3254,459.167044,459.165827994518,459.166055946598,12280123,NA,220163.2,64.09,-1,-0.496448022635309,0.963527839273632,0.990442579662352,0.97429373542912,11,1.16666666666667,0.375,"O9","de-protonated",0,NA,"C24 H28 O9",24,28,9,NA,NA,NA,NA,NA,NA,NA,NA
3255,459.180157,459.178940939456,459.178810164439,12480833,NA,222124.2,65.17,-1,0.284801943044299,0.987929005623088,0.986661355224774,0.987421945463762,19,0.875,0.03125,"S1 O1","de-protonated",0,NA,"C32 H28 O1 S1",32,28,1,NA,NA,1,NA,NA,NA,NA,NA
3256,459.188236,459.187019905532,459.187185314698,4169028.5,NA,234334.5,20.37,-1,-0.360221650017516,0.976730298517679,0,0.586038179110607,6,1.52380952380952,0.523809523809524,"O11","de-protonated",0,NA,"C21 H32 O11",21,32,11,NA,NA,NA,NA,NA,NA,NA,NA
3257,459.203326,459.202109842169,459.20227926473,4078923,NA,171930.4,19.89,-1,-0.368949739904602,0.975603032063006,0,0.585361819237803,5,1.85,0.1,"N4 S2 P1 O2","de-protonated",0,NA,"C20 H37 O2 S2 N4 P1",20,37,2,4,1,2,NA,NA,NA,NA,NA
3258,459.207211,459.205994825856,459.205812759353,1757516.8,NA,255061.1,7.37,-1,0.396481268154617,0.971879686994339,0,0.583127812196603,5,1.63636363636364,0.363636363636364,"S1 O8","de-protonated",0,NA,"C22 H36 O8 S1",22,36,8,NA,NA,1,NA,NA,NA,NA,NA
3259,459.216599,459.215382786435,459.215328615605,4278609,NA,229395.8,20.96,-1,0.117963898892196,0.997478239167489,0,0.598486943500493,5,1.68181818181818,0.363636363636364,"P1 O8","de-protonated",0,NA,"C22 H37 O8 P1",22,37,8,NA,1,NA,NA,NA,NA,NA,NA
3260,459.224596,459.223379752856,459.223570824082,4068692.3,NA,235865.6,19.83,-1,-0.416074518928208,0.969076197842316,0,0.58144571870539,5,1.63636363636364,0.454545454545455,"O10","de-protonated",0,NA,"C22 H36 O10",22,36,10,NA,NA,NA,NA,NA,NA,NA,NA
3261,459.253075,459.251858633272,459.251714124989,1753952.5,NA,247799.4,7.35,-1,0.314660301435471,0.982194981354032,0,0.589316988812419,4,1.78260869565217,0.304347826086957,"P1 O7","de-protonated",0,NA,"C23 H41 O7 P1",23,41,7,NA,1,NA,NA,NA,NA,NA,NA
3262,459.261011,459.259794599948,459.259956333466,3822948,NA,237836.8,18.51,-1,-0.352161157990966,0.977748490651969,0,0.586649094391181,4,1.73913043478261,0.391304347826087,"O9","de-protonated",0,NA,"C23 H40 O9",23,40,9,NA,NA,NA,NA,NA,NA,NA,NA
3263,459.297465,459.296248446877,459.296341842851,2000755.6,NA,220410.6,8.68,-1,-0.203345781391066,0.992525262156586,0,0.595515157293952,3,1.83333333333333,0.333333333333333,"O8","de-protonated",0,NA,"C24 H44 O8",24,44,8,NA,NA,NA,NA,NA,NA,NA,NA
3264,459.304592,459.303375416951,459.303355775658,3437942.8,NA,224196.2,16.43,-1,0.0427632247344649,0.999668241030956,0,0.599800944618573,7,1.60714285714286,0.107142857142857,"P1 O3","de-protonated",0,NA,"C28 H45 O3 P1",28,45,3,NA,1,NA,NA,NA,NA,NA,NA
3272,460.21189,460.210669607186,460.210577587798,2018045.5,NA,233914.7,8.78,-1,0.199950616394593,0.992771885724666,0,0.5956631314348,5,1.71428571428571,0.380952380952381,"N1 P1 O8","de-protonated",0,NA,"C21 H36 O8 N1 P1",21,36,8,1,1,NA,NA,NA,NA,NA,NA
3277,461.03717,461.035946141817,461.036163973539,2807392.8,NA,237392,13.03,-1,-0.472482939096564,0.960302799689837,0,0.576181679813902,14,0.7,0.65,"O13","de-protonated",0,NA,"C20 H14 O13",20,14,13,NA,NA,NA,NA,NA,NA,NA,NA
3278,461.050263,461.04903908684,461.04891819138,2735206.3,NA,260853.4,12.64,-1,0.262218292280811,0.987601376918317,0,0.59256082615099,22,0.5,0.178571428571429,"S1 O5","de-protonated",0,NA,"C28 H14 O5 S1",28,14,5,NA,NA,1,NA,NA,NA,NA,NA
3279,461.068048,461.06682401216,461.066676256109,2515566,NA,127837.5,11.46,-1,0.320465690945561,0.981538083989351,0,0.588922850393611,22,0.5,0.25,"O7","de-protonated",0,NA,"C28 H14 O7",28,14,7,NA,NA,NA,NA,NA,NA,NA,NA
3280,461.073617,461.072392988776,461.072549482923,8369264.5,NA,218117.5,43.01,-1,-0.339413283299176,0.989441023456648,0.990983252562201,0.990057915098869,13,0.857142857142857,0.571428571428571,"O12","de-protonated",0,NA,"C21 H18 O12",21,18,12,NA,NA,NA,NA,NA,NA,NA,NA
3281,461.086685,461.085460933903,461.085303700764,12145782,NA,222846.3,63.36,-1,0.341006615576438,0.988590163384381,0.94053692111607,0.969368866477056,21,0.620689655172414,0.137931034482759,"S1 O4","de-protonated",0,NA,"C29 H18 O4 S1",29,18,4,NA,NA,1,NA,NA,NA,NA,NA
3282,461.094841,461.093616899656,461.093678851023,2061945.4,NA,278782.8,9.01,-1,-0.134357442158613,0.996729861009827,0,0.598037916605896,8,1.22222222222222,0.777777777777778,"O14","de-protonated",0,NA,"C18 H22 O14",18,22,14,NA,NA,NA,NA,NA,NA,NA,NA
3283,461.104395,461.103170859538,461.103061765493,8692861,NA,218942.4,44.75,-1,0.236593625012737,0.49494726827593,0.759892473118277,0.600925350212869,21,0.620689655172414,0.206896551724138,"O6","de-protonated",0,NA,"C29 H18 O6",29,18,6,NA,NA,NA,NA,NA,NA,NA,NA
3284,461.110034,461.10880983586,461.108934992308,13829248,NA,226576.4,72.44,-1,-0.271424902994758,0.977751013295251,0.993310199777161,0.983974687888015,12,1,0.5,"O11","de-protonated",0,NA,"C22 H22 O11",22,22,11,NA,NA,NA,NA,NA,NA,NA,NA
3285,461.123033,461.121808781277,461.121689210148,24261766,NA,220051.8,128.67,-1,0.259304932743652,0.496266561788516,0.877911396040462,0.648924495489295,20,0.733333333333333,0.1,"S1 O3","de-protonated",0,NA,"C30 H22 O3 S1",30,22,3,NA,NA,1,NA,NA,NA,NA,NA
3286,461.131033,461.129808747685,461.129902169155,2395785,NA,256479,10.81,-1,-0.202592523091543,0.992580331690978,0,0.595548199014587,2,2.21428571428571,0.5,"N4 S2 P1 O7","de-protonated",0,NA,"C14 H31 O7 S2 N4 P1",14,31,7,4,1,2,NA,NA,NA,NA,NA
3287,461.140757,461.139532706853,461.139447274877,8402061,NA,212485.3,43.18,-1,0.185262779580531,0.986056683158562,0.94504128192959,0.969650522666973,20,0.733333333333333,0.166666666666667,"O5","de-protonated",0,NA,"C30 H22 O5",30,22,5,NA,NA,NA,NA,NA,NA,NA,NA
3288,461.146312,461.145087683528,461.14515831044,17114256,NA,224087.3,90.14,-1,-0.153155488810814,0.665155881889618,0.930361369456682,0.771238076916444,6,1.72222222222222,0.222222222222222,"N4 S2 P1 O4","de-protonated",0,NA,"C18 H31 O4 S2 N4 P1",18,31,4,4,1,2,NA,NA,NA,NA,NA
3289,461.159368,461.158143628705,461.158074719532,17319062,NA,222951.8,91.25,-1,0.149426360787657,0.988777810306222,0.991407024063395,0.989829495809091,19,0.838709677419355,0.0645161290322581,"S1 O2","de-protonated",0,NA,"C31 H26 O2 S1",31,26,2,NA,NA,1,NA,NA,NA,NA,NA
3290,461.167282,461.166057595474,461.165936805455,1807000.5,NA,261283.2,7.64,-1,0.261923116691316,0.98762910185238,0,0.592577461111428,24,0.666666666666667,0.0303030303030303,"N2 O1","de-protonated",0,NA,"C33 H22 O1 N2",33,22,1,2,NA,NA,NA,NA,NA,NA,NA
3291,461.177193,461.175968553858,461.175832784262,4165789,NA,224847.2,20.35,-1,0.294398765454333,0.492198369810344,0.747514279669976,0.594324733754197,19,0.838709677419355,0.129032258064516,"O4","de-protonated",0,NA,"C31 H26 O4",31,26,4,NA,NA,NA,NA,NA,NA,NA,NA
3292,461.182708,461.1814835307,461.181706011076,10708127,NA,218768.2,55.61,-1,-0.482413706653091,0.976779609421822,0.996705054575163,0.984749787483158,10,1.25,0.375,"O9","de-protonated",0,NA,"C24 H30 O9",24,30,9,NA,NA,NA,NA,NA,NA,NA,NA
3293,461.195773,461.19454847584,461.194460228917,9172133,NA,224501.5,47.33,-1,0.191344282528721,0.496689351802103,0.741475186234394,0.594603685575019,18,0.9375,0.03125,"S1 O1","de-protonated",0,NA,"C32 H30 O1 S1",32,30,1,NA,NA,1,NA,NA,NA,NA,NA
3294,461.219254,461.218029377243,461.218091520461,3795119,NA,238212.6,18.35,-1,-0.134737164977587,0.996711381137679,0,0.598026828682607,9,1.36,0.32,"O8","de-protonated",0,NA,"C25 H34 O8",25,34,8,NA,NA,NA,NA,NA,NA,NA,NA
3295,461.232251,461.231026322668,461.230978680083,4205748.5,NA,240103.4,20.57,-1,0.103294417523747,0.998065863151997,0,0.598839517891198,4,1.77272727272727,0.363636363636364,"P1 O8","de-protonated",0,NA,"C22 H39 O8 P1",22,39,8,NA,1,NA,NA,NA,NA,NA,NA
3297,461.268449,461.267224170672,461.267364189467,2020548,NA,262494.5,8.79,-1,-0.30355235613349,0.983419579964836,0,0.590051747978902,3,1.8695652173913,0.304347826086957,"P1 O7","de-protonated",0,NA,"C23 H43 O7 P1",23,43,7,NA,1,NA,NA,NA,NA,NA,NA
3298,461.283801,461.282576106208,461.282620330752,2906826.8,NA,219969.5,13.56,-1,-0.0958729888183277,0.998333580835037,0,0.599000148501022,7,1.59259259259259,0.148148148148148,"P1 O4","de-protonated",0,NA,"C27 H43 O4 P1",27,43,4,NA,1,NA,NA,NA,NA,NA,NA
3302,462.10522,462.103991657052,462.104183964501,2051115.9,NA,193810.5,8.95,-1,-0.416156043686373,0.969064267792379,0,0.581438560675428,12,1,0.523809523809524,"N1 O11","de-protonated",0,NA,"C21 H21 O11 N1",21,21,11,1,NA,NA,NA,NA,NA,NA,NA
3314,463.052802,463.051569678134,463.051651846765,5750722.5,NA,231839.7,28.89,-1,-0.177450248980258,0.994302727915695,0,0.596581636749417,8,1.4,0.466666666666667,"N4 S2 P1 O7","de-protonated",0,NA,"C15 H21 O7 S2 N4 P1",15,21,7,4,1,2,NA,NA,NA,NA,NA
3315,463.06587,463.064637623261,463.064568255858,4326344.5,NA,223070.6,21.21,-1,0.149800715452909,0.497968261840548,0.766236582456902,0.60527559008709,21,0.571428571428571,0.178571428571429,"S1 O5","de-protonated",0,NA,"C28 H16 O5 S1",28,16,5,NA,NA,1,NA,NA,NA,NA,NA
3316,463.078951,463.077718568334,463.077652119972,2731726,NA,138020.8,12.62,-1,0.143492914789772,0.996270902665763,0,0.597762541599458,8,1.33333333333333,0.733333333333333,"N4 S1 O11","de-protonated",0,NA,"C15 H20 O11 S1 N4",15,20,11,4,NA,1,NA,NA,NA,NA,NA
3317,463.083652,463.082419548594,463.082326320587,3911632,NA,230146.6,18.98,-1,0.201320590074468,0.496336431843432,0.766236582456902,0.60429649208882,21,0.571428571428571,0.25,"O7","de-protonated",0,NA,"C28 H16 O7",28,16,7,NA,NA,NA,NA,NA,NA,NA,NA
3318,463.089208,463.087975525264,463.088199547401,13649874,NA,220024.3,71.47,-1,-0.483756954433376,0.97534038672859,0.977753990685399,0.976305828311314,12,0.952380952380952,0.571428571428571,"O12","de-protonated",0,NA,"C21 H20 O12",21,20,12,NA,NA,NA,NA,NA,NA,NA,NA
3319,463.102318,463.101085470215,463.100953765242,10620888,NA,216994.9,55.14,-1,0.284397974842419,0.492715598373875,0.759892473118277,0.599586348271636,20,0.689655172413793,0.137931034482759,"S1 O4","de-protonated",0,NA,"C29 H20 O4 S1",29,20,4,NA,NA,1,NA,NA,NA,NA,NA
3320,463.120157,463.118924395309,463.118711829971,8710112,NA,218244.3,44.84,-1,0.458986718192877,0.481247899086824,0.759892473118277,0.592705728699405,20,0.689655172413793,0.206896551724138,"O6","de-protonated",0,NA,"C29 H20 O6",29,20,6,NA,NA,NA,NA,NA,NA,NA,NA
3321,463.125673,463.124440372147,463.124585056786,25597922,NA,220147.9,135.87,-1,-0.312409756087446,0.975821075682336,0.991164651957789,0.981958506192517,11,1.09090909090909,0.5,"O11","de-protonated",0,NA,"C22 H24 O11",22,24,11,NA,NA,NA,NA,NA,NA,NA,NA
3322,463.13871,463.137477317404,463.137339274626,15599592,NA,224302.1,81.97,-1,0.298060135940498,0.991459332367389,0.963851541590659,0.980416216056697,19,0.8,0.1,"S1 O3","de-protonated",0,NA,"C30 H24 O3 S1",30,24,3,NA,NA,1,NA,NA,NA,NA,NA
3323,463.154066,463.152833252924,463.152728357693,5071854.5,NA,185039.9,25.23,-1,0.226480867340562,0.995305825287238,0.861233056956871,0.941676717955091,10,1.26086956521739,0.347826086956522,"P1 O8","de-protonated",0,NA,"C23 H29 O8 P1",23,29,8,NA,1,NA,NA,NA,NA,NA,NA
3324,463.156438,463.155205242964,463.155097339355,5458927.5,NA,184629.1,27.32,-1,0.23297510759684,0.495099887607635,0.753652554121787,0.598520954213296,19,0.8,0.166666666666667,"O5","de-protonated",0,NA,"C30 H24 O5",30,24,5,NA,NA,NA,NA,NA,NA,NA,NA
3325,463.162016,463.160783219542,463.16097056617,21919730,NA,223432.5,116.04,-1,-0.404495715162332,0.485374155414455,0.799615297578637,0.611070612280128,10,1.21739130434783,0.434782608695652,"O10","de-protonated",0,NA,"C23 H28 O10",23,28,10,NA,NA,NA,NA,NA,NA,NA,NA
3326,463.175066,463.173833164745,463.17372478401,10921975,NA,224352.1,56.76,-1,0.233995860709592,0.984216598199683,0.972617515814984,0.979576965245804,18,0.903225806451613,0.0645161290322581,"S1 O2","de-protonated",0,NA,"C31 H28 O2 S1",31,28,2,NA,NA,1,NA,NA,NA,NA,NA
3327,463.192896,463.191663089876,463.19148284874,3263487,NA,203437,15.48,-1,0.389128779582155,0.486449415235363,0.747514279669976,0.590875361009208,18,0.903225806451613,0.129032258064516,"O4","de-protonated",0,NA,"C31 H28 O4",31,28,4,NA,NA,NA,NA,NA,NA,NA,NA
3328,463.198381,463.197148066845,463.197356075554,9232385,NA,218497.9,47.65,-1,-0.449071453094658,0.977920485156404,0.984102462762309,0.980393276198766,9,1.33333333333333,0.375,"O9","de-protonated",0,NA,"C24 H32 O9",24,32,9,NA,NA,NA,NA,NA,NA,NA,NA
3329,463.211432,463.210199012043,463.210110293395,8366087,NA,225175.7,42.99,-1,0.191530034579255,0.989653861729176,0.992993090082607,0.990989553070549,17,1,0.03125,"S1 O1","de-protonated",0,NA,"C32 H32 O1 S1",32,32,1,NA,NA,1,NA,NA,NA,NA,NA
3330,463.234788,463.233554913971,463.233741584939,2361873,NA,244695.9,10.62,-1,-0.402973598805863,0.97096482323127,0,0.582578893938762,8,1.44,0.32,"O8","de-protonated",0,NA,"C25 H36 O8",25,36,8,NA,NA,NA,NA,NA,NA,NA,NA
3331,463.247857,463.246623859094,463.246628744561,5258262.5,NA,229936,26.23,-1,-0.0105461466132514,0.499989909630741,0.806643077274283,0.622651176688158,3,1.86363636363636,0.363636363636364,"P1 O8","de-protonated",0,NA,"C22 H41 O8 P1",22,41,8,NA,1,NA,NA,NA,NA,NA,NA
3332,463.284233,463.28299970635,463.283014253945,1803302.1,NA,307280.7,7.61,-1,-0.0314010969466327,0.999821102357436,0,0.599892661414462,2,1.95652173913043,0.304347826086957,"P1 O7","de-protonated",0,NA,"C23 H45 O7 P1",23,45,7,NA,1,NA,NA,NA,NA,NA,NA
3335,464.097342,464.096105292087,464.096202737435,2480002.8,NA,222467.4,11.26,-1,-0.209967991097065,0.992032462534638,0,0.595219477520783,20,0.678571428571429,0.142857142857143,"N1 S1 O4","de-protonated",0,NA,"C28 H19 O4 S1 N1",28,19,4,1,NA,1,NA,NA,NA,NA,NA
3337,464.121118,464.119881192251,464.119834028979,2601869,NA,181412.4,11.91,-1,0.101618740054013,0.998128048323303,0,0.598876828993982,11,1.0952380952381,0.523809523809524,"N1 O11","de-protonated",0,NA,"C21 H23 O11 N1",21,23,11,1,NA,NA,NA,NA,NA,NA,NA
3342,464.170325,464.16908798563,464.168973756203,2030498.1,NA,230156.2,8.83,-1,0.246094489846882,0.989071172652193,0,0.593442703591316,18,0.9,0.0666666666666667,"N1 S1 O2","de-protonated",0,NA,"C30 H27 O2 S1 N1",30,27,2,1,NA,1,NA,NA,NA,NA,NA
3348,465.024236,465.022995400039,465.022836384633,2506511.8,NA,233440.2,11.4,-1,0.341951820615087,0.979006511812344,0,0.587403907087407,13,0.789473684210526,0.631578947368421,"P1 O12","de-protonated",0,NA,"C19 H15 O12 P1",19,15,12,NA,1,NA,NA,NA,NA,NA,NA
3349,465.031933,465.030692367719,465.030916401859,2114835.3,NA,202333.2,9.29,-1,-0.481761817619409,0.958761211155632,0,0.575256726693379,8,1.35714285714286,0.571428571428571,"N4 S2 P1 O8","de-protonated",0,NA,"C14 H19 O8 S2 N4 P1",14,19,8,4,1,2,NA,NA,NA,NA,NA
3350,465.060675,465.059434247031,465.059221894018,2149663.5,NA,128323.9,9.47,-1,0.456614992518338,0.9628751212686,0,0.57772507276116,12,0.95,0.55,"P1 O11","de-protonated",0,NA,"C20 H19 O11 P1",20,19,11,NA,1,NA,NA,NA,NA,NA,NA
3351,465.068563,465.067322213909,465.067464102495,10773283,NA,223802.2,55.96,-1,-0.30509248032742,0.491626163190815,0.821075868479145,0.623406045306147,12,0.9,0.65,"O13","de-protonated",0,NA,"C20 H18 O13",20,18,13,NA,NA,NA,NA,NA,NA,NA,NA
3353,465.097044,465.095803094317,465.095607403402,4218671,NA,137248.8,20.63,-1,0.420754166441892,0.968387851248682,0,0.581032710749209,11,1.0952380952381,0.476190476190476,"P1 O10","de-protonated",0,NA,"C21 H23 O10 P1",21,23,10,NA,1,NA,NA,NA,NA,NA,NA
3354,465.10491,465.103669061287,465.103849611879,24599346,NA,223550.9,130.48,-1,-0.388194147266121,0.965524738831501,0.990194801882399,0.97539276405186,11,1.04761904761905,0.571428571428571,"O12","de-protonated",0,NA,"C21 H22 O12",21,22,12,NA,NA,NA,NA,NA,NA,NA,NA
3355,465.118018,465.116777006246,465.11660382972,6616888,NA,199649.7,33.55,-1,0.372329272037066,0.976757530590434,0.969315327696098,0.973780649432699,19,0.758620689655172,0.137931034482759,"S1 O4","de-protonated",0,NA,"C29 H22 O4 S1",29,22,4,NA,NA,1,NA,NA,NA,NA,NA
3356,465.133272,465.132030942194,465.131859971005,7390014.5,NA,193254.9,37.72,-1,0.36757574440458,0.987857847253291,0.964921571148579,0.978683336811406,23,0.666666666666667,0.0303030303030303,"S1 O1","de-protonated",0,NA,"C33 H22 O1 S1",33,22,1,NA,NA,1,NA,NA,NA,NA,NA
3357,465.141261,465.140019908648,465.140235121264,34503488,NA,219922.8,183.86,-1,-0.462683292099164,0.958926752214192,0.999659902950069,0.975220012508543,10,1.18181818181818,0.5,"O11","de-protonated",0,NA,"C22 H26 O11",22,26,11,NA,NA,NA,NA,NA,NA,NA,NA
3358,465.154277,465.153035853994,465.152989339104,7652167.5,NA,220434.9,39.13,-1,0.0999991206518345,0.986828065151792,0.981033206809903,0.984510121815036,18,0.866666666666667,0.1,"S1 O3","de-protonated",0,NA,"C30 H26 O3 S1",30,26,3,NA,NA,1,NA,NA,NA,NA,NA
3359,465.169617,465.168375789581,465.168378422171,114621264,NA,219269.7,615.7,-1,-0.00565943370374989,0.746584928648019,0.985700052251815,0.842230978089538,9,1.34782608695652,0.347826086956522,"P1 O8","de-protonated",0,NA,"C23 H31 O8 P1",23,31,8,NA,1,NA,NA,NA,NA,NA,NA
3360,465.177679,465.176437755728,465.176620630648,19254098,NA,226578.7,101.67,-1,-0.393130074484473,0.975609640655281,0.978999683436494,0.976965657767766,9,1.30434782608696,0.434782608695652,"O10","de-protonated",0,NA,"C23 H30 O10",23,30,10,NA,NA,NA,NA,NA,NA,NA,NA
3361,465.190764,465.189522700784,465.189374848488,9700183,NA,227330.9,50.17,-1,0.317832486979689,0.980371299990656,0.979057522534179,0.979845789008065,17,0.967741935483871,0.0645161290322581,"S1 O2","de-protonated",0,NA,"C31 H30 O2 S1",31,30,2,NA,NA,1,NA,NA,NA,NA,NA
3362,465.214117,465.212875602724,465.213006140032,6013793,NA,227756.2,30.3,-1,-0.280596858003609,0.492907637824879,0.792708917554682,0.6128281497168,8,1.41666666666667,0.375,"O9","de-protonated",0,NA,"C24 H34 O9",24,34,9,NA,NA,NA,NA,NA,NA,NA,NA
3363,465.227126,465.225884548099,465.225760357873,7209830.5,NA,231638.8,36.75,-1,0.266946152223734,0.976317121514107,0.995931812769408,0.984162998016227,16,1.0625,0.03125,"S1 O1","de-protonated",0,NA,"C32 H34 O1 S1",32,34,1,NA,NA,1,NA,NA,NA,NA,NA
3364,465.263532,465.26229039523,465.262278809039,3469174.3,NA,237256,16.59,-1,0.0249024941843437,0.999887483791484,0,0.599932490274891,2,1.95454545454545,0.363636363636364,"P1 O8","de-protonated",0,NA,"C22 H43 O8 P1",22,43,8,NA,1,NA,NA,NA,NA,NA,NA
3365,466.07183,466.070585001169,466.070596387421,2408656,NA,239460.4,10.87,-1,-0.024430317144167,0.999891709958041,0,0.599935025974824,15,0.916666666666667,0.125,"N1 S2 P1 O3","de-protonated",0,NA,"C24 H22 O3 S2 N1 P1",24,22,3,1,1,2,NA,NA,NA,NA,NA
3371,466.149492,466.148246675064,466.148238311297,2075377.1,NA,265711.5,9.07,-1,0.0179422905008087,0.999941588694609,0,0.599964953216765,18,0.862068965517241,0.103448275862069,"N1 S1 O3","de-protonated",0,NA,"C29 H25 O3 S1 N1",29,25,3,1,NA,1,NA,NA,NA,NA,NA
3375,466.186095,466.184849521367,466.184623820681,2781440.8,NA,246280.2,12.88,-1,0.484144423684952,0.95836093398112,0,0.575016560388672,17,0.966666666666667,0.0666666666666667,"N1 S1 O2","de-protonated",0,NA,"C30 H29 O2 S1 N1",30,29,2,1,NA,1,NA,NA,NA,NA,NA
3381,467.024406,467.023157001281,467.023097366045,2427494.8,NA,218719.8,10.64,-1,0.127692262804062,0.997045794476761,0,0.598227476686056,21,0.461538461538462,0.269230769230769,"S1 O7","de-protonated",0,NA,"C26 H12 O7 S1",26,12,7,NA,NA,1,NA,NA,NA,NA,NA
3383,467.047803,467.046553903036,467.046728657589,4926064.5,NA,239660.6,23.71,-1,-0.374169310316028,0.9749166478177,0,0.58494998869062,12,0.842105263157895,0.736842105263158,"O14","de-protonated",0,NA,"C19 H16 O14",19,16,14,NA,NA,NA,NA,NA,NA,NA,NA
3384,467.063342,467.062092837788,467.061984798874,2055799.4,NA,226892.6,8.7,-1,0.231316008508552,0.990338185926837,0,0.594202911556102,16,0.695652173913043,0.478260869565217,"O11","de-protonated",0,NA,"C23 H16 O11",23,16,11,NA,NA,NA,NA,NA,NA,NA,NA
3385,467.073781,467.072531793954,467.072370035051,4371068,NA,169920.8,20.81,-1,0.346325138113913,0.489235976770616,0.792708917554682,0.610625153084242,15,0.875,0.25,"S1 P1 O6","de-protonated",0,NA,"C24 H21 O6 S1 P1",24,21,6,NA,1,1,NA,NA,NA,NA,NA
3386,467.084167,467.082917750343,467.083114166973,16461440,NA,224613.1,84.05,-1,-0.420517513854863,0.484211417183986,0.821075868479145,0.61895719770205,11,1,0.65,"O13","de-protonated",0,NA,"C20 H20 O13",20,20,13,NA,NA,NA,NA,NA,NA,NA,NA
3387,467.112441,467.11119163162,467.111124526098,10141324,NA,171959.8,50.99,-1,0.143660722469659,0.99478453029261,0.964984242235129,0.982864415069618,23,0.625,0.0625,"S1 O2","de-protonated",0,NA,"C32 H20 O2 S1",32,20,2,NA,NA,1,NA,NA,NA,NA,NA
3388,467.120539,467.119289597616,467.119499676357,32480912,NA,219525.7,167.84,-1,-0.449732330211789,0.967085870833101,0.998374244651041,0.979601220360277,10,1.14285714285714,0.571428571428571,"O12","de-protonated",0,NA,"C21 H24 O12",21,24,12,NA,NA,NA,NA,NA,NA,NA,NA
3389,467.133535,467.132285543046,467.132253894198,2304149.3,NA,171995.5,10,-1,0.0677513654578522,0.999167452377645,0,0.599500471426587,18,0.827586206896552,0.137931034482759,"S1 O4","de-protonated",0,NA,"C29 H24 O4 S1",29,24,4,NA,NA,1,NA,NA,NA,NA,NA
3390,467.14897,467.147720478234,467.147510035483,13115036,NA,208591.3,66.55,-1,0.450484583021127,0.961329733102421,0.992660739300805,0.973862135581775,22,0.727272727272727,0.0303030303030303,"S1 O1","de-protonated",0,NA,"C33 H24 O1 S1",33,24,1,NA,NA,1,NA,NA,NA,NA,NA
3391,467.156992,467.155742444549,467.155885185742,30596768,NA,220114.7,157.99,-1,-0.305553663816302,0.984026472435022,0.998223692813783,0.989705360586526,9,1.27272727272727,0.5,"O11","de-protonated",0,NA,"C22 H28 O11",22,28,11,NA,NA,NA,NA,NA,NA,NA,NA
3392,467.16672,467.165470403701,467.165268100212,38903460,NA,216195.3,201.44,-1,0.433044798159919,0.646765223801638,0.906573745354419,0.750688632422751,22,0.727272727272727,0.0909090909090909,"O3","de-protonated",0,NA,"C33 H24 O3",33,24,3,NA,NA,NA,NA,NA,NA,NA,NA
3393,467.16994,467.16869039018,467.168639403582,5122725,NA,203658.9,24.74,-1,0.109139599820341,0.498920508300978,0.753652554121787,0.600813326629302,17,0.933333333333333,0.1,"S1 O3","de-protonated",0,NA,"C30 H28 O3 S1",30,28,3,NA,NA,1,NA,NA,NA,NA,NA
3395,467.185325,467.184075325578,467.184028486649,7954091.5,NA,205058.3,39.55,-1,0.100257986250408,0.999021190106379,0.928017844878977,0.970619852015419,8,1.43478260869565,0.347826086956522,"P1 O8","de-protonated",0,NA,"C23 H33 O8 P1",23,33,8,NA,1,NA,NA,NA,NA,NA,NA
3396,467.193386,467.19213629173,467.192270695126,10782383,NA,221422.2,54.34,-1,-0.287683260694494,0.986578766062972,0.994518218020182,0.989754546845856,8,1.39130434782609,0.434782608695652,"O10","de-protonated",0,NA,"C23 H32 O10",23,32,10,NA,NA,NA,NA,NA,NA,NA,NA
3397,467.206392,467.205142237118,467.205024912966,9023156,NA,217044.4,45.14,-1,0.251119198405189,0.494311452762693,0.747514279669976,0.595592583525606,16,1.03225806451613,0.0645161290322581,"S1 O2","de-protonated",0,NA,"C31 H32 O2 S1",31,32,2,NA,NA,1,NA,NA,NA,NA,NA
3398,467.221577,467.220327173356,467.220413996033,3066554.8,NA,226226.4,13.99,-1,-0.185828090467863,0.993753788784328,0,0.596252273270597,7,1.54166666666667,0.291666666666667,"P1 O7","de-protonated",0,NA,"C24 H37 O7 P1",24,37,7,NA,1,NA,NA,NA,NA,NA,NA
3399,467.229595,467.228345139688,467.228494013258,3106494.3,NA,243260.8,14.19,-1,-0.318631188297139,0.981746913667358,0,0.589048148200415,2,2.15789473684211,0.157894736842105,"N4 S2 P1 O3","de-protonated",0,NA,"C19 H41 O3 S2 N4 P1",19,41,3,4,1,2,NA,NA,NA,NA,NA
3400,467.242717,467.241467084588,467.241410422351,4758212,NA,223397.1,22.83,-1,0.121269725345095,0.498667554963322,0.741475186234394,0.595790607471751,15,1.125,0.03125,"S1 O1","de-protonated",0,NA,"C32 H36 O1 S1",32,36,1,NA,NA,1,NA,NA,NA,NA,NA
3402,468.087375,468.086121537851,468.086246451899,3208236,NA,251396.6,14.72,-1,-0.266861180824899,0.98716128043105,0,0.59229676825863,14,1,0.125,"N1 S2 P1 O3","de-protonated",0,NA,"C24 H24 O3 S2 N1 P1",24,24,3,1,1,2,NA,NA,NA,NA,NA
3407,468.165059,468.163805211654,468.163888375775,3436621,NA,210748,15.92,-1,-0.17763890683235,0.497145320964459,0.759892473118277,0.602244181825987,17,0.931034482758621,0.103448275862069,"N1 S1 O3","de-protonated",0,NA,"C29 H27 O3 S1 N1",29,27,3,1,NA,1,NA,NA,NA,NA,NA
3411,468.201613,468.200359058163,468.200273885159,2738268.5,NA,239657.3,12.27,-1,0.181915748679949,0.9940132494386,0,0.59640794966316,16,1.03333333333333,0.0666666666666667,"N1 S1 O2","de-protonated",0,NA,"C30 H31 O2 S1 N1",30,31,2,1,NA,1,NA,NA,NA,NA,NA
3413,468.979343,468.978085792457,468.978212122754,2018727.4,NA,222291.3,8.5,-1,-0.269373487360887,0.9869200031791,0,0.59215200190746,8,1.15384615384615,0.846153846153846,"N2 S2 P1 O11","de-protonated",0,NA,"C13 H15 O11 S2 N2 P1",13,15,11,2,1,2,NA,NA,NA,NA,NA
3414,469.042648,469.041390526638,469.041249353967,2009538.4,NA,236013.5,8.45,-1,0.300981354784964,0.983696960989458,0,0.590218176593675,16,0.636363636363636,0.545454545454545,"O12","de-protonated",0,NA,"C22 H14 O12",22,14,12,NA,NA,NA,NA,NA,NA,NA,NA
3416,469.063423,469.062165439403,469.062378722067,8198603,NA,235272.7,40.83,-1,-0.454699999492669,0.481590035504653,0.828487690504102,0.620349097504433,11,0.947368421052632,0.736842105263158,"O14","de-protonated",0,NA,"C19 H18 O14",19,18,14,NA,NA,NA,NA,NA,NA,NA,NA
3417,469.070822,469.069564408335,469.069392654874,2444750.3,NA,170014.5,10.73,-1,0.366157893166067,0.975966403127493,0,0.585579841876496,15,0.826086956521739,0.391304347826087,"P1 O9","de-protonated",0,NA,"C23 H19 O9 P1",23,19,9,NA,1,NA,NA,NA,NA,NA,NA
3418,469.078861,469.077603374579,469.077634863352,2599377.8,NA,211431.7,11.54,-1,-0.06712912839254,0.999182668375508,0,0.599509601025305,15,0.782608695652174,0.478260869565217,"O11","de-protonated",0,NA,"C23 H18 O11",23,18,11,NA,NA,NA,NA,NA,NA,NA,NA
3419,469.091718,469.090460320592,469.090389081192,9382359,NA,186661.6,47.02,-1,0.151867106397939,0.995303899593273,0.997159448272341,0.996046119064901,23,0.580645161290323,0.0967741935483871,"S1 O3","de-protonated",0,NA,"C31 H18 O3 S1",31,18,3,NA,NA,1,NA,NA,NA,NA,NA
3420,469.09977,469.098512286782,469.098602040199,20132314,NA,218394.9,103.25,-1,-0.191331666508183,0.66320408712777,0.928544651443954,0.769340312854244,5,1.8,0.466666666666667,"N4 S2 P1 O7","de-protonated",0,NA,"C15 H27 O7 S2 N4 P1",15,27,7,4,1,2,NA,NA,NA,NA,NA
3421,469.10939,469.108132246387,469.108147145921,3246558.8,NA,195075.7,14.92,-1,-0.0317614062760075,0.499908486844196,0.747514279669976,0.598950803974508,23,0.580645161290323,0.161290322580645,"O5","de-protonated",0,NA,"C31 H18 O5",31,18,5,NA,NA,NA,NA,NA,NA,NA,NA
3422,469.115208,469.113950221957,469.114020372736,2657761.3,NA,199431.3,11.84,-1,-0.149538866625076,0.995950688249893,0,0.597570412949936,14,0.916666666666667,0.416666666666667,"O10","de-protonated",0,NA,"C24 H22 O10",24,22,10,NA,NA,NA,NA,NA,NA,NA,NA
3423,469.128196,469.12693816742,469.126774590576,19362278,NA,211739.6,99.22,-1,0.348683666500374,0.65866783722377,0.95816591416446,0.778467068000046,22,0.6875,0.0625,"S1 O2","de-protonated",0,NA,"C32 H22 O2 S1",32,22,2,NA,NA,1,NA,NA,NA,NA,NA
3424,469.136252,469.134994133593,469.135149740835,27025898,NA,218214.8,139.31,-1,-0.331689583795704,0.987711551308279,0.998696445768462,0.992105509092352,9,1.23809523809524,0.571428571428571,"O12","de-protonated",0,NA,"C21 H26 O12",21,26,12,NA,NA,NA,NA,NA,NA,NA,NA
3425,469.145924,469.14466609298,469.144532655306,4293102,NA,237103.8,20.4,-1,0.28442764394801,0.492714089569006,0.741475186234394,0.592218528235162,22,0.6875,0.125,"O4","de-protonated",0,NA,"C32 H22 O4",32,22,4,NA,NA,NA,NA,NA,NA,NA,NA
3426,469.151589,469.150331069192,469.15040588212,2317808.8,NA,224020.4,10.06,-1,-0.159464698094608,0.995396571588635,0,0.597237942953181,13,1.04,0.36,"O9","de-protonated",0,NA,"C25 H26 O9",25,26,9,NA,NA,NA,NA,NA,NA,NA,NA
3427,469.164595,469.16333701458,469.163160099961,15950326,NA,219247.3,81.37,-1,0.377085488296246,0.986439093169699,0.966718209527103,0.978550739712661,21,0.787878787878788,0.0303030303030303,"S1 O1","de-protonated",0,NA,"C33 H26 O1 S1",33,26,1,NA,NA,1,NA,NA,NA,NA,NA
3428,469.172616,469.1713579809,469.17153525022,15421946,NA,223896.1,78.61,-1,-0.377834771964927,0.487214581221573,0.806643077274283,0.614985979642657,8,1.36363636363636,0.5,"O11","de-protonated",0,NA,"C22 H30 O11",22,30,11,NA,NA,NA,NA,NA,NA,NA,NA
3429,469.182346,469.181087940043,469.18091816469,3023869.8,NA,220677.8,13.76,-1,0.361854769661499,0.488260664439619,0.73553288925895,0.587169554367351,21,0.787878787878788,0.0909090909090909,"O3","de-protonated",0,NA,"C33 H26 O3",33,26,3,NA,NA,NA,NA,NA,NA,NA,NA
3430,469.185569,469.18431092651,469.18428946806,3764735,NA,199594.7,17.63,-1,0.0457356525039498,0.49981026337247,0.753652554121788,0.601347179672197,16,1,0.1,"S1 O3","de-protonated",0,NA,"C30 H30 O3 S1",30,30,3,NA,NA,1,NA,NA,NA,NA,NA
3431,469.200894,469.19963586216,469.199678551127,6619653.5,NA,223514,32.57,-1,-0.0909825153822555,0.998602025511351,0.984063050448902,0.992786435486372,7,1.52173913043478,0.347826086956522,"P1 O8","de-protonated",0,NA,"C23 H35 O8 P1",23,35,8,NA,1,NA,NA,NA,NA,NA,NA
3432,469.208976,469.207717828223,469.207920759604,6361609,NA,224531.8,31.22,-1,-0.432497773081457,0.483314382382598,0.799615297578637,0.609834748461014,7,1.47826086956522,0.434782608695652,"O10","de-protonated",0,NA,"C23 H34 O10",23,34,10,NA,NA,NA,NA,NA,NA,NA,NA
3433,469.222033,469.220774773397,469.220674977444,7528974.5,NA,218074.5,37.32,-1,0.212684473402012,0.991084002013249,0.989792208658889,0.990567284671505,15,1.09677419354839,0.0645161290322581,"S1 O2","de-protonated",0,NA,"C31 H34 O2 S1",31,34,2,NA,NA,1,NA,NA,NA,NA,NA
3434,469.239755,469.238496698981,469.238433042174,1849622.1,NA,175725.6,7.62,-1,0.135659833376178,0.996666261985731,0,0.597999757191439,15,1.09677419354839,0.129032258064516,"O4","de-protonated",0,NA,"C31 H34 O4",31,34,4,NA,NA,NA,NA,NA,NA,NA,NA
3435,469.245234,469.243975675975,469.244144077736,2439704.5,NA,268785.2,10.7,-1,-0.358878769487764,0.976901455041022,0,0.586140873024613,1,2.26315789473684,0.157894736842105,"N4 S2 P1 O3","de-protonated",0,NA,"C19 H43 O3 S2 N4 P1",19,43,3,4,1,2,NA,NA,NA,NA,NA
3436,469.281819,469.280560522354,469.280691778373,2513960,NA,238932.8,11.09,-1,-0.279696184279959,0.985905547423817,0,0.59154332845429,5,1.68,0.32,"O8","de-protonated",0,NA,"C25 H42 O8",25,42,8,NA,NA,NA,NA,NA,NA,NA,NA
3439,470.103151,470.101889073563,470.101896516377,4205445,NA,216668.3,19.94,-1,-0.0158323430168283,0.49997725927338,0.792708917554682,0.617069922585901,13,1.08333333333333,0.125,"N1 S2 P1 O3","de-protonated",0,NA,"C24 H26 O3 S2 N1 P1",24,26,3,1,1,2,NA,NA,NA,NA,NA
3443,470.17591,470.174647768046,470.174667535146,3814307.5,NA,232195.1,17.89,-1,-0.042042034910084,0.49983966746886,0.779247987650237,0.611602995541411,11,1.30769230769231,0.0384615384615385,"N1 S2 P1 O1","de-protonated",0,NA,"C26 H34 O1 S2 N1 P1",26,34,1,1,1,2,NA,NA,NA,NA,NA
3444,470.180882,470.179619747168,470.179538440253,2185637.8,NA,225421.1,9.37,-1,0.172927379165253,0.994588674791404,0,0.596753204874842,16,1,0.103448275862069,"N1 S1 O3","de-protonated",0,NA,"C29 H29 O3 S1 N1",29,29,3,1,NA,1,NA,NA,NA,NA,NA
3447,471.058111,471.056845063664,471.056899418445,2977049.5,NA,216686.9,13.51,-1,-0.115388992457183,0.997586995754966,0,0.59855219745298,15,0.727272727272727,0.545454545454545,"O12","de-protonated",0,NA,"C22 H16 O12",22,16,12,NA,NA,NA,NA,NA,NA,NA,NA
3448,471.070964,471.069698009694,471.069653636286,4635935,NA,179894.7,22.19,-1,0.0941971282338738,0.499195641611557,0.753652554121787,0.600978406615649,23,0.533333333333333,0.133333333333333,"S1 O4","de-protonated",0,NA,"C30 H16 O4 S1",30,16,4,NA,NA,1,NA,NA,NA,NA,NA
3449,471.079053,471.077786975728,471.077866595293,8465698,NA,223779.4,42.22,-1,-0.169015718586559,0.997401966684306,0.930853903714371,0.970782741496332,5,1.78571428571429,0.571428571428571,"N4 S2 P1 O8","de-protonated",0,NA,"C14 H25 O8 S2 N4 P1",14,25,8,4,1,2,NA,NA,NA,NA,NA
3450,471.088822,471.087555934708,471.087411701015,2729254.5,NA,202090.5,12.21,-1,0.306171826007189,0.983134624769882,0,0.589880774861929,23,0.533333333333333,0.2,"O6","de-protonated",0,NA,"C30 H16 O6",30,16,6,NA,NA,NA,NA,NA,NA,NA,NA
3451,471.094356,471.093089911471,471.09328492783,4752680.5,NA,219132.5,22.8,-1,-0.413965482235575,0.484692032686949,0.799615297578637,0.610661338643624,14,0.869565217391304,0.478260869565217,"O11","de-protonated",0,NA,"C23 H20 O11",23,20,11,NA,NA,NA,NA,NA,NA,NA,NA
3452,471.107443,471.106176856518,471.10603914567,18416942,NA,211112.1,94.27,-1,0.292313909624998,0.992211892492785,0.97392008111128,0.984895167940183,22,0.645161290322581,0.0967741935483871,"S1 O3","de-protonated",0,NA,"C31 H20 O3 S1",31,20,3,NA,NA,1,NA,NA,NA,NA,NA
3453,471.115475,471.114208822792,471.114414295929,14783794,NA,216342.7,75.27,-1,-0.436142752481243,0.961507685224388,0.989291050789068,0.97262103145026,9,1.2,0.65,"O13","de-protonated",0,NA,"C20 H24 O13",20,24,13,NA,NA,NA,NA,NA,NA,NA,NA
3454,471.125233,471.123966781818,471.123797210399,5584182,NA,225037.8,27.15,-1,0.359929638789552,0.48838378428776,0.747514279669976,0.592035982440646,22,0.645161290322581,0.161290322580645,"O5","de-protonated",0,NA,"C31 H20 O5",31,20,5,NA,NA,NA,NA,NA,NA,NA,NA
3455,471.130832,471.129565758307,471.129670437214,5401912,NA,228385.9,26.19,-1,-0.222187039439013,0.991302224729182,0.954022885312928,0.97639048896268,13,1,0.416666666666667,"O10","de-protonated",0,NA,"C24 H24 O10",24,24,10,NA,NA,NA,NA,NA,NA,NA,NA
3456,471.143871,471.142604703556,471.142424655054,24954174,NA,216874.3,128.47,-1,0.382153023062251,0.485215739356064,0.901206953939135,0.651612225189293,21,0.75,0.0625,"S1 O2","de-protonated",0,NA,"C32 H24 O2 S1",32,24,2,NA,NA,1,NA,NA,NA,NA,NA
3457,471.151903,471.15063666983,471.150799805313,12727617,NA,216944,64.51,-1,-0.346248979579014,0.977182534716414,0.974064613641228,0.975935366286339,8,1.33333333333333,0.571428571428571,"O12","de-protonated",0,NA,"C21 H28 O12",21,28,12,NA,NA,NA,NA,NA,NA,NA,NA
3458,471.161534,471.160267629389,471.160182719784,4695365,NA,224526.4,22.5,-1,0.180213881134197,0.497062206199194,0.741475186234394,0.594827398213274,21,0.75,0.125,"O4","de-protonated",0,NA,"C32 H24 O4",32,24,4,NA,NA,NA,NA,NA,NA,NA,NA
3459,471.167134,471.165867605874,471.166055946598,4230471.5,NA,221771.9,20.06,-1,-0.399733218355444,0.48571159481234,0.785920818505338,0.605795284289539,12,1.12,0.36,"O9","de-protonated",0,NA,"C25 H28 O9",25,28,9,NA,NA,NA,NA,NA,NA,NA,NA
3460,471.180244,471.178977550825,471.178810164439,13792589,NA,216234.1,70.08,-1,0.35525024251529,0.488680439541787,0.73553288925895,0.587421419428652,20,0.848484848484849,0.0303030303030303,"S1 O1","de-protonated",0,NA,"C33 H28 O1 S1",33,28,1,NA,NA,1,NA,NA,NA,NA,NA
3461,471.188302,471.18703551699,471.187185314698,6427984.5,NA,221984.1,31.56,-1,-0.317915496919153,0.988932902833297,0.945712020487464,0.971644549894964,7,1.45454545454545,0.5,"O11","de-protonated",0,NA,"C22 H32 O11",22,32,11,NA,NA,NA,NA,NA,NA,NA,NA
3462,471.197865,471.196598476834,471.196568229168,2328916.5,NA,229650.5,10.12,-1,0.0641933074816708,0.999252569216443,0,0.599551541529866,20,0.848484848484849,0.0909090909090909,"O3","de-protonated",0,NA,"C33 H28 O3",33,28,3,NA,NA,NA,NA,NA,NA,NA,NA
3463,471.20136,471.200093462159,471.199939532538,3458902,NA,167281.3,16.03,-1,0.326675807280739,0.490411298588898,0.753652554121787,0.595707800802054,15,1.06666666666667,0.1,"S1 O3","de-protonated",0,NA,"C30 H32 O3 S1",30,32,3,NA,NA,1,NA,NA,NA,NA,NA
3464,471.216604,471.215337398149,471.215328615605,5155164.5,NA,200072.3,24.9,-1,0.0186380697691414,0.985000614766149,0.744632137809746,0.888853223983588,6,1.60869565217391,0.347826086956522,"P1 O8","de-protonated",0,NA,"C23 H37 O8 P1",23,37,8,NA,1,NA,NA,NA,NA,NA,NA
3465,471.224656,471.223389364338,471.223570824082,4302176,NA,218401.8,20.44,-1,-0.385082060844589,0.48672603119412,0.799615297578637,0.611881737747927,6,1.56521739130435,0.434782608695652,"O10","de-protonated",0,NA,"C23 H36 O10",23,36,10,NA,NA,NA,NA,NA,NA,NA,NA
3466,471.237636,471.236369309835,471.236325041922,3159909.3,NA,208500.8,14.46,-1,0.0939399410294711,0.499200024397417,0.747514279669976,0.598525726506441,14,1.16129032258065,0.0645161290322581,"S1 O2","de-protonated",0,NA,"C31 H36 O2 S1",31,36,2,NA,NA,1,NA,NA,NA,NA,NA
3467,471.261011,471.259744211683,471.259956333466,4676975.5,NA,220692.7,22.4,-1,-0.450116290650549,0.481952589067953,0.792708917554682,0.606255120462644,5,1.66666666666667,0.375,"O9","de-protonated",0,NA,"C24 H40 O9",24,40,9,NA,NA,NA,NA,NA,NA,NA,NA
3468,471.29743,471.296163058759,471.296341842851,2644350.8,NA,266288.6,11.77,-1,-0.379345384449496,0.974226948392792,0,0.584536169035675,4,1.76,0.32,"O8","de-protonated",0,NA,"C25 H44 O8",25,44,8,NA,NA,NA,NA,NA,NA,NA,NA
3469,472.082486,472.081215762291,472.081161071471,2136266.5,NA,263315.9,9.11,-1,0.115850461503728,0.997567680301264,0,0.598540608180758,13,1.04347826086957,0.173913043478261,"N1 S2 P1 O4","de-protonated",0,NA,"C23 H24 O4 S2 N1 P1",23,24,4,1,1,2,NA,NA,NA,NA,NA
3480,473.037361,473.03608675275,473.036163973539,2264669.3,NA,218464.9,9.78,-1,-0.163245001401852,0.995176258363594,0,0.597105755018156,15,0.666666666666667,0.619047619047619,"O13","de-protonated",0,NA,"C21 H14 O13",21,14,13,NA,NA,NA,NA,NA,NA,NA,NA
3481,473.050439,473.049164697835,473.049051133161,2678883,NA,219960,11.94,-1,0.240069552456204,0.989596986670294,0,0.593758192002176,10,1.05555555555556,0.722222222222222,"P1 O13","de-protonated",0,NA,"C18 H19 O13 P1",18,19,13,NA,1,NA,NA,NA,NA,NA,NA
3482,473.073618,473.072343600506,473.072549482923,5406828.5,NA,213543.2,26.21,-1,-0.435202629551804,0.48310860146486,0.806643077274283,0.612522391788629,14,0.818181818181818,0.545454545454545,"O12","de-protonated",0,NA,"C22 H18 O12",22,18,12,NA,NA,NA,NA,NA,NA,NA,NA
3483,473.086728,473.085453545457,473.085303700764,11905138,NA,214813.5,60.2,-1,0.31673926830868,0.990711983794173,0.970624733041564,0.982677083493129,22,0.6,0.133333333333333,"S1 O4","de-protonated",0,NA,"C30 H18 O4 S1",30,18,4,NA,NA,1,NA,NA,NA,NA,NA
3484,473.094824,473.093549511462,473.093678851023,5183605.5,NA,226495.3,25.05,-1,-0.273391015490799,0.493264796906187,0.828487690504102,0.627353954345353,9,1.15789473684211,0.736842105263158,"O14","de-protonated",0,NA,"C19 H22 O14",19,22,14,NA,NA,NA,NA,NA,NA,NA,NA
3485,473.104405,473.103130471231,473.103061765493,5415033.5,NA,207900.2,26.26,-1,0.14522361610377,0.498090289104221,0.753652554121787,0.600315195111248,22,0.6,0.2,"O6","de-protonated",0,NA,"C30 H18 O6",30,18,6,NA,NA,NA,NA,NA,NA,NA,NA
3486,473.109996,473.108721447754,473.108934992308,7719036,NA,214052.4,38.31,-1,-0.451364449058411,0.976673291542864,0.991207738991696,0.982487070522396,13,0.956521739130435,0.478260869565217,"O11","de-protonated",0,NA,"C23 H22 O11",23,22,11,NA,NA,NA,NA,NA,NA,NA,NA
3487,473.123027,473.121752393036,473.121689210148,24717442,NA,212721.5,127.22,-1,0.133544687993176,0.496971749137484,0.889339301062807,0.653918769907613,21,0.709677419354839,0.0967741935483871,"S1 O3","de-protonated",0,NA,"C31 H22 O3 S1",31,22,3,NA,NA,1,NA,NA,NA,NA,NA
3488,473.131067,473.129792359276,473.129902169155,6652037,NA,224091.2,32.73,-1,-0.232092450942781,0.984287822482123,0.915701620891446,0.956853341845852,3,2.06666666666667,0.466666666666667,"N4 S2 P1 O7","de-protonated",0,NA,"C15 H31 O7 S2 N4 P1",15,31,7,4,1,2,NA,NA,NA,NA,NA
3489,473.140813,473.139538318353,473.139447274877,7749769,NA,215122.2,38.47,-1,0.192424190534405,0.496652002851523,0.747514279669976,0.596996913578904,21,0.709677419354839,0.161290322580645,"O5","de-protonated",0,NA,"C31 H22 O5",31,22,5,NA,NA,NA,NA,NA,NA,NA,NA
3490,473.146422,473.1451472948,473.145320501692,12679307,NA,221484.2,64.25,-1,-0.366075461802172,0.974762032937919,0.981759154257185,0.977560881465625,12,1.08333333333333,0.416666666666667,"O10","de-protonated",0,NA,"C24 H26 O10",24,26,10,NA,NA,NA,NA,NA,NA,NA,NA
3491,473.159495,473.158220239906,473.158074719532,20408464,NA,214814.7,104.68,-1,0.307551285517457,0.659979504107775,0.927859954970616,0.767131684452912,20,0.8125,0.0625,"S1 O2","de-protonated",0,NA,"C32 H26 O2 S1",32,26,2,NA,NA,1,NA,NA,NA,NA,NA
3492,473.167578,473.166303205966,473.166449869791,5261460,NA,233904.1,25.45,-1,-0.309962436355567,0.491359041141846,0.813795485951173,0.620333619065577,7,1.42857142857143,0.571428571428571,"O12","de-protonated",0,NA,"C21 H30 O12",21,30,12,NA,NA,NA,NA,NA,NA,NA,NA
3494,473.182851,473.181576141834,473.181706011076,6320282.5,NA,221792.1,30.99,-1,-0.274459558516953,0.493212404901016,0.785920818505338,0.610295770342745,11,1.2,0.36,"O9","de-protonated",0,NA,"C25 H30 O9",25,30,9,NA,NA,NA,NA,NA,NA,NA,NA
3495,473.195937,473.194662086886,473.194460228917,8755360,NA,210965.9,43.73,-1,0.42658565560563,0.980658692595426,0.954456302510699,0.970177736561535,19,0.909090909090909,0.0303030303030303,"S1 O1","de-protonated",0,NA,"C33 H30 O1 S1",33,30,1,NA,NA,1,NA,NA,NA,NA,NA
3496,473.203985,473.202710053092,473.202835379176,3621027.5,NA,245297.5,16.87,-1,-0.264846434443748,0.987353181509339,0,0.592411908905603,6,1.54545454545455,0.5,"O11","de-protonated",0,NA,"C22 H34 O11",22,34,11,NA,NA,NA,NA,NA,NA,NA,NA
3497,473.213609,473.212334012681,473.212218293646,1942695.6,NA,209751.9,8.09,-1,0.244539405565741,0.989208110316032,0,0.593524866189619,19,0.909090909090909,0.0909090909090909,"O3","de-protonated",0,NA,"C33 H30 O3",33,30,3,NA,NA,NA,NA,NA,NA,NA,NA
3498,473.21899,473.217714990086,473.217929329208,2014377.9,NA,192267.1,8.47,-1,-0.452939564101667,0.963459362551219,0,0.578075617530731,5,1.85714285714286,0.0952380952380952,"N4 S2 P1 O2","de-protonated",0,NA,"C21 H39 O2 S2 N4 P1",21,39,2,4,1,2,NA,NA,NA,NA,NA
3499,473.232331,473.231055934066,473.230978680083,2942127.5,NA,221869.5,13.32,-1,0.163247943087748,0.995176084933725,0,0.597105650960235,5,1.69565217391304,0.347826086956522,"P1 O8","de-protonated",0,NA,"C23 H39 O8 P1",23,39,8,NA,1,NA,NA,NA,NA,NA,NA
3500,473.240202,473.238926901016,473.239058697308,4467891,NA,227365.2,21.3,-1,-0.278498338848758,0.986025166883198,0,0.591615100129919,0,2.38888888888889,0.222222222222222,"N4 S2 P1 O4","de-protonated",0,NA,"C18 H43 O4 S2 N4 P1",18,43,4,4,1,2,NA,NA,NA,NA,NA
3501,473.276745,473.275469747571,473.275606397944,2996418.3,NA,248966.3,13.6,-1,-0.288733184796849,0.984987029637104,0,0.590992217782263,4,1.75,0.375,"O9","de-protonated",0,NA,"C24 H42 O9",24,42,9,NA,NA,NA,NA,NA,NA,NA,NA
3502,473.283702,473.282426718359,473.282620330752,30288070,NA,218173,156.36,-1,-0.409084096692459,0.323363665509082,0.740765539916189,0.490324415271924,8,1.53571428571429,0.142857142857143,"P1 O4","de-protonated",0,NA,"C28 H43 O4 P1",28,43,4,NA,1,NA,NA,NA,NA,NA,NA
3507,474.134371,474.133092146381,474.133196645333,1928747,NA,227473.1,8.02,-1,-0.220399991378757,0.991224650398549,0,0.594734790239129,11,1.25,0.125,"N1 S2 P1 O3","de-protonated",0,NA,"C24 H30 O3 S2 N1 P1",24,30,3,1,1,2,NA,NA,NA,NA,NA
3511,474.235676,474.234396720999,474.234469860753,2913877.5,NA,236956.3,13.17,-1,-0.154226988872857,0.995693368311673,0,0.597416020987004,5,1.68181818181818,0.454545454545455,"N1 O10","de-protonated",0,NA,"C22 H37 O10 N1",22,37,10,1,NA,NA,NA,NA,NA,NA,NA
3514,475.052882,475.051599289533,475.051814038017,4577196.5,NA,225391.8,21.87,-1,-0.452052761599183,0.96359967320808,0,0.578159803924848,14,0.761904761904762,0.619047619047619,"O13","de-protonated",0,NA,"C21 H16 O13",21,16,13,NA,NA,NA,NA,NA,NA,NA,NA
3515,475.061914,475.060631251607,475.060545503865,1862064.3,NA,219022.2,7.67,-1,0.180498555338688,0.994105889892018,0,0.596463533935211,18,0.666666666666667,0.291666666666667,"N2 S1 O7","de-protonated",0,NA,"C24 H16 O7 S1 N2",24,16,7,2,NA,1,NA,NA,NA,NA,NA
3516,475.065796,475.064513235306,475.064568255858,4101042,NA,228288,19.38,-1,-0.115816995760467,0.498784541819189,0.759892473118277,0.603227714338824,22,0.551724137931034,0.172413793103448,"S1 O5","de-protonated",0,NA,"C29 H16 O5 S1",29,16,5,NA,NA,1,NA,NA,NA,NA,NA
3517,475.083786,475.082503159766,475.082326320587,3445689.5,NA,248151.5,15.95,-1,0.372228494560927,0.487586469320381,0.759892473118277,0.59650887083954,22,0.551724137931034,0.241379310344828,"O7","de-protonated",0,NA,"C29 H16 O7",29,16,7,NA,NA,NA,NA,NA,NA,NA,NA
3518,475.089331,475.088048136482,475.088199547401,8553404,NA,213239.8,42.67,-1,-0.318700651954319,0.490869513669196,0.806643077274283,0.617178939111231,13,0.909090909090909,0.545454545454545,"O12","de-protonated",0,NA,"C22 H20 O12",22,20,12,NA,NA,NA,NA,NA,NA,NA,NA
3519,475.102411,475.101128081559,475.100953765242,14470081,NA,215742.3,73.62,-1,0.366903741319701,0.97967349375249,0.924337431613659,0.957539068896957,21,0.666666666666667,0.133333333333333,"S1 O4","de-protonated",0,NA,"C30 H20 O4 S1",30,20,4,NA,NA,1,NA,NA,NA,NA,NA
3520,475.110412,475.109129047963,475.109328915501,1849284.6,NA,269196.5,7.6,-1,-0.420676938416635,0.968399269489896,0,0.581039561693938,8,1.26315789473684,0.736842105263158,"O14","de-protonated",0,NA,"C19 H24 O14",19,24,14,NA,NA,NA,NA,NA,NA,NA,NA
3521,475.120189,475.118906006909,475.118711829971,7695304.5,NA,216657.2,38.18,-1,0.408691413333693,0.485073761738589,0.753652554121787,0.592505278691869,21,0.666666666666667,0.2,"O6","de-protonated",0,NA,"C30 H20 O6",30,20,6,NA,NA,NA,NA,NA,NA,NA,NA
3522,475.12575,475.124466983558,475.124585056786,15014859,NA,218460,76.47,-1,-0.248510035376314,0.976577547976209,0.997761282606347,0.985051041828264,12,1.04347826086957,0.478260869565217,"O11","de-protonated",0,NA,"C23 H24 O11",23,24,11,NA,NA,NA,NA,NA,NA,NA,NA
3523,475.138787,475.137503928816,475.137339274626,20294608,NA,211811,104.08,-1,0.346540201975619,0.650223081834155,0.914082066086124,0.755766675534942,20,0.774193548387097,0.0967741935483871,"S1 O3","de-protonated",0,NA,"C31 H24 O3 S1",31,24,3,NA,NA,1,NA,NA,NA,NA,NA
3524,475.146935,475.145651894602,475.145714424885,2253779.8,NA,196650.1,9.72,-1,-0.13160233001879,0.996862391377194,0,0.598117434826317,7,1.4,0.65,"O13","de-protonated",0,NA,"C20 H28 O13",20,28,13,NA,NA,NA,NA,NA,NA,NA,NA
3525,475.156532,475.155248854304,475.155097339355,7279576,NA,219389.9,36,-1,0.318874719803233,0.990620138421255,0.965220745567223,0.980460381279642,20,0.774193548387097,0.161290322580645,"O5","de-protonated",0,NA,"C31 H24 O5",31,24,5,NA,NA,NA,NA,NA,NA,NA,NA
3526,475.162029,475.160745831222,475.16097056617,18152410,NA,219898.1,92.88,-1,-0.472965925080105,0.976143359244321,0.993597235679175,0.983124909818262,11,1.16666666666667,0.416666666666667,"O10","de-protonated",0,NA,"C24 H28 O10",24,28,10,NA,NA,NA,NA,NA,NA,NA,NA
3527,475.175072,475.173788776454,475.17372478401,12119008,NA,220609.1,61.32,-1,0.134671679890383,0.997360216462047,0.991160834818006,0.994880463804431,19,0.875,0.0625,"S1 O2","de-protonated",0,NA,"C32 H28 O2 S1",32,28,2,NA,NA,1,NA,NA,NA,NA,NA
3528,475.192806,475.191522701989,475.19148284874,2498023.3,NA,226268.3,10.99,-1,0.0838677676924647,0.998724539875838,0,0.599234723925503,19,0.875,0.125,"O4","de-protonated",0,NA,"C32 H28 O4",32,28,4,NA,NA,NA,NA,NA,NA,NA,NA
3529,475.198371,475.197087678621,475.197193884302,7721961.5,NA,216322.5,38.32,-1,-0.223498123220614,0.990472649577636,0.929392219130092,0.966040477398619,5,1.85,0.15,"N4 S2 P1 O3","de-protonated",0,NA,"C20 H37 O3 S2 N4 P1",20,37,3,4,1,2,NA,NA,NA,NA,NA
3530,475.211467,475.210183623631,475.210110293395,6611951,NA,233851,32.51,-1,0.15431118666485,0.997129636447228,0.887464860564292,0.953263726094054,18,0.96969696969697,0.0303030303030303,"S1 O1","de-protonated",0,NA,"C33 H32 O1 S1",33,32,1,NA,NA,1,NA,NA,NA,NA,NA
3531,475.234859,475.233575525407,475.233741584939,2047480.8,NA,237052.4,8.64,-1,-0.349427065025123,0.978088861323845,0,0.586853316794307,9,1.38461538461538,0.307692307692308,"O8","de-protonated",0,NA,"C26 H36 O8",26,36,8,NA,NA,NA,NA,NA,NA,NA,NA
3532,475.247911,475.246627470602,475.246628744561,3633150.3,NA,233582.8,16.93,-1,-0.00268062726701209,0.999998696153676,0,0.599999217692206,4,1.78260869565217,0.347826086956522,"P1 O8","de-protonated",0,NA,"C23 H41 O8 P1",23,41,8,NA,1,NA,NA,NA,NA,NA,NA
3533,475.25613,475.25484643609,475.254870953038,1955329.6,NA,220924.6,8.15,-1,-0.0515869478813754,0.999517242927081,0,0.599710345756248,4,1.73913043478261,0.434782608695652,"O10","de-protonated",0,NA,"C23 H40 O10",23,40,10,NA,NA,NA,NA,NA,NA,NA,NA
3534,475.299455,475.298171254167,475.29827039523,3126291.8,NA,240052,14.28,-1,-0.208587046992768,0.992136509917401,0,0.59528190595044,7,1.60714285714286,0.142857142857143,"P1 O4","de-protonated",0,NA,"C28 H45 O4 P1",28,45,4,NA,1,NA,NA,NA,NA,NA,NA
3535,476.092594,476.091306923759,476.091331832327,2636639.8,NA,222994.1,11.72,-1,-0.0523188865501984,0.999503450021967,0,0.59970207001318,16,0.923076923076923,0.0769230769230769,"N1 S2 P1 O2","de-protonated",0,NA,"C26 H24 O2 S2 N1 P1",26,24,2,1,1,2,NA,NA,NA,NA,NA
3545,476.251421,476.250133256841,476.250119925231,2748834,NA,228709.9,12.3,-1,0.0279928745553838,0.99985782673084,0,0.599914696038504,4,1.77272727272727,0.454545454545455,"N1 O10","de-protonated",0,NA,"C22 H39 O10 N1",22,39,10,1,NA,NA,NA,NA,NA,NA,NA
3546,476.302964,476.301676040411,476.3017615759,1965495.5,NA,214272.7,8.21,-1,-0.179582559786869,0.994165386633451,0,0.596499231980071,7,1.59259259259259,0.222222222222222,"N1 O6","de-protonated",0,NA,"C27 H43 O6 N1",27,43,6,1,NA,NA,NA,NA,NA,NA,NA
3550,477.058721,477.05742986697,477.057568123688,1794930.9,NA,120449.5,7.31,-1,-0.289811391657843,0.984875549195627,0,0.590925329517376,18,0.608695652173913,0.434782608695652,"N2 O10","de-protonated",0,NA,"C23 H14 O10 N2",23,14,10,2,NA,NA,NA,NA,NA,NA,NA
3551,477.068621,477.0673298254,477.067464102495,8460023,NA,214749.5,42.18,-1,-0.28146353552085,0.492864072526125,0.813795485951173,0.621236637896144,13,0.857142857142857,0.619047619047619,"O13","de-protonated",0,NA,"C21 H18 O13",21,18,13,NA,NA,NA,NA,NA,NA,NA,NA
3552,477.081739,477.080447770317,477.080218320336,5658364.5,NA,209612.6,27.52,-1,0.480946333324046,0.47944889846471,0.759892473118277,0.591626328326137,21,0.620689655172414,0.172413793103448,"S1 O5","de-protonated",0,NA,"C29 H18 O5 S1",29,18,5,NA,NA,1,NA,NA,NA,NA,NA
3553,477.099411,477.098119696112,477.097976385065,5234436,NA,188100,25.3,-1,0.300380748319,0.491880715329821,0.759892473118277,0.599085418445203,21,0.620689655172414,0.241379310344828,"O7","de-protonated",0,NA,"C29 H18 O7",29,18,7,NA,NA,NA,NA,NA,NA,NA,NA
3554,477.10494,477.103648672896,477.103849611879,16228102,NA,207999.6,82.81,-1,-0.421164037710737,0.977297046979688,0.986362438224686,0.980923203477687,12,1,0.545454545454545,"O12","de-protonated",0,NA,"C22 H22 O12",22,22,12,NA,NA,NA,NA,NA,NA,NA,NA
3555,477.118011,477.11671961801,477.11660382972,12672780,NA,210293.9,64.21,-1,0.242683422787842,0.993994240207589,0.939400420712679,0.972156712409626,20,0.733333333333333,0.133333333333333,"S1 O4","de-protonated",0,NA,"C30 H22 O4 S1",30,22,4,NA,NA,1,NA,NA,NA,NA,NA
3556,477.135733,477.134441543595,477.134361894449,5355283,NA,171984.4,25.94,-1,0.16693232007058,0.497478220048609,0.753652554121787,0.59994795367788,20,0.733333333333333,0.2,"O6","de-protonated",0,NA,"C30 H22 O6",30,22,6,NA,NA,NA,NA,NA,NA,NA,NA
3557,477.141343,477.140051520039,477.140235121264,23580438,NA,214325.7,121.27,-1,-0.384795101052323,0.48674554264625,0.799615297578637,0.611893444619205,11,1.1304347826087,0.478260869565217,"O11","de-protonated",0,NA,"C23 H26 O11",23,26,11,NA,NA,NA,NA,NA,NA,NA,NA
3558,477.154449,477.153157465006,477.152989339104,12398363,NA,209548.5,62.78,-1,0.352352193093611,0.983173414164301,0.996782234419803,0.988616942266502,19,0.838709677419355,0.0967741935483871,"S1 O3","de-protonated",0,NA,"C31 H26 O3 S1",31,26,3,NA,NA,1,NA,NA,NA,NA,NA
3560,477.17782,477.176528366871,477.176620630648,16572197,NA,215580.8,84.61,-1,-0.193353515364376,0.990427820852978,0.991332212068387,0.990789577339142,10,1.25,0.416666666666667,"O10","de-protonated",0,NA,"C24 H30 O10",24,30,10,NA,NA,NA,NA,NA,NA,NA,NA
3561,477.190901,477.189609311944,477.189374848488,8922922,NA,222867.2,44.6,-1,0.491342572843972,0.973492838855975,0.950260801994998,0.964200024111584,18,0.9375,0.0625,"S1 O2","de-protonated",0,NA,"C32 H30 O2 S1",32,30,2,NA,NA,1,NA,NA,NA,NA,NA
3562,477.208547,477.207255237848,477.207132913218,2063153.3,NA,209118.5,8.71,-1,0.256334453962451,0.988148278784504,0,0.592888967270702,18,0.9375,0.125,"O4","de-protonated",0,NA,"C32 H30 O4",32,30,4,NA,NA,NA,NA,NA,NA,NA,NA
3563,477.214195,477.212903214132,477.213006140032,7145267.5,NA,202718.6,35.3,-1,-0.215681256457891,0.495797409677716,0.785920818505338,0.611846773208765,9,1.36,0.36,"O9","de-protonated",0,NA,"C25 H34 O9",25,34,9,NA,NA,NA,NA,NA,NA,NA,NA
3564,477.227253,477.225961159301,477.225760357873,8568633,NA,215846.3,42.74,-1,0.420768207962898,0.980864382012189,0.956248897322032,0.971018188136126,17,1.03030303030303,0.0303030303030303,"S1 O1","de-protonated",0,NA,"C33 H34 O1 S1",33,34,1,NA,NA,1,NA,NA,NA,NA,NA
3565,477.263427,477.262135007405,477.262278809039,5529416,NA,217669.3,26.85,-1,-0.301305256606185,0.991580267063113,0.922329406453158,0.963879922819131,3,1.8695652173913,0.347826086956522,"P1 O8","de-protonated",0,NA,"C23 H43 O8 P1",23,43,8,NA,1,NA,NA,NA,NA,NA,NA
3566,477.299788,477.298495854725,477.298664318423,2090327.3,NA,225301.4,8.86,-1,-0.352952377371165,0.977649518054393,0,0.586589710832636,2,1.95833333333333,0.291666666666667,"P1 O7","de-protonated",0,NA,"C24 H47 O7 P1",24,47,7,NA,1,NA,NA,NA,NA,NA,NA
3568,478.071708,478.070412613415,478.070596387421,2326168.5,NA,228567.2,10.09,-1,-0.384407673278822,0.973543726899886,0,0.584126236139932,16,0.88,0.12,"N1 S2 P1 O3","de-protonated",0,NA,"C25 H22 O3 S2 N1 P1",25,22,3,1,1,2,NA,NA,NA,NA,NA
3569,478.100385,478.099089493,478.099098584072,2649764.3,NA,213925.9,11.78,-1,-0.0190150373764835,0.999934395451821,0,0.599960637271092,12,1,0.571428571428571,"N1 O12","de-protonated",0,NA,"C21 H21 O12 N1",21,21,12,1,NA,NA,NA,NA,NA,NA,NA
3572,478.136688,478.135392340563,478.135484093457,2583731.3,NA,172258.8,11.44,-1,-0.191897269179242,0.993340504994141,0,0.596004302996485,11,1.13636363636364,0.5,"N1 O11","de-protonated",0,NA,"C22 H25 O11 N1",22,25,11,1,NA,NA,NA,NA,NA,NA,NA
3573,478.144633,478.143337307202,478.14336740619,5952694.5,NA,207392.7,29.06,-1,-0.0629497133250899,0.499640618909704,0.772687513667176,0.608859376812693,14,1.11111111111111,0.037037037037037,"N1 S2 P1 O1","de-protonated",0,NA,"C27 H30 O1 S2 N1 P1",27,30,1,1,1,2,NA,NA,NA,NA,NA
3574,478.149758,478.148462285682,478.148238311297,2038968.9,NA,195135.6,8.59,-1,0.468420390925027,0.960969078759213,0,0.576581447255528,19,0.833333333333333,0.1,"N1 S1 O3","de-protonated",0,NA,"C30 H25 O3 S1 N1",30,25,3,1,NA,1,NA,NA,NA,NA,NA
3582,479.047868,479.046568514498,479.046728657589,4933165.5,NA,211770.2,23.72,-1,-0.334295343680009,0.489963351284141,0.821075868479145,0.622408358162143,13,0.8,0.7,"O14","de-protonated",0,NA,"C20 H16 O14",20,16,14,NA,NA,NA,NA,NA,NA,NA,NA
3583,479.073795,479.07249540563,479.072370035051,3142200,NA,147405.6,14.35,-1,0.261694446718523,0.987650559186807,0,0.592590335512084,16,0.84,0.24,"S1 P1 O6","de-protonated",0,NA,"C25 H21 O6 S1 P1",25,21,6,NA,1,1,NA,NA,NA,NA,NA
3584,479.084197,479.082897361952,479.083114166973,14139964,NA,212046.9,71.88,-1,-0.452541563007955,0.979001058348849,0.99105053566735,0.98382084927625,12,0.952380952380952,0.619047619047619,"O13","de-protonated",0,NA,"C21 H20 O13",21,20,13,NA,NA,NA,NA,NA,NA,NA,NA
3585,479.097191,479.09589130739,479.095868384814,4578882,NA,208552.2,21.87,-1,0.0478454890733601,0.4997923577933,0.759892473118277,0.603832403923291,20,0.689655172413793,0.172413793103448,"S1 O5","de-protonated",0,NA,"C29 H20 O5 S1",29,20,5,NA,NA,1,NA,NA,NA,NA,NA
3586,479.112544,479.111244242922,479.111124526098,5038664,NA,130410.6,24.27,-1,0.249872769840609,0.49436746427026,0.73553288925895,0.590833634265736,24,0.606060606060606,0.0606060606060606,"S1 O2","de-protonated",0,NA,"C33 H20 O2 S1",33,20,2,NA,NA,1,NA,NA,NA,NA,NA
3587,479.120629,479.119329208973,479.119499676357,26653260,NA,218747.3,137.34,-1,-0.355793042283923,0.488646218023773,0.806643077274283,0.615844961723977,11,1.09090909090909,0.545454545454545,"O12","de-protonated",0,NA,"C22 H24 O12",22,24,12,NA,NA,NA,NA,NA,NA,NA,NA
3588,479.133779,479.132479153756,479.132253894198,7248465,NA,210629.4,35.83,-1,0.470140668359696,0.480343795131474,0.753652554121787,0.589667298727599,19,0.8,0.133333333333333,"S1 O4","de-protonated",0,NA,"C30 H24 O4 S1",30,24,4,NA,NA,1,NA,NA,NA,NA,NA
3589,479.148999,479.147699089847,479.147510035483,28693080,NA,201981.4,148,-1,0.394564012210321,0.489980921802643,0.914069705375599,0.659616435231825,23,0.705882352941177,0.0294117647058824,"S1 O1","de-protonated",0,NA,"C34 H24 O1 S1",34,24,1,NA,NA,1,NA,NA,NA,NA,NA
3590,479.157047,479.155747056053,479.155885185742,28136026,NA,214137.5,145.09,-1,-0.288277141068563,0.980853711660922,0.992799291517773,0.985631943603662,10,1.21739130434783,0.478260869565217,"O11","de-protonated",0,NA,"C23 H28 O11",23,28,11,NA,NA,NA,NA,NA,NA,NA,NA
3591,479.170119,479.168819001163,479.168639403582,7420512,NA,209196.1,36.73,-1,0.374810800438164,0.984741603313001,0.978693254367231,0.982322263734693,18,0.903225806451613,0.0967741935483871,"S1 O3","de-protonated",0,NA,"C31 H28 O3 S1",31,28,3,NA,NA,1,NA,NA,NA,NA,NA
3592,479.18541,479.184109936956,479.184028486649,4910694.5,NA,158901.1,23.61,-1,0.169977091721768,0.993340780655238,0.932731519843832,0.969097076330676,9,1.375,0.333333333333333,"P1 O8","de-protonated",0,NA,"C24 H33 O8 P1",24,33,8,NA,1,NA,NA,NA,NA,NA,NA
3593,479.193402,479.192101903398,479.192270695126,13865578,NA,218256.4,70.45,-1,-0.352242176544595,0.983707118684779,0.976105331302561,0.980666403731892,9,1.33333333333333,0.416666666666667,"O10","de-protonated",0,NA,"C24 H32 O10",24,32,10,NA,NA,NA,NA,NA,NA,NA,NA
3594,479.206468,479.205167848533,479.205024912966,8671855,NA,213020.9,43.28,-1,0.298276435638357,0.491993163328882,0.741475186234394,0.591785972491087,17,1,0.0625,"S1 O2","de-protonated",0,NA,"C32 H32 O2 S1",32,32,2,NA,NA,1,NA,NA,NA,NA,NA
3595,479.221509,479.220208785376,479.220413996033,2301045.3,NA,164951.4,9.95,-1,-0.428217687054178,0.967275119305805,0,0.580365071583483,8,1.48,0.28,"P1 O7","de-protonated",0,NA,"C25 H37 O7 P1",25,37,7,NA,1,NA,NA,NA,NA,NA,NA
3596,479.229706,479.228405750956,479.228494013258,4318840.5,NA,207143.5,20.51,-1,-0.184175821980728,0.99386402991271,0,0.596318417947626,3,2.05,0.15,"N4 S2 P1 O3","de-protonated",0,NA,"C20 H41 O3 S2 N4 P1",20,41,3,4,1,2,NA,NA,NA,NA,NA
3597,479.242839,479.241538695811,479.241410422351,7019134,NA,214247.8,34.63,-1,0.267659382077077,0.493542430662575,0.73553288925895,0.590338614101125,16,1.09090909090909,0.0303030303030303,"S1 O1","de-protonated",0,NA,"C33 H36 O1 S1",33,36,1,NA,NA,1,NA,NA,NA,NA,NA
3598,479.279254,479.277953542903,479.277928873517,4071053.3,NA,223784.8,19.21,-1,0.0514719851721053,0.999519391683651,0,0.599711635010191,2,1.95652173913043,0.347826086956522,"P1 O8","de-protonated",0,NA,"C23 H45 O8 P1",23,45,8,NA,1,NA,NA,NA,NA,NA,NA
3602,480.12386,480.122555996384,480.122631961283,6398954,NA,217493,31.39,-1,-0.15821978492264,0.497734002436318,0.779247987650237,0.610339596521885,14,1.07692307692308,0.0769230769230769,"N1 S2 P1 O2","de-protonated",0,NA,"C26 H28 O2 S2 N1 P1",26,28,2,1,1,2,NA,NA,NA,NA,NA
3605,480.165229,480.163924822674,480.163888375775,2149371.3,NA,232473.6,9.16,-1,0.0759051238193502,0.998955113732843,0,0.599373068239705,18,0.9,0.1,"N1 S1 O3","de-protonated",0,NA,"C30 H27 O3 S1 N1",30,27,3,1,NA,1,NA,NA,NA,NA,NA
3609,480.201792,480.200487669146,480.200273885159,6790154.5,NA,225515.1,33.43,-1,0.445197551748388,0.482337855119069,0.747514279669976,0.588408424939432,17,1,0.0645161290322581,"N1 S1 O2","de-protonated",0,NA,"C31 H31 O2 S1 N1",31,31,2,1,NA,1,NA,NA,NA,NA,NA
3613,481.0425,481.041192138994,481.041249353967,2234724.8,NA,200670,9.6,-1,-0.118939848360683,0.997436393797646,0,0.598461836278588,17,0.608695652173913,0.521739130434783,"O12","de-protonated",0,NA,"C23 H14 O12",23,14,12,NA,NA,NA,NA,NA,NA,NA,NA
3614,481.053252,481.051944093846,481.051831294637,2316649.3,NA,175939.6,10.03,-1,0.234484522893789,0.990073009529751,0,0.594043805717851,8,1.28571428571429,0.928571428571429,"N4 S1 O13","de-protonated",0,NA,"C14 H18 O13 S1 N4",14,18,13,4,NA,1,NA,NA,NA,NA,NA
3615,481.063566,481.062258050538,481.062378722067,7945581.5,NA,220239.3,39.48,-1,-0.250843829401531,0.974483542099003,0.966067485582794,0.971117119492519,12,0.9,0.7,"O14","de-protonated",0,NA,"C20 H18 O14",20,18,14,NA,NA,NA,NA,NA,NA,NA,NA
3616,481.078705,481.077396986969,481.077634863352,2225011.8,NA,176412.8,9.55,-1,-0.494465686854363,0.95660613420258,0,0.573963680521548,16,0.75,0.458333333333333,"O11","de-protonated",0,NA,"C24 H18 O11",24,18,11,NA,NA,NA,NA,NA,NA,NA,NA
3617,481.091711,481.090402932356,481.090389081192,4869497,NA,165621.8,23.39,-1,0.0287911882182667,0.499924801297103,0.741475186234395,0.59654495527202,24,0.5625,0.09375,"S1 O3","de-protonated",0,NA,"C32 H18 O3 S1",32,18,3,NA,NA,1,NA,NA,NA,NA,NA
3618,481.099931,481.09862289784,481.098764231451,20632956,NA,215433.2,105.84,-1,-0.293772550354807,0.97210916960321,0.987769506892315,0.978373304518852,11,1.04761904761905,0.619047619047619,"O13","de-protonated",0,NA,"C21 H22 O13",21,22,13,NA,NA,NA,NA,NA,NA,NA,NA
3620,481.128304,481.126995778701,481.126774590576,11117960,NA,191122,56.07,-1,0.459729403097598,0.970907836291123,0.960668833880955,0.966812235327056,23,0.666666666666667,0.0606060606060606,"S1 O2","de-protonated",0,NA,"C33 H22 O2 S1",33,22,2,NA,NA,1,NA,NA,NA,NA,NA
3621,481.136349,481.13504074492,481.135149740835,33871244,NA,211589.8,175.09,-1,-0.226539082327478,0.49536564163538,0.806643077274283,0.619876615890941,10,1.18181818181818,0.545454545454545,"O12","de-protonated",0,NA,"C22 H26 O12",22,26,12,NA,NA,NA,NA,NA,NA,NA,NA
3622,481.146036,481.144727704244,481.144532655306,9784719,NA,221882.9,49.1,-1,0.405385336628742,0.972824451372406,0.906660664187477,0.946358936498434,23,0.666666666666667,0.121212121212121,"O4","de-protonated",0,NA,"C33 H22 O4",33,22,4,NA,NA,NA,NA,NA,NA,NA,NA
3623,481.149142,481.147833691202,481.147903958676,5500304.5,NA,216311.6,26.68,-1,-0.146041317491154,0.498068764486104,0.753652554121787,0.600302280340378,18,0.866666666666667,0.133333333333333,"S1 O4","de-protonated",0,NA,"C30 H26 O4 S1",30,26,4,NA,NA,1,NA,NA,NA,NA,NA
3624,481.164582,481.163273626369,481.163160099961,607655296,NA,216122.4,3176.4,-1,0.235941605345042,0.247642521549304,0.85220468461255,0.489467386774603,22,0.764705882352941,0.0294117647058824,"S1 O1","de-protonated",0,NA,"C34 H26 O1 S1",34,26,1,NA,NA,1,NA,NA,NA,NA,NA
3625,481.172635,481.171326592554,481.17153525022,24376730,NA,211521.7,125.42,-1,-0.43364507245876,0.483227243763309,0.799615297578637,0.60978246528944,9,1.30434782608696,0.478260869565217,"O11","de-protonated",0,NA,"C23 H30 O11",23,30,11,NA,NA,NA,NA,NA,NA,NA,NA
3626,481.185648,481.184339537913,481.18428946806,5295519.5,NA,200081.8,25.61,-1,0.104055459775743,0.499018642986209,0.747514279669976,0.598416897659716,17,0.967741935483871,0.0967741935483871,"S1 O3","de-protonated",0,NA,"C31 H30 O3 S1",31,30,3,NA,NA,1,NA,NA,NA,NA,NA
3627,481.201028,481.199719473332,481.199678551127,6923686,NA,195430.7,34.13,-1,0.0850420455038235,0.49934429830766,0.792708917554682,0.616690146006469,8,1.45833333333333,0.333333333333333,"P1 O8","de-protonated",0,NA,"C24 H35 O8 P1",24,35,8,NA,1,NA,NA,NA,NA,NA,NA
3628,481.209018,481.207709439781,481.207920759604,8426921,NA,212939.3,41.99,-1,-0.439144522524604,0.482806570455222,0.792708917554682,0.606767509295006,8,1.41666666666667,0.416666666666667,"O10","de-protonated",0,NA,"C24 H34 O10",24,34,10,NA,NA,NA,NA,NA,NA,NA,NA
3629,481.222104,481.220795384833,481.220674977444,7417262.5,NA,213186.9,36.71,-1,0.25021241779442,0.993807985537247,0.950600242190522,0.976524888198557,16,1.0625,0.0625,"S1 O2","de-protonated",0,NA,"C32 H34 O2 S1",32,34,2,NA,NA,1,NA,NA,NA,NA,NA
3630,481.239671,481.238362311069,481.238433042174,2961845.8,NA,187428.3,13.41,-1,-0.146977257510867,0.996087960504441,0,0.597652776302665,16,1.0625,0.125,"O4","de-protonated",0,NA,"C32 H34 O4",32,34,4,NA,NA,NA,NA,NA,NA,NA,NA
3631,481.245478,481.244169286685,481.244306268988,2396600.3,NA,236086.1,10.45,-1,-0.284641919894362,0.9854063763124,0,0.59124382578744,7,1.52,0.36,"O9","de-protonated",0,NA,"C25 H38 O9",25,38,9,NA,NA,NA,NA,NA,NA,NA,NA
3632,481.258522,481.257213231913,481.257060486829,4393405.5,NA,224613,20.89,-1,0.31738772647644,0.490943902945084,0.73553288925895,0.58877949747063,15,1.15151515151515,0.0303030303030303,"S1 O1","de-protonated",0,NA,"C33 H38 O1 S1",33,38,1,NA,NA,1,NA,NA,NA,NA,NA
3633,481.295001,481.293692078737,481.293578937995,2236364.5,NA,257944.8,9.61,-1,0.235076359230281,0.990023086189479,0,0.594013851713687,1,2.04347826086957,0.347826086956522,"P1 O8","de-protonated",0,NA,"C23 H47 O8 P1",23,47,8,NA,1,NA,NA,NA,NA,NA,NA
3639,482.139573,482.13826053236,482.138282025761,7108391,NA,220917.2,35.09,-1,-0.0445793287828444,0.499819734514388,0.779247987650237,0.611591035768728,13,1.15384615384615,0.0769230769230769,"N1 S2 P1 O2","de-protonated",0,NA,"C26 H30 O2 S2 N1 P1",26,30,2,1,1,2,NA,NA,NA,NA,NA
3640,482.144492,482.143179511705,482.143152930869,2279721.3,NA,244221.8,9.84,-1,0.0551305901568267,0.999448660177843,0,0.599669196106706,18,0.862068965517241,0.137931034482759,"N1 S1 O4","de-protonated",0,NA,"C29 H25 O4 S1 N1",29,25,4,1,NA,1,NA,NA,NA,NA,NA
3644,482.217281,482.215968206063,482.215923949637,2529095,NA,265246.6,11.14,-1,0.0917771961519627,0.998472815300518,0,0.599083689180311,16,1.06451612903226,0.0645161290322581,"N1 S1 O2","de-protonated",0,NA,"C31 H33 O2 S1 N1",31,33,2,1,NA,1,NA,NA,NA,NA,NA
3647,483.042938,483.041621739111,483.041643277161,2371736.8,NA,250524.1,10.32,-1,-0.0445883912768089,0.999639322456245,0,0.599783593473747,12,0.842105263157895,0.789473684210526,"O15","de-protonated",0,NA,"C19 H16 O15",19,16,15,NA,NA,NA,NA,NA,NA,NA,NA
3648,483.057932,483.056615676151,483.056737227193,2931870.8,NA,231094.6,13.25,-1,-0.251628914814411,0.988576937752359,0,0.593146162651416,11,1.16666666666667,0.333333333333333,"N4 S2 P1 O6","de-protonated",0,NA,"C18 H21 O6 S2 N4 P1",18,21,6,4,1,2,NA,NA,NA,NA,NA
3649,483.070759,483.06944262229,483.069653636286,4757668,NA,119676.5,22.8,-1,-0.436818985607452,0.482985061535585,0.747514279669976,0.588796748789342,24,0.516129032258065,0.129032258064516,"S1 O4","de-protonated",0,NA,"C31 H16 O4 S1",31,16,4,NA,NA,1,NA,NA,NA,NA,NA
3650,483.079143,483.077826587085,483.078028786545,11745447,NA,210144.2,59.35,-1,-0.418564802462512,0.484355395152597,0.821075868479145,0.619043584483216,11,1,0.7,"O14","de-protonated",0,NA,"C20 H20 O14",20,20,14,NA,NA,NA,NA,NA,NA,NA,NA
3651,483.107504,483.106187467997,483.10603914567,11690163,NA,179072.6,59.06,-1,0.307018158699283,0.972256678846399,0.959258343865048,0.967057344853859,23,0.625,0.09375,"S1 O3","de-protonated",0,NA,"C32 H20 O3 S1",32,20,3,NA,NA,1,NA,NA,NA,NA,NA
3652,483.115543,483.114226434241,483.114414295929,23541942,NA,213469.4,121.05,-1,-0.388855481821483,0.48646818275055,0.813795485951173,0.617399104030799,10,1.14285714285714,0.619047619047619,"O13","de-protonated",0,NA,"C21 H24 O13",21,24,13,NA,NA,NA,NA,NA,NA,NA,NA
3653,483.143948,483.142631314968,483.142424655054,19257538,NA,204111.4,98.64,-1,0.427741184795085,0.655748777218211,0.955927058004922,0.775820089532895,22,0.727272727272727,0.0606060606060606,"S1 O2","de-protonated",0,NA,"C33 H24 O2 S1",33,24,2,NA,NA,1,NA,NA,NA,NA,NA
3654,483.151996,483.150679281174,483.150799805313,24860870,NA,212444.1,127.95,-1,-0.24945449674593,0.980381735210156,0.993379147885366,0.98558070028024,9,1.27272727272727,0.545454545454545,"O12","de-protonated",0,NA,"C22 H28 O12",22,28,12,NA,NA,NA,NA,NA,NA,NA,NA
3655,483.161684,483.160367240494,483.160182719784,178133200,NA,215009,929.68,-1,0.381903800039711,0.391482635592581,0.888892196410135,0.590446459919602,22,0.727272727272727,0.121212121212121,"O4","de-protonated",0,NA,"C33 H24 O4",33,24,4,NA,NA,NA,NA,NA,NA,NA,NA
3656,483.164389,483.163072229135,483.163173900599,6740170.5,NA,516637.8,33.17,-1,-0.210428834110967,0.49599879495984,0.741475186234394,0.594189351469661,22,0.78125,0.03125,"N2 P1 O1","de-protonated",0,NA,"C32 H25 O1 N2 P1",32,25,1,2,1,NA,NA,NA,NA,NA,NA
3658,483.180279,483.178962162413,483.178810164439,13658321,NA,208633.8,69.35,-1,0.314579139062335,0.979789784766142,0.968233292408524,0.975167187823095,21,0.823529411764706,0.0294117647058824,"S1 O1","de-protonated",0,NA,"C34 H28 O1 S1",34,28,1,NA,NA,1,NA,NA,NA,NA,NA
3659,483.188311,483.186994128686,483.187185314698,12359892,NA,218142.4,62.56,-1,-0.395676907896517,0.985837603213145,0.985703733758725,0.985784055431377,8,1.39130434782609,0.478260869565217,"O11","de-protonated",0,NA,"C23 H32 O11",23,32,11,NA,NA,NA,NA,NA,NA,NA,NA
3660,483.224578,483.2232609764,483.22340863283,5072099,NA,215905.7,24.44,-1,-0.305565555768801,0.983200787391054,0,0.589920472434633,2,2.15789473684211,0.210526315789474,"N4 S2 P1 O4","de-protonated",0,NA,"C19 H41 O4 S2 N4 P1",19,41,4,4,1,2,NA,NA,NA,NA,NA
3661,483.237692,483.236374921334,483.236325041922,4197608,NA,228487.7,19.87,-1,0.103219500223719,0.499034332501648,0.741475186234394,0.596010673994747,15,1.125,0.0625,"S1 O2","de-protonated",0,NA,"C32 H36 O2 S1",32,36,2,NA,NA,1,NA,NA,NA,NA,NA
3662,483.261028,483.259710823346,483.259794142214,3654897.8,NA,223613.1,17.03,-1,-0.172410097165943,0.994620913337914,0,0.596772548002748,1,2.25,0.15,"N4 S2 P1 O3","de-protonated",0,NA,"C20 H45 O3 S2 N4 P1",20,45,3,4,1,2,NA,NA,NA,NA,NA
3663,483.274308,483.272990767583,483.272843493088,2420983.3,NA,220396.1,10.57,-1,0.304743990313827,0.983290243115053,0,0.589974145869032,1,2.04545454545455,0.409090909090909,"P1 O9","de-protonated",0,NA,"C22 H45 O9 P1",22,45,9,NA,1,NA,NA,NA,NA,NA,NA
3664,483.297522,483.296204670107,483.296341842851,2412800.5,NA,255852,10.53,-1,-0.283827399171759,0.985489169882233,0,0.59129350192934,5,1.69230769230769,0.307692307692308,"O8","de-protonated",0,NA,"C26 H44 O8",26,44,8,NA,NA,NA,NA,NA,NA,NA,NA
3667,484.118835,484.117514221395,484.117546580855,4699727,NA,226002.4,22.49,-1,-0.0668421540438254,0.49959481936631,0.785920818505338,0.614125219021921,13,1.12,0.12,"N1 S2 P1 O3","de-protonated",0,NA,"C25 H28 O3 S2 N1 P1",25,28,3,1,1,2,NA,NA,NA,NA,NA
3675,484.196826,484.195504893909,484.195321446513,2676334.8,NA,197563.5,11.91,-1,0.378870651212694,0.974290579686469,0,0.584574347811882,3,1.89473684210526,0.578947368421053,"N1 P1 O11","de-protonated",0,NA,"C19 H36 O11 N1 P1",19,36,11,1,1,NA,NA,NA,NA,NA,NA
3676,484.233076,484.231754741695,484.231574014115,2235517.8,NA,202790.4,9.6,-1,0.373225517004529,0.975041436756384,0,0.585024862053831,15,1.12903225806452,0.0645161290322581,"N1 S1 O2","de-protonated",0,NA,"C31 H35 O2 S1 N1",31,35,2,1,NA,1,NA,NA,NA,NA,NA
3678,485.037573,485.036248363594,485.036163973539,2262468.3,NA,236558.5,9.74,-1,0.173987140437589,0.994522329000744,0,0.596713397400446,16,0.636363636363636,0.590909090909091,"O13","de-protonated",0,NA,"C22 H14 O13",22,14,13,NA,NA,NA,NA,NA,NA,NA,NA
3679,485.050476,485.049151309414,485.04891819138,1767625.4,NA,159526.1,7.15,-1,0.480607266548266,0.958954524963045,0,0.575372714977827,24,0.466666666666667,0.166666666666667,"S1 O5","de-protonated",0,NA,"C30 H14 O5 S1",30,14,5,NA,NA,1,NA,NA,NA,NA,NA
3680,485.058525,485.057200275616,485.057293341639,4155340.5,NA,248460.3,19.64,-1,-0.191866040321434,0.993342665084887,0,0.596005599050932,11,0.947368421052632,0.789473684210526,"O15","de-protonated",0,NA,"C19 H18 O15",19,18,15,NA,NA,NA,NA,NA,NA,NA,NA
3681,485.067276,485.065951238871,485.066024807486,1849296.1,NA,159618.3,7.58,-1,-0.151667220130247,0.995834844151877,0,0.597500906491126,15,0.818181818181818,0.409090909090909,"N2 S1 O9","de-protonated",0,NA,"C22 H18 O9 S1 N2",22,18,9,2,NA,1,NA,NA,NA,NA,NA
3682,485.07367,485.072345212022,485.072549482923,4172754.8,NA,229980,19.73,-1,-0.421114123053038,0.968334605427836,0,0.581000763256702,15,0.782608695652174,0.521739130434783,"O12","de-protonated",0,NA,"C23 H18 O12",23,18,12,NA,NA,NA,NA,NA,NA,NA,NA
3683,485.086666,485.085341157452,485.085303700764,8436696,NA,171417.7,42.04,-1,0.0772167030194198,0.997665733325136,0.994947281445103,0.996578352573122,23,0.580645161290323,0.129032258064516,"S1 O4","de-protonated",0,NA,"C31 H18 O4 S1",31,18,4,NA,NA,1,NA,NA,NA,NA,NA
3684,485.094783,485.093458123368,485.093678851023,11828187,NA,220970.9,59.78,-1,-0.455020677923804,0.481564543872517,0.821075868479145,0.617369073715168,10,1.1,0.7,"O14","de-protonated",0,NA,"C20 H22 O14",20,22,14,NA,NA,NA,NA,NA,NA,NA,NA
3685,485.104443,485.103118082806,485.103061765493,3494879.3,NA,212751,16.19,-1,0.116093500290374,0.498778738359894,0.747514279669976,0.598272954883927,23,0.580645161290323,0.193548387096774,"O6","de-protonated",0,NA,"C31 H18 O6",31,18,6,NA,NA,NA,NA,NA,NA,NA,NA
3686,485.110083,485.108758059123,485.108934992308,5097441.5,NA,220774.5,24.57,-1,-0.364728768823198,0.488075696915801,0.792708917554682,0.609928985171353,14,0.916666666666667,0.458333333333333,"O11","de-protonated",0,NA,"C24 H22 O11",24,22,11,NA,NA,NA,NA,NA,NA,NA,NA
3687,485.123105,485.121780004444,485.121689210148,21556198,NA,203994,110.66,-1,0.187157773916846,0.66078274375018,0.924806379373794,0.766392197999626,22,0.6875,0.09375,"S1 O3","de-protonated",0,NA,"C32 H22 O3 S1",32,22,3,NA,NA,1,NA,NA,NA,NA,NA
3688,485.13118,485.129854970536,485.130064360407,16722922,NA,216553.9,85.38,-1,-0.431615943997122,0.967893660561888,0.984700404345313,0.974616358075258,9,1.23809523809524,0.619047619047619,"O13","de-protonated",0,NA,"C21 H26 O13",21,26,13,NA,NA,NA,NA,NA,NA,NA,NA
3689,485.141007,485.139681929273,485.139447274877,5471214,NA,218597.3,26.52,-1,0.483684426061269,0.4792191771204,0.741475186234394,0.584121580765998,22,0.6875,0.15625,"O5","de-protonated",0,NA,"C32 H22 O5",32,22,5,NA,NA,NA,NA,NA,NA,NA,NA
3690,485.14643,485.145104906501,485.145320501692,5178352,NA,224835.6,24.99,-1,-0.444393012948668,0.482400497829039,0.785920818505338,0.603808626099558,13,1.04,0.4,"O10","de-protonated",0,NA,"C25 H26 O10",25,26,10,NA,NA,NA,NA,NA,NA,NA,NA
3691,485.159604,485.158278851183,485.158074719532,20868086,NA,209809.1,107.06,-1,0.420752867240412,0.322796014451049,0.703115790895168,0.474923925028697,21,0.787878787878788,0.0606060606060606,"S1 O2","de-protonated",0,NA,"C33 H26 O2 S1",33,26,2,NA,NA,1,NA,NA,NA,NA,NA
3692,485.167606,485.166280817583,485.166449869791,10779641,NA,198689.8,54.29,-1,-0.348441671204698,0.97456059197165,0.971855276519862,0.973478465790935,8,1.36363636363636,0.545454545454545,"O12","de-protonated",0,NA,"C22 H30 O12",22,30,12,NA,NA,NA,NA,NA,NA,NA,NA
3693,485.177385,485.176059776521,485.175832784262,3866620.8,NA,242160.1,18.13,-1,0.467855658579868,0.480530639351033,0.73553288925895,0.5825315393142,21,0.787878787878788,0.121212121212121,"O4","de-protonated",0,NA,"C33 H26 O4",33,26,4,NA,NA,NA,NA,NA,NA,NA,NA
3694,485.182768,485.181442753917,485.181543819824,3827711,NA,214725.8,17.93,-1,-0.208305340824195,0.992157652118987,0,0.595294591271392,7,1.66666666666667,0.142857142857143,"N4 S2 P1 O3","de-protonated",0,NA,"C21 H35 O3 S2 N4 P1",21,35,3,4,1,2,NA,NA,NA,NA,NA
3695,485.196,485.194674698356,485.194460228917,10994692,NA,207715.9,55.42,-1,0.442027798561166,0.964605283294995,0.975610794755322,0.969007487879126,20,0.882352941176471,0.0294117647058824,"S1 O1","de-protonated",0,NA,"C34 H30 O1 S1",34,30,1,NA,NA,1,NA,NA,NA,NA,NA
3696,485.203989,485.20266366481,485.202835379176,6073351.5,NA,212357.5,29.67,-1,-0.35390223112792,0.488765210995931,0.799615297578637,0.613105245629014,7,1.47826086956522,0.478260869565217,"O11","de-protonated",0,NA,"C23 H34 O11",23,34,11,NA,NA,NA,NA,NA,NA,NA,NA
3698,485.217089,485.215763609803,485.215589597016,5751821,NA,201409.5,27.99,-1,0.358629834281061,0.984409089331611,0.986083772513014,0.985078962604172,15,1.09677419354839,0.0967741935483871,"S1 O3","de-protonated",0,NA,"C31 H34 O3 S1",31,34,3,NA,NA,1,NA,NA,NA,NA,NA
3699,485.2323,485.230974545931,485.230978680083,3294739,NA,188598.9,15.14,-1,-0.00851996585039321,0.999986828759609,0,0.599992097255766,6,1.625,0.333333333333333,"P1 O8","de-protonated",0,NA,"C24 H39 O8 P1",24,39,8,NA,1,NA,NA,NA,NA,NA,NA
3700,485.240267,485.238941512478,485.239058697308,4484118.5,NA,230258.5,21.36,-1,-0.241499170391417,0.989473373903554,0,0.593684024342133,1,2.26315789473684,0.210526315789474,"N4 S2 P1 O4","de-protonated",0,NA,"C19 H43 O4 S2 N4 P1",19,43,4,4,1,2,NA,NA,NA,NA,NA
3701,485.253309,485.251983457714,485.2519751064,2780699.5,NA,189714.9,12.45,-1,0.0172102619939107,0.999946257592038,0,0.599967754555223,14,1.1875,0.0625,"S1 O2","de-protonated",0,NA,"C32 H38 O2 S1",32,38,2,NA,NA,1,NA,NA,NA,NA,NA
3702,485.276787,485.275461359129,485.275606397944,4324389,NA,238876.8,20.53,-1,-0.298879261529014,0.491961028337399,0.785920818505338,0.609544944404575,5,1.68,0.36,"O9","de-protonated",0,NA,"C25 H42 O9",25,42,9,NA,NA,NA,NA,NA,NA,NA,NA
3703,485.279912,485.278586346007,485.278597578759,2228262.3,NA,235570,9.56,-1,-0.0231470165246534,0.999902787354648,0,0.599941672412789,5,1.79166666666667,0.25,"N2 P1 O6","de-protonated",0,NA,"C24 H43 O6 N2 P1",24,43,6,2,1,NA,NA,NA,NA,NA,NA
3704,485.313329,485.312003205689,485.311991907329,2474547.8,NA,217610.4,10.85,-1,0.0232806118444435,0.999901662026697,0,0.599940997216018,4,1.76923076923077,0.307692307692308,"O8","de-protonated",0,NA,"C26 H46 O8",26,46,8,NA,NA,NA,NA,NA,NA,NA,NA
3707,486.097981,486.096651910918,486.096811135949,2042224.8,NA,244876.3,8.59,-1,-0.3275582713298,0.980719854299583,0,0.588431912579749,13,1.08333333333333,0.166666666666667,"N1 S2 P1 O4","de-protonated",0,NA,"C24 H26 O4 S2 N1 P1",24,26,4,1,1,2,NA,NA,NA,NA,NA
3716,487.053027,487.051693900658,487.051814038017,3396337.3,NA,205737.7,15.67,-1,-0.24666237830012,0.989020953882188,0,0.593412572329313,15,0.727272727272727,0.590909090909091,"O13","de-protonated",0,NA,"C22 H16 O13",22,16,13,NA,NA,NA,NA,NA,NA,NA,NA
3717,487.065997,487.064663846197,487.064568255858,4510454.5,NA,203520.7,21.49,-1,0.196258044004332,0.496517733309328,0.753652554121787,0.599371661634312,23,0.533333333333333,0.166666666666667,"S1 O5","de-protonated",0,NA,"C30 H16 O5 S1",30,16,5,NA,NA,1,NA,NA,NA,NA,NA
3718,487.074083,487.072749812244,487.072943406117,3788537.8,NA,226545.6,17.72,-1,-0.39746382027046,0.971742130322732,0,0.583045278193639,10,1.05263157894737,0.789473684210526,"O15","de-protonated",0,NA,"C19 H20 O15",19,20,15,NA,NA,NA,NA,NA,NA,NA,NA
3719,487.083363,487.082029773277,487.082164129335,3568381.5,NA,147062.2,16.57,-1,-0.27583859100308,0.986288990822161,0,0.591773394493297,18,0.84,0.04,"N4 S2 P1 O1","de-protonated",0,NA,"C25 H21 O1 S2 N4 P1",25,21,1,4,1,2,NA,NA,NA,NA,NA
3720,487.089386,487.088052747986,487.088199547401,6401792,NA,207225.9,31.39,-1,-0.301381588557548,0.491826965183014,0.799615297578637,0.614942298141263,14,0.869565217391304,0.521739130434783,"O12","de-protonated",0,NA,"C23 H20 O12",23,20,12,NA,NA,NA,NA,NA,NA,NA,NA
3721,487.102483,487.101149692991,487.100953765242,15924997,NA,201584.3,81.2,-1,0.402232326145708,0.98512347473369,0.950434043436071,0.971247702214642,22,0.645161290322581,0.129032258064516,"S1 O4","de-protonated",0,NA,"C31 H20 O4 S1",31,20,4,NA,NA,1,NA,NA,NA,NA,NA
3722,487.110515,487.109181659265,487.109328915501,6889224.5,NA,222415.3,33.94,-1,-0.302306334724278,0.491777147996559,0.821075868479145,0.623496636189594,9,1.2,0.7,"O14","de-protonated",0,NA,"C20 H24 O14",20,24,14,NA,NA,NA,NA,NA,NA,NA,NA
3723,487.120239,487.118905618434,487.118711829971,6190860.5,NA,210734.1,30.28,-1,0.397825946246413,0.485845675986293,0.747514279669976,0.590513117459766,22,0.645161290322581,0.193548387096774,"O6","de-protonated",0,NA,"C31 H20 O6",31,20,6,NA,NA,NA,NA,NA,NA,NA,NA
3724,487.125738,487.124404595343,487.124585056786,9541391,NA,208265.1,47.81,-1,-0.370462604472531,0.980759228664975,0.983033113398636,0.98166878255844,13,1,0.458333333333333,"O11","de-protonated",0,NA,"C24 H24 O11",24,24,11,NA,NA,NA,NA,NA,NA,NA,NA
3725,487.138822,487.137488540403,487.137339274626,23895828,NA,210616.8,122.89,-1,0.306414156905331,0.492618473068106,0.901832834299326,0.656304217560594,21,0.75,0.09375,"S1 O3","de-protonated",0,NA,"C32 H24 O3 S1",32,24,3,NA,NA,1,NA,NA,NA,NA,NA
3726,487.146895,487.145561506504,487.145714424885,6897431,NA,220355.5,33.98,-1,-0.313906857978561,0.985869349638557,0.961952627539319,0.976302660798862,8,1.33333333333333,0.619047619047619,"O13","de-protonated",0,NA,"C21 H28 O13",21,28,13,NA,NA,NA,NA,NA,NA,NA,NA
3727,487.156468,487.155134466307,487.155097339355,7118619,NA,198652.2,35.14,-1,0.0762117691901208,0.978526211966862,0.985267449663298,0.981222707045436,21,0.75,0.15625,"O5","de-protonated",0,NA,"C32 H24 O5",32,24,5,NA,NA,NA,NA,NA,NA,NA,NA
3728,487.162086,487.160752442717,487.16097056617,8867613,NA,220009.5,44.29,-1,-0.447744105168846,0.967114760060097,0.990361530192661,0.976413468113122,12,1.12,0.4,"O10","de-protonated",0,NA,"C25 H28 O10",25,28,10,NA,NA,NA,NA,NA,NA,NA,NA
3729,487.175137,487.173803387916,487.17372478401,16875298,NA,212003.3,86.17,-1,0.161346766802582,0.991958455159579,0.963282912672012,0.980488238164552,20,0.848484848484849,0.0606060606060606,"S1 O2","de-protonated",0,NA,"C33 H28 O2 S1",33,28,2,NA,NA,1,NA,NA,NA,NA,NA
3730,487.183214,487.181880354,487.182099934269,4624165.5,NA,216062,22.09,-1,-0.450714977426476,0.972179258029388,0.895441906889136,0.941484317573287,7,1.45454545454545,0.545454545454545,"O12","de-protonated",0,NA,"C22 H32 O12",22,32,12,NA,NA,NA,NA,NA,NA,NA,NA
3731,487.192935,487.191601313181,487.19148284874,2975529.5,NA,232149.3,13.47,-1,0.243157866811132,0.494664526756318,0.73553288925895,0.591011871757371,20,0.848484848484849,0.121212121212121,"O4","de-protonated",0,NA,"C33 H28 O4",33,28,4,NA,NA,NA,NA,NA,NA,NA,NA
3732,487.198522,487.197188289722,487.197356075554,5942060,NA,204222.1,28.98,-1,-0.344389867023297,0.489354653503946,0.779247987650237,0.605311987162462,11,1.23076923076923,0.346153846153846,"O9","de-protonated",0,NA,"C26 H32 O9",26,32,9,NA,NA,NA,NA,NA,NA,NA,NA
3733,487.211596,487.210262234824,487.210110293395,7528241,NA,204644.7,37.28,-1,0.311860172205599,0.491253842882114,0.72968508002065,0.586626337737528,19,0.941176470588235,0.0294117647058824,"S1 O1","de-protonated",0,NA,"C34 H32 O1 S1",34,32,1,NA,NA,1,NA,NA,NA,NA,NA
3734,487.219521,487.218187201546,487.218323252401,3347252,NA,240357.1,15.41,-1,-0.279240021765911,0.985951159623895,0,0.591570695774337,1,2.27777777777778,0.277777777777778,"N4 S2 P1 O5","de-protonated",0,NA,"C18 H41 O5 S2 N4 P1",18,41,5,4,1,2,NA,NA,NA,NA,NA
3735,487.232928,487.23159414525,487.231372603276,3322169.5,NA,133534.7,15.28,-1,0.454695626726287,0.96318076598659,0,0.577908459591954,1,2.05,0.55,"P1 O11","de-protonated",0,NA,"C20 H41 O11 P1",20,41,11,NA,1,NA,NA,NA,NA,NA,NA
3736,487.248099,487.246765081547,487.246628744561,2636607.8,NA,219816.2,11.69,-1,0.279811040334065,0.985894051438586,0,0.591536430863152,5,1.70833333333333,0.333333333333333,"P1 O8","de-protonated",0,NA,"C24 H41 O8 P1",24,41,8,NA,1,NA,NA,NA,NA,NA,NA
3737,487.256134,487.254800047808,487.254870953038,4906819,NA,208012.9,23.57,-1,-0.14551979815847,0.49808250646071,0.792708917554682,0.615933070898299,5,1.66666666666667,0.416666666666667,"O10","de-protonated",0,NA,"C24 H40 O10",24,40,10,NA,NA,NA,NA,NA,NA,NA,NA
3738,487.292479,487.291144895194,487.291256462422,3274577.5,NA,226236.5,15.03,-1,-0.228953888917574,0.990533572468111,0,0.594320143480866,4,1.76,0.36,"O9","de-protonated",0,NA,"C25 H44 O9",25,44,9,NA,NA,NA,NA,NA,NA,NA,NA
3749,489.032493,489.031151588837,489.031078593111,2098697,NA,234595.4,8.6,-1,0.149266026601833,0.995965421231938,0,0.597579252739163,15,0.666666666666667,0.666666666666667,"O14","de-protonated",0,NA,"C21 H14 O14",21,14,14,NA,NA,NA,NA,NA,NA,NA,NA
3750,489.060397,489.059055471667,489.059088952236,1893396.1,NA,166412.7,7.56,-1,-0.0684591484849407,0.999149974081896,0,0.599489984449137,27,0.424242424242424,0.0909090909090909,"S1 O3","de-protonated",0,NA,"C33 H14 O3 S1",33,14,3,NA,NA,1,NA,NA,NA,NA,NA
3751,489.068581,489.067239437302,489.067464102495,6777367.5,NA,210423.6,32.3,-1,-0.459374644797983,0.481216791107064,0.806643077274283,0.611387305573951,14,0.818181818181818,0.590909090909091,"O13","de-protonated",0,NA,"C22 H18 O13",22,18,13,NA,NA,NA,NA,NA,NA,NA,NA
3752,489.081699,489.08035738222,489.080218320336,6246940.5,NA,219396.7,29.61,-1,0.284333487672239,0.492718877303977,0.753652554121787,0.597092348031101,22,0.6,0.166666666666667,"S1 O5","de-protonated",0,NA,"C30 H18 O5 S1",30,18,5,NA,NA,1,NA,NA,NA,NA,NA
3753,489.09001,489.088668347322,489.088593470595,2013216,NA,260005.7,8.16,-1,0.153094404829215,0.995756254661889,0,0.597453752797133,9,1.15789473684211,0.789473684210526,"O15","de-protonated",0,NA,"C19 H22 O15",19,22,15,NA,NA,NA,NA,NA,NA,NA,NA
3754,489.099325,489.097983308208,489.097976385065,5385763.5,NA,205547.2,25.25,-1,0.014154920246257,0.499981822640704,0.753652554121787,0.601450115233137,22,0.6,0.233333333333333,"O7","de-protonated",0,NA,"C30 H18 O7",30,18,7,NA,NA,NA,NA,NA,NA,NA,NA
3755,489.104996,489.103654284395,489.103849611879,10220070,NA,200706.6,49.74,-1,-0.399357895940995,0.485738027718811,0.799615297578637,0.611288935662741,13,0.956521739130435,0.521739130434783,"O12","de-protonated",0,NA,"C23 H22 O12",23,22,12,NA,NA,NA,NA,NA,NA,NA,NA
3756,489.118028,489.116686229673,489.11660382972,16876076,NA,210520.3,83.45,-1,0.168466891058667,0.497431762462465,0.747514279669976,0.597464769345469,21,0.709677419354839,0.129032258064516,"S1 O4","de-protonated",0,NA,"C31 H22 O4 S1",31,22,4,NA,NA,1,NA,NA,NA,NA,NA
3757,489.126035,489.124693196052,489.124465915642,2860078.3,NA,207904.2,12.45,-1,0.464667841443582,0.961579810301353,0,0.576947886180812,26,0.545454545454545,0.0909090909090909,"N2 O3","de-protonated",0,NA,"C33 H18 O3 N2",33,18,3,2,NA,NA,NA,NA,NA,NA,NA
3758,489.135837,489.134495154893,489.134361894449,8395314,NA,209029.4,40.49,-1,0.27244138677618,0.493311191515821,0.747514279669976,0.594992426777483,21,0.709677419354839,0.193548387096774,"O6","de-protonated",0,NA,"C31 H22 O6",31,22,6,NA,NA,NA,NA,NA,NA,NA,NA
3759,489.14141,489.140068131492,489.140235121264,19354164,NA,209774.3,96.01,-1,-0.341394470968953,0.98735839909079,0.989615138785027,0.988261094968485,12,1.08333333333333,0.458333333333333,"O11","de-protonated",0,NA,"C24 H26 O11",24,26,11,NA,NA,NA,NA,NA,NA,NA,NA
3760,489.154518,489.153176076451,489.152989339104,18743866,NA,212871.8,92.92,-1,0.381756528395825,0.653091197516172,0.910414505814828,0.756020520835634,20,0.8125,0.09375,"S1 O3","de-protonated",0,NA,"C32 H26 O3 S1",32,26,3,NA,NA,1,NA,NA,NA,NA,NA
3761,489.162585,489.161243042578,489.161364489363,2142268.8,NA,247101.5,8.82,-1,-0.24827550643964,0.988877686465908,0,0.593326611879545,7,1.42857142857143,0.619047619047619,"O13","de-protonated",0,NA,"C21 H30 O13",21,30,13,NA,NA,NA,NA,NA,NA,NA,NA
3762,489.172158,489.17081600238,489.170747403833,5489216.5,NA,198528.7,25.77,-1,0.140234360488285,0.498219023902831,0.741475186234395,0.595521488835456,20,0.8125,0.15625,"O5","de-protonated",0,NA,"C32 H26 O5",32,26,5,NA,NA,NA,NA,NA,NA,NA,NA
3763,489.177836,489.176493978538,489.176620630648,11608643,NA,211930.6,56.77,-1,-0.258908754661063,0.975412919217527,0.980606125197268,0.977490201609423,11,1.2,0.4,"O10","de-protonated",0,NA,"C25 H30 O10",25,30,10,NA,NA,NA,NA,NA,NA,NA,NA
3764,489.190888,489.189545923733,489.189374848488,10447432,NA,209891.2,50.89,-1,0.349711692603346,0.983159467544885,0.989105100853612,0.985537720868376,19,0.909090909090909,0.0606060606060606,"S1 O2","de-protonated",0,NA,"C33 H30 O2 S1",33,30,2,NA,NA,1,NA,NA,NA,NA,NA
3765,489.198817,489.197474890439,489.197236934411,2116683.3,NA,253319.4,8.69,-1,0.486421447177917,0.957976706535213,0,0.574786023921128,24,0.742857142857143,0.0285714285714286,"N2 O1","de-protonated",0,NA,"C35 H26 O1 N2",35,26,1,2,NA,NA,NA,NA,NA,NA,NA
3766,489.214189,489.212846825891,489.213006140032,5960273.5,NA,186308.2,28.16,-1,-0.325653936135282,0.490470618962503,0.779247987650237,0.605981566437597,10,1.30769230769231,0.346153846153846,"O9","de-protonated",0,NA,"C26 H34 O9",26,34,9,NA,NA,NA,NA,NA,NA,NA,NA
3767,489.227174,489.225831771367,489.225760357873,6067798.5,NA,195569.9,28.7,-1,0.145972473209545,0.988216978014688,0.868643775771617,0.94038769711746,18,1,0.0294117647058824,"S1 O1","de-protonated",0,NA,"C34 H34 O1 S1",34,34,1,NA,NA,1,NA,NA,NA,NA,NA
3768,489.235253,489.233910737443,489.234135508132,2515033.8,NA,225014,10.7,-1,-0.459433780950312,0.962424093650178,0,0.577454456190107,5,1.65217391304348,0.478260869565217,"O11","de-protonated",0,NA,"C23 H38 O11",23,38,11,NA,NA,NA,NA,NA,NA,NA,NA
3769,489.263456,489.262113619018,489.262278809039,3050085,NA,228255.8,13.41,-1,-0.337630812129918,0.97952828589742,0,0.587716971538452,4,1.79166666666667,0.333333333333333,"P1 O8","de-protonated",0,NA,"C24 H43 O8 P1",24,43,8,NA,1,NA,NA,NA,NA,NA,NA
3770,489.271751,489.270408584187,489.270521017516,2482792.3,NA,231518.4,10.54,-1,-0.229797880796022,0.99046398616045,0,0.59427839169627,4,1.75,0.416666666666667,"O10","de-protonated",0,NA,"C24 H42 O10",24,42,10,NA,NA,NA,NA,NA,NA,NA,NA
3773,490.108296,490.106950071516,490.106981896805,2381236.3,NA,212862,10.02,-1,-0.0649353923648646,0.999235195141548,0,0.599541117084929,16,0.962962962962963,0.0740740740740741,"N1 S2 P1 O2","de-protonated",0,NA,"C27 H26 O2 S2 N1 P1",27,26,2,1,1,2,NA,NA,NA,NA,NA
3777,490.173807,490.172460796434,490.172358860211,1794382.3,NA,119537.2,7.05,-1,0.207959957128023,0.992183534976378,0,0.595310120985827,15,1.11111111111111,0.0740740740740741,"N3 S1 P1 O2","de-protonated",0,NA,"C27 H30 O2 S1 N3 P1",27,30,2,3,1,1,NA,NA,NA,NA,NA
3781,490.267235,490.265888404128,490.265769989709,1903091.1,NA,218398.3,7.6,-1,0.241531075821717,0.989470606985702,0,0.593682364191421,4,1.78260869565217,0.434782608695652,"N1 O10","de-protonated",0,NA,"C23 H41 O10 N1",23,41,10,1,NA,NA,NA,NA,NA,NA,NA
3784,491.047822,491.046472126426,491.046566466337,4269351.5,NA,220265.1,19.59,-1,-0.192120090613712,0.99332508243569,0,0.595995049461414,9,1.3125,0.5,"N4 S2 P1 O8","de-protonated",0,NA,"C16 H21 O8 S2 N4 P1",16,21,8,4,1,2,NA,NA,NA,NA,NA
3785,491.061089,491.059739070717,491.059615817211,2272044.8,NA,183649.7,9.47,-1,0.25099499639433,0.988634092639812,0,0.593180455583887,9,1.16666666666667,0.777777777777778,"P1 O14","de-protonated",0,NA,"C18 H21 O14 P1",18,21,14,NA,1,NA,NA,NA,NA,NA,NA
3786,491.078509,491.07715899757,491.077240940159,2649907.8,NA,167047.4,11.38,-1,-0.16686293203917,0.99496062151469,0,0.596976372908814,22,0.551724137931034,0.275862068965517,"O8","de-protonated",0,NA,"C29 H16 O8",29,16,8,NA,NA,NA,NA,NA,NA,NA,NA
3787,491.084279,491.082928973342,491.083114166973,10657078,NA,202681.8,51.95,-1,-0.377112602292593,0.972317495428642,0.950426649648686,0.963561157116659,13,0.909090909090909,0.590909090909091,"O13","de-protonated",0,NA,"C22 H20 O13",22,20,13,NA,NA,NA,NA,NA,NA,NA,NA
3788,491.097418,491.096067918171,491.095868384814,8064315,NA,196959.6,38.81,-1,0.406302252554746,0.485245172444779,0.753652554121787,0.592608125115583,21,0.666666666666667,0.166666666666667,"S1 O5","de-protonated",0,NA,"C30 H20 O5 S1",30,20,5,NA,NA,1,NA,NA,NA,NA,NA
3789,491.115145,491.113794843735,491.113626449543,5688642,NA,172431.1,26.78,-1,0.342882345384613,0.489446658352269,0.753652554121787,0.595129016660076,21,0.666666666666667,0.233333333333333,"O7","de-protonated",0,NA,"C30 H20 O7",30,20,7,NA,NA,NA,NA,NA,NA,NA,NA
3790,491.120746,491.119395820216,491.119499676357,17663300,NA,205802.4,87.44,-1,-0.211468168582956,0.974163604138959,0.981570083339277,0.977126195819086,12,1.04347826086957,0.521739130434783,"O12","de-protonated",0,NA,"C23 H24 O12",23,24,12,NA,NA,NA,NA,NA,NA,NA,NA
3791,491.133797,491.132446765415,491.132253894198,13288777,NA,209374.1,65.28,-1,0.39270729120963,0.982333838263319,0.930381253973419,0.961552804547359,20,0.774193548387097,0.129032258064516,"S1 O4","de-protonated",0,NA,"C31 H24 O4 S1",31,24,4,NA,NA,1,NA,NA,NA,NA,NA
3792,491.151436,491.150085691348,491.150011958927,5603664.5,NA,165697.5,26.35,-1,0.150121997916082,0.497959555250972,0.747514279669976,0.597781445018574,20,0.774193548387097,0.193548387096774,"O6","de-protonated",0,NA,"C31 H24 O6",31,24,6,NA,NA,NA,NA,NA,NA,NA,NA
3793,491.157086,491.155735667624,491.155885185742,21222738,NA,209371.7,105.47,-1,-0.304420902616962,0.978520453657621,0.999031682094183,0.986724945032246,11,1.16666666666667,0.458333333333333,"O11","de-protonated",0,NA,"C24 H28 O11",24,28,11,NA,NA,NA,NA,NA,NA,NA,NA
3794,491.17007,491.168719613104,491.168639403582,10325336,NA,212340.7,50.27,-1,0.163303426140228,0.997567197622362,0.9963628165385,0.997085445188817,19,0.875,0.09375,"S1 O3","de-protonated",0,NA,"C32 H28 O3 S1",32,28,3,NA,NA,1,NA,NA,NA,NA,NA
3795,491.187657,491.186306539255,491.186397468311,2988382.8,NA,187688.5,13.1,-1,-0.185121282698591,0.99380106676432,0,0.596280640058592,19,0.875,0.15625,"O5","de-protonated",0,NA,"C32 H28 O5",32,28,5,NA,NA,NA,NA,NA,NA,NA,NA
3796,491.193374,491.19202351525,491.192108503874,13165921,NA,208363.7,64.66,-1,-0.173025223000326,0.663740761330481,0.931522048862952,0.770853276343469,5,1.85,0.2,"N4 S2 P1 O4","de-protonated",0,NA,"C20 H37 O4 S2 N4 P1",20,37,4,4,1,2,NA,NA,NA,NA,NA
3797,491.206481,491.205130460213,491.205024912966,8463718,NA,209077.4,40.83,-1,0.21487411850386,0.995621904262245,0.980138536361298,0.989428557101867,18,0.96969696969697,0.0606060606060606,"S1 O2","de-protonated",0,NA,"C33 H32 O2 S1",33,32,2,NA,NA,1,NA,NA,NA,NA,NA
3798,491.224142,491.222791386054,491.222782977696,1979757.1,NA,175426,7.99,-1,0.0171171995157155,0.99994683721678,0,0.599968102330068,18,0.96969696969697,0.121212121212121,"O4","de-protonated",0,NA,"C33 H32 O4",33,32,4,NA,NA,NA,NA,NA,NA,NA,NA
3799,491.22988,491.22852936196,491.22865620451,4087151.3,NA,213818.1,18.66,-1,-0.25821488326167,0.493987404895954,0.779247987650237,0.608091637997667,9,1.38461538461538,0.346153846153846,"O9","de-protonated",0,NA,"C26 H36 O9",26,36,9,NA,NA,NA,NA,NA,NA,NA,NA
3800,491.242911,491.241560307243,491.241410422351,8174964.5,NA,211528.9,39.37,-1,0.305114529846832,0.987980677457162,0.991348409330014,0.989327770206302,17,1.05882352941176,0.0294117647058824,"S1 O1","de-protonated",0,NA,"C34 H36 O1 S1",34,36,1,NA,NA,1,NA,NA,NA,NA,NA
3801,491.279442,491.278091153848,491.277928873517,4076931,NA,213701.1,18.61,-1,0.330322862329865,0.490198128287877,0.792708917554682,0.611202443994599,3,1.875,0.333333333333333,"P1 O8","de-protonated",0,NA,"C24 H45 O8 P1",24,45,8,NA,1,NA,NA,NA,NA,NA,NA
3803,492.118798,492.117443629374,492.117606887584,1901772.8,NA,189347.4,7.59,-1,-0.331746329672767,0.980228619827644,0,0.588137171896586,25,0.59375,0.03125,"N3 S1 O1","de-protonated",0,NA,"C32 H19 O1 S1 N3",32,19,1,3,NA,1,NA,NA,NA,NA,NA
3806,492.152335,492.150980488551,492.151134157935,2321625.8,NA,160237.7,9.72,-1,-0.312240230257494,0.98246540090983,0,0.589479240545898,11,1.17391304347826,0.478260869565217,"N1 O11","de-protonated",0,NA,"C23 H27 O11 N1",23,27,11,1,NA,NA,NA,NA,NA,NA,NA
3813,493.063606,493.062247662104,493.062378722067,6924350.5,NA,200817,33.03,-1,-0.265808076849484,0.49363088175434,0.813795485951173,0.621696723433073,13,0.857142857142857,0.666666666666667,"O14","de-protonated",0,NA,"C21 H18 O14",21,18,14,NA,NA,NA,NA,NA,NA,NA,NA
3814,493.0767,493.075341607122,493.075132939907,2470979.5,NA,183510,10.47,-1,0.423195576136414,0.968025875704258,0,0.580815525422555,21,0.620689655172414,0.206896551724138,"S1 O6","de-protonated",0,NA,"C29 H18 O6 S1",29,18,6,NA,NA,1,NA,NA,NA,NA,NA
3815,493.094192,493.092833533673,493.092891004637,2685002.3,NA,190752.2,11.56,-1,-0.116552002215625,0.997538169338278,0,0.598522901602967,21,0.620689655172414,0.275862068965517,"O8","de-protonated",0,NA,"C29 H18 O8",29,18,8,NA,NA,NA,NA,NA,NA,NA,NA
3816,493.100014,493.098655509226,493.098764231451,16169036,NA,209465,79.86,-1,-0.220487725399163,0.984638525137721,0.997965950240757,0.989969495178936,12,1,0.590909090909091,"O13","de-protonated",0,NA,"C22 H22 O13",22,22,13,NA,NA,NA,NA,NA,NA,NA,NA
3817,493.113163,493.111804454013,493.111651391073,4846673.5,NA,208875.9,22.51,-1,0.310402197317243,0.982669437561071,0,0.589601662536642,7,1.42105263157895,0.684210526315789,"P1 O13","de-protonated",0,NA,"C19 H27 O13 P1",19,27,13,NA,1,NA,NA,NA,NA,NA,NA
3818,493.128386,493.127027390091,493.126907532358,9506904,NA,162140.4,46.12,-1,0.243056567458486,0.993497169483766,0.895272565377304,0.954207327841181,11,1.17391304347826,0.434782608695652,"P1 O10","de-protonated",0,NA,"C23 H27 O10 P1",23,27,10,NA,1,NA,NA,NA,NA,NA,NA
3819,493.136403,493.135044356428,493.135149740835,25233498,NA,206044.7,125.78,-1,-0.213702891712141,0.989302104969437,0.981173969238217,0.986050850676949,11,1.1304347826087,0.521739130434783,"O12","de-protonated",0,NA,"C23 H26 O12",23,26,12,NA,NA,NA,NA,NA,NA,NA,NA
3820,493.149398,493.148039301862,493.147903958676,5754976,NA,214904.5,27.11,-1,0.27444745238166,0.990259247187636,0.992500611471965,0.991155792901368,19,0.838709677419355,0.129032258064516,"S1 O4","de-protonated",0,NA,"C31 H26 O4 S1",31,26,4,NA,NA,1,NA,NA,NA,NA,NA
3821,493.164763,493.163404237344,493.163160099961,6312038,NA,156256.4,29.93,-1,0.495043836782375,0.9733565910974,0.98555974932303,0.978237854387652,23,0.742857142857143,0.0285714285714286,"S1 O1","de-protonated",0,NA,"C35 H26 O1 S1",35,26,1,NA,NA,1,NA,NA,NA,NA,NA
3822,493.172688,493.171329204066,493.17153525022,21334120,NA,210339,106.03,-1,-0.417798146362865,0.975327081197668,0.995645817404644,0.983454575680458,10,1.25,0.458333333333333,"O11","de-protonated",0,NA,"C24 H30 O11",24,30,11,NA,NA,NA,NA,NA,NA,NA,NA
3823,493.185729,493.184370149307,493.18428946806,6934638,NA,202917,33.09,-1,0.163592491852905,0.49757787516298,0.741475186234394,0.595136799591546,18,0.9375,0.09375,"S1 O3","de-protonated",0,NA,"C32 H30 O3 S1",32,30,3,NA,NA,1,NA,NA,NA,NA,NA
3824,493.201314,493.199955083865,493.199875255619,4038260,NA,157901.2,18.41,-1,0.161857799335856,0.99525769729043,0,0.597154618374258,1,2.26666666666667,0.933333333333333,"N4 O14","de-protonated",0,NA,"C15 H34 O14 N4",15,34,14,4,NA,NA,NA,NA,NA,NA,NA
3825,493.209091,493.207732051209,493.207920759604,9871479,NA,212996.6,47.96,-1,-0.382614282253251,0.970814668167403,0.98701264500301,0.977293858901646,9,1.36,0.4,"O10","de-protonated",0,NA,"C25 H34 O10",25,34,10,NA,NA,NA,NA,NA,NA,NA,NA
3826,493.222207,493.220847996135,493.220674977444,7620732,NA,217093.5,36.56,-1,0.350793669899562,0.982039488793302,0.970521917073894,0.977432460105539,17,1.03030303030303,0.0606060606060606,"S1 O2","de-protonated",0,NA,"C33 H34 O2 S1",33,34,2,NA,NA,1,NA,NA,NA,NA,NA
3827,493.23995,493.238590921632,493.238433042174,2677379.3,NA,177749.1,11.52,-1,0.320087502072539,0.981581229386962,0,0.588948737632177,17,1.03030303030303,0.121212121212121,"O4","de-protonated",0,NA,"C33 H34 O4",33,34,4,NA,NA,NA,NA,NA,NA,NA,NA
3829,493.258655,493.257295843089,493.257060486829,7551114.5,NA,204409.4,36.21,-1,0.477147270983833,0.479765653798638,0.72968508002065,0.579733424287443,16,1.11764705882353,0.0294117647058824,"S1 O1","de-protonated",0,NA,"C34 H38 O1 S1",34,38,1,NA,NA,1,NA,NA,NA,NA,NA
3830,493.295003,493.293643690463,493.293578937995,3402904.5,NA,237331.7,15.19,-1,0.131265581326843,0.996878403024663,0,0.598127041814798,2,1.95833333333333,0.333333333333333,"P1 O8","de-protonated",0,NA,"C24 H47 O8 P1",24,47,8,NA,1,NA,NA,NA,NA,NA,NA
3831,494.094902,494.093539331669,494.093500139307,2102735.8,NA,206080.7,8.61,-1,0.0793217519675771,0.998858987142586,0,0.599315392285552,30,0.382352941176471,0.0588235294117647,"N3 O2","de-protonated",0,NA,"C34 H13 O2 N3",34,13,2,3,NA,NA,NA,NA,NA,NA,NA
3838,494.180907,494.179543970533,494.179538440253,2238961,NA,249002.8,9.3,-1,0.011190830501834,0.999977276588686,0,0.599986365953211,18,0.935483870967742,0.0967741935483871,"N1 S1 O3","de-protonated",0,NA,"C31 H29 O3 S1 N1",31,29,3,1,NA,1,NA,NA,NA,NA,NA
3840,494.217375,494.216011817403,494.215923949637,5448191,NA,214253.6,25.55,-1,0.17779225843508,0.497140404206136,0.741475186234395,0.59487431701744,17,1.03125,0.0625,"N1 S1 O2","de-protonated",0,NA,"C32 H33 O2 S1 N1",32,33,2,1,NA,1,NA,NA,NA,NA,NA
3846,495.042711,495.041344351798,495.041481085908,2607422.5,NA,219546.4,11.16,-1,-0.276207378711875,0.986252557256727,0,0.591751534354036,8,1.4,0.6,"N4 S2 P1 O9","de-protonated",0,NA,"C15 H21 O9 S2 N4 P1",15,21,9,4,1,2,NA,NA,NA,NA,NA
3847,495.058217,495.056850286688,495.056899418445,2111300.5,NA,202129.4,8.65,-1,-0.0992446667589258,0.998214416514538,0,0.598928649908723,17,0.666666666666667,0.5,"O12","de-protonated",0,NA,"C24 H16 O12",24,16,12,NA,NA,NA,NA,NA,NA,NA,NA
3849,495.079238,495.077871198421,495.078028786545,10470221,NA,207419.7,50.99,-1,-0.318309670204012,0.490891697301493,0.813795485951173,0.620053212761365,12,0.952380952380952,0.666666666666667,"O14","de-protonated",0,NA,"C21 H20 O14",21,20,14,NA,NA,NA,NA,NA,NA,NA,NA
3850,495.09443,495.093063134629,495.09328492783,2312530.5,NA,172358.8,9.67,-1,-0.447982647349422,0.964240382484742,0,0.578544229490845,16,0.8,0.44,"O11","de-protonated",0,NA,"C25 H20 O11",25,20,11,NA,NA,NA,NA,NA,NA,NA,NA
3851,495.107464,495.106097079899,495.10603914567,5966679.5,NA,148296.9,28.18,-1,0.117013779840078,0.995723754121997,0.93183663531164,0.970168906597854,24,0.606060606060606,0.0909090909090909,"S1 O3","de-protonated",0,NA,"C33 H20 O3 S1",33,20,3,NA,NA,1,NA,NA,NA,NA,NA
3852,495.115648,495.114281045534,495.114414295929,19921754,NA,207353.3,98.87,-1,-0.26913050962081,0.493471717238746,0.806643077274283,0.61874026125296,11,1.09090909090909,0.590909090909091,"O13","de-protonated",0,NA,"C22 H24 O13",22,24,13,NA,NA,NA,NA,NA,NA,NA,NA
3853,495.125336,495.123969004854,495.123797210399,2929502.5,NA,239858,12.79,-1,0.346972728344382,0.978392245034662,0,0.587035347020797,24,0.606060606060606,0.151515151515152,"O5","de-protonated",0,NA,"C33 H20 O5",33,20,5,NA,NA,NA,NA,NA,NA,NA,NA
3854,495.128793,495.127425990338,495.127301455551,2551135.8,NA,169801.9,10.88,-1,0.251520743876955,0.988586700548557,0,0.593152020329134,6,1.52631578947368,0.684210526315789,"P1 O13","de-protonated",0,NA,"C19 H29 O13 P1",19,29,13,NA,1,NA,NA,NA,NA,NA,NA
3855,495.143927,495.14255992679,495.142424655054,39390052,NA,200012.6,197.49,-1,0.273197627865547,0.493141022499668,0.889905485278395,0.651846807611159,23,0.705882352941177,0.0588235294117647,"S1 O2","de-protonated",0,NA,"C34 H24 O2 S1",34,24,2,NA,NA,1,NA,NA,NA,NA,NA
3856,495.151967,495.15059989303,495.150799805313,24955752,NA,208685.5,124.37,-1,-0.403740200676519,0.967910982720124,0.997628100353625,0.979797829773524,10,1.21739130434783,0.521739130434783,"O12","de-protonated",0,NA,"C23 H28 O12",23,28,12,NA,NA,NA,NA,NA,NA,NA,NA
3857,495.161709,495.160341852123,495.160182719784,2177388.5,NA,232163.4,8.98,-1,0.321375476031983,0.98143409092925,0,0.58886045455755,23,0.705882352941177,0.117647058823529,"O4","de-protonated",0,NA,"C34 H24 O4",34,24,4,NA,NA,NA,NA,NA,NA,NA,NA
3858,495.165038,495.163670838145,495.163554023154,3114349.8,NA,192649,13.73,-1,0.235911932353851,0.989952392895609,0,0.593971435737365,18,0.903225806451613,0.129032258064516,"S1 O4","de-protonated",0,NA,"C31 H28 O4 S1",31,28,4,NA,NA,1,NA,NA,NA,NA,NA
3859,495.180334,495.178966773916,495.178810164439,9436020,NA,198113.5,45.75,-1,0.316268536821796,0.980523698471292,0.968928662702966,0.975885684163962,22,0.8,0.0285714285714286,"S1 O1","de-protonated",0,NA,"C35 H28 O1 S1",35,28,1,NA,NA,1,NA,NA,NA,NA,NA
3860,495.188337,495.186969740312,495.187185314698,15272823,NA,208249.8,75.32,-1,-0.435339185660451,0.483098180817884,0.792708917554682,0.606942475512603,9,1.33333333333333,0.458333333333333,"O11","de-protonated",0,NA,"C24 H32 O11",24,32,11,NA,NA,NA,NA,NA,NA,NA,NA
3861,495.201425,495.200057685355,495.199939532538,4412284,NA,224749.2,20.3,-1,0.238596185744834,0.494861815124814,0.741475186234395,0.593507163568646,17,1,0.09375,"S1 O3","de-protonated",0,NA,"C32 H32 O3 S1",32,32,3,NA,NA,1,NA,NA,NA,NA,NA
3862,495.216918,495.215550620299,495.215328615605,3560833.8,NA,181797.3,15.99,-1,0.448299319490396,0.964190725256124,0,0.578514435153674,8,1.48,0.32,"P1 O8","de-protonated",0,NA,"C25 H37 O8 P1",25,37,8,NA,1,NA,NA,NA,NA,NA,NA
3863,495.224705,495.223337587602,495.223570824082,5068676.5,NA,205172.7,23.63,-1,-0.470972090520526,0.480275602344317,0.785920818505338,0.602533688808725,8,1.44,0.4,"O10","de-protonated",0,NA,"C25 H36 O10",25,36,10,NA,NA,NA,NA,NA,NA,NA,NA
3864,495.237846,495.236478532422,495.236325041922,6372234,NA,203302.3,30.23,-1,0.30993384798753,0.491360621159268,0.73553288925895,0.589029528399141,16,1.09090909090909,0.0606060606060606,"S1 O2","de-protonated",0,NA,"C33 H36 O2 S1",33,36,2,NA,NA,1,NA,NA,NA,NA,NA
3865,495.255631,495.254263457743,495.254083106652,1969040.6,NA,221744.4,7.93,-1,0.364158715638681,0.976224991363032,0,0.585734994817819,16,1.09090909090909,0.121212121212121,"O4","de-protonated",0,NA,"C33 H36 O4",33,36,4,NA,NA,NA,NA,NA,NA,NA,NA
3866,495.274276,495.272908379452,495.272710551307,3565463.8,NA,224085.6,16.01,-1,0.399432758912863,0.485732757196986,0.72968508002065,0.583313686326452,15,1.17647058823529,0.0294117647058824,"S1 O1","de-protonated",0,NA,"C34 H40 O1 S1",34,40,1,NA,NA,1,NA,NA,NA,NA,NA
3870,496.118851,496.117479833063,496.117546580855,4355292.5,NA,221706.5,20.01,-1,-0.134540277182391,0.498360484746323,0.779247987650237,0.610715485907889,14,1.07692307692308,0.115384615384615,"N1 S2 P1 O3","de-protonated",0,NA,"C26 H28 O3 S2 N1 P1",26,28,3,1,1,2,NA,NA,NA,NA,NA
3873,496.160175,496.158803659542,496.158802995347,1911532.5,NA,243404.3,7.63,-1,0.00133867548194731,0.999999674834563,0,0.599999804900738,18,0.9,0.133333333333333,"N1 S1 O4","de-protonated",0,NA,"C30 H27 O4 S1 N1",30,27,4,1,NA,1,NA,NA,NA,NA,NA
3875,496.191662,496.190290527328,496.190317599624,4159736.5,NA,236369.2,19.02,-1,-0.0545603066662292,0.499730002245016,0.766236582456902,0.606332634329771,12,1.28571428571429,0.0357142857142857,"N1 S2 P1 O1","de-protonated",0,NA,"C28 H36 O1 S2 N1 P1",28,36,1,1,1,2,NA,NA,NA,NA,NA
3876,496.196575,496.195203506698,496.195188504731,3071738.5,NA,207605.3,13.51,-1,0.0302340033102757,0.99983415242527,0,0.599900491455162,17,1,0.0967741935483871,"N1 S1 O3","de-protonated",0,NA,"C31 H31 O3 S1 N1",31,31,3,1,NA,1,NA,NA,NA,NA,NA
3877,496.233209,496.231837352871,496.231706955897,2502408.5,NA,224284.8,10.63,-1,0.262774369746123,0.987549063567155,0,0.592529438140293,3,1.9047619047619,0.476190476190476,"N1 P1 O10","de-protonated",0,NA,"C21 H40 O10 N1 P1",21,40,10,1,1,NA,NA,NA,NA,NA,NA
3881,496.932474,496.931099416642,496.930868006127,19611156,NA,204182.4,97.29,-1,0.465679494064547,0.32047186941265,0.764850275277622,0.498223231758638,19,0.35,0.4,"N2 S2 P1 O8","de-protonated",0,NA,"C20 H7 O8 S2 N2 P1",20,7,8,2,1,2,NA,NA,NA,NA,NA
3882,497.058494,497.057118887481,497.057293341639,4018756.3,NA,185580.1,18.31,-1,-0.350973941600368,0.977896600022286,0,0.586737960013372,12,0.9,0.75,"O15","de-protonated",0,NA,"C20 H18 O15",20,18,15,NA,NA,NA,NA,NA,NA,NA,NA
3883,497.073713,497.072337823576,497.072549482923,2797130,NA,197838.2,12.12,-1,-0.425811780463204,0.967635811233883,0,0.58058148674033,16,0.75,0.5,"O12","de-protonated",0,NA,"C24 H18 O12",24,18,12,NA,NA,NA,NA,NA,NA,NA,NA
3884,497.086875,497.085499768309,497.085303700764,4371023,NA,166865.3,20.09,-1,0.394434402656383,0.486082607794389,0.741475186234394,0.588239639170391,24,0.5625,0.125,"S1 O4","de-protonated",0,NA,"C32 H18 O4 S1",32,18,4,NA,NA,1,NA,NA,NA,NA,NA
3885,497.093747,497.092371739453,497.092179249285,15388242,NA,177816.9,75.9,-1,0.38723233953489,0.656826793865576,0.920942988020206,0.762473271527428,1,2.06666666666667,0.8,"S2 P1 O12","de-protonated",0,NA,"C15 H31 O12 S2 P1",15,31,12,NA,1,2,NA,NA,NA,NA,NA
3886,497.11006,497.108684670954,497.108772801055,2363480,NA,193046.4,9.92,-1,-0.17728534678504,0.99431328164549,0,0.596587968987294,10,1.35,0.25,"N4 S2 P1 O5","de-protonated",0,NA,"C20 H27 O5 S2 N4 P1",20,27,5,4,1,2,NA,NA,NA,NA,NA
3887,497.123237,497.121861615624,497.121689210148,11910749,NA,194985.2,58.29,-1,0.346807390353873,0.489206304582193,0.73553288925895,0.587736938452896,23,0.666666666666667,0.0909090909090909,"S1 O3","de-protonated",0,NA,"C33 H22 O3 S1",33,22,3,NA,NA,1,NA,NA,NA,NA,NA
3888,497.131368,497.129992581482,497.130064360407,20713056,NA,206581.9,102.88,-1,-0.144386611626076,0.99462536300323,0.99551345182284,0.994980598531074,10,1.18181818181818,0.590909090909091,"O13","de-protonated",0,NA,"C22 H26 O13",22,26,13,NA,NA,NA,NA,NA,NA,NA,NA
3889,497.141006,497.139630541011,497.139447274877,12893796,NA,207242.4,63.27,-1,0.368641303547074,0.972948636947763,0.933957728739182,0.957352273664331,23,0.666666666666667,0.151515151515152,"O5","de-protonated",0,NA,"C33 H22 O5",33,22,5,NA,NA,NA,NA,NA,NA,NA,NA
3890,497.146616,497.145240517455,497.145320501692,2434661.8,NA,196130.4,10.28,-1,-0.160887036197177,0.995314278769612,0,0.597188567261767,14,1,0.384615384615385,"O10","de-protonated",0,NA,"C26 H26 O10",26,26,10,NA,NA,NA,NA,NA,NA,NA,NA
3891,497.159651,497.158275462721,497.158074719532,58568300,NA,204389.6,294.64,-1,0.403781409595562,0.485878756847326,0.889403238662054,0.647288549573217,22,0.764705882352941,0.0588235294117647,"S1 O2","de-protonated",0,NA,"C34 H26 O2 S1",34,26,2,NA,NA,1,NA,NA,NA,NA,NA
3892,497.167681,497.166305429002,497.166449869791,17014382,NA,205090.9,84.14,-1,-0.290528029415425,0.99123542765474,0.98971367233145,0.990626725525424,9,1.30434782608696,0.521739130434783,"O12","de-protonated",0,NA,"C23 H30 O12",23,30,12,NA,NA,NA,NA,NA,NA,NA,NA
3893,497.196019,497.194643310011,497.194460228917,9797241,NA,198474,47.58,-1,0.368228346214782,0.970461299859891,0.948319771175356,0.961604688386077,21,0.857142857142857,0.0285714285714286,"S1 O1","de-protonated",0,NA,"C35 H30 O1 S1",35,30,1,NA,NA,1,NA,NA,NA,NA,NA
3894,497.204066,497.202690276221,497.202835379176,8236667.5,NA,206379.5,39.67,-1,-0.291838550372928,0.992101257306459,0.978174451051398,0.986530534804435,8,1.41666666666667,0.458333333333333,"O11","de-protonated",0,NA,"C24 H34 O11",24,34,11,NA,NA,NA,NA,NA,NA,NA,NA
3895,497.217069,497.215693221621,497.215589597016,4135552.8,NA,191722.9,18.9,-1,0.208409806875618,0.496074907582775,0.741475186234394,0.594235019043423,16,1.0625,0.09375,"S1 O3","de-protonated",0,NA,"C32 H34 O3 S1",32,34,3,NA,NA,1,NA,NA,NA,NA,NA
3897,497.240501,497.23912512323,497.23922088856,3251849.5,NA,215155.8,14.42,-1,-0.192594080227155,0.993292216571657,0,0.595975329942994,7,1.52,0.4,"O10","de-protonated",0,NA,"C25 H38 O10",25,38,10,NA,NA,NA,NA,NA,NA,NA,NA
3898,497.253485,497.25210906871,497.2519751064,3793550.5,NA,235984.3,17.17,-1,0.269405283205551,0.493458467728743,0.73553288925895,0.590288236340826,15,1.15151515151515,0.0606060606060606,"S1 O2","de-protonated",0,NA,"C33 H38 O2 S1",33,38,2,NA,NA,1,NA,NA,NA,NA,NA
3899,497.276935,497.275558970242,497.275606397944,3118743.5,NA,218942.4,13.75,-1,-0.0953750821585565,0.998350830404443,0,0.599010498242666,6,1.61538461538462,0.346153846153846,"O9","de-protonated",0,NA,"C26 H42 O9",26,42,9,NA,NA,NA,NA,NA,NA,NA,NA
3901,498.093489,498.092109541514,498.092299126586,6426574,NA,217529.1,30.5,-1,-0.380622370590518,0.487027705840724,0.843720152817574,0.629704684631464,6,1.47058823529412,0.823529411764706,"N1 S1 O14","de-protonated",0,NA,"C17 H25 O14 S1 N1",17,25,14,1,NA,1,NA,NA,NA,NA,NA
3908,498.176013,498.174633194994,498.174453059825,2393581.3,NA,212858.9,10.07,-1,0.361590539552952,0.976555200119673,0,0.585933120071804,17,0.966666666666667,0.133333333333333,"N1 S1 O4","de-protonated",0,NA,"C30 H29 O4 S1 N1",30,29,4,1,NA,1,NA,NA,NA,NA,NA
3909,498.193729,498.192349120604,498.192211124554,1818611.9,NA,266871,7.16,-1,0.27699359198262,0.986174727058343,0,0.591704836235006,17,0.966666666666667,0.2,"N1 O6","de-protonated",0,NA,"C30 H29 O6 N1",30,29,6,1,NA,NA,NA,NA,NA,NA,NA
3912,498.212389,498.21100904225,498.210838569209,2983931,NA,225971.4,13.06,-1,0.34217047914962,0.978979939234078,0,0.587387963540447,16,1.06451612903226,0.0967741935483871,"N1 S1 O3","de-protonated",0,NA,"C31 H33 O3 S1 N1",31,33,3,1,NA,1,NA,NA,NA,NA,NA
3916,499.065934,499.064550458196,499.064568255858,2737213.5,NA,125648.8,11.81,-1,-0.0356620416680265,0.999769263592834,0,0.5998615581557,24,0.516129032258065,0.161290322580645,"S1 O5","de-protonated",0,NA,"C31 H16 O5 S1",31,16,5,NA,NA,1,NA,NA,NA,NA,NA
3917,499.074092,499.07270842394,499.072943406117,5491008.5,NA,229368.5,25.76,-1,-0.470837337795322,0.480286662212347,0.821075868479145,0.616602344719067,11,1,0.75,"O15","de-protonated",0,NA,"C20 H20 O15",20,20,15,NA,NA,NA,NA,NA,NA,NA,NA
3918,499.088573,499.087189363134,499.087035034442,2451782,NA,366618.8,10.36,-1,0.309222002430898,0.982799835939376,0,0.589679901563625,24,0.551724137931034,0.103448275862069,"N4 S1 O3","de-protonated",0,NA,"C29 H16 O3 S1 N4",29,16,3,4,NA,1,NA,NA,NA,NA,NA
3919,499.091067,499.089683352662,499.089536957887,8268103,NA,240198.1,39.83,-1,0.293323671664998,0.49225480337962,0.785920818505338,0.609721209429907,20,0.64,0.32,"N4 O8","de-protonated",0,NA,"C25 H16 O8 N4",25,16,8,4,NA,NA,NA,NA,NA,NA,NA
3920,499.102385,499.101001305138,499.100953765242,9392459,NA,182941.9,45.52,-1,0.0952510617661993,0.997326977286811,0.99023131731694,0.994488713298862,23,0.625,0.125,"S1 O4","de-protonated",0,NA,"C32 H20 O4 S1",32,20,4,NA,NA,1,NA,NA,NA,NA,NA
3921,499.1105,499.109116271062,499.109328915501,11706702,NA,211783.5,57.25,-1,-0.42604781354948,0.483800254640016,0.813795485951173,0.615798347164479,10,1.14285714285714,0.666666666666667,"O14","de-protonated",0,NA,"C21 H24 O14",21,24,14,NA,NA,NA,NA,NA,NA,NA,NA
3922,499.120109,499.118725230714,499.118711829971,3291474,NA,210359.9,14.62,-1,0.0268488088490669,0.499934604859655,0.741475186234394,0.596550837409551,23,0.625,0.1875,"O6","de-protonated",0,NA,"C32 H20 O6",32,20,6,NA,NA,NA,NA,NA,NA,NA,NA
3923,499.125773,499.124389206931,499.124585056786,4145492,NA,195010.2,18.94,-1,-0.392386712163061,0.486224731889833,0.785920818505338,0.606103166536035,14,0.96,0.44,"O11","de-protonated",0,NA,"C25 H24 O11",25,24,11,NA,NA,NA,NA,NA,NA,NA,NA
3924,499.138919,499.13753515173,499.137339274626,17285466,NA,202458.4,85.51,-1,0.392431278852611,0.653969582748626,0.949429783587074,0.772153663084005,22,0.727272727272727,0.0909090909090909,"S1 O3","de-protonated",0,NA,"C33 H24 O3 S1",33,24,3,NA,NA,1,NA,NA,NA,NA,NA
3925,499.146948,499.145564118017,499.145714424885,13091164,NA,208401.8,64.26,-1,-0.301128236084272,0.971654394230054,0.996176409343012,0.981463200275237,9,1.27272727272727,0.590909090909091,"O13","de-protonated",0,NA,"C22 H28 O13",22,28,13,NA,NA,NA,NA,NA,NA,NA,NA
3926,499.156674,499.155290077177,499.155097339355,18948448,NA,204575.8,93.93,-1,0.386128124060486,0.645574029361326,0.920891383127279,0.755700970867707,22,0.727272727272727,0.151515151515152,"O5","de-protonated",0,NA,"C33 H24 O5",33,24,5,NA,NA,NA,NA,NA,NA,NA,NA
3927,499.16207,499.160686054519,499.160808374918,4481377.5,NA,232933.7,20.65,-1,-0.245052088953718,0.989163058249501,0,0.5934978349497,8,1.57142857142857,0.19047619047619,"N4 S2 P1 O4","de-protonated",0,NA,"C21 H33 O4 S2 N4 P1",21,33,4,4,1,2,NA,NA,NA,NA,NA
3928,499.175331,499.173946998836,499.17372478401,15581543,NA,199321.6,76.88,-1,0.445165308779601,0.968716425925395,0.932644814367553,0.954287781302258,21,0.823529411764706,0.0588235294117647,"S1 O2","de-protonated",0,NA,"C34 H28 O2 S1",34,28,2,NA,NA,1,NA,NA,NA,NA,NA
3929,499.183314,499.181929965315,499.182099934269,8362346,NA,205274.5,40.31,-1,-0.340494890662068,0.489591575285135,0.799615297578637,0.613601064202536,8,1.39130434782609,0.521739130434783,"O12","de-protonated",0,NA,"C23 H32 O12",23,32,12,NA,NA,NA,NA,NA,NA,NA,NA
3930,499.19292,499.191535924979,499.19148284874,3408237.5,NA,206997.4,15.21,-1,0.106324408781686,0.498975423389879,0.72968508002065,0.591259286042188,21,0.823529411764706,0.117647058823529,"O4","de-protonated",0,NA,"C34 H28 O4",34,28,4,NA,NA,NA,NA,NA,NA,NA,NA
3931,499.198443,499.197058901788,499.197193884302,3246447.5,NA,182294.7,14.39,-1,-0.270399184689521,0.986820864281985,0,0.592092518569191,7,1.68181818181818,0.136363636363636,"N4 S2 P1 O3","de-protonated",0,NA,"C22 H37 O3 S2 N4 P1",22,37,3,4,1,2,NA,NA,NA,NA,NA
3932,499.211665,499.210280846268,499.210110293395,6967668.5,NA,203691.5,33.24,-1,0.341645471935455,0.987920725920314,0.996482883457182,0.991345588935061,20,0.914285714285714,0.0285714285714286,"S1 O1","de-protonated",0,NA,"C35 H32 O1 S1",35,32,1,NA,NA,1,NA,NA,NA,NA,NA
3933,499.219697,499.218312812542,499.218485443654,3746167.5,NA,222273.5,16.92,-1,-0.345802723455889,0.978536151045185,0,0.587121690627111,7,1.5,0.458333333333333,"O11","de-protonated",0,NA,"C24 H36 O11",24,36,11,NA,NA,NA,NA,NA,NA,NA,NA
3934,499.232974,499.231589756791,499.231372603276,2761084.5,NA,161141.6,11.93,-1,0.434975699948741,0.966251823625477,0,0.579751094175286,2,1.95238095238095,0.523809523809524,"P1 O11","de-protonated",0,NA,"C21 H41 O11 P1",21,41,11,NA,1,NA,NA,NA,NA,NA,NA
3935,499.248063,499.246678693432,499.246628744561,2182530.3,NA,158337.9,9,-1,0.10004849086724,0.998185401367898,0,0.598911240820739,6,1.64,0.32,"P1 O8","de-protonated",0,NA,"C25 H41 O8 P1",25,41,8,NA,1,NA,NA,NA,NA,NA,NA
3936,499.256115,499.254730659622,499.254870953038,4169093.3,NA,206782,19.06,-1,-0.28100560309288,0.492887107686255,0.785920818505338,0.610100592013888,6,1.6,0.4,"O10","de-protonated",0,NA,"C25 H40 O10",25,40,10,NA,NA,NA,NA,NA,NA,NA,NA
3937,499.292435,499.291050507113,499.291256462422,3168658.8,NA,229528,14,-1,-0.412495324590718,0.969597804361803,0,0.581758682617082,5,1.69230769230769,0.346153846153846,"O9","de-protonated",0,NA,"C26 H44 O9",26,44,9,NA,NA,NA,NA,NA,NA,NA,NA
3938,499.329038,499.327653353417,499.327641971807,1939872.6,NA,221475.8,7.77,-1,0.0227938713296722,0.999905730860694,0,0.599943438516416,4,1.77777777777778,0.296296296296296,"O8","de-protonated",0,NA,"C27 H48 O8",27,48,8,NA,NA,NA,NA,NA,NA,NA,NA
3942,500.113731,500.112343058473,500.112461200427,2398919,NA,248359,10.09,-1,-0.236230773336508,0.989925352712383,0,0.59395521162743,13,1.12,0.16,"N1 S2 P1 O4","de-protonated",0,NA,"C25 H28 O4 S2 N1 P1",25,28,4,1,1,2,NA,NA,NA,NA,NA
3952,500.948535,500.947143553113,500.946911993798,2996222.8,NA,239400.5,13.12,-1,0.462243222946672,0.961972011754008,0,0.577183207052405,13,0.6875,0.6875,"N2 S2 P1 O11","de-protonated",0,NA,"C16 H11 O11 S2 N2 P1",16,11,11,2,1,2,NA,NA,NA,NA,NA
3953,501.068828,501.067436048,501.067464102495,4068395.5,NA,185261.3,18.55,-1,-0.0559894569359611,0.999431352899453,0,0.599658811739672,15,0.782608695652174,0.565217391304348,"O13","de-protonated",0,NA,"C23 H18 O13",23,18,13,NA,NA,NA,NA,NA,NA,NA,NA
3954,501.081769,501.08037699366,501.080218320336,5665840.5,NA,194014.2,26.64,-1,0.316662520382865,0.490984865679256,0.747514279669976,0.593596631275544,23,0.580645161290323,0.161290322580645,"S1 O5","de-protonated",0,NA,"C31 H18 O5 S1",31,18,5,NA,NA,1,NA,NA,NA,NA,NA
3955,501.089732,501.088339960224,501.088431279342,4373555.5,NA,191260,20.1,-1,-0.18224152270006,0.993991852740419,0,0.596395111644251,5,1.8,0.6,"N4 S2 P1 O9","de-protonated",0,NA,"C15 H27 O9 S2 N4 P1",15,27,9,4,1,2,NA,NA,NA,NA,NA
3956,501.099563,501.098170918943,501.097976385065,2908215,NA,187389.6,12.67,-1,0.388215253670387,0.973024197585005,0,0.583814518551003,23,0.580645161290323,0.225806451612903,"O7","de-protonated",0,NA,"C31 H18 O7",31,18,7,NA,NA,NA,NA,NA,NA,NA,NA
3957,501.10514,501.103747895525,501.103849611879,6483001,NA,207500.6,30.78,-1,-0.202984579972602,0.496275847074531,0.792708917554682,0.614849075266591,14,0.916666666666667,0.5,"O12","de-protonated",0,NA,"C24 H22 O12",24,22,12,NA,NA,NA,NA,NA,NA,NA,NA
3958,501.118146,501.116753840913,501.11660382972,14808126,NA,203601.2,72.96,-1,0.299353866084852,0.974824988196794,0.969991679002684,0.97289166451915,22,0.6875,0.125,"S1 O4","de-protonated",0,NA,"C32 H22 O4 S1",32,22,4,NA,NA,1,NA,NA,NA,NA,NA
3959,501.126219,501.124826807014,501.124978979979,7175233,NA,210562.1,34.29,-1,-0.30366270166333,0.491703811963012,0.813795485951173,0.620540481558276,9,1.23809523809524,0.666666666666667,"O14","de-protonated",0,NA,"C21 H26 O14",21,26,14,NA,NA,NA,NA,NA,NA,NA,NA
3960,501.13585,501.134457766573,501.134361894449,4639812.5,NA,202023.3,21.44,-1,0.191310217630634,0.496690526572814,0.741475186234394,0.594604390437446,22,0.6875,0.1875,"O6","de-protonated",0,NA,"C32 H22 O6",32,22,6,NA,NA,NA,NA,NA,NA,NA,NA
3961,501.14139,501.13999774331,501.140235121264,6810694.5,NA,205747.1,32.44,-1,-0.473675703107085,0.480053087953925,0.785920818505338,0.60240018017449,13,1.04,0.44,"O11","de-protonated",0,NA,"C25 H26 O11",25,26,11,NA,NA,NA,NA,NA,NA,NA,NA
3962,501.154456,501.153063688446,501.152989339104,18281548,NA,198611.9,90.55,-1,0.1483565766991,0.654601952976666,0.90182923000442,0.753492863787767,21,0.787878787878788,0.0909090909090909,"S1 O3","de-protonated",0,NA,"C33 H26 O3 S1",33,26,3,NA,NA,1,NA,NA,NA,NA,NA
3963,501.162487,501.161094654724,501.160851425026,5741646.5,NA,219813.5,27.03,-1,0.48533259659223,0.479080323041371,0.723929522638802,0.577020002880343,26,0.628571428571429,0.0571428571428571,"N2 O2","de-protonated",0,NA,"C35 H22 O2 N2",35,22,2,2,NA,NA,NA,NA,NA,NA,NA
3964,501.17232,501.170927613435,501.170747403833,4782162,NA,224011.8,22.17,-1,0.359577254205856,0.488406252934347,0.73553288925895,0.587256907464188,21,0.787878787878788,0.151515151515152,"O5","de-protonated",0,NA,"C33 H26 O5",33,26,5,NA,NA,NA,NA,NA,NA,NA,NA
3965,501.177782,501.1763895905,501.176620630648,6315092,NA,213051.3,29.93,-1,-0.460995463211241,0.980648298810172,0.968501219380089,0.975789467038139,12,1.15384615384615,0.384615384615385,"O10","de-protonated",0,NA,"C26 H30 O10",26,30,10,NA,NA,NA,NA,NA,NA,NA,NA
3966,501.190872,501.189479535534,501.189374848488,10675289,NA,204000.1,52.02,-1,0.208877225514041,0.995983169123398,0.995864568939047,0.995935729049658,20,0.882352941176471,0.0588235294117647,"S1 O2","de-protonated",0,NA,"C34 H30 O2 S1",34,30,2,NA,NA,1,NA,NA,NA,NA,NA
3967,501.199138,501.197745500825,501.197749998747,3393628,NA,223110.5,15.13,-1,-0.00897434610884302,0.99998538643134,0,0.599991231858804,7,1.47826086956522,0.521739130434783,"O12","de-protonated",0,NA,"C23 H34 O12",23,34,12,NA,NA,NA,NA,NA,NA,NA,NA
3968,501.208663,501.20727046083,501.207132913218,2647647.5,NA,196339.9,11.35,-1,0.274432670210993,0.98642745141337,0,0.591856470848022,20,0.882352941176471,0.117647058823529,"O4","de-protonated",0,NA,"C34 H30 O4",34,30,4,NA,NA,NA,NA,NA,NA,NA,NA
3969,501.214183,501.212790437651,501.213006140032,3866721.8,NA,173872,17.53,-1,-0.430360702245452,0.483476121359419,0.772687513667176,0.599160678282522,11,1.25925925925926,0.333333333333333,"O9","de-protonated",0,NA,"C27 H34 O9",27,34,9,NA,NA,NA,NA,NA,NA,NA,NA
3970,501.227394,501.226001382178,501.225760357873,3796070.5,NA,183509.8,17.17,-1,0.480869747875829,0.967298527483961,0.855888011744228,0.922734321188068,19,0.971428571428571,0.0285714285714286,"S1 O1","de-protonated",0,NA,"C35 H34 O1 S1",35,34,1,NA,NA,1,NA,NA,NA,NA,NA
3971,501.235458,501.234065348317,501.234135508132,3090537.5,NA,233886.1,13.6,-1,-0.139974135747436,0.996451231492781,0,0.597870738895669,6,1.58333333333333,0.458333333333333,"O11","de-protonated",0,NA,"C24 H38 O11",24,38,11,NA,NA,NA,NA,NA,NA,NA,NA
3972,501.271833,501.270440195577,501.270521017516,3762295,NA,189677.9,17,-1,-0.161234174348938,0.995294084352314,0,0.597176450611388,5,1.68,0.4,"O10","de-protonated",0,NA,"C25 H42 O10",25,42,10,NA,NA,NA,NA,NA,NA,NA,NA
3980,502.267222,502.265825015917,502.265769989709,2125287.8,NA,194207.4,8.7,-1,0.109555958741283,0.997824530445015,0,0.598694718267009,5,1.70833333333333,0.416666666666667,"N1 O10","de-protonated",0,NA,"C24 H41 O10 N1",24,41,10,1,NA,NA,NA,NA,NA,NA,NA
3985,503.047942,503.046541737656,503.046728657589,3375879,NA,214070.5,15.04,-1,-0.371575684207272,0.975258859823926,0,0.585155315894356,15,0.727272727272727,0.636363636363636,"O14","de-protonated",0,NA,"C22 H16 O14",22,16,14,NA,NA,NA,NA,NA,NA,NA,NA
3986,503.061051,503.059650682611,503.059482875429,2496267.8,NA,198552.7,10.58,-1,0.33357324129169,0.980012456930168,0,0.588007474158101,23,0.533333333333333,0.2,"S1 O6","de-protonated",0,NA,"C30 H16 O6 S1",30,16,6,NA,NA,1,NA,NA,NA,NA,NA
3987,503.077187,503.075786614856,503.075741338421,1817137.8,NA,106731,7.14,-1,0.0899992408935759,0.99853136992796,0,0.599118821956776,13,1.04166666666667,0.25,"S2 P1 O6","de-protonated",0,NA,"C24 H25 O6 S2 P1",24,25,6,NA,1,2,NA,NA,NA,NA,NA
3988,503.08427,503.082869585114,503.083114166973,5686036.5,NA,184313.9,26.74,-1,-0.486165907481384,0.479009954352702,0.799615297578637,0.607252091643076,14,0.869565217391304,0.565217391304348,"O13","de-protonated",0,NA,"C23 H20 O13",23,20,13,NA,NA,NA,NA,NA,NA,NA,NA
3989,503.097468,503.096067529696,503.095868384814,7223065,NA,210704.8,34.53,-1,0.395838834368897,0.985741629089043,0.992446364415368,0.988423523219573,22,0.645161290322581,0.161290322580645,"S1 O5","de-protonated",0,NA,"C31 H20 O5 S1",31,20,5,NA,NA,1,NA,NA,NA,NA,NA
3990,503.105471,503.104070496091,503.104243535072,3223324,NA,203633.2,14.27,-1,-0.343942599987426,0.978763981508246,0,0.587258388904948,9,1.2,0.75,"O15","de-protonated",0,NA,"C20 H24 O15",20,24,15,NA,NA,NA,NA,NA,NA,NA,NA
3991,503.115118,503.113717455583,503.113626449543,4240159.5,NA,182879.5,19.42,-1,0.180885659271456,0.49704032818927,0.747514279669976,0.597229908781552,22,0.645161290322581,0.225806451612903,"O7","de-protonated",0,NA,"C31 H20 O7",31,20,7,NA,NA,NA,NA,NA,NA,NA,NA
3992,503.120803,503.119402431711,503.119499676357,9608994,NA,198308,46.61,-1,-0.193283396869322,0.496622138807684,0.792708917554682,0.615056850306483,13,1,0.5,"O12","de-protonated",0,NA,"C24 H24 O12",24,24,12,NA,NA,NA,NA,NA,NA,NA,NA
3993,503.133886,503.132485376776,503.132253894198,14165798,NA,205554.1,69.7,-1,0.460082962446398,0.973251779752188,0.945878194869497,0.962302345799111,21,0.75,0.125,"S1 O4","de-protonated",0,NA,"C32 H24 O4 S1",32,24,4,NA,NA,1,NA,NA,NA,NA,NA
3994,503.141878,503.140477343217,503.140629044457,2642729.5,NA,227019.9,11.32,-1,-0.301508625907942,0.98364026054577,0,0.590184156327462,8,1.33333333333333,0.666666666666667,"O14","de-protonated",0,NA,"C21 H28 O14",21,28,14,NA,NA,NA,NA,NA,NA,NA,NA
3996,503.157218,503.155817278804,503.155885185742,10211119,NA,204225,49.66,-1,-0.134962025887621,0.97870559603424,0.994225864781446,0.984913703533122,12,1.12,0.44,"O11","de-protonated",0,NA,"C25 H28 O11",25,28,11,NA,NA,NA,NA,NA,NA,NA,NA
3997,503.170257,503.168856224053,503.168639403582,12039988,NA,204933.1,58.93,-1,0.430910144154027,0.982203247283506,0.939471071823546,0.965110377099522,20,0.848484848484849,0.0909090909090909,"S1 O3","de-protonated",0,NA,"C33 H28 O3 S1",33,28,3,NA,NA,1,NA,NA,NA,NA,NA
3999,503.193548,503.192147126254,503.192270695126,7534396.5,NA,212759.3,36.1,-1,-0.245569893473623,0.976873397296344,0.939535412875886,0.961938203528161,11,1.23076923076923,0.384615384615385,"O10","de-protonated",0,NA,"C26 H32 O10",26,32,10,NA,NA,NA,NA,NA,NA,NA,NA
4000,503.206677,503.205276071125,503.205024912966,6833985,NA,207197.3,32.56,-1,0.499116952137579,0.970341462492984,0.927058004519072,0.95302807930342,19,0.941176470588235,0.0588235294117647,"S1 O2","de-protonated",0,NA,"C34 H32 O2 S1",34,32,2,NA,NA,1,NA,NA,NA,NA,NA
4001,503.229814,503.228412973972,503.22865620451,3731273.8,NA,169140.5,16.84,-1,-0.483339999512472,0.479248139564229,0.772687513667176,0.596623889205408,10,1.33333333333333,0.333333333333333,"O9","de-protonated",0,NA,"C27 H36 O9",27,36,9,NA,NA,NA,NA,NA,NA,NA,NA
4002,503.242897,503.241495919036,503.241410422351,3809102.5,NA,212403.8,17.23,-1,0.169891991373111,0.497388242214626,0.723929522638802,0.588004754384296,18,1.02857142857143,0.0285714285714286,"S1 O1","de-protonated",0,NA,"C35 H36 O1 S1",35,36,1,NA,NA,1,NA,NA,NA,NA,NA
4003,503.251009,503.249607884974,503.24978557261,2758481.5,NA,221100.8,11.91,-1,-0.353080401006436,0.977633483810825,0,0.586580090286495,5,1.66666666666667,0.458333333333333,"O11","de-protonated",0,NA,"C24 H40 O11",24,40,11,NA,NA,NA,NA,NA,NA,NA,NA
4004,503.279397,503.277995765772,503.277928873517,1954139.9,NA,189749,7.84,-1,0.132913150645168,0.996799676620896,0,0.598079805972537,4,1.8,0.32,"P1 O8","de-protonated",0,NA,"C25 H45 O8 P1",25,45,8,NA,1,NA,NA,NA,NA,NA,NA
4008,504.123789,504.122384220151,504.122631961283,2557072.3,NA,210990.7,10.89,-1,-0.49143029211064,0.957125712711342,0,0.574275427626805,16,1,0.0714285714285714,"N1 S2 P1 O2","de-protonated",0,NA,"C28 H28 O2 S2 N1 P1",28,28,2,1,1,2,NA,NA,NA,NA,NA
4010,504.152686,504.151281098812,504.151134157935,2241947,NA,113398.1,9.29,-1,0.291461959098993,0.984704109625729,0,0.590822465775437,12,1.125,0.458333333333333,"N1 O11","de-protonated",0,NA,"C24 H27 O11 N1",24,27,11,1,NA,NA,NA,NA,NA,NA,NA
4015,504.246426,504.245020705196,504.245034544803,3002045,NA,170568.6,13.14,-1,-0.0274461942414248,0.999863325210654,0,0.599917995126392,5,1.69565217391304,0.478260869565217,"N1 O11","de-protonated",0,NA,"C23 H39 O11 N1",23,39,11,1,NA,NA,NA,NA,NA,NA,NA
4016,504.282648,504.281242553099,504.281420054187,1888970.1,NA,241673.7,7.5,-1,-0.351988158454203,0.977770102678124,0,0.586662061606875,4,1.79166666666667,0.416666666666667,"N1 O10","de-protonated",0,NA,"C24 H43 O10 N1",24,43,10,1,NA,NA,NA,NA,NA,NA,NA
4022,505.063639,505.0622302737,505.062378722067,5266917.5,NA,203064.3,24.61,-1,-0.293920855915119,0.492223480816221,0.806643077274283,0.617991319399446,14,0.818181818181818,0.636363636363636,"O14","de-protonated",0,NA,"C22 H18 O14",22,18,14,NA,NA,NA,NA,NA,NA,NA,NA
4023,505.076716,505.075307218789,505.075132939907,3073514.3,NA,212668.2,13.5,-1,0.345055360939291,0.978627830327167,0,0.5871766981963,22,0.6,0.2,"S1 O6","de-protonated",0,NA,"C30 H18 O6 S1",30,18,6,NA,NA,1,NA,NA,NA,NA,NA
4024,505.094351,505.09294214474,505.092891004637,2644464.5,NA,151222.7,11.33,-1,0.101248907010716,0.998141636511325,0,0.598884981906795,22,0.6,0.266666666666667,"O8","de-protonated",0,NA,"C30 H18 O8",30,18,8,NA,NA,NA,NA,NA,NA,NA,NA
4025,505.100013,505.098604120965,505.098764231451,9331187,NA,198110.5,45.2,-1,-0.316988473432009,0.980458185472884,0.990622216923087,0.984523798052965,13,0.956521739130435,0.565217391304348,"O13","de-protonated",0,NA,"C23 H22 O13",23,22,13,NA,NA,NA,NA,NA,NA,NA,NA
4026,505.113235,505.111826065445,505.111651391073,7272951.5,NA,206267,34.78,-1,0.345813389646405,0.489267420622795,0.821075868479145,0.621990799765335,8,1.35,0.65,"P1 O13","de-protonated",0,NA,"C20 H27 O13 P1",20,27,13,NA,1,NA,NA,NA,NA,NA,NA
4027,505.130836,505.129426991538,505.129276514021,4832766,NA,175011.8,22.41,-1,0.297899022156751,0.492013250244957,0.747514279669976,0.594213662014964,21,0.709677419354839,0.225806451612903,"O7","de-protonated",0,NA,"C31 H22 O7",31,22,7,NA,NA,NA,NA,NA,NA,NA,NA
4028,505.136451,505.135041967961,505.135149740835,20777472,NA,203174.7,103.19,-1,-0.213354533955749,0.993285615617404,0.980027654235409,0.987982431064606,12,1.08333333333333,0.5,"O12","de-protonated",0,NA,"C24 H26 O12",24,26,12,NA,NA,NA,NA,NA,NA,NA,NA
4029,505.149472,505.148062913285,505.147903958676,9239045,NA,202407.2,44.74,-1,0.314669443203033,0.984115053361482,0.986666221170401,0.985135520485049,20,0.8125,0.125,"S1 O4","de-protonated",0,NA,"C32 H26 O4 S1",32,26,4,NA,NA,1,NA,NA,NA,NA,NA
4030,505.167043,505.165633839504,505.165662023405,3785227,NA,167878.2,17.11,-1,-0.0557914023915537,0.499717683831285,0.741475186234395,0.596420684792529,20,0.8125,0.1875,"O6","de-protonated",0,NA,"C32 H26 O6",32,26,6,NA,NA,NA,NA,NA,NA,NA,NA
4031,505.172779,505.171369815419,505.17153525022,13167117,NA,210753.4,64.63,-1,-0.327482427886397,0.977148903448503,0.965275582493168,0.972399575066369,11,1.2,0.44,"O11","de-protonated",0,NA,"C25 H30 O11",25,30,11,NA,NA,NA,NA,NA,NA,NA,NA
4032,505.185901,505.184491760319,505.18428946806,7346705.5,NA,213950.3,35.15,-1,0.400432601455118,0.985600165878388,0.997653947199451,0.990421678406813,19,0.909090909090909,0.0909090909090909,"S1 O3","de-protonated",0,NA,"C33 H30 O3 S1",33,30,3,NA,NA,1,NA,NA,NA,NA,NA
4033,505.202597,505.201187690212,505.201396084167,2536855.8,NA,127300.2,10.78,-1,-0.412496790606353,0.969597591580333,0,0.5817585549482,10,1.36,0.28,"N2 S1 O7","de-protonated",0,NA,"C25 H34 O7 S1 N2",25,34,7,2,NA,1,NA,NA,NA,NA,NA
4034,505.209173,505.2077636626,505.207920759604,7854618,NA,203825.8,37.72,-1,-0.310955149198028,0.987765896647069,0.992791648502173,0.989776197389111,10,1.30769230769231,0.384615384615385,"O10","de-protonated",0,NA,"C26 H34 O10",26,34,10,NA,NA,NA,NA,NA,NA,NA,NA
4035,505.222175,505.220765608004,505.220674977444,6593055,NA,202824.2,31.33,-1,0.179388065539845,0.49708899056612,0.72968508002065,0.590127426347932,18,1,0.0588235294117647,"S1 O2","de-protonated",0,NA,"C34 H34 O2 S1",34,34,2,NA,NA,1,NA,NA,NA,NA,NA
4036,505.245677,505.244267509319,505.244306268988,2354215.3,NA,203363.5,9.86,-1,-0.0767147086155676,0.998932717846729,0,0.599359630708038,9,1.40740740740741,0.333333333333333,"O9","de-protonated",0,NA,"C27 H38 O9",27,38,9,NA,NA,NA,NA,NA,NA,NA,NA
4037,505.258675,505.25726545474,505.257060486829,4620844,NA,220504.6,21.34,-1,0.405670552570287,0.97686657386625,0.951455423968031,0.966702113906962,17,1.08571428571429,0.0285714285714286,"S1 O1","de-protonated",0,NA,"C35 H38 O1 S1",35,38,1,NA,NA,1,NA,NA,NA,NA,NA
4038,505.295009,505.293599302172,505.293578937995,2940985,NA,197535.8,12.83,-1,0.0403016753437205,0.99970532992479,0,0.599823197954874,3,1.88,0.32,"P1 O8","de-protonated",0,NA,"C25 H47 O8 P1",25,47,8,NA,1,NA,NA,NA,NA,NA,NA
4051,507.042876,507.04145896284,507.041643277161,2130604.3,NA,245514.2,8.72,-1,-0.363509235937043,0.976308709817331,0,0.585785225890399,14,0.761904761904762,0.714285714285714,"O15","de-protonated",0,NA,"C21 H16 O15",21,16,15,NA,NA,NA,NA,NA,NA,NA,NA
4052,507.070885,507.06946784523,507.069653636286,2043830.1,NA,137123.9,8.28,-1,-0.366401449486519,0.975934807725756,0,0.585560884635454,26,0.484848484848485,0.121212121212121,"S1 O4","de-protonated",0,NA,"C33 H16 O4 S1",33,16,4,NA,NA,1,NA,NA,NA,NA,NA
4053,507.079362,507.077944809635,507.078028786545,7648441,NA,206987.1,36.67,-1,-0.165609443506494,0.497517931042011,0.806643077274283,0.62116798953492,13,0.909090909090909,0.636363636363636,"O14","de-protonated",0,NA,"C22 H20 O14",22,20,14,NA,NA,NA,NA,NA,NA,NA,NA
4056,507.115706,507.114288657025,507.114414295929,15715526,NA,197624.8,77.54,-1,-0.247752578393955,0.986336688136788,0.995216360535931,0.989888557096445,12,1.04347826086957,0.565217391304348,"O13","de-protonated",0,NA,"C23 H24 O13",23,24,13,NA,NA,NA,NA,NA,NA,NA,NA
4057,507.128835,507.127417601896,507.12716851377,4776138.5,NA,208245.8,22.12,-1,0.491174881513104,0.478584649538591,0.747514279669976,0.586156501591145,20,0.774193548387097,0.161290322580645,"S1 O5","de-protonated",0,NA,"C31 H24 O5 S1",31,24,5,NA,NA,1,NA,NA,NA,NA,NA
4059,507.151978,507.150560504718,507.150799805313,20327634,NA,202858.3,100.9,-1,-0.471852938115364,0.974625669175184,0.992346133440563,0.981713854881335,11,1.16666666666667,0.5,"O12","de-protonated",0,NA,"C24 H28 O12",24,28,12,NA,NA,NA,NA,NA,NA,NA,NA
4060,507.165024,507.163606449938,507.163554023154,5866711.5,NA,200647.3,27.65,-1,0.103372538938722,0.499031469656217,0.741475186234394,0.596008956287488,19,0.875,0.125,"S1 O4","de-protonated",0,NA,"C32 H28 O4 S1",32,28,4,NA,NA,1,NA,NA,NA,NA,NA
4061,507.180495,507.179077384975,507.17894310622,4509917,NA,126952.5,20.78,-1,0.264756170375444,0.493680872918337,0.785920818505338,0.610576851153137,10,1.32,0.36,"P1 O9","de-protonated",0,NA,"C25 H33 O9 P1",25,33,9,NA,1,NA,NA,NA,NA,NA,NA
4062,507.188421,507.187003351694,507.187185314698,14048480,NA,200766.2,69.1,-1,-0.358768930696254,0.977692230206098,0.987176511744774,0.981485942821568,10,1.28,0.44,"O11","de-protonated",0,NA,"C25 H32 O11",25,32,11,NA,NA,NA,NA,NA,NA,NA,NA
4063,507.201563,507.20014529651,507.199939532538,4795620.5,NA,219746.6,22.22,-1,0.405686112847665,0.485289224255893,0.73553288925895,0.585386690257116,18,0.96969696969697,0.0909090909090909,"S1 O3","de-protonated",0,NA,"C33 H32 O3 S1",33,32,3,NA,NA,1,NA,NA,NA,NA,NA
4064,507.216989,507.215571231736,507.215328615605,2209002.3,NA,165700.3,9.12,-1,0.47832965122257,0.95933463410466,0,0.575600780462796,9,1.42307692307692,0.307692307692308,"P1 O8","de-protonated",0,NA,"C26 H37 O8 P1",26,37,8,NA,1,NA,NA,NA,NA,NA,NA
4065,507.224802,507.223384198929,507.223570824082,5644525,NA,196344.7,26.52,-1,-0.367934701461755,0.487867723704287,0.779247987650237,0.604419829282667,9,1.38461538461538,0.384615384615385,"O10","de-protonated",0,NA,"C26 H36 O10",26,36,10,NA,NA,NA,NA,NA,NA,NA,NA
4066,507.237942,507.236524143754,507.236325041922,7128305.5,NA,207579.2,34.04,-1,0.392522817214984,0.986044501333574,0.986266614424625,0.986133346569994,17,1.05882352941176,0.0588235294117647,"S1 O2","de-protonated",0,NA,"C34 H36 O2 S1",34,36,2,NA,NA,1,NA,NA,NA,NA,NA
4067,507.249022,507.247604097229,507.247558431215,1967349.5,NA,209106.3,7.9,-1,0.0900270747807386,0.998530462054752,0,0.599118277232851,17,1.09090909090909,0.0303030303030303,"N2 S1 O1","de-protonated",0,NA,"C33 H36 O1 S1 N2",33,36,1,2,NA,1,NA,NA,NA,NA,NA
4068,507.255366,507.25394807059,507.254083106652,2297079.8,NA,180180,9.57,-1,-0.266209906159899,0.987223468193634,0,0.592334080916181,17,1.05882352941176,0.117647058823529,"O4","de-protonated",0,NA,"C34 H36 O4",34,36,4,NA,NA,NA,NA,NA,NA,NA,NA
4069,507.274368,507.2729499908,507.272710551307,4442366.5,NA,214633.8,20.43,-1,0.472013353884288,0.480190042252128,0.723929522638802,0.577685834406797,16,1.14285714285714,0.0285714285714286,"S1 O1","de-protonated",0,NA,"C35 H40 O1 S1",35,40,1,NA,NA,1,NA,NA,NA,NA,NA
4073,508.082369,508.080947597986,508.081161071471,2177565,NA,224395,8.96,-1,-0.420156268395233,0.968476199884318,0,0.581085719930591,16,0.923076923076923,0.153846153846154,"N1 S2 P1 O4","de-protonated",0,NA,"C26 H24 O4 S2 N1 P1",26,24,4,1,1,2,NA,NA,NA,NA,NA
4074,508.110817,508.109395478532,508.109150203785,2650151,NA,150503.2,11.35,-1,0.482720586378378,0.958600355612127,0,0.575160213367276,30,0.428571428571429,0.0571428571428571,"N3 O2","de-protonated",0,NA,"C35 H15 O2 N3",35,15,2,3,NA,NA,NA,NA,NA,NA,NA
4076,508.147612,508.146190324029,508.146048777506,2620468,NA,192543.9,11.2,-1,0.278554803785391,0.986019539375956,0,0.591611723625574,11,1.17391304347826,0.521739130434783,"N1 O12","de-protonated",0,NA,"C23 H27 O12 N1",23,27,12,1,NA,NA,NA,NA,NA,NA,NA
4078,508.183986,508.182564171294,508.182434286891,3019328.8,NA,177203.2,13.22,-1,0.255586172688235,0.988216963253612,0,0.592930177952167,10,1.29166666666667,0.458333333333333,"N1 O11","de-protonated",0,NA,"C24 H31 O11 N1",24,31,11,1,NA,NA,NA,NA,NA,NA,NA
4080,508.196791,508.195369117526,508.195188504731,9104965,NA,200678.7,44.05,-1,0.355400441787299,0.488670975021974,0.741475186234395,0.589792659506942,18,0.96875,0.09375,"N1 S1 O3","de-protonated",0,NA,"C32 H31 O3 S1 N1",32,31,3,1,NA,1,NA,NA,NA,NA,NA
4081,508.23307,508.231647965189,508.231574014115,1893458.3,NA,237536.3,7.52,-1,0.145506650251314,0.996165704552262,0,0.597699422731357,17,1.06060606060606,0.0606060606060606,"N1 S1 O2","de-protonated",0,NA,"C33 H35 O2 S1 N1",33,35,2,1,NA,1,NA,NA,NA,NA,NA
4086,509.058668,509.057242498485,509.057293341639,4254580.5,NA,200721.2,19.48,-1,-0.0998770751266999,0.998191608420501,0,0.5989149650523,13,0.857142857142857,0.714285714285714,"O15","de-protonated",0,NA,"C21 H18 O15",21,18,15,NA,NA,NA,NA,NA,NA,NA,NA
4088,509.094997,509.093571345939,509.093678851023,12070785,NA,202703.4,59.07,-1,-0.211169551998402,0.495970690585758,0.806643077274283,0.620239645261168,12,1,0.636363636363636,"O14","de-protonated",0,NA,"C22 H22 O14",22,22,14,NA,NA,NA,NA,NA,NA,NA,NA
4089,509.123287,509.121861227148,509.121689210148,13438859,NA,182968.6,66,-1,0.337870108347421,0.97418465337209,0.978637792857454,0.975965909166236,24,0.647058823529412,0.0882352941176471,"S1 O3","de-protonated",0,NA,"C34 H22 O3 S1",34,22,3,NA,NA,1,NA,NA,NA,NA,NA
4090,509.131307,509.129881193472,509.130064360407,20246414,NA,200814.9,100.49,-1,-0.359764523189798,0.984549810322112,0.998489169781532,0.99012555410588,11,1.1304347826087,0.565217391304348,"O13","de-protonated",0,NA,"C23 H26 O13",23,26,13,NA,NA,NA,NA,NA,NA,NA,NA
4091,509.144616,509.143190137587,509.142951520029,3393426.8,NA,149875.8,15.12,-1,0.468665151191884,0.960929086645358,0,0.576557451987215,6,1.55,0.65,"P1 O13","de-protonated",0,NA,"C20 H31 O13 P1",20,31,13,NA,1,NA,NA,NA,NA,NA,NA
4092,509.159647,509.158221074472,509.158074719532,9312152,NA,192028.4,45.1,-1,0.287444993743353,0.988635911250755,0.989533485383082,0.988994940903686,23,0.742857142857143,0.0571428571428571,"S1 O2","de-protonated",0,NA,"C35 H26 O2 S1",35,26,2,NA,NA,1,NA,NA,NA,NA,NA
4093,509.167723,509.166297040561,509.166449869791,19808154,NA,202046.8,98.27,-1,-0.300155736434599,0.990144724410651,0.983887029260168,0.987641646350458,10,1.25,0.5,"O12","de-protonated",0,NA,"C24 H30 O12",24,30,12,NA,NA,NA,NA,NA,NA,NA,NA
4094,509.180782,509.179355985726,509.179204087632,3436447.5,NA,208142.1,15.33,-1,0.298319516276138,0.491990868901537,0.741475186234394,0.59178459583468,18,0.9375,0.125,"S1 O4","de-protonated",0,NA,"C32 H30 O4 S1",32,30,4,NA,NA,1,NA,NA,NA,NA,NA
4095,509.196056,509.19462992159,509.194460228917,10237861,NA,197753.8,49.79,-1,0.333257107692174,0.490024971924419,0.718264051224716,0.581320603644538,22,0.833333333333333,0.0277777777777778,"S1 O1","de-protonated",0,NA,"C36 H30 O1 S1",36,30,1,NA,NA,1,NA,NA,NA,NA,NA
4096,509.204115,509.20268888775,509.202835379176,10250152,NA,205003.6,49.85,-1,-0.287687765580041,0.975581682722138,0.98577865291482,0.979660470799211,9,1.36,0.44,"O11","de-protonated",0,NA,"C25 H34 O11",25,34,11,NA,NA,NA,NA,NA,NA,NA,NA
4097,509.217307,509.215880832356,509.215722538798,4850604,NA,196161.9,22.5,-1,0.31085756315194,0.491309498274095,0.806643077274283,0.61744292987417,4,1.77272727272727,0.5,"P1 O11","de-protonated",0,NA,"C22 H39 O11 P1",22,39,11,NA,1,NA,NA,NA,NA,NA,NA
4098,509.234723,509.233296759226,509.233347661746,2784690.5,NA,179809.7,12.03,-1,-0.0999591241756326,0.99818863870525,0,0.59891318322315,17,1.03030303030303,0.151515151515152,"O5","de-protonated",0,NA,"C33 H34 O5",33,34,5,NA,NA,NA,NA,NA,NA,NA,NA
4099,509.240361,509.238934735552,509.239058697308,3546036.3,NA,215023,15.89,-1,-0.243425467080326,0.989305679502035,0,0.593583407701221,3,2.04761904761905,0.19047619047619,"N4 S2 P1 O4","de-protonated",0,NA,"C21 H43 O4 S2 N4 P1",21,43,4,4,1,2,NA,NA,NA,NA,NA
4100,509.253621,509.252194679873,509.2519751064,6164409,NA,205335,29.15,-1,0.431168622543607,0.483415063718996,0.72968508002065,0.581923070239657,16,1.11764705882353,0.0588235294117647,"S1 O2","de-protonated",0,NA,"C34 H38 O2 S1",34,38,2,NA,NA,1,NA,NA,NA,NA,NA
4101,509.289818,509.288391527881,509.288360615785,3081157.8,NA,223861.8,13.53,-1,0.0606966479892362,0.499665875671523,0.723929522638802,0.589371334458435,15,1.2,0.0285714285714286,"S1 O1","de-protonated",0,NA,"C35 H42 O1 S1",35,42,1,NA,NA,1,NA,NA,NA,NA,NA
4102,509.378008,509.376581157569,509.37652071762,2573284.5,NA,221810.5,10.96,-1,0.118654761330735,0.997448652817563,0,0.598469191690538,4,1.83333333333333,0.133333333333333,"P1 O4","de-protonated",0,NA,"C30 H55 O4 P1",30,55,4,NA,1,NA,NA,NA,NA,NA,NA
4105,510.098174,510.096744133576,510.096811135949,3093727.5,NA,215400.4,13.6,-1,-0.131352266999628,0.996874285211083,0,0.59812457112665,15,1,0.153846153846154,"N1 S2 P1 O4","de-protonated",0,NA,"C26 H26 O4 S2 N1 P1",26,26,4,1,1,2,NA,NA,NA,NA,NA
4108,510.155098,510.153667894551,510.153456633507,2625267.3,NA,209653.9,11.22,-1,0.4141127370229,0.969362617429023,0,0.581617570457414,10,1.30434782608696,0.434782608695652,"N1 P1 O10","de-protonated",0,NA,"C23 H30 O10 N1 P1",23,30,10,1,1,NA,NA,NA,NA,NA,NA
4111,510.175796,510.17436580764,510.174453059825,2144506.5,NA,227253.1,8.79,-1,-0.171024214285016,0.99470681476534,0,0.596824088859204,18,0.935483870967742,0.129032258064516,"N1 S1 O4","de-protonated",0,NA,"C31 H29 O4 S1 N1",31,29,4,1,NA,1,NA,NA,NA,NA,NA
4112,510.193753,510.192322732238,510.192211124554,3226880.8,NA,204084.8,14.27,-1,0.218756149938732,0.495677248898248,0.747514279669976,0.596412061206939,18,0.935483870967742,0.193548387096774,"N1 O6","de-protonated",0,NA,"C31 H29 O6 N1",31,29,6,1,NA,NA,NA,NA,NA,NA,NA
4115,510.212599,510.211168653103,510.210971510991,4393223.5,NA,201401.5,20.18,-1,0.386393322549934,0.973273397179512,0,0.583964038307707,4,1.80952380952381,0.523809523809524,"N1 P1 O11","de-protonated",0,NA,"C21 H38 O11 N1 P1",21,38,11,1,1,NA,NA,NA,NA,NA,NA
4116,510.235931,510.234500555132,510.234469860753,1807119.4,NA,164891.6,7.08,-1,0.0601573990423725,0.999343568597475,0,0.599606141158485,8,1.48,0.4,"N1 O10","de-protonated",0,NA,"C25 H37 O10 N1",25,37,10,1,NA,NA,NA,NA,NA,NA,NA
4117,510.248769,510.247338501225,510.247224078593,2211091.8,NA,208322.2,9.12,-1,0.224249394719021,0.990916849701202,0,0.594550109820721,16,1.12121212121212,0.0606060606060606,"N1 S1 O2","de-protonated",0,NA,"C33 H37 O2 S1 N1",33,37,2,1,NA,1,NA,NA,NA,NA,NA
4120,511.053227,511.051793123288,511.051814038017,2218026.3,NA,206138.9,9.16,-1,-0.0409248708269954,0.999696147737954,0,0.599817688642772,17,0.666666666666667,0.541666666666667,"O13","de-protonated",0,NA,"C24 H16 O13",24,16,13,NA,NA,NA,NA,NA,NA,NA,NA
4121,511.074243,511.072809035041,511.072943406117,6111793.5,NA,203952.4,28.88,-1,-0.262919564072382,0.49376769326363,0.813795485951173,0.621778810338647,12,0.952380952380952,0.714285714285714,"O15","de-protonated",0,NA,"C21 H20 O15",21,20,15,NA,NA,NA,NA,NA,NA,NA,NA
4122,511.102507,511.10107291636,511.100953765242,4890171,NA,147631.9,22.69,-1,0.233126385627937,0.495093553284192,0.73553288925895,0.591269287674095,24,0.606060606060606,0.121212121212121,"S1 O4","de-protonated",0,NA,"C33 H20 O4 S1",33,20,4,NA,NA,1,NA,NA,NA,NA,NA
4123,511.109624,511.108189886475,511.108164402541,51987004,NA,201482,261.28,-1,0.0498601580979077,0.249887253468406,0.724312612827618,0.439657397212091,20,0.740740740740741,0.185185185185185,"N4 S1 O5","de-protonated",0,NA,"C27 H20 O5 S1 N4",27,20,5,4,NA,1,NA,NA,NA,NA,NA
4124,511.12022,511.118785841983,511.118711829971,4067905.3,NA,180977.7,18.53,-1,0.144803955766317,0.498101289388552,0.73553288925895,0.593073929336711,24,0.606060606060606,0.181818181818182,"O6","de-protonated",0,NA,"C33 H20 O6",33,20,6,NA,NA,NA,NA,NA,NA,NA,NA
4125,511.125767,511.124332818691,511.124585056786,2581571.3,NA,188178.3,11,-1,-0.493496307085105,0.956772383154048,0,0.574063429892429,15,0.923076923076923,0.423076923076923,"O11","de-protonated",0,NA,"C26 H24 O11",26,24,11,NA,NA,NA,NA,NA,NA,NA,NA
4126,511.138965,511.137530763272,511.137339274626,42648136,NA,196556.4,213.97,-1,0.374632473640655,0.491834429141646,0.886964561260019,0.649886481988995,23,0.705882352941177,0.0882352941176471,"S1 O3","de-protonated",0,NA,"C34 H24 O3 S1",34,24,3,NA,NA,1,NA,NA,NA,NA,NA
4127,511.147015,511.14558072947,511.145714424885,18174538,NA,201435.5,89.99,-1,-0.261560278351261,0.493831570209852,0.799615297578637,0.616145061157366,10,1.21739130434783,0.565217391304348,"O13","de-protonated",0,NA,"C23 H28 O13",23,28,13,NA,NA,NA,NA,NA,NA,NA,NA
4128,511.156455,511.155020689831,511.155097339355,3627597.8,NA,216281.7,16.3,-1,-0.149953555948999,0.497964122248863,0.72968508002065,0.590652505357578,23,0.705882352941177,0.147058823529412,"O5","de-protonated",0,NA,"C34 H24 O5",34,24,5,NA,NA,NA,NA,NA,NA,NA,NA
4129,511.175296,511.173861610717,511.17372478401,12497492,NA,193704.6,61.23,-1,0.267671635245304,0.493541843242385,0.723929522638802,0.585696915000952,22,0.8,0.0571428571428571,"S1 O2","de-protonated",0,NA,"C35 H28 O2 S1",35,28,2,NA,NA,1,NA,NA,NA,NA,NA
4130,511.183389,511.181954576734,511.182099934269,12501591,NA,207257.8,61.25,-1,-0.284355682492255,0.492717748862299,0.792708917554682,0.612714216339252,9,1.33333333333333,0.5,"O12","de-protonated",0,NA,"C24 H32 O12",24,32,12,NA,NA,NA,NA,NA,NA,NA,NA
4131,511.193087,511.191652536012,511.19148284874,3732058.5,NA,217125.4,16.83,-1,0.33194463972148,0.490102605311708,0.723929522638802,0.583633372242546,22,0.8,0.114285714285714,"O4","de-protonated",0,NA,"C35 H28 O4",35,28,4,NA,NA,NA,NA,NA,NA,NA,NA
4132,511.211658,511.210223458032,511.210110293395,7029344.5,NA,190448.6,33.53,-1,0.221366196437752,0.495573942024965,0.718264051224716,0.584649985704865,21,0.888888888888889,0.0277777777777778,"S1 O1","de-protonated",0,NA,"C36 H32 O1 S1",36,32,1,NA,NA,1,NA,NA,NA,NA,NA
4133,511.219729,511.218294424142,511.218485443654,5968483.5,NA,206095,28.16,-1,-0.37365532965351,0.487492321881025,0.785920818505338,0.60686372053075,8,1.44,0.44,"O11","de-protonated",0,NA,"C25 H36 O11",25,36,11,NA,NA,NA,NA,NA,NA,NA,NA
4134,511.232894,511.231459368862,511.231239661494,5460584,NA,195176.8,25.58,-1,0.42976123272042,0.483521356537758,0.73553288925895,0.584325969626235,16,1.09090909090909,0.0909090909090909,"S1 O3","de-protonated",0,NA,"C33 H36 O3 S1",33,36,3,NA,NA,1,NA,NA,NA,NA,NA
4135,511.249799,511.248364297877,511.248346277601,2414190,NA,127376.4,10.15,-1,0.0352475987486352,0.999774594790366,0,0.59986475687422,7,1.6,0.28,"N2 S1 O7","de-protonated",0,NA,"C25 H40 O7 S1 N2",25,40,7,2,NA,1,NA,NA,NA,NA,NA
4136,511.256011,511.254576271793,511.254708761786,2578032,NA,213063.2,10.98,-1,-0.259146742980289,0.987888387564303,0,0.592733032538582,2,2.14285714285714,0.19047619047619,"N4 S2 P1 O4","de-protonated",0,NA,"C21 H45 O4 S2 N4 P1",21,45,4,4,1,2,NA,NA,NA,NA,NA
4137,511.269309,511.267874215955,511.267625170878,3099252.5,NA,206999.8,13.62,-1,0.487112940238318,0.478929848483644,0.72968508002065,0.579231941098447,15,1.17647058823529,0.0588235294117647,"S1 O2","de-protonated",0,NA,"C34 H40 O2 S1",34,40,2,NA,NA,1,NA,NA,NA,NA,NA
4138,511.292398,511.290963119003,511.29109427117,2025084.5,NA,181333.9,8.18,-1,-0.256511737134824,0.988131977305334,0,0.5928791863832,1,2.22727272727273,0.136363636363636,"N4 S2 P1 O3","de-protonated",0,NA,"C22 H49 O3 S2 N4 P1",22,49,3,4,1,2,NA,NA,NA,NA,NA
4140,512.109226,512.107787689125,512.107949191064,15885205,NA,205599.7,78.39,-1,-0.315366983690344,0.491057818361866,0.836034543948893,0.629048508596677,6,1.5,0.777777777777778,"N1 S1 O14","de-protonated",0,NA,"C18 H27 O14 S1 N1",18,27,14,1,NA,1,NA,NA,NA,NA,NA
4141,512.112707,512.111268674508,512.11145887872,6949782,NA,185008.4,33.13,-1,-0.371411748008544,0.487640207085212,0.718264051224716,0.579889744741014,28,0.527777777777778,0.0277777777777778,"N1 S1 O1","de-protonated",0,NA,"C36 H19 O1 S1 N1",36,19,1,1,NA,1,NA,NA,NA,NA,NA
4143,512.150228,512.148789516956,512.148846709811,4879266.5,NA,221979.3,22.64,-1,-0.111672330010682,0.498869882184986,0.772687513667176,0.608396934777862,13,1.18518518518519,0.111111111111111,"N1 S2 P1 O3","de-protonated",0,NA,"C27 H32 O3 S2 N1 P1",27,32,3,1,1,2,NA,NA,NA,NA,NA
4145,512.186565,512.185126364376,512.185232219195,3168175,NA,209241.5,13.97,-1,-0.206672923154866,0.992279612238779,0,0.595367767343267,12,1.28571428571429,0.0714285714285714,"N1 S2 P1 O2","de-protonated",0,NA,"C28 H36 O2 S2 N1 P1",28,36,2,1,1,2,NA,NA,NA,NA,NA
4146,512.191736,512.190297342663,512.190103124303,2831280.8,NA,214049.4,12.26,-1,0.379191942866153,0.974247523332969,0,0.584548513999781,17,1,0.129032258064516,"N1 S1 O4","de-protonated",0,NA,"C31 H31 O4 S1 N1",31,31,4,1,NA,1,NA,NA,NA,NA,NA
4148,512.228082,512.226643190045,512.226488633687,2435005,NA,211876,10.13,-1,0.301734411934097,0.983615951151568,0,0.590169570690941,16,1.09375,0.09375,"N1 S1 O3","de-protonated",0,NA,"C32 H35 O3 S1 N1",32,35,3,1,NA,1,NA,NA,NA,NA,NA
4149,512.944948,512.943506179909,512.943540690428,3790001,NA,200953.9,16.9,-1,-0.0672793704681171,0.999179007236402,0,0.599507404341841,19,0.35,0.55,"N2 S1 P1 O11","de-protonated",0,NA,"C20 H7 O11 S1 N2 P1",20,7,11,2,1,1,NA,NA,NA,NA,NA
4150,513.032539,513.031096812113,513.031078593111,1815758.6,NA,181516.1,7.03,-1,0.0355124720609845,0.999771194768987,0,0.599862716861392,17,0.608695652173913,0.608695652173913,"O14","de-protonated",0,NA,"C23 H14 O14",23,14,14,NA,NA,NA,NA,NA,NA,NA,NA
4151,513.053688,513.052245723308,513.05220796121,2545877.8,NA,208383.2,10.68,-1,0.073602835663791,0.999017506946959,0,0.599410504168176,12,0.9,0.8,"O16","de-protonated",0,NA,"C20 H18 O16",20,18,16,NA,NA,NA,NA,NA,NA,NA,NA
4152,513.068813,513.067370659797,513.067464102495,3407067,NA,190766.8,14.99,-1,-0.182125557216287,0.99399947363921,0,0.596399684183526,16,0.75,0.541666666666667,"O13","de-protonated",0,NA,"C24 H18 O13",24,18,13,NA,NA,NA,NA,NA,NA,NA,NA
4153,513.081758,513.080315605441,513.080218320336,4059359.3,NA,153558.6,18.25,-1,0.189609932454411,0.496748900772513,0.741475186234394,0.594639414957266,24,0.5625,0.15625,"S1 O5","de-protonated",0,NA,"C32 H18 O5 S1",32,18,5,NA,NA,1,NA,NA,NA,NA,NA
4154,513.089937,513.088494571097,513.088593470595,6581474,NA,204006.2,30.87,-1,-0.192753256547015,0.496640580779231,0.813795485951173,0.623502542848008,11,1.04761904761905,0.714285714285714,"O15","de-protonated",0,NA,"C21 H22 O15",21,22,15,NA,NA,NA,NA,NA,NA,NA,NA
4155,513.103853,513.102410512664,513.102350010142,2587878.8,NA,431572.1,10.89,-1,0.117915113019161,0.99748032193643,0,0.598488193161858,5,1.63157894736842,0.526315789473684,"S2 P1 O10","de-protonated",0,NA,"C19 H31 O10 S2 P1",19,31,10,NA,1,2,NA,NA,NA,NA,NA
4156,513.106752,513.105309500491,513.105187022365,25593064,NA,209743.3,125.97,-1,0.238699840247904,0.494857372784607,0.779247987650237,0.608613618730859,20,0.692307692307692,0.307692307692308,"N4 O8","de-protonated",0,NA,"C26 H18 O8 N4",26,18,8,4,NA,NA,NA,NA,NA,NA,NA
4157,513.118253,513.116810452198,513.11660382972,10732780,NA,181100.6,51.63,-1,0.40268133297886,0.978574445742626,0.950292049793606,0.967261487363018,23,0.666666666666667,0.121212121212121,"S1 O4","de-protonated",0,NA,"C33 H22 O4 S1",33,22,4,NA,NA,1,NA,NA,NA,NA,NA
4158,513.126347,513.124904418211,513.124978979979,11318510,NA,204278.7,54.56,-1,-0.145309176182116,0.498088042496459,0.806643077274283,0.621510056407588,10,1.18181818181818,0.636363636363636,"O14","de-protonated",0,NA,"C22 H26 O14",22,26,14,NA,NA,NA,NA,NA,NA,NA,NA
4159,513.135988,513.134545377728,513.134361894449,12997874,NA,201607.9,62.97,-1,0.357573556752492,0.986034683771799,0.978893287651783,0.983178125323793,23,0.666666666666667,0.181818181818182,"O6","de-protonated",0,NA,"C33 H22 O6",33,22,6,NA,NA,NA,NA,NA,NA,NA,NA
4160,513.141389,513.139946355049,513.140072930011,4097267.5,NA,215996,18.44,-1,-0.246667467424088,0.989020503335665,0,0.593412302001399,9,1.47619047619048,0.238095238095238,"N4 S2 P1 O5","de-protonated",0,NA,"C21 H31 O5 S2 N4 P1",21,31,5,4,1,2,NA,NA,NA,NA,NA
4161,513.154649,513.15320629937,513.152989339104,19100920,NA,196518.5,93.49,-1,0.422798406174066,0.649714757527264,0.912507166531186,0.754831721128833,22,0.764705882352941,0.0882352941176471,"S1 O3","de-protonated",0,NA,"C34 H26 O3 S1",34,26,3,NA,NA,1,NA,NA,NA,NA,NA
4162,513.162675,513.161232265669,513.161364489363,11158779,NA,198922.1,53.77,-1,-0.257664944152592,0.494012834759749,0.799615297578637,0.616253819887304,9,1.30434782608696,0.565217391304348,"O13","de-protonated",0,NA,"C23 H30 O13",23,30,13,NA,NA,NA,NA,NA,NA,NA,NA
4163,513.172338,513.170895225094,513.170747403834,4536574,NA,203366.9,20.64,-1,0.288054728186917,0.492528485813776,0.72968508002065,0.587391123496526,22,0.764705882352941,0.147058823529412,"O5","de-protonated",0,NA,"C34 H26 O5",34,26,5,NA,NA,NA,NA,NA,NA,NA,NA
4164,513.177926,513.176483201629,513.176620630648,3655935.8,NA,218404.2,16.23,-1,-0.267800622654754,0.493535657962139,0.772687513667176,0.605196400244154,13,1.11111111111111,0.37037037037037,"O10","de-protonated",0,NA,"C27 H30 O10",27,30,10,NA,NA,NA,NA,NA,NA,NA,NA
4165,513.190946,513.189503146958,513.189374848488,12543236,NA,191251.5,60.69,-1,0.250002194300194,0.988836071994469,0.971603281059953,0.981942955620663,21,0.857142857142857,0.0571428571428571,"S1 O2","de-protonated",0,NA,"C35 H30 O2 S1",35,30,2,NA,NA,1,NA,NA,NA,NA,NA
4166,513.198981,513.197538113219,513.197749998747,5901575,NA,210063.2,27.47,-1,-0.412873065601035,0.98472946571453,0.964285262546895,0.976551784447476,8,1.41666666666667,0.5,"O12","de-protonated",0,NA,"C24 H34 O12",24,34,12,NA,NA,NA,NA,NA,NA,NA,NA
4167,513.208716,513.207273072342,513.207132913218,2219786.3,NA,206182.2,9.05,-1,0.27310439553083,0.986557632847722,0,0.591934579708633,21,0.857142857142857,0.114285714285714,"O4","de-protonated",0,NA,"C35 H30 O4",35,30,4,NA,NA,NA,NA,NA,NA,NA,NA
4168,513.227301,513.225857994303,513.225760357873,4721936.5,NA,171837.5,21.57,-1,0.190240704155742,0.976938997504531,0.940783682058848,0.962476871326258,20,0.944444444444444,0.0277777777777778,"S1 O1","de-protonated",0,NA,"C36 H34 O1 S1",36,34,1,NA,NA,1,NA,NA,NA,NA,NA
4169,513.235366,513.233922960438,513.234135508132,3245331.3,NA,206142.6,14.18,-1,-0.414133977846543,0.969359523071593,0,0.581615713842956,7,1.52,0.44,"O11","de-protonated",0,NA,"C25 H38 O11",25,38,11,NA,NA,NA,NA,NA,NA,NA,NA
4170,513.248671,513.24722790457,513.247022667754,2864919.8,NA,192016.3,12.28,-1,0.399879213728592,0.971402612896269,0,0.582841567737762,2,1.95454545454545,0.5,"P1 O11","de-protonated",0,NA,"C22 H43 O11 P1",22,43,11,NA,1,NA,NA,NA,NA,NA,NA
4171,513.271748,513.270304807669,513.270521017516,3613983.5,NA,202633.4,16.02,-1,-0.421239557531133,0.968316040788234,0,0.58098962447294,6,1.61538461538462,0.384615384615385,"O10","de-protonated",0,NA,"C26 H42 O10",26,42,10,NA,NA,NA,NA,NA,NA,NA,NA
4172,513.308363,513.306919653922,513.3069065269,3131692,NA,206964.4,13.61,-1,0.0255734360760678,0.999881339485059,0,0.599928803691035,5,1.7037037037037,0.333333333333333,"O9","de-protonated",0,NA,"C27 H46 O9",27,46,9,NA,NA,NA,NA,NA,NA,NA,NA
4173,513.34471,513.3432665013,513.343292036285,1868600.1,NA,238182,7.29,-1,-0.0497425119587017,0.999551139109045,0,0.599730683465427,4,1.78571428571429,0.285714285714286,"O8","de-protonated",0,NA,"C28 H50 O8",28,50,8,NA,NA,NA,NA,NA,NA,NA,NA
4175,514.110172,514.108725287108,514.108481498543,3025465.8,NA,249555,13.08,-1,0.474196738519066,0.480010070889033,0.723929522638802,0.577577851588941,28,0.485714285714286,0.114285714285714,"N1 O4","de-protonated",0,NA,"C35 H17 O4 N1",35,17,4,1,NA,NA,NA,NA,NA,NA,NA
4177,514.129422,514.127975206277,514.128111264905,2575424.3,NA,219894.6,10.83,-1,-0.264639542346341,0.98737280738483,0,0.592423684430898,13,1.15384615384615,0.153846153846154,"N1 S2 P1 O4","de-protonated",0,NA,"C26 H30 O4 S2 N1 P1",26,30,4,1,1,2,NA,NA,NA,NA,NA
4180,514.165878,514.164431053197,514.164496774289,2567756.5,NA,242343,10.79,-1,-0.127821139589951,0.99703983708695,0,0.59822390225217,12,1.25925925925926,0.111111111111111,"N1 S2 P1 O3","de-protonated",0,NA,"C27 H34 O3 S2 N1 P1",27,34,3,1,1,2,NA,NA,NA,NA,NA
4181,514.171188,514.1697410309,514.169500621178,1862734.4,NA,131845.5,7.26,-1,0.467569006004784,0.961108039308795,0,0.576664823585277,4,1.78947368421053,0.684210526315789,"N1 P1 O13","de-protonated",0,NA,"C19 H34 O13 N1 P1",19,34,13,1,1,NA,NA,NA,NA,NA,NA
4184,514.20759,514.206142878048,514.205886130562,2048602.5,NA,210606.7,8.19,-1,0.499308724398569,0.955771102399757,0,0.573462661439854,3,1.9,0.6,"N1 P1 O12","de-protonated",0,NA,"C20 H38 O12 N1 P1",20,38,12,1,1,NA,NA,NA,NA,NA,NA
4188,515.04797,515.046519349273,515.046728657589,2351987,NA,189711.7,9.71,-1,-0.406387040078806,0.970478211033923,0,0.582286926620354,16,0.695652173913043,0.608695652173913,"O14","de-protonated",0,NA,"C23 H16 O14",23,16,14,NA,NA,NA,NA,NA,NA,NA,NA
4189,515.06101,515.059559294518,515.059482875429,2168183.3,NA,174072.6,8.79,-1,0.148369443689624,0.996013647510129,0,0.597608188506078,24,0.516129032258065,0.193548387096774,"S1 O6","de-protonated",0,NA,"C31 H16 O6 S1",31,16,6,NA,NA,1,NA,NA,NA,NA,NA
4190,515.069327,515.067876259595,515.067858025688,2220922,NA,212920.4,9.05,-1,0.0354009794243808,0.999772629034544,0,0.599863577420726,11,1,0.8,"O16","de-protonated",0,NA,"C20 H20 O16",20,20,16,NA,NA,NA,NA,NA,NA,NA,NA
4191,515.078107,515.076656222727,515.076589491536,1986173,NA,190637,7.88,-1,0.129555861705245,0.996959067400025,0,0.598175440440015,15,0.869565217391304,0.434782608695652,"N2 S1 O10","de-protonated",0,NA,"C23 H20 O10 S1 N2",23,20,10,2,NA,1,NA,NA,NA,NA,NA
4192,515.084351,515.082900196509,515.083114166973,4959103,NA,195588.8,22.75,-1,-0.415409588336277,0.484586709837795,0.792708917554682,0.60783559292455,15,0.833333333333333,0.541666666666667,"O13","de-protonated",0,NA,"C24 H20 O13",24,20,13,NA,NA,NA,NA,NA,NA,NA,NA
4193,515.097373,515.095922141829,515.095868384814,6868867.5,NA,185766.4,32.3,-1,0.104363126957391,0.499012836870421,0.741475186234394,0.59599777661601,23,0.625,0.15625,"S1 O5","de-protonated",0,NA,"C32 H20 O5 S1",32,20,5,NA,NA,1,NA,NA,NA,NA,NA
4194,515.105497,515.104046107716,515.104243535073,5879686,NA,166327.8,27.35,-1,-0.383276509098016,0.486848568109636,0.813795485951173,0.617627335246251,10,1.14285714285714,0.714285714285714,"O15","de-protonated",0,NA,"C21 H24 O15",21,24,15,NA,NA,NA,NA,NA,NA,NA,NA
4195,515.114988,515.113537067863,515.113626449543,3757961.3,NA,183696.2,16.74,-1,-0.173518375331026,0.497275862619679,0.741475186234394,0.594955592065565,23,0.625,0.21875,"O7","de-protonated",0,NA,"C32 H20 O7",32,20,7,NA,NA,NA,NA,NA,NA,NA,NA
4196,515.120789,515.119338043505,515.119499676357,6897547,NA,194417.2,32.45,-1,-0.313777391119859,0.987931775002772,0.990094337127703,0.988796799852744,14,0.96,0.48,"O12","de-protonated",0,NA,"C25 H24 O12",25,24,12,NA,NA,NA,NA,NA,NA,NA,NA
4197,515.133829,515.13237798875,515.132253894198,14030735,NA,196806.6,68.13,-1,0.240898431113955,0.494762702353149,0.73553288925895,0.591070777115469,22,0.727272727272727,0.121212121212121,"S1 O4","de-protonated",0,NA,"C33 H24 O4 S1",33,24,4,NA,NA,1,NA,NA,NA,NA,NA
4198,515.141953,515.140501954637,515.140629044457,6881170,NA,210814.7,32.36,-1,-0.246708982118098,0.494508413824118,0.806643077274283,0.619362279204184,9,1.27272727272727,0.636363636363636,"O14","de-protonated",0,NA,"C22 H28 O14",22,28,14,NA,NA,NA,NA,NA,NA,NA,NA
4199,515.151601,515.150149914125,515.150011958927,5847957.5,NA,189215.4,27.2,-1,0.267796164336404,0.493535871798471,0.73553288925895,0.590334678782663,22,0.727272727272727,0.181818181818182,"O6","de-protonated",0,NA,"C33 H24 O6",33,24,6,NA,NA,NA,NA,NA,NA,NA,NA
4200,515.157331,515.155879890064,515.155885185742,6746007.5,NA,196301.6,31.69,-1,-0.0102797575970775,0.499990412940634,0.779247987650237,0.611693442824475,13,1.07692307692308,0.423076923076923,"O11","de-protonated",0,NA,"C26 H28 O11",26,28,11,NA,NA,NA,NA,NA,NA,NA,NA
4201,515.170295,515.168843835628,515.168639403582,16431004,NA,197669.1,80.14,-1,0.396825486501741,0.64774677372753,0.914518032709294,0.754455277320235,21,0.823529411764706,0.0882352941176471,"S1 O3","de-protonated",0,NA,"C34 H28 O3 S1",34,28,3,NA,NA,1,NA,NA,NA,NA,NA
4202,515.178458,515.177006801351,515.177014553841,4565918.5,NA,207944.4,20.78,-1,-0.0150482058236135,0.983796765434275,0.897074106805528,0.949107701982776,8,1.39130434782609,0.565217391304348,"O13","de-protonated",0,NA,"C23 H32 O13",23,32,13,NA,NA,NA,NA,NA,NA,NA,NA
4204,515.19354,515.192088738022,515.192270695126,5023651.5,NA,212930.7,23.07,-1,-0.353182907811408,0.488810320702563,0.772687513667176,0.602361197888408,12,1.18518518518519,0.37037037037037,"O10","de-protonated",0,NA,"C27 H32 O10",27,32,10,NA,NA,NA,NA,NA,NA,NA,NA
4205,515.206629,515.205177683061,515.205024912966,8869800,NA,197562.3,42.31,-1,0.296522912185443,0.982599910831355,0.966529588532682,0.976171781911885,20,0.914285714285714,0.0571428571428571,"S1 O2","de-protonated",0,NA,"C35 H32 O2 S1",35,32,2,NA,NA,1,NA,NA,NA,NA,NA
4206,515.214635,515.213183649443,515.213400063225,2601898.3,NA,217926.5,10.96,-1,-0.420046881546064,0.968492350750554,0,0.581095410450333,7,1.5,0.5,"O12","de-protonated",0,NA,"C24 H36 O12",24,36,12,NA,NA,NA,NA,NA,NA,NA,NA
4207,515.229568,515.228116586739,515.228004755888,2594223.3,NA,165481.1,10.92,-1,0.217051189996001,0.991488163751791,0,0.594892898251075,2,2,0.55,"N2 S1 O11","de-protonated",0,NA,"C20 H40 O11 S1 N2",20,40,11,2,NA,1,NA,NA,NA,NA,NA
4208,515.24318,515.241728529582,515.241543364132,3195827.8,NA,197477,13.93,-1,0.359376009987919,0.976838150402668,0,0.586102890241601,6,1.64,0.36,"P1 O9","de-protonated",0,NA,"C25 H41 O9 P1",25,41,9,NA,1,NA,NA,NA,NA,NA,NA
4209,515.250927,515.249475497052,515.249623381358,2475958.5,NA,212090.1,10.33,-1,-0.287014872730154,0.985163860408691,0,0.591098316245214,1,2.25,0.25,"N4 S2 P1 O5","de-protonated",0,NA,"C20 H45 O5 S2 N4 P1",20,45,5,4,1,2,NA,NA,NA,NA,NA
4210,515.287382,515.285930343977,515.286171081994,4184002.5,NA,222756.2,18.87,-1,-0.467192854091305,0.480584679795985,0.779247987650237,0.600050002937686,5,1.69230769230769,0.384615384615385,"O10","de-protonated",0,NA,"C26 H44 O10",26,44,10,NA,NA,NA,NA,NA,NA,NA,NA
4212,516.101166,516.09971092688,516.099492507266,2066639.3,NA,140506,8.28,-1,0.423212224908386,0.968023400550961,0,0.580814040330576,10,1.15,0.75,"N1 O15","de-protonated",0,NA,"C20 H23 O15 N1",20,23,15,1,NA,NA,NA,NA,NA,NA,NA
4215,516.16033,516.158874678449,516.159017470668,1880290.8,NA,220293.5,7.35,-1,-0.276643851395797,0.986209375747984,0,0.591725625448791,16,1.06666666666667,0.0333333333333333,"N1 S2 P1 O1","de-protonated",0,NA,"C30 H32 O1 S2 N1 P1",30,32,1,1,1,2,NA,NA,NA,NA,NA
4219,516.246411,516.244955316993,516.245034544803,2751231,NA,198669.9,11.7,-1,-0.153469388133788,0.99573548472702,0,0.597441290836212,6,1.625,0.458333333333333,"N1 O11","de-protonated",0,NA,"C24 H39 O11 N1",24,39,11,1,NA,NA,NA,NA,NA,NA,NA
4222,517.063772,517.062312884876,517.062378722067,4464138.5,NA,200176.4,20.27,-1,-0.127329299986537,0.498531270248691,0.799615297578637,0.618964881180669,15,0.782608695652174,0.608695652173913,"O14","de-protonated",0,NA,"C23 H18 O14",23,18,14,NA,NA,NA,NA,NA,NA,NA,NA
4223,517.076822,517.075362830079,517.075132939907,3801614.8,NA,181662.4,16.96,-1,0.444597229756952,0.482384607133709,0.747514279669976,0.588436476148216,23,0.580645161290323,0.193548387096774,"S1 O6","de-protonated",0,NA,"C31 H18 O6 S1",31,18,6,NA,NA,1,NA,NA,NA,NA,NA
4224,517.094059,517.0925997577,517.092728813384,2628628.3,NA,142949.8,11.09,-1,-0.249579382480052,0.988761217582952,0,0.593256730549771,18,0.884615384615385,0.0769230769230769,"N4 S2 P1 O2","de-protonated",0,NA,"C26 H23 O2 S2 N4 P1",26,23,2,4,1,2,NA,NA,NA,NA,NA
4225,517.100124,517.098664732233,517.098764231451,7774742,NA,187435,36.83,-1,-0.192418208350887,0.496652210318393,0.792708917554682,0.615074893212909,14,0.916666666666667,0.541666666666667,"O13","de-protonated",0,NA,"C24 H22 O13",24,22,13,NA,NA,NA,NA,NA,NA,NA,NA
4226,517.11316,517.111700677495,517.111518449292,9198107,NA,198772,43.95,-1,0.352396333973937,0.978125906642296,0.947079457674202,0.965707327055058,22,0.6875,0.15625,"S1 O5","de-protonated",0,NA,"C32 H22 O5 S1",32,22,5,NA,NA,1,NA,NA,NA,NA,NA
4227,517.121003,517.119543644562,517.119380535214,2482717,NA,205884.1,10.36,-1,0.315419135843723,0.982109774403596,0,0.589265864642158,27,0.529411764705882,0.117647058823529,"N2 O4","de-protonated",0,NA,"C34 H18 O4 N2",34,18,4,2,NA,NA,NA,NA,NA,NA,NA
4228,517.13091,517.129450602962,517.129276514021,4789792.5,NA,177297.9,21.9,-1,0.33664491497146,0.489823222358492,0.741475186234394,0.590484007908853,22,0.6875,0.21875,"O7","de-protonated",0,NA,"C32 H22 O7",32,22,7,NA,NA,NA,NA,NA,NA,NA,NA
4229,517.136463,517.135003579645,517.135149740835,9867810,NA,194472.7,47.3,-1,-0.282636348273995,0.989686659481261,0.965619077778789,0.980059626800272,13,1.04,0.48,"O12","de-protonated",0,NA,"C25 H26 O12",25,26,12,NA,NA,NA,NA,NA,NA,NA,NA
4230,517.149517,517.148057524831,517.147903958676,14592550,NA,201574.6,70.94,-1,0.296948230866856,0.985805414293728,0.919883109545121,0.959436492394285,21,0.787878787878788,0.121212121212121,"S1 O4","de-protonated",0,NA,"C33 H26 O4 S1",33,26,4,NA,NA,1,NA,NA,NA,NA,NA
4231,517.157683,517.156223490542,517.156279108935,2726441,NA,212326.1,11.58,-1,-0.107546587550466,0.997903516474226,0,0.598742109884535,8,1.36363636363636,0.636363636363636,"O14","de-protonated",0,NA,"C22 H30 O14",22,30,14,NA,NA,NA,NA,NA,NA,NA,NA
4232,517.167337,517.165877450004,517.165662023405,5449260,NA,184942.4,25.2,-1,0.416552402869797,0.484503117377671,0.73553288925895,0.584915026130183,21,0.787878787878788,0.181818181818182,"O6","de-protonated",0,NA,"C33 H26 O6",33,26,6,NA,NA,NA,NA,NA,NA,NA,NA
4233,517.172759,517.171299427237,517.17153525022,10983982,NA,199383.7,52.88,-1,-0.455986005281384,0.976893750495483,0.956685862390655,0.968810595253552,12,1.15384615384615,0.423076923076923,"O11","de-protonated",0,NA,"C26 H30 O11",26,30,11,NA,NA,NA,NA,NA,NA,NA,NA
4234,517.185901,517.184441372054,517.18428946806,10035762,NA,200940.2,48.14,-1,0.293713472721331,0.98154210047065,0.980488697300622,0.981120739202639,20,0.882352941176471,0.0882352941176471,"S1 O3","de-protonated",0,NA,"C34 H30 O3 S1",34,30,3,NA,NA,1,NA,NA,NA,NA,NA
4235,517.19398,517.19252033813,517.192664618319,1904692.9,NA,249177.4,7.47,-1,-0.27896797292611,0.985978327653647,0,0.591586996592188,7,1.47826086956522,0.565217391304348,"O13","de-protonated",0,NA,"C23 H34 O13",23,34,13,NA,NA,NA,NA,NA,NA,NA,NA
4236,517.203439,517.201979298411,517.202047532789,2957880,NA,177435.1,12.73,-1,-0.131929829776179,0.498423390197232,0.72968508002065,0.590928066126599,20,0.882352941176471,0.147058823529412,"O5","de-protonated",0,NA,"C34 H30 O5",34,30,5,NA,NA,NA,NA,NA,NA,NA,NA
4237,517.209271,517.207811273923,517.207920759604,6525498,NA,206753.5,30.58,-1,-0.211686010564419,0.991620440522559,0.999984249346891,0.994965964052292,11,1.25925925925926,0.37037037037037,"O10","de-protonated",0,NA,"C27 H34 O10",27,34,10,NA,NA,NA,NA,NA,NA,NA,NA
4238,517.222326,517.220866219104,517.220674977444,6062654,NA,199808.7,28.27,-1,0.369748676421485,0.973044421701543,0.936188805887577,0.958302175375957,19,0.971428571428571,0.0571428571428571,"S1 O2","de-protonated",0,NA,"C35 H34 O2 S1",35,34,2,NA,NA,1,NA,NA,NA,NA,NA
4239,517.230103,517.228643186449,517.228537063367,2924608.5,NA,195338.3,12.57,-1,0.205176385820218,0.496195295270807,0.712686567164179,0.582791804028156,24,0.810810810810811,0.027027027027027,"N2 O1","de-protonated",0,NA,"C37 H30 O1 N2",37,30,1,2,NA,NA,NA,NA,NA,NA,NA
4240,517.245202,517.243742123048,517.243654820366,3275845.5,NA,132317.2,14.32,-1,0.168784442232482,0.994844192758969,0,0.596906515655381,1,2.1,0.55,"N2 S1 O11","de-protonated",0,NA,"C20 H42 O11 S1 N2",20,42,11,2,NA,1,NA,NA,NA,NA,NA
4241,517.258805,517.257345065928,517.25719342861,3270730,NA,185193.3,14.3,-1,0.293156518561816,0.984527119150036,0,0.590716271490021,5,1.72,0.36,"P1 O9","de-protonated",0,NA,"C25 H43 O9 P1",25,43,9,NA,1,NA,NA,NA,NA,NA,NA
4242,517.266998,517.265538031526,517.265435637088,2665036.8,NA,226034.8,11.27,-1,0.197953373407096,0.992915053016487,0,0.595749031809892,5,1.68,0.44,"O11","de-protonated",0,NA,"C25 H42 O11",25,42,11,NA,NA,NA,NA,NA,NA,NA,NA
4245,518.131401,518.129937401878,518.129885648692,1950564.5,NA,132209.2,7.69,-1,0.0998845812353005,0.998191336842456,0,0.598914802105473,31,0.459459459459459,0.027027027027027,"N3 O1","de-protonated",0,NA,"C37 H17 O1 N3",37,17,1,3,NA,NA,NA,NA,NA,NA,NA
4252,518.262171,518.260706852772,518.260684609281,3176334.5,NA,210326.5,13.83,-1,0.0429195040871874,0.999665812161973,0,0.599799487297184,5,1.70833333333333,0.458333333333333,"N1 O11","de-protonated",0,NA,"C24 H41 O11 N1",24,41,11,1,NA,NA,NA,NA,NA,NA,NA
4256,519.043127,519.041659573521,519.041643277161,2206857,NA,203322.5,8.97,-1,0.0313970189043261,0.99982114881693,0,0.599892689290158,15,0.727272727272727,0.681818181818182,"O15","de-protonated",0,NA,"C22 H16 O15",22,16,15,NA,NA,NA,NA,NA,NA,NA,NA
4257,519.079358,519.077890421386,519.078028786545,7496852.5,NA,191593.8,35.44,-1,-0.266559459770687,0.493595054520937,0.799615297578637,0.616003151744017,14,0.869565217391304,0.608695652173913,"O14","de-protonated",0,NA,"C23 H20 O14",23,20,14,NA,NA,NA,NA,NA,NA,NA,NA
4258,519.092434,519.09096636648,519.090783004385,3863704.5,NA,213725.5,17.26,-1,0.353237045220856,0.488806928723865,0.747514279669976,0.592289869102309,22,0.645161290322581,0.193548387096774,"S1 O6","de-protonated",0,NA,"C31 H20 O6 S1",31,20,6,NA,NA,1,NA,NA,NA,NA,NA
4259,519.110097,519.108629292312,519.108541069115,3756702.3,NA,141630.8,16.73,-1,0.169951350521667,0.497386421612788,0.747514279669976,0.597437564835663,22,0.645161290322581,0.258064516129032,"O8","de-protonated",0,NA,"C31 H20 O8",31,20,8,NA,NA,NA,NA,NA,NA,NA,NA
4260,519.115768,519.1143002685,519.114414295929,11328672,NA,198649.6,54.61,-1,-0.219657606037782,0.995398659791612,0.984744233387693,0.991136889230045,13,1,0.541666666666667,"O13","de-protonated",0,NA,"C24 H24 O13",24,24,13,NA,NA,NA,NA,NA,NA,NA,NA
4261,519.128888,519.127420213408,519.12716851377,7871652.5,NA,203738.1,37.31,-1,0.484851601145801,0.973854169000379,0.997073645958763,0.983141959783733,21,0.75,0.15625,"S1 O5","de-protonated",0,NA,"C32 H24 O5 S1",32,24,5,NA,NA,1,NA,NA,NA,NA,NA
4262,519.146542,519.145074139279,519.144926578499,4388010,NA,154418.6,19.89,-1,0.284238123903718,0.492723724870112,0.741475186234394,0.592224309415825,21,0.75,0.21875,"O7","de-protonated",0,NA,"C32 H24 O7",32,24,7,NA,NA,NA,NA,NA,NA,NA,NA
4263,519.152146,519.150678115748,519.150799805313,14523564,NA,202498.6,70.59,-1,-0.234401191118453,0.989513388052419,0.989596821953592,0.989546761612888,12,1.12,0.48,"O12","de-protonated",0,NA,"C25 H28 O12",25,28,12,NA,NA,NA,NA,NA,NA,NA,NA
4264,519.16523,519.163762060808,519.163554023154,9491632,NA,197800.9,45.42,-1,0.400716984452998,0.97066035654724,0.953103382774145,0.963637567038002,20,0.848484848484849,0.121212121212121,"S1 O4","de-protonated",0,NA,"C33 H28 O4 S1",33,28,4,NA,NA,1,NA,NA,NA,NA,NA
4265,519.182535,519.181066988144,519.181312087883,3891381.3,NA,117334.6,17.4,-1,-0.472088909942987,0.480183827089431,0.73553288925895,0.582323451957239,20,0.848484848484849,0.181818181818182,"O6","de-protonated",0,NA,"C33 H28 O6",33,28,6,NA,NA,NA,NA,NA,NA,NA,NA
4266,519.188568,519.187099962811,519.187185314698,11873463,NA,203445.5,57.33,-1,-0.164395211087029,0.997370551386382,0.953017341579865,0.979629267463775,11,1.23076923076923,0.423076923076923,"O11","de-protonated",0,NA,"C26 H32 O11",26,32,11,NA,NA,NA,NA,NA,NA,NA,NA
4267,519.201615,519.200146908026,519.199939532538,6382779.5,NA,206054.5,29.86,-1,0.399413544211295,0.985655347485146,0.963146648101181,0.97665186773156,19,0.941176470588235,0.0882352941176471,"S1 O3","de-protonated",0,NA,"C34 H32 O3 S1",34,32,3,NA,NA,1,NA,NA,NA,NA,NA
4268,519.218355,519.216886837734,519.217046148645,2078144.9,NA,123474.4,8.33,-1,-0.306829122151823,0.983062750544753,0,0.589837650326852,10,1.38461538461538,0.269230769230769,"N2 S1 O7","de-protonated",0,NA,"C26 H36 O7 S1 N2",26,36,7,2,NA,1,NA,NA,NA,NA,NA
4269,519.224875,519.223406810357,519.223570824082,5499075,NA,194227.1,25.44,-1,-0.315882664670311,0.491028814495527,0.772687513667176,0.603692294164187,10,1.33333333333333,0.37037037037037,"O10","de-protonated",0,NA,"C27 H36 O10",27,36,10,NA,NA,NA,NA,NA,NA,NA,NA
4270,519.237992,519.236523755278,519.236325041922,6202567,NA,197353.6,28.96,-1,0.382703108946319,0.980755701792397,0.929088022787145,0.960088630190296,18,1.02857142857143,0.0571428571428571,"S1 O2","de-protonated",0,NA,"C35 H36 O2 S1",35,36,2,NA,NA,1,NA,NA,NA,NA,NA
4271,519.261058,519.259589658424,519.259794142214,2433230.5,NA,183779.6,10.11,-1,-0.39379862011089,0.972253620598898,0,0.583352172359339,4,1.95652173913043,0.130434782608696,"N4 S2 P1 O3","de-protonated",0,NA,"C23 H45 O3 S2 N4 P1",23,45,3,4,1,2,NA,NA,NA,NA,NA
4272,519.274377,519.272908602497,519.272710551307,4671698.5,NA,207562.7,21.3,-1,0.38140111360379,0.965321793137484,0.929434126013912,0.950966726288055,17,1.11111111111111,0.0277777777777778,"S1 O1","de-protonated",0,NA,"C36 H40 O1 S1",36,40,1,NA,NA,1,NA,NA,NA,NA,NA
4273,519.310765,519.309296449703,519.309229002473,2748638.3,NA,216819.2,11.68,-1,0.12987874361019,0.996943914370575,0,0.598166348622345,3,1.88461538461538,0.307692307692308,"P1 O8","de-protonated",0,NA,"C26 H49 O8 P1",26,49,8,NA,1,NA,NA,NA,NA,NA,NA
4274,519.321838,519.320369403207,519.320462391765,4979937.5,NA,198544.6,22.85,-1,-0.179058143261196,0.497099657221568,0.785920818505338,0.612628121735076,3,1.96,0.28,"N2 P1 O7","de-protonated",0,NA,"C25 H49 O7 N2 P1",25,49,7,2,1,NA,NA,NA,NA,NA,NA
4277,520.147394,520.145921936679,520.146048777506,3337703.5,NA,186552.6,14.63,-1,-0.243856177492306,0.989268005523677,0,0.593560803314206,12,1.125,0.5,"N1 O12","de-protonated",0,NA,"C24 H27 O12 N1",24,27,12,1,NA,NA,NA,NA,NA,NA,NA
4282,520.233198,520.231725576386,520.231574014115,1939970.4,NA,211256.6,7.64,-1,0.291336163382856,0.984717208876707,0,0.590830325326024,18,1.02941176470588,0.0588235294117647,"N1 S1 O2","de-protonated",0,NA,"C34 H35 O2 S1 N1",34,35,2,1,NA,1,NA,NA,NA,NA,NA
4287,521.05861,521.057134110463,521.057293341639,4189957.3,NA,181035.8,18.89,-1,-0.305592451063161,0.983197854977583,0,0.58991871298655,14,0.818181818181818,0.681818181818182,"O15","de-protonated",0,NA,"C22 H18 O15",22,18,15,NA,NA,NA,NA,NA,NA,NA,NA
4288,521.08856,521.087083984702,521.087154175586,2293518.8,NA,114758,9.4,-1,-0.134700851399358,0.996713150641679,0,0.598027890385007,13,1,0.5,"N2 S1 O11","de-protonated",0,NA,"C22 H22 O11 S1 N2",22,22,11,2,NA,1,NA,NA,NA,NA,NA
4289,521.095003,521.093526957648,521.093678851023,9811729,NA,196224.6,47.01,-1,-0.291489574604735,0.991156177548249,0.986970133253221,0.989481759830238,13,0.956521739130435,0.608695652173913,"O14","de-protonated",0,NA,"C23 H22 O14",23,22,14,NA,NA,NA,NA,NA,NA,NA,NA
4290,521.108154,521.106677902427,521.106433068863,4138772.8,NA,202655.7,18.64,-1,0.469834083825172,0.480368913058822,0.747514279669976,0.587227059703283,21,0.709677419354839,0.193548387096774,"S1 O6","de-protonated",0,NA,"C31 H22 O6 S1",31,22,6,NA,NA,1,NA,NA,NA,NA,NA
4291,521.124038,521.122561835729,521.122691531855,3644953.8,NA,88732.1,16.17,-1,-0.248878292750848,0.988823916626187,0,0.593294349975712,11,1.24,0.24,"S2 P1 O6","de-protonated",0,NA,"C25 H31 O6 S2 P1",25,31,6,NA,1,2,NA,NA,NA,NA,NA
4292,521.131471,521.129994804518,521.130064360407,17493788,NA,193989.4,85.44,-1,-0.133471265178847,0.993804902335629,0.98262347890021,0.989332332961462,12,1.08333333333333,0.541666666666667,"O13","de-protonated",0,NA,"C24 H26 O13",24,26,13,NA,NA,NA,NA,NA,NA,NA,NA
4293,521.144429,521.142952750107,521.142818578248,4737824,NA,216887,21.63,-1,0.257456986485123,0.494022437192155,0.741475186234394,0.593003536809051,20,0.8125,0.15625,"S1 O5","de-protonated",0,NA,"C32 H26 O5 S1",32,26,5,NA,NA,1,NA,NA,NA,NA,NA
4295,521.167854,521.166377651745,521.166449869791,18865960,NA,196795.4,92.31,-1,-0.138570021731975,0.99512294269624,0.999851941834352,0.997014542351484,11,1.2,0.48,"O12","de-protonated",0,NA,"C25 H30 O12",25,30,12,NA,NA,NA,NA,NA,NA,NA,NA
4297,521.19626,521.194783532468,521.194593170698,4246320.5,NA,164772.6,19.17,-1,0.365241258899939,0.987930987533037,0.864325047480591,0.938488611512059,10,1.34615384615385,0.346153846153846,"P1 O9","de-protonated",0,NA,"C26 H35 O9 P1",26,35,9,NA,1,NA,NA,NA,NA,NA,NA
4298,521.204219,521.202742499048,521.202835379176,11362099,NA,199354,54.77,-1,-0.178203420686612,0.992521799468098,0.970980036895224,0.983905094438948,10,1.30769230769231,0.423076923076923,"O11","de-protonated",0,NA,"C26 H34 O11",26,34,11,NA,NA,NA,NA,NA,NA,NA,NA
4299,521.217277,521.215800444217,521.215589597016,5539639,NA,191731.4,25.64,-1,0.404529727840128,0.976738079549576,0.995644183313132,0.984300521054999,18,1,0.0882352941176471,"S1 O3","de-protonated",0,NA,"C34 H34 O3 S1",34,34,3,NA,NA,1,NA,NA,NA,NA,NA
4300,521.23261,521.231133379833,521.230978680083,2704187.5,NA,161536,11.46,-1,0.296796922960381,0.984143531811664,0,0.590486119086999,9,1.44444444444444,0.296296296296296,"P1 O8","de-protonated",0,NA,"C27 H39 O8 P1",27,39,8,NA,1,NA,NA,NA,NA,NA,NA
4301,521.240533,521.239056346564,521.23922088856,3929918,NA,182384.5,17.59,-1,-0.315674624942612,0.491040520940072,0.772687513667176,0.603699318030914,9,1.40740740740741,0.37037037037037,"O10","de-protonated",0,NA,"C27 H38 O10",27,38,10,NA,NA,NA,NA,NA,NA,NA,NA
4302,521.253626,521.252149291587,521.2519751064,6362946,NA,214878.1,29.76,-1,0.334166956729807,0.981617885300422,0.97850429687426,0.980372449929957,17,1.08571428571429,0.0571428571428571,"S1 O2","de-protonated",0,NA,"C35 H38 O2 S1",35,38,2,NA,NA,1,NA,NA,NA,NA,NA
4303,521.290014,521.288537138793,521.288360615785,4825933.5,NA,198757.8,22.07,-1,0.338628331708731,0.489704198521576,0.718264051224716,0.581128139602832,16,1.16666666666667,0.0277777777777778,"S1 O1","de-protonated",0,NA,"C36 H42 O1 S1",36,42,1,NA,NA,1,NA,NA,NA,NA,NA
4304,521.326319,521.324841986347,521.324879066951,1874264.9,NA,217555.9,7.31,-1,-0.0711276308159965,0.999082446927035,0,0.599449468156221,2,1.96153846153846,0.307692307692308,"P1 O8","de-protonated",0,NA,"C26 H51 O8 P1",26,51,8,NA,1,NA,NA,NA,NA,NA,NA
4306,522.126682,522.125201625605,522.1253133326,2184273,NA,195583,8.86,-1,-0.213946714002652,0.991728908901886,0,0.595037345341132,12,1.08695652173913,0.565217391304348,"N1 O13","de-protonated",0,NA,"C23 H25 O13 N1",23,25,13,1,NA,NA,NA,NA,NA,NA,NA
4308,522.163255,522.161774472034,522.161698841984,3306588,NA,164119.7,14.47,-1,0.144840286369695,0.996200676654155,0,0.597720405992493,11,1.20833333333333,0.5,"N1 O12","de-protonated",0,NA,"C24 H29 O12 N1",24,29,12,1,NA,NA,NA,NA,NA,NA,NA
4312,522.212439,522.21095826551,522.210838569209,1935979.3,NA,251162.9,7.61,-1,0.229210678120657,0.990512427031777,0,0.594307456219066,18,1,0.0909090909090909,"N1 S1 O3","de-protonated",0,NA,"C33 H33 O3 S1 N1",33,33,3,1,NA,1,NA,NA,NA,NA,NA
4314,522.248754,522.247273113022,522.247224078593,1852534.5,NA,236444.7,7.2,-1,0.0938912191584375,0.998401706664485,0,0.599041023998691,17,1.08823529411765,0.0588235294117647,"N1 S1 O2","de-protonated",0,NA,"C34 H37 O2 S1 N1",34,37,2,1,NA,1,NA,NA,NA,NA,NA
4319,523.07431,523.072825646494,523.072943406117,6787443.5,NA,194690.4,31.88,-1,-0.225130402741976,0.495422833960106,0.806643077274283,0.619910931285777,13,0.909090909090909,0.681818181818182,"O15","de-protonated",0,NA,"C22 H20 O15",22,20,15,NA,NA,NA,NA,NA,NA,NA,NA
4320,523.102622,523.101137527612,523.100953765242,3252092.3,NA,166594,14.2,-1,0.351294273873743,0.488928342259504,0.72968508002065,0.585231037363962,25,0.588235294117647,0.117647058823529,"S1 O4","de-protonated",0,NA,"C34 H20 O4 S1",34,20,4,NA,NA,1,NA,NA,NA,NA,NA
4321,523.110719,523.109234493612,523.109328915501,14205311,NA,197136.9,68.99,-1,-0.180501252166019,0.994701829306892,0.96453604703013,0.982635516396187,12,1.04347826086957,0.608695652173913,"O14","de-protonated",0,NA,"C23 H24 O14",23,24,14,NA,NA,NA,NA,NA,NA,NA,NA
4322,523.124428,523.122943436048,523.123085455048,1846658.9,NA,179109.6,7.17,-1,-0.271482954496753,0.986715713889817,0,0.59202942833389,6,1.57142857142857,0.428571428571429,"S2 P1 O9","de-protonated",0,NA,"C21 H33 O9 S2 P1",21,33,9,NA,1,2,NA,NA,NA,NA,NA
4323,523.139051,523.137566374645,523.137339274626,6714759.5,NA,163494.8,31.52,-1,0.4341116607905,0.983117968605648,0.954497948007727,0.97166996036648,24,0.685714285714286,0.0857142857142857,"S1 O3","de-protonated",0,NA,"C35 H24 O3 S1",35,24,3,NA,NA,1,NA,NA,NA,NA,NA
4324,523.147119,523.145634340768,523.145714424885,19452298,NA,199345.1,95.24,-1,-0.153081857292445,0.990194472317094,0.978533934727768,0.985530257281364,11,1.16666666666667,0.541666666666667,"O13","de-protonated",0,NA,"C24 H28 O13",24,28,13,NA,NA,NA,NA,NA,NA,NA,NA
4325,523.156213,523.154728302582,523.154578832515,1875340.6,NA,245496.1,7.31,-1,0.285709182562159,0.985297543759572,0,0.591178526255743,2,2.0625,0.9375,"N2 P1 O15","de-protonated",0,NA,"C16 H33 O15 N2 P1",16,33,15,2,1,NA,NA,NA,NA,NA,NA
4326,523.160178,523.158693285932,523.158468642726,3005325.8,NA,168849,12.96,-1,0.429398013028388,0.967097471990547,0,0.580258483194328,19,0.875,0.15625,"S1 O5","de-protonated",0,NA,"C32 H28 O5 S1",32,28,5,NA,NA,1,NA,NA,NA,NA,NA
4327,523.175341,523.173856222263,523.17372478401,11178386,NA,186121.1,53.85,-1,0.251232518156008,0.982232800841087,0.975858484020779,0.979683074112964,23,0.777777777777778,0.0555555555555556,"S1 O2","de-protonated",0,NA,"C36 H28 O2 S1",36,28,2,NA,NA,1,NA,NA,NA,NA,NA
4328,523.18343,523.181945188297,523.182099934269,15110549,NA,197760.3,73.52,-1,-0.295778415447135,0.983556636570317,0.99979719331459,0.990052859268026,10,1.28,0.48,"O12","de-protonated",0,NA,"C25 H32 O12",25,32,12,NA,NA,NA,NA,NA,NA,NA,NA
4329,523.196573,523.195088133109,523.19485415211,3044761,NA,211646.5,13.16,-1,0.447215788557915,0.482180249248888,0.73553288925895,0.583521305252913,18,0.96969696969697,0.121212121212121,"S1 O4","de-protonated",0,NA,"C33 H32 O4 S1",33,32,4,NA,NA,1,NA,NA,NA,NA,NA
4330,523.211876,523.210391068851,523.210243235176,4550045.5,NA,174767.3,20.69,-1,0.282551186663559,0.991425439561638,0.857150957375906,0.937715646687345,9,1.42307692307692,0.346153846153846,"P1 O9","de-protonated",0,NA,"C26 H37 O9 P1",26,37,9,NA,1,NA,NA,NA,NA,NA,NA
4331,523.21973,523.218245035872,523.218485443654,8108448,NA,197565.7,38.49,-1,-0.459478760854923,0.980194148953626,0.990417857812779,0.984283632497287,9,1.38461538461538,0.423076923076923,"O11","de-protonated",0,NA,"C26 H36 O11",26,36,11,NA,NA,NA,NA,NA,NA,NA,NA
4332,523.232877,523.231391980668,523.231239661494,5719460,NA,186906.8,26.54,-1,0.291112537176452,0.492370240898046,0.72968508002065,0.587296176547088,17,1.05882352941176,0.0882352941176471,"S1 O3","de-protonated",0,NA,"C34 H36 O3 S1",34,36,3,NA,NA,1,NA,NA,NA,NA,NA
4333,523.248449,523.246963915281,523.246825449053,2938024.8,NA,126245.1,12.63,-1,0.264628892447305,0.987373817234428,0,0.592424290340657,0,2.35294117647059,0.823529411764706,"N4 O14","de-protonated",0,NA,"C17 H40 O14 N4",17,40,14,4,NA,NA,NA,NA,NA,NA,NA
4334,523.256342,523.254856882138,523.254870953038,2625963.3,NA,199808.2,11.06,-1,-0.026891102163915,0.999868797369687,0,0.599921278421812,8,1.48148148148148,0.37037037037037,"O10","de-protonated",0,NA,"C27 H40 O10",27,40,10,NA,NA,NA,NA,NA,NA,NA,NA
4335,523.269272,523.267786827844,523.267625170878,5291439,NA,200090.2,24.4,-1,0.308937450487148,0.989828812885234,0.985371837813186,0.988046022856415,16,1.14285714285714,0.0571428571428571,"S1 O2","de-protonated",0,NA,"C35 H40 O2 S1",35,40,2,NA,NA,1,NA,NA,NA,NA,NA
4344,524.191835,524.190345953982,524.190103124303,1983174.3,NA,220363,7.85,-1,0.463247355610428,0.961809814780631,0,0.577085888868378,18,0.96875,0.125,"N1 S1 O4","de-protonated",0,NA,"C32 H31 O4 S1 N1",32,31,4,1,NA,1,NA,NA,NA,NA,NA
4347,524.228251,524.22676180107,524.226621575469,3930833.3,NA,206644.8,17.59,-1,0.267490424665721,0.987101055711721,0,0.592260633427033,4,1.81818181818182,0.5,"N1 P1 O11","de-protonated",0,NA,"C22 H40 O11 N1 P1",22,40,11,1,1,NA,NA,NA,NA,NA,NA
4351,524.963873,524.962380712177,524.962168135083,21599150,NA,195891.6,105.97,-1,0.404937932054381,0.323561754681069,0.75231136827376,0.495061600118146,19,0.5,0.363636363636364,"N2 S2 P1 O8","de-protonated",0,NA,"C22 H11 O8 S2 N2 P1",22,11,8,2,1,2,NA,NA,NA,NA,NA
4352,525.053549,525.052056335626,525.05220796121,2549192.3,NA,189122.4,10.68,-1,-0.288781919414893,0.984981999449938,0,0.590989199669963,13,0.857142857142857,0.761904761904762,"O16","de-protonated",0,NA,"C21 H18 O16",21,18,16,NA,NA,NA,NA,NA,NA,NA,NA
4353,525.069068,525.067575270461,525.067464102495,2210765,NA,210249.5,8.98,-1,0.211721300044349,0.991899385963435,0,0.595139631578061,17,0.72,0.52,"O13","de-protonated",0,NA,"C25 H18 O13",25,18,13,NA,NA,NA,NA,NA,NA,NA,NA
4354,525.081808,525.080315216966,525.080218320336,2830032.8,NA,118727.2,12.08,-1,0.184536813101714,0.99384002721271,0,0.596304016327626,25,0.545454545454545,0.151515151515152,"S1 O5","de-protonated",0,NA,"C33 H18 O5 S1",33,18,5,NA,NA,1,NA,NA,NA,NA,NA
4355,525.089989,525.088496182613,525.088593470595,7599059,NA,183639.9,35.94,-1,-0.185279174493694,0.991441946488885,0.983265518048478,0.988171375112722,12,1,0.681818181818182,"O15","de-protonated",0,NA,"C22 H22 O15",22,22,15,NA,NA,NA,NA,NA,NA,NA,NA
4356,525.105352,525.103859118104,525.103849611879,2375127.8,NA,208407.2,9.81,-1,0.0181035132534958,0.99994053428519,0,0.599964320571114,16,0.846153846153846,0.461538461538462,"O12","de-protonated",0,NA,"C26 H22 O12",26,22,12,NA,NA,NA,NA,NA,NA,NA,NA
4357,525.114217,525.11272408088,525.112581077727,4795354.5,NA,238596.4,21.91,-1,0.272328558780381,0.493316693346642,0.759892473118277,0.599947005255296,20,0.758620689655172,0.206896551724138,"N2 S1 O6","de-protonated",0,NA,"C29 H22 O6 S1 N2",29,22,6,2,NA,1,NA,NA,NA,NA,NA
4358,525.118297,525.116804063748,525.11660382972,6931419.5,NA,177067.3,32.6,-1,0.381313457345525,0.981707258748228,0.985606887151593,0.983267110109574,24,0.647058823529412,0.117647058823529,"S1 O4","de-protonated",0,NA,"C34 H22 O4 S1",34,22,4,NA,NA,1,NA,NA,NA,NA,NA
4359,525.12638,525.124887029807,525.124978979979,14500830,NA,196315.7,70.46,-1,-0.175101500869802,0.996562858483232,0.965548833027493,0.984157248300936,11,1.1304347826087,0.608695652173913,"O14","de-protonated",0,NA,"C23 H26 O14",23,26,14,NA,NA,NA,NA,NA,NA,NA,NA
4360,525.135725,525.134231990567,525.134361894449,2257376.8,NA,212061.4,9.22,-1,-0.247372656914674,0.988957984130199,0,0.593374790478119,24,0.647058823529412,0.176470588235294,"O6","de-protonated",0,NA,"C34 H22 O6",34,22,6,NA,NA,NA,NA,NA,NA,NA,NA
4361,525.141741,525.140247965306,525.140235121264,2417634.5,NA,170942.8,10.02,-1,0.0244583084728126,0.999891461680129,0,0.599934877008077,15,0.962962962962963,0.407407407407407,"O11","de-protonated",0,NA,"C27 H26 O11",27,26,11,NA,NA,NA,NA,NA,NA,NA,NA
4362,525.154703,525.153209910878,525.152989339104,10867686,NA,186272.9,52.29,-1,0.420014316482757,0.974918791079918,0.999161136507185,0.984615729250825,23,0.742857142857143,0.0857142857142857,"S1 O3","de-protonated",0,NA,"C35 H26 O3 S1",35,26,3,NA,NA,1,NA,NA,NA,NA,NA
4363,525.162755,525.161261877067,525.161364489363,15557609,NA,197679.4,75.75,-1,-0.195391935918767,0.982348869426226,0.951889179315179,0.970164993381807,10,1.25,0.541666666666667,"O13","de-protonated",0,NA,"C24 H30 O13",24,30,13,NA,NA,NA,NA,NA,NA,NA,NA
4364,525.172311,525.170817836942,525.170747403834,3275755.8,NA,208052,14.31,-1,0.134114682669079,0.498370824086306,0.723929522638802,0.588594303507304,23,0.742857142857143,0.142857142857143,"O5","de-protonated",0,NA,"C35 H26 O5",35,26,5,NA,NA,NA,NA,NA,NA,NA,NA
4365,525.191008,525.189514758432,525.189374848488,29389810,NA,192959.5,144.94,-1,0.266399037533151,0.494419555515914,0.882057732761112,0.649474826413994,22,0.833333333333333,0.0555555555555556,"S1 O2","de-protonated",0,NA,"C36 H30 O2 S1",36,30,2,NA,NA,1,NA,NA,NA,NA,NA
4366,525.199089,525.1975957245,525.197749998747,9765876,NA,195951.5,46.78,-1,-0.293745065129631,0.975295165250297,0.998160412249664,0.984441264050044,9,1.36,0.48,"O12","de-protonated",0,NA,"C25 H34 O12",25,34,12,NA,NA,NA,NA,NA,NA,NA,NA
4367,525.223644,525.222150621393,525.222389054503,1998843,NA,214990,7.92,-1,-0.45396600468461,0.963296640490469,0,0.577977984294281,26,0.75,0.025,"O1","de-protonated",0,NA,"C40 H30 O1",40,30,1,NA,NA,NA,NA,NA,NA,NA,NA
4368,525.227581,525.226087604862,525.225893299654,5247996,NA,177994.5,24.18,-1,0.369945978989682,0.48773636598995,0.779247987650237,0.604341014654065,8,1.5,0.346153846153846,"P1 O9","de-protonated",0,NA,"C26 H39 O9 P1",26,39,9,NA,1,NA,NA,NA,NA,NA,NA
4369,525.235437,525.233943571874,525.234135508132,4136958.5,NA,196585.2,18.62,-1,-0.365429899930983,0.488030361529296,0.779247987650237,0.604517411977673,8,1.46153846153846,0.423076923076923,"O11","de-protonated",0,NA,"C26 H38 O11",26,38,11,NA,NA,NA,NA,NA,NA,NA,NA
4370,525.248533,525.247039516884,525.246889725972,4076546.3,NA,200706,18.32,-1,0.285181910412943,0.978999065065263,0.961725962372652,0.972089823988219,16,1.11764705882353,0.0882352941176471,"S1 O3","de-protonated",0,NA,"C34 H38 O3 S1",34,38,3,NA,NA,1,NA,NA,NA,NA,NA
4372,525.271946,525.270452418572,525.270521017516,2208777.3,NA,204081.2,8.97,-1,-0.130597361350095,0.996910054678613,0,0.598146032807168,7,1.55555555555556,0.37037037037037,"O10","de-protonated",0,NA,"C27 H42 O10",27,42,10,NA,NA,NA,NA,NA,NA,NA,NA
4373,525.285088,525.283594363388,525.283408177138,2395149.3,NA,218253.8,9.91,-1,0.354449136417633,0.977461710447951,0,0.586477026268771,2,1.95833333333333,0.416666666666667,"P1 O10","de-protonated",0,NA,"C24 H47 O10 P1",24,47,10,NA,1,NA,NA,NA,NA,NA,NA
4378,526.149931,526.148433731894,526.148238311297,24155404,NA,195730.2,118.76,-1,0.371417372975702,0.243819918687229,0.674845888472993,0.416230306601535,23,0.735294117647059,0.0882352941176471,"N1 S1 O3","de-protonated",0,NA,"C34 H25 O3 S1 N1",34,25,3,1,NA,1,NA,NA,NA,NA,NA
4383,526.207451,526.205953490366,526.205753188781,3068189.8,NA,214847.2,13.27,-1,0.380652594101226,0.487025672580115,0.741475186234395,0.588805478041827,17,1.03125,0.125,"N1 S1 O4","de-protonated",0,NA,"C32 H33 O4 S1 N1",32,33,4,1,NA,1,NA,NA,NA,NA,NA
4384,526.243704,526.242206338139,526.242138698165,2217256.3,NA,203883.4,9.02,-1,0.128533936251815,0.997006779837294,0,0.598204067902377,16,1.12121212121212,0.0909090909090909,"N1 S1 O3","de-protonated",0,NA,"C33 H37 O3 S1 N1",33,37,3,1,NA,1,NA,NA,NA,NA,NA
4388,526.960731,526.959230327327,526.959190754906,2803193.8,NA,212561.9,11.95,-1,0.0750957976267397,0.998977265471102,0,0.599386359282661,19,0.428571428571429,0.523809523809524,"N2 S1 P1 O11","de-protonated",0,NA,"C21 H9 O11 S1 N2 P1",21,9,11,2,1,1,NA,NA,NA,NA,NA
4389,527.048074,527.046572960571,527.046728657589,1849363,NA,208681.5,7.17,-1,-0.295414066958238,0.984289782513848,0,0.590573869508309,17,0.666666666666667,0.583333333333333,"O14","de-protonated",0,NA,"C24 H16 O14",24,16,14,NA,NA,NA,NA,NA,NA,NA,NA
4390,527.069184,527.06768287193,527.067858025688,2988569.3,NA,195783.8,12.87,-1,-0.33231728272615,0.980161186226728,0,0.588096711736037,12,0.952380952380952,0.761904761904762,"O16","de-protonated",0,NA,"C21 H20 O16",21,20,16,NA,NA,NA,NA,NA,NA,NA,NA
4391,527.084567,527.083065807336,527.083114166973,3093021.8,NA,197551.8,13.4,-1,-0.0917495467440463,0.998473734639057,0,0.599084240783434,16,0.8,0.52,"O13","de-protonated",0,NA,"C25 H20 O13",25,20,13,NA,NA,NA,NA,NA,NA,NA,NA
4392,527.0975,527.09599875303,527.095868384814,4606497.5,NA,167467.6,20.97,-1,0.247333027266436,0.494480751080185,0.73553288925895,0.590901606351691,24,0.606060606060606,0.151515151515152,"S1 O5","de-protonated",0,NA,"C33 H20 O5 S1",33,20,5,NA,NA,1,NA,NA,NA,NA,NA
4393,527.105639,527.104137718855,527.104243535073,7613987.5,NA,201200.9,36.01,-1,-0.200750078038901,0.496357090697266,0.806643077274283,0.620471485328073,11,1.09090909090909,0.681818181818182,"O15","de-protonated",0,NA,"C22 H24 O15",22,24,15,NA,NA,NA,NA,NA,NA,NA,NA
4394,527.112416,527.110914690398,527.111124526098,6567461.5,NA,175510.8,30.78,-1,-0.398086268440685,0.969073429602518,0.93062958985623,0.953695893704003,28,0.540540540540541,0.0540540540540541,"S1 O2","de-protonated",0,NA,"C37 H20 O2 S1",37,20,2,NA,NA,1,NA,NA,NA,NA,NA
4395,527.120887,527.119385654828,527.119499676357,4230696,NA,199742.2,19.09,-1,-0.216310589310063,0.495772952669903,0.779247987650237,0.609162966662037,15,0.923076923076923,0.461538461538462,"O12","de-protonated",0,NA,"C26 H24 O12",26,24,12,NA,NA,NA,NA,NA,NA,NA,NA
4396,527.134058,527.132556599523,527.132386835979,12068396,NA,191551,58.29,-1,0.32205105842917,0.98871770317243,0.971570348665934,0.981858761369832,10,1.26086956521739,0.521739130434783,"P1 O12","de-protonated",0,NA,"C23 H29 O12 P1",23,29,12,NA,1,NA,NA,NA,NA,NA,NA
4397,527.142035,527.140533566027,527.140629044457,11064878,NA,196172.7,53.27,-1,-0.181125158546555,0.497032508890791,0.799615297578637,0.61806562436593,10,1.21739130434783,0.608695652173913,"O14","de-protonated",0,NA,"C23 H28 O14",23,28,14,NA,NA,NA,NA,NA,NA,NA,NA
4398,527.150855,527.149353528992,527.149360510305,2397744.8,NA,312803.6,9.92,-1,-0.0132435199061581,0.999968176072602,0,0.599980905643561,14,1.07692307692308,0.307692307692308,"N2 S1 O8","de-protonated",0,NA,"C26 H28 O8 S1 N2",26,28,8,2,NA,1,NA,NA,NA,NA,NA
4399,527.153639,527.152137517302,527.15235169112,5246513.5,NA,247908.2,24.17,-1,-0.406284477926169,0.485246444148322,0.785920818505338,0.605516193891128,14,1.16,0.2,"N4 S1 P1 O5","de-protonated",0,NA,"C25 H29 O5 S1 N4 P1",25,29,5,4,1,1,NA,NA,NA,NA,NA
4400,527.157265,527.155763502076,527.155885185742,3452466.8,NA,198348.6,15.19,-1,-0.23083051782578,0.990378504651509,0,0.594227102790905,14,1.03703703703704,0.407407407407407,"O11","de-protonated",0,NA,"C27 H28 O11",27,28,11,NA,NA,NA,NA,NA,NA,NA,NA
4401,527.170291,527.168789447379,527.168639403582,13051447,NA,196497.5,63.21,-1,0.284622009036612,0.990729698826324,0.948623725886414,0.97388730965036,22,0.8,0.0857142857142857,"S1 O3","de-protonated",0,NA,"C35 H28 O3 S1",35,28,3,NA,NA,1,NA,NA,NA,NA,NA
4402,527.178319,527.17681741367,527.177014553841,9072185,NA,195260.4,43.31,-1,-0.373954413917352,0.966096071586488,0.980687105272584,0.971932485060927,9,1.33333333333333,0.541666666666667,"O13","de-protonated",0,NA,"C24 H32 O13",24,32,13,NA,NA,NA,NA,NA,NA,NA,NA
4403,527.188049,527.186547372813,527.186397468311,9604668,NA,194849.5,45.97,-1,0.284348197097459,0.988665842499794,0.955421839716749,0.975368241386576,22,0.8,0.142857142857143,"O5","de-protonated",0,NA,"C35 H28 O5",35,28,5,NA,NA,NA,NA,NA,NA,NA,NA
4404,527.193675,527.192173349189,527.192270695126,2815549.3,NA,220233.2,12.01,-1,-0.18464977968937,0.993832506402999,0,0.596299503841799,13,1.14285714285714,0.357142857142857,"O10","de-protonated",0,NA,"C28 H32 O10",28,32,10,NA,NA,NA,NA,NA,NA,NA,NA
4405,527.206609,527.205107294879,527.205024912966,9317953,NA,192071.1,44.53,-1,0.156261622839,0.994781055584707,0.974130984675373,0.986521027220973,21,0.888888888888889,0.0555555555555556,"S1 O2","de-protonated",0,NA,"C36 H32 O2 S1",36,32,2,NA,NA,1,NA,NA,NA,NA,NA
4406,527.214718,527.213216260829,527.213400063225,5277251.5,NA,200936.7,24.32,-1,-0.348629978108786,0.48909380720294,0.785920818505338,0.607824611723899,8,1.44,0.48,"O12","de-protonated",0,NA,"C25 H36 O12",25,36,12,NA,NA,NA,NA,NA,NA,NA,NA
4407,527.229396,527.227894199196,527.228004755888,2387783.5,NA,136583.5,9.87,-1,-0.209694270135276,0.992053139757654,0,0.595231883854592,3,1.9047619047619,0.523809523809524,"N2 S1 O11","de-protonated",0,NA,"C21 H40 O11 S1 N2",21,40,11,2,NA,1,NA,NA,NA,NA,NA
4408,527.243237,527.241735141077,527.241543364132,3083851.5,NA,162637.2,13.35,-1,0.363736408023107,0.976279443331533,0,0.58576766599892,7,1.57692307692308,0.346153846153846,"P1 O9","de-protonated",0,NA,"C26 H41 O9 P1",26,41,9,NA,1,NA,NA,NA,NA,NA,NA
4409,527.251292,527.249790107254,527.24978557261,2585166,NA,238040.1,10.85,-1,0.00860056230544317,0.999986578390265,0,0.599991947034159,7,1.53846153846154,0.423076923076923,"O11","de-protonated",0,NA,"C26 H40 O11",26,40,11,NA,NA,NA,NA,NA,NA,NA,NA
4410,527.264066,527.262564053616,527.26253979045,2436689.8,NA,198501.8,10.11,-1,0.046017238165612,0.999615840572472,0,0.599769504343483,15,1.17647058823529,0.0882352941176471,"S1 O3","de-protonated",0,NA,"C34 H40 O3 S1",34,40,3,NA,NA,1,NA,NA,NA,NA,NA
4411,527.287585,527.286082954859,527.286171081994,2488408.5,NA,219046,10.37,-1,-0.167133407748471,0.994944312559582,0,0.596966587535749,6,1.62962962962963,0.37037037037037,"O10","de-protonated",0,NA,"C27 H44 O10",27,44,10,NA,NA,NA,NA,NA,NA,NA,NA
4412,527.323986,527.322483802011,527.322556591378,2026083,NA,246519.4,8.06,-1,-0.138035755827485,0.996548669918825,0,0.597929201951295,5,1.71428571428571,0.321428571428571,"O9","de-protonated",0,NA,"C28 H48 O9",28,48,9,NA,NA,NA,NA,NA,NA,NA,NA
4416,528.147161,528.145655345481,528.145611804205,7292752,NA,223090.9,34.4,-1,0.0824418016533335,0.499383758399252,0.859523230357577,0.643439547182582,0,2.4,0.733333333333333,"N3 S2 P1 O11","de-protonated",0,NA,"C15 H36 O11 S2 N3 P1",15,36,11,3,1,2,NA,NA,NA,NA,NA
4421,528.217855,528.216349048635,528.216532348151,1976676.1,NA,198044.4,7.81,-1,-0.34701586426756,0.978386930599909,0,0.587032158359946,11,1.37931034482759,0.0689655172413793,"N1 S2 P1 O2","de-protonated",0,NA,"C29 H40 O2 S2 N1 P1",29,40,2,1,1,2,NA,NA,NA,NA,NA
4424,529.063784,529.06227449656,529.062378722067,3477588.5,NA,190954.2,15.32,-1,-0.197000411746102,0.992982864377634,0,0.59578971862658,16,0.75,0.583333333333333,"O14","de-protonated",0,NA,"C24 H18 O14",24,18,14,NA,NA,NA,NA,NA,NA,NA,NA
4425,529.076632,529.075122442611,529.075132939907,2497112.3,NA,187726.6,10.41,-1,-0.019840841539615,0.999928573643849,0,0.599957144186309,24,0.5625,0.1875,"S1 O6","de-protonated",0,NA,"C32 H18 O6 S1",32,18,6,NA,NA,1,NA,NA,NA,NA,NA
4426,529.084735,529.083225408587,529.08299502583,2890842.5,NA,216949.7,12.38,-1,0.435437841247865,0.483090650479447,0.72968508002065,0.581728422295928,29,0.411764705882353,0.147058823529412,"N2 O5","de-protonated",0,NA,"C34 H14 O5 N2",34,14,5,2,NA,NA,NA,NA,NA,NA,NA
4427,529.100274,529.098764343338,529.098764231451,4922463,NA,178505.3,22.54,-1,0.000211467036535854,0.499999995942961,0.785920818505338,0.614368324967912,15,0.88,0.52,"O13","de-protonated",0,NA,"C25 H22 O13",25,22,13,NA,NA,NA,NA,NA,NA,NA,NA
4428,529.113279,529.11176928873,529.111518449292,8558691,NA,188464.5,40.73,-1,0.474076691677345,0.480019985895089,0.73553288925895,0.582225147240633,23,0.666666666666667,0.151515151515152,"S1 O5","de-protonated",0,NA,"C33 H22 O5 S1",33,22,5,NA,NA,1,NA,NA,NA,NA,NA
4429,529.121305,529.119795255028,529.119893599551,4648037,NA,205669.6,21.17,-1,-0.185864344420328,0.496875679490346,0.806643077274283,0.620782638603921,10,1.18181818181818,0.681818181818182,"O15","de-protonated",0,NA,"C22 H26 O15",22,26,15,NA,NA,NA,NA,NA,NA,NA,NA
4430,529.130953,529.129443214516,529.129276514021,5172327.5,NA,185479.3,23.79,-1,0.315046818691669,0.98341421176575,0.996805064609625,0.9887705529033,23,0.666666666666667,0.212121212121212,"O7","de-protonated",0,NA,"C33 H22 O7",33,22,7,NA,NA,NA,NA,NA,NA,NA,NA
4431,529.1367,529.135190190384,529.135149740835,4599913,NA,200584.9,20.93,-1,0.0764446456689561,0.499470107533099,0.779247987650237,0.611381259579954,14,1,0.461538461538462,"O12","de-protonated",0,NA,"C26 H26 O12",26,26,12,NA,NA,NA,NA,NA,NA,NA,NA
4432,529.149724,529.148214135696,529.148036900457,15198317,NA,190580.7,73.95,-1,0.334944527115067,0.980226123059686,0.966963540696828,0.974921090114543,9,1.34782608695652,0.521739130434783,"P1 O12","de-protonated",0,NA,"C23 H31 O12 P1",23,31,12,NA,1,NA,NA,NA,NA,NA,NA
4433,529.157701,529.156191102201,529.156279108935,6107247,NA,181061.5,28.47,-1,-0.166315203288409,0.497496783994353,0.799615297578637,0.618344189428067,9,1.30434782608696,0.608695652173913,"O14","de-protonated",0,NA,"C23 H30 O14",23,30,14,NA,NA,NA,NA,NA,NA,NA,NA
4434,529.167253,529.165743062092,529.165662023405,3523697.8,NA,194114.4,15.55,-1,0.153144265055516,0.497876747929904,0.72968508002065,0.590600080766203,22,0.764705882352941,0.176470588235294,"O6","de-protonated",0,NA,"C34 H26 O6",34,26,6,NA,NA,NA,NA,NA,NA,NA,NA
4435,529.173046,529.171536037767,529.17153525022,4880499.5,NA,205569.5,22.33,-1,0.00148826417314672,0.995430137528492,0.939416583662472,0.973024715982084,13,1.11111111111111,0.407407407407407,"O11","de-protonated",0,NA,"C27 H30 O11",27,30,11,NA,NA,NA,NA,NA,NA,NA,NA
4436,529.18602,529.184509983289,529.18428946806,12200055,NA,195003.3,58.95,-1,0.416707814126213,0.975415126153585,0.938530490903976,0.960661272053742,21,0.857142857142857,0.0857142857142857,"S1 O3","de-protonated",0,NA,"C35 H30 O3 S1",35,30,3,NA,NA,1,NA,NA,NA,NA,NA
4437,529.194055,529.19254494955,529.192664618319,4120697.5,NA,214534.8,18.53,-1,-0.226134596286112,0.495382099584102,0.792708917554682,0.614312826772334,8,1.41666666666667,0.541666666666667,"O13","de-protonated",0,NA,"C24 H34 O13",24,34,13,NA,NA,NA,NA,NA,NA,NA,NA
4439,529.209219,529.207708885876,529.207920759604,4205693.5,NA,211584.1,18.96,-1,-0.400360085501883,0.485667394159605,0.766236582456902,0.597895069478524,12,1.21428571428571,0.357142857142857,"O10","de-protonated",0,NA,"C28 H34 O10",28,34,10,NA,NA,NA,NA,NA,NA,NA,NA
4440,529.222354,529.220843830721,529.220674977444,6162561.5,NA,187841.6,28.75,-1,0.319060242571522,0.979713822976327,0.974547513397662,0.977647299144861,20,0.944444444444444,0.0555555555555556,"S1 O2","de-protonated",0,NA,"C36 H34 O2 S1",36,34,2,NA,NA,1,NA,NA,NA,NA,NA
4441,529.230352,529.228841797138,529.229050127703,2123907.5,NA,215185,8.54,-1,-0.393649150085636,0.972274384736599,0,0.58336463084196,7,1.52,0.48,"O12","de-protonated",0,NA,"C25 H38 O12",25,38,12,NA,NA,NA,NA,NA,NA,NA,NA
4442,529.258839,529.25732867752,529.25719342861,2500747.5,NA,175427.7,10.43,-1,0.255544773682202,0.988220757530816,0,0.59293245451849,6,1.65384615384615,0.346153846153846,"P1 O9","de-protonated",0,NA,"C26 H43 O9 P1",26,43,9,NA,1,NA,NA,NA,NA,NA,NA
4443,529.266826,529.265315643983,529.265435637088,3371150,NA,192505.8,14.78,-1,-0.226716307318118,0.990716843028519,0,0.594430105817111,6,1.61538461538462,0.423076923076923,"O11","de-protonated",0,NA,"C26 H42 O11",26,42,11,NA,NA,NA,NA,NA,NA,NA,NA
4444,529.303302,529.301791490819,529.301821146472,3397784.3,NA,181872.7,14.92,-1,-0.0560278687266807,0.99943057260884,0,0.599658343565304,5,1.7037037037037,0.37037037037037,"O10","de-protonated",0,NA,"C27 H46 O10",27,46,10,NA,NA,NA,NA,NA,NA,NA,NA
4451,531.043068,531.041550185503,531.041643277161,2316924.3,NA,166428.5,9.51,-1,-0.175300108160797,0.994439575365958,0,0.596663745219575,16,0.695652173913043,0.652173913043478,"O15","de-protonated",0,NA,"C23 H16 O15",23,16,15,NA,NA,NA,NA,NA,NA,NA,NA
4452,531.079572,531.078054032222,531.078028786545,4700806,NA,191906.2,21.43,-1,0.0475366626203578,0.499795029115103,0.792708917554682,0.616960584490934,15,0.833333333333333,0.583333333333333,"O14","de-protonated",0,NA,"C24 H20 O14",24,20,14,NA,NA,NA,NA,NA,NA,NA,NA
4453,531.092476,531.090957978038,531.090783004385,4014729.8,NA,211715.1,18,-1,0.329460909947821,0.490248714573104,0.741475186234395,0.59073930323762,23,0.625,0.1875,"S1 O6","de-protonated",0,NA,"C32 H20 O6 S1",32,20,6,NA,NA,1,NA,NA,NA,NA,NA
4454,531.100277,531.098758945281,531.098645090308,2237580,NA,191462.1,9.11,-1,0.214376321208721,0.991695797120963,0,0.595017478272578,28,0.470588235294118,0.147058823529412,"N2 O5","de-protonated",0,NA,"C34 H16 O5 N2",34,16,5,2,NA,NA,NA,NA,NA,NA,NA
4455,531.10968,531.108161905798,531.108378877862,2636430.5,NA,143697.3,11.11,-1,-0.408526909344115,0.970171188745603,0,0.582102713247362,18,0.925925925925926,0.0740740740740741,"N4 S2 P1 O2","de-protonated",0,NA,"C27 H25 O2 S2 N4 P1",27,25,2,4,1,2,NA,NA,NA,NA,NA
4456,531.115876,531.114357879781,531.114414295929,7008912,NA,179449.5,32.98,-1,-0.106222213073465,0.498977390011022,0.785920818505338,0.613754761408749,14,0.96,0.52,"O13","de-protonated",0,NA,"C25 H24 O13",25,24,13,NA,NA,NA,NA,NA,NA,NA,NA
4457,531.128929,531.127410824971,531.12716851377,9243284,NA,203495.7,44.16,-1,0.456220686248927,0.961178681745832,0.992266129984986,0.973613661041494,22,0.727272727272727,0.151515151515152,"S1 O5","de-protonated",0,NA,"C33 H24 O5 S1",33,24,5,NA,NA,1,NA,NA,NA,NA,NA
4458,531.137257,531.135738790001,531.135543664029,2977430,NA,209677,12.81,-1,0.367375098787278,0.975808301217037,0,0.585484980730222,9,1.27272727272727,0.681818181818182,"O15","de-protonated",0,NA,"C22 H28 O15",22,28,15,NA,NA,NA,NA,NA,NA,NA,NA
4459,531.14658,531.145061750854,531.144926578499,4792984.5,NA,169763.5,21.89,-1,0.254492414718695,0.494158503095888,0.73553288925895,0.590708257561113,22,0.727272727272727,0.212121212121212,"O7","de-protonated",0,NA,"C33 H24 O7",33,24,7,NA,NA,NA,NA,NA,NA,NA,NA
4460,531.15226,531.150741727003,531.150799805313,9284250,NA,193514.9,44.36,-1,-0.109344295625948,0.998916215338757,0.99293368882421,0.996523204732939,13,1.07692307692308,0.461538461538462,"O12","de-protonated",0,NA,"C26 H28 O12",26,28,12,NA,NA,NA,NA,NA,NA,NA,NA
4461,531.165368,531.163849671963,531.163686964935,12737182,NA,193989.9,61.63,-1,0.306321819662473,0.986916922538305,0.955131071978469,0.97420258231437,8,1.43478260869565,0.521739130434783,"P1 O12","de-protonated",0,NA,"C23 H33 O12 P1",23,33,12,NA,1,NA,NA,NA,NA,NA,NA
4462,531.183012,531.181493597875,531.181312087883,3990178.8,NA,192341.5,17.88,-1,0.341710048210639,0.489517937189269,0.72968508002065,0.585584794321822,21,0.823529411764706,0.176470588235294,"O6","de-protonated",0,NA,"C34 H28 O6",34,28,6,NA,NA,NA,NA,NA,NA,NA,NA
4463,531.188679,531.187160574079,531.187185314698,8028836,NA,201806.2,38.08,-1,-0.0465760831813512,0.978737356495184,0.964295962082198,0.97296079872999,12,1.18518518518519,0.407407407407407,"O11","de-protonated",0,NA,"C27 H32 O11",27,32,11,NA,NA,NA,NA,NA,NA,NA,NA
4464,531.20177,531.20025151911,531.20007247432,7903912,NA,194857.7,37.46,-1,0.337057164321873,0.974259546353691,0.910996925569448,0.948954498039994,7,1.54166666666667,0.458333333333333,"P1 O11","de-protonated",0,NA,"C24 H37 O11 P1",24,37,11,NA,1,NA,NA,NA,NA,NA,NA
4465,531.218982,531.217463446836,531.217697597267,2240428.5,NA,133296.9,9.12,-1,-0.440780554292901,0.965360945195668,0,0.579216567117401,20,0.914285714285714,0.142857142857143,"O5","de-protonated",0,NA,"C35 H32 O5",35,32,5,NA,NA,NA,NA,NA,NA,NA,NA
4466,531.225,531.223481421567,531.223570824082,4135598,NA,204323.2,18.6,-1,-0.168295460375008,0.49743697323009,0.766236582456902,0.604956816920815,11,1.28571428571429,0.357142857142857,"O10","de-protonated",0,NA,"C28 H36 O10",28,36,10,NA,NA,NA,NA,NA,NA,NA,NA
4467,531.238092,531.236573366593,531.236325041922,3331761.8,NA,198257.2,14.58,-1,0.46744670659622,0.480563990771439,0.718264051224716,0.57564401495275,19,1,0.0555555555555556,"S1 O2","de-protonated",0,NA,"C36 H36 O2 S1",36,36,2,NA,NA,1,NA,NA,NA,NA,NA
4468,531.246508,531.244989331254,531.245189449552,2247860,NA,187933.1,9.16,-1,-0.376696677729934,0.974581004999319,0,0.584748602999592,10,1.46428571428571,0.142857142857143,"N2 S1 P1 O4","de-protonated",0,NA,"C28 H41 O4 S1 N2 P1",28,41,4,2,1,1,NA,NA,NA,NA,NA
4469,531.274248,531.272729214773,531.272710551307,3152571.5,NA,192340.5,13.69,-1,0.0351297289779645,0.499888049817152,0.712686567164179,0.585007456755963,18,1.08108108108108,0.027027027027027,"S1 O1","de-protonated",0,NA,"C37 H40 O1 S1",37,40,1,NA,NA,1,NA,NA,NA,NA,NA
4471,531.319035,531.317516026711,531.31747121095,1832135.9,NA,232035.2,7.08,-1,0.0843483678339111,0.998709889528883,0,0.59922593371733,4,1.77777777777778,0.37037037037037,"O10","de-protonated",0,NA,"C27 H48 O10",27,48,10,NA,NA,NA,NA,NA,NA,NA,NA
4472,532.119744,532.118221664517,532.11839473397,1953953.8,NA,141566.2,7.69,-1,-0.325246138740101,0.980988484034043,0,0.588593090420426,18,0.851851851851852,0.259259259259259,"N3 S1 O7","de-protonated",0,NA,"C27 H23 O7 S1 N3",27,23,7,3,NA,1,NA,NA,NA,NA,NA
4478,532.241521,532.239998153172,532.239949164374,2741186.5,NA,219690.8,11.63,-1,0.0920426924886396,0.998463973531154,0,0.599078384118692,6,1.625,0.5,"N1 O12","de-protonated",0,NA,"C24 H39 O12 N1",24,39,12,1,NA,NA,NA,NA,NA,NA,NA
4479,532.278045,532.276521999807,532.276334673759,2131916.5,NA,225476.5,8.58,-1,0.351933829104809,0.977776887697997,0,0.586666132618798,5,1.72,0.44,"N1 O11","de-protonated",0,NA,"C25 H43 O11 N1",25,43,11,1,NA,NA,NA,NA,NA,NA,NA
4480,533.058798,533.057271721408,533.057293341639,3225757.8,NA,199730.8,14.05,-1,-0.0405589241225239,0.999701556677275,0,0.599820934006365,15,0.782608695652174,0.652173913043478,"O15","de-protonated",0,NA,"C23 H18 O15",23,18,15,NA,NA,NA,NA,NA,NA,NA,NA
4481,533.072369,533.070842664423,533.071049881186,1936801.5,NA,157999.3,7.6,-1,-0.388722596746606,0.972954607085201,0,0.583772764251121,9,1.28571428571429,0.476190476190476,"S2 P1 O10","de-protonated",0,NA,"C21 H27 O10 S2 P1",21,27,10,NA,1,2,NA,NA,NA,NA,NA
4482,533.095156,533.09362956874,533.093678851023,7109799.5,NA,186425.9,33.48,-1,-0.09244582079636,0.986951630411379,0.999474913408176,0.991960943610098,14,0.916666666666667,0.583333333333333,"O14","de-protonated",0,NA,"C24 H22 O14",24,22,14,NA,NA,NA,NA,NA,NA,NA,NA
4483,533.108263,533.106736513704,533.106566010645,4490411,NA,202669,20.38,-1,0.319829223078982,0.981610666765455,0,0.588966400059273,9,1.28571428571429,0.666666666666667,"P1 O14","de-protonated",0,NA,"C21 H27 O14 P1",21,27,14,NA,1,NA,NA,NA,NA,NA,NA
4485,533.131465,533.129938416278,533.130064360407,10550449,NA,187839.8,50.69,-1,-0.236235278432612,0.994168355406504,0.989238864426895,0.992196559014661,13,1.04,0.52,"O13","de-protonated",0,NA,"C25 H26 O13",25,26,13,NA,NA,NA,NA,NA,NA,NA,NA
4486,533.144522,533.142995361451,533.142818578248,7779508.5,NA,209789.6,36.83,-1,0.33158695493121,0.490123711619683,0.73553288925895,0.58828738267539,21,0.787878787878788,0.151515151515152,"S1 O5","de-protonated",0,NA,"C33 H26 O5 S1",33,26,5,NA,NA,1,NA,NA,NA,NA,NA
4487,533.161992,533.160465288094,533.160576642977,4301497.5,NA,129251.6,19.43,-1,-0.208858057749059,0.496058071936104,0.73553288925895,0.591847998865243,21,0.787878787878788,0.212121212121212,"O7","de-protonated",0,NA,"C33 H26 O7",33,26,7,NA,NA,NA,NA,NA,NA,NA,NA
4488,533.16782,533.166293263622,533.166449869791,11979963,NA,195945.1,57.84,-1,-0.293728476342692,0.991758716247066,0.986875436570342,0.989805404376377,12,1.15384615384615,0.461538461538462,"O12","de-protonated",0,NA,"C26 H30 O12",26,30,12,NA,NA,NA,NA,NA,NA,NA,NA
4489,533.180952,533.179425208481,533.179204087632,7324862.5,NA,194207.7,34.56,-1,0.414721443416646,0.48463694113482,0.72968508002065,0.582656196689152,20,0.882352941176471,0.117647058823529,"S1 O4","de-protonated",0,NA,"C34 H30 O4 S1",34,30,4,NA,NA,1,NA,NA,NA,NA,NA
4490,533.19826,533.196733135804,533.196962152361,2325187,NA,168393.9,9.55,-1,-0.429515870063219,0.967079708626323,0,0.580247825175794,20,0.882352941176471,0.176470588235294,"O6","de-protonated",0,NA,"C34 H30 O6",34,30,6,NA,NA,NA,NA,NA,NA,NA,NA
4491,533.204271,533.202744110564,533.202835379176,8813765,NA,194454.7,42,-1,-0.171170530098416,0.993139144191627,0.986832219733633,0.99061637440843,11,1.25925925925926,0.407407407407407,"O11","de-protonated",0,NA,"C27 H34 O11",27,34,11,NA,NA,NA,NA,NA,NA,NA,NA
4492,533.217325,533.21579805575,533.215589597016,5739720,NA,195173.6,26.63,-1,0.390946434543122,0.983129384422001,0.953095998269285,0.971116029960915,19,0.971428571428571,0.0857142857142857,"S1 O3","de-protonated",0,NA,"C35 H34 O3 S1",35,34,3,NA,NA,1,NA,NA,NA,NA,NA
4493,533.240822,533.239294957085,533.23922088856,3711182.3,NA,204224.6,16.48,-1,0.138902995970531,0.498252621151767,0.766236582456902,0.605446205673821,10,1.35714285714286,0.357142857142857,"O10","de-protonated",0,NA,"C28 H38 O10",28,38,10,NA,NA,NA,NA,NA,NA,NA,NA
4494,533.253756,533.252228902775,533.2519751064,4835538,NA,194954.8,22.1,-1,0.475940805843881,0.975770002465168,0.936355056114145,0.960004023924759,18,1.05555555555556,0.0555555555555556,"S1 O2","de-protonated",0,NA,"C36 H38 O2 S1",36,38,2,NA,NA,1,NA,NA,NA,NA,NA
4495,533.277236,533.275708804182,533.275606397944,1886936,NA,218959.9,7.35,-1,0.19203248135537,0.993331148406349,0,0.595998689043809,9,1.44827586206897,0.310344827586207,"O9","de-protonated",0,NA,"C29 H42 O9",29,42,9,NA,NA,NA,NA,NA,NA,NA,NA
4496,533.290252,533.288724749528,533.288493557566,4284635.5,NA,200689.2,19.35,-1,0.433521375867277,0.483236648998599,0.779247987650237,0.601641184459254,4,1.80769230769231,0.346153846153846,"P1 O9","de-protonated",0,NA,"C26 H47 O9 P1",26,47,9,NA,1,NA,NA,NA,NA,NA,NA
4497,533.326483,533.324955597393,533.324879066951,2026213,NA,185991.9,8.05,-1,0.143496854094937,0.996270698295704,0,0.597762418977423,3,1.88888888888889,0.296296296296296,"P1 O8","de-protonated",0,NA,"C27 H51 O8 P1",27,51,8,NA,1,NA,NA,NA,NA,NA,NA
4499,534.126789,534.12525823689,534.1253133326,3255736.3,NA,184488.5,14.2,-1,-0.103151279980553,0.998071214628085,0,0.598842728776851,13,1.04166666666667,0.541666666666667,"N1 O13","de-protonated",0,NA,"C24 H25 O13 N1",24,25,13,1,NA,NA,NA,NA,NA,NA,NA
4501,534.148117,534.146586147334,534.1464427007,1883581.8,NA,210735.8,7.34,-1,0.268553008105352,0.986999042592934,0,0.592199425555761,8,1.38095238095238,0.714285714285714,"N1 O15","de-protonated",0,NA,"C21 H29 O15 N1",21,29,15,1,NA,NA,NA,NA,NA,NA,NA
4507,535.074321,535.072786258183,535.072943406117,5543598.5,NA,192618.8,25.64,-1,-0.293694412800468,0.492235365115779,0.799615297578637,0.615187338100922,14,0.869565217391304,0.652173913043478,"O15","de-protonated",0,NA,"C23 H20 O15",23,20,15,NA,NA,NA,NA,NA,NA,NA,NA
4508,535.105166,535.103631128664,535.103455688686,2012086.6,NA,120535.6,7.98,-1,0.32786179108379,0.98068445475701,0,0.588410672854206,22,0.645161290322581,0.290322580645161,"O9","de-protonated",0,NA,"C31 H20 O9",31,20,9,NA,NA,NA,NA,NA,NA,NA,NA
4509,535.110812,535.109277104956,535.109328915501,9311928,NA,197998.6,44.49,-1,-0.0968223539503216,0.997191115520583,0.968548110638402,0.985733913567711,13,1,0.583333333333333,"O14","de-protonated",0,NA,"C24 H24 O14",24,24,14,NA,NA,NA,NA,NA,NA,NA,NA
4510,535.123945,535.12241004981,535.122216075123,3016379.5,NA,203931.5,13,-1,0.362486702595234,0.976440226822565,0,0.585864136093539,8,1.38095238095238,0.666666666666667,"P1 O14","de-protonated",0,NA,"C21 H29 O14 P1",21,29,14,NA,1,NA,NA,NA,NA,NA,NA
4511,535.139718,535.138182983579,535.138341596333,2936255.5,NA,99073.7,12.6,-1,-0.296395794918167,0.984186023156922,0,0.590511613894153,11,1.26923076923077,0.230769230769231,"S2 P1 O6","de-protonated",0,NA,"C26 H33 O6 S2 P1",26,33,6,NA,1,2,NA,NA,NA,NA,NA
4512,535.147196,535.145660952179,535.145714424885,14257858,NA,195337.1,69.23,-1,-0.0999217687546946,0.999045517246066,0.993389453227784,0.996783091638753,12,1.12,0.52,"O13","de-protonated",0,NA,"C25 H28 O13",25,28,13,NA,NA,NA,NA,NA,NA,NA,NA
4515,535.183606,535.182070799292,535.182099934269,13086411,NA,193062.4,63.37,-1,-0.0544393712268571,0.999255948857138,0.990360524988969,0.99569777930987,11,1.23076923076923,0.461538461538462,"O12","de-protonated",0,NA,"C26 H32 O12",26,32,12,NA,NA,NA,NA,NA,NA,NA,NA
4516,535.196736,535.195200744159,535.194987093891,3751630.3,NA,207988,16.68,-1,0.399200801532487,0.971498168986385,0,0.582898901391831,6,1.60869565217391,0.521739130434783,"P1 O12","de-protonated",0,NA,"C23 H37 O12 P1",23,37,12,NA,1,NA,NA,NA,NA,NA,NA
4518,535.220001,535.218465646469,535.218485443654,7001812,NA,200779.3,32.94,-1,-0.0369889780145563,0.995364525046495,0.992320175023629,0.994146785037348,10,1.33333333333333,0.407407407407407,"O11","de-protonated",0,NA,"C27 H36 O11",27,36,11,NA,NA,NA,NA,NA,NA,NA,NA
4519,535.233041,535.231505591714,535.231239661494,4396759.5,NA,209921.1,19.91,-1,0.496851080016324,0.957860567374264,0.955382887840245,0.956869495560656,18,1.02857142857143,0.0857142857142857,"S1 O3","de-protonated",0,NA,"C35 H36 O3 S1",35,36,3,NA,NA,1,NA,NA,NA,NA,NA
4520,535.248451,535.246915527007,535.246825449053,2209243.5,NA,140050.3,8.96,-1,0.168292364865532,0.994874134544446,0,0.596924480726668,1,2.22222222222222,0.777777777777778,"N4 O14","de-protonated",0,NA,"C18 H40 O14 N4",18,40,14,4,NA,NA,NA,NA,NA,NA,NA
4521,535.256256,535.254720494233,535.254870953038,2824925.5,NA,212988.1,12.04,-1,-0.281097497162803,0.985764976207695,0,0.591458985724617,9,1.42857142857143,0.357142857142857,"O10","de-protonated",0,NA,"C28 H40 O10",28,40,10,NA,NA,NA,NA,NA,NA,NA,NA
4522,535.269292,535.267756439495,535.267625170878,4951777,NA,203722.7,22.68,-1,0.24523922308975,0.99293057442234,0.966421260037676,0.982326848668474,17,1.11111111111111,0.0555555555555556,"S1 O2","de-protonated",0,NA,"C36 H40 O2 S1",36,40,2,NA,NA,1,NA,NA,NA,NA,NA
4523,535.305714,535.304178286558,535.304010680263,4054762.3,NA,214557.3,18.19,-1,0.3131048752091,0.491184508187662,0.712686567164179,0.579785331778269,16,1.18918918918919,0.027027027027027,"S1 O1","de-protonated",0,NA,"C37 H44 O1 S1",37,44,1,NA,NA,1,NA,NA,NA,NA,NA
4525,536.142817,536.141277771544,536.141452654448,2102720,NA,201669,8.43,-1,-0.326187992545303,0.980879277765277,0,0.588527566659166,16,1.03703703703704,0.185185185185185,"N3 S1 P1 O5","de-protonated",0,NA,"C27 H28 O5 S1 N3 P1",27,28,5,3,1,1,NA,NA,NA,NA,NA
4532,537.053639,537.052095946982,537.05220796121,1979045.4,NA,232432.1,7.81,-1,-0.208572325144868,0.992137615496535,0,0.595282569297921,14,0.818181818181818,0.727272727272727,"O16","de-protonated",0,NA,"C22 H18 O16",22,18,16,NA,NA,NA,NA,NA,NA,NA,NA
4533,537.081385,537.079841830476,537.07983819778,1903788.3,NA,125991.7,7.43,-1,0.00676379143053722,0.999991698961273,0,0.599995019376764,31,0.416666666666667,0.0555555555555556,"N2 P1 O2","de-protonated",0,NA,"C36 H15 O2 N2 P1",36,15,2,2,1,NA,NA,NA,NA,NA,NA
4534,537.090158,537.088614793638,537.088593470595,6453422.5,NA,205377.6,30.19,-1,0.0397011667796993,0.982025513192348,0.90449195494954,0.951012089895225,13,0.956521739130435,0.652173913043478,"O15","de-protonated",0,NA,"C23 H22 O15",23,22,15,NA,NA,NA,NA,NA,NA,NA,NA
4535,537.118455,537.116911674819,537.116736771501,3705013.5,NA,150677.6,16.44,-1,0.325633713011475,0.980943582253265,0,0.588566149351959,12,1.125,0.5,"P1 O12","de-protonated",0,NA,"C24 H27 O12 P1",24,27,12,NA,1,NA,NA,NA,NA,NA,NA
4536,537.126524,537.124980640937,537.124978979979,11129015,NA,189959.3,53.58,-1,0.00309231173917245,0.999797253267848,0.974785301333423,0.989792472494078,12,1.08333333333333,0.583333333333333,"O14","de-protonated",0,NA,"C24 H26 O14",24,26,14,NA,NA,NA,NA,NA,NA,NA,NA
4538,537.16281,537.161266488571,537.161364489363,14299329,NA,194869.1,69.44,-1,-0.182441996976658,0.99489000370066,0.98449087029828,0.990730350339708,11,1.2,0.52,"O13","de-protonated",0,NA,"C25 H30 O13",25,30,13,NA,NA,NA,NA,NA,NA,NA,NA
4540,537.191318,537.189774368865,537.18950779027,5451975.5,NA,171597.9,25.18,-1,0.496246839005122,0.973991233552044,0.920693187241995,0.952672015028024,10,1.34615384615385,0.384615384615385,"P1 O10","de-protonated",0,NA,"C26 H35 O10 P1",26,35,10,NA,1,NA,NA,NA,NA,NA,NA
4541,537.199141,537.197597336016,537.197749998747,9425098,NA,200744.4,45.06,-1,-0.284183489248956,0.971570420058032,0.984043953789595,0.976559833550657,10,1.30769230769231,0.461538461538462,"O12","de-protonated",0,NA,"C26 H34 O12",26,34,12,NA,NA,NA,NA,NA,NA,NA,NA
4542,537.212134,537.210590281459,537.210504216588,3265740.8,NA,184136.5,14.25,-1,0.160206976508866,0.49767685779562,0.72968508002065,0.590480146685632,18,1,0.117647058823529,"S1 O4","de-protonated",0,NA,"C34 H34 O4 S1",34,34,4,NA,NA,1,NA,NA,NA,NA,NA
4543,537.227845,537.226301215488,537.226090004147,3585232.8,NA,174014.7,15.84,-1,0.393151682233515,0.972343438591134,0,0.58340606315468,1,2.23529411764706,0.882352941176471,"N4 O15","de-protonated",0,NA,"C17 H38 O15 N4",17,38,15,4,NA,NA,NA,NA,NA,NA,NA
4544,537.235543,537.233999183164,537.234135508132,4847826.5,NA,209520,22.16,-1,-0.253753362135187,0.494192184021572,0.772687513667176,0.605590315879814,9,1.40740740740741,0.407407407407407,"O11","de-protonated",0,NA,"C27 H38 O11",27,38,11,NA,NA,NA,NA,NA,NA,NA,NA
4545,537.248663,537.247119128072,537.246889725972,4868310,NA,192501.5,22.26,-1,0.426995678319291,0.483729279604517,0.723929522638802,0.579809376818231,17,1.08571428571429,0.0857142857142857,"S1 O3","de-protonated",0,NA,"C35 H38 O3 S1",35,38,3,NA,NA,1,NA,NA,NA,NA,NA
4546,537.264062,537.262518063412,537.262278809039,2679513.8,NA,152289.7,11.31,-1,0.445321368074127,0.964656410478942,0,0.578793846287365,8,1.53571428571429,0.285714285714286,"P1 O8","de-protonated",0,NA,"C28 H43 O8 P1",28,43,8,NA,1,NA,NA,NA,NA,NA,NA
4547,537.285075,537.283530975178,537.283275235356,3813599,NA,214640.9,16.99,-1,0.475986938390146,0.479861939790282,0.718264051224716,0.575222784364055,16,1.16666666666667,0.0555555555555556,"S1 O2","de-protonated",0,NA,"C36 H42 O2 S1",36,42,2,NA,NA,1,NA,NA,NA,NA,NA
4548,537.321227,537.319682823375,537.319660744741,2314472,NA,221075.2,9.49,-1,0.0410903144742321,0.999693686431569,0,0.599816211858941,15,1.24324324324324,0.027027027027027,"S1 O1","de-protonated",0,NA,"C37 H46 O1 S1",37,46,1,NA,NA,1,NA,NA,NA,NA,NA
4549,537.98242,537.980873047011,537.980915457038,4077963.3,NA,207827.8,18.31,-1,-0.0788318433947504,0.499436514994906,0.779247987650237,0.611361104057038,24,0.346153846153846,0.269230769230769,"N3 S2 O7","de-protonated",0,NA,"C26 H9 O7 S2 N3",26,9,7,3,NA,2,NA,NA,NA,NA,NA
4551,538.121632,538.120084462456,538.120227952172,2311597.5,NA,186456,9.47,-1,-0.266649919720085,0.987181469179114,0,0.592308881507468,12,1.08695652173913,0.608695652173913,"N1 O14","de-protonated",0,NA,"C23 H25 O14 N1",23,25,14,1,NA,NA,NA,NA,NA,NA,NA
4556,538.207611,538.206063101429,538.205886130562,2708930.5,NA,190024.4,11.46,-1,0.328816296162665,0.980572925401885,0,0.588343755241131,5,1.72727272727273,0.545454545454545,"N1 P1 O12","de-protonated",0,NA,"C22 H38 O12 N1 P1",22,38,12,1,1,NA,NA,NA,NA,NA,NA
4557,538.243764,538.242215949621,538.242138698165,2915787.5,NA,232491.1,12.49,-1,0.143525470535372,0.49813460675778,0.72968508002065,0.590754796062928,17,1.08823529411765,0.0882352941176471,"N1 S1 O3","de-protonated",0,NA,"C34 H37 O3 S1 N1",34,37,3,1,NA,1,NA,NA,NA,NA,NA
4559,539.04846,539.046908570685,539.046728657589,1873038.8,NA,202848.3,7.28,-1,0.333761595259616,0.979990105822938,0,0.587994063493763,18,0.64,0.56,"O14","de-protonated",0,NA,"C25 H16 O14",25,16,14,NA,NA,NA,NA,NA,NA,NA,NA
4560,539.069426,539.067874482648,539.067858025688,4562580,NA,191687.4,20.73,-1,0.0305285501001166,0.499915452753338,0.806643077274283,0.622606502561716,13,0.909090909090909,0.727272727272727,"O16","de-protonated",0,NA,"C22 H20 O16",22,20,16,NA,NA,NA,NA,NA,NA,NA,NA
4561,539.084512,539.082960419302,539.083114166973,2173079.5,NA,191109.7,8.78,-1,-0.285202164897519,0.9853492954332,0,0.59120957725992,17,0.769230769230769,0.5,"O13","de-protonated",0,NA,"C26 H20 O13",26,20,13,NA,NA,NA,NA,NA,NA,NA,NA
4562,539.097339,539.095787365441,539.095868384814,2776218.5,NA,143194.1,11.79,-1,-0.150287504231518,0.995910125789725,0,0.597546075473835,25,0.588235294117647,0.147058823529412,"S1 O5","de-protonated",0,NA,"C34 H20 O5 S1",34,20,5,NA,NA,1,NA,NA,NA,NA,NA
4563,539.10572,539.104168330249,539.104243535073,8643229,NA,190786.8,41.14,-1,-0.139499594911359,0.498237605208228,0.799615297578637,0.618788682156392,12,1.04347826086957,0.652173913043478,"O15","de-protonated",0,NA,"C23 H24 O15",23,24,15,NA,NA,NA,NA,NA,NA,NA,NA
4564,539.12348,539.121928255674,539.121706466768,8839841,NA,187783.8,42.13,-1,0.411389308784288,0.484879066128645,0.759892473118277,0.594884428924498,20,0.827586206896552,0.103448275862069,"N4 S2 O3","de-protonated",0,NA,"C29 H24 O3 S2 N4",29,24,3,4,NA,2,NA,NA,NA,NA,NA
4565,539.134026,539.132474211391,539.132253894198,6159011.5,NA,191707.1,28.72,-1,0.408651480390026,0.981444616133138,0.944770728012037,0.966775060884698,24,0.685714285714286,0.114285714285714,"S1 O4","de-protonated",0,NA,"C35 H24 O4 S1",35,24,4,NA,NA,1,NA,NA,NA,NA,NA
4566,539.142034,539.140482177766,539.140629044457,12731045,NA,195825.7,61.59,-1,-0.272408873171096,0.981872959534879,0.985632036542377,0.983376590337878,11,1.16666666666667,0.583333333333333,"O14","de-protonated",0,NA,"C24 H28 O14",24,28,14,NA,NA,NA,NA,NA,NA,NA,NA
4567,539.151463,539.149911138173,539.150011958927,1899687.6,NA,211820.4,7.41,-1,-0.186999447102732,0.993675045678015,0,0.596205027406809,24,0.685714285714286,0.171428571428571,"O6","de-protonated",0,NA,"C35 H24 O6",35,24,6,NA,NA,NA,NA,NA,NA,NA,NA
4568,539.157473,539.155921112937,539.155885185742,2529449,NA,179344.1,10.56,-1,0.0666360067402681,0.999194627470742,0,0.599516776482445,15,1,0.392857142857143,"O11","de-protonated",0,NA,"C28 H28 O11",28,28,11,NA,NA,NA,NA,NA,NA,NA,NA
4569,539.170432,539.168880058522,539.168639403582,11424428,NA,193637,55.06,-1,0.446344468370204,0.48224837252779,0.718264051224716,0.576654644006561,23,0.777777777777778,0.0833333333333333,"S1 O3","de-protonated",0,NA,"C36 H28 O3 S1",36,28,3,NA,NA,1,NA,NA,NA,NA,NA
4570,539.178508,539.17695602461,539.177014553841,10969774,NA,191708,53.9,-1,-0.108552903840948,0.998874755635537,0.997910063696883,0.998488878860075,10,1.28,0.52,"O13","de-protonated",0,NA,"C25 H32 O13",25,32,13,NA,NA,NA,NA,NA,NA,NA,NA
4571,539.206891,539.20533890543,539.205157854748,6298293,NA,179561.5,30.04,-1,0.335773274914557,0.979235218611882,0.895272850668406,0.945650271434492,9,1.42307692307692,0.384615384615385,"P1 O10","de-protonated",0,NA,"C26 H37 O10 P1",26,37,10,NA,1,NA,NA,NA,NA,NA,NA
4572,539.214894,539.213341871825,539.213400063225,6421175,NA,201973.2,30.67,-1,-0.107919054878122,0.498944492571021,0.779247987650237,0.611065890602707,9,1.38461538461538,0.461538461538462,"O12","de-protonated",0,NA,"C26 H36 O12",26,36,12,NA,NA,NA,NA,NA,NA,NA,NA
4574,539.243394,539.241841752153,539.241740068625,3918525.8,NA,164543.7,17.88,-1,0.188567613852444,0.993568862738671,0,0.596141317643202,0,2.35294117647059,0.882352941176471,"N4 O15","de-protonated",0,NA,"C17 H40 O15 N4",17,40,15,4,NA,NA,NA,NA,NA,NA,NA
4575,539.251392,539.249839718569,539.24978557261,2616511.5,NA,188996.2,11.23,-1,0.100409792963707,0.998172283698596,0,0.598903370219158,8,1.48148148148148,0.407407407407407,"O11","de-protonated",0,NA,"C27 H40 O11",27,40,11,NA,NA,NA,NA,NA,NA,NA,NA
4576,539.264355,539.262802664137,539.26253979045,2894530.8,NA,202544.5,12.65,-1,0.487468844016063,0.478899707116019,0.723929522638802,0.576911633325132,16,1.14285714285714,0.0857142857142857,"S1 O3","de-protonated",0,NA,"C35 H40 O3 S1",35,40,3,NA,NA,1,NA,NA,NA,NA,NA
4577,539.28773,539.286177565985,539.286171081994,1965256.3,NA,215071.2,7.9,-1,0.0120232843872038,0.999973770236687,0,0.599984262142012,7,1.57142857142857,0.357142857142857,"O10","de-protonated",0,NA,"C28 H44 O10",28,44,10,NA,NA,NA,NA,NA,NA,NA,NA
4578,539.300639,539.29908651178,539.298925299834,1804491.4,NA,196526.4,7.08,-1,0.298928734758771,0.983916776535958,0,0.590350065921575,15,1.22222222222222,0.0555555555555556,"S1 O2","de-protonated",0,NA,"C36 H44 O2 S1",36,44,2,NA,NA,1,NA,NA,NA,NA,NA
4581,540.108862,540.107306118034,540.107375819999,1859979.8,NA,253409.9,7.36,-1,-0.129052051728622,0.996982636601179,0,0.598189581960708,15,1.03703703703704,0.185185185185185,"N1 S2 P1 O5","de-protonated",0,NA,"C27 H28 O5 S2 N1 P1",27,28,5,1,1,2,NA,NA,NA,NA,NA
4582,540.129432,540.12787603166,540.127635808172,4369296.5,NA,155856.4,20.18,-1,0.444753186705492,0.482372467112477,0.799615297578637,0.609269599298941,11,1.21739130434783,0.521739130434783,"N1 P1 O12","de-protonated",0,NA,"C23 H28 O12 N1 P1",23,28,12,1,1,NA,NA,NA,NA,NA,NA
4585,540.174017,540.172460844446,540.172263526034,3565467.3,NA,200870.4,16.08,-1,0.365287937651161,0.976079095100474,0,0.585647457060285,10,1.29166666666667,0.541666666666667,"N1 O13","de-protonated",0,NA,"C24 H31 O13 N1",24,31,13,1,NA,NA,NA,NA,NA,NA,NA
4588,540.223204,540.221647637909,540.221403253259,2793895,NA,192894.3,12.13,-1,0.452378688973605,0.963548134283545,0,0.578128880570127,17,1.06060606060606,0.121212121212121,"N1 S1 O4","de-protonated",0,NA,"C33 H35 O4 S1 N1",33,35,4,1,NA,1,NA,NA,NA,NA,NA
4590,541.063879,541.062319107896,541.062378722067,2947691.5,NA,178518.3,12.92,-1,-0.11017984832673,0.997799709908072,0,0.598679825944843,17,0.72,0.56,"O14","de-protonated",0,NA,"C25 H18 O14",25,18,14,NA,NA,NA,NA,NA,NA,NA,NA
4591,541.085129,541.083569018667,541.083508090166,4263024.5,NA,202869.9,19.64,-1,0.112604615907047,0.99770191169124,0,0.598621147014744,12,1,0.727272727272727,"O16","de-protonated",0,NA,"C22 H22 O16",22,22,16,NA,NA,NA,NA,NA,NA,NA,NA
4592,541.100306,541.098745954938,541.098764231451,3681396,NA,173212.2,16.67,-1,-0.0337766671097199,0.999793013288358,0,0.599875807973015,16,0.846153846153846,0.5,"O13","de-protonated",0,NA,"C26 H22 O13",26,22,13,NA,NA,NA,NA,NA,NA,NA,NA
4593,541.113273,541.11171290049,541.111518449292,5358711,NA,178324,25.24,-1,0.359355126222432,0.981577007748014,0.977401339862758,0.979906740593912,24,0.647058823529412,0.147058823529412,"S1 O5","de-protonated",0,NA,"C34 H22 O5 S1",34,22,5,NA,NA,1,NA,NA,NA,NA,NA
4594,541.12114,541.119579867456,541.119380535214,9653369,NA,171697.5,47.18,-1,0.368370176824961,0.487839340295663,0.718264051224716,0.580009224667284,29,0.5,0.111111111111111,"N2 O4","de-protonated",0,NA,"C36 H18 O4 N2",36,18,4,2,NA,NA,NA,NA,NA,NA,NA
4595,541.136787,541.135226801754,541.135149740835,3279996.3,NA,183453.3,14.62,-1,0.142406048407795,0.996327076265334,0,0.597796245759201,15,0.962962962962963,0.444444444444444,"O12","de-protonated",0,NA,"C27 H26 O12",27,26,12,NA,NA,NA,NA,NA,NA,NA,NA
4596,541.149719,541.148158747452,541.147903958676,8928383,NA,197805.1,43.47,-1,0.470830200547268,0.968834668965255,0.96352796642045,0.966711987947333,23,0.742857142857143,0.114285714285714,"S1 O4","de-protonated",0,NA,"C35 H26 O4 S1",35,26,4,NA,NA,1,NA,NA,NA,NA,NA
4597,541.15777,541.156209713646,541.156279108935,9620609,NA,194819.7,47.01,-1,-0.128235210172909,0.990332712556983,0.999829301643773,0.994131348191699,10,1.25,0.583333333333333,"O14","de-protonated",0,NA,"C24 H30 O14",24,30,14,NA,NA,NA,NA,NA,NA,NA,NA
4598,541.167658,541.166097672126,541.16601289649,3495043.5,NA,198927.1,15.71,-1,0.15665365885643,0.995557081407902,0,0.597334248844741,0,2.29411764705882,0.647058823529412,"N2 S2 P1 O11","de-protonated",0,NA,"C17 H39 O11 S2 N2 P1",17,39,11,2,1,2,NA,NA,NA,NA,NA
4599,541.172836,541.171275650383,541.17153525022,3103876.8,NA,215214.7,13.72,-1,-0.479699725081466,0.959106182063607,0,0.575463709238164,14,1.07142857142857,0.392857142857143,"O11","de-protonated",0,NA,"C28 H30 O11",28,30,11,NA,NA,NA,NA,NA,NA,NA,NA
4600,541.186138,541.184577594528,541.184422409842,45442184,NA,190410.3,230.01,-1,0.286750097768093,0.992652301682836,0.983694843723499,0.989069318499101,9,1.4,0.44,"P1 O11","de-protonated",0,NA,"C25 H35 O11 P1",25,35,11,NA,1,NA,NA,NA,NA,NA,NA
4601,541.194161,541.192600560839,541.192664618319,7197833.5,NA,196908.7,34.63,-1,-0.118363540969496,0.998605833616037,0.998386264600151,0.998518006009683,9,1.36,0.52,"O13","de-protonated",0,NA,"C25 H34 O13",25,34,13,NA,NA,NA,NA,NA,NA,NA,NA
4602,541.209467,541.207906496569,541.207920759604,2150541.3,NA,199564.3,8.85,-1,-0.0263540768854753,0.999873985047445,0,0.599924391028467,13,1.17241379310345,0.344827586206897,"O10","de-protonated",0,NA,"C29 H34 O10",29,34,10,NA,NA,NA,NA,NA,NA,NA,NA
4603,541.222635,541.221074441276,541.220807919226,5723280.5,NA,192995.4,27.1,-1,0.492446051721518,0.971628952529798,0.914968470756645,0.948964759820537,8,1.5,0.384615384615385,"P1 O10","de-protonated",0,NA,"C26 H39 O10 P1",26,39,10,NA,1,NA,NA,NA,NA,NA,NA
4604,541.230482,541.228921408326,541.229050127703,4266130,NA,202652.3,19.65,-1,-0.237827915900632,0.49489468209753,0.779247987650237,0.608636004318613,8,1.46153846153846,0.461538461538462,"O12","de-protonated",0,NA,"C26 H38 O12",26,38,12,NA,NA,NA,NA,NA,NA,NA,NA
4605,541.258771,541.25721028954,541.257060486829,2381464.5,NA,207452.6,10.03,-1,0.276768142899429,0.986197067102746,0,0.591718240261647,20,1,0.0263157894736842,"S1 O1","de-protonated",0,NA,"C38 H38 O1 S1",38,38,1,NA,NA,1,NA,NA,NA,NA,NA
4606,541.266844,541.265283255642,541.265435637088,2715802.5,NA,216255.1,11.73,-1,-0.28152813057844,0.985721640598827,0,0.591432984359296,7,1.55555555555556,0.407407407407407,"O11","de-protonated",0,NA,"C27 H42 O11",27,42,11,NA,NA,NA,NA,NA,NA,NA,NA
4607,541.303441,541.30188010197,541.301821146472,2759843,NA,191473.7,11.96,-1,0.108914279669989,0.997849912319116,0,0.59870994739147,6,1.64285714285714,0.357142857142857,"O10","de-protonated",0,NA,"C28 H46 O10",28,46,10,NA,NA,NA,NA,NA,NA,NA,NA
4611,542.144964,542.143399568396,542.143152930869,12027236,NA,196406.7,59.3,-1,0.454930632210764,0.481571703538411,0.72968508002065,0.580817054131306,23,0.735294117647059,0.117647058823529,"N1 S1 O4","de-protonated",0,NA,"C34 H25 O4 S1 N1",34,25,4,1,NA,1,NA,NA,NA,NA,NA
4618,543.043925,543.042356793639,543.042512657086,1868845.9,NA,244883,7.4,-1,-0.287018867612774,0.985163450484401,0,0.591098070290641,16,0.8,0.4,"S2 O10","de-protonated",0,NA,"C25 H20 O10 S2",25,20,10,NA,NA,2,NA,NA,NA,NA,NA
4619,543.079723,543.078154643322,543.078028786545,3553845.8,NA,178127.6,16.01,-1,0.231747135588173,0.990302312323158,0,0.594181387393895,16,0.8,0.56,"O14","de-protonated",0,NA,"C25 H20 O14",25,20,14,NA,NA,NA,NA,NA,NA,NA,NA
4620,543.092532,543.090963589537,543.090783004385,2928184.8,NA,187330.1,12.82,-1,0.332513748351746,0.980137956503252,0,0.588082773901951,24,0.606060606060606,0.181818181818182,"S1 O6","de-protonated",0,NA,"C33 H20 O6 S1",33,20,6,NA,NA,1,NA,NA,NA,NA,NA
4621,543.100531,543.098962555949,543.099158154644,3859002.5,NA,209789.2,17.57,-1,-0.360152822989161,0.976739085662329,0,0.586043451397397,11,1.09090909090909,0.727272727272727,"O16","de-protonated",0,NA,"C22 H24 O16",22,24,16,NA,NA,NA,NA,NA,NA,NA,NA
4622,543.108569,543.107000522197,543.107041467377,1925948.3,NA,132515.4,7.7,-1,-0.0753906258546171,0.998969223285947,0,0.599381533971568,14,1.07407407407407,0.222222222222222,"S2 P1 O6","de-protonated",0,NA,"C27 H29 O6 S2 P1",27,29,6,NA,1,2,NA,NA,NA,NA,NA
4623,543.11584,543.114271491666,543.114414295929,3500605.8,NA,201675,15.74,-1,-0.262935872928647,0.987533849802704,0,0.592520309881622,15,0.923076923076923,0.5,"O13","de-protonated",0,NA,"C26 H24 O13",26,24,13,NA,NA,NA,NA,NA,NA,NA,NA
4624,543.129002,543.127433436399,543.12716851377,8105537,NA,190996.1,39.27,-1,0.487772743948205,0.970810887274945,0.964847756605217,0.968425635007054,23,0.705882352941177,0.147058823529412,"S1 O5","de-protonated",0,NA,"C34 H24 O5 S1",34,24,5,NA,NA,1,NA,NA,NA,NA,NA
4625,543.137164,543.135595402126,543.135543664029,5381698.5,NA,197489.1,25.35,-1,0.0952581699220216,0.499177433877756,0.799615297578637,0.619352579358109,10,1.21739130434783,0.652173913043478,"O15","de-protonated",0,NA,"C23 H28 O15",23,28,15,NA,NA,NA,NA,NA,NA,NA,NA
4626,543.146102,543.144533364596,543.144275129876,2724420.5,NA,236372.7,11.78,-1,0.475444060037407,0.959813829401259,0,0.575888297640755,14,1.07692307692308,0.346153846153846,"N2 S1 O9","de-protonated",0,NA,"C26 H28 O9 S1 N2",26,28,9,2,NA,1,NA,NA,NA,NA,NA
4627,543.152179,543.150610339078,543.150799805313,5429830,NA,184247.2,25.6,-1,-0.348828051689571,0.984124323146433,0.943237005221099,0.9677693959763,14,1.03703703703704,0.444444444444444,"O12","de-protonated",0,NA,"C27 H28 O12",27,28,12,NA,NA,NA,NA,NA,NA,NA,NA
4628,543.165449,543.163880283357,543.163686964935,12023369,NA,194812.7,59.28,-1,0.355911903389186,0.978562953511832,0.978577623325124,0.978568821437149,9,1.375,0.5,"P1 O12","de-protonated",0,NA,"C24 H33 O12 P1",24,33,12,NA,1,NA,NA,NA,NA,NA,NA
4629,543.173644,543.172075248946,543.171929173413,4521546.5,NA,196122.9,20.96,-1,0.268930563824722,0.493481350296962,0.792708917554682,0.61317237720005,9,1.33333333333333,0.583333333333333,"O14","de-protonated",0,NA,"C24 H32 O14",24,32,14,NA,NA,NA,NA,NA,NA,NA,NA
4631,543.188534,543.186965186423,543.187185314698,4607566,NA,223694.9,21.4,-1,-0.405253071311308,0.485320147578663,0.766236582456902,0.597686721529958,13,1.14285714285714,0.392857142857143,"O11","de-protonated",0,NA,"C28 H32 O11",28,32,11,NA,NA,NA,NA,NA,NA,NA,NA
4633,543.201827,543.200258130605,543.20007247432,9023057,NA,186599.2,43.95,-1,0.341782512092432,0.983847266311121,0.967890226562069,0.9774644504115,8,1.48,0.44,"P1 O11","de-protonated",0,NA,"C25 H37 O11 P1",25,37,11,NA,1,NA,NA,NA,NA,NA,NA
4634,543.210104,543.20853509585,543.208314682797,3252818.8,NA,193432.4,14.47,-1,0.405761558953974,0.970567667006268,0,0.58234060020376,8,1.44,0.52,"O13","de-protonated",0,NA,"C25 H36 O13",25,36,13,NA,NA,NA,NA,NA,NA,NA,NA
4635,543.219523,543.217954056299,543.217697597267,2332757,NA,215094.5,9.77,-1,0.472110965473889,0.960364025304044,0,0.576218415182426,21,0.888888888888889,0.138888888888889,"O5","de-protonated",0,NA,"C36 H32 O5",36,32,5,NA,NA,NA,NA,NA,NA,NA,NA
4636,543.225136,543.22356703273,543.223570824082,2762326.3,NA,204805.9,11.97,-1,-0.00697935823204611,0.999991161412023,0,0.599994696847214,12,1.24137931034483,0.344827586206897,"O10","de-protonated",0,NA,"C29 H36 O10",29,36,10,NA,NA,NA,NA,NA,NA,NA,NA
4637,543.238159,543.236589978046,543.236325041923,4376153,NA,196835.1,20.21,-1,0.487699572885887,0.478880156020367,0.712686567164179,0.572402720477892,20,0.972972972972973,0.0540540540540541,"S1 O2","de-protonated",0,NA,"C37 H36 O2 S1",37,36,2,NA,NA,1,NA,NA,NA,NA,NA
4638,543.246194,543.244624944307,543.244700192181,2611803,NA,231908.6,11.2,-1,-0.138515616221454,0.996524673974974,0,0.597914804384985,7,1.53846153846154,0.461538461538462,"O12","de-protonated",0,NA,"C26 H40 O12",26,40,12,NA,NA,NA,NA,NA,NA,NA,NA
4639,543.25936,543.257790889023,543.257587351803,2717789.8,NA,151239.2,11.74,-1,0.374660610550043,0.974851569400865,0,0.584910941640519,2,1.95652173913043,0.521739130434783,"P1 O12","de-protonated",0,NA,"C23 H45 O12 P1",23,45,12,NA,1,NA,NA,NA,NA,NA,NA
4640,543.27417,543.272600826835,543.272710551307,2030689.1,NA,181511.6,8.23,-1,-0.201969414908139,0.992625733996,0,0.5955754403976,19,1.05263157894737,0.0263157894736842,"S1 O1","de-protonated",0,NA,"C38 H40 O1 S1",38,40,1,NA,NA,1,NA,NA,NA,NA,NA
4641,543.282629,543.281059791316,543.281085701566,2612835,NA,186495.2,11.21,-1,-0.0476921627789501,0.999587372425461,0,0.599752423455277,6,1.62962962962963,0.407407407407407,"O11","de-protonated",0,NA,"C27 H44 O11",27,44,11,NA,NA,NA,NA,NA,NA,NA,NA
4642,543.318921,543.317351638925,543.31747121095,3242603,NA,216547.5,14.42,-1,-0.220077636883599,0.991250188529113,0,0.594750113117468,5,1.71428571428571,0.357142857142857,"O10","de-protonated",0,NA,"C28 H48 O10",28,48,10,NA,NA,NA,NA,NA,NA,NA,NA
4647,544.142191,544.140618181996,544.140526423776,3742496,NA,234296.3,16.98,-1,0.168629636829662,0.994853621642462,0,0.596912172985477,0,2.4,0.8,"N3 S2 P1 O12","de-protonated",0,NA,"C15 H36 O12 S2 N3 P1",15,36,12,3,1,2,NA,NA,NA,NA,NA
4652,544.241661,544.240087764319,544.239949164374,2658101.8,NA,199982.3,11.44,-1,0.254666980733742,0.988301067229055,0,0.592980640337433,7,1.56,0.48,"N1 O12","de-protonated",0,NA,"C25 H39 O12 N1",25,39,12,1,NA,NA,NA,NA,NA,NA,NA
4653,544.277928,544.276354612033,544.276334673759,1795901.5,NA,227247.8,7.03,-1,0.036632631636874,0.999756534632226,0,0.599853920779336,6,1.65384615384615,0.423076923076923,"N1 O11","de-protonated",0,NA,"C26 H43 O11 N1",26,43,11,1,NA,NA,NA,NA,NA,NA,NA
4654,545.058907,545.057330332685,545.057293341639,3380198,NA,204187.5,15.12,-1,0.0678663453393944,0.999164625351932,0,0.599498775211159,16,0.75,0.625,"O15","de-protonated",0,NA,"C24 H18 O15",24,18,15,NA,NA,NA,NA,NA,NA,NA,NA
4655,545.071807,545.070230278518,545.070047559479,1828840.8,NA,243505.8,7.2,-1,0.335221206352394,0.97981649005939,0,0.587889894035634,24,0.5625,0.21875,"S1 O7","de-protonated",0,NA,"C32 H18 O7 S1",32,18,7,NA,NA,1,NA,NA,NA,NA,NA
4656,545.095143,545.093566180529,545.093678851023,5496813.5,NA,187634.5,25.94,-1,-0.206699321432985,0.496138823750989,0.785920818505338,0.612051621652729,15,0.88,0.56,"O14","de-protonated",0,NA,"C25 H22 O14",25,22,14,NA,NA,NA,NA,NA,NA,NA,NA
4657,545.10841,545.106833124821,545.106566010645,4734960.5,NA,198463.6,22.04,-1,0.490021938478477,0.478682896957252,0.806643077274283,0.609866969084064,10,1.22727272727273,0.636363636363636,"P1 O14","de-protonated",0,NA,"C22 H27 O14 P1",22,27,14,NA,1,NA,NA,NA,NA,NA,NA
4658,545.116684,545.115107090078,545.115297476493,2440178.3,NA,219606.5,10.32,-1,-0.349258983134821,0.978109703341679,0,0.586865822005007,14,1.08,0.32,"N2 S1 P1 O8","de-protonated",0,NA,"C25 H27 O8 S1 N2 P1",25,27,8,2,1,1,NA,NA,NA,NA,NA
4659,545.125975,545.124398051065,545.124191133593,2554868.3,NA,151157,10.91,-1,0.379578591194574,0.974195662656959,0,0.584517397594175,23,0.666666666666667,0.242424242424242,"O8","de-protonated",0,NA,"C33 H22 O8",33,22,8,NA,NA,NA,NA,NA,NA,NA,NA
4660,545.131556,545.12997902763,545.130064360407,6324213.5,NA,196322.4,30.16,-1,-0.156536544787019,0.49778185360668,0.779247987650237,0.610368307224103,14,1,0.5,"O13","de-protonated",0,NA,"C26 H26 O13",26,26,13,NA,NA,NA,NA,NA,NA,NA,NA
4661,545.144744,545.143166972254,545.142951520029,8943608,NA,196090.2,43.54,-1,0.395221517287249,0.974663718375455,0.996725219062439,0.983488318650248,9,1.34782608695652,0.565217391304348,"P1 O13","de-protonated",0,NA,"C23 H31 O13 P1",23,31,13,NA,1,NA,NA,NA,NA,NA,NA
4662,545.152654,545.151076939039,545.151193728507,2580986,NA,192230.1,11.04,-1,-0.214233167972118,0.991706837847976,0,0.595024102708786,9,1.30434782608696,0.652173913043478,"O15","de-protonated",0,NA,"C23 H30 O15",23,30,15,NA,NA,NA,NA,NA,NA,NA,NA
4663,545.162325,545.160747898431,545.160576642977,3442172,NA,171077.6,15.44,-1,0.314137633942316,0.491126777420953,0.72968508002065,0.586550098460832,22,0.764705882352941,0.205882352941176,"O7","de-protonated",0,NA,"C34 H26 O7",34,26,7,NA,NA,NA,NA,NA,NA,NA,NA
4664,545.167921,545.166343874933,545.166449869791,8536061,NA,191280.4,41.46,-1,-0.194426598723227,0.981281283701052,0.997580633473887,0.987801023610186,13,1.11111111111111,0.444444444444444,"O12","de-protonated",0,NA,"C27 H30 O12",27,30,12,NA,NA,NA,NA,NA,NA,NA,NA
4665,545.181102,545.179524819586,545.179337029413,9480192,NA,205319.7,46.29,-1,0.34445577704024,0.98615059758117,0.996535464521109,0.990304544357146,8,1.45833333333333,0.5,"P1 O12","de-protonated",0,NA,"C24 H35 O12 P1",24,35,12,NA,1,NA,NA,NA,NA,NA,NA
4666,545.198685,545.197107745754,545.196962152361,2327043.8,NA,192281.3,9.74,-1,0.267047329617287,0.987143478582923,0,0.592286087149754,21,0.857142857142857,0.171428571428571,"O6","de-protonated",0,NA,"C35 H30 O6",35,30,6,NA,NA,NA,NA,NA,NA,NA,NA
4667,545.204358,545.202780721933,545.202835379176,6989829,NA,207814.6,33.56,-1,-0.100251207695196,0.499089023600006,0.766236582456902,0.605948047142765,12,1.21428571428571,0.392857142857143,"O11","de-protonated",0,NA,"C28 H34 O11",28,34,11,NA,NA,NA,NA,NA,NA,NA,NA
4668,545.217424,545.215846667069,545.215589597016,6258696,NA,195397.8,29.83,-1,0.471501654397718,0.978140537837351,0.9937682175675,0.984391609729411,20,0.944444444444444,0.0833333333333333,"S1 O3","de-protonated",0,NA,"C36 H34 O3 S1",36,34,3,NA,NA,1,NA,NA,NA,NA,NA
4669,545.240631,545.239053569622,545.23922088856,3288076.8,NA,200005.8,14.65,-1,-0.306872527850211,0.983057998964614,0,0.589834799378768,11,1.31034482758621,0.344827586206897,"O10","de-protonated",0,NA,"C29 H38 O10",29,38,10,NA,NA,NA,NA,NA,NA,NA,NA
4670,545.253845,545.252267514136,545.252108048182,3316751.5,NA,189262.7,14.8,-1,0.292462792196023,0.984599696500327,0,0.590759817900196,6,1.65384615384615,0.384615384615385,"P1 O10","de-protonated",0,NA,"C26 H43 O10 P1",26,43,10,NA,1,NA,NA,NA,NA,NA,NA
4671,545.290122,545.288544361808,545.288360615785,2210327.3,NA,219161.1,9.15,-1,0.336970375013776,0.979607475276542,0,0.587764485165925,18,1.10526315789474,0.0263157894736842,"S1 O1","de-protonated",0,NA,"C38 H42 O1 S1",38,42,1,NA,NA,1,NA,NA,NA,NA,NA
4672,545.298089,545.296511328355,545.296735766044,2607129,NA,217100.9,11.17,-1,-0.411588176659291,0.969729334186344,0,0.581837600511807,5,1.7037037037037,0.407407407407407,"O11","de-protonated",0,NA,"C27 H46 O11",27,46,11,NA,NA,NA,NA,NA,NA,NA,NA
4676,546.13471,546.133128815365,546.133196645333,2483913.5,NA,177157.8,10.54,-1,-0.1242004129394,0.997204932768945,0,0.598322959661367,17,1,0.1,"N1 S2 P1 O3","de-protonated",0,NA,"C30 H30 O3 S2 N1 P1",30,30,3,1,1,2,NA,NA,NA,NA,NA
4681,546.257066,546.255484301589,546.255599228852,2563299,NA,205191.1,10.95,-1,-0.21039100325057,0.992000455466411,0,0.595200273279847,6,1.64,0.48,"N1 O12","de-protonated",0,NA,"C25 H41 O12 N1",25,41,12,1,NA,NA,NA,NA,NA,NA,NA
4683,547.074577,547.072991868842,547.072943406117,5299596,NA,180780.2,24.93,-1,0.088585491438972,0.499288557392088,0.792708917554682,0.616656701457126,15,0.833333333333333,0.625,"O15","de-protonated",0,NA,"C24 H20 O15",24,20,15,NA,NA,NA,NA,NA,NA,NA,NA
4684,547.087581,547.085995814238,547.085830565739,2807182.8,NA,208757.5,12.19,-1,0.302052238127503,0.983581702378094,0,0.590149021426856,10,1.19047619047619,0.714285714285714,"P1 O15","de-protonated",0,NA,"C21 H25 O15 P1",21,25,15,NA,1,NA,NA,NA,NA,NA,NA
4685,547.104995,547.103409741116,547.103455688686,1822866.5,NA,99643.8,7.17,-1,-0.0839833299125779,0.998721024766427,0,0.599232614859856,23,0.625,0.28125,"O9","de-protonated",0,NA,"C32 H20 O9",32,20,9,NA,NA,NA,NA,NA,NA,NA,NA
4686,547.110876,547.109290716422,547.109328915501,7537043.5,NA,188874.7,36.36,-1,-0.069819827714075,0.995458470091355,0.967215779470278,0.984161393842925,14,0.96,0.56,"O14","de-protonated",0,NA,"C25 H24 O14",25,24,14,NA,NA,NA,NA,NA,NA,NA,NA
4687,547.123974,547.122388661423,547.122216075123,5550486.5,NA,205754.3,26.21,-1,0.315443780662202,0.491053501901663,0.806643077274283,0.617289332050711,9,1.31818181818182,0.636363636363636,"P1 O14","de-protonated",0,NA,"C22 H29 O14 P1",22,29,14,NA,1,NA,NA,NA,NA,NA,NA
4688,547.141465,547.139879587978,547.139841198071,3497370,NA,146200.8,15.72,-1,0.070164708460853,0.49955355565919,0.73553288925895,0.593945289099094,22,0.727272727272727,0.242424242424242,"O8","de-protonated",0,NA,"C33 H24 O8",33,24,8,NA,NA,NA,NA,NA,NA,NA,NA
4689,547.147268,547.145682563611,547.145714424885,10987931,NA,184964.9,53.99,-1,-0.0582317893940105,0.998743407629886,0.979754622821072,0.99114789370636,13,1.07692307692308,0.5,"O13","de-protonated",0,NA,"C26 H28 O13",26,28,13,NA,NA,NA,NA,NA,NA,NA,NA
4690,547.160445,547.158859508281,547.158601584507,7700894,NA,196945.5,37.19,-1,0.471387588011724,0.970027561112855,0.9615972226171,0.966655425714553,8,1.43478260869565,0.565217391304348,"P1 O13","de-protonated",0,NA,"C23 H33 O13 P1",23,33,13,NA,1,NA,NA,NA,NA,NA,NA
4691,547.178015,547.176429434504,547.176226707455,3168673.5,NA,171241.6,14.04,-1,0.370496814122693,0.48770027190476,0.72968508002065,0.584494195151116,21,0.823529411764706,0.205882352941176,"O7","de-protonated",0,NA,"C34 H28 O7",34,28,7,NA,NA,NA,NA,NA,NA,NA,NA
4692,547.183706,547.182120410607,547.182099934269,10422691,NA,200212.2,51.1,-1,0.0374214318850883,0.997923868404627,0.990596825069518,0.994993051070584,12,1.18518518518519,0.444444444444444,"O12","de-protonated",0,NA,"C27 H32 O12",27,32,12,NA,NA,NA,NA,NA,NA,NA,NA
4693,547.196805,547.195219355604,547.194987093891,5618085,NA,204435,26.55,-1,0.424458772707886,0.973274593434288,0.936380266443737,0.958516862638068,7,1.54166666666667,0.5,"P1 O12","de-protonated",0,NA,"C24 H37 O12 P1",24,37,12,NA,1,NA,NA,NA,NA,NA,NA
4694,547.212588,547.211002289331,547.211112615102,2841000.5,NA,127995.1,12.37,-1,-0.201614638830074,0.992651522926194,0,0.595590913755716,10,1.41379310344828,0.137931034482759,"S2 P1 O4","de-protonated",0,NA,"C29 H41 O4 S2 P1",29,41,4,NA,1,2,NA,NA,NA,NA,NA
4695,547.220076,547.218490257889,547.218485443654,6703530,NA,191499,32.1,-1,0.00879764648509869,0.997673174326351,0.991469716200967,0.995191791076197,11,1.28571428571429,0.392857142857143,"O11","de-protonated",0,NA,"C28 H36 O11",28,36,11,NA,NA,NA,NA,NA,NA,NA,NA
4696,547.233095,547.231509203222,547.231239661494,4559276.5,NA,194668.2,21.14,-1,0.492555446240275,0.978254715583813,0.943310272483892,0.964276938343845,19,1,0.0833333333333333,"S1 O3","de-protonated",0,NA,"C36 H36 O3 S1",36,36,3,NA,NA,1,NA,NA,NA,NA,NA
4697,547.256436,547.254850105212,547.254870953038,3095985.5,NA,215857.1,13.67,-1,-0.0380952768100239,0.999736707240706,0,0.599842024344423,10,1.37931034482759,0.344827586206897,"O10","de-protonated",0,NA,"C29 H40 O10",29,40,10,NA,NA,NA,NA,NA,NA,NA,NA
4698,547.269556,547.267970050121,547.26775811266,4527540,NA,192715.6,20.98,-1,0.387264657495364,0.974636519956037,0.873356205111958,0.934124394018405,5,1.73076923076923,0.384615384615385,"P1 O10","de-protonated",0,NA,"C26 H45 O10 P1",26,45,10,NA,1,NA,NA,NA,NA,NA,NA
4699,547.305791,547.304204897969,547.304010680263,3441083.5,NA,190840.4,15.43,-1,0.354862568051511,0.988392640151068,0.917936229225529,0.960210075780852,17,1.15789473684211,0.0263157894736842,"S1 O1","de-protonated",0,NA,"C38 H44 O1 S1",38,44,1,NA,NA,1,NA,NA,NA,NA,NA
4704,548.179157,548.177567230686,548.177348906462,2407532,NA,164979.7,10.15,-1,0.398272975709064,0.971628608098995,0,0.582977164859397,12,1.19230769230769,0.461538461538462,"N1 O12","de-protonated",0,NA,"C26 H31 O12 N1",26,31,12,1,NA,NA,NA,NA,NA,NA,NA
4712,549.053689,549.052095558507,549.05220796121,3077913.5,NA,188380.4,13.58,-1,-0.204721338948558,0.992424177869657,0,0.595454506721794,15,0.782608695652174,0.695652173913043,"O16","de-protonated",0,NA,"C23 H18 O16",23,18,16,NA,NA,NA,NA,NA,NA,NA,NA
4713,549.090037,549.088443405881,549.088593470595,6576928.5,NA,187218.5,31.45,-1,-0.273297816146079,0.978823947049983,0.965342338193869,0.973431303507537,14,0.916666666666667,0.625,"O15","de-protonated",0,NA,"C24 H22 O15",24,22,15,NA,NA,NA,NA,NA,NA,NA,NA
4714,549.103186,549.101592350668,549.101347688435,2479907.3,NA,207617.5,10.52,-1,0.445568444359887,0.964617882798169,0,0.578770729678901,22,0.6875,0.21875,"S1 O7","de-protonated",0,NA,"C32 H22 O7 S1",32,22,7,NA,NA,1,NA,NA,NA,NA,NA
4715,549.118492,549.116898286398,549.116736771501,1928998.3,NA,130847.5,7.71,-1,0.294135810403666,0.984424382519992,0,0.590654629511995,13,1.08,0.48,"P1 O12","de-protonated",0,NA,"C25 H27 O12 P1",25,27,12,NA,1,NA,NA,NA,NA,NA,NA
4716,549.12646,549.12486625294,549.124978979979,10795816,NA,189760.3,53,-1,-0.205284849866569,0.996184449952137,0.973547784054927,0.987129783593253,13,1.04,0.56,"O14","de-protonated",0,NA,"C25 H26 O14",25,26,14,NA,NA,NA,NA,NA,NA,NA,NA
4717,549.139601,549.138007197761,549.137733197819,3833642.5,NA,199204.4,17.44,-1,0.49896396637328,0.477915395050916,0.73553288925895,0.580962392734129,21,0.787878787878788,0.181818181818182,"S1 O6","de-protonated",0,NA,"C33 H26 O6 S1",33,26,6,NA,NA,1,NA,NA,NA,NA,NA
4719,549.162886,549.161292099986,549.161364489363,14748463,NA,187850.1,73.2,-1,-0.131818043565922,0.998399359042784,0.993745841954017,0.996537952207277,12,1.15384615384615,0.5,"O13","de-protonated",0,NA,"C26 H30 O13",26,30,13,NA,NA,NA,NA,NA,NA,NA,NA
4720,549.175971,549.174377045042,549.174118707204,4606769.5,NA,203181.7,21.39,-1,0.470411532467609,0.480321591176392,0.72968508002065,0.580066986714095,20,0.882352941176471,0.147058823529412,"S1 O5","de-protonated",0,NA,"C34 H30 O5 S1",34,30,5,NA,NA,1,NA,NA,NA,NA,NA
4721,549.191266,549.189671980818,549.18950779027,3061044.5,NA,138845.2,13.49,-1,0.298968836499825,0.983912495969276,0,0.590347497581565,11,1.2962962962963,0.37037037037037,"P1 O10","de-protonated",0,NA,"C27 H35 O10 P1",27,35,10,NA,1,NA,NA,NA,NA,NA,NA
4722,549.199305,549.197710947062,549.197749998747,10648374,NA,187759.7,52.25,-1,-0.071106782795966,0.999197201089486,0.994438602112153,0.997293761498553,11,1.25925925925926,0.444444444444444,"O12","de-protonated",0,NA,"C27 H34 O12",27,34,12,NA,NA,NA,NA,NA,NA,NA,NA
4725,549.235714,549.23411979418,549.234135508132,5296957.5,NA,198928.7,24.91,-1,-0.0286106608854161,0.499925741296918,0.766236582456902,0.606450077760911,10,1.35714285714286,0.392857142857143,"O11","de-protonated",0,NA,"C28 H38 O11",28,38,11,NA,NA,NA,NA,NA,NA,NA,NA
4728,549.321569,549.319974433673,549.319793686522,2741070,NA,196448.6,11.85,-1,0.329038117269722,0.980546962057292,0,0.588328177234375,3,1.88888888888889,0.333333333333333,"P1 O9","de-protonated",0,NA,"C27 H51 O9 P1",27,51,9,NA,1,NA,NA,NA,NA,NA,NA
4732,550.121787,550.12018907354,550.120227952172,4800489,NA,196186.6,22.37,-1,-0.0706729726288166,0.499547067202328,0.792708917554682,0.61681180734327,13,1.04166666666667,0.583333333333333,"N1 O14","de-protonated",0,NA,"C24 H25 O14 N1",24,25,14,1,NA,NA,NA,NA,NA,NA,NA
4734,550.158434,550.156835919658,550.156613461556,1862128,NA,167630.5,7.36,-1,0.404354136284414,0.970768482011465,0,0.582461089206879,12,1.16,0.52,"N1 O13","de-protonated",0,NA,"C25 H29 O13 N1",25,29,13,1,NA,NA,NA,NA,NA,NA,NA
4737,550.244015,550.242416560302,550.242271639947,2058240.5,NA,228001.4,8.36,-1,0.263375539355178,0.987492386604998,0,0.592495431962999,5,1.75,0.458333333333333,"N1 P1 O11","de-protonated",0,NA,"C24 H42 O11 N1 P1",24,42,11,1,1,NA,NA,NA,NA,NA,NA
4738,550.252341,550.250742525341,550.250513848424,2775554,NA,177668.4,12.03,-1,0.415586920698551,0.96914750554067,0,0.581488503324402,5,1.70833333333333,0.541666666666667,"N1 O13","de-protonated",0,NA,"C24 H41 O13 N1",24,41,13,1,NA,NA,NA,NA,NA,NA,NA
4739,550.288685,550.287086372732,550.286899357808,2513929,NA,215295.6,10.69,-1,0.339849855236641,0.979261124182345,0,0.587556674509407,4,1.8,0.48,"N1 O12","de-protonated",0,NA,"C25 H45 O12 N1",25,45,12,1,NA,NA,NA,NA,NA,NA,NA
4741,551.069393,551.067791094521,551.067858025688,4131997,NA,204621.7,18.96,-1,-0.121457214018061,0.997326874498956,0,0.598396124699374,14,0.869565217391304,0.695652173913043,"O16","de-protonated",0,NA,"C23 H20 O16",23,20,16,NA,NA,NA,NA,NA,NA,NA,NA
4742,551.105863,551.104260941383,551.104243535073,8977572,NA,190396.5,43.71,-1,0.0315844248709713,0.499909503772785,0.792708917554682,0.617029269285544,13,1,0.625,"O15","de-protonated",0,NA,"C24 H24 O15",24,24,15,NA,NA,NA,NA,NA,NA,NA,NA
4744,551.142213,551.140610788749,551.140629044457,13175979,NA,189079.3,65.16,-1,-0.033123502955972,0.978777177218929,0.999492025042782,0.98706311634847,12,1.12,0.56,"O14","de-protonated",0,NA,"C25 H28 O14",25,28,14,NA,NA,NA,NA,NA,NA,NA,NA
4745,551.155383,551.153780733448,551.153516204079,2608301.3,NA,191451.7,11.17,-1,0.479955876202749,0.959063403864553,0,0.575438042318732,7,1.5,0.636363636363636,"P1 O14","de-protonated",0,NA,"C22 H33 O14 P1",22,33,14,NA,1,NA,NA,NA,NA,NA,NA
4746,551.170486,551.16888367003,551.168639403582,5251248,NA,185096.4,24.68,-1,0.443179147186073,0.97344220452897,0.935339619903322,0.958201170678711,24,0.756756756756757,0.0810810810810811,"S1 O3","de-protonated",0,NA,"C37 H28 O3 S1",37,28,3,NA,NA,1,NA,NA,NA,NA,NA
4747,551.17857,551.176967636085,551.177014553841,14191794,NA,184508.4,70.35,-1,-0.085122846350544,0.999141426136604,0.989530283664034,0.995296969147576,11,1.23076923076923,0.5,"O13","de-protonated",0,NA,"C26 H32 O13",26,32,13,NA,NA,NA,NA,NA,NA,NA,NA
4748,551.191667,551.19006458109,551.189901713463,2161332,NA,189811.3,8.89,-1,0.295483691849411,0.984282434803017,0,0.59056946088181,6,1.60869565217391,0.565217391304348,"P1 O13","de-protonated",0,NA,"C23 H37 O13 P1",23,37,13,NA,1,NA,NA,NA,NA,NA,NA
4749,551.206977,551.205374516803,551.205157854748,5425335,NA,186441.2,25.57,-1,0.393069716434473,0.981280066694722,0.886737849569897,0.943463179844792,10,1.37037037037037,0.37037037037037,"P1 O10","de-protonated",0,NA,"C27 H37 O10 P1",27,37,10,NA,1,NA,NA,NA,NA,NA,NA
4750,551.214907,551.213304483505,551.213400063225,9137336,NA,193227,44.53,-1,-0.17339876067233,0.993861451609316,0.99584969558315,0.994656749198849,10,1.33333333333333,0.444444444444444,"O12","de-protonated",0,NA,"C27 H36 O12",27,36,12,NA,NA,NA,NA,NA,NA,NA,NA
4751,551.227809,551.226206429329,551.226154281066,3123386.8,NA,184901.8,13.81,-1,0.0946041162758312,0.499188681630023,0.723929522638802,0.589085018033534,18,1.02857142857143,0.114285714285714,"S1 O4","de-protonated",0,NA,"C35 H36 O4 S1",35,36,4,NA,NA,1,NA,NA,NA,NA,NA
4752,551.243415,551.241812363799,551.241543364132,2774205.8,NA,185015,12.02,-1,0.487988741303618,0.957711282083942,0,0.574626769250365,9,1.46428571428571,0.321428571428571,"P1 O9","de-protonated",0,NA,"C28 H41 O9 P1",28,41,9,NA,1,NA,NA,NA,NA,NA,NA
4753,551.251306,551.249703330665,551.24978557261,2950335.3,NA,206587.1,12.92,-1,-0.149191795088021,0.995969425012289,0,0.597581655007373,9,1.42857142857143,0.392857142857143,"O11","de-protonated",0,NA,"C28 H40 O11",28,40,11,NA,NA,NA,NA,NA,NA,NA,NA
4754,551.264483,551.262880275334,551.262672732232,5029057.5,NA,204758.1,23.54,-1,0.376486769010837,0.487304481600881,0.785920818505338,0.606751016362664,4,1.8,0.44,"P1 O11","de-protonated",0,NA,"C25 H45 O11 P1",25,45,11,NA,1,NA,NA,NA,NA,NA,NA
4755,551.280162,551.278559209498,551.278798253442,2099652.5,NA,122356.9,8.58,-1,-0.433617155455499,0.966458733286395,0,0.579875239971837,7,1.63333333333333,0.1,"S2 P1 O3","de-protonated",0,NA,"C30 H49 O3 S2 P1",30,49,3,NA,1,2,NA,NA,NA,NA,NA
4758,552.13785,552.136243608047,552.13636727402,2269027.5,NA,189301.8,9.44,-1,-0.223977228748253,0.990938784180087,0,0.594563270508052,16,1.03703703703704,0.222222222222222,"N3 S1 P1 O6","de-protonated",0,NA,"C27 H28 O6 S1 N3 P1",27,28,6,3,1,1,NA,NA,NA,NA,NA
4765,552.25974,552.258133096228,552.257921704425,2554746,NA,204107,10.9,-1,0.382777312706621,0.973764701488133,0,0.58425882089288,4,1.83333333333333,0.458333333333333,"N1 P1 O11","de-protonated",0,NA,"C24 H44 O11 N1 P1",24,44,11,1,1,NA,NA,NA,NA,NA,NA
4768,553.064138,553.062527718543,553.062378722067,1916939.9,NA,179299.5,7.64,-1,0.269402660278445,0.986917188535662,0,0.592150313121397,18,0.692307692307692,0.538461538461538,"O14","de-protonated",0,NA,"C26 H18 O14",26,18,14,NA,NA,NA,NA,NA,NA,NA,NA
4769,553.085098,553.083487630532,553.083508090166,5357071.5,NA,188641.8,25.21,-1,-0.036991944974446,0.499875867857903,0.799615297578637,0.619771639746197,13,0.956521739130435,0.695652173913043,"O16","de-protonated",0,NA,"C23 H22 O16",23,22,16,NA,NA,NA,NA,NA,NA,NA,NA
4770,553.113326,553.111715512002,553.111518449292,3444244.8,NA,167811.9,15.44,-1,0.356280249795927,0.488615458941513,0.723929522638802,0.582741084420429,25,0.628571428571429,0.142857142857143,"S1 O5","de-protonated",0,NA,"C35 H22 O5 S1",35,22,5,NA,NA,1,NA,NA,NA,NA,NA
4771,553.121487,553.119876477733,553.119893599551,10079766,NA,191347.9,49.34,-1,-0.0309549835773637,0.998305123235757,0.944620572833297,0.976831303074773,12,1.08333333333333,0.625,"O15","de-protonated",0,NA,"C24 H26 O15",24,26,15,NA,NA,NA,NA,NA,NA,NA,NA
4772,553.13677,553.13515941356,553.135149740835,2201625,NA,222502,9.09,-1,0.0174870899252745,0.999944514836997,0,0.599966708902198,16,0.928571428571429,0.428571428571429,"O12","de-protonated",0,NA,"C28 H26 O12",28,26,12,NA,NA,NA,NA,NA,NA,NA,NA
4773,553.149799,553.148188358851,553.148036900457,7400987,NA,191204.3,35.66,-1,0.273811679955126,0.493244194927425,0.785920818505338,0.61031484435859,11,1.24,0.48,"P1 O12","de-protonated",0,NA,"C25 H31 O12 P1",25,31,12,NA,1,NA,NA,NA,NA,NA,NA
4774,553.157901,553.15629032483,553.156279108935,12852765,NA,189916.2,63.51,-1,0.0202761781429431,0.994381638915638,0.966910054144293,0.9833930050071,11,1.2,0.56,"O14","de-protonated",0,NA,"C25 H30 O14",25,30,14,NA,NA,NA,NA,NA,NA,NA,NA
4775,553.172699,553.171088262693,553.170883801597,2032671.4,NA,151087.2,8.23,-1,0.369616517749167,0.975515859826264,0,0.585309515895759,6,1.61904761904762,0.619047619047619,"N2 S1 O13","de-protonated",0,NA,"C21 H34 O13 S1 N2",21,34,13,2,NA,1,NA,NA,NA,NA,NA
4776,553.186206,553.184595205977,553.184422409842,9236002,NA,180297,45.03,-1,0.312366234408444,0.99117381697824,0.965783780453916,0.981017802368511,10,1.34615384615385,0.423076923076923,"P1 O11","de-protonated",0,NA,"C26 H35 O11 P1",26,35,11,NA,1,NA,NA,NA,NA,NA,NA
4777,553.194318,553.192707171914,553.192664618319,10505763,NA,192984.1,51.52,-1,0.0769236431170593,0.99935120514522,0.986718017448735,0.994297930066626,10,1.30769230769231,0.5,"O13","de-protonated",0,NA,"C26 H34 O13",26,34,13,NA,NA,NA,NA,NA,NA,NA,NA
4778,553.222659,553.22104805291,553.220807919226,5928488.5,NA,180236.1,28.13,-1,0.434064807955662,0.979692910997391,0.937663434650483,0.962881120458628,9,1.44444444444444,0.37037037037037,"P1 O10","de-protonated",0,NA,"C27 H39 O10 P1",27,39,10,NA,1,NA,NA,NA,NA,NA,NA
4779,553.23059,553.228979019607,553.229050127703,4937257.5,NA,197657.1,23.07,-1,-0.128532830982245,0.498503415618824,0.772687513667176,0.608177054838165,9,1.40740740740741,0.444444444444444,"O12","de-protonated",0,NA,"C27 H38 O12",27,38,12,NA,NA,NA,NA,NA,NA,NA,NA
4780,553.243822,553.242210964046,553.241937287325,2840108,NA,179227.7,12.36,-1,0.494678190694004,0.956569649991768,0,0.573941789995061,4,1.79166666666667,0.5,"P1 O12","de-protonated",0,NA,"C24 H43 O12 P1",24,43,12,NA,1,NA,NA,NA,NA,NA,NA
4781,553.258915,553.25730390067,553.257060486829,3083822.8,NA,162420,13.6,-1,0.439965178373821,0.482743372545195,0.701787487586891,0.570361018561873,21,0.974358974358974,0.0256410256410256,"S1 O1","de-protonated",0,NA,"C39 H38 O1 S1",39,38,1,NA,NA,1,NA,NA,NA,NA,NA
4782,553.267316,553.265704865394,553.265435637088,2582576.3,NA,180231.3,11.04,-1,0.486616891321258,0.957943650261378,0,0.574766190156827,8,1.5,0.392857142857143,"O11","de-protonated",0,NA,"C28 H42 O11",28,42,11,NA,NA,NA,NA,NA,NA,NA,NA
4783,553.280101,553.27848981171,553.27832279671,4107826.5,NA,175236.7,18.83,-1,0.301864347459439,0.491800976792424,0.785920818505338,0.60944891347759,3,1.88,0.44,"P1 O11","de-protonated",0,NA,"C25 H47 O11 P1",25,47,11,NA,1,NA,NA,NA,NA,NA,NA
4784,553.303253,553.301641714494,553.301821146472,1849910.8,NA,233272.9,7.3,-1,-0.324293127516486,0.981098674889166,0,0.5886592049335,7,1.58620689655172,0.344827586206897,"O10","de-protonated",0,NA,"C29 H46 O10",29,46,10,NA,NA,NA,NA,NA,NA,NA,NA
4785,553.316376,553.31476465939,553.314575364313,2182713,NA,167504.9,9,-1,0.342111135335346,0.978987152626329,0,0.587392291575797,15,1.24324324324324,0.0540540540540541,"S1 O2","de-protonated",0,NA,"C37 H46 O2 S1",37,46,2,NA,NA,1,NA,NA,NA,NA,NA
4787,554.108605,554.106990332803,554.106767421485,2232517.5,NA,208640.4,9.25,-1,0.402289471235429,0.971061886275077,0,0.582637131765046,25,0.617647058823529,0.147058823529412,"N1 S1 O5","de-protonated",0,NA,"C34 H21 O5 S1 N1",34,21,5,1,NA,1,NA,NA,NA,NA,NA
4789,554.153315,554.151700145065,554.151528081128,2738893.3,NA,204803.3,11.84,-1,0.310499796915474,0.982658632431621,0,0.589595179458973,11,1.20833333333333,0.583333333333333,"N1 O14","de-protonated",0,NA,"C24 H29 O14 N1",24,29,14,1,NA,NA,NA,NA,NA,NA,NA
4794,554.238756,554.237140786296,554.237053317737,3323612.3,NA,210890.5,14.83,-1,0.157817956707531,0.497745471699547,0.72968508002065,0.590521315027988,17,1.08823529411765,0.117647058823529,"N1 S1 O4","de-protonated",0,NA,"C34 H37 O4 S1 N1",34,37,4,1,NA,1,NA,NA,NA,NA,NA
4795,554.275394,554.273778632452,554.273571768903,1989346.6,NA,191796.4,8.01,-1,0.373215610488184,0.975042745015329,0,0.585025647009197,3,1.91666666666667,0.458333333333333,"N1 P1 O11","de-protonated",0,NA,"C24 H46 O11 N1 P1",24,46,11,1,1,NA,NA,NA,NA,NA,NA
4796,554.532189,554.530572554164,554.530639316256,6029071.5,NA,167065.1,28.65,-1,-0.120393873000235,0.498686707019864,0.707195036525566,0.582090038822145,5,1.81578947368421,0.0263157894736842,"N1 O1","de-protonated",0,NA,"C38 H69 O1 N1",38,69,1,1,NA,NA,NA,NA,NA,NA,NA
4799,555.079652,555.078033255355,555.078028786545,2846574,NA,207953.2,12.39,-1,0.00805077855215422,0.999988239466148,0,0.599992943679689,17,0.769230769230769,0.538461538461538,"O14","de-protonated",0,NA,"C26 H20 O14",26,20,14,NA,NA,NA,NA,NA,NA,NA,NA
4800,555.092794,555.091175200172,555.090915946167,2460528.3,NA,210277,10.42,-1,0.467047824775664,0.961192990132492,0,0.576715794079495,12,1.08695652173913,0.608695652173913,"P1 O14","de-protonated",0,NA,"C23 H25 O14 P1",23,25,14,NA,1,NA,NA,NA,NA,NA,NA
4801,555.100516,555.098897167747,555.099158154644,5378929.5,NA,158685.2,25.32,-1,-0.470162661332513,0.480341992706858,0.799615297578637,0.60805131465557,12,1.04347826086957,0.695652173913043,"O16","de-protonated",0,NA,"C23 H24 O16",23,24,16,NA,NA,NA,NA,NA,NA,NA,NA
4802,555.118511,555.116892092185,555.117134150677,3354484.5,NA,140826.6,14.98,-1,-0.436049396380754,0.966087870581226,0,0.579652722348736,2,2,0.9375,"N2 S2 O15","de-protonated",0,NA,"C16 H32 O15 S2 N2",16,32,15,2,NA,2,NA,NA,NA,NA,NA
4803,555.128986,555.127367048201,555.12716851377,5578614.5,NA,192021,26.34,-1,0.357637749245716,0.48852954357635,0.723929522638802,0.58268953520133,24,0.685714285714286,0.142857142857143,"S1 O5","de-protonated",0,NA,"C35 H24 O5 S1",35,24,5,NA,NA,1,NA,NA,NA,NA,NA
4804,555.137029,555.135410014428,555.135543664029,9310072,NA,186172.7,45.41,-1,-0.240751294363488,0.494769064534597,0.792708917554682,0.613945005742631,11,1.16666666666667,0.625,"O15","de-protonated",0,NA,"C24 H28 O15",24,28,15,NA,NA,NA,NA,NA,NA,NA,NA
4805,555.146404,555.144784975062,555.144926578499,2172281.3,NA,175005.5,8.94,-1,-0.255074720504984,0.988263796478176,0,0.592958277886905,24,0.685714285714286,0.2,"O7","de-protonated",0,NA,"C35 H24 O7",35,24,7,NA,NA,NA,NA,NA,NA,NA,NA
4806,555.152388,555.150768949935,555.150799805313,3390330.3,NA,183266.5,15.17,-1,-0.0555801747048554,0.999439633798427,0,0.599663780279056,15,1,0.428571428571429,"O12","de-protonated",0,NA,"C28 H28 O12",28,28,12,NA,NA,NA,NA,NA,NA,NA,NA
4807,555.165292,555.163672895751,555.163554023154,10637181,NA,189283.9,52.19,-1,0.214121759708199,0.495857712609133,0.718264051224716,0.584820248055366,23,0.777777777777778,0.111111111111111,"S1 O4","de-protonated",0,NA,"C36 H28 O4 S1",36,28,4,NA,NA,1,NA,NA,NA,NA,NA
4808,555.173402,555.171782861697,555.171929173413,8288126,NA,191950.8,40.19,-1,-0.263543072500009,0.988929195494971,0.998261918727291,0.992662284787899,10,1.28,0.56,"O14","de-protonated",0,NA,"C25 H32 O14",25,32,14,NA,NA,NA,NA,NA,NA,NA,NA
4809,555.182916,555.181296821747,555.181312087883,2509695.5,NA,198547.3,10.67,-1,-0.0274975681427194,0.999862813110038,0,0.599917687866023,23,0.777777777777778,0.166666666666667,"O6","de-protonated",0,NA,"C36 H28 O6",36,28,6,NA,NA,NA,NA,NA,NA,NA,NA
4810,555.188739,555.187119797297,555.187185314698,3457920.5,NA,199647.8,15.51,-1,-0.118009570441478,0.498738144289279,0.759892473118277,0.603199875820878,14,1.10344827586207,0.379310344827586,"O11","de-protonated",0,NA,"C29 H32 O11",29,32,11,NA,NA,NA,NA,NA,NA,NA,NA
4811,555.201822,555.200202742361,555.199939532538,8583043,NA,189154.3,41.69,-1,0.474081144017751,0.968973622595208,0.931590738798366,0.954020469076472,22,0.864864864864865,0.0810810810810811,"S1 O3","de-protonated",0,NA,"C37 H32 O3 S1",37,32,3,NA,NA,1,NA,NA,NA,NA,NA
4812,555.209908,555.208288708407,555.208314682797,6223748,NA,202239.7,29.64,-1,-0.0467831427001401,0.499801474460485,0.779247987650237,0.611580079736386,9,1.38461538461538,0.5,"O13","de-protonated",0,NA,"C26 H36 O13",26,36,13,NA,NA,NA,NA,NA,NA,NA,NA
4813,555.225141,555.223521644444,555.223570824082,2400646.8,NA,200140.7,10.11,-1,-0.0885762798367024,0.998577410476937,0,0.599146446286162,13,1.2,0.333333333333333,"O10","de-protonated",0,NA,"C30 H36 O10",30,36,10,NA,NA,NA,NA,NA,NA,NA,NA
4814,555.238388,555.236768588819,555.236654688196,5528457,NA,174914.1,26.09,-1,0.205138875292837,0.992393361997134,0,0.59543601719828,0,2.35294117647059,0.941176470588235,"N4 O16","de-protonated",0,NA,"C17 H40 O16 N4",17,40,16,4,NA,NA,NA,NA,NA,NA,NA
4815,555.246319,555.244699555517,555.244700192181,2315658.5,NA,214160.3,9.68,-1,-0.00114663806478188,0.999999761435133,0,0.59999985686108,8,1.48148148148148,0.444444444444444,"O12","de-protonated",0,NA,"C27 H40 O12",27,40,12,NA,NA,NA,NA,NA,NA,NA,NA
4816,555.259842,555.258222498733,555.258456731729,1976204.8,NA,149584.4,7.94,-1,-0.421844985209074,0.968226363133558,0,0.580935817880135,2,1.96,0.28,"S2 P1 O7","de-protonated",0,NA,"C25 H49 O7 S2 P1",25,49,7,NA,1,2,NA,NA,NA,NA,NA
4817,555.274729,555.273109436223,555.272843493088,3012495.3,NA,192021.9,13.24,-1,0.478941366054178,0.959232708147007,0,0.575539624888204,7,1.60714285714286,0.321428571428571,"P1 O9","de-protonated",0,NA,"C28 H45 O9 P1",28,45,9,NA,1,NA,NA,NA,NA,NA,NA
4818,555.28258,555.280960403256,555.281085701566,2525072.5,NA,208326.5,10.74,-1,-0.225648438181298,0.990803684904051,0,0.594482210942431,7,1.57142857142857,0.392857142857143,"O11","de-protonated",0,NA,"C28 H44 O11",28,44,11,NA,NA,NA,NA,NA,NA,NA,NA
4819,555.319155,555.317535249677,555.31747121095,2448278.8,NA,200466.5,10.35,-1,0.115319128471309,0.997589913326304,0,0.598553947995782,6,1.6551724137931,0.344827586206897,"O10","de-protonated",0,NA,"C29 H48 O10",29,48,10,NA,NA,NA,NA,NA,NA,NA,NA
4820,555.355436,555.353816097332,555.353856720334,2176925,NA,237603.4,8.97,-1,-0.073147960865905,0.99902960740751,0,0.599417764444506,5,1.73333333333333,0.3,"O9","de-protonated",0,NA,"C30 H52 O9",30,52,9,NA,NA,NA,NA,NA,NA,NA,NA
4824,556.124223,556.122599869178,556.122417485963,12705823,NA,187362,62.75,-1,0.327955159141733,0.490336779446558,0.72968508002065,0.586076099676195,24,0.676470588235294,0.147058823529412,"N1 S1 O5","de-protonated",0,NA,"C34 H23 O5 S1 N1",34,23,5,1,NA,1,NA,NA,NA,NA,NA
4826,556.140073,556.138449802624,556.138675948955,1820705.6,NA,230813.8,7.15,-1,-0.406636582408522,0.970442485476551,0,0.582265491285931,14,1.14285714285714,0.178571428571429,"N1 S2 P1 O5","de-protonated",0,NA,"C28 H32 O5 S2 N1 P1",28,32,5,1,1,2,NA,NA,NA,NA,NA
4827,556.14716,556.145536772865,556.14553571317,1810466.8,NA,169550.1,7.09,-1,0.0019054287724323,0.999999341221946,0,0.599999604733168,33,0.475,0.025,"N3 O1","de-protonated",0,NA,"C40 H19 O1 N3",40,19,1,3,NA,NA,NA,NA,NA,NA,NA
4831,556.241512,556.239888376679,556.239949164374,2177586.5,NA,210351.8,8.97,-1,-0.109283224512226,0.997835336696948,0,0.598701202018169,8,1.5,0.461538461538462,"N1 O12","de-protonated",0,NA,"C26 H39 O12 N1",26,39,12,1,NA,NA,NA,NA,NA,NA,NA
4834,557.059272,557.057644942887,557.057782599009,1820857.8,NA,164368.8,7.15,-1,-0.247112824135846,0.988981040143506,0,0.593388624086103,21,0.678571428571429,0.25,"N2 S1 P1 O7","de-protonated",0,NA,"C28 H19 O7 S1 N2 P1",28,19,7,2,1,1,NA,NA,NA,NA,NA
4835,557.079902,557.078274856261,557.078422709738,2778301.3,NA,184054.7,12.04,-1,-0.265408730295926,0.98729976636607,0,0.592379859819642,12,1,0.772727272727273,"O17","de-protonated",0,NA,"C22 H22 O17",22,22,17,NA,NA,NA,NA,NA,NA,NA,NA
4836,557.095136,557.093508792293,557.093678851023,3713215.8,NA,208198.9,16.81,-1,-0.305260562233378,0.9832340236106,0,0.58994041416636,16,0.846153846153846,0.538461538461538,"O14","de-protonated",0,NA,"C26 H22 O14",26,22,14,NA,NA,NA,NA,NA,NA,NA,NA
4837,557.10834,557.106712736849,557.106566010645,4014273.8,NA,193408.3,18.35,-1,0.263371881815003,0.987492731811672,0,0.592495639087003,11,1.17391304347826,0.608695652173913,"P1 O14","de-protonated",0,NA,"C23 H27 O14 P1",23,27,14,NA,1,NA,NA,NA,NA,NA,NA
4838,557.116289,557.114661703471,557.114808219122,3671235,NA,167015.2,16.6,-1,-0.262990049229856,0.987528744298658,0,0.592517246579195,11,1.1304347826087,0.695652173913043,"O16","de-protonated",0,NA,"C23 H26 O16",23,26,16,NA,NA,NA,NA,NA,NA,NA,NA
4839,557.127979,557.126351654385,557.126530865785,3466437,NA,221020.2,15.55,-1,-0.321670913686903,0.98140025986702,0,0.588840155920212,15,1.08,0.28,"N4 S1 P1 O7","de-protonated",0,NA,"C25 H27 O7 S1 N4 P1",25,27,7,4,1,1,NA,NA,NA,NA,NA
4840,557.131525,557.129897639495,557.130064360407,3719365.5,NA,189706.1,16.84,-1,-0.299249533815012,0.491941259017867,0.772687513667176,0.604239760877591,15,0.962962962962963,0.481481481481481,"O13","de-protonated",0,NA,"C27 H26 O13",27,26,13,NA,NA,NA,NA,NA,NA,NA,NA
4841,557.144748,557.143120583971,557.142951520029,8274120,NA,191183.5,40.11,-1,0.303448050126445,0.987327728898333,0.955073132859991,0.974425890482997,10,1.29166666666667,0.541666666666667,"P1 O13","de-protonated",0,NA,"C24 H31 O13 P1",24,31,13,NA,1,NA,NA,NA,NA,NA,NA
4842,557.152871,557.151243549863,557.151193728507,5310665,NA,195418,24.97,-1,0.0894216090769003,0.499275073840898,0.792708917554682,0.616648611326411,10,1.25,0.625,"O15","de-protonated",0,NA,"C24 H30 O15",24,30,15,NA,NA,NA,NA,NA,NA,NA,NA
4843,557.162471,557.160843509552,557.160576642977,3416266.8,NA,176230.6,15.3,-1,0.478976055360051,0.479613462260649,0.723929522638802,0.57733988641191,23,0.742857142857143,0.2,"O7","de-protonated",0,NA,"C35 H26 O7",35,26,7,NA,NA,NA,NA,NA,NA,NA,NA
4844,557.168163,557.166535485651,557.166449869791,4790475.5,NA,190721.7,22.32,-1,0.153662985156943,0.497862370935682,0.766236582456902,0.60521205554417,14,1.07142857142857,0.428571428571429,"O12","de-protonated",0,NA,"C28 H30 O12",28,30,12,NA,NA,NA,NA,NA,NA,NA,NA
4845,557.181164,557.17953643106,557.179337029413,11243726,NA,191006,55.28,-1,0.357876958259906,0.98793430911742,0.966737506084199,0.979455587904132,9,1.4,0.48,"P1 O12","de-protonated",0,NA,"C25 H35 O12 P1",25,35,12,NA,1,NA,NA,NA,NA,NA,NA
4846,557.189202,557.187574397308,557.187579237891,5310671,NA,183899.6,24.97,-1,-0.00868752827041765,0.499993152795156,0.785920818505338,0.614364219079229,9,1.36,0.56,"O14","de-protonated",0,NA,"C25 H34 O14",25,34,14,NA,NA,NA,NA,NA,NA,NA,NA
4848,557.204431,557.202803333361,557.202835379176,4132049.5,NA,183028.3,18.95,-1,-0.0575119375870026,0.49970000811024,0.759892473118277,0.603776994113455,13,1.17241379310345,0.379310344827586,"O11","de-protonated",0,NA,"C29 H34 O11",29,34,11,NA,NA,NA,NA,NA,NA,NA,NA
4849,557.217482,557.21585427856,557.215589597016,6805715.5,NA,191290.9,32.61,-1,0.475007427025147,0.978738311099427,0.980005004614415,0.979244988505423,21,0.918918918918919,0.0810810810810811,"S1 O3","de-protonated",0,NA,"C37 H34 O3 S1",37,34,3,NA,NA,1,NA,NA,NA,NA,NA
4850,557.225822,557.22419424354,557.223964747275,2569429,NA,191705.5,10.97,-1,0.411856415295249,0.969690469839607,0,0.581814281903764,8,1.46153846153846,0.5,"O13","de-protonated",0,NA,"C26 H38 O13",26,38,13,NA,NA,NA,NA,NA,NA,NA,NA
4851,557.240476,557.238848182007,557.239058697308,2244311.5,NA,145326.7,9.31,-1,-0.377782743552887,0.974436113458336,0,0.584661668075002,7,1.72,0.16,"N4 S2 P1 O4","de-protonated",0,NA,"C25 H43 O4 S2 N4 P1",25,43,4,4,1,2,NA,NA,NA,NA,NA
4853,557.261999,557.260371091632,557.260350256659,2480347,NA,204449.9,10.51,-1,0.0373882196196464,0.99974638886268,0,0.599847833317608,7,1.55555555555556,0.444444444444444,"O12","de-protonated",0,NA,"C27 H42 O12",27,42,12,NA,NA,NA,NA,NA,NA,NA,NA
4854,557.29814,557.296511939875,557.296735766044,2689248.8,NA,195519.9,11.58,-1,-0.401628350518905,0.971155537637728,0,0.582693322582637,6,1.64285714285714,0.392857142857143,"O11","de-protonated",0,NA,"C28 H46 O11",28,46,11,NA,NA,NA,NA,NA,NA,NA,NA
4855,557.334861,557.333232785683,557.333121275428,2375398.8,NA,196992.7,9.98,-1,0.200078284469542,0.992762685997142,0,0.595657611598285,5,1.72413793103448,0.344827586206897,"O10","de-protonated",0,NA,"C29 H50 O10",29,50,10,NA,NA,NA,NA,NA,NA,NA,NA
4858,558.12155,558.119918482358,558.11979097887,3353957.5,NA,223111,14.98,-1,0.228451830680568,0.990574847532929,0,0.594344908519757,1,2.26666666666667,0.866666666666667,"N3 S2 P1 O13","de-protonated",0,NA,"C15 H34 O13 S2 N3 P1",15,34,13,3,1,2,NA,NA,NA,NA,NA
4862,558.257149,558.255516912975,558.255599228852,2128763,NA,193077.1,8.72,-1,-0.147451951283124,0.996062700091941,0,0.597637620055164,7,1.57692307692308,0.461538461538462,"N1 O12","de-protonated",0,NA,"C26 H41 O12 N1",26,41,12,1,NA,NA,NA,NA,NA,NA,NA
4865,559.074491,559.072855480938,559.072943406117,3694075.8,NA,200076.2,16.71,-1,-0.157269600962215,0.995522153243338,0,0.597313291946003,16,0.8,0.6,"O15","de-protonated",0,NA,"C25 H20 O15",25,20,15,NA,NA,NA,NA,NA,NA,NA,NA
4866,559.087729,559.086093425351,559.085830565739,2221054,NA,199892.9,9.19,-1,0.470159675322136,0.960684474857206,0,0.576410684914323,11,1.13636363636364,0.681818181818182,"P1 O15","de-protonated",0,NA,"C22 H25 O15 P1",22,25,15,NA,1,NA,NA,NA,NA,NA,NA
4867,559.096071,559.094435390323,559.094429089805,2169855.3,NA,198167.9,8.93,-1,0.0112691487626035,0.999976957422939,0,0.599986174453764,28,0.555555555555556,0.0277777777777778,"N2 S2 O1","de-protonated",0,NA,"C36 H20 O1 S2 N2",36,20,1,2,NA,2,NA,NA,NA,NA,NA
4868,559.110966,559.109330327778,559.109328915501,4399617.5,NA,202552.1,20.32,-1,0.00252594172683024,0.499999421144405,0.779247987650237,0.611698847746738,15,0.923076923076923,0.538461538461538,"O14","de-protonated",0,NA,"C26 H24 O14",26,24,14,NA,NA,NA,NA,NA,NA,NA,NA
4869,559.124113,559.122477272574,559.122216075123,5599747.5,NA,187542.4,26.45,-1,0.467156274066086,0.480587660221566,0.799615297578637,0.608198715164394,10,1.26086956521739,0.608695652173913,"P1 O14","de-protonated",0,NA,"C23 H29 O14 P1",23,29,14,NA,1,NA,NA,NA,NA,NA,NA
4870,559.132125,559.130489238931,559.1304582836,2352644.8,NA,217971.1,9.86,-1,0.0553633425867411,0.999443996312958,0,0.599666397787775,10,1.21739130434783,0.695652173913043,"O16","de-protonated",0,NA,"C23 H28 O16",23,28,16,NA,NA,NA,NA,NA,NA,NA,NA
4871,559.141802,559.140166198297,559.140192071155,2322950.3,NA,217385.7,9.71,-1,-0.0462725771780391,0.999611566351403,0,0.599766939810842,0,2.3125,0.8125,"N2 S2 P1 O13","de-protonated",0,NA,"C16 H37 O13 S2 N2 P1",16,37,13,2,1,2,NA,NA,NA,NA,NA
4872,559.147395,559.145759174812,559.145714424885,6248967,NA,191570.7,29.77,-1,0.0800326748491503,0.996076476521002,0.971460329248327,0.986230017611932,14,1.03703703703704,0.481481481481481,"O13","de-protonated",0,NA,"C27 H28 O13",27,28,13,NA,NA,NA,NA,NA,NA,NA,NA
4873,559.160513,559.15887711973,559.158601584507,9294345,NA,191199.4,45.32,-1,0.492767564906742,0.957283888242392,0.957370638556391,0.957318588367991,9,1.375,0.541666666666667,"P1 O13","de-protonated",0,NA,"C24 H33 O13 P1",24,33,13,NA,1,NA,NA,NA,NA,NA,NA
4874,559.168553,559.166917085969,559.166843792985,2124298.5,NA,224832,8.69,-1,0.13107534129975,0.996887430491936,0,0.598132458295161,9,1.33333333333333,0.625,"O15","de-protonated",0,NA,"C24 H32 O15",24,32,15,NA,NA,NA,NA,NA,NA,NA,NA
4875,559.178109,559.176473045844,559.176226707455,3164684,NA,183074.3,14.01,-1,0.440538021515936,0.482699193438322,0.723929522638802,0.579191325118514,22,0.8,0.2,"O7","de-protonated",0,NA,"C35 H28 O7",35,28,7,NA,NA,NA,NA,NA,NA,NA,NA
4876,559.183612,559.181976022736,559.182099934269,7019021,NA,190991.2,33.7,-1,-0.221594241014094,0.495564858738776,0.766236582456902,0.603833548226026,13,1.14285714285714,0.428571428571429,"O12","de-protonated",0,NA,"C28 H32 O12",28,32,12,NA,NA,NA,NA,NA,NA,NA,NA
4877,559.196811,559.195174967314,559.194987093891,6857231,NA,195378,32.87,-1,0.335971220082863,0.489863497918435,0.785920818505338,0.608286426153196,8,1.48,0.48,"P1 O12","de-protonated",0,NA,"C25 H37 O12 P1",25,37,12,NA,1,NA,NA,NA,NA,NA,NA
4878,559.204733,559.203096934049,559.203229302369,1804304.1,NA,226555.5,7.06,-1,-0.236708790424871,0.989884746130242,0,0.593930847678145,8,1.44,0.56,"O14","de-protonated",0,NA,"C25 H36 O14",25,36,14,NA,NA,NA,NA,NA,NA,NA,NA
4880,559.219869,559.218232870492,559.218485443654,4963858.5,NA,183176.4,23.2,-1,-0.451653813147512,0.971463484493118,0.97333718985087,0.972212966636219,12,1.24137931034483,0.379310344827586,"O11","de-protonated",0,NA,"C29 H36 O11",29,36,11,NA,NA,NA,NA,NA,NA,NA,NA
4881,559.233119,559.231482814855,559.231239661494,4791828.5,NA,193079.5,22.32,-1,0.43479931711033,0.965520301616256,0.929514451897356,0.951117961728696,20,0.972972972972973,0.0810810810810811,"S1 O3","de-protonated",0,NA,"C37 H36 O3 S1",37,36,3,NA,NA,1,NA,NA,NA,NA,NA
4882,559.25669,559.25505371588,559.254870953038,2138648.3,NA,219376.5,8.77,-1,0.32679705051631,0.980808496946363,0,0.588485098167818,11,1.33333333333333,0.333333333333333,"O10","de-protonated",0,NA,"C30 H40 O10",30,40,10,NA,NA,NA,NA,NA,NA,NA,NA
4883,559.269414,559.267777662452,559.267625170879,2387994.3,NA,206271.2,10.04,-1,0.272662972884405,0.986600759719461,0,0.591960455831677,19,1.05263157894737,0.0526315789473684,"S1 O2","de-protonated",0,NA,"C38 H40 O2 S1",38,40,2,NA,NA,1,NA,NA,NA,NA,NA
4884,559.305703,559.304066510074,559.304010680263,2204703.8,NA,196573.4,9.1,-1,0.099820150955698,0.998193667328484,0,0.59891620039709,18,1.12820512820513,0.0256410256410256,"S1 O1","de-protonated",0,NA,"C39 H44 O1 S1",39,44,1,NA,NA,1,NA,NA,NA,NA,NA
4885,559.313925,559.312288475549,559.312385830522,2879009,NA,190303.3,12.55,-1,-0.174061892866507,0.994517634027928,0,0.596710580416757,5,1.71428571428571,0.392857142857143,"O11","de-protonated",0,NA,"C28 H48 O11",28,48,11,NA,NA,NA,NA,NA,NA,NA,NA
4890,560.27307,560.271429448078,560.27124929333,2006196,NA,219737.1,8.09,-1,0.321549156404454,0.981414206122477,0,0.588848523673486,6,1.65384615384615,0.461538461538462,"N1 O12","de-protonated",0,NA,"C26 H43 O12 N1",26,43,12,1,NA,NA,NA,NA,NA,NA,NA
4891,560.309173,560.307532296481,560.307634802715,2120377.5,NA,194336.5,8.67,-1,-0.182946345119109,0.993945430877773,0,0.596367258526664,5,1.74074074074074,0.407407407407407,"N1 O11","de-protonated",0,NA,"C27 H47 O11 N1",27,47,11,1,NA,NA,NA,NA,NA,NA,NA
4893,561.053802,561.052158169767,561.05220796121,2041129,NA,192384.8,8.27,-1,-0.0887465415316695,0.998571940116265,0,0.599143164069759,16,0.75,0.666666666666667,"O16","de-protonated",0,NA,"C24 H18 O16",24,18,16,NA,NA,NA,NA,NA,NA,NA,NA
4894,561.090099,561.088455017355,561.088593470595,5035822.5,NA,180463.4,23.57,-1,-0.246758249764498,0.494506232366949,0.785920818505338,0.611072066822304,15,0.88,0.6,"O15","de-protonated",0,NA,"C25 H22 O15",25,22,15,NA,NA,NA,NA,NA,NA,NA,NA
4896,561.121031,561.119386887471,561.119595010535,1826867,NA,136564.4,7.17,-1,-0.370906782430402,0.97534675030737,0,0.585208050184422,27,0.638888888888889,0.0277777777777778,"N2 S1 P1 O1","de-protonated",0,NA,"C36 H23 O1 S1 N2 P1",36,23,1,2,1,1,NA,NA,NA,NA,NA
4897,561.126606,561.124961864062,561.124978979979,7777076,NA,188230.1,37.57,-1,-0.0305028611659214,0.996443291077185,0.992812407617699,0.994990937693391,14,1,0.538461538461538,"O14","de-protonated",0,NA,"C26 H26 O14",26,26,14,NA,NA,NA,NA,NA,NA,NA,NA
4898,561.139671,561.138026809201,561.137866139601,4929334,NA,191614.5,23.02,-1,0.286328209745195,0.492617119131856,0.799615297578637,0.615416390510568,9,1.34782608695652,0.608695652173913,"P1 O14","de-protonated",0,NA,"C23 H31 O14 P1",23,31,14,NA,1,NA,NA,NA,NA,NA,NA
4899,561.157736,561.156091733346,561.156360642474,2584888.5,NA,132178.2,11.05,-1,-0.479205346390473,0.959188685978371,0,0.575513211587023,21,0.857142857142857,0.0857142857142857,"S2 O3","de-protonated",0,NA,"C35 H30 O3 S2",35,30,3,NA,NA,2,NA,NA,NA,NA,NA
4900,561.162919,561.161274711582,561.161364489363,9763641,NA,182435.1,47.72,-1,-0.159985676740674,0.997106743167195,0.994839971493309,0.996200034497641,13,1.11111111111111,0.481481481481481,"O13","de-protonated",0,NA,"C27 H30 O13",27,30,13,NA,NA,NA,NA,NA,NA,NA,NA
4901,561.175973,561.174328656768,561.174118707204,5790523,NA,200555.4,27.42,-1,0.374125530597725,0.970942427685487,0.985069822153147,0.976593385472551,21,0.857142857142857,0.142857142857143,"S1 O5","de-protonated",0,NA,"C35 H30 O5 S1",35,30,5,NA,NA,1,NA,NA,NA,NA,NA
4903,561.199284,561.197639558885,561.197749998747,8520511,NA,194217.4,41.37,-1,-0.196793131114313,0.988416328532674,0.963866307891648,0.978596320276264,12,1.21428571428571,0.428571428571429,"O12","de-protonated",0,NA,"C28 H34 O12",28,34,12,NA,NA,NA,NA,NA,NA,NA,NA
4904,561.212497,561.210852503403,561.210637158369,4945728.5,NA,186010.6,23.11,-1,0.383715167952146,0.486818847889628,0.785920818505338,0.606459636135912,7,1.56,0.48,"P1 O12","de-protonated",0,NA,"C25 H39 O12 P1",25,39,12,NA,1,NA,NA,NA,NA,NA,NA
4905,561.235785,561.234140405616,561.234135508132,5585732,NA,184691.6,26.38,-1,0.0087262773067359,0.499993091578098,0.759892473118277,0.60395284419417,11,1.31034482758621,0.379310344827586,"O11","de-protonated",0,NA,"C29 H38 O11",29,38,11,NA,NA,NA,NA,NA,NA,NA,NA
4906,561.248894,561.247249350571,561.247022667754,4652870,NA,199116.3,21.61,-1,0.403891350050514,0.963778087624524,0.874936082057223,0.928241285397604,6,1.65384615384615,0.423076923076923,"P1 O11","de-protonated",0,NA,"C26 H43 O11 P1",26,43,11,NA,1,NA,NA,NA,NA,NA,NA
4907,561.271674,561.270029254918,561.269869568893,1798985.3,NA,140477.8,7.03,-1,0.284508456533563,0.9854199582357,0,0.59125197494142,1,2.09090909090909,0.545454545454545,"N2 S1 O12","de-protonated",0,NA,"C22 H46 O12 S1 N2",22,46,12,2,NA,1,NA,NA,NA,NA,NA
4908,561.285252,561.283607197904,561.283408177138,4416331.5,NA,184908.6,20.4,-1,0.354581593758522,0.973646148121134,0.853104001457888,0.925429289455836,5,1.74074074074074,0.37037037037037,"P1 O10","de-protonated",0,NA,"C27 H47 O10 P1",27,47,10,NA,1,NA,NA,NA,NA,NA,NA
4909,561.321485,561.31984004576,561.319660744741,2828112.8,NA,181883.4,12.29,-1,0.319427649180832,0.490828195376296,0.701787487586891,0.575211912260534,17,1.17948717948718,0.0256410256410256,"S1 O1","de-protonated",0,NA,"C39 H46 O1 S1",39,46,1,NA,NA,1,NA,NA,NA,NA,NA
4911,562.143212,562.14156359531,562.141357320271,2203592.5,NA,188041.7,9.1,-1,0.366945140253587,0.975864205212492,0,0.585518523127495,9,1.31818181818182,0.727272727272727,"N1 O16","de-protonated",0,NA,"C22 H29 O16 N1",22,29,16,1,NA,NA,NA,NA,NA,NA,NA
4915,562.2161,562.214451289252,562.21461759641,1831379,NA,189473.2,7.2,-1,-0.295807246744333,0.984248267144089,0,0.590548960286453,11,1.40740740740741,0.222222222222222,"N3 S1 P1 O6","de-protonated",0,NA,"C27 H38 O6 S1 N3 P1",27,38,6,3,1,1,NA,NA,NA,NA,NA
4916,562.238732,562.23708319422,562.237267793058,2131926.3,NA,167411.4,8.73,-1,-0.328329067397961,0.98062989467912,0,0.588377936807472,14,1.27272727272727,0.0303030303030303,"N1 S2 P1 O1","de-protonated",0,NA,"C33 H42 O1 S2 N1 P1",33,42,1,1,1,2,NA,NA,NA,NA,NA
4920,563.069702,563.068049704959,563.067858025688,4139084.8,NA,201334.9,18.98,-1,0.340419485092768,0.489596136554432,0.792708917554682,0.610841248954532,15,0.833333333333333,0.666666666666667,"O16","de-protonated",0,NA,"C24 H20 O16",24,20,16,NA,NA,NA,NA,NA,NA,NA,NA
4921,563.105801,563.104148553378,563.104243535073,6784082,NA,184336.4,32.5,-1,-0.16867515327425,0.983566447940864,0.988734306837748,0.985633591499617,14,0.96,0.6,"O15","de-protonated",0,NA,"C25 H24 O15",25,24,15,NA,NA,NA,NA,NA,NA,NA,NA
4922,563.118813,563.11716049874,563.116997752913,2015315.6,NA,193264.9,8.13,-1,0.289008905917754,0.984958559988441,0,0.590975135993065,22,0.727272727272727,0.212121212121212,"S1 O7","de-protonated",0,NA,"C33 H24 O7 S1",33,24,7,NA,NA,1,NA,NA,NA,NA,NA
4923,563.136745,563.135092423443,563.135245075013,1836118.1,NA,137675.8,7.22,-1,-0.271074436509956,0.98675539752724,0,0.592053238516344,26,0.694444444444444,0.0277777777777778,"N2 S1 P1 O1","de-protonated",0,NA,"C36 H25 O1 S1 N2 P1",36,25,1,2,1,1,NA,NA,NA,NA,NA
4924,563.142222,563.140569400445,563.140629044457,10204247,NA,186740.7,49.97,-1,-0.105913174250347,0.998921793367129,0.994490950399951,0.997149456180258,13,1.07692307692308,0.538461538461538,"O14","de-protonated",0,NA,"C26 H28 O14",26,28,14,NA,NA,NA,NA,NA,NA,NA,NA
4925,563.155268,563.153615345665,563.153383262297,3650648.8,NA,210689.7,16.49,-1,0.412113954342637,0.484826566683981,0.72968508002065,0.582769972018649,21,0.823529411764706,0.176470588235294,"S1 O6","de-protonated",0,NA,"C34 H28 O6 S1",34,28,6,NA,NA,1,NA,NA,NA,NA,NA
4926,563.170706,563.16905328084,563.168772345364,3428955,NA,136514.1,15.36,-1,0.498847753242003,0.955850901544123,0,0.573510540926473,12,1.22222222222222,0.407407407407407,"P1 O11","de-protonated",0,NA,"C27 H33 O11 P1",27,33,11,NA,1,NA,NA,NA,NA,NA,NA
4927,563.178589,563.176936247739,563.177014553841,10531932,NA,186461.4,51.64,-1,-0.139043497142137,0.997731003320806,0.992725017825897,0.995728609122843,12,1.18518518518519,0.481481481481481,"O13","de-protonated",0,NA,"C27 H32 O13",27,32,13,NA,NA,NA,NA,NA,NA,NA,NA
4928,563.1916,563.189947193106,563.189768771682,3308637.8,NA,184138.4,14.74,-1,0.316805159445054,0.984824755487355,0.918138579814893,0.95815028521837,20,0.914285714285714,0.142857142857143,"S1 O5","de-protonated",0,NA,"C35 H32 O5 S1",35,32,5,NA,NA,1,NA,NA,NA,NA,NA
4929,563.207049,563.205396128235,563.205157854748,2931808,NA,215288.1,12.82,-1,0.423066948118314,0.968044995611045,0,0.580826997366627,11,1.32142857142857,0.357142857142857,"P1 O10","de-protonated",0,NA,"C28 H37 O10 P1",28,37,10,NA,1,NA,NA,NA,NA,NA,NA
4930,563.2151,563.213447094429,563.213400063225,7695457,NA,190859.4,37.15,-1,0.0835051218882453,0.998342287440364,0.990951079494283,0.995385804261932,11,1.28571428571429,0.428571428571429,"O12","de-protonated",0,NA,"C28 H36 O12",28,36,12,NA,NA,NA,NA,NA,NA,NA,NA
4933,563.251513,563.24985994153,563.24978557261,3806310.3,NA,201750.8,17.28,-1,0.132035416992646,0.498420869566435,0.759892473118277,0.603009510987172,10,1.37931034482759,0.379310344827586,"O11","de-protonated",0,NA,"C29 H40 O11",29,40,11,NA,NA,NA,NA,NA,NA,NA,NA
4934,563.264512,563.262858886947,563.262672732232,4835432,NA,192695.8,22.54,-1,0.330493611886365,0.98142868222182,0.909071008527265,0.952485612743998,5,1.73076923076923,0.423076923076923,"P1 O11","de-protonated",0,NA,"C26 H45 O11 P1",26,45,11,NA,1,NA,NA,NA,NA,NA,NA
4935,563.300908,563.299254734119,563.299058241616,4471917,NA,199937.8,20.68,-1,0.34882448411165,0.489081768227919,0.772687513667176,0.602524066403622,4,1.81481481481481,0.37037037037037,"P1 O10","de-protonated",0,NA,"C27 H49 O10 P1",27,49,10,NA,1,NA,NA,NA,NA,NA,NA
4936,563.337305,563.335651581288,563.335443751,2430578.3,NA,200251.9,10.26,-1,0.368928121981643,0.975605855811703,0,0.585363513487022,3,1.89285714285714,0.321428571428571,"P1 O9","de-protonated",0,NA,"C28 H53 O9 P1",28,53,9,NA,1,NA,NA,NA,NA,NA,NA
4942,564.231464,564.229806826694,564.229778403518,2053870,NA,195271.9,8.33,-1,0.0503751794385865,0.999539651155008,0,0.599723790693005,6,1.625,0.583333333333333,"N1 O14","de-protonated",0,NA,"C24 H39 O14 N1",24,39,14,1,NA,NA,NA,NA,NA,NA,NA
4943,564.259761,564.258103707874,564.257921704425,1962225.9,NA,231751,7.86,-1,0.32255364540597,0.981298998543412,0,0.588779399126047,5,1.76,0.44,"N1 P1 O11","de-protonated",0,NA,"C25 H44 O11 N1 P1",25,44,11,1,1,NA,NA,NA,NA,NA,NA
4945,564.304425,564.302767520329,564.302549422286,3071224,NA,179821.5,13.53,-1,0.386491330028632,0.973260020152722,0,0.583956012091633,4,1.80769230769231,0.461538461538462,"N1 O12","de-protonated",0,NA,"C26 H47 O12 N1",26,47,12,1,NA,NA,NA,NA,NA,NA,NA
4949,565.085027,565.083366242564,565.083508090166,5082465.5,NA,195546.9,23.8,-1,-0.25102060129162,0.494315893399946,0.792708917554682,0.613673103061841,14,0.916666666666667,0.666666666666667,"O16","de-protonated",0,NA,"C24 H22 O16",24,22,16,NA,NA,NA,NA,NA,NA,NA,NA
4951,565.121507,565.119846089384,565.119893599551,8435046,NA,186242.2,40.93,-1,-0.084070950716004,0.499359178173018,0.785920818505338,0.613983834305946,13,1.04,0.6,"O15","de-protonated",0,NA,"C25 H26 O15",25,26,15,NA,NA,NA,NA,NA,NA,NA,NA
4952,565.134408,565.132747035212,565.132647817391,1951080,NA,191089.2,7.81,-1,0.175565545258406,0.994422770655467,0,0.59665366239328,21,0.787878787878788,0.212121212121212,"S1 O7","de-protonated",0,NA,"C33 H26 O7 S1",33,26,7,NA,NA,1,NA,NA,NA,NA,NA
4953,565.149952,565.148290969943,565.148036900457,3604842,NA,170952.1,16.25,-1,0.449562713872481,0.963992289179048,0,0.578395373507429,12,1.19230769230769,0.461538461538462,"P1 O12","de-protonated",0,NA,"C26 H31 O12 P1",26,31,12,NA,1,NA,NA,NA,NA,NA,NA
4954,565.157897,565.156235936582,565.156279108935,11584875,NA,185698.6,57.02,-1,-0.0763901153357138,0.999245500630815,0.994352642768075,0.997288357485719,12,1.15384615384615,0.538461538461538,"O14","de-protonated",0,NA,"C26 H30 O14",26,30,14,NA,NA,NA,NA,NA,NA,NA,NA
4955,565.170698,565.16903688283,565.169033326775,2417004.8,NA,201302.2,10.19,-1,0.00629201952727044,0.999992816561268,0,0.599995689936761,20,0.882352941176471,0.176470588235294,"S1 O6","de-protonated",0,NA,"C34 H30 O6 S1",34,30,6,NA,NA,1,NA,NA,NA,NA,NA
4957,565.194238,565.192576783985,565.192664618319,10954096,NA,187541.8,53.8,-1,-0.155406005609988,0.989900728025696,0.985007712982791,0.987943522008534,11,1.25925925925926,0.481481481481481,"O13","de-protonated",0,NA,"C27 H34 O13",27,34,13,NA,NA,NA,NA,NA,NA,NA,NA
4959,565.222821,565.221159663964,565.221004623718,4542836,NA,179779.4,21.05,-1,0.274300219945468,0.986440460166345,0,0.591864276099807,2,2.11111111111111,0.888888888888889,"N4 O16","de-protonated",0,NA,"C18 H38 O16 N4",18,38,16,4,NA,NA,NA,NA,NA,NA,NA
4960,565.230713,565.229051630826,565.229050127703,5909877,NA,181894.7,28.03,-1,0.00265931505228578,0.989734165381437,0.962990579344994,0.97903673096686,10,1.35714285714286,0.428571428571429,"O12","de-protonated",0,NA,"C28 H38 O12",28,38,12,NA,NA,NA,NA,NA,NA,NA,NA
4961,565.243847,565.242185575676,565.241937287325,3191158.5,NA,197856.6,14.14,-1,0.439260312695753,0.965595320430279,0,0.579357192258168,5,1.72,0.48,"P1 O12","de-protonated",0,NA,"C25 H43 O12 P1",25,43,12,NA,1,NA,NA,NA,NA,NA,NA
4962,565.259262,565.257600510948,565.257390133103,2979192.8,NA,171676.3,13.06,-1,0.372180618487933,0.975179244831104,0,0.585107546898662,1,2.21052631578947,0.789473684210526,"N4 O15","de-protonated",0,NA,"C19 H42 O15 N4",19,42,15,4,NA,NA,NA,NA,NA,NA,NA
4963,565.266866,565.265204479018,565.265435637088,2341753.8,NA,204781.7,9.8,-1,-0.408937208803035,0.970112147076123,0,0.582067288245674,9,1.44827586206897,0.379310344827586,"O11","de-protonated",0,NA,"C29 H42 O11",29,42,11,NA,NA,NA,NA,NA,NA,NA,NA
4964,565.280218,565.278556422953,565.27832279671,4943227.5,NA,179622.2,23.09,-1,0.413294183958945,0.484740875309283,0.779247987650237,0.602543720245664,4,1.80769230769231,0.423076923076923,"P1 O11","de-protonated",0,NA,"C26 H47 O11 P1",26,47,11,NA,1,NA,NA,NA,NA,NA,NA
4965,565.316539,565.31487727044,565.314708306094,3491200.3,NA,206848.6,15.67,-1,0.298885459104249,0.983921395271333,0,0.5903528371628,3,1.88888888888889,0.37037037037037,"P1 O10","de-protonated",0,NA,"C27 H51 O10 P1",27,51,10,NA,1,NA,NA,NA,NA,NA,NA
4966,565.35293,565.351268117634,565.351093815478,1811845.1,NA,200277.8,7.09,-1,0.308307805906554,0.982900514880475,0,0.589740308928285,2,1.96428571428571,0.321428571428571,"P1 O9","de-protonated",0,NA,"C28 H55 O9 P1",28,55,9,NA,1,NA,NA,NA,NA,NA,NA
4967,565.440917,565.439254748174,565.439120975532,43087248,NA,184859.6,217.95,-1,0.236581866013004,0.975976548368588,0.994466608050959,0.983372572241536,4,1.85294117647059,0.117647058823529,"P1 O4","de-protonated",0,NA,"C34 H63 O4 P1",34,63,4,NA,1,NA,NA,NA,NA,NA,NA
4968,566.12456,566.122894877542,566.123025884477,2184170.5,NA,204504.4,9,-1,-0.231410715450045,0.990330311081729,0,0.594198186649037,16,1.03448275862069,0.172413793103448,"N1 S2 P1 O5","de-protonated",0,NA,"C29 H30 O5 S2 N1 P1",29,30,5,1,1,2,NA,NA,NA,NA,NA
4970,566.189386,566.187720605336,566.187913590512,2773490.8,NA,187876.5,12.01,-1,-0.340850044905477,0.979140158113249,0,0.587484094867949,11,1.26923076923077,0.5,"N1 O13","de-protonated",0,NA,"C26 H33 O13 N1",26,33,13,1,NA,NA,NA,NA,NA,NA,NA
4972,566.226367,566.224701450052,566.224788357267,2332151.8,NA,163007.7,9.75,-1,-0.153485358257184,0.995734599040073,0,0.597440759424044,14,1.26666666666667,0.133333333333333,"N3 S1 P1 O4","de-protonated",0,NA,"C30 H38 O4 S1 N3 P1",30,38,4,3,1,1,NA,NA,NA,NA,NA
4974,566.239088,566.237422396637,566.237186259518,2446841.3,NA,219736.5,10.34,-1,0.41702863014385,0.968936439347859,0,0.581361863608715,5,1.75,0.5,"N1 P1 O12","de-protonated",0,NA,"C24 H42 O12 N1 P1",24,42,12,1,1,NA,NA,NA,NA,NA,NA
4975,566.275319,566.273653244502,566.273438827121,2790910,NA,183164.9,12.09,-1,0.378646367390872,0.487160307748915,0.718264051224716,0.579601805139235,17,1.13888888888889,0.0833333333333333,"N1 S1 O3","de-protonated",0,NA,"C36 H41 O3 S1 N1",36,41,3,1,NA,1,NA,NA,NA,NA,NA
4979,567.064401,567.062731931129,567.06277264526,2640483,NA,196843.2,11.33,-1,-0.0717982787975845,0.999065070640596,0,0.599439042384357,14,0.869565217391304,0.739130434782609,"O17","de-protonated",0,NA,"C23 H20 O17",23,20,17,NA,NA,NA,NA,NA,NA,NA,NA
4980,567.08016,567.078490864957,567.078518043915,1937765,NA,150463.6,7.74,-1,-0.0479280341693306,0.999583281716316,0,0.599749969029789,22,0.7,0.2,"N2 S1 P1 O6","de-protonated",0,NA,"C30 H21 O6 S1 N2 P1",30,21,6,2,1,1,NA,NA,NA,NA,NA
4981,567.100785,567.099115778352,567.099158154644,7243367.5,NA,173499.2,34.84,-1,-0.0747246611170715,0.499493672223719,0.792708917554682,0.616779770356104,13,1,0.666666666666667,"O16","de-protonated",0,NA,"C24 H24 O16",24,24,16,NA,NA,NA,NA,NA,NA,NA,NA
4982,567.129068,567.127398659591,567.12716851377,3690091.3,NA,189551,16.69,-1,0.405809902934255,0.485280378747949,0.718264051224716,0.578473847738656,25,0.666666666666667,0.138888888888889,"S1 O5","de-protonated",0,NA,"C36 H24 O5 S1",36,24,5,NA,NA,1,NA,NA,NA,NA,NA
4983,567.137183,567.135513625516,567.135543664029,9156204,NA,182107.7,44.61,-1,-0.0529653149769297,0.499745553534156,0.785920818505338,0.614215659522628,12,1.12,0.6,"O15","de-protonated",0,NA,"C25 H28 O15",25,28,15,NA,NA,NA,NA,NA,NA,NA,NA
4984,567.152772,567.151102560057,567.151289062684,2036846.3,NA,216053.7,8.24,-1,-0.328841052016233,0.980570028654213,0,0.588342017192528,20,0.90625,0.125,"N2 S1 P1 O4","de-protonated",0,NA,"C32 H29 O4 S1 N2 P1",32,29,4,2,1,1,NA,NA,NA,NA,NA
4985,567.16547,567.163800506738,567.163554023154,5566064,NA,188325.2,26.27,-1,0.434589956560602,0.97242750637211,0.991194084702752,0.979934137704367,24,0.756756756756757,0.108108108108108,"S1 O4","de-protonated",0,NA,"C37 H28 O4 S1",37,28,4,NA,NA,1,NA,NA,NA,NA,NA
4986,567.173641,567.171971472428,567.171929173413,11511409,NA,188996.9,56.64,-1,0.0745788230095508,0.998559297050462,0.990382015486246,0.995288384424776,11,1.23076923076923,0.538461538461538,"O14","de-protonated",0,NA,"C26 H32 O14",26,32,14,NA,NA,NA,NA,NA,NA,NA,NA
4987,567.189167,567.187497407234,567.187674572068,2058354.9,NA,119084.8,8.35,-1,-0.312356636558034,0.982452439730572,0,0.589471463838343,19,1,0.0909090909090909,"N2 S1 P1 O3","de-protonated",0,NA,"C33 H33 O3 S1 N2 P1",33,33,3,2,1,1,NA,NA,NA,NA,NA
4988,567.201974,567.200304353457,567.20007247432,7253620.5,NA,172230.1,34.89,-1,0.408813659184755,0.980350636712815,0.926835431856924,0.958944554770458,10,1.37037037037037,0.407407407407407,"P1 O11","de-protonated",0,NA,"C27 H37 O11 P1",27,37,11,NA,1,NA,NA,NA,NA,NA,NA
4989,567.21006,567.208390319504,567.208314682797,7962229.5,NA,185736.1,38.51,-1,0.133349079186002,0.498389341629031,0.772687513667176,0.608108610444289,10,1.33333333333333,0.481481481481481,"O13","de-protonated",0,NA,"C27 H36 O13",27,36,13,NA,NA,NA,NA,NA,NA,NA,NA
4990,567.238329,567.236659200802,567.236457983704,4935289,NA,182288.1,23.05,-1,0.354732307201653,0.488713046964261,0.766236582456902,0.599722461161317,9,1.46428571428571,0.357142857142857,"P1 O10","de-protonated",0,NA,"C28 H41 O10 P1",28,41,10,NA,1,NA,NA,NA,NA,NA,NA
4991,567.246434,567.244764166768,567.244700192181,3929722,NA,200341.6,17.91,-1,0.112781286353416,0.498847351605455,0.766236582456902,0.605803043946034,9,1.42857142857143,0.428571428571429,"O12","de-protonated",0,NA,"C28 H40 O12",28,40,12,NA,NA,NA,NA,NA,NA,NA,NA
4993,567.274464,567.27279404907,567.272710551307,2484861.5,NA,168816.9,10.53,-1,0.147191573831123,0.49803828292795,0.69646200847541,0.577407773146934,21,1,0.025,"S1 O1","de-protonated",0,NA,"C40 H40 O1 S1",40,40,1,NA,NA,1,NA,NA,NA,NA,NA
4994,567.295688,567.29401795995,567.293839919406,2892416.3,NA,202762.1,12.61,-1,0.313841841820699,0.491143330805838,0.712686567164179,0.579760625349175,16,1.18918918918919,0.0810810810810811,"S1 O3","de-protonated",0,NA,"C37 H44 O3 S1",37,44,3,NA,NA,1,NA,NA,NA,NA,NA
4997,568.132514,568.130840446099,568.130792636222,2406120.5,NA,184887.8,10.13,-1,0.0841529413773153,0.998715856873419,0,0.599229514124051,12,1.125,0.625,"N1 O15","de-protonated",0,NA,"C24 H27 O15 N1",24,27,15,1,NA,NA,NA,NA,NA,NA,NA
5002,568.213772,568.212098104895,568.212295120838,2099442.5,NA,201218.3,8.56,-1,-0.34672946161825,0.978422204168637,0,0.587053322501182,14,1.20689655172414,0.241379310344828,"N3 S1 O7","de-protonated",0,NA,"C29 H35 O7 S1 N3",29,35,7,3,NA,1,NA,NA,NA,NA,NA
5008,569.059132,569.057454555209,569.057293341639,1780056.9,NA,212045.9,7.1,-1,0.283299366625598,0.985542719739753,0,0.591325631843852,18,0.692307692307692,0.576923076923077,"O15","de-protonated",0,NA,"C26 H18 O15",26,18,15,NA,NA,NA,NA,NA,NA,NA,NA
5009,569.079948,569.078270467803,569.078422709738,2463067.5,NA,180998.1,10.67,-1,-0.267523647643861,0.987097872111618,0,0.592258723266971,13,0.956521739130435,0.739130434782609,"O17","de-protonated",0,NA,"C23 H22 O17",23,22,17,NA,NA,NA,NA,NA,NA,NA,NA
5010,569.096632,569.094954397746,569.094819557016,2474333.5,NA,127407.1,10.73,-1,0.236938952110825,0.989865165680325,0,0.593919099408195,30,0.5,0.105263157894737,"P1 O4","de-protonated",0,NA,"C38 H19 O4 P1",38,19,4,NA,1,NA,NA,NA,NA,NA,NA
5012,569.116508,569.114830314286,569.114808219122,5453663.5,NA,197885.2,26.32,-1,0.038823737660633,0.499863271473725,0.792708917554682,0.617001529906108,12,1.08333333333333,0.666666666666667,"O16","de-protonated",0,NA,"C24 H26 O16",24,26,16,NA,NA,NA,NA,NA,NA,NA,NA
5013,569.131872,569.130194249773,569.130064360407,3080545.5,NA,166418.2,13.9,-1,0.228224396448482,0.990593516034217,0,0.59435610962053,16,0.928571428571429,0.464285714285714,"O13","de-protonated",0,NA,"C28 H26 O13",28,26,13,NA,NA,NA,NA,NA,NA,NA,NA
5014,569.144834,569.143156195345,569.142951520029,6592355,NA,186613.1,32.28,-1,0.359620223926673,0.984358862643399,0.929013475012287,0.962220707590954,11,1.24,0.52,"P1 O13","de-protonated",0,NA,"C25 H31 O13 P1",25,31,13,NA,1,NA,NA,NA,NA,NA,NA
5015,569.152762,569.151084162055,569.151193728507,7751524,NA,186615.4,38.35,-1,-0.192508515774606,0.97982702343935,0.995980603388514,0.986288455419015,11,1.2,0.6,"O15","de-protonated",0,NA,"C25 H30 O15",25,30,15,NA,NA,NA,NA,NA,NA,NA,NA
5016,569.168332,569.166654096676,569.166449869791,3864422,NA,177820.5,18.01,-1,0.358817503752126,0.488454624558732,0.759892473118277,0.59702976398255,15,1.03448275862069,0.413793103448276,"O12","de-protonated",0,NA,"C29 H30 O12",29,30,12,NA,NA,NA,NA,NA,NA,NA,NA
5017,569.181162,569.179484042803,569.179204087632,8062823.5,NA,190972.1,39.98,-1,0.491857694326858,0.964239654720457,0.991229463931099,0.975035578404714,23,0.810810810810811,0.108108108108108,"S1 O4","de-protonated",0,NA,"C37 H30 O4 S1",37,30,4,NA,NA,1,NA,NA,NA,NA,NA
5018,569.189195,569.187517009072,569.187579237891,7219048.5,NA,195865.3,35.56,-1,-0.109329193203754,0.498916758604295,0.779247987650237,0.611049250222672,10,1.30769230769231,0.538461538461538,"O14","de-protonated",0,NA,"C26 H34 O14",26,34,14,NA,NA,NA,NA,NA,NA,NA,NA
5019,569.19885,569.19717196853,569.196962152361,2675561.5,NA,192014.8,11.78,-1,0.36861786546444,0.487823182207082,0.712686567164179,0.577768536189921,23,0.810810810810811,0.162162162162162,"O6","de-protonated",0,NA,"C37 H30 O6",37,30,6,NA,NA,NA,NA,NA,NA,NA,NA
5020,569.204599,569.20292094439,569.202835379176,2500458.3,NA,183449.7,10.87,-1,0.150324645553543,0.995908108178785,0,0.597544864907271,14,1.13333333333333,0.366666666666667,"O11","de-protonated",0,NA,"C30 H34 O11",30,34,11,NA,NA,NA,NA,NA,NA,NA,NA
5021,569.217604,569.215925889782,569.215722538798,6655852,NA,199224.2,32.61,-1,0.357247658912439,0.984794286730488,0.969658837910475,0.978740107202483,9,1.44444444444444,0.407407407407407,"P1 O11","de-protonated",0,NA,"C27 H39 O11 P1",27,39,11,NA,1,NA,NA,NA,NA,NA,NA
5022,569.225786,569.224107855426,569.223964747275,3927916.8,NA,191069.7,18.34,-1,0.251409215432398,0.494298381038443,0.772687513667176,0.605654034089936,9,1.40740740740741,0.481481481481481,"O13","de-protonated",0,NA,"C27 H38 O13",27,38,13,NA,NA,NA,NA,NA,NA,NA,NA
5024,569.253986,569.252307737013,569.252108048182,4428656,NA,183788,20.96,-1,0.3507915531513,0.488959655639031,0.766236582456902,0.599870426366179,8,1.53571428571429,0.357142857142857,"P1 O10","de-protonated",0,NA,"C28 H43 O10 P1",28,43,10,NA,1,NA,NA,NA,NA,NA,NA
5025,569.262144,569.260465702758,569.260350256659,2421617.3,NA,219236.8,10.45,-1,0.202800174041518,0.992565170754786,0,0.595539102452872,8,1.5,0.428571428571429,"O12","de-protonated",0,NA,"C28 H42 O12",28,42,12,NA,NA,NA,NA,NA,NA,NA,NA
5027,569.298601,569.296922549674,569.296735766044,2183029.5,NA,225518.1,9.21,-1,0.328095382111865,0.980657189554615,0,0.588394313732769,7,1.58620689655172,0.379310344827586,"O11","de-protonated",0,NA,"C29 H46 O11",29,46,11,NA,NA,NA,NA,NA,NA,NA,NA
5034,570.233715,570.232032623109,570.231967937309,2241507.3,NA,213021.1,9.51,-1,0.113437696290481,0.99766782193763,0,0.598600693162578,17,1.08823529411765,0.147058823529412,"N1 S1 O5","de-protonated",0,NA,"C34 H37 O5 S1 N1",34,37,5,1,NA,1,NA,NA,NA,NA,NA
5037,571.074482,571.07279609271,571.072943406117,2939971.5,NA,186898.8,13.17,-1,-0.257959001714467,0.987998487512986,0,0.592799092507792,17,0.769230769230769,0.576923076923077,"O15","de-protonated",0,NA,"C26 H20 O15",26,20,15,NA,NA,NA,NA,NA,NA,NA,NA
5038,571.095543,571.093857004275,571.094072774216,3712070,NA,183836.7,17.21,-1,-0.377818562110874,0.974431328183013,0,0.584658796909808,12,1.04347826086957,0.739130434782609,"O17","de-protonated",0,NA,"C23 H24 O17",23,24,17,NA,NA,NA,NA,NA,NA,NA,NA
5039,571.11338,571.111693929377,571.111535705911,5206088,NA,203855.8,25.03,-1,0.277044771967754,0.493084826551894,0.759892473118277,0.599807885178447,20,0.827586206896552,0.172413793103448,"N4 S2 O5","de-protonated",0,NA,"C29 H24 O5 S2 N4",29,24,5,4,NA,2,NA,NA,NA,NA,NA
5040,571.124031,571.122344884653,571.122083133341,4412489,NA,188375.1,20.87,-1,0.458310612163697,0.481302058262997,0.723929522638802,0.578353044013319,24,0.685714285714286,0.171428571428571,"S1 O6","de-protonated",0,NA,"C35 H24 O6 S1",35,24,6,NA,NA,1,NA,NA,NA,NA,NA
5041,571.132191,571.130504850389,571.1304582836,4435018,NA,189522.4,20.99,-1,0.0815344165373574,0.49939724078105,0.792708917554682,0.616721911490503,11,1.16666666666667,0.666666666666667,"O16","de-protonated",0,NA,"C24 H28 O16",24,28,16,NA,NA,NA,NA,NA,NA,NA,NA
5042,571.141886,571.140199809679,571.140192071155,2440267.3,NA,166853.1,10.55,-1,0.0135492550267424,0.999966689785495,0,0.599980013871297,1,2.17647058823529,0.764705882352941,"N2 S2 P1 O13","de-protonated",0,NA,"C17 H37 O13 S2 N2 P1",17,37,13,2,1,2,NA,NA,NA,NA,NA
5043,571.147343,571.145656786765,571.145714424885,4748364,NA,184379.9,22.63,-1,-0.100916663496015,0.499076900759048,0.766236582456902,0.60594077343819,15,1,0.464285714285714,"O13","de-protonated",0,NA,"C28 H28 O13",28,28,13,NA,NA,NA,NA,NA,NA,NA,NA
5044,571.160394,571.158707731964,571.158468642726,9078861,NA,188895.4,45.29,-1,0.418604032588493,0.484352508799682,0.718264051224716,0.577917125769695,23,0.777777777777778,0.138888888888889,"S1 O5","de-protonated",0,NA,"C36 H28 O5 S1",36,28,5,NA,NA,1,NA,NA,NA,NA,NA
5045,571.168432,571.166745698212,571.166843792985,5240910,NA,188165.3,25.21,-1,-0.171744514695553,0.497331126927731,0.785920818505338,0.612767003558774,10,1.28,0.6,"O15","de-protonated",0,NA,"C25 H32 O15",25,32,15,NA,NA,NA,NA,NA,NA,NA,NA
5046,571.177809,571.176122658838,571.176226707455,2771535.3,NA,143585.5,12.28,-1,-0.182165524846083,0.496998423814704,0.718264051224716,0.585504674778709,23,0.777777777777778,0.194444444444444,"O7","de-protonated",0,NA,"C36 H28 O7",36,28,7,NA,NA,NA,NA,NA,NA,NA,NA
5047,571.183918,571.182231633186,571.182099934269,4192335.8,NA,190696.6,19.72,-1,0.230572555716948,0.495199946964764,0.759892473118277,0.60107695742617,14,1.10344827586207,0.413793103448276,"O12","de-protonated",0,NA,"C29 H32 O12",29,32,12,NA,NA,NA,NA,NA,NA,NA,NA
5048,571.196724,571.195037579413,571.19485415211,6809681.5,NA,191194,33.42,-1,0.32112912473736,0.490731139076243,0.712686567164179,0.579513310311418,22,0.864864864864865,0.108108108108108,"S1 O4","de-protonated",0,NA,"C37 H32 O4 S1",37,32,4,NA,NA,1,NA,NA,NA,NA,NA
5049,571.205021,571.203334544574,571.203229302369,3399762.3,NA,185977.4,15.57,-1,0.184246516318572,0.993859333023021,0,0.596315599813812,9,1.38461538461538,0.538461538461538,"O14","de-protonated",0,NA,"C26 H36 O14",26,36,14,NA,NA,NA,NA,NA,NA,NA,NA
5050,571.214491,571.212804504809,571.212612216839,2152531.3,NA,213826.4,9.05,-1,0.336631170019585,0.97964808969452,0,0.587788853816712,22,0.864864864864865,0.162162162162162,"O6","de-protonated",0,NA,"C37 H32 O6",37,32,6,NA,NA,NA,NA,NA,NA,NA,NA
5051,571.220038,571.218351481517,571.218485443654,3513428,NA,209248.7,16.17,-1,-0.234519960028991,0.495035011881099,0.753652554121787,0.598482028777374,13,1.2,0.366666666666667,"O11","de-protonated",0,NA,"C30 H36 O11",30,36,11,NA,NA,NA,NA,NA,NA,NA,NA
5052,571.233251,571.231564426036,571.231372603276,5699669.5,NA,178295.1,27.61,-1,0.335805715715603,0.989804435767849,0.974510452745796,0.983686842559028,8,1.51851851851852,0.407407407407407,"P1 O11","de-protonated",0,NA,"C27 H41 O11 P1",27,41,11,NA,1,NA,NA,NA,NA,NA,NA
5053,571.240987,571.239300393552,571.239101747416,2271318.3,NA,192765.2,9.67,-1,0.347746040082143,0.978296875580585,0,0.586978125348351,26,0.8,0.05,"N2 O2","de-protonated",0,NA,"C40 H32 O2 N2",40,32,2,2,NA,NA,NA,NA,NA,NA,NA
5054,571.269479,571.267792273914,571.267625170879,3175513.5,NA,181216.3,14.4,-1,0.292512699161956,0.492297240408504,0.701787487586891,0.576093339279859,20,1.02564102564103,0.0512820512820513,"S1 O2","de-protonated",0,NA,"C39 H40 O2 S1",39,40,2,NA,NA,1,NA,NA,NA,NA,NA
5055,571.277504,571.275817240216,571.276000321137,2334810.5,NA,215515.9,10,-1,-0.320477179034888,0.981536772611581,0,0.588922063566948,7,1.57142857142857,0.428571428571429,"O12","de-protonated",0,NA,"C28 H44 O12",28,44,12,NA,NA,NA,NA,NA,NA,NA,NA
5056,571.313984,571.312297087036,571.312385830522,2170974.5,NA,224814.2,9.14,-1,-0.155332683094056,0.995631531744157,0,0.597378919046494,6,1.6551724137931,0.379310344827586,"O11","de-protonated",0,NA,"C29 H48 O11",29,48,11,NA,NA,NA,NA,NA,NA,NA,NA
5057,571.350383,571.348695934196,571.348771339906,2247266.5,NA,168569.9,9.54,-1,-0.131978423592702,0.996844460780495,0,0.598106676468297,5,1.73333333333333,0.333333333333333,"O10","de-protonated",0,NA,"C30 H52 O10",30,52,10,NA,NA,NA,NA,NA,NA,NA,NA
5062,572.273257,572.271566059027,572.271738550701,1867464.8,NA,185291.8,7.55,-1,-0.301415676862784,0.983650262849889,0,0.590190157709933,11,1.46666666666667,0.133333333333333,"N3 S1 P1 O4","de-protonated",0,NA,"C30 H44 O4 S1 N3 P1",30,44,4,3,1,1,NA,NA,NA,NA,NA
5063,572.912244,572.910550375907,572.910526484413,2435341.8,NA,217497.3,10.52,-1,0.0417019628115851,0.999684500770638,0,0.599810700462383,20,0.333333333333333,0.571428571428571,"N2 S2 P1 O12","de-protonated",0,NA,"C21 H7 O12 S2 N2 P1",21,7,12,2,1,2,NA,NA,NA,NA,NA
5064,573.090458,573.088763627582,573.088593470595,3243296.8,NA,188889.3,14.75,-1,0.296912187279567,0.984131311615517,0,0.59047878696931,16,0.846153846153846,0.576923076923077,"O15","de-protonated",0,NA,"C26 H22 O15",26,22,15,NA,NA,NA,NA,NA,NA,NA,NA
5066,573.109973,573.108278545638,573.108361621242,3148066.8,NA,175009.8,14.25,-1,-0.144956189094208,0.498097302646404,0.707195036525566,0.581736396198069,28,0.605263157894737,0.0526315789473684,"S1 P1 O2","de-protonated",0,NA,"C38 H23 O2 S1 P1",38,23,2,NA,1,1,NA,NA,NA,NA,NA
5067,573.126746,573.125051475208,573.124978979979,4611364.5,NA,193153.6,21.91,-1,0.126491135451359,0.498550514919239,0.772687513667176,0.608205314418414,15,0.962962962962963,0.518518518518518,"O14","de-protonated",0,NA,"C27 H26 O14",27,26,14,NA,NA,NA,NA,NA,NA,NA,NA
5069,573.147859,573.146164386554,573.146108348078,1866022.9,NA,183840.4,7.55,-1,0.097773456592374,0.998266917805448,0,0.598960150683269,10,1.25,0.666666666666667,"O16","de-protonated",0,NA,"C24 H30 O16",24,30,16,NA,NA,NA,NA,NA,NA,NA,NA
5070,573.157284,573.155589346979,573.155491262549,2215720,NA,150318.4,9.38,-1,0.171130577059758,0.994700246362622,0,0.596820147817573,23,0.742857142857143,0.228571428571429,"O8","de-protonated",0,NA,"C35 H26 O8",35,26,8,NA,NA,NA,NA,NA,NA,NA,NA
5071,573.163111,573.161416322511,573.161364489363,6175016.5,NA,181798.2,30.09,-1,0.0904337780249424,0.983810840565808,0.937030291290461,0.965098620855669,14,1.07142857142857,0.464285714285714,"O13","de-protonated",0,NA,"C28 H30 O13",28,30,13,NA,NA,NA,NA,NA,NA,NA,NA
5072,573.176129,573.174434267848,573.174251648985,7631146,NA,185341.9,37.71,-1,0.318609676174082,0.98862235764675,0.999880429295573,0.993125586306279,9,1.4,0.52,"P1 O13","de-protonated",0,NA,"C25 H35 O13 P1",25,35,13,NA,1,NA,NA,NA,NA,NA,NA
5073,573.184578,573.18288323237,573.182983114833,2560298.8,NA,195701.5,11.18,-1,-0.174259295035582,0.994505226209761,0,0.596703135725857,13,1.25,0.25,"N2 S1 P1 O7","de-protonated",0,NA,"C28 H35 O7 S1 N2 P1",28,35,7,2,1,1,NA,NA,NA,NA,NA
5074,573.199378,573.197683170225,573.197749998747,6142252.5,NA,190204.6,29.92,-1,-0.116588947816084,0.992358068440721,0.982085883120049,0.988249194312452,13,1.17241379310345,0.413793103448276,"O12","de-protonated",0,NA,"C29 H34 O12",29,34,12,NA,NA,NA,NA,NA,NA,NA,NA
5075,573.212513,573.210818115071,573.210637158369,6709549.5,NA,184792.5,32.89,-1,0.315689712469094,0.491039672211393,0.779247987650237,0.606322998386931,8,1.5,0.461538461538462,"P1 O12","de-protonated",0,NA,"C26 H39 O12 P1",26,39,12,NA,1,NA,NA,NA,NA,NA,NA
5076,573.235853,573.234158017066,573.234135508132,3940656.3,NA,193519.6,18.4,-1,0.039266562227409,0.499860135066179,0.753652554121787,0.601377102688422,12,1.26666666666667,0.366666666666667,"O11","de-protonated",0,NA,"C30 H38 O11",30,38,11,NA,NA,NA,NA,NA,NA,NA,NA
5078,573.257028,573.255332928151,573.255264876231,1982770.5,NA,194998.5,8.16,-1,0.118711373812437,0.997446220754685,0,0.598467732452811,7,1.55555555555556,0.481481481481481,"O13","de-protonated",0,NA,"C27 H42 O13",27,42,13,NA,NA,NA,NA,NA,NA,NA,NA
5079,573.285152,573.283456810058,573.283275235357,2106677.5,NA,207333.4,8.8,-1,0.316727714280752,0.981962373886587,0,0.589177424331952,19,1.07692307692308,0.0512820512820513,"S1 O2","de-protonated",0,NA,"C39 H42 O2 S1",39,42,2,NA,NA,1,NA,NA,NA,NA,NA
5080,573.293191,573.291495776302,573.291650385615,2053430.4,NA,226483.4,8.53,-1,-0.269687014144711,0.986889738137233,0,0.59213384288234,6,1.64285714285714,0.428571428571429,"O12","de-protonated",0,NA,"C28 H46 O12",28,46,12,NA,NA,NA,NA,NA,NA,NA,NA
5081,573.321716,573.320020656525,573.319793686522,1986361.3,NA,215083.2,8.17,-1,0.395887260826201,0.971962691926624,0,0.583177615155974,5,1.75862068965517,0.310344827586207,"P1 O9","de-protonated",0,NA,"C29 H51 O9 P1",29,51,9,NA,1,NA,NA,NA,NA,NA,NA
5082,573.329808,573.328112622546,573.328035895,2070842.1,NA,202275.4,8.62,-1,0.133828352845889,0.996755523668552,0,0.598053314201131,5,1.72413793103448,0.379310344827586,"O11","de-protonated",0,NA,"C29 H50 O11",29,50,11,NA,NA,NA,NA,NA,NA,NA,NA
5086,574.252111,574.250411749776,574.250513848424,2525594.3,NA,194037.9,11,-1,-0.177794613960611,0.994280657301166,0,0.5965683943807,7,1.57692307692308,0.5,"N1 O13","de-protonated",0,NA,"C26 H41 O13 N1",26,41,13,1,NA,NA,NA,NA,NA,NA,NA
5087,574.288527,574.286827596864,574.286899357808,2222494,NA,214024.9,9.41,-1,-0.124956610244828,0.99717084182067,0,0.598302505092402,6,1.66666666666667,0.444444444444444,"N1 O12","de-protonated",0,NA,"C27 H45 O12 N1",27,45,12,1,NA,NA,NA,NA,NA,NA,NA
5088,575.069416,575.067713317894,575.067858025688,3402221.3,NA,201587,15.58,-1,-0.251636032514623,0.988576295211815,0,0.593145777127089,16,0.8,0.64,"O16","de-protonated",0,NA,"C25 H20 O16",25,20,16,NA,NA,NA,NA,NA,NA,NA,NA
5089,575.105871,575.104168164819,575.104243535073,5041649,NA,176954.8,24.16,-1,-0.131054943193564,0.498444198835855,0.779247987650237,0.610765714361608,15,0.923076923076923,0.576923076923077,"O15","de-protonated",0,NA,"C26 H24 O15",26,24,15,NA,NA,NA,NA,NA,NA,NA,NA
5090,575.118865,575.117162110257,575.116997752913,2560498.3,NA,209872.3,11.18,-1,0.285780709550264,0.985290235766799,0,0.591174141460079,23,0.705882352941177,0.205882352941176,"S1 O7","de-protonated",0,NA,"C34 H24 O7 S1",34,24,7,NA,NA,1,NA,NA,NA,NA,NA
5091,575.136959,575.135256034279,575.135245075013,2019316,NA,132807.9,8.35,-1,0.0190551124590713,0.999934118640219,0,0.599960471184132,27,0.675675675675676,0.027027027027027,"N2 S1 P1 O1","de-protonated",0,NA,"C37 H25 O1 S1 N2 P1",37,25,1,2,1,1,NA,NA,NA,NA,NA
5092,575.1423,575.140597011852,575.140629044457,6789620.5,NA,180561.3,33.31,-1,-0.0556952558918984,0.999033632431938,0.977616122122906,0.990466628308325,14,1.03703703703704,0.518518518518518,"O14","de-protonated",0,NA,"C27 H28 O14",27,28,14,NA,NA,NA,NA,NA,NA,NA,NA
5093,575.155377,575.153673956942,575.153516204079,4401654,NA,191632.7,20.81,-1,0.274279576871348,0.493221243549531,0.792708917554682,0.613016313151591,9,1.375,0.583333333333333,"P1 O14","de-protonated",0,NA,"C24 H33 O14 P1",24,33,14,NA,1,NA,NA,NA,NA,NA,NA
5094,575.17308,575.171376882607,575.171141327027,2365943.5,NA,135517.9,10.16,-1,0.409539983856932,0.970025307402061,0,0.582015184441237,22,0.8,0.228571428571429,"O8","de-protonated",0,NA,"C35 H28 O8",35,28,8,NA,NA,NA,NA,NA,NA,NA,NA
5095,575.178782,575.177078858664,575.177014553841,8641016,NA,178701.5,43,-1,0.111800056210957,0.988764348367735,0.971283411652997,0.981771973681839,13,1.14285714285714,0.464285714285714,"O13","de-protonated",0,NA,"C28 H32 O13",28,32,13,NA,NA,NA,NA,NA,NA,NA,NA
5096,575.191754,575.190050804194,575.189768771682,5216761.5,NA,188932.3,25.08,-1,0.490329501099516,0.478656708784145,0.718264051224716,0.574499645760373,21,0.888888888888889,0.138888888888889,"S1 O5","de-protonated",0,NA,"C36 H32 O5 S1",36,32,5,NA,NA,1,NA,NA,NA,NA,NA
5097,575.208997,575.20729373179,575.207526836411,2199035.3,NA,141053.5,9.29,-1,-0.405253078014088,0.970640294200521,0,0.582384176520312,21,0.888888888888889,0.194444444444444,"O7","de-protonated",0,NA,"C36 H32 O7",36,32,7,NA,NA,NA,NA,NA,NA,NA,NA
5098,575.215133,575.213429706025,575.213400063225,6371836,NA,186450.3,31.12,-1,0.051533569330171,0.995866193411594,0.986295422682276,0.992037885119867,12,1.24137931034483,0.413793103448276,"O12","de-protonated",0,NA,"C29 H36 O12",29,36,12,NA,NA,NA,NA,NA,NA,NA,NA
5099,575.228183,575.226479651228,575.226287222847,3800573,NA,189479.9,17.67,-1,0.334526402324876,0.983562810911595,0.903252089343918,0.951438522284525,7,1.57692307692308,0.461538461538462,"P1 O12","de-protonated",0,NA,"C26 H41 O12 P1",26,41,12,NA,1,NA,NA,NA,NA,NA,NA
5100,575.251552,575.249848553101,575.24978557261,3763711.5,NA,194514,17.47,-1,0.10948372801775,0.4989136974876,0.753652554121787,0.600809240141275,11,1.33333333333333,0.366666666666667,"O11","de-protonated",0,NA,"C30 H40 O11",30,40,11,NA,NA,NA,NA,NA,NA,NA,NA
5102,575.300937,575.299233345732,575.299058241616,3250692.3,NA,195056.3,14.79,-1,0.304370593871154,0.983330823269322,0,0.589998493961593,5,1.75,0.357142857142857,"P1 O10","de-protonated",0,NA,"C28 H49 O10 P1",28,49,10,NA,1,NA,NA,NA,NA,NA,NA
5108,576.26783,576.266122285727,576.266163912902,1764451,NA,171738.5,7.01,-1,-0.0722360215777893,0.999053641066728,0,0.599432184640037,6,1.65384615384615,0.5,"N1 O13","de-protonated",0,NA,"C26 H43 O13 N1",26,43,13,1,NA,NA,NA,NA,NA,NA,NA
5109,576.304637,576.302929131174,576.303038679657,2444390.5,NA,188933.2,10.57,-1,-0.190088331609228,0.993465056725819,0,0.596079034035491,9,1.6,0.133333333333333,"N3 S1 P1 O4","de-protonated",0,NA,"C30 H48 O4 S1 N3 P1",30,48,4,3,1,1,NA,NA,NA,NA,NA
5112,577.085234,577.08352285343,577.083508090166,5212849,NA,185255.4,25.06,-1,0.0255825425139068,0.499940627483725,0.785920818505338,0.61433270389237,15,0.88,0.64,"O16","de-protonated",0,NA,"C25 H22 O16",25,22,16,NA,NA,NA,NA,NA,NA,NA,NA
5114,577.121615,577.119903700665,577.119893599551,6992564.5,NA,181897.7,34.37,-1,0.0175026273127798,0.499972208099058,0.779247987650237,0.61168251991953,14,1,0.576923076923077,"O15","de-protonated",0,NA,"C26 H26 O15",26,26,15,NA,NA,NA,NA,NA,NA,NA,NA
5115,577.150864,577.149152577848,577.148906280383,1973943,NA,108330.5,8.11,-1,0.426748560336884,0.967495595428387,0,0.580497357257032,12,1.25,0.25,"S2 P1 O7","de-protonated",0,NA,"C28 H35 O7 S2 P1",28,35,7,NA,1,2,NA,NA,NA,NA,NA
5116,577.157959,577.156247548056,577.156279108935,9587384,NA,183572.8,47.95,-1,-0.0546834199117666,0.991355144392641,0.969537589827653,0.982628122566646,13,1.11111111111111,0.518518518518518,"O14","de-protonated",0,NA,"C27 H30 O14",27,30,14,NA,NA,NA,NA,NA,NA,NA,NA
5117,577.170986,577.169274493355,577.169033326775,3779257,NA,184136.6,17.56,-1,0.417843934620401,0.484408387839409,0.723929522638802,0.580216841759166,21,0.857142857142857,0.171428571428571,"S1 O6","de-protonated",0,NA,"C35 H30 O6 S1",35,30,6,NA,NA,1,NA,NA,NA,NA,NA
5118,577.186299,577.184587429055,577.184422409842,2061498.4,NA,206262.2,8.57,-1,0.285903789432677,0.985277656401641,0,0.591166593840985,12,1.25,0.392857142857143,"P1 O11","de-protonated",0,NA,"C28 H35 O11 P1",28,35,11,NA,1,NA,NA,NA,NA,NA,NA
5119,577.194367,577.192655395178,577.192664618319,9243323,NA,190220.4,46.15,-1,-0.0159793115855198,0.499976835128119,0.766236582456902,0.606480734059632,12,1.21428571428571,0.464285714285714,"O13","de-protonated",0,NA,"C28 H34 O13",28,34,13,NA,NA,NA,NA,NA,NA,NA,NA
5120,577.207159,577.205447341464,577.20541883616,2757308.3,NA,203931,12.21,-1,0.0493850254024844,0.499778783098729,0.718264051224716,0.587172890349124,20,0.944444444444444,0.138888888888889,"S1 O5","de-protonated",0,NA,"C36 H34 O5 S1",36,34,5,NA,NA,1,NA,NA,NA,NA,NA
5121,577.222661,577.220949276371,577.220674977445,2085565.8,NA,208588.4,8.69,-1,0.475206342898427,0.959853187224127,0,0.575911912334476,24,0.85,0.05,"S1 O2","de-protonated",0,NA,"C40 H34 O2 S1",40,34,2,NA,NA,1,NA,NA,NA,NA,NA
5122,577.230705,577.228993242594,577.229050127703,5669566.5,NA,187606.1,27.45,-1,-0.0985485915131586,0.990315242612264,0.98775647577506,0.989291735877383,11,1.31034482758621,0.413793103448276,"O12","de-protonated",0,NA,"C29 H38 O12",29,38,12,NA,NA,NA,NA,NA,NA,NA,NA
5123,577.243675,577.241963188132,577.241804345544,3064511.8,NA,192787.1,13.81,-1,0.275175129843695,0.493177208408465,0.712686567164179,0.580980951910751,19,1.02702702702703,0.108108108108108,"S1 O4","de-protonated",0,NA,"C37 H38 O4 S1",37,38,4,NA,NA,1,NA,NA,NA,NA,NA
5124,577.267204,577.265492089334,577.265435637088,2692802,NA,210124.8,11.87,-1,0.0977925270992663,0.998266242257913,0,0.598959745354748,10,1.4,0.366666666666667,"O11","de-protonated",0,NA,"C30 H42 O11",30,42,11,NA,NA,NA,NA,NA,NA,NA,NA
5126,577.316669,577.314956881629,577.314708306094,3802822.5,NA,191264.5,17.68,-1,0.430571976290797,0.483460164881647,0.766236582456902,0.596570731911749,4,1.82142857142857,0.357142857142857,"P1 O10","de-protonated",0,NA,"C28 H51 O10 P1",28,51,10,NA,1,NA,NA,NA,NA,NA,NA
5129,578.197405,578.195689183399,578.195796903245,2856215.5,NA,170968.9,12.72,-1,-0.186303405926307,0.993721895148967,0,0.59623313708938,15,1.1875,0.09375,"N1 S2 P1 O3","de-protonated",0,NA,"C32 H38 O3 S2 N1 P1",32,38,3,1,1,2,NA,NA,NA,NA,NA
5131,578.283667,578.281950821183,578.28181397738,2376479.3,NA,184165.2,10.21,-1,0.236638606816027,0.989890713122282,0,0.593934427873369,5,1.73076923076923,0.5,"N1 O13","de-protonated",0,NA,"C26 H45 O13 N1",26,45,13,1,NA,NA,NA,NA,NA,NA,NA
5133,579.064511,579.062791542402,579.06277264526,2574180.8,NA,207150.3,11.25,-1,0.0326340123465176,0.999806779672168,0,0.599884067803301,15,0.833333333333333,0.708333333333333,"O17","de-protonated",0,NA,"C24 H20 O17",24,20,17,NA,NA,NA,NA,NA,NA,NA,NA
5134,579.100845,579.099125389835,579.099158154644,5249896,NA,189335.1,25.25,-1,-0.0565789282221036,0.499709659820091,0.785920818505338,0.61419412329419,14,0.96,0.64,"O16","de-protonated",0,NA,"C25 H24 O16",25,24,16,NA,NA,NA,NA,NA,NA,NA,NA
5136,579.137283,579.13556323683,579.135543664029,9128811,NA,177403.5,45.55,-1,0.0337965819735817,0.998519272267833,0.996473737112291,0.997701058205616,13,1.07692307692308,0.576923076923077,"O15","de-protonated",0,NA,"C26 H28 O15",26,28,15,NA,NA,NA,NA,NA,NA,NA,NA
5137,579.165669,579.163949117637,579.163686964935,3031917.8,NA,202707.2,13.64,-1,0.452640086846703,0.963506774566317,0,0.57810406473979,12,1.22222222222222,0.444444444444444,"P1 O12","de-protonated",0,NA,"C27 H33 O12 P1",27,33,12,NA,1,NA,NA,NA,NA,NA,NA
5138,579.173641,579.171921084162,579.171929173413,9481070,NA,186109.4,47.39,-1,-0.0139669243387213,0.4999823022642,0.772687513667176,0.609064386825391,12,1.18518518518519,0.518518518518518,"O14","de-protonated",0,NA,"C27 H32 O14",27,32,14,NA,NA,NA,NA,NA,NA,NA,NA
5139,579.20204,579.200319964914,579.20007247432,4150129,NA,182761.6,19.49,-1,0.427297243795842,0.983603605496784,0.922813864645733,0.959287709156364,11,1.32142857142857,0.392857142857143,"P1 O11","de-protonated",0,NA,"C28 H37 O11 P1",28,37,11,NA,1,NA,NA,NA,NA,NA,NA
5140,579.210078,579.208357931163,579.208314682797,9110386,NA,182003.3,45.45,-1,0.0746680672400249,0.999238857905044,0.990627542320537,0.995794331671241,11,1.28571428571429,0.464285714285714,"O13","de-protonated",0,NA,"C28 H36 O13",28,36,13,NA,NA,NA,NA,NA,NA,NA,NA
5141,579.222917,579.221196877251,579.221068900638,1890162.8,NA,167754.8,7.67,-1,0.220946061572227,0.991181304885779,0,0.594708782931467,19,1,0.138888888888889,"S1 O5","de-protonated",0,NA,"C36 H36 O5 S1",36,36,5,NA,NA,1,NA,NA,NA,NA,NA
5142,579.238303,579.236582812645,579.236325041923,3338100,NA,169903.9,15.25,-1,0.445018227492097,0.48235182670777,0.69646200847541,0.567995899414826,23,0.9,0.05,"S1 O2","de-protonated",0,NA,"C40 H36 O2 S1",40,36,2,NA,NA,1,NA,NA,NA,NA,NA
5143,579.246443,579.244722778465,579.244700192181,4259701,NA,196340.9,20.07,-1,0.0389926463805364,0.499862079332642,0.759892473118277,0.603874236846896,10,1.37931034482759,0.413793103448276,"O12","de-protonated",0,NA,"C29 H40 O12",29,40,12,NA,NA,NA,NA,NA,NA,NA,NA
5144,579.259365,579.257644724205,579.257454410022,3219318,NA,189092.3,14.62,-1,0.328548527268182,0.490302122177897,0.712686567164179,0.57925590017241,18,1.08108108108108,0.108108108108108,"S1 O4","de-protonated",0,NA,"C37 H40 O4 S1",37,40,4,NA,NA,1,NA,NA,NA,NA,NA
5145,579.295699,579.293978571638,579.293839919406,4031353,NA,178081.1,18.87,-1,0.239346981443508,0.992904864122906,0.971830485642036,0.984475112730558,17,1.15789473684211,0.0789473684210526,"S1 O3","de-protonated",0,NA,"C38 H44 O3 S1",38,44,3,NA,NA,1,NA,NA,NA,NA,NA
5146,579.332108,579.330387418756,579.330225428791,2593660.3,NA,206017.2,11.35,-1,0.279615939671405,0.492956788207705,0.701787487586891,0.57648906795938,16,1.23076923076923,0.0512820512820513,"S1 O2","de-protonated",0,NA,"C39 H48 O2 S1",39,48,2,NA,NA,1,NA,NA,NA,NA,NA
5148,580.169173,580.167448903901,580.167178145606,2058180.3,NA,197106.4,8.55,-1,0.46669012974373,0.961251242757895,0,0.576750745654737,12,1.19230769230769,0.538461538461538,"N1 O14","de-protonated",0,NA,"C26 H31 O14 N1",26,31,14,1,NA,NA,NA,NA,NA,NA,NA
5149,580.176587,580.17486287277,580.175061458339,2600901,NA,202572.4,11.39,-1,-0.342285599816682,0.978965942606771,0,0.587379565564062,15,1.16129032258065,0.129032258064516,"N1 S2 P1 O4","de-protonated",0,NA,"C31 H36 O4 S2 N1 P1",31,36,4,1,1,2,NA,NA,NA,NA,NA
5153,580.254577,580.252852545288,580.252703382215,2036683.5,NA,176900.8,8.43,-1,0.257065710564236,0.988080967642631,0,0.592848580585579,18,1.08333333333333,0.111111111111111,"N1 S1 O4","de-protonated",0,NA,"C36 H39 O4 S1 N1",36,39,4,1,NA,1,NA,NA,NA,NA,NA
5156,581.080089,581.078361078945,581.078422709738,3056656.3,NA,191260.5,13.77,-1,-0.106062779907231,0.997960908660321,0,0.598776545196193,14,0.916666666666667,0.708333333333333,"O17","de-protonated",0,NA,"C24 H22 O17",24,22,17,NA,NA,NA,NA,NA,NA,NA,NA
5158,581.116565,581.114836925782,581.114808219122,6018067,NA,183945.8,29.27,-1,0.0493992907150966,0.991951441084701,0.974748361189835,0.985070209126755,13,1.04,0.64,"O16","de-protonated",0,NA,"C25 H26 O16",25,26,16,NA,NA,NA,NA,NA,NA,NA,NA
5160,581.152921,581.151192773122,581.151193728507,9417750,NA,180807.4,47.06,-1,-0.00164395192077891,0.999613422580858,0.976513982728865,0.990373646640061,12,1.15384615384615,0.576923076923077,"O15","de-protonated",0,NA,"C26 H30 O15",26,30,15,NA,NA,NA,NA,NA,NA,NA,NA
5161,581.168582,581.166853707361,581.166939127162,1926167.5,NA,168187.4,7.86,-1,-0.14697980039978,0.996087825402133,0,0.59765269524128,20,0.939393939393939,0.121212121212121,"N2 S1 P1 O4","de-protonated",0,NA,"C33 H31 O4 S1 N2 P1",33,31,4,2,1,1,NA,NA,NA,NA,NA
5162,581.181208,581.179479654344,581.179204087632,5782552.5,NA,181099.1,28.04,-1,0.474151019945498,0.480013847186347,0.707195036525566,0.570886322922035,24,0.789473684210526,0.105263157894737,"S1 O4","de-protonated",0,NA,"C38 H30 O4 S1",38,30,4,NA,NA,1,NA,NA,NA,NA,NA
5163,581.189402,581.187673619937,581.187579237891,8424473,NA,176692.1,41.86,-1,0.162395153989633,0.989787194050625,0.983193384928306,0.987149670401697,11,1.25925925925926,0.518518518518518,"O14","de-protonated",0,NA,"C27 H34 O14",27,34,14,NA,NA,NA,NA,NA,NA,NA,NA
5164,581.217749,581.216020500908,581.21591924329,5516315.5,NA,179323.6,26.64,-1,0.17421686916127,0.977104508792456,0.913346786533078,0.951601419888705,2,2.11111111111111,0.944444444444444,"N4 O17","de-protonated",0,NA,"C18 H38 O17 N4",18,38,17,4,NA,NA,NA,NA,NA,NA,NA
5165,581.225549,581.223820468155,581.223964747275,5237788,NA,190292.5,25.19,-1,-0.248233260624697,0.494440725051958,0.766236582456902,0.603159068013936,10,1.35714285714286,0.464285714285714,"O13","de-protonated",0,NA,"C28 H38 O13",28,38,13,NA,NA,NA,NA,NA,NA,NA,NA
5166,581.253886,581.252157349168,581.251975106401,4139038.5,NA,169033.2,19.44,-1,0.313534877793471,0.491160493503438,0.69646200847541,0.573281099492227,22,0.95,0.05,"S1 O2","de-protonated",0,NA,"C40 H38 O2 S1",40,38,2,NA,NA,1,NA,NA,NA,NA,NA
5167,581.261812,581.260083315886,581.260350256659,2520095,NA,202801.4,10.96,-1,-0.459244765517577,0.962454417755495,0,0.577472650653297,9,1.44827586206897,0.413793103448276,"O12","de-protonated",0,NA,"C29 H42 O12",29,42,12,NA,NA,NA,NA,NA,NA,NA,NA
5168,581.274845,581.27311626116,581.2731044745,2710560.3,NA,190362.5,11.96,-1,0.02027731954033,0.499962698291641,0.712686567164179,0.585052245840656,17,1.13513513513514,0.108108108108108,"S1 O4","de-protonated",0,NA,"C37 H42 O4 S1",37,42,4,NA,NA,1,NA,NA,NA,NA,NA
5169,581.311437,581.30970810751,581.309489983884,1901603.1,NA,192901.9,7.73,-1,0.375228048451172,0.974776304813702,0,0.584865782888221,16,1.21052631578947,0.0789473684210526,"S1 O3","de-protonated",0,NA,"C38 H46 O3 S1",38,46,3,NA,NA,1,NA,NA,NA,NA,NA
5170,581.435627,581.433897586033,581.434035595104,1785389.3,NA,231100.9,7.12,-1,-0.237359806847308,0.989829314272675,0,0.593897588563605,4,1.85294117647059,0.147058823529412,"P1 O5","de-protonated",0,NA,"C34 H63 O5 P1",34,63,5,NA,1,NA,NA,NA,NA,NA,NA
5173,582.148238,582.146505593764,582.1464427007,1811558.3,NA,195637.4,7.26,-1,0.108036500043899,0.997884392796241,0,0.598730635677745,12,1.16,0.6,"N1 O15","de-protonated",0,NA,"C25 H29 O15 N1",25,29,15,1,NA,NA,NA,NA,NA,NA,NA
5177,582.221284,582.219551287042,582.219702976839,1844844,NA,214866.9,7.43,-1,-0.260537037440375,0.987758884753142,0,0.592655330851885,14,1.26666666666667,0.166666666666667,"N3 S1 P1 O5","de-protonated",0,NA,"C30 H38 O5 S1 N3 P1",30,38,5,3,1,1,NA,NA,NA,NA,NA
5178,582.234427,582.232694231854,582.232970259016,1922157.1,NA,182868.2,7.83,-1,-0.474083700961902,0.960038814083914,0,0.576023288450348,4,1.84,0.32,"N1 S2 P1 O8","de-protonated",0,NA,"C25 H46 O8 S2 N1 P1",25,46,8,1,1,2,NA,NA,NA,NA,NA
5180,582.306829,582.305095927837,582.304871897859,1771122.8,NA,201265.3,7.04,-1,0.38472969859859,0.973499975347603,0,0.584099985208562,3,1.92307692307692,0.423076923076923,"N1 P1 O11","de-protonated",0,NA,"C26 H50 O11 N1 P1",26,50,11,1,1,NA,NA,NA,NA,NA,NA
5183,583.074639,583.072902703786,583.072943406117,2379950.3,NA,176145.9,10.23,-1,-0.0698065850847268,0.999116198715342,0,0.599469719229205,18,0.740740740740741,0.555555555555556,"O15","de-protonated",0,NA,"C27 H20 O15",27,20,15,NA,NA,NA,NA,NA,NA,NA,NA
5184,583.095824,583.094087614829,583.094072774216,3698864,NA,192647.9,17.13,-1,0.025451490366014,0.999882468374604,0,0.599929481024762,13,1,0.708333333333333,"O17","de-protonated",0,NA,"C24 H24 O17",24,24,17,NA,NA,NA,NA,NA,NA,NA,NA
5185,583.124195,583.122458495699,583.122216075123,3034290,NA,206416,13.65,-1,0.415728588823886,0.969126795683662,0,0.581476077410197,12,1.16,0.56,"P1 O14","de-protonated",0,NA,"C25 H29 O14 P1",25,29,14,NA,1,NA,NA,NA,NA,NA,NA
5186,583.13203,583.130293462799,583.1304582836,5127346.5,NA,192627.7,24.61,-1,-0.282648245307372,0.492804309606884,0.785920818505338,0.610050913166265,12,1.12,0.64,"O16","de-protonated",0,NA,"C25 H28 O16",25,28,16,NA,NA,NA,NA,NA,NA,NA,NA
5187,583.147372,583.145635398378,583.145714424885,2652339.8,NA,181348.1,11.66,-1,-0.135517598893041,0.996673237296291,0,0.598003942377775,16,0.96551724137931,0.448275862068966,"O13","de-protonated",0,NA,"C29 H28 O13",29,28,13,NA,NA,NA,NA,NA,NA,NA,NA
5188,583.160562,583.158825342993,583.158601584507,5246133,NA,189454.7,25.23,-1,0.383700909558576,0.48681981443698,0.779247987650237,0.603791083722283,11,1.26923076923077,0.5,"P1 O13","de-protonated",0,NA,"C26 H33 O13 P1",26,33,13,NA,1,NA,NA,NA,NA,NA,NA
5189,583.168645,583.166908309052,583.166843792985,6732981.5,NA,186155.8,33.01,-1,0.110630548351993,0.995711499488438,0.97156348867912,0.986052295164711,11,1.23076923076923,0.576923076923077,"O15","de-protonated",0,NA,"C26 H32 O15",26,32,15,NA,NA,NA,NA,NA,NA,NA,NA
5190,583.183759,583.182022245588,583.182099934269,2523318.8,NA,201265.9,10.98,-1,-0.133215133409165,0.996785141061847,0,0.598071084637108,15,1.06666666666667,0.4,"O12","de-protonated",0,NA,"C30 H32 O12",30,32,12,NA,NA,NA,NA,NA,NA,NA,NA
5191,583.19698,583.195243190073,583.194987093891,7052471.5,NA,186021.4,34.68,-1,0.439126170953139,0.979246778143109,0.930485416822466,0.959742233614852,10,1.37037037037037,0.444444444444444,"P1 O12","de-protonated",0,NA,"C27 H37 O12 P1",27,37,12,NA,1,NA,NA,NA,NA,NA,NA
5192,583.204946,583.203209156624,583.203229302369,5242040,NA,184904.1,25.21,-1,-0.0345432678119668,0.993530252369647,0.962516997643435,0.981124950479162,10,1.33333333333333,0.518518518518518,"O14","de-protonated",0,NA,"C27 H36 O14",27,36,14,NA,NA,NA,NA,NA,NA,NA,NA
5193,583.233343,583.231606037384,583.231372603276,5270714.5,NA,189090,25.36,-1,0.400242715212391,0.985446190639169,0.973892619000834,0.980824761983835,9,1.46428571428571,0.392857142857143,"P1 O11","de-protonated",0,NA,"C28 H41 O11 P1",28,41,11,NA,1,NA,NA,NA,NA,NA,NA
5194,583.241605,583.239868002692,583.239614811753,3561659,NA,180901.2,16.41,-1,0.434111353244195,0.483191767762601,0.766236582456902,0.596409693640321,9,1.42857142857143,0.464285714285714,"O13","de-protonated",0,NA,"C28 H40 O13",28,40,13,NA,NA,NA,NA,NA,NA,NA,NA
5196,583.277901,583.276163850284,583.276000321137,1992893.8,NA,187513.5,8.2,-1,0.280363235171843,0.985838718034297,0,0.591503230820578,8,1.51724137931034,0.413793103448276,"O12","de-protonated",0,NA,"C29 H44 O12",29,44,12,NA,NA,NA,NA,NA,NA,NA,NA
5198,583.314399,583.312661697028,583.312385830522,1986240.5,NA,186707.2,8.17,-1,0.472930993534745,0.960228992594345,0,0.576137395556607,7,1.6,0.366666666666667,"O11","de-protonated",0,NA,"C30 H48 O11",30,48,11,NA,NA,NA,NA,NA,NA,NA,NA
5199,583.350476,583.34873854554,583.348771339906,2005187.3,NA,202764.4,8.27,-1,-0.0562174255465455,0.99942671415617,0,0.599656028493702,6,1.67741935483871,0.32258064516129,"O10","de-protonated",0,NA,"C31 H52 O10",31,52,10,NA,NA,NA,NA,NA,NA,NA,NA
5202,584.164001,584.16226012953,584.162092765178,2478848,NA,197070.5,10.75,-1,0.286503274995743,0.985216310909366,0,0.59112978654562,11,1.24,0.6,"N1 O15","de-protonated",0,NA,"C25 H31 O15 N1",25,31,15,1,NA,NA,NA,NA,NA,NA,NA
5212,585.090323,585.088578239884,585.088593470595,2103618.8,NA,191067.2,8.78,-1,-0.0260314608265762,0.999877051223945,0,0.599926230734367,17,0.814814814814815,0.555555555555556,"O15","de-protonated",0,NA,"C27 H22 O15",27,22,15,NA,NA,NA,NA,NA,NA,NA,NA
5213,585.111483,585.109738151033,585.109722838694,2005828.3,NA,205191.6,8.27,-1,0.0261700291778369,0.999875738881749,0,0.599925443329049,12,1.08333333333333,0.708333333333333,"O17","de-protonated",0,NA,"C24 H26 O17",24,26,17,NA,NA,NA,NA,NA,NA,NA,NA
5214,585.12901,585.127265077436,585.127185770389,13159750,NA,186126.3,66.64,-1,0.135538133814551,0.332224076897896,0.70601397461506,0.481740035984762,20,0.866666666666667,0.166666666666667,"N4 S2 O5","de-protonated",0,NA,"C30 H26 O5 S2 N4",30,26,5,4,NA,2,NA,NA,NA,NA,NA
5216,585.14791,585.146164998075,585.146108348078,4079942.8,NA,183946,19.13,-1,0.0968134209570723,0.499150378061854,0.785920818505338,0.613858554239248,11,1.2,0.64,"O16","de-protonated",0,NA,"C25 H30 O16",25,30,16,NA,NA,NA,NA,NA,NA,NA,NA
5217,585.162961,585.161215934875,585.161364489363,3391816,NA,174856.2,15.52,-1,-0.253869269001031,0.494186908109842,0.759892473118277,0.600469134113216,15,1.03448275862069,0.448275862068966,"O13","de-protonated",0,NA,"C29 H30 O13",29,30,13,NA,NA,NA,NA,NA,NA,NA,NA
5218,585.176261,585.174515879028,585.174251648985,6042953,NA,179752.9,29.4,-1,0.451540788405688,0.979301478112873,0.963831403038122,0.973113448082973,10,1.34615384615385,0.5,"P1 O13","de-protonated",0,NA,"C26 H35 O13 P1",26,35,13,NA,1,NA,NA,NA,NA,NA,NA
5219,585.184305,585.182559845251,585.182493857463,3511625.5,NA,177178.4,16.15,-1,0.112764461187919,0.997695390193343,0,0.598617234116006,10,1.30769230769231,0.576923076923077,"O15","de-protonated",0,NA,"C26 H34 O15",26,34,15,NA,NA,NA,NA,NA,NA,NA,NA
5220,585.199683,585.197937780679,585.197749998747,2995530.5,NA,189665,13.45,-1,0.320886283902058,0.981490043349097,0,0.588894026009458,14,1.13333333333333,0.4,"O12","de-protonated",0,NA,"C30 H34 O12",30,34,12,NA,NA,NA,NA,NA,NA,NA,NA
5221,585.21267,585.210924726146,585.210637158369,6102347.5,NA,184606.3,29.71,-1,0.49139191655471,0.478566131450986,0.772687513667176,0.596214684337462,9,1.44444444444444,0.444444444444444,"P1 O12","de-protonated",0,NA,"C27 H39 O12 P1",27,39,12,NA,1,NA,NA,NA,NA,NA,NA
5222,585.220805,585.219059691987,585.218879366847,2633036,NA,197736.1,11.55,-1,0.308132814076089,0.982919753622169,0,0.589751852173301,9,1.40740740740741,0.518518518518518,"O14","de-protonated",0,NA,"C27 H38 O14",27,38,14,NA,NA,NA,NA,NA,NA,NA,NA
5223,585.248966,585.247220573738,585.247022667754,3502414,NA,183147.1,16.1,-1,0.33815803739745,0.48973248126446,0.766236582456902,0.600334121741437,8,1.53571428571429,0.392857142857143,"P1 O11","de-protonated",0,NA,"C28 H43 O11 P1",28,43,11,NA,1,NA,NA,NA,NA,NA,NA
5224,585.257187,585.255441539218,585.255264876231,1906510.6,NA,208896.2,7.75,-1,0.301856296860238,0.983602821021234,0,0.590161692612741,8,1.5,0.464285714285714,"O13","de-protonated",0,NA,"C28 H42 O13",28,42,13,NA,NA,NA,NA,NA,NA,NA,NA
5225,585.329862,585.328116234054,585.328035895,1887059.8,NA,217896,7.65,-1,0.137254752220203,0.996587548024021,0,0.597952528814412,6,1.66666666666667,0.366666666666667,"O11","de-protonated",0,NA,"C30 H50 O11",30,50,11,NA,NA,NA,NA,NA,NA,NA,NA
5226,585.366092,585.364346081924,585.364421404384,2245462.3,NA,192883.8,9.53,-1,-0.128676184624679,0.997000160936694,0,0.598200096562016,5,1.74193548387097,0.32258064516129,"O10","de-protonated",0,NA,"C31 H54 O10",31,54,10,NA,NA,NA,NA,NA,NA,NA,NA
5228,585.514699,585.512952457919,585.512954622736,2950496.8,NA,413003.3,13.21,-1,-0.00369729939369897,0.499998759797698,0.72968508002065,0.591873287886879,1,2.08823529411765,0.0882352941176471,"N2 P1 O3","de-protonated",0,NA,"C34 H71 O3 N2 P1",34,71,3,2,1,NA,NA,NA,NA,NA,NA
5230,586.128393,586.126643881005,586.126457494575,4966795,NA,168857.2,23.77,-1,0.317996956712598,0.49090942124756,0.72968508002065,0.586419684756796,24,0.735294117647059,0.0882352941176471,"N3 S2 O3","de-protonated",0,NA,"C34 H25 O3 S2 N3",34,25,3,3,NA,2,NA,NA,NA,NA,NA
5231,586.171404,586.169654700401,586.169367679396,3175822,NA,198156.2,14.39,-1,0.489655413791413,0.478714086010151,0.718264051224716,0.574534072095977,23,0.805555555555556,0.138888888888889,"N1 S1 O5","de-protonated",0,NA,"C36 H29 O5 S1 N1",36,29,5,1,NA,1,NA,NA,NA,NA,NA
5233,586.216241,586.214491512129,586.21461759641,1799057,NA,205356.2,7.19,-1,-0.215082117185911,0.991641256424754,0,0.594984753854852,13,1.31034482758621,0.206896551724138,"N3 S1 P1 O6","de-protonated",0,NA,"C29 H38 O6 S1 N3 P1",29,38,6,3,1,1,NA,NA,NA,NA,NA
5234,586.513699,586.511948263096,586.512226346922,5456293,NA,157023.8,26.33,-1,-0.474131335863969,0.480015472964019,0.707195036525566,0.570887298388638,5,1.84210526315789,0.0263157894736842,"N1 P1 O1","de-protonated",0,NA,"C38 H70 O1 N1 P1",38,70,1,1,1,NA,NA,NA,NA,NA,NA
5238,587.069524,587.067770929175,587.067858025688,2807242,NA,194017.9,12.46,-1,-0.148358510872924,0.996014233796469,0,0.597608540277881,17,0.769230769230769,0.615384615384615,"O16","de-protonated",0,NA,"C26 H20 O16",26,20,16,NA,NA,NA,NA,NA,NA,NA,NA
5239,587.105937,587.104183776276,587.104243535073,2879948.3,NA,194207.7,12.84,-1,-0.101785666120387,0.998121899057498,0,0.598873139434499,16,0.888888888888889,0.555555555555556,"O15","de-protonated",0,NA,"C27 H24 O15",27,24,15,NA,NA,NA,NA,NA,NA,NA,NA
5241,587.125801,587.124047692867,587.12401168572,7869901.5,NA,184009.6,38.96,-1,0.0613280083032987,0.499658890849315,0.701787487586891,0.580510329544346,28,0.641025641025641,0.0512820512820513,"S1 P1 O2","de-protonated",0,NA,"C39 H25 O2 S1 P1",39,25,2,NA,1,1,NA,NA,NA,NA,NA
5242,587.142497,587.14074362276,587.140629044457,4136398.8,NA,196010.6,19.42,-1,0.195146268668125,0.995964775092905,0.928010240587547,0.968782961290762,15,1,0.5,"O14","de-protonated",0,NA,"C28 H28 O14",28,28,14,NA,NA,NA,NA,NA,NA,NA,NA
5244,587.178842,587.177088470146,587.177014553841,4398545,NA,182986.6,20.79,-1,0.125884194095548,0.498564371710101,0.759892473118277,0.603095612273371,14,1.10344827586207,0.448275862068966,"O13","de-protonated",0,NA,"C29 H32 O13",29,32,13,NA,NA,NA,NA,NA,NA,NA,NA
5245,587.191914,587.190160415257,587.189901713463,5707218,NA,193544.4,27.64,-1,0.440576026233147,0.482696260528482,0.779247987650237,0.601316951377184,9,1.42307692307692,0.5,"P1 O13","de-protonated",0,NA,"C26 H37 O13 P1",26,37,13,NA,1,NA,NA,NA,NA,NA,NA
5246,587.200108,587.19835438085,587.198143921941,2164178.5,NA,181282.3,9.1,-1,0.358412081876155,0.976960793920154,0,0.586176476352092,9,1.38461538461538,0.576923076923077,"O15","de-protonated",0,NA,"C26 H36 O15",26,36,15,NA,NA,NA,NA,NA,NA,NA,NA
5247,587.209483,587.207729341484,587.207526836411,2185683,NA,183036,9.21,-1,0.344861167316388,0.978651621079873,0,0.587190972647924,22,0.864864864864865,0.189189189189189,"O7","de-protonated",0,NA,"C37 H32 O7",37,32,7,NA,NA,NA,NA,NA,NA,NA,NA
5248,587.215193,587.213439317508,587.213400063225,4317651.5,NA,194605,20.37,-1,0.0668484101760252,0.49959474354725,0.753652554121787,0.601217867777065,13,1.2,0.4,"O12","de-protonated",0,NA,"C30 H36 O12",30,36,12,NA,NA,NA,NA,NA,NA,NA,NA
5250,587.245806,587.244052188963,587.243912345795,1821141.4,NA,204937,7.3,-1,0.238134725289509,0.989763138176227,0,0.593857882905736,21,0.947368421052632,0.157894736842105,"O6","de-protonated",0,NA,"C38 H36 O6",38,36,6,NA,NA,NA,NA,NA,NA,NA,NA
5251,587.251495,587.249741165075,587.24978557261,2182613.8,NA,192990.2,9.2,-1,-0.0756194997763467,0.998962958489638,0,0.599377775093783,12,1.29032258064516,0.354838709677419,"O11","de-protonated",0,NA,"C31 H40 O11",31,40,11,NA,NA,NA,NA,NA,NA,NA,NA
5253,587.300529,587.29877495918,587.298925299835,1850329,NA,202818.4,7.46,-1,-0.255986599220742,0.988180232627673,0,0.592908139576603,19,1.1,0.05,"S1 O2","de-protonated",0,NA,"C40 H44 O2 S1",40,44,2,NA,NA,1,NA,NA,NA,NA,NA
5254,587.308917,587.307162923958,587.307300450093,2219993.5,NA,202838.8,9.39,-1,-0.234163843773173,0.990100008348464,0,0.594060005009078,6,1.6551724137931,0.413793103448276,"O12","de-protonated",0,NA,"C29 H48 O12",29,48,12,NA,NA,NA,NA,NA,NA,NA,NA
5257,588.125719,588.123961494189,588.124131563021,2865165.8,NA,157051.1,12.77,-1,-0.289171660915918,0.492470871157708,0.691216744913927,0.571969220660196,33,0.463414634146341,0.0975609756097561,"N1 O4","de-protonated",0,NA,"C41 H19 O4 N1",41,19,4,1,NA,NA,NA,NA,NA,NA,NA
5259,588.195311,588.19355320197,588.193392894134,2120210.3,NA,199051.5,8.87,-1,0.272542736407505,0.986612495027506,0,0.591967497016504,9,1.4,0.6,"N1 O15","de-protonated",0,NA,"C25 H35 O15 N1",25,35,15,1,NA,NA,NA,NA,NA,NA,NA
5260,588.231929,588.230171048211,588.230267660888,2289684.5,NA,174973.5,9.76,-1,-0.164242955122065,0.995117245499523,0,0.597070347299714,12,1.37931034482759,0.206896551724138,"N3 S1 P1 O6","de-protonated",0,NA,"C29 H40 O6 S1 N3 P1",29,40,6,3,1,1,NA,NA,NA,NA,NA
5261,588.304321,588.302562744235,588.302549422286,1970201,NA,207439.3,8.08,-1,0.0226447235340656,0.999906960435298,0,0.599944176261179,6,1.67857142857143,0.428571428571429,"N1 O12","de-protonated",0,NA,"C28 H47 O12 N1",28,47,12,1,NA,NA,NA,NA,NA,NA,NA
5264,589.085444,589.083682464282,589.083508090166,3024457,NA,191842.2,13.6,-1,0.296009163102453,0.984226926265929,0,0.590536155759557,16,0.846153846153846,0.615384615384615,"O16","de-protonated",0,NA,"C26 H22 O16",26,22,16,NA,NA,NA,NA,NA,NA,NA,NA
5265,589.121651,589.119889312248,589.119893599551,5150283,NA,181294.6,24.73,-1,-0.00727746974851696,0.499995195119805,0.772687513667176,0.609072122538753,15,0.962962962962963,0.555555555555556,"O15","de-protonated",0,NA,"C27 H26 O15",27,26,15,NA,NA,NA,NA,NA,NA,NA,NA
5266,589.135222,589.133460255263,589.133650139098,2633292,NA,214907.7,11.55,-1,-0.322310284758056,0.981326941979344,0,0.588796165187607,9,1.4,0.4,"S2 P1 O10","de-protonated",0,NA,"C25 H35 O10 S2 P1",25,35,10,NA,1,2,NA,NA,NA,NA,NA
5267,589.158055,589.156293159387,589.156279108935,6151757.5,NA,176197.9,29.97,-1,0.0238484299476677,0.499948403408965,0.766236582456902,0.60646367502814,14,1.07142857142857,0.5,"O14","de-protonated",0,NA,"C28 H30 O14",28,30,14,NA,NA,NA,NA,NA,NA,NA,NA
5268,589.171181,589.169419104271,589.169166268557,3824206.3,NA,211235.1,17.79,-1,0.429139419369074,0.967136431181625,0,0.580281858708975,9,1.4,0.56,"P1 O14","de-protonated",0,NA,"C25 H35 O14 P1",25,35,14,NA,1,NA,NA,NA,NA,NA,NA
5269,589.194465,589.192703006501,589.192664618319,6606415.5,NA,186621.6,32.35,-1,0.0651538687942841,0.49961502103325,0.759892473118277,0.603726001867261,13,1.17241379310345,0.448275862068966,"O13","de-protonated",0,NA,"C29 H34 O13",29,34,13,NA,NA,NA,NA,NA,NA,NA,NA
5270,589.207492,589.2057299518,589.205551777941,3997264.3,NA,196159.7,18.69,-1,0.302396775388828,0.491772267927538,0.779247987650237,0.606762555816618,8,1.5,0.5,"P1 O13","de-protonated",0,NA,"C26 H39 O13 P1",26,39,13,NA,1,NA,NA,NA,NA,NA,NA
5271,589.230907,589.22914485348,589.229050127703,4993618,NA,167641.7,23.91,-1,0.160762230772834,0.49766076433193,0.753652554121788,0.600057480247873,12,1.26666666666667,0.4,"O12","de-protonated",0,NA,"C30 H38 O12",30,38,12,NA,NA,NA,NA,NA,NA,NA,NA
5273,589.267308,589.265545700631,589.265435637088,2667092,NA,195992.5,11.73,-1,0.186780925809747,0.99368977258977,0,0.596213863553862,11,1.35483870967742,0.354838709677419,"O11","de-protonated",0,NA,"C31 H42 O11",31,42,11,NA,NA,NA,NA,NA,NA,NA,NA
5274,589.280075,589.278312647023,589.278189854928,3207764.8,NA,194104.2,14.56,-1,0.208377123794055,0.496076133718976,0.701787487586891,0.578360675266142,19,1.07692307692308,0.0769230769230769,"S1 O3","de-protonated",0,NA,"C39 H42 O3 S1",39,42,3,NA,NA,1,NA,NA,NA,NA,NA
5275,589.316744,589.314981493049,589.314708306094,2530903,NA,200451.4,11.02,-1,0.463567174928389,0.961758086400276,0,0.577054851840166,5,1.75862068965517,0.344827586206897,"P1 O10","de-protonated",0,NA,"C29 H51 O10 P1",29,51,10,NA,1,NA,NA,NA,NA,NA,NA
5277,590.161836,590.160069944489,590.160259546976,2133128.5,NA,183821.9,8.94,-1,-0.321272881297696,0.981445832225292,0,0.588867499335175,18,0.966666666666667,0.266666666666667,"N3 S1 O8","de-protonated",0,NA,"C30 H29 O8 S1 N3",30,29,8,3,NA,1,NA,NA,NA,NA,NA
5278,590.198139,590.196372792051,590.19664505636,2408586.8,NA,192219.4,10.38,-1,-0.461311176128498,0.962122274178195,0,0.577273364506917,17,1.06451612903226,0.225806451612903,"N3 S1 O7","de-protonated",0,NA,"C31 H33 O7 S1 N3",31,33,7,3,NA,1,NA,NA,NA,NA,NA
5279,590.283813,590.282046432304,590.28181397738,2635407.5,NA,196095.4,11.56,-1,0.393803296729875,0.972252970810422,0,0.583351782486253,6,1.66666666666667,0.481481481481481,"N1 O13","de-protonated",0,NA,"C27 H45 O13 N1",27,45,13,1,NA,NA,NA,NA,NA,NA,NA
5280,590.509167,590.507399486038,590.507140966494,2868892.5,NA,190645.1,12.79,-1,0.437792410134467,0.482910455940504,0.712686567164179,0.574820900429974,4,1.89189189189189,0.0540540540540541,"N1 P1 O2","de-protonated",0,NA,"C37 H70 O2 N1 P1",37,70,2,1,1,NA,NA,NA,NA,NA,NA
5281,591.101018,591.099248000843,591.099158154644,4433598,NA,187834.1,20.97,-1,0.151998521851186,0.497908332854621,0.779247987650237,0.610444194772867,15,0.923076923076923,0.615384615384615,"O16","de-protonated",0,NA,"C26 H24 O16",26,24,16,NA,NA,NA,NA,NA,NA,NA,NA
5282,591.137489,591.1357188477,591.135543664029,5990080,NA,180837.9,29.12,-1,0.296351104788789,0.991663497247802,0.966943406789359,0.981775461064425,14,1.03703703703704,0.555555555555556,"O15","de-protonated",0,NA,"C27 H28 O15",27,28,15,NA,NA,NA,NA,NA,NA,NA,NA
5283,591.150489,591.148718793113,591.148430823651,2439872.5,NA,202843.2,10.54,-1,0.487135628172472,0.957855855301439,0,0.574713513180864,9,1.375,0.625,"P1 O15","de-protonated",0,NA,"C24 H33 O15 P1",24,33,15,NA,1,NA,NA,NA,NA,NA,NA
5284,591.165622,591.163851729569,591.163686964935,2188993.3,NA,130757.8,9.23,-1,0.278712372104275,0.986003829662839,0,0.591602297797703,13,1.17857142857143,0.428571428571429,"P1 O12","de-protonated",0,NA,"C28 H33 O12 P1",28,33,12,NA,1,NA,NA,NA,NA,NA,NA
5285,591.173872,591.172101694927,591.171929173413,8627906,NA,175780.7,42.92,-1,0.291829678551849,0.492332893578296,0.766236582456902,0.601894369129738,13,1.14285714285714,0.5,"O14","de-protonated",0,NA,"C28 H32 O14",28,32,14,NA,NA,NA,NA,NA,NA,NA,NA
5286,591.186859,591.185088640394,591.184816333035,2737858.5,NA,208198.7,12.1,-1,0.460612911371444,0.962234663421424,0,0.577340798052854,8,1.48,0.56,"P1 O14","de-protonated",0,NA,"C25 H37 O14 P1",25,37,14,NA,1,NA,NA,NA,NA,NA,NA
5287,591.210073,591.208302542918,591.208314682797,7106244,NA,182732,34.96,-1,-0.0205340128284235,0.999810424883821,0.942261284381991,0.976790768683089,12,1.24137931034483,0.448275862068966,"O13","de-protonated",0,NA,"C29 H36 O13",29,36,13,NA,NA,NA,NA,NA,NA,NA,NA
5288,591.223175,591.221404487903,591.221201842419,3684036.5,NA,179447.6,17.05,-1,0.342757469978672,0.97890852447355,0,0.58734511468413,7,1.57692307692308,0.5,"P1 O13","de-protonated",0,NA,"C26 H41 O13 P1",26,41,13,NA,1,NA,NA,NA,NA,NA,NA
5289,591.238271,591.236500424514,591.236325041923,2112709.3,NA,181636,8.83,-1,0.296637037109832,0.984160475128673,0,0.590496285077204,24,0.878048780487805,0.0487804878048781,"S1 O2","de-protonated",0,NA,"C41 H36 O2 S1",41,36,2,NA,NA,1,NA,NA,NA,NA,NA
5290,591.246497,591.244726389973,591.244700192181,4508358,NA,182974.6,21.37,-1,0.044309558276465,0.499821909268237,0.753652554121787,0.601354167209657,11,1.33333333333333,0.4,"O12","de-protonated",0,NA,"C30 H40 O12",30,40,12,NA,NA,NA,NA,NA,NA,NA,NA
5291,591.25961,591.257839334911,591.257587351803,3427014.5,NA,197084.1,15.71,-1,0.426181605384592,0.967580490778916,0,0.58054829446735,6,1.66666666666667,0.444444444444444,"P1 O12","de-protonated",0,NA,"C27 H45 O12 P1",27,45,12,NA,1,NA,NA,NA,NA,NA,NA
5292,591.296018,591.294247182033,591.293972861188,3500744.5,NA,195748,16.09,-1,0.46393309943348,0.980753372239756,0.867683515327113,0.935525429474699,5,1.75,0.392857142857143,"P1 O11","de-protonated",0,NA,"C28 H49 O11 P1",28,49,11,NA,1,NA,NA,NA,NA,NA,NA
5293,591.332202,591.330431030096,591.330225428791,3100362.5,NA,176432.9,14,-1,0.347692873574284,0.489151719446485,0.69646200847541,0.572075835058055,17,1.2,0.05,"S1 O2","de-protonated",0,NA,"C40 H48 O2 S1",40,48,2,NA,NA,1,NA,NA,NA,NA,NA
5297,592.154092,592.152317578962,592.15227831991,1780982.9,NA,211938.6,7.09,-1,0.066298912092786,0.999202751970227,0,0.599521651182136,26,0.72972972972973,0.027027027027027,"N3 S2 O1","de-protonated",0,NA,"C37 H27 O1 S2 N3",37,27,1,3,NA,2,NA,NA,NA,NA,NA
5300,593.080171,593.078392690335,593.078422709738,3222310.8,NA,172213.9,14.63,-1,-0.0506162449916954,0.999535235729621,0,0.599721141437773,15,0.88,0.68,"O17","de-protonated",0,NA,"C25 H22 O17",25,22,17,NA,NA,NA,NA,NA,NA,NA,NA
5301,593.116712,593.114933536899,593.114808219122,5533480.5,NA,179549.3,26.73,-1,0.211287553340195,0.983599053195998,0.940956937826935,0.966542207048372,14,1,0.615384615384615,"O16","de-protonated",0,NA,"C26 H26 O16",26,26,16,NA,NA,NA,NA,NA,NA,NA,NA
5302,593.145422,593.143643416345,593.143820899955,1963306.1,NA,156012,8.05,-1,-0.299225252737314,0.983885112283563,0,0.590331067370138,12,1.25,0.285714285714286,"S2 P1 O8","de-protonated",0,NA,"C28 H35 O8 S2 P1",28,35,8,NA,1,2,NA,NA,NA,NA,NA
5303,593.153028,593.151249384407,593.151193728507,6721322.5,NA,179087.4,32.95,-1,0.0938308835899229,0.99196746119874,0.948399747061701,0.974540375543924,13,1.11111111111111,0.555555555555556,"O15","de-protonated",0,NA,"C27 H30 O15",27,30,15,NA,NA,NA,NA,NA,NA,NA,NA
5304,593.165998,593.164219329946,593.163947946347,2074411.1,NA,190407.2,8.63,-1,0.457518700996757,0.962730800338863,0,0.577638480203318,21,0.857142857142857,0.2,"S1 O7","de-protonated",0,NA,"C35 H30 O7 S1",35,30,7,NA,NA,1,NA,NA,NA,NA,NA
5306,593.189388,593.187609231731,593.187579237891,8748844,NA,177590.8,43.56,-1,0.0505638365548559,0.981106638810663,0.959086431271081,0.97229855579483,12,1.21428571428571,0.5,"O14","de-protonated",0,NA,"C28 H34 O14",28,34,14,NA,NA,NA,NA,NA,NA,NA,NA
5307,593.202392,593.200613177127,593.200333455731,2047277,NA,200854,8.49,-1,0.47154625443845,0.960456890130186,0,0.576274134078112,20,0.944444444444444,0.166666666666667,"S1 O6","de-protonated",0,NA,"C36 H34 O6 S1",36,34,6,NA,NA,1,NA,NA,NA,NA,NA
5308,593.21763,593.215851113142,593.215589597016,3310381.8,NA,195563.6,15.1,-1,0.440844998400716,0.482675496616946,0.69646200847541,0.568190101360332,24,0.85,0.075,"S1 O3","de-protonated",0,NA,"C40 H34 O3 S1",40,34,3,NA,NA,1,NA,NA,NA,NA,NA
5309,593.225855,593.224076078605,593.223964747275,6696750,NA,183763.7,32.82,-1,0.187671666002073,0.496814817958455,0.759892473118277,0.602045880022384,11,1.31034482758621,0.448275862068966,"O13","de-protonated",0,NA,"C29 H38 O13",29,38,13,NA,NA,NA,NA,NA,NA,NA,NA
5310,593.262138,593.260358926252,593.260350256659,3194672,NA,193777.8,14.49,-1,0.0146134702672956,0.999961251746296,0,0.599976751047778,10,1.4,0.4,"O12","de-protonated",0,NA,"C30 H42 O12",30,42,12,NA,NA,NA,NA,NA,NA,NA,NA
5311,593.274991,593.273211872282,593.2731044745,3496752.5,NA,180754.2,16.07,-1,0.181025873401766,0.497035751645067,0.707195036525566,0.581099465597267,18,1.10526315789474,0.105263157894737,"S1 O4","de-protonated",0,NA,"C38 H42 O4 S1",38,42,4,NA,NA,1,NA,NA,NA,NA,NA
5312,593.298355,593.296575774176,593.296735766044,1952049.8,NA,172850.3,7.99,-1,-0.269665848929746,0.986891782314637,0,0.592135069388782,9,1.48387096774194,0.354838709677419,"O11","de-protonated",0,NA,"C31 H46 O11",31,46,11,NA,NA,NA,NA,NA,NA,NA,NA
5313,593.311447,593.309667719202,593.309489983884,3947314.5,NA,177300.3,18.43,-1,0.299565945220154,0.49192434663668,0.701787487586891,0.575869603016764,17,1.17948717948718,0.0769230769230769,"S1 O3","de-protonated",0,NA,"C39 H46 O3 S1",39,46,3,NA,NA,1,NA,NA,NA,NA,NA
5314,593.483573,593.481792996441,593.48165449378,24190780,NA,173946.4,124.36,-1,0.233373113020419,0.330055475767606,0.688711740084149,0.473517981494223,4,1.91428571428571,0.0857142857142857,"N2 P1 O3","de-protonated",0,NA,"C35 H67 O3 N2 P1",35,67,3,2,1,NA,NA,NA,NA,NA,NA
5319,594.229432,594.227648864563,594.227945185316,2247519.5,NA,197381,9.53,-1,-0.498665125771681,0.955882497811138,0,0.573529498686683,15,1.19354838709677,0.225806451612903,"N3 S1 O7","de-protonated",0,NA,"C31 H37 O7 S1 N3",31,37,7,3,NA,1,NA,NA,NA,NA,NA
5321,595.095953,595.094166226022,595.094072774216,2993032.3,NA,198293.2,13.43,-1,0.157037030659076,0.995535357545091,0,0.597321214527054,14,0.96,0.68,"O17","de-protonated",0,NA,"C25 H24 O17",25,24,17,NA,NA,NA,NA,NA,NA,NA,NA
5323,595.132399,595.130612072984,595.1304582836,6066058,NA,172383.5,29.52,-1,0.258412894424289,0.493978235661015,0.779247987650237,0.608086136456704,13,1.07692307692308,0.615384615384615,"O16","de-protonated",0,NA,"C26 H28 O16",26,28,16,NA,NA,NA,NA,NA,NA,NA,NA
5325,595.16872,595.166932920472,595.166843792985,6664075.5,NA,177888.3,32.65,-1,0.149752104330301,0.997952914348294,0.976222005961808,0.9892605509937,12,1.18518518518519,0.555555555555556,"O15","de-protonated",0,NA,"C27 H32 O15",27,32,15,NA,NA,NA,NA,NA,NA,NA,NA
5326,595.197025,595.195237801619,595.194987093891,5930893,NA,173381.9,28.81,-1,0.421219486959881,0.971329771224249,0.998063289797207,0.982023178653432,11,1.32142857142857,0.428571428571429,"P1 O12","de-protonated",0,NA,"C28 H37 O12 P1",28,37,12,NA,1,NA,NA,NA,NA,NA,NA
5327,595.205111,595.203323767665,595.203229302369,7524237.5,NA,178769.3,37.15,-1,0.158710994315886,0.993657654161145,0.990979474384438,0.992586382250462,11,1.28571428571429,0.5,"O14","de-protonated",0,NA,"C28 H36 O14",28,36,14,NA,NA,NA,NA,NA,NA,NA,NA
5328,595.233475,595.231687648564,595.231569307768,3868558.5,NA,168909,18.02,-1,0.198814717391472,0.992853483489039,0,0.595712090093424,2,2.10526315789474,0.894736842105263,"N4 O17","de-protonated",0,NA,"C19 H40 O17 N4",19,40,17,4,NA,NA,NA,NA,NA,NA,NA
5329,595.24144,595.239652615119,595.239614811753,4085647,NA,185916.2,19.15,-1,0.0635094923869429,0.499634201261948,0.759892473118277,0.60373751000448,10,1.37931034482759,0.448275862068966,"O13","de-protonated",0,NA,"C29 H40 O13",29,40,13,NA,NA,NA,NA,NA,NA,NA,NA
5330,595.254341,595.252553560947,595.252369029594,1943951.5,NA,197586.2,7.94,-1,0.310005240364821,0.982713350387305,0,0.589628010232383,18,1.08108108108108,0.135135135135135,"S1 O5","de-protonated",0,NA,"C37 H40 O5 S1",37,40,5,NA,NA,1,NA,NA,NA,NA,NA
5331,595.290817,595.289029407784,595.288754538978,2337169.3,NA,169011.2,10,-1,0.461740296368254,0.962053127167628,0,0.577231876300577,17,1.15789473684211,0.105263157894737,"S1 O4","de-protonated",0,NA,"C38 H44 O4 S1",38,44,4,NA,NA,1,NA,NA,NA,NA,NA
5333,595.481451,595.479662607307,595.479546493529,22863770,NA,168088.1,117.42,-1,0.194992051893171,0.331041573256779,0.688711740084149,0.474109639987727,3,1.97142857142857,0.0285714285714286,"N2 S1 P1 O1","de-protonated",0,NA,"C35 H69 O1 S1 N2 P1",35,69,1,2,1,1,NA,NA,NA,NA,NA
5337,596.249786,596.247994381052,596.247750943568,2046395.9,NA,201106.7,8.48,-1,0.40828243499987,0.970206341880182,0,0.582123805128109,5,1.76,0.52,"N1 P1 O13","de-protonated",0,NA,"C25 H44 O13 N1 P1",25,44,13,1,1,NA,NA,NA,NA,NA,NA
5338,596.286216,596.284424228081,596.284136452952,1916861.5,NA,178715.8,7.8,-1,0.482614095175244,0.958618236418795,0,0.575170941851277,4,1.84615384615385,0.461538461538462,"N1 P1 O12","de-protonated",0,NA,"C26 H48 O12 N1 P1",26,48,12,1,1,NA,NA,NA,NA,NA,NA
5341,597.111658,597.109862762032,597.109722838694,4130784.5,NA,170260.3,19.39,-1,0.234334382564114,0.495042827373641,0.785920818505338,0.611394023826319,13,1.04,0.68,"O17","de-protonated",0,NA,"C25 H26 O17",25,26,17,NA,NA,NA,NA,NA,NA,NA,NA
5343,597.147944,597.146148609667,597.146108348078,5355490,NA,173993.7,25.8,-1,0.067423345388224,0.4995877455749,0.779247987650237,0.611451842405035,12,1.15384615384615,0.615384615384615,"O16","de-protonated",0,NA,"C26 H30 O16",26,30,16,NA,NA,NA,NA,NA,NA,NA,NA
5344,597.176287,597.174491490654,597.174251648985,4618211,NA,187336.2,21.94,-1,0.401627611630954,0.48557782111206,0.772687513667176,0.600421698134107,11,1.2962962962963,0.481481481481481,"P1 O13","de-protonated",0,NA,"C27 H35 O13 P1",27,35,13,NA,1,NA,NA,NA,NA,NA,NA
5345,597.184237,597.182441457271,597.182493857463,6465507.5,NA,174737.1,31.61,-1,-0.087745692010222,0.999296955591595,0.98964082337836,0.995434502706301,11,1.25925925925926,0.555555555555556,"O15","de-protonated",0,NA,"C27 H34 O15",27,34,15,NA,NA,NA,NA,NA,NA,NA,NA
5346,597.199912,597.198116391452,597.198239256118,2461156.3,NA,182092.8,10.65,-1,-0.205735144556129,0.992349247723792,0,0.595409548634275,19,1.02941176470588,0.117647058823529,"N2 S1 P1 O4","de-protonated",0,NA,"C34 H35 O4 S1 N2 P1",34,35,4,2,1,1,NA,NA,NA,NA,NA
5348,597.220883,597.219087303394,597.218879366847,4920293,NA,178398.9,23.52,-1,0.348174771901887,0.489121957162,0.766236582456902,0.599967807279961,10,1.35714285714286,0.5,"O14","de-protonated",0,NA,"C28 H38 O14",28,38,14,NA,NA,NA,NA,NA,NA,NA,NA
5349,597.249104,597.247308184893,597.247022667754,4290534,NA,165409.3,20.22,-1,0.478055358732206,0.479690149421117,0.759892473118277,0.591771078899981,9,1.48275862068966,0.379310344827586,"P1 O11","de-protonated",0,NA,"C29 H43 O11 P1",29,43,11,NA,1,NA,NA,NA,NA,NA,NA
5350,597.257073,597.255277151431,597.255264876231,2519014.5,NA,191983.7,10.95,-1,0.0205526865006213,0.999923356667401,0,0.599954014000441,9,1.44827586206897,0.448275862068966,"O13","de-protonated",0,NA,"C29 H42 O13",29,42,13,NA,NA,NA,NA,NA,NA,NA,NA
5351,597.2694,597.26760409967,597.267638971516,1955815,NA,145505.6,8.01,-1,-0.0583856283991218,0.999381654165873,0,0.599628992499524,22,1,0.0512820512820513,"N2 P1 O2","de-protonated",0,NA,"C39 H39 O2 N2 P1",39,39,2,2,1,NA,NA,NA,NA,NA,NA
5352,597.430936,597.429139421377,597.428950214675,4964333.5,NA,177668.8,23.75,-1,0.316701595147964,0.490982660871193,0.72968508002065,0.586463628530976,4,1.85294117647059,0.176470588235294,"P1 O6","de-protonated",0,NA,"C34 H63 O6 P1",34,63,6,NA,1,NA,NA,NA,NA,NA,NA
5354,598.085933,598.08413367103,598.083842442788,2032136,NA,203383.5,8.41,-1,0.486935479003256,0.957889740194673,0,0.574733844116804,18,0.777777777777778,0.555555555555556,"N1 O15","de-protonated",0,NA,"C27 H21 O15 N1",27,21,15,1,NA,NA,NA,NA,NA,NA,NA
5355,598.180096,598.178296275637,598.178232087026,2017291.8,NA,228365.6,8.33,-1,0.107306832604308,0.997912843737979,0,0.598747706242788,15,1.17241379310345,0.241379310344828,"N3 S1 P1 O7","de-protonated",0,NA,"C29 H34 O7 S1 N3 P1",29,34,7,3,1,1,NA,NA,NA,NA,NA
5357,598.216288,598.214488123666,598.21461759641,2159629,NA,179928,9.07,-1,-0.216431929395492,0.991536458241173,0,0.594921874944704,14,1.26666666666667,0.2,"N3 S1 P1 O6","de-protonated",0,NA,"C30 H38 O6 S1 N3 P1",30,38,6,3,1,1,NA,NA,NA,NA,NA
5359,599.079689,599.077885498227,599.078110320084,4846638,NA,162621.4,23.13,-1,-0.37527970683834,0.487384723755732,0.701787487586891,0.573145829288196,30,0.512820512820513,0.0769230769230769,"S2 O3","de-protonated",0,NA,"C39 H20 O3 S2",39,20,3,NA,NA,2,NA,NA,NA,NA,NA
5360,599.106227,599.104423386793,599.104243535073,2727983.3,NA,185913.1,12.05,-1,0.300201045552576,0.983780695916245,0,0.590268417549747,17,0.857142857142857,0.535714285714286,"O15","de-protonated",0,NA,"C28 H24 O15",28,24,15,NA,NA,NA,NA,NA,NA,NA,NA
5362,599.12699,599.125186299609,599.125372903172,3081264,NA,189749.5,13.9,-1,-0.311459957875569,0.982552159478467,0,0.58953129568708,12,1.12,0.68,"O17","de-protonated",0,NA,"C25 H28 O17",25,28,17,NA,NA,NA,NA,NA,NA,NA,NA
5363,599.142449,599.140645234696,599.140629044457,3193904.5,NA,169294,14.48,-1,0.0270224356273112,0.999867512764139,0,0.599920507658483,16,0.96551724137931,0.482758620689655,"O14","de-protonated",0,NA,"C29 H28 O14",29,28,14,NA,NA,NA,NA,NA,NA,NA,NA
5364,599.155612,599.153808179424,599.153516204079,3979313,NA,191289.3,18.59,-1,0.487313080170179,0.478912901177731,0.779247987650237,0.599046935766734,11,1.26923076923077,0.538461538461538,"P1 O14","de-protonated",0,NA,"C26 H33 O14 P1",26,33,14,NA,1,NA,NA,NA,NA,NA,NA
5365,599.163495,599.161691146323,599.161758412556,3739697.3,NA,195041.2,17.34,-1,-0.112267233303058,0.997715646271737,0,0.598629387763042,11,1.23076923076923,0.615384615384615,"O16","de-protonated",0,NA,"C26 H32 O16",26,32,16,NA,NA,NA,NA,NA,NA,NA,NA
5366,599.178637,599.176833082742,599.177014553841,3228721.8,NA,192862.2,14.67,-1,-0.30286725806744,0.98349371696859,0,0.590096230181154,15,1.06666666666667,0.433333333333333,"O13","de-protonated",0,NA,"C30 H32 O13",30,32,13,NA,NA,NA,NA,NA,NA,NA,NA
5368,599.200217,599.198412992127,599.198143921941,3007538.8,NA,197203.6,13.51,-1,0.449050433115511,0.964072813363907,0,0.578443688018344,10,1.33333333333333,0.555555555555556,"O15","de-protonated",0,NA,"C27 H36 O15",27,36,15,NA,NA,NA,NA,NA,NA,NA,NA
5369,599.215502,599.213697927945,599.213400063225,2265139.3,NA,177780.4,9.62,-1,0.497092887557169,0.956154074308405,0,0.573692444585043,14,1.16129032258065,0.387096774193548,"O12","de-protonated",0,NA,"C31 H36 O12",31,36,12,NA,NA,NA,NA,NA,NA,NA,NA
5370,599.228341,599.226536874034,599.226287222847,4618291.5,NA,166040.9,21.94,-1,0.416622553814284,0.981590766663719,0.935538073567958,0.963169689425415,9,1.46428571428571,0.428571428571429,"P1 O12","de-protonated",0,NA,"C28 H41 O12 P1",28,41,12,NA,1,NA,NA,NA,NA,NA,NA
5371,599.236104,599.234299841436,599.234529431325,2661428,NA,186668.9,11.7,-1,-0.383138616352179,0.973715808070217,0,0.58422948484213,9,1.42857142857143,0.5,"O14","de-protonated",0,NA,"C28 H40 O14",28,40,14,NA,NA,NA,NA,NA,NA,NA,NA
5372,599.264855,599.26305072071,599.262869436724,2334773,NA,221063.4,9.99,-1,0.302511628314089,0.983532137136578,0,0.590119282281947,0,2.31578947368421,0.894736842105263,"N4 O17","de-protonated",0,NA,"C19 H44 O17 N4",19,44,17,4,NA,NA,NA,NA,NA,NA,NA
5373,599.309373,599.307568533778,599.307300450093,1942582.6,NA,176973.3,7.94,-1,0.447322575244925,0.964343783529331,0,0.578606270117599,7,1.6,0.4,"O12","de-protonated",0,NA,"C30 H48 O12",30,48,12,NA,NA,NA,NA,NA,NA,NA,NA
5374,599.427885,599.426080036144,599.425839892717,2096699,NA,185229.1,8.74,-1,0.40062241409641,0.971297755808898,0,0.582778653485339,17,1.27272727272727,0.0227272727272727,"O1","de-protonated",0,NA,"C44 H56 O1",44,56,1,NA,NA,NA,NA,NA,NA,NA,NA
5375,599.477062,599.475256829649,599.475309266215,4069436.8,NA,159617,19.07,-1,-0.087470769773247,0.499306337364834,0.741475186234394,0.596173876912658,3,2,0.1875,"N4 O6","de-protonated",0,NA,"C32 H64 O6 N4",32,64,6,4,NA,NA,NA,NA,NA,NA,NA
5380,601.07691,601.075098111851,601.075132939907,2106484.8,NA,183329.9,8.79,-1,-0.0579429324836486,0.999390992708392,0,0.599634595625035,30,0.473684210526316,0.157894736842105,"S1 O6","de-protonated",0,NA,"C38 H18 O6 S1",38,18,6,NA,NA,1,NA,NA,NA,NA,NA
5381,601.085372,601.083560076319,601.083508090166,2627189,NA,160772.2,11.52,-1,0.0864874053930183,0.99864367153663,0,0.599186202921978,17,0.814814814814815,0.592592592592593,"O16","de-protonated",0,NA,"C27 H22 O16",27,22,16,NA,NA,NA,NA,NA,NA,NA,NA
5382,601.121663,601.119850923933,601.119893599551,3382390,NA,213727.4,15.47,-1,-0.0709935214049022,0.999085902132542,0,0.599451541279525,16,0.928571428571429,0.535714285714286,"O15","de-protonated",0,NA,"C28 H26 O15",28,26,15,NA,NA,NA,NA,NA,NA,NA,NA
5384,601.142428,601.14061583674,601.140509903313,2695286.8,NA,184251.1,11.87,-1,0.176220741730138,0.497190591412572,0.707195036525566,0.58119236945777,29,0.578947368421053,0.157894736842105,"N2 O6","de-protonated",0,NA,"C38 H22 O6 N2",38,22,6,2,NA,NA,NA,NA,NA,NA,NA
5385,601.158081,601.156268771013,601.156279108935,3866743.3,NA,166920.1,18.01,-1,-0.0171967300944976,0.499973171034275,0.759892473118277,0.603940891867876,15,1.03448275862069,0.482758620689655,"O14","de-protonated",0,NA,"C29 H30 O14",29,30,14,NA,NA,NA,NA,NA,NA,NA,NA
5386,601.171193,601.169380715955,601.169166268557,4090999.8,NA,179569.8,19.18,-1,0.356717227239827,0.488587836900322,0.779247987650237,0.604851897200288,10,1.34615384615385,0.538461538461538,"P1 O14","de-protonated",0,NA,"C26 H35 O14 P1",26,35,14,NA,1,NA,NA,NA,NA,NA,NA
5387,601.179367,601.177554681632,601.177408477034,2096248,NA,195214.3,8.74,-1,0.243197092559706,0.989325628845007,0,0.593595377307004,10,1.30769230769231,0.615384615384615,"O16","de-protonated",0,NA,"C26 H34 O16",26,34,16,NA,NA,NA,NA,NA,NA,NA,NA
5388,601.194473,601.192660618202,601.192664618319,4823160.5,NA,171671.6,23.01,-1,-0.00665363645270672,0.4999959835698,0.753652554121787,0.601458611790595,14,1.13333333333333,0.433333333333333,"O13","de-protonated",0,NA,"C30 H34 O13",30,34,13,NA,NA,NA,NA,NA,NA,NA,NA
5389,601.207523,601.205710563405,601.20541883616,5867641,NA,179097.8,28.48,-1,0.485237217981156,0.479088370218921,0.707195036525566,0.570331036741579,22,0.894736842105263,0.131578947368421,"S1 O5","de-protonated",0,NA,"C38 H34 O5 S1",38,34,5,NA,NA,1,NA,NA,NA,NA,NA
5390,601.225895,601.22408248626,601.224046280814,1785977.5,NA,182697.2,7.12,-1,0.0602195567152929,0.999342211826769,0,0.599605327096061,21,0.974358974358974,0.0512820512820513,"S2 O2","de-protonated",0,NA,"C39 H38 O2 S2",39,38,2,NA,NA,2,NA,NA,NA,NA,NA
5391,601.231052,601.229239464606,601.229050127703,2710649.8,NA,186530.8,11.96,-1,0.314916423683687,0.982166244372084,0,0.58929974662325,13,1.2258064516129,0.387096774193548,"O12","de-protonated",0,NA,"C31 H38 O12",31,38,12,NA,NA,NA,NA,NA,NA,NA,NA
5392,601.244036,601.242223410086,601.241937287325,3478650.3,NA,165947.5,15.97,-1,0.475886232335841,0.479870286370603,0.766236582456902,0.594416804805123,8,1.53571428571429,0.428571428571429,"P1 O12","de-protonated",0,NA,"C28 H43 O12 P1",28,43,12,NA,1,NA,NA,NA,NA,NA,NA
5393,601.324779,601.322966071044,601.322950514571,2058364.8,NA,163525.6,8.54,-1,0.0258704121916412,0.999878567718437,0,0.599927140631062,6,1.66666666666667,0.4,"O12","de-protonated",0,NA,"C30 H50 O12",30,50,12,NA,NA,NA,NA,NA,NA,NA,NA
5395,602.211059,602.209242349535,602.209042958612,2058393.1,NA,240539.8,8.78,-1,0.331099184559184,0.980304917643555,0,0.588182950586133,9,1.42307692307692,0.576923076923077,"N1 O15","de-protonated",0,NA,"C26 H37 O15 N1",26,37,15,1,NA,NA,NA,NA,NA,NA,NA
5400,603.064758,603.062937764834,603.06277264526,2110130.8,NA,195354.3,9.06,-1,0.273801635700484,0.986489374404762,0,0.591893624642857,17,0.769230769230769,0.653846153846154,"O17","de-protonated",0,NA,"C26 H20 O17",26,20,17,NA,NA,NA,NA,NA,NA,NA,NA
5401,603.10117,603.099349611939,603.099158154644,2347188,NA,200047,10.34,-1,0.317455748554179,0.981880112273447,0,0.589128067364068,16,0.888888888888889,0.592592592592593,"O16","de-protonated",0,NA,"C27 H24 O16",27,24,16,NA,NA,NA,NA,NA,NA,NA,NA
5402,603.137363,603.135542459964,603.135543664029,4499637,NA,189635.7,21.92,-1,-0.00199634216218316,0.499999638428964,0.766236582456902,0.606494416040139,15,1,0.535714285714286,"O15","de-protonated",0,NA,"C28 H28 O15",28,28,15,NA,NA,NA,NA,NA,NA,NA,NA
5403,603.150501,603.148680404797,603.148430823651,2587829.3,NA,195241.6,11.63,-1,0.413797224047112,0.969408563747722,0,0.581645138248633,10,1.32,0.6,"P1 O15","de-protonated",0,NA,"C25 H33 O15 P1",25,33,15,NA,1,NA,NA,NA,NA,NA,NA
5404,603.173733,603.171912307245,603.171929173413,5664950,NA,165791.9,28.19,-1,-0.0279624546207576,0.499929067770606,0.759892473118277,0.603914429909674,14,1.10344827586207,0.482758620689655,"O14","de-protonated",0,NA,"C29 H32 O14",29,32,14,NA,NA,NA,NA,NA,NA,NA,NA
5405,603.186891,603.185070251994,603.184816333035,3631286.5,NA,196504.2,17.25,-1,0.420963778662551,0.968356849985199,0,0.581014109991119,9,1.42307692307692,0.538461538461538,"P1 O14","de-protonated",0,NA,"C26 H37 O14 P1",26,37,14,NA,1,NA,NA,NA,NA,NA,NA
5406,603.210138,603.20831715438,603.208314682797,5056695,NA,175004.4,24.92,-1,0.00409739488173445,0.499998476863546,0.753652554121787,0.601460107766843,13,1.2,0.433333333333333,"O13","de-protonated",0,NA,"C30 H36 O13",30,36,13,NA,NA,NA,NA,NA,NA,NA,NA
5407,603.223239,603.221418099368,603.221201842419,2733239.5,NA,203954.8,12.41,-1,0.358503561471584,0.976949168178391,0,0.586169500907034,8,1.51851851851852,0.481481481481481,"P1 O13","de-protonated",0,NA,"C27 H41 O13 P1",27,41,13,NA,1,NA,NA,NA,NA,NA,NA
5408,603.246582,603.244761001351,603.244700192181,3932344.3,NA,173899.4,18.87,-1,0.100803486866182,0.499078968176785,0.747514279669976,0.598453092774061,12,1.29032258064516,0.387096774193548,"O12","de-protonated",0,NA,"C31 H40 O12",31,40,12,NA,NA,NA,NA,NA,NA,NA,NA
5409,603.259468,603.257646947242,603.257454410022,2958520.5,NA,165874.8,13.63,-1,0.319162604256667,0.49084326948966,0.701787487586891,0.575220956728552,20,1.02564102564103,0.102564102564103,"S1 O4","de-protonated",0,NA,"C39 H40 O4 S1",39,40,4,NA,NA,1,NA,NA,NA,NA,NA
5410,603.295796,603.2939747947,603.293839919406,2475193.5,NA,189912.7,11.03,-1,0.223564844856874,0.495485984653727,0.69646200847541,0.5758763941824,19,1.1,0.075,"S1 O3","de-protonated",0,NA,"C40 H44 O3 S1",40,44,3,NA,NA,1,NA,NA,NA,NA,NA
5412,604.141165,604.139340244977,604.139524102069,1816785.4,NA,195515.2,7.48,-1,-0.304328859858817,0.983335355870778,0,0.590001213522467,19,0.9,0.3,"N3 S1 O9","de-protonated",0,NA,"C30 H27 O9 S1 N3",30,27,9,3,NA,1,NA,NA,NA,NA,NA
5414,604.299383,604.297557580616,604.297464041858,2118357.5,NA,178370.4,9.11,-1,0.154789260901695,0.995661977655516,0,0.59739718659331,6,1.67857142857143,0.464285714285714,"N1 O13","de-protonated",0,NA,"C28 H47 O13 N1",28,47,13,1,NA,NA,NA,NA,NA,NA,NA
5418,605.079977,605.078148302884,605.078422709738,2935018.3,NA,175050.4,13.5,-1,-0.4535062617978,0.963369565869013,0,0.578021739521408,16,0.846153846153846,0.653846153846154,"O17","de-protonated",0,NA,"C26 H22 O17",26,22,17,NA,NA,NA,NA,NA,NA,NA,NA
5419,605.116568,605.114739149238,605.114808219122,3657963,NA,184021.6,17.39,-1,-0.114143437261759,0.498819373625183,0.772687513667176,0.60836662964198,15,0.962962962962963,0.592592592592593,"O16","de-protonated",0,NA,"C27 H26 O16",27,26,16,NA,NA,NA,NA,NA,NA,NA,NA
5420,605.153021,605.151191996171,605.151193728507,5894380,NA,181951.9,29.42,-1,-0.0028626490285372,0.999401440792023,0.955639689876696,0.981896740425892,14,1.07142857142857,0.535714285714286,"O15","de-protonated",0,NA,"C28 H30 O15",28,30,15,NA,NA,NA,NA,NA,NA,NA,NA
5421,605.166121,605.164291941164,605.164080888129,2156780.3,NA,177865,9.31,-1,0.348753407655188,0.97817233651774,0,0.586903401910644,9,1.4,0.6,"P1 O15","de-protonated",0,NA,"C25 H35 O15 P1",25,35,15,NA,1,NA,NA,NA,NA,NA,NA
5422,605.189444,605.18761484323,605.187579237891,6916333,NA,175472.5,34.92,-1,0.0588335591421542,0.499686066471736,0.759892473118277,0.603768629130353,13,1.17241379310345,0.482758620689655,"O14","de-protonated",0,NA,"C29 H34 O14",29,34,14,NA,NA,NA,NA,NA,NA,NA,NA
5423,605.202461,605.200631788571,605.200333455731,2096877.3,NA,185518.5,8.99,-1,0.492948902366319,0.95686613185108,0,0.574119679110648,21,0.918918918918919,0.162162162162162,"S1 O6","de-protonated",0,NA,"C37 H34 O6 S1",37,34,6,NA,NA,1,NA,NA,NA,NA,NA
5424,605.225742,605.223912690814,605.223964747275,5800174,NA,179548.2,28.92,-1,-0.0860118967824567,0.992742010651268,0.991561594829941,0.992269844322737,12,1.26666666666667,0.433333333333333,"O13","de-protonated",0,NA,"C30 H38 O13",30,38,13,NA,NA,NA,NA,NA,NA,NA,NA
5425,605.238344,605.236514637898,605.236718965116,2835694.3,NA,173310.6,12.97,-1,-0.337598845730151,0.489766061117854,0.707195036525566,0.576737651280939,20,1,0.131578947368421,"S1 O5","de-protonated",0,NA,"C38 H38 O5 S1",38,38,5,NA,NA,1,NA,NA,NA,NA,NA
5426,605.262228,605.260398537609,605.260350256659,3274990.8,NA,168136.7,15.33,-1,0.0797688947213852,0.499423047189023,0.747514279669976,0.598659540181404,11,1.35483870967742,0.387096774193548,"O12","de-protonated",0,NA,"C31 H42 O12",31,42,12,NA,NA,NA,NA,NA,NA,NA,NA
5428,605.311732,605.30990232974,605.309622925666,2774256,NA,189570.1,12.63,-1,0.461588687498622,0.962077563694354,0,0.577246538216612,5,1.75862068965517,0.379310344827586,"P1 O11","de-protonated",0,NA,"C29 H51 O11 P1",29,51,11,NA,1,NA,NA,NA,NA,NA,NA
5429,605.348006,605.346176177425,605.345875493269,1871088.9,NA,214829.3,7.77,-1,0.496714636143288,0.956219294092966,0,0.57373157645578,17,1.21951219512195,0.0487804878048781,"S1 O2","de-protonated",0,NA,"C41 H50 O2 S1",41,50,2,NA,NA,1,NA,NA,NA,NA,NA
5430,606.148808,606.146974814839,606.14693195807,1811716.4,NA,183170.6,7.46,-1,0.0707035989736235,0.999093349471489,0,0.599456009682893,18,1,0.233333333333333,"N3 S1 P1 O7","de-protonated",0,NA,"C30 H30 O7 S1 N3 P1",30,30,7,3,1,1,NA,NA,NA,NA,NA
5434,607.095895,607.094057838,607.094072774216,3011866,NA,176911,13.91,-1,-0.0246028027686018,0.999890175521629,0,0.599934105312977,15,0.923076923076923,0.653846153846154,"O17","de-protonated",0,NA,"C26 H24 O17",26,24,17,NA,NA,NA,NA,NA,NA,NA,NA
5435,607.132303,607.130465685122,607.1304582836,5337371,NA,177511.8,26.43,-1,0.0121909910744512,0.499986516706028,0.772687513667176,0.609066915490487,14,1.03703703703704,0.592592592592593,"O16","de-protonated",0,NA,"C27 H28 O16",27,28,16,NA,NA,NA,NA,NA,NA,NA,NA
5436,607.168817,607.166979531799,607.166843792985,6582555.5,NA,179050.4,33.13,-1,0.223560979974126,0.980066796270949,0.96980532648236,0.975962208355513,13,1.14285714285714,0.535714285714286,"O15","de-protonated",0,NA,"C28 H32 O15",28,32,15,NA,NA,NA,NA,NA,NA,NA,NA
5437,607.197298,607.195460412207,607.195183798384,2156828.3,NA,226665.4,9.31,-1,0.455559975533783,0.96304327221418,0,0.577825963328508,4,1.89473684210526,0.947368421052632,"N4 O18","de-protonated",0,NA,"C19 H36 O18 N4",19,36,18,4,NA,NA,NA,NA,NA,NA,NA
5438,607.205228,607.203390378909,607.203229302369,6406428.5,NA,177521.5,32.18,-1,0.26527615786369,0.993114041570535,0.989624824867036,0.991718354889136,12,1.24137931034483,0.482758620689655,"O14","de-protonated",0,NA,"C29 H36 O14",29,36,14,NA,NA,NA,NA,NA,NA,NA,NA
5439,607.233066,607.231228262016,607.231239661494,2226973,NA,191923,9.69,-1,-0.0187728782403389,0.999936055724769,0,0.599961633434861,24,0.878048780487805,0.0731707317073171,"S1 O3","de-protonated",0,NA,"C41 H36 O3 S1",41,36,3,NA,NA,1,NA,NA,NA,NA,NA
5440,607.24144,607.239602226854,607.239614811753,4334877,NA,190764.7,21.03,-1,-0.0207247671980249,0.499961033963687,0.753652554121787,0.601437642026927,11,1.33333333333333,0.433333333333333,"O13","de-protonated",0,NA,"C30 H40 O13",30,40,13,NA,NA,NA,NA,NA,NA,NA,NA
5441,607.254301,607.25246317285,607.252369029594,2309917.5,NA,186229.4,10.14,-1,0.155031517571444,0.995648417986862,0,0.597389050792117,19,1.05263157894737,0.131578947368421,"S1 O5","de-protonated",0,NA,"C38 H40 O5 S1",38,40,5,NA,NA,1,NA,NA,NA,NA,NA
5442,607.277737,607.275899074442,607.276000321137,2741534,NA,182537.1,12.46,-1,-0.166722702190648,0.994969066703596,0,0.596981440022157,10,1.41935483870968,0.387096774193548,"O12","de-protonated",0,NA,"C31 H44 O12",31,44,12,NA,NA,NA,NA,NA,NA,NA,NA
5443,607.290918,607.289080019094,607.288887480759,2900254.3,NA,205607.9,13.31,-1,0.317045707331989,0.981926465789813,0,0.589155879473888,5,1.75,0.428571428571429,"P1 O12","de-protonated",0,NA,"C28 H49 O12 P1",28,49,12,NA,1,NA,NA,NA,NA,NA,NA
5444,607.32671,607.324871868803,607.325140048362,1779487,NA,194079.3,7.28,-1,-0.441574935049395,0.965238176330001,0,0.579142905798001,17,1.2,0.075,"S1 O3","de-protonated",0,NA,"C40 H48 O3 S1",40,48,3,NA,NA,1,NA,NA,NA,NA,NA
5447,608.293937,608.292094807395,608.29237866143,1832243.1,NA,174361.4,7.57,-1,-0.46664078709851,0.961259275256102,0,0.576755565153661,5,1.74074074074074,0.518518518518518,"N1 O14","de-protonated",0,NA,"C27 H47 O14 N1",27,47,14,1,NA,NA,NA,NA,NA,NA,NA
5448,609.075068,609.073222527409,609.07333732931,2193218,NA,186024.5,9.51,-1,-0.188486170032799,0.993574398972795,0,0.596144639383677,15,0.88,0.72,"O18","de-protonated",0,NA,"C25 H22 O18",25,22,18,NA,NA,NA,NA,NA,NA,NA,NA
5449,609.111523,609.109677374334,609.109722838694,3243330.8,NA,192815.8,15.16,-1,-0.0746406740042296,0.9989896183758,0,0.59939377102548,14,1,0.653846153846154,"O17","de-protonated",0,NA,"C26 H26 O17",26,26,17,NA,NA,NA,NA,NA,NA,NA,NA
5450,609.148117,609.146271220675,609.146108348078,6484291.5,NA,175666.1,32.6,-1,0.26737853891156,0.49355588717968,0.772687513667176,0.605208537774678,13,1.11111111111111,0.592592592592593,"O16","de-protonated",0,NA,"C27 H30 O16",27,30,16,NA,NA,NA,NA,NA,NA,NA,NA
5451,609.176194,609.174348102779,609.174118707204,2345284,NA,209794.4,10.33,-1,0.376568156979375,0.974598124714369,0,0.584758874828621,25,0.769230769230769,0.128205128205128,"S1 O5","de-protonated",0,NA,"C39 H30 O5 S1",39,30,5,NA,NA,1,NA,NA,NA,NA,NA
5452,609.184387,609.182541068376,609.182493857463,7227716,NA,174054.9,36.6,-1,0.0774988018927323,0.994439485911113,0.978447299127207,0.988042611197551,12,1.21428571428571,0.535714285714286,"O15","de-protonated",0,NA,"C28 H34 O15",28,34,15,NA,NA,NA,NA,NA,NA,NA,NA
5453,609.2127,609.210853949489,609.210637158369,3829060.8,NA,183603.4,18.31,-1,0.355855769023045,0.488642260121645,0.759892473118277,0.597142345320298,11,1.3448275862069,0.413793103448276,"P1 O12","de-protonated",0,NA,"C29 H39 O12 P1",29,39,12,NA,1,NA,NA,NA,NA,NA,NA
5454,609.220842,609.218995915301,609.218879366847,4524357,NA,185354.1,22.05,-1,0.191308013790043,0.496690602567912,0.759892473118277,0.601971350788058,11,1.31034482758621,0.482758620689655,"O14","de-protonated",0,NA,"C29 H38 O14",29,38,14,NA,NA,NA,NA,NA,NA,NA,NA
5455,609.249072,609.247225796762,609.247022667754,2826565.3,NA,166011.3,12.92,-1,0.33340993230132,0.980031826264153,0,0.588019095758492,10,1.43333333333333,0.366666666666667,"P1 O11","de-protonated",0,NA,"C30 H43 O11 P1",30,43,11,NA,1,NA,NA,NA,NA,NA,NA
5456,609.257404,609.255557761776,609.255264876231,3238213.5,NA,178953.3,15.13,-1,0.480727146229085,0.958934472516503,0,0.575360683509902,10,1.4,0.433333333333333,"O13","de-protonated",0,NA,"C30 H42 O13",30,42,13,NA,NA,NA,NA,NA,NA,NA,NA
5457,609.269905,609.268058709284,609.268019094072,1882949.6,NA,211821.1,7.84,-1,0.0650209944239379,0.999233178155232,0,0.599539906893139,18,1.10526315789474,0.131578947368421,"S1 O5","de-protonated",0,NA,"C38 H42 O5 S1",38,42,5,NA,NA,1,NA,NA,NA,NA,NA
5459,609.342993,609.341146402386,609.340923054622,2254663,NA,180589.7,9.84,-1,0.366539905395977,0.975916837589877,0,0.585550102553926,3,1.89655172413793,0.379310344827586,"P1 O11","de-protonated",0,NA,"C29 H55 O11 P1",29,55,11,NA,1,NA,NA,NA,NA,NA,NA
5461,610.26528,610.263429529682,610.263268066265,2327895,NA,132810.5,10.23,-1,0.264579938345529,0.987378458673187,0,0.592427075203912,18,1.10810810810811,0.135135135135135,"N1 S1 O5","de-protonated",0,NA,"C37 H41 O5 S1 N1",37,41,5,1,NA,1,NA,NA,NA,NA,NA
5462,611.090937,611.089083062731,611.088987393788,2033508.3,NA,205904.4,8.65,-1,0.156554846943626,0.995562672080602,0,0.597337603248361,14,0.96,0.72,"O18","de-protonated",0,NA,"C25 H24 O18",25,24,18,NA,NA,NA,NA,NA,NA,NA,NA
5463,611.106137,611.104282998905,611.104243535073,1777508.5,NA,220923.7,7.27,-1,0.064577906602552,0.999243589673577,0,0.599546153804146,18,0.827586206896552,0.517241379310345,"O15","de-protonated",0,NA,"C29 H24 O15",29,24,15,NA,NA,NA,NA,NA,NA,NA,NA
5464,611.119671,611.117816942076,611.11800007462,1753956.8,NA,196112.2,7.14,-1,-0.299668057817863,0.98383776993204,0,0.590302661959224,12,1.22222222222222,0.37037037037037,"S2 P1 O10","de-protonated",0,NA,"C27 H33 O10 S2 P1",27,33,10,NA,1,2,NA,NA,NA,NA,NA
5465,611.12735,611.125495909831,611.125372903172,4326757,NA,171912.8,20.99,-1,0.201278927235603,0.496337942454813,0.779247987650237,0.609501960532983,13,1.07692307692308,0.653846153846154,"O17","de-protonated",0,NA,"C26 H28 O17",26,28,17,NA,NA,NA,NA,NA,NA,NA,NA
5466,611.155658,611.153803790966,611.153516204079,2447717.3,NA,217221.6,10.88,-1,0.470564071293683,0.960618163404963,0,0.576370898042978,12,1.22222222222222,0.518518518518518,"P1 O14","de-protonated",0,NA,"C27 H33 O14 P1",27,33,14,NA,1,NA,NA,NA,NA,NA,NA
5467,611.163631,611.161776757487,611.161758412556,5327205.5,NA,173365,26.37,-1,0.0300164896486626,0.499918264987079,0.772687513667176,0.609025964459118,12,1.18518518518519,0.592592592592593,"O16","de-protonated",0,NA,"C27 H32 O16",27,32,16,NA,NA,NA,NA,NA,NA,NA,NA
5468,611.173175,611.171320717411,611.171141327027,1878885.5,NA,179628.2,7.82,-1,0.293519069467002,0.984489122952031,0,0.590693473771218,25,0.736842105263158,0.210526315789474,"O8","de-protonated",0,NA,"C38 H28 O8",38,28,8,NA,NA,NA,NA,NA,NA,NA,NA
5469,611.179149,611.177294692326,611.177014553841,2134885.5,NA,191779.4,9.19,-1,0.458359000178244,0.962596369224944,0,0.577557821534966,16,1.03225806451613,0.419354838709677,"O13","de-protonated",0,NA,"C31 H32 O13",31,32,13,NA,NA,NA,NA,NA,NA,NA,NA
5471,611.200143,611.198288604172,611.198143921941,4958566,NA,184260.3,24.39,-1,0.236719029389302,0.494941937735637,0.766236582456902,0.603459795624143,11,1.28571428571429,0.535714285714286,"O15","de-protonated",0,NA,"C28 H36 O15",28,36,15,NA,NA,NA,NA,NA,NA,NA,NA
5472,611.209515,611.207660564819,611.207526836411,1873254,NA,194647,7.79,-1,0.218793784555679,0.991351535713085,0,0.594810921427851,24,0.82051282051282,0.179487179487179,"O7","de-protonated",0,NA,"C39 H32 O7",39,32,7,NA,NA,NA,NA,NA,NA,NA,NA
5473,611.228369,611.22651448565,611.226287222847,4952422.5,NA,173033.1,24.35,-1,0.371814510906346,0.987550081718784,0.952780304886845,0.973642170986008,10,1.41379310344828,0.413793103448276,"P1 O12","de-protonated",0,NA,"C29 H41 O12 P1",29,41,12,NA,1,NA,NA,NA,NA,NA,NA
5474,611.236548,611.234693451307,611.234529431325,4014438.5,NA,169175.8,19.31,-1,0.268342140136572,0.493509659129139,0.759892473118277,0.600062784724795,10,1.37931034482759,0.482758620689655,"O14","de-protonated",0,NA,"C29 H40 O14",29,40,14,NA,NA,NA,NA,NA,NA,NA,NA
5476,611.272891,611.271036298702,611.270914940709,1818471,NA,204043.7,7.49,-1,0.198533889668201,0.992873586220107,0,0.595724151732064,9,1.46666666666667,0.433333333333333,"O13","de-protonated",0,NA,"C30 H44 O13",30,44,13,NA,NA,NA,NA,NA,NA,NA,NA
5478,613.085597,613.083734687109,613.083508090166,1744255.8,NA,194584.1,7.09,-1,0.369602084809784,0.975517748323086,0,0.585310648993851,18,0.785714285714286,0.571428571428571,"O16","de-protonated",0,NA,"C28 H22 O16",28,22,16,NA,NA,NA,NA,NA,NA,NA,NA
5479,613.107175,613.105312596502,613.105506838191,2127232,NA,148487.2,9.15,-1,-0.316816088692398,0.981952398042519,0,0.589171438825511,12,1.15384615384615,0.5,"S2 O13","de-protonated",0,NA,"C26 H30 O13 S2",26,30,13,NA,NA,2,NA,NA,NA,NA,NA
5480,613.12176,613.11989753526,613.119893599551,3255680.3,NA,180782,15.22,-1,0.0064191509927506,0.999992523344203,0,0.599995514006522,17,0.896551724137931,0.517241379310345,"O15","de-protonated",0,NA,"C29 H26 O15",29,26,15,NA,NA,NA,NA,NA,NA,NA,NA
5482,613.143155,613.141292445422,613.14102296765,2962816.5,NA,176856.8,13.65,-1,0.439503738247161,0.96555784220677,0,0.579334705324062,12,1.15384615384615,0.653846153846154,"O17","de-protonated",0,NA,"C26 H30 O17",26,30,17,NA,NA,NA,NA,NA,NA,NA,NA
5483,613.158247,613.15638438205,613.156279108935,3465600.8,NA,176031.7,16.35,-1,0.171690511324641,0.497332800581638,0.753652554121787,0.599860701997698,16,1,0.466666666666667,"O14","de-protonated",0,NA,"C30 H30 O14",30,30,14,NA,NA,NA,NA,NA,NA,NA,NA
5485,613.179334,613.177471293505,613.177408477034,3448193,NA,195789.1,16.26,-1,0.102444203103327,0.998097541623062,0,0.598858524973837,11,1.25925925925926,0.592592592592593,"O16","de-protonated",0,NA,"C27 H34 O16",27,34,16,NA,NA,NA,NA,NA,NA,NA,NA
5486,613.194353,613.19249023044,613.192664618319,3006849,NA,188786.2,13.89,-1,-0.28439328958813,0.985431673251503,0,0.591259003950902,15,1.09677419354839,0.419354838709677,"O13","de-protonated",0,NA,"C31 H34 O13",31,34,13,NA,NA,NA,NA,NA,NA,NA,NA
5487,613.207669,613.205806174526,613.205551777941,4692353,NA,181716.3,22.96,-1,0.414863472799929,0.484626580061454,0.766236582456902,0.597270581019633,10,1.39285714285714,0.464285714285714,"P1 O13","de-protonated",0,NA,"C28 H39 O13 P1",28,39,13,NA,1,NA,NA,NA,NA,NA,NA
5488,613.215763,613.213900140539,613.213793986419,3333505.3,NA,177171.1,15.64,-1,0.173111110000307,0.99457720114956,0,0.596746320689736,10,1.35714285714286,0.535714285714286,"O15","de-protonated",0,NA,"C28 H38 O15",28,38,15,NA,NA,NA,NA,NA,NA,NA,NA
5489,613.231056,613.229193076323,613.229050127703,2351489.5,NA,199719.3,10.36,-1,0.233108036841619,0.990188643601095,0,0.594113186160657,14,1.1875,0.375,"O12","de-protonated",0,NA,"C32 H38 O12",32,38,12,NA,NA,NA,NA,NA,NA,NA,NA
5490,613.244034,613.242171021829,613.241937287325,3802497.8,NA,178716.1,18.17,-1,0.38114566032518,0.98077436010961,0.904543609124576,0.950282059715597,9,1.48275862068966,0.413793103448276,"P1 O12","de-protonated",0,NA,"C29 H43 O12 P1",29,43,12,NA,1,NA,NA,NA,NA,NA,NA
5491,613.252003,613.250139988367,613.250179495803,2307969.8,NA,154517.3,10.12,-1,-0.0644230326346412,0.999247212080906,0,0.599548327248544,9,1.44827586206897,0.482758620689655,"O14","de-protonated",0,NA,"C29 H42 O14",29,42,14,NA,NA,NA,NA,NA,NA,NA,NA
5492,613.324865,613.323001682417,613.322950514571,2130306.8,NA,180540.4,9.17,-1,0.0834272481384431,0.998737895083532,0,0.599242737050119,7,1.61290322580645,0.387096774193548,"O12","de-protonated",0,NA,"C31 H50 O12",31,50,12,NA,NA,NA,NA,NA,NA,NA,NA
5493,613.426315,613.424451256427,613.424734214173,1903491.9,NA,181385.4,7.95,-1,-0.461275410143731,0.962128034711883,0,0.57727682082713,3,1.91428571428571,0.0571428571428571,"S2 P1 O2","de-protonated",0,NA,"C35 H67 O2 S2 P1",35,67,2,NA,1,2,NA,NA,NA,NA,NA
5494,614.174497,614.172630114794,614.172657449227,2050444.3,NA,200779.2,8.74,-1,-0.0445061060278667,0.999640652207221,0,0.599784391324333,11,1.26923076923077,0.615384615384615,"N1 O16","de-protonated",0,NA,"C26 H33 O16 N1",26,33,16,1,NA,NA,NA,NA,NA,NA,NA
5495,614.211331,614.209463960127,614.209532215982,1758092.6,NA,165810.5,7.17,-1,-0.111127964371066,0.997761721842758,0,0.598657033105655,14,1.26666666666667,0.233333333333333,"N3 S1 P1 O7","de-protonated",0,NA,"C30 H38 O7 S1 N3 P1",30,38,7,3,1,1,NA,NA,NA,NA,NA
5497,614.320108,614.31824050337,614.318199486764,1739661.8,NA,187170.3,7.07,-1,0.0667676874927429,0.999191442588478,0,0.599514865553087,7,1.63333333333333,0.4,"N1 O12","de-protonated",0,NA,"C30 H49 O12 N1",30,49,12,1,NA,NA,NA,NA,NA,NA,NA
5500,615.101387,615.099516222762,615.099647412015,2153877.5,NA,205445.3,9.3,-1,-0.213281299836525,0.991780066455379,0,0.595068039873227,21,0.806451612903226,0.258064516129032,"N2 S1 P1 O8","de-protonated",0,NA,"C31 H25 O8 S1 N2 P1",31,25,8,2,1,1,NA,NA,NA,NA,NA
5501,615.137365,615.13549407169,615.135543664029,3455382,NA,183836.2,16.3,-1,-0.0806201806512554,0.499410674409678,0.759892473118277,0.603603393893118,16,0.96551724137931,0.517241379310345,"O15","de-protonated",0,NA,"C29 H28 O15",29,28,15,NA,NA,NA,NA,NA,NA,NA,NA
5502,615.150587,615.14871601617,615.148430823651,2621846,NA,174116.8,11.81,-1,0.463615780296824,0.961750221964361,0,0.577050133178617,11,1.26923076923077,0.576923076923077,"P1 O15","de-protonated",0,NA,"C26 H33 O15 P1",26,33,15,NA,1,NA,NA,NA,NA,NA,NA
5503,615.173857,615.171985918459,615.171929173413,4389270,NA,179011.8,21.32,-1,0.0922425805169755,0.49922864995007,0.753652554121788,0.600998211618757,15,1.06666666666667,0.466666666666667,"O14","de-protonated",0,NA,"C30 H32 O14",30,32,14,NA,NA,NA,NA,NA,NA,NA,NA
5504,615.186945,615.185073863502,615.184816333035,3998102.3,NA,184862.4,19.22,-1,0.418622925406878,0.484351118671934,0.772687513667176,0.599685676670031,10,1.37037037037037,0.518518518518518,"P1 O14","de-protonated",0,NA,"C27 H37 O14 P1",27,37,14,NA,1,NA,NA,NA,NA,NA,NA
5505,615.19534,615.193468828252,615.193547798883,1956758.4,NA,205421.8,8.23,-1,-0.128367131551211,0.997014532088241,0,0.598208719252944,14,1.23333333333333,0.266666666666667,"N2 S1 P1 O8","de-protonated",0,NA,"C30 H37 O8 S1 N2 P1",30,37,8,2,1,1,NA,NA,NA,NA,NA
5506,615.205151,615.203279787055,615.203310835908,2018710.5,NA,177016.5,8.57,-1,-0.0504692558851216,0.999537930529628,0,0.599722758317777,22,0.923076923076923,0.0769230769230769,"S2 O3","de-protonated",0,NA,"C39 H36 O3 S2",39,36,3,NA,NA,2,NA,NA,NA,NA,NA
5507,615.210392,615.208520765048,615.208314682797,4811158.5,NA,175159.5,23.59,-1,0.334979624989311,0.489922637765245,0.747514279669976,0.592959294527137,14,1.16129032258065,0.419354838709677,"O13","de-protonated",0,NA,"C31 H36 O13",31,36,13,NA,NA,NA,NA,NA,NA,NA,NA
5509,615.246683,615.244811612661,615.244700192181,2873239,NA,161677.3,13.17,-1,0.181099454492186,0.994066697160026,0,0.596440018296016,13,1.25,0.375,"O12","de-protonated",0,NA,"C32 H40 O12",32,40,12,NA,NA,NA,NA,NA,NA,NA,NA
5510,615.259961,615.258089556906,615.257784056296,2959767,NA,169418.5,13.63,-1,0.49654083007762,0.956249247348071,0,0.573749548408843,0,2.31578947368421,0.947368421052632,"N4 O18","de-protonated",0,NA,"C19 H44 O18 N4",19,44,18,4,NA,NA,NA,NA,NA,NA,NA
5512,615.340642,615.338770218125,615.338600579049,2471831.8,NA,172735.9,11.01,-1,0.275684112206502,0.986304238146649,0,0.591782542887989,6,1.67741935483871,0.387096774193548,"O12","de-protonated",0,NA,"C31 H52 O12",31,52,12,NA,NA,NA,NA,NA,NA,NA,NA
5514,616.335943,616.334067038834,616.333849551242,1995680,NA,163972.4,8.44,-1,0.352873028145835,0.977659453313619,0,0.586595671988172,6,1.7,0.4,"N1 O12","de-protonated",0,NA,"C30 H51 O12 N1",30,51,12,1,NA,NA,NA,NA,NA,NA,NA
5517,617.080252,617.078372913464,617.078422709738,2424229.5,NA,201457.3,10.75,-1,-0.080696831893779,0.998819107826214,0,0.599291464695729,17,0.814814814814815,0.62962962962963,"O17","de-protonated",0,NA,"C27 H22 O17",27,22,17,NA,NA,NA,NA,NA,NA,NA,NA
5518,617.116736,617.114856760267,617.114808219122,4025765.8,NA,189506.6,19.37,-1,0.0786582079375917,0.499438993140034,0.766236582456902,0.606158028866781,16,0.928571428571429,0.571428571428571,"O16","de-protonated",0,NA,"C28 H26 O16",28,26,16,NA,NA,NA,NA,NA,NA,NA,NA
5519,617.130142,617.128262703975,617.12856475867,1731493.8,NA,236024.7,7.02,-1,-0.489451812646838,0.957462804082769,0,0.574477682449661,10,1.34615384615385,0.423076923076923,"S2 P1 O11","de-protonated",0,NA,"C26 H35 O11 S2 P1",26,35,11,NA,1,2,NA,NA,NA,NA,NA
5520,617.138116,617.136236670492,617.135937587222,1805221.8,NA,158361.8,7.42,-1,0.484631103463606,0.958278949658135,0,0.574967369794881,11,1.2,0.72,"O18","de-protonated",0,NA,"C25 H30 O18",25,30,18,NA,NA,NA,NA,NA,NA,NA,NA
5521,617.153297,617.151417606747,617.151193728507,4608422,NA,180332.1,22.5,-1,0.362760766606603,0.48820250582213,0.759892473118277,0.596878492740589,15,1.03448275862069,0.517241379310345,"O15","de-protonated",0,NA,"C29 H30 O15",29,30,15,NA,NA,NA,NA,NA,NA,NA,NA
5522,617.166548,617.164668551105,617.164950268054,3278246,NA,191182.8,15.35,-1,-0.4564694550211,0.962898338737771,0,0.577739003242662,9,1.44444444444444,0.37037037037037,"S2 P1 O10","de-protonated",0,NA,"C27 H39 O10 S2 P1",27,39,10,NA,1,2,NA,NA,NA,NA,NA
5523,617.184785,617.182905474528,617.182708332783,1888678.1,NA,179380.8,7.87,-1,0.319422015259976,0.981657031848318,0,0.588994219108991,9,1.44444444444444,0.444444444444444,"S1 P1 O12","de-protonated",0,NA,"C27 H39 O12 S1 P1",27,39,12,NA,1,1,NA,NA,NA,NA,NA
5524,617.189733,617.187853453751,617.187579237891,5560742,NA,171446.4,27.63,-1,0.44429905849848,0.482407806417812,0.753652554121787,0.590905705499402,14,1.13333333333333,0.466666666666667,"O14","de-protonated",0,NA,"C30 H34 O14",30,34,14,NA,NA,NA,NA,NA,NA,NA,NA
5525,617.202554,617.200674399915,617.200466397513,4553126,NA,153305.6,22.21,-1,0.337009470847128,0.489801395824963,0.772687513667176,0.602955842961848,9,1.44444444444444,0.518518518518518,"P1 O14","de-protonated",0,NA,"C27 H39 O14 P1",27,39,14,NA,1,NA,NA,NA,NA,NA,NA
5526,617.225667,617.223787302864,617.223964747275,5419430.5,NA,171679.1,26.87,-1,-0.287487884087978,0.49255764256622,0.747514279669976,0.594540297407722,13,1.2258064516129,0.419354838709677,"O13","de-protonated",0,NA,"C31 H38 O13",31,38,13,NA,NA,NA,NA,NA,NA,NA,NA
5527,617.23901,617.237130246836,617.236851906897,3704230.5,NA,164150.1,17.64,-1,0.450945107839024,0.972361681100726,0.876478404994626,0.934008370658286,8,1.53571428571429,0.464285714285714,"P1 O13","de-protonated",0,NA,"C28 H43 O13 P1",28,43,13,NA,1,NA,NA,NA,NA,NA,NA
5528,617.262444,617.260564148436,617.260350256659,3042726.5,NA,167489.9,14.08,-1,0.346517926430618,0.489224119559927,0.741475186234394,0.590124546229714,12,1.3125,0.375,"O12","de-protonated",0,NA,"C32 H42 O12",32,42,12,NA,NA,NA,NA,NA,NA,NA,NA
5529,617.275349,617.273469094248,617.273237416281,2618790.8,NA,176999.9,11.8,-1,0.375324819355192,0.97476345839665,0,0.58485807503799,7,1.62068965517241,0.413793103448276,"P1 O12","de-protonated",0,NA,"C29 H47 O12 P1",29,47,12,NA,1,NA,NA,NA,NA,NA,NA
5530,617.311749,617.309868941403,617.309622925666,2925991,NA,165214,13.45,-1,0.398528920279325,0.971592654500365,0,0.582955592700219,6,1.7,0.366666666666667,"P1 O11","de-protonated",0,NA,"C30 H51 O11 P1",30,51,11,NA,1,NA,NA,NA,NA,NA,NA
5536,619.095994,619.094106449319,619.094072774216,3830192.3,NA,170689.1,18.32,-1,0.05439416162332,0.49973164367514,0.772687513667176,0.608913991671954,16,0.888888888888889,0.62962962962963,"O17","de-protonated",0,NA,"C27 H24 O17",27,24,17,NA,NA,NA,NA,NA,NA,NA,NA
5537,619.13227,619.130382296995,619.1304582836,4396464.5,NA,174050.1,21.36,-1,-0.122731168959921,0.979441185059296,0.918427171342845,0.955035579572716,15,1,0.571428571428571,"O16","de-protonated",0,NA,"C28 H28 O16",28,28,16,NA,NA,NA,NA,NA,NA,NA,NA
5538,619.14535,619.143462242072,619.143212501441,1790384.5,NA,235289.4,7.34,-1,0.403364886259118,0.97090923815526,0,0.582545542893156,23,0.777777777777778,0.222222222222222,"S1 O8","de-protonated",0,NA,"C36 H28 O8 S1",36,28,8,NA,NA,1,NA,NA,NA,NA,NA
5539,619.168858,619.166970143361,619.166843792985,6472112.5,NA,166293.8,32.53,-1,0.204065153377832,0.985911831242189,0.984006229684932,0.985149590619286,14,1.10344827586207,0.517241379310345,"O15","de-protonated",0,NA,"C29 H32 O15",29,32,15,NA,NA,NA,NA,NA,NA,NA,NA
5540,619.181784,619.179896089085,619.179598010825,2081200.6,NA,211724.2,8.9,-1,0.481408400870195,0.958820431082848,0,0.575292258649709,22,0.864864864864865,0.189189189189189,"S1 O7","de-protonated",0,NA,"C37 H32 O7 S1",37,32,7,NA,NA,1,NA,NA,NA,NA,NA
5541,619.197531,619.195643022963,619.195856473817,2418608.8,NA,136094.9,10.72,-1,-0.344722678158687,0.978668579623918,0,0.587201147774351,12,1.32258064516129,0.225806451612903,"S2 P1 O7","de-protonated",0,NA,"C31 H41 O7 S2 P1",31,41,7,NA,1,2,NA,NA,NA,NA,NA
5542,619.205229,619.203340990639,619.203229302369,6414768.5,NA,177534.8,32.22,-1,0.180374172455413,0.98958661210749,0.98361169454119,0.98719664508097,13,1.2,0.466666666666667,"O14","de-protonated",0,NA,"C30 H36 O14",30,36,14,NA,NA,NA,NA,NA,NA,NA,NA
5543,619.218147,619.216258936396,619.215983520209,2127792.8,NA,192133.2,9.16,-1,0.444782101925558,0.964740431711645,0,0.578844259026987,21,0.947368421052632,0.157894736842105,"S1 O6","de-protonated",0,NA,"C38 H36 O6 S1",38,36,6,NA,NA,1,NA,NA,NA,NA,NA
5544,619.241691,619.239802837534,619.239614811753,5165489,NA,157415.1,25.5,-1,0.303639780725478,0.491705053888076,0.747514279669976,0.594028744200836,12,1.29032258064516,0.419354838709677,"O13","de-protonated",0,NA,"C31 H40 O13",31,40,13,NA,NA,NA,NA,NA,NA,NA,NA
5545,619.254645,619.25275678314,619.252501971375,2429361,NA,174518.9,10.78,-1,0.411482818318644,0.96974459276208,0,0.581846755657248,7,1.60714285714286,0.464285714285714,"P1 O13","de-protonated",0,NA,"C28 H45 O13 P1",28,45,13,NA,1,NA,NA,NA,NA,NA,NA
5546,619.278248,619.27635968403,619.276489578508,2587057,NA,175533.5,11.63,-1,-0.209751992129407,0.992048781574624,0,0.595229268944775,15,1.28571428571429,0.114285714285714,"N2 S1 P1 O4","de-protonated",0,NA,"C35 H45 O4 S1 N2 P1",35,45,4,2,1,1,NA,NA,NA,NA,NA
5547,619.290939,619.289050630741,619.288754538978,2689457,NA,194988.2,12.18,-1,0.478115839604929,0.479685115967662,0.69646200847541,0.566395872970761,19,1.1,0.1,"S1 O4","de-protonated",0,NA,"C40 H44 O4 S1",40,44,4,NA,NA,1,NA,NA,NA,NA,NA
5548,619.327735,619.325846476233,619.326142370069,2914737.3,NA,171816.4,13.39,-1,-0.477767391866879,0.959428214267988,0,0.575656928560793,4,1.83870967741935,0.193548387096774,"S2 P1 O6","de-protonated",0,NA,"C31 H57 O6 S2 P1",31,57,6,NA,1,2,NA,NA,NA,NA,NA
5549,619.338796,619.336907429788,619.336886501991,5253553,NA,172945.6,25.97,-1,0.0337906516432369,0.499896420936731,0.772687513667176,0.609012858028909,0,2.07407407407407,0.481481481481481,"S1 O13","de-protonated",0,NA,"C27 H56 O13 S1",27,56,13,NA,NA,1,NA,NA,NA,NA,NA
5554,620.341823,620.339930218056,620.339997560106,1768372.5,NA,166103.9,7.22,-1,-0.108556680469243,0.997863992879106,0,0.598718395727464,5,1.82142857142857,0.428571428571429,"N3 O12","de-protonated",0,NA,"C28 H51 O12 N3",28,51,12,3,NA,NA,NA,NA,NA,NA,NA
5555,621.07548,621.073584137413,621.07333732931,1850294.1,NA,192226.3,7.66,-1,0.397389630184428,0.971752528090718,0,0.583051516854431,16,0.846153846153846,0.692307692307692,"O18","de-protonated",0,NA,"C26 H22 O18",26,22,18,NA,NA,NA,NA,NA,NA,NA,NA
5556,621.111614,621.109717985686,621.109722838694,4601270,NA,169150,22.46,-1,-0.00781344701261967,0.499994461313681,0.772687513667176,0.609071682255079,15,0.962962962962963,0.62962962962963,"O17","de-protonated",0,NA,"C27 H26 O17",27,26,17,NA,NA,NA,NA,NA,NA,NA,NA
5557,621.148146,621.146249832287,621.146108348078,5120438,NA,181381.8,25.26,-1,0.227779273289723,0.995304903364144,0.973487328231734,0.98657787331118,14,1.07142857142857,0.571428571428571,"O16","de-protonated",0,NA,"C28 H30 O16",28,30,16,NA,NA,NA,NA,NA,NA,NA,NA
5559,621.184564,621.182667679367,621.182493857463,7127478.5,NA,167855.5,36.06,-1,0.279824216760988,0.9902816274058,0.983714625301901,0.987654826564241,13,1.17241379310345,0.517241379310345,"O15","de-protonated",0,NA,"C29 H34 O15",29,34,15,NA,NA,NA,NA,NA,NA,NA,NA
5560,621.197428,621.195531625351,621.195248075303,1885110.3,NA,178721.4,7.85,-1,0.45645881714475,0.962900035520531,0,0.577740021312319,21,0.918918918918919,0.189189189189189,"S1 O7","de-protonated",0,NA,"C37 H34 O7 S1",37,34,7,NA,NA,1,NA,NA,NA,NA,NA
5561,621.21304,621.211143559796,621.210833862862,2552246.3,NA,192362.5,11.44,-1,0.498537561551324,0.955904561375271,0,0.573542736825163,4,1.9,0.9,"N4 O18","de-protonated",0,NA,"C20 H38 O18 N4",20,38,18,4,NA,NA,NA,NA,NA,NA,NA
5562,621.220907,621.219010526762,621.218879366847,6502838.5,NA,174490.1,32.7,-1,0.21113317690524,0.495972073000792,0.753652554121788,0.59904426544919,12,1.26666666666667,0.466666666666667,"O14","de-protonated",0,NA,"C30 H38 O14",30,38,14,NA,NA,NA,NA,NA,NA,NA,NA
5563,621.233457,621.231560474065,621.231633584687,1839030.4,NA,198527.4,7.6,-1,-0.117686574100519,0.997490067318059,0,0.598494040390835,20,1,0.157894736842105,"S1 O6","de-protonated",0,NA,"C38 H38 O6 S1",38,38,6,NA,NA,1,NA,NA,NA,NA,NA
5564,621.257228,621.25533137425,621.255264876231,3473846.5,NA,180826.6,16.4,-1,0.107038156961112,0.498961635740776,0.747514279669976,0.598382693312456,11,1.35483870967742,0.419354838709677,"O13","de-protonated",0,NA,"C31 H42 O13",31,42,13,NA,NA,NA,NA,NA,NA,NA,NA
5565,621.306698,621.304801166524,621.304537545237,2920886.5,NA,192097,13.42,-1,0.424302851047416,0.967861060155374,0,0.580716636093224,5,1.75862068965517,0.413793103448276,"P1 O12","de-protonated",0,NA,"C29 H51 O12 P1",29,51,12,NA,1,NA,NA,NA,NA,NA,NA
5569,622.224538,622.222637312494,622.222859804888,1730487.4,NA,216304.6,7.02,-1,-0.357576695499074,0.977066828650134,0,0.58624009719008,16,1.15625,0.25,"N3 S1 O8","de-protonated",0,NA,"C32 H37 O8 S1 N3",32,37,8,3,NA,1,NA,NA,NA,NA,NA
5570,623.091197,623.089292673373,623.088987393788,2151863.5,NA,208954.4,9.28,-1,0.489945403960485,0.957378822691305,0,0.574427293614783,15,0.923076923076923,0.692307692307692,"O18","de-protonated",0,NA,"C26 H24 O18",26,24,18,NA,NA,NA,NA,NA,NA,NA,NA
5571,623.127397,623.125492521369,623.125372903172,4676023.5,NA,178741,22.87,-1,0.191964894810957,0.49666791308031,0.772687513667176,0.607075753315057,14,1.03703703703704,0.62962962962963,"O17","de-protonated",0,NA,"C27 H28 O17",27,28,17,NA,NA,NA,NA,NA,NA,NA,NA
5572,623.142622,623.140717457439,623.140629044457,1767863.4,NA,158907.1,7.22,-1,0.141882871270404,0.996353964996671,0,0.597812378998002,18,0.903225806451613,0.451612903225806,"O14","de-protonated",0,NA,"C31 H28 O14",31,28,14,NA,NA,NA,NA,NA,NA,NA,NA
5573,623.156133,623.154228400706,623.154385584004,2061751.4,NA,238112.2,8.8,-1,-0.252238133055005,0.988521877136665,0,0.593113126281999,12,1.27586206896552,0.310344827586207,"S2 P1 O9","de-protonated",0,NA,"C29 H37 O9 S2 P1",29,37,9,NA,1,2,NA,NA,NA,NA,NA
5574,623.163975,623.162070367777,623.162247669927,5851575.5,NA,172322.9,29.19,-1,-0.284520043352824,0.492709389672999,0.747514279669976,0.59463134567179,17,1.06451612903226,0.258064516129032,"N2 S1 P1 O8","de-protonated",0,NA,"C31 H33 O8 S1 N2 P1",31,33,8,2,1,1,NA,NA,NA,NA,NA
5576,623.200334,623.198429215105,623.198143921941,6101431.5,NA,173802.5,30.54,-1,0.45778885377964,0.481343803068959,0.759892473118277,0.592763271088686,12,1.24137931034483,0.517241379310345,"O15","de-protonated",0,NA,"C29 H36 O15",29,36,15,NA,NA,NA,NA,NA,NA,NA,NA
5577,623.228676,623.226771096096,623.22648392734,3591607.5,NA,171927.3,17.03,-1,0.460777523961058,0.96220818234731,0,0.577324909408386,3,2,0.9,"N4 O18","de-protonated",0,NA,"C20 H40 O18 N4",20,40,18,4,NA,NA,NA,NA,NA,NA,NA
5578,623.236721,623.234816062315,623.234529431325,5100983.5,NA,160836.7,25.15,-1,0.459908712275451,0.481173924334526,0.753652554121787,0.590165376249431,11,1.33333333333333,0.466666666666667,"O14","de-protonated",0,NA,"C30 H40 O14",30,40,14,NA,NA,NA,NA,NA,NA,NA,NA
5579,623.272738,623.270832911079,623.270914940709,1913271.4,NA,196778.4,8,-1,-0.131611516911106,0.996861953989759,0,0.598117172393855,10,1.41935483870968,0.419354838709677,"O13","de-protonated",0,NA,"C31 H44 O13",31,44,13,NA,NA,NA,NA,NA,NA,NA,NA
5580,623.285904,623.283998855794,623.283802100331,1884599.4,NA,184300.8,7.85,-1,0.315675559722072,0.982080936712873,0,0.589248562027724,5,1.75,0.464285714285714,"P1 O13","de-protonated",0,NA,"C28 H49 O13 P1",28,49,13,NA,1,NA,NA,NA,NA,NA,NA
5582,624.167095,624.165186155654,624.164890697482,1971638.4,NA,194380,8.31,-1,0.473365573647682,0.960157343690135,0,0.576094406214081,16,1.125,0.1875,"N1 S2 P1 O6","de-protonated",0,NA,"C32 H36 O6 S2 N1 P1",32,36,6,1,1,2,NA,NA,NA,NA,NA
5584,625.106607,625.104694210622,625.104637458266,2966964.5,NA,174749.8,13.67,-1,0.0907885705829368,0.998505515346912,0,0.599103309208147,14,1,0.692307692307692,"O18","de-protonated",0,NA,"C26 H26 O18",26,26,18,NA,NA,NA,NA,NA,NA,NA,NA
5585,625.121887,625.119974146461,625.119893599551,1800116.5,NA,210631.1,7.39,-1,0.128850339577794,0.996992047495617,0,0.59819522849737,18,0.866666666666667,0.5,"O15","de-protonated",0,NA,"C30 H26 O15",30,26,15,NA,NA,NA,NA,NA,NA,NA,NA
5586,625.142979,625.141066057895,625.14102296765,3890612.5,NA,175690.1,18.64,-1,0.0689288395992156,0.499569137617261,0.772687513667176,0.608816488037227,13,1.11111111111111,0.62962962962963,"O17","de-protonated",0,NA,"C27 H30 O17",27,30,17,NA,NA,NA,NA,NA,NA,NA,NA
5588,625.179594,625.177680904148,625.177408477034,5382580.5,NA,168068.7,26.67,-1,0.435759690001674,0.483066072856298,0.766236582456902,0.59633427669654,12,1.21428571428571,0.571428571428571,"O16","de-protonated",0,NA,"C28 H34 O16",28,34,16,NA,NA,NA,NA,NA,NA,NA,NA
5590,625.215824,625.213910752017,625.213793986419,4331956.5,NA,172412.1,21.02,-1,0.186761072678578,0.496845554859512,0.759892473118277,0.602064322163018,11,1.31034482758621,0.517241379310345,"O15","de-protonated",0,NA,"C29 H38 O15",29,38,15,NA,NA,NA,NA,NA,NA,NA,NA
5591,625.244141,625.242227633114,625.241937287325,3340724.3,NA,134587.2,15.68,-1,0.464373502547383,0.480813761426166,0.753652554121787,0.589949278504414,10,1.43333333333333,0.4,"P1 O12","de-protonated",0,NA,"C30 H43 O12 P1",30,43,12,NA,1,NA,NA,NA,NA,NA,NA
5592,625.252218,625.250304599198,625.250179495803,2992564.3,NA,170347.6,13.81,-1,0.200085340979966,0.992762177338112,0,0.595657306402867,10,1.4,0.466666666666667,"O14","de-protonated",0,NA,"C30 H42 O14",30,42,14,NA,NA,NA,NA,NA,NA,NA,NA
5593,627.100771,627.098849837083,627.099158154644,1871277.8,NA,167620.9,7.77,-1,-0.491656792844114,0.957087042580478,0,0.574252225548287,18,0.827586206896552,0.551724137931034,"O16","de-protonated",0,NA,"C29 H24 O16",29,24,16,NA,NA,NA,NA,NA,NA,NA,NA
5594,627.122548,627.120626745641,627.120643838333,2666925.8,NA,172968.7,12.06,-1,-0.0272558261177311,0.499932607236945,0.69646200847541,0.578544367732331,30,0.6,0.05,"N2 S2 O2","de-protonated",0,NA,"C40 H24 O2 S2 N2",40,24,2,2,NA,2,NA,NA,NA,NA,NA
5595,627.137519,627.135597682778,627.135543664029,2432429.8,NA,180850.7,10.79,-1,0.0861356841319128,0.998654673350203,0,0.599192804010122,17,0.933333333333333,0.5,"O15","de-protonated",0,NA,"C30 H28 O15",30,28,15,NA,NA,NA,NA,NA,NA,NA,NA
5597,627.15863,627.156708594132,627.156673032128,3210669.5,NA,171355,14.98,-1,0.0567035411233709,0.999416759718215,0,0.599650055830929,12,1.18518518518519,0.62962962962963,"O17","de-protonated",0,NA,"C27 H32 O17",27,32,17,NA,NA,NA,NA,NA,NA,NA,NA
5598,627.173947,627.172025529816,627.171929173413,2279341.5,NA,171246.7,9.97,-1,0.153636344989111,0.995726220952573,0,0.597435732571544,16,1.03225806451613,0.451612903225806,"O14","de-protonated",0,NA,"C31 H32 O14",31,32,14,NA,NA,NA,NA,NA,NA,NA,NA
5600,627.195188,627.193266440624,627.193058541512,3265965.5,NA,184743.2,15.28,-1,0.33147546714437,0.980260571677288,0,0.588156343006373,11,1.28571428571429,0.571428571428571,"O16","de-protonated",0,NA,"C28 H36 O16",28,36,16,NA,NA,NA,NA,NA,NA,NA,NA
5601,627.210323,627.208401377072,627.208314682797,2634157.3,NA,195113.7,11.88,-1,0.138222458034822,0.996539343498982,0,0.597923606099389,15,1.125,0.40625,"O13","de-protonated",0,NA,"C32 H36 O13",32,36,13,NA,NA,NA,NA,NA,NA,NA,NA
5603,627.231543,627.229621287969,627.229444050897,3111341.3,NA,159112.8,14.45,-1,0.282571352277534,0.985616391776195,0,0.591369835065717,10,1.37931034482759,0.517241379310345,"O15","de-protonated",0,NA,"C29 H40 O15",29,40,15,NA,NA,NA,NA,NA,NA,NA,NA
5604,627.260067,627.258145168196,627.258456731729,2079661.1,NA,175013.1,8.9,-1,-0.496706787431199,0.956220646924001,0,0.573732388154401,8,1.58064516129032,0.225806451612903,"S2 P1 O7","de-protonated",0,NA,"C31 H49 O7 S2 P1",31,49,7,NA,1,2,NA,NA,NA,NA,NA
5605,627.340677,627.338754829713,627.338600579049,1782188.8,NA,199661.7,7.3,-1,0.245881033396004,0.989090019481212,0,0.593454011688727,7,1.625,0.375,"O12","de-protonated",0,NA,"C32 H52 O12",32,52,12,NA,NA,NA,NA,NA,NA,NA,NA
5606,627.377224,627.375301676251,627.375475345804,1738668.6,NA,167061.8,7.06,-1,-0.276819161575204,0.986192013143612,0,0.591715207886167,10,1.58333333333333,0.0833333333333333,"N2 S1 P1 O3","de-protonated",0,NA,"C36 H57 O3 S1 N2 P1",36,57,3,2,1,1,NA,NA,NA,NA,NA
5607,627.442025,627.44010240415,627.440384278651,2255788.3,NA,185712,9.84,-1,-0.449245071463217,0.964042228650817,0,0.57842533719049,3,1.91666666666667,0.0555555555555556,"S2 P1 O2","de-protonated",0,NA,"C36 H69 O2 S2 P1",36,69,2,NA,1,2,NA,NA,NA,NA,NA
5608,627.462452,627.460529318377,627.460511325043,8241580,NA,166702.2,42.05,-1,0.0286764407152902,0.49992539946802,0.680959722489882,0.572339128676765,12,1.48837209302326,0.0232558139534884,"S1 O1","de-protonated",0,NA,"C43 H64 O1 S1",43,64,1,NA,NA,1,NA,NA,NA,NA,NA
5610,629.080814,629.078884522839,629.078779025327,2141603.8,NA,199250.4,9.23,-1,0.167701591523423,0.994909967459907,0,0.596945980475944,35,0.428571428571429,0.0238095238095238,"N2 S2 O1","de-protonated",0,NA,"C42 H18 O1 S2 N2",42,18,1,2,NA,2,NA,NA,NA,NA,NA
5611,629.116837,629.114907371578,629.114808219122,2164131.5,NA,205513,9.35,-1,0.157606297307504,0.995503002818999,0,0.5973018016914,17,0.896551724137931,0.551724137931034,"O16","de-protonated",0,NA,"C29 H26 O16",29,26,16,NA,NA,NA,NA,NA,NA,NA,NA
5613,629.153136,629.151206219157,629.151193728507,3754403.3,NA,178778.5,17.91,-1,0.0198531781951927,0.499964242398165,0.753652554121787,0.601439567087614,16,1,0.5,"O15","de-protonated",0,NA,"C30 H30 O15",30,30,15,NA,NA,NA,NA,NA,NA,NA,NA
5615,629.173932,629.172002131834,629.171810032269,1837987.1,NA,212407.1,7.6,-1,0.305321316267039,0.983227405587279,0,0.589936443352368,29,0.65,0.15,"N2 O6","de-protonated",0,NA,"C40 H26 O6 N2",40,26,6,2,NA,NA,NA,NA,NA,NA,NA
5616,629.189688,629.187758065675,629.187579237891,3391907,NA,195243.4,15.96,-1,0.284220143221396,0.98954213071205,0.89877010438316,0.953233320180494,15,1.09677419354839,0.451612903225806,"O14","de-protonated",0,NA,"C31 H34 O14",31,34,14,NA,NA,NA,NA,NA,NA,NA,NA
5617,629.202521,629.200591011789,629.200333455731,3482019,NA,174305.5,16.44,-1,0.409338717207368,0.485027158268539,0.701787487586891,0.57173128999588,23,0.871794871794872,0.153846153846154,"S1 O6","de-protonated",0,NA,"C39 H34 O6 S1",39,34,6,NA,NA,1,NA,NA,NA,NA,NA
5618,629.210466,629.208535978427,629.20870860599,1871266.9,NA,189468.1,7.77,-1,-0.274356601553125,0.986434923329518,0,0.591860953997711,10,1.35714285714286,0.571428571428571,"O16","de-protonated",0,NA,"C28 H38 O16",28,38,16,NA,NA,NA,NA,NA,NA,NA,NA
5619,629.226226,629.224295912251,629.224454004646,3449250.8,NA,174210.8,16.27,-1,-0.251249603890337,0.494305576916213,0.723929522638802,0.586155155205248,18,1.11428571428571,0.142857142857143,"N2 S1 P1 O5","de-protonated",0,NA,"C35 H39 O5 S1 N2 P1",35,39,5,2,1,1,NA,NA,NA,NA,NA
5620,629.239039,629.237108858449,629.236851906897,3495330.8,NA,180251,16.51,-1,0.408354264078567,0.485098007789174,0.759892473118277,0.595015793920815,9,1.48275862068966,0.448275862068966,"P1 O13","de-protonated",0,NA,"C29 H43 O13 P1",29,43,13,NA,1,NA,NA,NA,NA,NA,NA
5621,629.262475,629.26054476004,629.260350256659,1952674.5,NA,166218.4,8.21,-1,0.309098421643357,0.982813462506659,0,0.589688077503996,13,1.27272727272727,0.363636363636364,"O12","de-protonated",0,NA,"C33 H42 O12",33,42,12,NA,NA,NA,NA,NA,NA,NA,NA
5622,629.275291,629.273360706226,629.2731044745,1885602.5,NA,181704.3,7.85,-1,0.407186838532392,0.970363635593346,0,0.582218181356008,21,1.02439024390244,0.0975609756097561,"S1 O4","de-protonated",0,NA,"C41 H42 O4 S1",41,42,4,NA,NA,1,NA,NA,NA,NA,NA
5628,631.096045,631.09410706084,631.094072774216,2842006.3,NA,176281.2,13,-1,0.0543288631768053,0.999464574844623,0,0.599678744906774,17,0.857142857142857,0.607142857142857,"O17","de-protonated",0,NA,"C28 H24 O17",28,24,17,NA,NA,NA,NA,NA,NA,NA,NA
5629,631.132602,631.130663907336,631.1304582836,3112341.8,NA,186701.7,14.45,-1,0.325802269421869,0.980924038383977,0,0.588554423030386,16,0.96551724137931,0.551724137931034,"O16","de-protonated",0,NA,"C29 H28 O16",29,28,16,NA,NA,NA,NA,NA,NA,NA,NA
5630,631.145913,631.143974851443,631.144214823148,2014101.8,NA,178140.5,8.54,-1,-0.38021691335395,0.974109935671623,0,0.584465961402974,10,1.37037037037037,0.407407407407407,"S2 P1 O11","de-protonated",0,NA,"C27 H37 O11 S2 P1",27,37,11,NA,1,2,NA,NA,NA,NA,NA
5631,631.168707,631.16676875573,631.166843792985,3946901.5,NA,180145.1,18.94,-1,-0.118886559325575,0.985927864321465,0.934474609372537,0.965346562341894,15,1.06666666666667,0.5,"O15","de-protonated",0,NA,"C30 H32 O15",30,32,15,NA,NA,NA,NA,NA,NA,NA,NA
5633,631.205342,631.203403601899,631.203229302369,4739477.5,NA,172023.4,23.21,-1,0.276138527106882,0.973535566569122,0.944863495241243,0.96206673803797,14,1.16129032258065,0.451612903225806,"O14","de-protonated",0,NA,"C31 H36 O14",31,36,14,NA,NA,NA,NA,NA,NA,NA,NA
5635,631.241626,631.239687449542,631.239614811753,3733909,NA,182239.8,17.8,-1,0.115071656991087,0.498800116885197,0.741475186234395,0.595870144624876,13,1.25,0.40625,"O13","de-protonated",0,NA,"C32 H40 O13",32,40,13,NA,NA,NA,NA,NA,NA,NA,NA
5637,631.278153,631.276214296164,631.276000321137,3082644.8,NA,163146.4,14.29,-1,0.338956377947727,0.489684448045984,0.73553288925895,0.588023824531171,12,1.33333333333333,0.363636363636364,"O12","de-protonated",0,NA,"C33 H44 O12",33,44,12,NA,NA,NA,NA,NA,NA,NA,NA
5644,632.331065,632.329121874963,632.329253428185,1752460.4,NA,154497.5,7.14,-1,-0.208045445800414,0.992177132441005,0,0.595306279464603,10,1.57575757575758,0.151515151515152,"N3 S1 P1 O5","de-protonated",0,NA,"C33 H52 O5 S1 N3 P1",33,52,5,3,1,1,NA,NA,NA,NA,NA
5646,633.112126,633.110179595271,633.110079154283,2693509.8,NA,197609.8,12.2,-1,0.158646958018811,0.497721778069939,0.686049898068144,0.573053026069221,33,0.523809523809524,0.0238095238095238,"N2 S2 O1","de-protonated",0,NA,"C42 H22 O1 S2 N2",42,22,1,2,NA,2,NA,NA,NA,NA,NA
5647,633.148266,633.146319443518,633.146108348078,4364677.5,NA,182806.2,21.19,-1,0.333407150617046,0.490016078054093,0.759892473118277,0.597966636079767,15,1.03448275862069,0.551724137931034,"O16","de-protonated",0,NA,"C29 H30 O16",29,30,16,NA,NA,NA,NA,NA,NA,NA,NA
5648,633.184459,633.182512291543,633.182493857463,5126533,NA,175081.4,25.29,-1,0.029113376244671,0.499923108986905,0.753652554121787,0.601414887040858,14,1.13333333333333,0.5,"O15","de-protonated",0,NA,"C30 H34 O15",30,34,15,NA,NA,NA,NA,NA,NA,NA,NA
5650,633.220951,633.219004138312,633.218879366847,5112197,NA,170740.6,25.21,-1,0.1970431857482,0.985228368044476,0.930544781561067,0.963354933451112,13,1.2258064516129,0.451612903225806,"O14","de-protonated",0,NA,"C31 H38 O14",31,38,14,NA,NA,NA,NA,NA,NA,NA,NA
5651,633.233924,633.231977083838,633.231766526469,2289540.8,NA,173286.1,10.03,-1,0.332512328910756,0.980138124382529,0,0.588082874629518,8,1.53571428571429,0.5,"P1 O14","de-protonated",0,NA,"C28 H43 O14 P1",28,43,14,NA,1,NA,NA,NA,NA,NA,NA
5652,633.257173,633.255225986215,633.255264876231,2869636.5,NA,179622.2,13.15,-1,-0.0614128586504403,0.999315893273188,0,0.599589535963913,12,1.3125,0.40625,"O13","de-protonated",0,NA,"C32 H42 O13",32,42,13,NA,NA,NA,NA,NA,NA,NA,NA
5654,633.306615,633.304667778607,633.304404603456,2015620,NA,191653.3,8.55,-1,0.415558693855423,0.969151631111638,0,0.581490978666983,19,1.1219512195122,0.0975609756097561,"S1 O4","de-protonated",0,NA,"C41 H46 O4 S1",41,46,4,NA,NA,1,NA,NA,NA,NA,NA
5656,633.354359,633.352411578129,633.352536566469,5962115.5,NA,172274.9,29.79,-1,-0.197344026998932,0.995345195547484,0.966806740031404,0.983929813341052,0,2.07142857142857,0.464285714285714,"S1 O13","de-protonated",0,NA,"C28 H58 O13 S1",28,58,13,NA,NA,1,NA,NA,NA,NA,NA
5657,633.380138,633.378190469882,633.378177943932,1772419.4,NA,173995.8,7.24,-1,0.0197764166614615,0.999929036729079,0,0.599957422037447,3,1.90909090909091,0.151515151515152,"S2 P1 O5","de-protonated",0,NA,"C33 H63 O5 S2 P1",33,63,5,NA,1,2,NA,NA,NA,NA,NA
5658,633.455959,633.454011151508,633.453785974923,11747715,NA,163264.7,60.92,-1,0.355474370282768,0.325777543438258,0.641093501073574,0.451903926492385,16,1.38095238095238,0.0238095238095238,"N4 O1","de-protonated",0,NA,"C42 H58 O1 N4",42,58,1,4,NA,NA,NA,NA,NA,NA,NA
5661,635.091182,635.089227285171,635.088987393788,2228595.3,NA,194404.5,9.7,-1,0.37772877183891,0.974443323140246,0,0.584665993884148,16,0.888888888888889,0.666666666666667,"O18","de-protonated",0,NA,"C27 H24 O18",27,24,18,NA,NA,NA,NA,NA,NA,NA,NA
5662,635.127439,635.125484132927,635.125372903172,3311987,NA,190184.9,15.53,-1,0.175130391026008,0.9944503069087,0,0.59667018414522,15,1,0.607142857142857,"O17","de-protonated",0,NA,"C28 H28 O17",28,28,17,NA,NA,NA,NA,NA,NA,NA,NA
5663,635.163819,635.161863980166,635.161758412556,4807026.5,NA,181754,23.57,-1,0.166205866244548,0.497500065944916,0.759892473118277,0.602457028814261,14,1.10344827586207,0.551724137931034,"O16","de-protonated",0,NA,"C29 H32 O16",29,32,16,NA,NA,NA,NA,NA,NA,NA,NA
5664,635.192585,635.190629859377,635.190771093389,1942386.3,NA,187299.1,8.16,-1,-0.222348966159284,0.991069463272708,0,0.594641677963625,12,1.32258064516129,0.258064516129032,"S2 P1 O8","de-protonated",0,NA,"C31 H41 O8 S2 P1",31,41,8,NA,1,2,NA,NA,NA,NA,NA
5665,635.200398,635.19844282657,635.198143921941,5663090,NA,167014,28.18,-1,0.470569117061351,0.977742199806901,0.987512575328962,0.981650350015726,13,1.2,0.5,"O15","de-protonated",0,NA,"C30 H36 O15",30,36,15,NA,NA,NA,NA,NA,NA,NA,NA
5666,635.236788,635.234832673768,635.234529431325,4449650,NA,175984,21.65,-1,0.477370843661662,0.479747076717538,0.747514279669976,0.586853957898513,12,1.29032258064516,0.451612903225806,"O14","de-protonated",0,NA,"C31 H40 O14",31,40,14,NA,NA,NA,NA,NA,NA,NA,NA
5667,635.273361,635.271405520197,635.27140419808,2489713.5,NA,188100.5,11.1,-1,0.00208118537408513,0.999999214085706,0,0.599999528451423,15,1.28571428571429,0.142857142857143,"N2 S1 P1 O5","de-protonated",0,NA,"C35 H45 O5 S1 N2 P1",35,45,5,2,1,1,NA,NA,NA,NA,NA
5670,635.351535,635.349579191943,635.349559186292,1882992.6,NA,174600.2,7.84,-1,0.0314876279319716,0.999820115122874,0,0.599892069073725,0,2.07407407407407,0.592592592592593,"O16","de-protonated",0,NA,"C27 H56 O16",27,56,16,NA,NA,NA,NA,NA,NA,NA,NA
5671,635.453487,635.451530763844,635.451810916453,4693359.5,NA,167010.3,22.96,-1,-0.440871524879296,0.482673448207645,0.747514279669976,0.588609780792577,2,2.09677419354839,0.225806451612903,"N4 P1 O7","de-protonated",0,NA,"C31 H65 O7 N4 P1",31,65,7,4,1,NA,NA,NA,NA,NA,NA
5673,637.106364,637.104400823377,637.104637458266,1925982.3,NA,182924.2,8.07,-1,-0.371422329633917,0.97527902317013,0,0.585167413902078,15,0.962962962962963,0.666666666666667,"O18","de-protonated",0,NA,"C27 H26 O18",27,26,18,NA,NA,NA,NA,NA,NA,NA,NA
5674,637.142968,637.141004669676,637.14102296765,3477854,NA,171997.1,16.42,-1,-0.0287188758727275,0.499925178534705,0.766236582456902,0.606449740103584,14,1.07142857142857,0.607142857142857,"O17","de-protonated",0,NA,"C28 H30 O17",28,30,17,NA,NA,NA,NA,NA,NA,NA,NA
5675,637.171688,637.16972454908,637.170035648482,1993053.6,NA,188613.9,8.43,-1,-0.488251777085271,0.957666659987128,0,0.574599995992277,12,1.3,0.3,"S2 P1 O9","de-protonated",0,NA,"C30 H39 O9 S2 P1",30,39,9,NA,1,2,NA,NA,NA,NA,NA
5676,637.179571,637.177607515979,637.177408477034,4696413.5,NA,171303.9,22.98,-1,0.312376023258477,0.491225140339548,0.759892473118277,0.59869207345104,13,1.17241379310345,0.551724137931034,"O16","de-protonated",0,NA,"C29 H34 O16",29,34,16,NA,NA,NA,NA,NA,NA,NA,NA
5677,637.207812,637.205848397395,637.205551777941,2067805.1,NA,205585.2,8.83,-1,0.465500422354482,0.961444697462781,0,0.576866818477669,12,1.3,0.433333333333333,"P1 O13","de-protonated",0,NA,"C30 H39 O13 P1",30,39,13,NA,1,NA,NA,NA,NA,NA,NA
5678,637.215896,637.21393236345,637.213793986419,4842845,NA,167421.9,23.77,-1,0.217159503514923,0.992253503334975,0.943102030930528,0.972592914373196,12,1.26666666666667,0.5,"O15","de-protonated",0,NA,"C30 H38 O15",30,38,15,NA,NA,NA,NA,NA,NA,NA,NA
5679,637.244505,637.24254124332,637.242806667251,2242908.8,NA,200925.4,9.77,-1,-0.416519305008904,0.969011082768591,0,0.581406649661154,10,1.46875,0.21875,"S2 P1 O7","de-protonated",0,NA,"C32 H47 O7 S2 P1",32,47,7,NA,1,2,NA,NA,NA,NA,NA
5680,637.252189,637.250225211055,637.250179495803,3496284.8,NA,179250.6,16.52,-1,0.071738311487327,0.499533315500889,0.747514279669976,0.598725701168524,11,1.35483870967742,0.451612903225806,"O14","de-protonated",0,NA,"C31 H42 O14",31,42,14,NA,NA,NA,NA,NA,NA,NA,NA
5681,637.264976,637.263012157362,637.262933713643,1765724.5,NA,173034.6,7.21,-1,0.123094745288864,0.997254408160093,0,0.598352644896056,19,1.07692307692308,0.153846153846154,"S1 O6","de-protonated",0,NA,"C39 H42 O6 S1",39,42,6,NA,NA,1,NA,NA,NA,NA,NA
5684,639.122547,639.12057535738,639.120287522744,2902343.5,NA,178426.6,13.32,-1,0.450360662997855,0.963866692015524,0,0.578320015209314,14,1.03703703703704,0.666666666666667,"O18","de-protonated",0,NA,"C27 H28 O18",27,28,18,NA,NA,NA,NA,NA,NA,NA,NA
5685,639.158847,639.156875204956,639.156673032128,3472711,NA,169098.1,16.39,-1,0.316311846711773,0.982009281674553,0,0.589205569004732,13,1.14285714285714,0.607142857142857,"O17","de-protonated",0,NA,"C28 H32 O17",28,32,17,NA,NA,NA,NA,NA,NA,NA,NA
5686,639.174335,639.172363139921,639.172418430783,1858886.9,NA,172918,7.71,-1,-0.0865038297499403,0.99864315669134,0,0.599185894014804,21,0.942857142857143,0.171428571428571,"N2 S1 P1 O6","de-protonated",0,NA,"C35 H33 O6 S1 N2 P1",35,33,6,2,1,1,NA,NA,NA,NA,NA
5688,639.195462,639.193490051208,639.193547798883,3813702.8,NA,161518.7,18.23,-1,-0.0903445828219174,0.499260042956272,0.741475186234394,0.596146100267521,16,1.15625,0.25,"N2 S1 P1 O8","de-protonated",0,NA,"C32 H37 O8 S1 N2 P1",32,37,8,2,1,1,NA,NA,NA,NA,NA
5689,639.223621,639.221648932968,639.221398546911,2031430.4,NA,202718.9,8.64,-1,0.391704747755285,0.972543819964191,0,0.583526291978515,3,2,0.95,"N4 O19","de-protonated",0,NA,"C20 H40 O19 N4",20,40,19,4,NA,NA,NA,NA,NA,NA,NA
5690,639.231535,639.229562899737,639.229444050897,3274054.3,NA,166383.5,15.69,-1,0.185925165716262,0.496873640789614,0.753652554121787,0.599585206122483,11,1.33333333333333,0.5,"O15","de-protonated",0,NA,"C30 H40 O15",30,40,15,NA,NA,NA,NA,NA,NA,NA,NA
5691,639.267698,639.265725747888,639.265829560281,2167109.8,NA,162467.3,9.59,-1,-0.162393152189583,0.995226349717962,0,0.597135809830777,10,1.41935483870968,0.451612903225806,"O14","de-protonated",0,NA,"C31 H44 O14",31,44,14,NA,NA,NA,NA,NA,NA,NA,NA
5693,641.153392,641.151411829817,641.151193728507,2402607,NA,183029,10.89,-1,0.34017141757707,0.979222270569719,0,0.587533362341831,17,0.967741935483871,0.483870967741935,"O15","de-protonated",0,NA,"C31 H30 O15",31,30,15,NA,NA,NA,NA,NA,NA,NA,NA
5694,641.166279,641.164298775704,641.164080888129,1994031,NA,203038.6,8.64,-1,0.339831225995746,0.97926337403036,0,0.587558024418216,12,1.25,0.535714285714286,"P1 O15","de-protonated",0,NA,"C28 H35 O15 P1",28,35,15,NA,1,NA,NA,NA,NA,NA,NA
5695,641.174593,641.172612740793,641.172323096606,2560814.8,NA,157877.9,11.76,-1,0.451741563069735,0.96364885096322,0,0.578189310577932,12,1.21428571428571,0.607142857142857,"O17","de-protonated",0,NA,"C28 H34 O17",28,34,17,NA,NA,NA,NA,NA,NA,NA,NA
5696,641.189876,641.18789567662,641.187579237891,1832750.6,NA,181972.1,7.75,-1,0.493519742480412,0.95676836748377,0,0.574061020490262,16,1.0625,0.4375,"O14","de-protonated",0,NA,"C32 H34 O14",32,34,14,NA,NA,NA,NA,NA,NA,NA,NA
5697,641.203018,641.201037621436,641.201335777438,3035438.5,NA,185187.6,14.38,-1,-0.464995915315961,0.961526596449996,0,0.576915957869998,10,1.43333333333333,0.3,"S2 P1 O9","de-protonated",0,NA,"C30 H43 O9 S2 P1",30,43,9,NA,1,2,NA,NA,NA,NA,NA
5698,641.210948,641.208967588138,641.20870860599,2630958.5,NA,172194.6,12.15,-1,0.403896803502743,0.970833594247709,0,0.582500156548625,11,1.31034482758621,0.551724137931034,"O16","de-protonated",0,NA,"C29 H38 O16",29,38,16,NA,NA,NA,NA,NA,NA,NA,NA
5699,641.225881,641.223900525434,641.223964747275,2106158.3,NA,177783.8,9.26,-1,-0.100155085745409,0.998181536164339,0,0.598908921698603,15,1.15151515151515,0.393939393939394,"O13","de-protonated",0,NA,"C33 H38 O13",33,38,13,NA,NA,NA,NA,NA,NA,NA,NA
5700,641.239271,641.237290469209,641.237048611389,2660654,NA,170845.6,12.31,-1,0.377173808517974,0.974517399922559,0,0.584710439953535,2,2.1,0.95,"N4 O19","de-protonated",0,NA,"C20 H42 O19 N4",20,42,19,4,NA,NA,NA,NA,NA,NA,NA
5702,643.09601,643.094021672721,643.094072774216,1760534.8,NA,199866.1,7.35,-1,-0.0794619282148318,0.998854953128361,0,0.599312971877017,18,0.827586206896552,0.586206896551724,"O17","de-protonated",0,NA,"C29 H24 O17",29,24,17,NA,NA,NA,NA,NA,NA,NA,NA
5703,643.132483,643.13049451957,643.1304582836,2115350.3,NA,162566.8,9.31,-1,0.0563431094277822,0.999424148668352,0,0.599654489201011,17,0.933333333333333,0.533333333333333,"O16","de-protonated",0,NA,"C30 H28 O16",30,28,16,NA,NA,NA,NA,NA,NA,NA,NA
5704,643.168728,643.166739367377,643.166843792985,2256149.8,NA,209527.3,10.08,-1,-0.162361615843099,0.995228199169741,0,0.597136919501844,16,1.03225806451613,0.483870967741935,"O15","de-protonated",0,NA,"C31 H32 O15",31,32,15,NA,NA,NA,NA,NA,NA,NA,NA
5706,643.190125,643.18813627753,643.187973161084,2004245.5,NA,156369.4,8.69,-1,0.253606181811539,0.98839776012905,0,0.59303865607743,11,1.28571428571429,0.607142857142857,"O17","de-protonated",0,NA,"C28 H36 O17",28,36,17,NA,NA,NA,NA,NA,NA,NA,NA
5707,643.205631,643.20364221242,643.203718559739,2867477.3,NA,195907.3,13.45,-1,-0.118698504118421,0.498723386867992,0.723929522638802,0.588805841176316,19,1.05714285714286,0.171428571428571,"N2 S1 P1 O6","de-protonated",0,NA,"C35 H37 O6 S1 N2 P1",35,37,6,2,1,1,NA,NA,NA,NA,NA
5709,643.242076,643.240087059387,643.240104069124,2388244.8,NA,191446.4,10.81,-1,-0.0264438378449246,0.999873125236109,0,0.599923875141665,18,1.13888888888889,0.138888888888889,"N2 S1 P1 O5","de-protonated",0,NA,"C36 H41 O5 S1 N2 P1",36,41,5,2,1,1,NA,NA,NA,NA,NA
5710,643.254843,643.252854005778,643.252698675867,2069268.8,NA,149388.6,9.05,-1,0.241475722867002,0.989475407102793,0,0.593685244261676,1,2.2,0.95,"N4 O19","de-protonated",0,NA,"C20 H44 O19 N4",20,44,19,4,NA,NA,NA,NA,NA,NA,NA
5714,645.112281,645.110284206355,645.110592218619,1917692.8,NA,193432.6,8.22,-1,-0.47745653010595,0.959479909502148,0,0.575687945701289,16,1,0.4,"S2 O12","de-protonated",0,NA,"C30 H30 O12 S2",30,30,12,NA,NA,2,NA,NA,NA,NA,NA
5715,645.147938,645.14594105663,645.146108348078,2982140.3,NA,180235.7,14.08,-1,-0.259307846901182,0.98787341572174,0,0.592724049433044,16,1,0.533333333333333,"O16","de-protonated",0,NA,"C30 H30 O16",30,30,16,NA,NA,NA,NA,NA,NA,NA,NA
5716,645.160995,645.158998001803,645.158862565919,2067196.1,NA,189215,9.04,-1,0.209926411178341,0.992035605243289,0,0.595221363145974,24,0.789473684210526,0.210526315789474,"S1 O8","de-protonated",0,NA,"C38 H30 O8 S1",38,30,8,NA,NA,1,NA,NA,NA,NA,NA
5717,645.184811,645.182813901799,645.182493857463,3074299.8,NA,188231.2,14.59,-1,0.496052418912089,0.956333367672108,0,0.573800020603265,15,1.09677419354839,0.483870967741935,"O15","de-protonated",0,NA,"C31 H34 O15",31,34,15,NA,NA,NA,NA,NA,NA,NA,NA
5719,645.220972,645.218974749959,645.218879366847,2981115.3,NA,191433.5,14.08,-1,0.147830627280999,0.996042491237164,0,0.597625494742298,14,1.1875,0.4375,"O14","de-protonated",0,NA,"C32 H38 O14",32,38,14,NA,NA,NA,NA,NA,NA,NA,NA
5720,645.257641,645.255643595985,645.255754133602,3345658.8,NA,177252,16.09,-1,-0.171308223484022,0.497344633424595,0.718264051224716,0.585712400544643,17,1.19444444444444,0.138888888888889,"N2 S1 P1 O5","de-protonated",0,NA,"C36 H43 O5 S1 N2 P1",36,43,5,2,1,1,NA,NA,NA,NA,NA
5721,645.270623,645.268625541473,645.268348740345,1799418.6,NA,194675.4,7.57,-1,0.428970564165888,0.96716185874134,0,0.580297115244804,0,2.3,0.95,"N4 O19","de-protonated",0,NA,"C20 H46 O19 N4",20,46,19,4,NA,NA,NA,NA,NA,NA,NA
5722,645.307394,645.305396387071,645.305406925163,1742586.1,NA,202794.5,7.25,-1,-0.0163303949671946,0.999951612108498,0,0.599970967265099,6,1.71875,0.21875,"S2 P1 O7","de-protonated",0,NA,"C32 H55 O7 S2 P1",32,55,7,NA,1,2,NA,NA,NA,NA,NA
5723,646.22419,646.222188537424,646.222011651773,1839342.1,NA,191416,7.79,-1,0.273722726837422,0.986497107924113,0,0.591898264754468,17,1.16666666666667,0.111111111111111,"N1 S2 P1 O4","de-protonated",0,NA,"C36 H42 O4 S2 N1 P1",36,42,4,1,1,2,NA,NA,NA,NA,NA
5727,647.090803,647.088797898497,647.088987393788,2190050.8,NA,180572.6,9.72,-1,-0.292842707069519,0.984559970607623,0,0.590735982364574,17,0.857142857142857,0.642857142857143,"O18","de-protonated",0,NA,"C28 H24 O18",28,24,18,NA,NA,NA,NA,NA,NA,NA,NA
5728,647.127519,647.125513744326,647.125372903172,2100450.3,NA,210597.8,9.23,-1,0.217641216755764,0.991442022962481,0,0.594865213777488,16,0.96551724137931,0.586206896551724,"O17","de-protonated",0,NA,"C29 H28 O17",29,28,17,NA,NA,NA,NA,NA,NA,NA,NA
5729,647.16389,647.161884591603,647.161758412556,3363041.8,NA,171461.1,16.18,-1,0.194972964693916,0.496563030534928,0.753652554121788,0.599398839969672,15,1.06666666666667,0.533333333333333,"O16","de-protonated",0,NA,"C30 H32 O16",30,32,16,NA,NA,NA,NA,NA,NA,NA,NA
5730,647.200113,647.198107439502,647.198143921941,4395233.5,NA,173591.7,21.87,-1,-0.0563698139879721,0.984049742623198,0.967864418926244,0.977575613144417,14,1.16129032258065,0.483870967741935,"O15","de-protonated",0,NA,"C31 H36 O15",31,36,15,NA,NA,NA,NA,NA,NA,NA,NA
5731,647.213637,647.211631382714,647.211900461488,1780449.1,NA,179120.8,7.46,-1,-0.415750658552984,0.969123568808803,0,0.581474141285282,8,1.55172413793103,0.344827586206897,"S2 P1 O10","de-protonated",0,NA,"C29 H45 O10 S2 P1",29,45,10,NA,1,2,NA,NA,NA,NA,NA
5732,647.23714,647.235134284024,647.23539881125,3847392.8,NA,156447.8,18.85,-1,-0.40870327302029,0.485072908508323,0.73553288925895,0.585256900808574,12,1.33333333333333,0.272727272727273,"S2 O9","de-protonated",0,NA,"C33 H44 O9 S2",33,44,9,NA,NA,2,NA,NA,NA,NA,NA
5733,647.273067,647.271061133166,647.270914940709,2888928.5,NA,181596.6,13.57,-1,0.225859765416481,0.990786531165022,0,0.594471918699013,12,1.33333333333333,0.393939393939394,"O13","de-protonated",0,NA,"C33 H44 O13",33,44,13,NA,NA,NA,NA,NA,NA,NA,NA
5734,647.395034,647.393027621024,647.392825686703,1739998.8,NA,180766.6,7.24,-1,0.311919307055141,0.982501109747476,0,0.589500665848486,17,1.27272727272727,0.0454545454545455,"S1 O2","de-protonated",0,NA,"C44 H56 O2 S1",44,56,2,NA,NA,1,NA,NA,NA,NA,NA
5737,649.070987,649.06897358366,649.069121328807,1720008.9,NA,151712.5,7.13,-1,-0.227626213638853,0.990642529625154,0,0.594385517775092,16,0.928571428571429,0.5,"S2 O14","de-protonated",0,NA,"C28 H26 O14 S2",28,26,14,NA,NA,2,NA,NA,NA,NA,NA
5738,649.106888,649.104874432911,649.104637458266,2730696.3,NA,155164.3,12.7,-1,0.365079267609517,0.976106087793259,0,0.585663652675955,16,0.928571428571429,0.642857142857143,"O18","de-protonated",0,NA,"C28 H26 O18",28,26,18,NA,NA,NA,NA,NA,NA,NA,NA
5739,649.143285,649.14127128008,649.14102296765,2949320,NA,168212.7,13.9,-1,0.382524629897904,0.973798869836516,0,0.584279321901909,15,1.03448275862069,0.586206896551724,"O17","de-protonated",0,NA,"C29 H30 O17",29,30,17,NA,NA,NA,NA,NA,NA,NA,NA
5740,649.179808,649.177794126719,649.177897734405,3778759.5,NA,174146,18.47,-1,-0.159598295767394,0.497694436389171,0.73553288925895,0.592829817537083,18,1.06060606060606,0.242424242424242,"N2 S1 P1 O8","de-protonated",0,NA,"C33 H35 O8 S1 N2 P1",33,35,8,2,1,1,NA,NA,NA,NA,NA
5741,649.216063,649.214048974483,649.213793986419,4680903,NA,162664.4,23.44,-1,0.392764397121868,0.486198570420746,0.747514279669976,0.590724854120438,13,1.2258064516129,0.483870967741935,"O15","de-protonated",0,NA,"C31 H38 O15",31,38,15,NA,NA,NA,NA,NA,NA,NA,NA
5742,649.252348,649.250333822122,649.250179495803,3049670.5,NA,192188,14.46,-1,0.237699308474605,0.494900173843716,0.741475186234395,0.593530178799987,12,1.3125,0.4375,"O14","de-protonated",0,NA,"C32 H42 O14",32,42,14,NA,NA,NA,NA,NA,NA,NA,NA
5743,649.289058,649.287043667975,649.287054262558,1851078,NA,153543.2,7.85,-1,-0.0163172547183408,0.999951689945901,0,0.599971013967541,15,1.30555555555556,0.138888888888889,"N2 S1 P1 O5","de-protonated",0,NA,"C36 H47 O5 S1 N2 P1",36,47,5,2,1,1,NA,NA,NA,NA,NA
5744,649.302284,649.300269612439,649.300321544735,1750213.8,NA,184730.4,7.3,-1,-0.0799819340423951,0.998839926241882,0,0.599303955745129,5,1.7741935483871,0.258064516129032,"S2 P1 O8","de-protonated",0,NA,"C31 H55 O8 S2 P1",31,55,8,NA,1,2,NA,NA,NA,NA,NA
5746,651.122745,651.120722968283,651.120643838332,2008238.3,NA,188490.4,8.72,-1,0.121528861878021,0.997323724029491,0,0.598394234417694,32,0.571428571428571,0.0476190476190476,"N2 S2 O2","de-protonated",0,NA,"C42 H24 O2 S2 N2",42,24,2,2,NA,2,NA,NA,NA,NA,NA
5747,651.159046,651.157023815854,651.157029347717,3593389.8,NA,175617.5,17.45,-1,-0.00849543506072423,0.499993452247759,0.680959722489882,0.572379960344608,31,0.651162790697674,0.0232558139534884,"N2 S2 O1","de-protonated",0,NA,"C43 H28 O1 S2 N2",43,28,1,2,NA,2,NA,NA,NA,NA,NA
5748,651.19501,651.192987664841,651.193058541512,3546285.3,NA,160820,17.19,-1,-0.108841257596374,0.49892639566414,0.753652554121787,0.600816859047199,13,1.2,0.533333333333333,"O16","de-protonated",0,NA,"C30 H36 O16",30,36,16,NA,NA,NA,NA,NA,NA,NA,NA
5749,651.223966,651.221943543254,651.222071222345,2037933,NA,204492.2,8.88,-1,-0.196060754643086,0.993049413092703,0,0.595829647855622,11,1.40625,0.25,"S2 P1 O8","de-protonated",0,NA,"C32 H45 O8 S2 P1",32,45,8,NA,1,2,NA,NA,NA,NA,NA
5750,651.231814,651.2297915103,651.229933308267,3821740.8,NA,164181.4,18.71,-1,-0.217738712146116,0.495717193428093,0.72968508002065,0.589304348065116,16,1.20588235294118,0.205882352941176,"N2 S1 P1 O7","de-protonated",0,NA,"C34 H41 O7 S1 N2 P1",34,41,7,2,1,1,NA,NA,NA,NA,NA
5751,651.267906,651.265883358749,651.265829560281,2788524.5,NA,167066.3,13.02,-1,0.0826060046052963,0.998762605369322,0,0.599257563221593,11,1.375,0.4375,"O14","de-protonated",0,NA,"C32 H44 O14",32,44,14,NA,NA,NA,NA,NA,NA,NA,NA
5752,653.101267,653.099236660426,653.099552077837,1818261.3,NA,157025.6,7.67,-1,-0.482954567637628,0.958561055422774,0,0.575136633253665,15,0.962962962962963,0.703703703703704,"O19","de-protonated",0,NA,"C27 H26 O19",27,26,19,NA,NA,NA,NA,NA,NA,NA,NA
5753,653.138031,653.136000506053,653.135937587222,2277524.8,NA,187456.7,10.2,-1,0.0963334389400318,0.998317549247889,0,0.598990529548733,14,1.07142857142857,0.642857142857143,"O18","de-protonated",0,NA,"C28 H30 O18",28,30,18,NA,NA,NA,NA,NA,NA,NA,NA
5754,653.174355,653.172324353527,653.172323096606,2818196.3,NA,169417.1,13.18,-1,0.00192433360390656,0.999999328084886,0,0.599999596850932,13,1.17241379310345,0.586206896551724,"O17","de-protonated",0,NA,"C29 H34 O17",29,34,17,NA,NA,NA,NA,NA,NA,NA,NA
5755,653.203081,653.201050232906,653.201335777438,2740372,NA,166575.5,12.75,-1,-0.437146276993023,0.965919988766275,0,0.579551993259765,11,1.38709677419355,0.290322580645161,"S2 P1 O9","de-protonated",0,NA,"C31 H43 O9 S2 P1",31,43,9,NA,1,2,NA,NA,NA,NA,NA
5756,653.211083,653.209052199306,653.209197863361,3602580,NA,177301.4,17.5,-1,-0.222997556529185,0.495508760849473,0.73553288925895,0.591518412213264,16,1.18181818181818,0.242424242424242,"N2 S1 P1 O8","de-protonated",0,NA,"C33 H39 O8 S1 N2 P1",33,39,8,2,1,1,NA,NA,NA,NA,NA
5757,653.239051,653.237020081868,653.236718965116,1972371.6,NA,175014.3,8.52,-1,0.460961154093977,0.96217863163422,0,0.577307178980532,24,0.904761904761905,0.119047619047619,"S1 O5","de-protonated",0,NA,"C42 H38 O5 S1",42,38,5,NA,NA,1,NA,NA,NA,NA,NA
5758,653.247153,653.245122047847,653.245094115375,2670739.5,NA,176445,12.37,-1,0.0427595592936675,0.999668297892385,0,0.599800978735431,11,1.35483870967742,0.483870967741935,"O15","de-protonated",0,NA,"C31 H42 O15",31,42,15,NA,NA,NA,NA,NA,NA,NA,NA
5759,653.283659,653.281627894557,653.281479624759,1899155,NA,139902.6,8.12,-1,0.226961582777435,0.990696839772084,0,0.59441810386325,10,1.4375,0.4375,"O14","de-protonated",0,NA,"C32 H46 O14",32,46,14,NA,NA,NA,NA,NA,NA,NA,NA
5760,655.153968,655.151929041089,655.151943967289,1933948.4,NA,157533.9,8.31,-1,-0.0227828064336679,0.999905822356862,0,0.599943493414117,30,0.666666666666667,0.0476190476190476,"N2 S2 O2","de-protonated",0,NA,"C42 H28 O2 S2 N2",42,28,2,2,NA,2,NA,NA,NA,NA,NA
5761,655.169502,655.167462975861,655.16771317291,2036860.3,NA,168875.2,8.88,-1,-0.381882446427306,0.973885611202661,0,0.584331366721597,16,1.09090909090909,0.303030303030303,"S2 O10","de-protonated",0,NA,"C33 H36 O10 S2",33,36,10,NA,NA,2,NA,NA,NA,NA,NA
5763,655.19026,655.188220888698,655.187973161084,2437244,NA,184824.1,11.08,-1,0.378101588882267,0.974393501341772,0,0.584636100805063,12,1.24137931034483,0.586206896551724,"O17","de-protonated",0,NA,"C29 H36 O17",29,36,17,NA,NA,NA,NA,NA,NA,NA,NA
5764,655.206114,655.204074822126,655.204370008362,1700475.8,NA,188372,7.02,-1,-0.450525437518571,0.963840730807587,0,0.578304438484552,29,0.75,0.0909090909090909,"P1 O4","de-protonated",0,NA,"C44 H33 O4 P1",44,33,4,NA,1,NA,NA,NA,NA,NA,NA
5765,655.218834,655.216794768715,655.216985841916,2686075.8,NA,186633,12.45,-1,-0.291618205233005,0.984687831907104,0,0.590812699144262,10,1.45161290322581,0.290322580645161,"S2 P1 O9","de-protonated",0,NA,"C31 H45 O9 S2 P1",31,45,9,NA,1,2,NA,NA,NA,NA,NA
5766,655.226505,655.224465736504,655.224358670468,1932923.6,NA,155603,8.3,-1,0.16340362571938,0.99516690210111,0,0.597100141260666,11,1.33333333333333,0.533333333333333,"O16","de-protonated",0,NA,"C30 H40 O16",30,40,16,NA,NA,NA,NA,NA,NA,NA,NA
5767,655.255017,655.252977616782,655.252698675867,2022523.3,NA,164531.6,8.8,-1,0.425699756389174,0.967652559560388,0,0.580591535736233,2,2.0952380952381,0.904761904761905,"N4 O19","de-protonated",0,NA,"C21 H44 O19 N4",21,44,19,4,NA,NA,NA,NA,NA,NA,NA
5768,656.303728,656.301684213221,656.3017615759,1760623.1,NA,131722.2,7.35,-1,-0.117876690080975,0.997481961687027,0,0.598489177012216,22,1.02380952380952,0.142857142857143,"N1 O6","de-protonated",0,NA,"C42 H43 O6 N1",42,43,6,1,NA,NA,NA,NA,NA,NA,NA
5770,657.038515,657.036468127834,657.036789628673,2472038.8,NA,165156.7,11.27,-1,-0.489319386866452,0.957485322329281,0,0.574491193397569,15,1,0.565217391304348,"N4 S2 P1 O13","de-protonated",0,NA,"C23 H23 O13 S2 N4 P1",23,23,13,4,1,2,NA,NA,NA,NA,NA
5771,657.112193,657.110145818459,657.110079154283,1827942,NA,165157.8,7.72,-1,0.101450545465067,0.99813423414923,0,0.598880540489538,35,0.5,0.0227272727272727,"N2 S2 O1","de-protonated",0,NA,"C44 H22 O1 S2 N2",44,22,1,2,NA,2,NA,NA,NA,NA,NA
5772,657.148354,657.146306666618,657.146108348078,2221157.8,NA,195169.2,9.89,-1,0.301787588849509,0.983610223265444,0,0.590166133959266,17,0.967741935483871,0.516129032258065,"O16","de-protonated",0,NA,"C31 H30 O16",31,30,16,NA,NA,NA,NA,NA,NA,NA,NA
5773,657.16186,657.159812609906,657.159864887626,1713253.5,NA,160056.3,7.09,-1,-0.0795509932679075,0.998852386308178,0,0.599311431784907,11,1.3448275862069,0.379310344827586,"S2 P1 O11","de-protonated",0,NA,"C29 H39 O11 S2 P1",29,39,11,NA,1,2,NA,NA,NA,NA,NA
5774,657.184665,657.182617514147,657.182493857463,3100773.3,NA,162354.3,14.74,-1,0.188161865942592,0.496798210243226,0.741475186234394,0.594669000639693,16,1.0625,0.46875,"O15","de-protonated",0,NA,"C32 H34 O15",32,34,15,NA,NA,NA,NA,NA,NA,NA,NA
5776,657.221591,657.219543359094,657.219748746772,2880612.8,NA,179113.2,13.52,-1,-0.312509900702028,0.491217683766614,0.72968508002065,0.586604642268228,14,1.23529411764706,0.264705882352941,"S2 O9","de-protonated",0,NA,"C34 H42 O9 S2",34,42,9,NA,NA,2,NA,NA,NA,NA,NA
5778,657.241971,657.239923273518,657.240008734946,2010724.6,NA,168243.7,8.73,-1,-0.130030776066941,0.996936766420704,0,0.598162059852422,10,1.4,0.533333333333333,"O16","de-protonated",0,NA,"C30 H42 O16",30,42,16,NA,NA,NA,NA,NA,NA,NA,NA
5779,657.257713,657.255665207417,657.255754133602,2594916.5,NA,176377.3,11.95,-1,-0.135299210824656,0.996683933101377,0,0.598010359860827,18,1.16216216216216,0.135135135135135,"N2 S1 P1 O5","de-protonated",0,NA,"C37 H43 O5 S1 N2 P1",37,43,5,2,1,1,NA,NA,NA,NA,NA
5780,657.35144,657.349391813855,657.349165263099,1783395.4,NA,173560.1,7.48,-1,0.34464295058853,0.978678339623378,0,0.587207003774027,7,1.63636363636364,0.393939393939394,"O13","de-protonated",0,NA,"C33 H54 O13",33,54,13,NA,NA,NA,NA,NA,NA,NA,NA
5781,659.127791,659.125735354918,659.125729218761,3440720.8,NA,163088.4,16.61,-1,0.00930954003932185,0.499992137206571,0.675944524151125,0.570373091984392,34,0.545454545454545,0.0227272727272727,"N2 S2 O1","de-protonated",0,NA,"C44 H24 O1 S2 N2",44,24,1,2,NA,2,NA,NA,NA,NA,NA
5782,659.148322,659.146266268708,659.146502271271,6645840.5,NA,161566.5,34.27,-1,-0.358042654681294,0.488503857014605,0.772687513667176,0.602177319675634,12,1.18518518518519,0.703703703703704,"O19","de-protonated",0,NA,"C27 H32 O19",27,32,19,NA,NA,NA,NA,NA,NA,NA,NA
5783,659.164322,659.162266201523,659.162247669927,2601040.3,NA,184120.4,11.98,-1,0.0281138624535569,0.999856595190178,0,0.599913957114107,20,0.970588235294118,0.235294117647059,"N2 S1 P1 O8","de-protonated",0,NA,"C34 H33 O8 S1 N2 P1",34,33,8,2,1,1,NA,NA,NA,NA,NA
5785,659.200645,659.198589049002,659.198633179311,3597392,NA,173424.1,17.47,-1,-0.0669453885833496,0.499593567344449,0.723929522638802,0.58932794946219,19,1.05714285714286,0.2,"N2 S1 P1 O7","de-protonated",0,NA,"C35 H37 O7 S1 N2 P1",35,37,7,2,1,1,NA,NA,NA,NA,NA
5786,659.213693,659.211636994214,659.211900461488,1782863.9,NA,191976,7.48,-1,-0.399670082144323,0.971432085910682,0,0.582859251546409,9,1.5,0.333333333333333,"S2 P1 O10","de-protonated",0,NA,"C30 H45 O10 S2 P1",30,45,10,NA,1,2,NA,NA,NA,NA,NA
5787,659.236675,659.234618897712,659.234529431325,2484303.8,NA,189522.1,11.34,-1,0.135712531324574,0.996663675784293,0,0.597998205470576,14,1.21212121212121,0.424242424242424,"O14","de-protonated",0,NA,"C33 H40 O14",33,40,14,NA,NA,NA,NA,NA,NA,NA,NA
5788,659.24975,659.247693842809,659.247416590947,1886287.5,NA,176428.4,8.05,-1,0.420558132664179,0.968416831210305,0,0.581050098726183,9,1.5,0.466666666666667,"P1 O14","de-protonated",0,NA,"C30 H45 O14 P1",30,45,14,NA,1,NA,NA,NA,NA,NA,NA
5789,659.273186,659.271129744401,659.270914940709,2697295.3,NA,143044.6,12.51,-1,0.325820064396462,0.980921974515195,0,0.588553184709117,13,1.29411764705882,0.382352941176471,"O13","de-protonated",0,NA,"C34 H44 O13",34,44,13,NA,NA,NA,NA,NA,NA,NA,NA
5790,659.330161,659.328104505162,659.328429818193,1754190.8,NA,178192.1,7.32,-1,-0.493400581995668,0.956788783905323,0,0.574073270343194,7,1.625,0.4375,"O14","de-protonated",0,NA,"C32 H52 O14",32,52,14,NA,NA,NA,NA,NA,NA,NA,NA
5794,661.107301,661.105237042912,661.105506838191,2083901.9,NA,200722.5,9.14,-1,-0.408097159469925,0.970232969607573,0,0.582139781764544,16,1,0.433333333333333,"S2 O13","de-protonated",0,NA,"C30 H30 O13 S2",30,30,13,NA,NA,2,NA,NA,NA,NA,NA
5795,661.143315,661.141250891688,661.14102296765,2352701.5,NA,132017.8,10.62,-1,0.344743451348284,0.978666036280354,0,0.587199621768212,16,1,0.566666666666667,"O17","de-protonated",0,NA,"C30 H30 O17",30,30,17,NA,NA,NA,NA,NA,NA,NA,NA
5796,661.179869,661.177804738197,661.177897734405,3534909.3,NA,180004.8,17.13,-1,-0.140652323596569,0.498208410891923,0.72968508002065,0.590799078543414,19,1.02941176470588,0.235294117647059,"N2 S1 P1 O8","de-protonated",0,NA,"C34 H35 O8 S1 N2 P1",34,35,8,2,1,1,NA,NA,NA,NA,NA
5797,661.216141,661.21407658589,661.213793986419,4130876.8,NA,165681.2,20.41,-1,0.42739500299514,0.48369933452906,0.741475186234394,0.586809675211194,14,1.1875,0.46875,"O15","de-protonated",0,NA,"C32 H38 O15",32,38,15,NA,NA,NA,NA,NA,NA,NA,NA
5799,661.252727,661.250662432265,661.250668753173,2904124.5,NA,199823,13.65,-1,-0.00955902034617808,0.499991710143663,0.718264051224716,0.587300646576084,17,1.19444444444444,0.166666666666667,"N2 S1 P1 O6","de-protonated",0,NA,"C36 H43 O6 S1 N2 P1",36,43,6,2,1,1,NA,NA,NA,NA,NA
5805,663.086422,663.084349732539,663.084258328948,2062381.3,NA,170772.3,9.02,-1,0.137846117610006,0.99655813018671,0,0.597934878112026,34,0.476190476190476,0.0714285714285714,"N2 S2 O3","de-protonated",0,NA,"C42 H20 O3 S2 N2",42,20,3,2,NA,2,NA,NA,NA,NA,NA
5806,663.122693,663.120620580236,663.120643838332,2351149,NA,200540.5,10.61,-1,-0.0350737027485303,0.499888406577415,0.680959722489882,0.572316932942401,33,0.558139534883721,0.0465116279069767,"N2 S2 O2","de-protonated",0,NA,"C43 H24 O2 S2 N2",43,24,2,2,NA,2,NA,NA,NA,NA,NA
5807,663.15902,663.156947427698,663.156673032128,3275820.8,NA,177769.4,15.7,-1,0.413771860302688,0.484706127947999,0.753652554121787,0.592284698417515,15,1.06666666666667,0.566666666666667,"O17","de-protonated",0,NA,"C30 H32 O17",30,32,17,NA,NA,NA,NA,NA,NA,NA,NA
5808,663.195495,663.193422274539,663.193547798883,5124140.5,NA,170136.9,25.89,-1,-0.189272564940083,0.496760422128192,0.72968508002065,0.589930285285175,18,1.08823529411765,0.235294117647059,"N2 S1 P1 O8","de-protonated",0,NA,"C34 H37 O8 S1 N2 P1",34,37,8,2,1,1,NA,NA,NA,NA,NA
5809,663.223792,663.221719155719,663.221398546911,1710124.3,NA,183345.8,7.08,-1,0.483411434681712,0.958484268425081,0,0.575090561055049,5,1.81818181818182,0.863636363636364,"N4 O19","de-protonated",0,NA,"C22 H40 O19 N4",22,40,19,4,NA,NA,NA,NA,NA,NA,NA
5810,663.231856,663.229783121858,663.229933308267,4736044,NA,155141.8,23.75,-1,-0.22644697007327,0.495369392087228,0.723929522638802,0.586793444307857,17,1.17142857142857,0.2,"N2 S1 P1 O7","de-protonated",0,NA,"C35 H41 O7 S1 N2 P1",35,41,7,2,1,1,NA,NA,NA,NA,NA
5811,663.260547,663.258474001384,663.258456731729,1771564,NA,158331.5,7.41,-1,0.0260375950829349,0.999876993275466,0,0.59992619596528,11,1.44117647058824,0.205882352941176,"S2 P1 O7","de-protonated",0,NA,"C34 H49 O7 S2 P1",34,49,7,NA,1,2,NA,NA,NA,NA,NA
5812,663.268219,663.266145969169,663.265829560281,3194924,NA,153693.8,15.26,-1,0.477046870576821,0.47977399366278,0.73553288925895,0.582077551901248,12,1.33333333333333,0.424242424242424,"O14","de-protonated",0,NA,"C33 H44 O14",33,44,14,NA,NA,NA,NA,NA,NA,NA,NA
5816,665.138637,665.136556115243,665.136806967147,3407903,NA,154352.5,16.43,-1,-0.377143321339901,0.487260733186716,0.753652554121788,0.593817461560745,14,1.13333333333333,0.433333333333333,"S2 O13","de-protonated",0,NA,"C30 H34 O13 S2",30,34,13,NA,NA,2,NA,NA,NA,NA,NA
5817,665.174691,665.172609963851,665.172323096606,4220959,NA,177663.6,20.91,-1,0.431267560692912,0.483407579243051,0.753652554121787,0.591505569194546,14,1.13333333333333,0.566666666666667,"O17","de-protonated",0,NA,"C30 H34 O17",30,34,17,NA,NA,NA,NA,NA,NA,NA,NA
5818,665.203069,665.200987844691,665.200663102005,1895454.6,NA,173072.2,8.1,-1,0.488187556330181,0.957677556595448,0,0.574606533957269,5,1.80952380952381,0.952380952380952,"N4 O20","de-protonated",0,NA,"C21 H38 O20 N4",21,38,20,4,NA,NA,NA,NA,NA,NA,NA
5819,665.211064,665.20898281112,665.20870860599,4202526.5,NA,167858.2,20.81,-1,0.412209170071955,0.983550672988674,0.93923148642813,0.965822998364457,13,1.2258064516129,0.516129032258065,"O16","de-protonated",0,NA,"C31 H38 O16",31,38,16,NA,NA,NA,NA,NA,NA,NA,NA
5820,665.239314,665.237232692498,665.237048611389,2084894.4,NA,171859.3,9.14,-1,0.276715057844245,0.986202324797994,0,0.591721394878796,4,1.90909090909091,0.863636363636364,"N4 O19","de-protonated",0,NA,"C22 H42 O19 N4",22,42,19,4,NA,NA,NA,NA,NA,NA,NA
5821,665.247327,665.245245658851,665.245094115375,4144158.3,NA,158453.2,20.49,-1,0.22780096794968,0.495314111873753,0.741475186234394,0.59377854161801,12,1.3125,0.46875,"O15","de-protonated",0,NA,"C32 H42 O15",32,42,15,NA,NA,NA,NA,NA,NA,NA,NA
5822,665.369831,665.367749144454,665.368007183075,1896989.6,NA,176881,8.11,-1,-0.387813388033566,0.97307925912815,0,0.58384755547689,3,1.90909090909091,0.212121212121212,"S2 P1 O7","de-protonated",0,NA,"C33 H63 O7 S2 P1",33,63,7,NA,1,2,NA,NA,NA,NA,NA
5824,667.117669,667.115579805243,667.115558457904,2343444.3,NA,146413.8,10.57,-1,0.0319994626321391,0.499907110022349,0.686049898068144,0.574364225240667,32,0.571428571428571,0.0714285714285714,"N2 S2 O3","de-protonated",0,NA,"C42 H24 O3 S2 N2",42,24,3,2,NA,2,NA,NA,NA,NA,NA
5825,667.153908,667.151818653075,667.1515876517,2472980,NA,173730,11.28,-1,0.346250207236056,0.978481167199548,0,0.587088700319729,14,1.10344827586207,0.620689655172414,"O18","de-protonated",0,NA,"C29 H32 O18",29,32,18,NA,NA,NA,NA,NA,NA,NA,NA
5826,667.182139,667.180049534532,667.179730952607,2607124,NA,164867.9,12.02,-1,0.477505402497967,0.959471784237218,0,0.575683070542331,13,1.23333333333333,0.5,"P1 O15","de-protonated",0,NA,"C30 H37 O15 P1",30,37,15,NA,1,NA,NA,NA,NA,NA,NA
5827,667.190228,667.188138500567,667.187973161084,3730452,NA,161172.1,18.21,-1,0.247815442338298,0.494459319701224,0.753652554121788,0.598136613469449,13,1.2,0.566666666666667,"O17","de-protonated",0,NA,"C30 H36 O17",30,36,17,NA,NA,NA,NA,NA,NA,NA,NA
5828,667.218748,667.21665838081,667.216985841916,1902099.9,NA,202394.1,8.13,-1,-0.490786524885501,0.957235533347265,0,0.574341320008359,11,1.40625,0.28125,"S2 P1 O9","de-protonated",0,NA,"C32 H45 O9 S2 P1",32,45,9,NA,1,2,NA,NA,NA,NA,NA
5829,667.226823,667.224733346903,667.224847927839,3515411.8,NA,164782.7,17.02,-1,-0.171727620330772,0.497331650568046,0.72968508002065,0.590273022349088,16,1.20588235294118,0.235294117647059,"N2 S1 P1 O8","de-protonated",0,NA,"C34 H41 O8 S1 N2 P1",34,41,8,2,1,1,NA,NA,NA,NA,NA
5830,667.255129,667.253039228046,667.253371351301,2346003.8,NA,185813.1,10.58,-1,-0.497746836418326,0.956041210946852,0,0.573624726568111,10,1.48484848484848,0.242424242424242,"S2 P1 O8","de-protonated",0,NA,"C33 H49 O8 S2 P1",33,49,8,NA,1,2,NA,NA,NA,NA,NA
5831,667.263358,667.261268193492,667.261233437223,2126867.5,NA,201263.6,9.37,-1,0.0520879489860782,0.999507822851922,0,0.599704693711153,15,1.28571428571429,0.2,"N2 S1 P1 O7","de-protonated",0,NA,"C35 H45 O7 S1 N2 P1",35,45,7,2,1,1,NA,NA,NA,NA,NA
5832,668.222146,668.22005216752,668.220096900032,1764367.8,NA,166802.5,7.37,-1,-0.0669427809645347,0.99918719798646,0,0.599512318791876,16,1.21212121212121,0.242424242424242,"N3 S1 P1 O8","de-protonated",0,NA,"C33 H40 O8 S1 N3 P1",33,40,8,3,1,1,NA,NA,NA,NA,NA
5833,669.133629,669.131531340183,669.131859971005,2208780.8,NA,162309.3,9.82,-1,-0.491130136695477,0.478588466373975,0.647339012549234,0.546088684844079,40,0.44,0.02,"S1 O1","de-protonated",0,NA,"C50 H22 O1 S1",50,22,1,NA,NA,1,NA,NA,NA,NA,NA
5834,669.169895,669.167797187901,669.168107096103,2496524.8,NA,182075.2,11.41,-1,-0.463124585304808,0.961829663214424,0,0.577097797928654,12,1.26666666666667,0.433333333333333,"S2 O13","de-protonated",0,NA,"C30 H38 O13 S2",30,38,13,NA,NA,2,NA,NA,NA,NA,NA
5835,669.18553,669.183432122249,669.183634563456,2119692.8,NA,189285,9.33,-1,-0.302519661013271,0.983531269812247,0,0.590118761887348,30,0.704545454545455,0.113636363636364,"P1 O5","de-protonated",0,NA,"C44 H31 O5 P1",44,31,5,NA,1,NA,NA,NA,NA,NA,NA
5837,669.206059,669.203961036048,669.203979541151,2304524.8,NA,158462.2,10.35,-1,-0.027652410381523,0.499930631917189,0.675944524151125,0.570336188810763,29,0.772727272727273,0.0227272727272727,"N2 S2 O1","de-protonated",0,NA,"C44 H34 O1 S2 N2",44,34,1,2,NA,2,NA,NA,NA,NA,NA
5838,669.221849,669.219750969745,669.22002007284,2063372.6,NA,186297,9.02,-1,-0.40211453119517,0.971086681595587,0,0.582652008957352,29,0.777777777777778,0.0888888888888889,"P1 O4","de-protonated",0,NA,"C45 H35 O4 P1",45,35,4,NA,1,NA,NA,NA,NA,NA,NA
5839,669.234375,669.232276917148,669.231963230961,3652620.5,NA,152059.4,17.78,-1,0.46872565028259,0.960919198554053,0,0.576551519132432,3,2,0.952380952380952,"N4 O20","de-protonated",0,NA,"C21 H42 O20 N4",21,42,20,4,NA,NA,NA,NA,NA,NA,NA
5840,669.242314,669.240215883812,669.240008734946,1848844.5,NA,178779.9,7.84,-1,0.309528514574473,0.982766015854659,0,0.589659609512795,11,1.35483870967742,0.516129032258065,"O16","de-protonated",0,NA,"C31 H42 O16",31,42,16,NA,NA,NA,NA,NA,NA,NA,NA
5841,669.257896,669.255797818383,669.255754133602,1882124.5,NA,195660.4,8.02,-1,0.0652736730818365,0.999227208976537,0,0.599536325385922,19,1.13157894736842,0.131578947368421,"N2 S1 P1 O5","de-protonated",0,NA,"C38 H43 O5 S1 N2 P1",38,43,5,2,1,1,NA,NA,NA,NA,NA
5842,669.271108,669.269009762906,669.269021415779,1984012.5,NA,175089.1,8.58,-1,-0.0174113439498912,0.999944994454844,0,0.599966996672906,9,1.54545454545455,0.242424242424242,"S2 P1 O8","de-protonated",0,NA,"C33 H51 O8 S2 P1",33,51,8,NA,1,2,NA,NA,NA,NA,NA
5843,671.127177,671.125070969231,671.125372903172,1758217.3,NA,161492.5,7.34,-1,-0.44989200746051,0.963940483389326,0,0.578364290033596,18,0.903225806451613,0.548387096774194,"O17","de-protonated",0,NA,"C31 H28 O17",31,28,17,NA,NA,NA,NA,NA,NA,NA,NA
5844,671.164211,671.162104813724,671.162247669927,2110473.3,NA,198619.3,9.28,-1,-0.212848983978406,0.991813219241202,0,0.595087931544721,21,0.942857142857143,0.228571428571429,"N2 S1 P1 O8","de-protonated",0,NA,"C35 H33 O8 S1 N2 P1",35,33,8,2,1,1,NA,NA,NA,NA,NA
5845,671.185443,671.18333672457,671.183244096244,2165257.3,NA,168344.7,9.58,-1,0.138007506448511,0.996550079982437,0,0.597930047989462,29,0.744186046511628,0.0465116279069767,"N2 S2 O2","de-protonated",0,NA,"C43 H32 O2 S2 N2",43,32,2,2,NA,2,NA,NA,NA,NA,NA
5846,671.200211,671.198104662559,671.198143921941,2966537.3,NA,148169.9,14,-1,-0.0584914926625544,0.499689705236007,0.73553288925895,0.594026978845184,16,1.09090909090909,0.454545454545455,"O15","de-protonated",0,NA,"C33 H36 O15",33,36,15,NA,NA,NA,NA,NA,NA,NA,NA
5848,671.236853,671.234746508699,671.234529431325,2580489,NA,179538.3,11.87,-1,0.323400189352569,0.981201637632665,0,0.588720982579599,15,1.17647058823529,0.411764705882353,"O14","de-protonated",0,NA,"C34 H40 O14",34,40,14,NA,NA,NA,NA,NA,NA,NA,NA
5849,671.250548,671.248441451193,671.248285970872,2569225,NA,175032.7,11.81,-1,0.231628629917189,0.990312179575506,0,0.594187307745303,9,1.53125,0.28125,"S2 P1 O9","de-protonated",0,NA,"C32 H49 O9 S2 P1",32,49,9,NA,1,2,NA,NA,NA,NA,NA
5850,671.270005,671.267898369493,671.26803289471,13086729,NA,154445.5,69.76,-1,-0.200404622639334,0.330913047951575,0.647638284371603,0.457603142519586,23,1,0.121951219512195,"N2 P1 O5","de-protonated",0,NA,"C41 H41 O5 N2 P1",41,41,5,2,1,NA,NA,NA,NA,NA,NA
5852,673.106543,673.104428657829,673.104637458266,1895433.3,NA,165426.6,8.1,-1,-0.310205018556559,0.982691256973551,0,0.58961475418413,18,0.866666666666667,0.6,"O18","de-protonated",0,NA,"C30 H26 O18",30,26,18,NA,NA,NA,NA,NA,NA,NA,NA
5853,673.143779,673.141664501474,673.141892347575,2204169.3,NA,176039.1,9.8,-1,-0.338481535152675,0.979426061349055,0,0.587655636809433,16,1.0625,0.375,"S2 O12","de-protonated",0,NA,"C32 H34 O12 S2",32,34,12,NA,NA,2,NA,NA,NA,NA,NA
5854,673.180151,673.178036348747,673.17827785696,2880521.3,NA,179084.4,13.52,-1,-0.358758177799188,0.976916795210616,0,0.58615007712637,15,1.15151515151515,0.333333333333333,"S2 O11","de-protonated",0,NA,"C33 H38 O11 S2",33,38,11,NA,NA,2,NA,NA,NA,NA,NA
5855,673.216421,673.214306196449,673.214283243789,3172361.5,NA,157331.6,15.13,-1,0.0340941367473881,0.499894552222504,0.718264051224716,0.587242351823389,19,1.08333333333333,0.194444444444444,"N2 S1 P1 O7","de-protonated",0,NA,"C36 H39 O7 S1 N2 P1",36,39,7,2,1,1,NA,NA,NA,NA,NA
5856,673.229762,673.22764714043,673.227550525966,2203657.5,NA,185644,9.8,-1,0.143509373225542,0.996270048769713,0,0.597762029261828,9,1.51612903225806,0.32258064516129,"S2 P1 O10","de-protonated",0,NA,"C31 H47 O10 S2 P1",31,47,10,NA,1,2,NA,NA,NA,NA,NA
5857,673.252668,673.250553044247,673.250668753173,3598345.5,NA,164863.4,17.48,-1,-0.171866040031274,0.497327358751986,0.712686567164179,0.583471042116863,18,1.16216216216216,0.162162162162162,"N2 S1 P1 O6","de-protonated",0,NA,"C37 H43 O6 S1 N2 P1",37,43,6,2,1,1,NA,NA,NA,NA,NA
5858,673.266886,673.264770984545,673.264784188465,3577865.5,NA,165270.2,17.37,-1,-0.0196117785018882,0.499965106652353,0.753652554121787,0.601440085640127,9,1.53333333333333,0.433333333333333,"N2 S1 O13","de-protonated",0,NA,"C30 H46 O13 S1 N2",30,46,13,2,NA,1,NA,NA,NA,NA,NA
5859,673.288742,673.286626892771,673.286565005187,2295305.5,NA,145939.1,10.3,-1,0.0919186383163401,0.998468108050657,0,0.599080864830394,13,1.31428571428571,0.371428571428571,"O13","de-protonated",0,NA,"C35 H46 O13",35,46,13,NA,NA,NA,NA,NA,NA,NA,NA
5860,674.270615,674.268495769865,674.268567922014,1875467,NA,144975.7,7.99,-1,-0.107008026422603,0.997924439273872,0,0.598754663564323,21,1.0952380952381,0.0238095238095238,"N1 S2 P1 O1","de-protonated",0,NA,"C42 H46 O1 S2 N1 P1",42,46,1,1,1,2,NA,NA,NA,NA,NA
5862,674.927609,674.925487011133,674.925310624948,3836940.5,NA,166828.2,18.79,-1,0.261341784024662,0.98768361559815,0,0.59261016935889,22,0.347826086956522,0.739130434782609,"N4 S2 O17","de-protonated",0,NA,"C23 H8 O17 S2 N4",23,8,17,4,NA,2,NA,NA,NA,NA,NA
5863,675.123036,675.12091319053,675.121156902669,2057229.1,NA,156236.8,8.99,-1,-0.3609902256038,0.976632065812864,0,0.585979239487718,16,1.03225806451613,0.419354838709677,"S2 O13","de-protonated",0,NA,"C31 H32 O13 S2",31,32,13,NA,NA,2,NA,NA,NA,NA,NA
5864,675.159069,675.156946039227,675.156673032128,3703821.3,NA,163568.8,18.06,-1,0.40436110603437,0.485383744582493,0.747514279669976,0.590235958617486,16,1.03225806451613,0.548387096774194,"O17","de-protonated",0,NA,"C31 H32 O17",31,32,17,NA,NA,NA,NA,NA,NA,NA,NA
5865,675.195471,675.193347886374,675.193058541512,3634189.3,NA,146930.6,17.68,-1,0.428536487847085,0.483613591271332,0.741475186234394,0.586758229256557,15,1.125,0.5,"O16","de-protonated",0,NA,"C32 H36 O16",32,36,16,NA,NA,NA,NA,NA,NA,NA,NA
5866,675.231862,675.229738733568,675.229444050897,3479565.5,NA,157116.6,16.83,-1,0.43641857383352,0.483015705189582,0.73553288925895,0.584022578817329,14,1.21212121212121,0.454545454545455,"O15","de-protonated",0,NA,"C33 H40 O15",33,40,15,NA,NA,NA,NA,NA,NA,NA,NA
5867,675.268354,675.266230580337,675.266318817651,2712077.5,NA,148387.2,12.6,-1,-0.130670391644203,0.498453301628905,0.712686567164179,0.584146607843015,17,1.21621621621622,0.162162162162162,"N2 S1 P1 O6","de-protonated",0,NA,"C37 H45 O6 S1 N2 P1",37,45,6,2,1,1,NA,NA,NA,NA,NA
5868,675.305185,675.303061425683,675.303355775658,1919245.6,NA,121667,8.23,-1,-0.435878147082015,0.966114045511872,0,0.579668427307123,25,0.978260869565217,0.0652173913043478,"P1 O3","de-protonated",0,NA,"C46 H45 O3 P1",46,45,3,NA,1,NA,NA,NA,NA,NA,NA
5873,677.138279,677.13614772848,677.135937587222,2726932.8,NA,165586.6,12.68,-1,0.310338363556737,0.982676502743704,0,0.589605901646222,16,1,0.6,"O18","de-protonated",0,NA,"C30 H30 O18",30,30,18,NA,NA,NA,NA,NA,NA,NA,NA
5874,677.174698,677.172566575556,677.172323096606,3694613,NA,160663.4,18.01,-1,0.359552424131377,0.4884078353515,0.747514279669976,0.59205041307889,15,1.09677419354839,0.548387096774194,"O17","de-protonated",0,NA,"C31 H34 O17",31,34,17,NA,NA,NA,NA,NA,NA,NA,NA
5875,677.211173,677.209041422397,677.20870860599,3956757,NA,162467.4,19.45,-1,0.491453229110373,0.478560898725764,0.741475186234394,0.583726613729216,14,1.1875,0.5,"O16","de-protonated",0,NA,"C32 H38 O16",32,38,16,NA,NA,NA,NA,NA,NA,NA,NA
5876,677.239175,677.237043304816,677.236718965116,1929749.3,NA,143532.1,8.29,-1,0.478916295084011,0.959236887902438,0,0.575542132741463,26,0.863636363636364,0.113636363636364,"S1 O5","de-protonated",0,NA,"C44 H38 O5 S1",44,38,5,NA,NA,1,NA,NA,NA,NA,NA
5877,677.247499,677.245367269863,677.245094115375,2864149.3,NA,175390.3,13.43,-1,0.403331808462478,0.970913939048231,0,0.582548363428939,13,1.27272727272727,0.454545454545455,"O15","de-protonated",0,NA,"C33 H42 O15",33,42,15,NA,NA,NA,NA,NA,NA,NA,NA
5878,677.283659,677.281527118027,677.281479624759,3225621.5,NA,152474,15.43,-1,0.0701233817433798,0.499554081177467,0.72968508002065,0.59160648071474,12,1.35294117647059,0.411764705882353,"O14","de-protonated",0,NA,"C34 H46 O14",34,46,14,NA,NA,NA,NA,NA,NA,NA,NA
5880,679.117666,679.115526416991,679.115202142315,1902624,NA,182632.2,8.14,-1,0.47749582738371,0.959473376205065,0,0.575684025723039,16,0.96551724137931,0.655172413793103,"O19","de-protonated",0,NA,"C29 H28 O19",29,28,19,NA,NA,NA,NA,NA,NA,NA,NA
5881,679.153891,679.151751264881,679.1515876517,2507808.3,NA,168116.4,11.47,-1,0.240908192603302,0.989524560265042,0,0.593714736159025,15,1.06666666666667,0.6,"O18","de-protonated",0,NA,"C30 H32 O18",30,32,18,NA,NA,NA,NA,NA,NA,NA,NA
5882,679.190292,679.188152112032,679.187973161084,3833888.5,NA,152758.7,18.78,-1,0.263477793370756,0.493741366877414,0.747514279669976,0.595250531994438,14,1.16129032258065,0.548387096774194,"O17","de-protonated",0,NA,"C31 H36 O17",31,36,17,NA,NA,NA,NA,NA,NA,NA,NA
5883,679.226612,679.224471959524,679.224358670468,3604512.8,NA,152711.2,17.51,-1,0.166791803517357,0.497482453015165,0.741475186234395,0.595079546302857,13,1.25,0.5,"O16","de-protonated",0,NA,"C32 H40 O16",32,40,16,NA,NA,NA,NA,NA,NA,NA,NA
5884,679.254995,679.252854840343,679.252698675867,2380833,NA,172366.4,10.77,-1,0.229906301610085,0.990455028766559,0,0.594273017259936,4,1.91304347826087,0.826086956521739,"N4 O19","de-protonated",0,NA,"C23 H44 O19 N4",23,44,19,4,NA,NA,NA,NA,NA,NA,NA
5885,679.263183,679.261042805962,679.260744179853,2491425,NA,176816.9,11.38,-1,0.4396339866359,0.96553778100767,0,0.579322668604602,12,1.33333333333333,0.454545454545455,"O15","de-protonated",0,NA,"C33 H44 O15",33,44,15,NA,NA,NA,NA,NA,NA,NA,NA
5886,679.299965,679.297824651513,679.297999069162,1929249.3,NA,138708.5,8.28,-1,-0.256761611884815,0.988108982231089,0,0.592865389338653,10,1.48571428571429,0.257142857142857,"S2 O9","de-protonated",0,NA,"C35 H52 O9 S2",35,52,9,NA,NA,2,NA,NA,NA,NA,NA
5887,681.13349,681.131341952501,681.131208522382,1803823.3,NA,185661.4,7.59,-1,0.195894883764332,0.993061127877386,0,0.595836676726432,32,0.604651162790698,0.0697674418604651,"N2 S2 O3","de-protonated",0,NA,"C43 H26 O3 S2 N2",43,26,3,2,NA,2,NA,NA,NA,NA,NA
5888,681.169984,681.167835799262,681.168107096103,2548271.5,NA,129342.4,11.69,-1,-0.398281772727596,0.97162737270643,0,0.582976423623858,13,1.2258064516129,0.419354838709677,"S2 O13","de-protonated",0,NA,"C31 H38 O13 S2",31,38,13,NA,NA,2,NA,NA,NA,NA,NA
5889,681.206045,681.203896647841,681.203623225562,2768943.8,NA,169822.2,12.91,-1,0.401381128553511,0.97119052072776,0,0.582714312436656,13,1.2258064516129,0.548387096774194,"O17","de-protonated",0,NA,"C31 H38 O17",31,38,17,NA,NA,NA,NA,NA,NA,NA,NA
5890,681.234909,681.232760526641,681.232635906394,2165808,NA,179396,9.59,-1,0.182933464471021,0.993946280826475,0,0.596367768495885,11,1.42424242424242,0.272727272727273,"S2 P1 O9","de-protonated",0,NA,"C33 H47 O9 S2 P1",33,47,9,NA,1,2,NA,NA,NA,NA,NA
5891,681.242834,681.240685493363,681.240878114872,2443312.3,NA,165182,11.12,-1,-0.282750954479939,0.985598233880135,0,0.591358940328081,11,1.39393939393939,0.333333333333333,"S2 O11","de-protonated",0,NA,"C33 H46 O11 S2",33,46,11,NA,NA,2,NA,NA,NA,NA,NA
5892,681.278617,681.27646834311,681.276394244331,1830960.5,NA,113564.3,7.94,-1,0.108764635962084,0.997855810188649,0,0.598713486113189,11,1.39393939393939,0.454545454545455,"O15","de-protonated",0,NA,"C33 H46 O15",33,46,15,NA,NA,NA,NA,NA,NA,NA,NA
5893,683.221917,683.21976018315,683.219629605629,1676355.1,NA,182885.7,7.07,-1,0.191120857089194,0.9933941062922,0,0.59603646377532,29,0.8,0.0222222222222222,"N2 S2 O1","de-protonated",0,NA,"C45 H36 O1 S2 N2",45,36,1,2,NA,2,NA,NA,NA,NA,NA
5894,683.250309,683.248152063931,683.248285970872,2387011.3,NA,165791.9,11.08,-1,-0.195985769482048,0.993054710200145,0,0.595832826120087,10,1.48484848484848,0.272727272727273,"S2 P1 O9","de-protonated",0,NA,"C33 H49 O9 S2 P1",33,49,9,NA,1,2,NA,NA,NA,NA,NA
5895,683.286912,683.284754910234,683.284671480257,1757763.8,NA,136111.3,7.53,-1,0.122101345648799,0.997298484642801,0,0.59837909078568,9,1.55882352941176,0.235294117647059,"S2 P1 O8","de-protonated",0,NA,"C34 H53 O8 S2 P1",34,53,8,NA,1,2,NA,NA,NA,NA,NA
5896,685.180532,685.178366958882,685.178549183027,1673817.4,NA,173217.1,7.05,-1,-0.265951328008525,0.987248117788283,0,0.59234887067297,30,0.704545454545455,0.136363636363636,"P1 O6","de-protonated",0,NA,"C44 H31 O6 P1",44,31,6,NA,1,NA,NA,NA,NA,NA,NA
5897,685.21616,685.213994809279,685.213793986419,1719385.9,NA,148833,7.31,-1,0.293080586666841,0.984535071231255,0,0.590721042738753,16,1.11764705882353,0.441176470588235,"O15","de-protonated",0,NA,"C34 H38 O15",34,38,15,NA,NA,NA,NA,NA,NA,NA,NA
5898,685.229543,685.227377753084,685.227550525966,1855066,NA,187692.6,8.08,-1,-0.252139427102139,0.988530806925248,0,0.593118484155149,10,1.46875,0.3125,"S2 P1 O10","de-protonated",0,NA,"C32 H47 O10 S2 P1",32,47,10,NA,1,2,NA,NA,NA,NA,NA
5899,685.252822,685.250656655335,685.250668753173,2206298.3,NA,150798.7,10.06,-1,-0.0176546174402296,0.999943446671605,0,0.599966068002963,19,1.13157894736842,0.157894736842105,"N2 S1 P1 O6","de-protonated",0,NA,"C38 H43 O6 S1 N2 P1",38,43,6,2,1,1,NA,NA,NA,NA,NA
5900,686.514486,686.51231535758,686.512229802904,1811050.8,NA,180801.5,7.83,-1,0.124622216959212,0.997185942343197,0,0.598311565405918,7,1.78048780487805,0.024390243902439,"N3 S2 O1","de-protonated",0,NA,"C41 H73 O1 S2 N3",41,73,1,3,NA,2,NA,NA,NA,NA,NA
5901,687.122668,687.12049480381,687.120287522744,1721971.1,NA,175955.1,7.32,-1,0.301666346199855,0.983623281344318,0,0.590173968806591,18,0.903225806451613,0.580645161290323,"O18","de-protonated",0,NA,"C31 H28 O18",31,28,18,NA,NA,NA,NA,NA,NA,NA,NA
5902,687.159145,687.156971650642,687.156673032128,2237555.8,NA,176265.4,10.24,-1,0.434571221004444,0.966313489792255,0,0.579788093875353,17,1,0.53125,"O17","de-protonated",0,NA,"C32 H32 O17",32,32,17,NA,NA,NA,NA,NA,NA,NA,NA
5903,687.19501,687.192836500045,687.193058541512,2214004.3,NA,164664.5,10.1,-1,-0.323113665041963,0.981234618244158,0,0.588740770946495,16,1.09090909090909,0.484848484848485,"O16","de-protonated",0,NA,"C33 H36 O16",33,36,16,NA,NA,NA,NA,NA,NA,NA,NA
5904,687.231985,687.229811344786,687.229933308267,2948212.8,NA,147534.7,14.25,-1,-0.177471142512985,0.497150695019297,0.712686567164179,0.58336504387725,19,1.10810810810811,0.189189189189189,"N2 S1 P1 O7","de-protonated",0,NA,"C37 H41 O7 S1 N2 P1",37,41,7,2,1,1,NA,NA,NA,NA,NA
5905,687.268486,687.266312191517,687.266318817651,2757749.3,NA,171838.5,13.18,-1,-0.00964129032302224,0.49999156683706,0.707195036525566,0.582872954712462,18,1.18421052631579,0.157894736842105,"N2 S1 P1 O6","de-protonated",0,NA,"C38 H45 O6 S1 N2 P1",38,45,6,2,1,1,NA,NA,NA,NA,NA
5906,688.51224,688.510060968967,688.50990387135,3740807.8,NA,157923.5,18.73,-1,0.228170453541581,0.495298970578679,0.656601319334751,0.559819910081108,16,1.39583333333333,0.0416666666666667,"N1 O2","de-protonated",0,NA,"C48 H67 O2 N1",48,67,2,1,NA,NA,NA,NA,NA,NA,NA
5908,689.138737,689.136555338292,689.136806967147,1735825.6,NA,177524.3,7.4,-1,-0.365136287652467,0.976098713373925,0,0.585659228024355,16,1.0625,0.40625,"S2 O13","de-protonated",0,NA,"C32 H34 O13 S2",32,34,13,NA,NA,2,NA,NA,NA,NA,NA
5909,689.175136,689.172954185452,689.173192476531,2218130.3,NA,178995.1,10.13,-1,-0.345763710026499,0.97854094153366,0,0.587124564920196,15,1.15151515151515,0.363636363636364,"S2 O12","de-protonated",0,NA,"C33 H38 O12 S2",33,38,12,NA,NA,2,NA,NA,NA,NA,NA
5910,689.211781,689.209599031578,689.209849311983,3123346.8,NA,169315.8,15.24,-1,-0.363141073826305,0.488178051511596,0.675944524151125,0.563284640567408,28,0.795454545454545,0.136363636363636,"P1 O6","de-protonated",0,NA,"C44 H35 O6 P1",44,35,6,NA,1,NA,NA,NA,NA,NA,NA
5911,689.247845,689.245662880145,689.2459634953,2474131.5,NA,136435,11.57,-1,-0.436150766371869,0.96607237197851,0,0.579643423187106,13,1.31428571428571,0.285714285714286,"S2 O10","de-protonated",0,NA,"C35 H46 O10 S2",35,46,10,NA,NA,2,NA,NA,NA,NA,NA
5912,689.283772,689.281589729287,689.281479624759,1934996,NA,158821.2,8.53,-1,0.159738120186553,0.995380808299234,0,0.597228484979541,13,1.31428571428571,0.4,"O14","de-protonated",0,NA,"C35 H46 O14",35,46,14,NA,NA,NA,NA,NA,NA,NA,NA
5914,690.510305,690.508117579048,690.50792881288,5208232.5,NA,164244.3,27.02,-1,0.273372918508554,0.493265682511799,0.712686567164179,0.581034036372752,2,2,0.216216216216216,"N1 P1 O8","de-protonated",0,NA,"C37 H74 O8 N1 P1",37,74,8,1,1,NA,NA,NA,NA,NA,NA
5916,691.153722,691.151531877325,691.1515876517,2101428,NA,166160.7,9.47,-1,-0.0806977446657926,0.998819081127403,0,0.599291448676442,16,1.03225806451613,0.580645161290323,"O18","de-protonated",0,NA,"C31 H32 O18",31,32,18,NA,NA,NA,NA,NA,NA,NA,NA
5917,691.190373,691.188182723427,691.187973161084,2270388.8,NA,182369.9,10.42,-1,0.303191535645326,0.983458645871463,0,0.590075187522878,15,1.125,0.53125,"O17","de-protonated",0,NA,"C32 H36 O17",32,36,17,NA,NA,NA,NA,NA,NA,NA,NA
5918,691.227319,691.22512856829,691.225228050394,2834613.3,NA,156684.4,13.61,-1,-0.143921402145628,0.996248640222225,0,0.597749184133335,13,1.29411764705882,0.323529411764706,"S2 O11","de-protonated",0,NA,"C34 H44 O11 S2",34,44,11,NA,NA,2,NA,NA,NA,NA,NA
5919,691.26325,691.261059417415,691.260744179853,2054326,NA,164080,9.2,-1,0.456032784614422,0.962967959322307,0,0.577780775593384,13,1.29411764705882,0.441176470588235,"O15","de-protonated",0,NA,"C34 H44 O15",34,44,15,NA,NA,NA,NA,NA,NA,NA,NA
5920,691.300692,691.298501260195,691.29827039523,1863862.6,NA,142500.1,8.12,-1,0.333958545874565,0.979966721642398,0,0.587980032985439,25,0.978260869565217,0.0869565217391304,"P1 O4","de-protonated",0,NA,"C46 H45 O4 P1",46,45,4,NA,1,NA,NA,NA,NA,NA,NA
5921,691.385648,691.383456903463,691.383657247553,1783992.3,NA,162235.8,7.67,-1,-0.289772672693436,0.984879559489855,0,0.590927735693913,4,1.85714285714286,0.2,"S2 P1 O7","de-protonated",0,NA,"C35 H65 O7 S2 P1",35,65,7,NA,1,2,NA,NA,NA,NA,NA
5922,692.508263,692.506067189578,692.505820812628,3398861.3,NA,166537.2,16.8,-1,0.355775997752193,0.488647293376563,0.712686567164179,0.578263002891609,1,2.05405405405405,0.162162162162162,"N1 S1 P1 O6","de-protonated",0,NA,"C37 H76 O6 S1 N1 P1",37,76,6,1,1,1,NA,NA,NA,NA,NA
5924,693.170138,693.16793941035,693.168107096103,2489562.3,NA,153831.3,11.66,-1,-0.241912101317522,0.989437535862868,0,0.593662521517721,14,1.1875,0.40625,"S2 O13","de-protonated",0,NA,"C32 H38 O13 S2",32,38,13,NA,NA,2,NA,NA,NA,NA,NA
5925,693.206589,693.204390257291,693.204492605487,3343579,NA,146576.8,16.49,-1,-0.147645027178607,0.498026201304501,0.73553288925895,0.593028876486281,13,1.27272727272727,0.363636363636364,"S2 O12","de-protonated",0,NA,"C33 H42 O12 S2",33,42,12,NA,NA,2,NA,NA,NA,NA,NA
5926,693.24202,693.239821108516,693.240008734946,1996507.8,NA,156120.8,8.87,-1,-0.270651474416049,0.986796422983795,0,0.592077853790277,13,1.27272727272727,0.484848484848485,"O16","de-protonated",0,NA,"C33 H42 O16",33,42,16,NA,NA,NA,NA,NA,NA,NA,NA
5927,693.279351,693.277151951762,693.277263624256,1718748.5,NA,137917.1,7.3,-1,-0.161079123507159,0.995303109609205,0,0.597181865765523,11,1.42857142857143,0.285714285714286,"S2 O10","de-protonated",0,NA,"C35 H50 O10 S2",35,50,10,NA,NA,2,NA,NA,NA,NA,NA
5928,695.149067,695.146860100783,695.14685858686,2060547.5,NA,161800.1,9.24,-1,0.00217784635577002,0.999999139386575,0,0.599999483631945,32,0.636363636363636,0.0681818181818182,"N2 S2 O3","de-protonated",0,NA,"C44 H28 O3 S2 N2",44,28,3,2,NA,2,NA,NA,NA,NA,NA
5929,695.185696,695.183488946977,695.183757160581,2876676.3,NA,130318.4,13.85,-1,-0.385816845069338,0.973352015558225,0,0.584011209334935,13,1.25,0.40625,"S2 O13","de-protonated",0,NA,"C32 H40 O13 S2",32,40,13,NA,NA,2,NA,NA,NA,NA,NA
5930,695.222263,695.220055793432,695.220142669965,2387205.3,NA,166007.2,11.08,-1,-0.124962624780363,0.997170569848092,0,0.598302341908855,12,1.33333333333333,0.363636363636364,"S2 O12","de-protonated",0,NA,"C33 H44 O12 S2",33,44,12,NA,NA,2,NA,NA,NA,NA,NA
5931,695.258046,695.255838643178,695.255658799424,2096902,NA,162495.2,9.44,-1,0.258672836995842,0.987932376356604,0,0.592759425813962,12,1.33333333333333,0.484848484848485,"O16","de-protonated",0,NA,"C33 H44 O16",33,44,16,NA,NA,NA,NA,NA,NA,NA,NA
5932,697.237572,697.235356331105,697.235279670107,1845555.3,NA,176345.8,8.02,-1,0.109949969623269,0.997808871623728,0,0.598685322974237,29,0.826086956521739,0.0217391304347826,"N2 S2 O1","de-protonated",0,NA,"C46 H38 O1 S2 N2",46,38,1,2,NA,2,NA,NA,NA,NA,NA
5933,699.24515,699.24292590124,699.243200590444,2386277,NA,155052,11.08,-1,-0.392837861994342,0.972386957796088,0,0.583432174677653,10,1.48484848484848,0.303030303030303,"S2 P1 O10","de-protonated",0,NA,"C33 H49 O10 S2 P1",33,49,10,NA,1,2,NA,NA,NA,NA,NA
5934,701.211035,701.208802646446,701.20870860599,2163609.3,NA,109595,9.82,-1,0.13411193282358,0.996741781569784,0,0.59804506894187,16,1.11764705882353,0.470588235294118,"O16","de-protonated",0,NA,"C34 H38 O16",34,38,16,NA,NA,NA,NA,NA,NA,NA,NA
5935,701.247676,701.245443492589,701.245094115375,2373018.3,NA,155450.2,11,-1,0.498224112176621,0.955958753903314,0,0.573575252341989,15,1.2,0.428571428571429,"O15","de-protonated",0,NA,"C35 H42 O15",35,42,15,NA,NA,NA,NA,NA,NA,NA,NA
5936,703.116983,703.114742643328,703.114689077979,1682895.8,NA,150240.9,7.1,-1,0.076182946937163,0.99894745491625,0,0.59936847294975,36,0.454545454545455,0.181818181818182,"N2 O8","de-protonated",0,NA,"C44 H20 O8 N2",44,20,8,2,NA,NA,NA,NA,NA,NA,NA
5937,703.15395,703.151709488102,703.1515876517,1725904.8,NA,175921.5,7.34,-1,0.173271887590361,0.99456715100718,0,0.596740290604308,17,1,0.5625,"O18","de-protonated",0,NA,"C32 H32 O18",32,32,18,NA,NA,NA,NA,NA,NA,NA,NA
5938,703.190996,703.188755332545,703.188842541009,1977809.9,NA,131315.1,8.77,-1,-0.124018554687157,0.997213100623636,0,0.598327860374182,15,1.17647058823529,0.352941176470588,"S2 O12","de-protonated",0,NA,"C34 H40 O12 S2",34,40,12,NA,NA,2,NA,NA,NA,NA,NA
5939,703.226859,703.224618181956,703.224358670468,3042771,NA,159071.5,14.78,-1,0.369030856753804,0.487796217559648,0.72968508002065,0.584551762544049,15,1.17647058823529,0.470588235294118,"O16","de-protonated",0,NA,"C34 H40 O16",34,40,16,NA,NA,NA,NA,NA,NA,NA,NA
5940,703.263146,703.260905029586,703.260744179853,2220500,NA,157202.7,10.14,-1,0.2287199090501,0.990552819412329,0,0.594331691647397,14,1.25714285714286,0.428571428571429,"O15","de-protonated",0,NA,"C35 H44 O15",35,44,15,NA,NA,NA,NA,NA,NA,NA,NA
5941,704.266111,704.263865818114,704.263876464779,1954290.1,NA,136705.3,8.63,-1,-0.0151174370298876,0.999958533139068,0,0.599975119883441,17,1.23076923076923,0.128205128205128,"N1 S2 P1 O5","de-protonated",0,NA,"C39 H48 O5 S2 N1 P1",39,48,5,1,1,2,NA,NA,NA,NA,NA
5942,705.169739,705.16749002376,705.167237716178,1704974.1,NA,157347.7,7.22,-1,0.357798219596686,0.977038733811823,0,0.586223240287094,16,1.0625,0.5625,"O18","de-protonated",0,NA,"C32 H34 O18",32,34,18,NA,NA,NA,NA,NA,NA,NA,NA
5943,705.206274,705.204024870349,705.203979541151,2457103.3,NA,161057.3,11.47,-1,0.0642781367876703,0.499625296621296,0.661332584690248,0.564308211848877,32,0.723404255319149,0.0212765957446809,"N2 S2 O1","de-protonated",0,NA,"C47 H34 O1 S2 N2",47,34,1,2,NA,2,NA,NA,NA,NA,NA
5944,705.242718,705.240468717319,705.240497992317,2595344.5,NA,163600.8,12.26,-1,-0.0415106583398821,0.999687388335433,0,0.59981243300126,18,1.16216216216216,0.216216216216216,"N2 S1 P1 O8","de-protonated",0,NA,"C37 H43 O8 S1 N2 P1",37,43,8,2,1,1,NA,NA,NA,NA,NA
5945,705.278777,705.276527565907,705.276394244331,1797649.6,NA,182392.3,7.75,-1,0.18903450799443,0.993537079532458,0,0.596122247719475,13,1.31428571428571,0.428571428571429,"O15","de-protonated",0,NA,"C35 H46 O15",35,46,15,NA,NA,NA,NA,NA,NA,NA,NA
5946,705.315741,705.313491410694,705.31364913364,1730578.8,NA,151746.4,7.37,-1,-0.223621003698906,0.990967453656085,0,0.594580472193651,11,1.45945945945946,0.243243243243243,"S2 O9","de-protonated",0,NA,"C37 H54 O9 S2",37,54,9,NA,NA,2,NA,NA,NA,NA,NA
5948,707.186011,707.183753557389,707.184028486649,2145871.5,NA,178911.4,9.72,-1,-0.388766217178201,0.972948619810581,0,0.583769171886348,28,0.767441860465116,0.186046511627907,"P1 O8","de-protonated",0,NA,"C43 H33 O8 P1",43,33,8,NA,1,NA,NA,NA,NA,NA,NA
5949,707.222179,707.219921405519,707.220142669965,3017296.8,NA,158197.1,14.64,-1,-0.312865023433299,0.491197889564233,0.72968508002065,0.5865927657468,13,1.29411764705882,0.352941176470588,"S2 O12","de-protonated",0,NA,"C34 H44 O12 S2",34,44,12,NA,NA,2,NA,NA,NA,NA,NA
5950,707.257926,707.255668255416,707.255658799424,1809489.9,NA,125754.6,7.81,-1,0.0133699772744152,0.999967565431601,0,0.599980539258961,13,1.29411764705882,0.470588235294118,"O16","de-protonated",0,NA,"C34 H44 O16",34,44,16,NA,NA,NA,NA,NA,NA,NA,NA
5951,707.294732,707.292474100867,707.292533566179,1839699.1,NA,154453,7.99,-1,-0.0840745647243816,0.998718246224748,0,0.599230947734849,16,1.28947368421053,0.184210526315789,"N2 S1 P1 O7","de-protonated",0,NA,"C38 H49 O7 S1 N2 P1",38,49,7,2,1,1,NA,NA,NA,NA,NA
5952,707.380583,707.378324740377,707.378571867125,1742422,NA,155784.2,7.44,-1,-0.349355716335316,0.978097709674055,0,0.586858625804433,4,1.85714285714286,0.228571428571429,"S2 P1 O8","de-protonated",0,NA,"C35 H65 O8 S2 P1",35,65,8,NA,1,2,NA,NA,NA,NA,NA
5955,709.200736,709.198470097514,709.198537845134,1927316.6,NA,156960.6,8.48,-1,-0.095527015168713,0.998345576299886,0,0.599007345779932,14,1.1875,0.5625,"O18","de-protonated",0,NA,"C32 H38 O18",32,38,18,NA,NA,NA,NA,NA,NA,NA,NA
5956,709.238204,709.235937940185,709.236064060511,2119318,NA,140868.8,9.57,-1,-0.17782559588859,0.994278669571777,0,0.596567201743066,26,0.886363636363636,0.159090909090909,"P1 O7","de-protonated",0,NA,"C44 H39 O7 P1",44,39,7,NA,1,NA,NA,NA,NA,NA,NA
5957,709.273903,709.271636790284,709.271308863902,2675351.3,NA,149606.3,12.71,-1,0.46234265798073,0.961955964551751,0,0.577173578731051,12,1.35294117647059,0.470588235294118,"O16","de-protonated",0,NA,"C34 H46 O16",34,46,16,NA,NA,NA,NA,NA,NA,NA,NA
5958,711.25398,711.251705475897,711.251714124989,2389727,NA,142923.7,11.09,-1,-0.012160380952027,0.499986584329996,0.675944524151125,0.570369760258448,25,0.931818181818182,0.159090909090909,"P1 O7","de-protonated",0,NA,"C44 H41 O7 P1",44,41,7,NA,1,NA,NA,NA,NA,NA,NA
5959,711.282225,711.279950357296,711.279921188607,1731808.1,NA,152064,7.38,-1,0.0410087343915808,0.999694901339335,0,0.599816940803601,29,0.869565217391304,0.0434782608695652,"N4 S1 O2","de-protonated",0,NA,"C46 H40 O2 S1 N4",46,40,2,4,NA,1,NA,NA,NA,NA,NA
5960,713.248265,713.24598210185,713.246234821368,1783083.4,NA,108388.6,7.66,-1,-0.354322960125973,0.977477571846465,0,0.586486543107879,29,0.829787234042553,0.106382978723404,"P1 O5","de-protonated",0,NA,"C47 H39 O5 P1",47,39,5,NA,1,NA,NA,NA,NA,NA,NA
5961,713.283456,713.281172954083,713.281479624759,1920812.8,NA,133000,8.44,-1,-0.429943416387232,0.967015230841837,0,0.580209138505102,15,1.24324324324324,0.378378378378378,"O14","de-protonated",0,NA,"C37 H46 O14",37,46,14,NA,NA,NA,NA,NA,NA,NA,NA
5962,715.226722,715.224430794266,715.224358670468,2078586.8,NA,153742.3,9.33,-1,0.100840801240219,0.998156573607679,0,0.598893944164608,16,1.14285714285714,0.457142857142857,"O16","de-protonated",0,NA,"C35 H40 O16",35,40,16,NA,NA,NA,NA,NA,NA,NA,NA
5963,715.300058,715.297766486326,715.297999069162,1783677.9,NA,172421.1,7.67,-1,-0.325155160957486,0.980999016663771,0,0.588599409998263,13,1.36842105263158,0.236842105263158,"S2 O9","de-protonated",0,NA,"C38 H52 O9 S2",38,52,9,NA,NA,2,NA,NA,NA,NA,NA
5964,717.243035,717.240735327723,717.240878114872,2400207.8,NA,152324,11.15,-1,-0.199078375543638,0.992834584330728,0,0.595700750598437,14,1.27777777777778,0.305555555555556,"S2 O11","de-protonated",0,NA,"C36 H46 O11 S2",36,46,11,NA,NA,2,NA,NA,NA,NA,NA
5965,717.279474,717.277174174715,717.277263624256,2192849.3,NA,145300.2,9.98,-1,-0.124707063542244,0.997182114652973,0,0.598309268791784,13,1.35135135135135,0.27027027027027,"S2 O10","de-protonated",0,NA,"C37 H50 O10 S2",37,50,10,NA,NA,2,NA,NA,NA,NA,NA
5966,719.185661,719.183353170593,719.183244096244,2279973.3,NA,151265.3,10.47,-1,0.151664196367212,0.49791750494193,0.661332584690249,0.563283536841258,33,0.680851063829787,0.0425531914893617,"N2 S2 O2","de-protonated",0,NA,"C47 H32 O2 S2 N2",47,32,2,2,NA,2,NA,NA,NA,NA,NA
5967,719.22248,719.22017201599,719.220413996033,2321446.8,NA,177030.8,10.71,-1,-0.336447685264076,0.489835021368688,0.671002658564373,0.562302076246962,28,0.822222222222222,0.155555555555556,"P1 O7","de-protonated",0,NA,"C45 H37 O7 P1",45,37,7,NA,1,NA,NA,NA,NA,NA,NA
5968,719.258426,719.256117865051,719.256148056795,2666536.5,NA,142777.3,12.66,-1,-0.041976343638956,0.499840168041059,0.707195036525566,0.582782115434862,18,1.18421052631579,0.210526315789474,"N2 S1 P1 O8","de-protonated",0,NA,"C38 H45 O8 S1 N2 P1",38,45,8,2,1,1,NA,NA,NA,NA,NA
5969,719.295603,719.293294708944,719.293185014802,1926186.1,NA,144031.6,8.47,-1,0.152502686237169,0.995788926865525,0,0.597473356119315,26,0.957446808510638,0.106382978723404,"P1 O5","de-protonated",0,NA,"C47 H45 O5 P1",47,45,5,NA,1,NA,NA,NA,NA,NA,NA
5971,721.128658,721.126342011906,721.126636206291,1713790.4,NA,191236.4,7.27,-1,-0.407964939692891,0.970251965239097,0,0.582151179143458,16,1.0625,0.46875,"S2 O15","de-protonated",0,NA,"C32 H34 O15 S2",32,34,15,NA,NA,2,NA,NA,NA,NA,NA
5972,721.200815,721.198498708917,721.198537845134,1887361.8,NA,145196.2,8.25,-1,-0.0542655240889097,0.999465822230116,0,0.59967949333807,15,1.15151515151515,0.545454545454545,"O18","de-protonated",0,NA,"C33 H38 O18",33,38,18,NA,NA,NA,NA,NA,NA,NA,NA
5973,721.237044,721.234727556791,721.234923354518,2173059.5,NA,156815.1,9.87,-1,-0.271475660511116,0.986716422941122,0,0.592029853764673,14,1.23529411764706,0.5,"O17","de-protonated",0,NA,"C34 H42 O17",34,42,17,NA,NA,NA,NA,NA,NA,NA,NA
5974,721.273965,721.271648401759,721.271308863902,2327685.3,NA,158393.3,10.74,-1,0.470749151083013,0.960587797172416,0,0.57635267830345,13,1.31428571428571,0.457142857142857,"O16","de-protonated",0,NA,"C35 H46 O16",35,46,16,NA,NA,NA,NA,NA,NA,NA,NA
5977,723.217516,723.215191240745,723.215328615605,2340066.5,NA,148250.9,10.81,-1,-0.189950149242763,0.496737261604776,0.675944524151125,0.568420166623316,27,0.840909090909091,0.181818181818182,"P1 O8","de-protonated",0,NA,"C44 H37 O8 P1",44,37,8,NA,1,NA,NA,NA,NA,NA,NA
5978,723.25368,723.251355088892,723.251714124989,1884900.1,NA,172069.7,8.24,-1,-0.496419283053404,0.956270188753458,0,0.573762113252075,26,0.911111111111111,0.155555555555556,"P1 O7","de-protonated",0,NA,"C45 H41 O7 P1",45,41,7,NA,1,NA,NA,NA,NA,NA,NA
5979,724.872321,724.869989292182,724.869843440987,1678132.6,NA,150837,7.07,-1,0.201210184959814,0.992680868478132,0,0.595608521086879,22,0.304347826086957,0.869565217391304,"N2 S2 P1 O20","de-protonated",0,NA,"C23 H7 O20 S2 N2 P1",23,7,20,2,1,2,NA,NA,NA,NA,NA
5980,725.195993,725.193659933076,725.193452464705,1952581,NA,161847.4,8.62,-1,0.286086933410785,0.985258928463626,0,0.591155357078175,14,1.1875,0.59375,"O19","de-protonated",0,NA,"C32 H38 O19",32,38,19,NA,NA,NA,NA,NA,NA,NA,NA
5981,727.226598,727.224256406521,727.224358670468,2393006.3,NA,133519.6,11.11,-1,-0.140622279993577,0.996418349623395,0,0.597851009774037,17,1.11111111111111,0.444444444444444,"O16","de-protonated",0,NA,"C36 H40 O16",36,40,16,NA,NA,NA,NA,NA,NA,NA,NA
5982,727.26435,727.262008248,727.261884885846,2039728.3,NA,151399.5,9.11,-1,0.169625490574024,0.497396408293398,0.656601319334751,0.561078372709939,29,0.854166666666667,0.104166666666667,"P1 O5","de-protonated",0,NA,"C48 H41 O5 P1",48,41,5,NA,1,NA,NA,NA,NA,NA,NA
5983,729.134429,729.132079395496,729.131992912786,1960980.8,NA,143821.7,8.67,-1,0.118610499667726,0.997450553487359,0,0.598470332092416,32,0.613636363636364,0.204545454545455,"P1 O9","de-protonated",0,NA,"C44 H27 O9 P1",44,27,9,NA,1,NA,NA,NA,NA,NA,NA
5984,731.148383,731.146024938859,731.145989206935,1867396.9,NA,160347.2,8.24,-1,0.0488711214183681,0.999566724296633,0,0.59974003457798,36,0.521739130434783,0.173913043478261,"N2 O8","de-protonated",0,NA,"C46 H24 O8 N2",46,24,8,2,NA,NA,NA,NA,NA,NA,NA
5985,731.221992,731.219633629773,731.21927329004,1720969,NA,197516.3,7.41,-1,0.492792991626996,0.956892815813,0,0.5741356894878,16,1.14285714285714,0.485714285714286,"O17","de-protonated",0,NA,"C35 H40 O17",35,40,17,NA,NA,NA,NA,NA,NA,NA,NA
5986,731.259313,731.256954473062,731.256799505417,1984651.1,NA,142122.3,8.92,-1,0.211919594374314,0.991884266850461,0,0.595130560110277,28,0.872340425531915,0.127659574468085,"P1 O6","de-protonated",0,NA,"C47 H41 O6 P1",47,41,6,NA,1,NA,NA,NA,NA,NA,NA
5987,731.294315,731.291956326087,731.292044308809,1783437.1,NA,180629.4,7.76,-1,-0.120311333886207,0.997377009526427,0,0.598426205715856,14,1.2972972972973,0.405405405405405,"O15","de-protonated",0,NA,"C37 H48 O15",37,48,15,NA,NA,NA,NA,NA,NA,NA,NA
5988,733.168473,733.166106456456,733.16601289649,1943289.3,NA,194122,8.68,-1,0.127610888974784,0.997049552943251,0,0.598229731765951,16,1.18181818181818,0.333333333333333,"N2 S2 P1 O11","de-protonated",0,NA,"C33 H39 O11 S2 N2 P1",33,39,11,2,1,2,NA,NA,NA,NA,NA
5989,733.201787,733.19942031657,733.199678551127,1813243.3,NA,162536.4,7.93,-1,-0.352202222816801,0.977743359125216,0,0.58664601547513,29,0.777777777777778,0.177777777777778,"P1 O8","de-protonated",0,NA,"C45 H35 O8 P1",45,35,8,NA,1,NA,NA,NA,NA,NA,NA
5990,733.237852,733.235485165132,733.235792734443,1970941.4,NA,137326.7,8.84,-1,-0.419468490231764,0.968577684252835,0,0.581146610551701,14,1.27777777777778,0.333333333333333,"S2 O12","de-protonated",0,NA,"C36 H46 O12 S2",36,46,12,NA,NA,2,NA,NA,NA,NA,NA
5991,733.274832,733.272465009853,733.272449569895,1817343.5,NA,149880.7,7.96,-1,0.021056235436917,0.999919555229835,0,0.599951733137901,27,0.914893617021277,0.127659574468085,"P1 O6","de-protonated",0,NA,"C47 H43 O6 P1",47,43,6,NA,1,NA,NA,NA,NA,NA,NA
5993,735.164308,735.161933075901,735.162033194606,1994096.3,NA,159434.3,8.97,-1,-0.13618590215711,0.99664039993227,0,0.597984239959362,30,0.666666666666667,0.261904761904762,"N2 O11","de-protonated",0,NA,"C42 H28 O11 N2",42,28,11,2,NA,NA,NA,NA,NA,NA,NA
5994,735.181029,735.178654005689,735.17894310622,1843057.3,NA,169044.6,8.1,-1,-0.393238318063802,0.972331418538869,0,0.583398851123321,29,0.75,0.204545454545455,"P1 O9","de-protonated",0,NA,"C44 H33 O9 P1",44,33,9,NA,1,NA,NA,NA,NA,NA,NA
5995,735.217068,735.214692854361,735.215057289537,1980275.4,NA,158488.3,8.89,-1,-0.495685137130967,0.956396575902949,0,0.573837945541769,14,1.25714285714286,0.371428571428571,"S2 O13","de-protonated",0,NA,"C35 H44 O13 S2",35,44,13,NA,NA,2,NA,NA,NA,NA,NA
5996,735.253407,735.251031701772,735.250929734585,2515829.5,NA,154764.6,11.96,-1,0.138683521046673,0.498258129090433,0.651937269372697,0.559729785203338,31,0.816326530612245,0.0204081632653061,"N2 S2 O1","de-protonated",0,NA,"C49 H40 O1 S2 N2",49,40,1,2,NA,2,NA,NA,NA,NA,NA
5997,735.291131,735.288755543368,735.288969014299,1771895.9,NA,143621.8,7.7,-1,-0.290322498016421,0.984822562965483,0,0.59089353777929,25,1.02083333333333,0.0208333333333333,"S2 P1 O1","de-protonated",0,NA,"C48 H49 O1 S2 P1",48,49,1,NA,1,2,NA,NA,NA,NA,NA
5998,737.196463,737.194079542837,737.194321844631,1897453.4,NA,154528.1,8.41,-1,-0.328681036073787,0.980588748841483,0,0.58835324930489,14,1.23529411764706,0.411764705882353,"S2 O14","de-protonated",0,NA,"C34 H42 O14 S2",34,42,14,NA,NA,2,NA,NA,NA,NA,NA
5999,737.231993,737.229609393646,737.22983797409,2043887.6,NA,149750,9.25,-1,-0.310053163808472,0.982708051799574,0,0.589624831079744,14,1.23529411764706,0.529411764705882,"O18","de-protonated",0,NA,"C34 H42 O18",34,42,18,NA,NA,NA,NA,NA,NA,NA,NA
6000,737.26954,737.267156235985,737.267364189467,1665009.9,NA,168938.7,7.08,-1,-0.282059795080777,0.985668049130247,0,0.591400829478148,26,0.934782608695652,0.152173913043478,"P1 O7","de-protonated",0,NA,"C46 H43 O7 P1",46,43,7,NA,1,NA,NA,NA,NA,NA,NA
6001,738.171687,738.16929944785,738.169582154718,1692714.9,NA,174929.8,7.24,-1,-0.382983631618769,0.973736786729148,0,0.584242072037489,32,0.723404255319149,0.0425531914893617,"N1 S2 P1 O2","de-protonated",0,NA,"C47 H34 O2 S2 N1 P1",47,34,2,1,1,2,NA,NA,NA,NA,NA
6004,741.243237,741.240836550344,741.241149440939,1935090.8,NA,159389.6,8.63,-1,-0.422117141831566,0.968186011274641,0,0.580911606764784,30,0.8125,0.125,"P1 O6","de-protonated",0,NA,"C48 H39 O6 P1",48,39,6,NA,1,NA,NA,NA,NA,NA,NA
6005,745.201545,745.199127929321,745.199407225059,1660930,NA,159319.4,7.06,-1,-0.374793290898967,0.97483398045002,0,0.584900388270012,16,1.16666666666667,0.361111111111111,"S2 O13","de-protonated",0,NA,"C36 H42 O13 S2",36,42,13,NA,NA,2,NA,NA,NA,NA,NA
6006,745.27467,745.272252622267,745.272449569895,1911815.1,NA,147343.2,8.49,-1,-0.264262590084334,0.987408526814662,0,0.592445116088797,28,0.895833333333333,0.125,"P1 O6","de-protonated",0,NA,"C48 H43 O6 P1",48,43,6,NA,1,NA,NA,NA,NA,NA,NA
6007,747.217507,747.215081464252,747.215328615605,1805458.1,NA,137835.7,7.88,-1,-0.330763226286325,0.980344470406602,0,0.588206682243961,29,0.804347826086957,0.173913043478261,"P1 O8","de-protonated",0,NA,"C46 H37 O8 P1",46,37,8,NA,1,NA,NA,NA,NA,NA,NA
6008,747.291097,747.288671155246,747.288969014299,2080919.5,NA,133477.3,9.46,-1,-0.398586176375937,0.485792304259484,0.651937269372697,0.552250290304769,26,1,0.0204081632653061,"S2 P1 O1","de-protonated",0,NA,"C49 H49 O1 S2 P1",49,49,1,NA,1,2,NA,NA,NA,NA,NA
6009,749.232331,749.229897003961,749.22983797409,1819430.3,NA,119113.9,7.96,-1,0.0787874009338724,0.998874299603894,0,0.599324579762337,15,1.2,0.514285714285714,"O18","de-protonated",0,NA,"C35 H42 O18",35,42,18,NA,NA,NA,NA,NA,NA,NA,NA
6010,749.269282,749.266847848803,749.267092863399,1660713,NA,157309.6,7.05,-1,-0.327005681182299,0.980784222040824,0,0.588470533224494,13,1.35135135135135,0.324324324324324,"S2 O12","de-protonated",0,NA,"C37 H50 O12 S2",37,50,12,NA,NA,2,NA,NA,NA,NA,NA
6011,751.248575,751.246132537708,751.246357418493,2269118.5,NA,158381.5,10.54,-1,-0.299343594555624,0.983872466440894,0,0.590323479864537,13,1.33333333333333,0.361111111111111,"S2 O13","de-protonated",0,NA,"C36 H48 O13 S2",36,48,13,NA,NA,2,NA,NA,NA,NA,NA
6012,752.255868,752.253421308063,752.253491228601,1763596,NA,114982.1,7.64,-1,-0.0929481077017431,0.998433629201589,0,0.599060177520953,22,1.02380952380952,0.238095238095238,"N1 S1 O10","de-protonated",0,NA,"C42 H43 O10 S1 N1",42,43,10,1,NA,1,NA,NA,NA,NA,NA
6016,757.236599,757.234131393863,757.234410290181,1810842.5,NA,154684.3,7.91,-1,-0.368309092386125,0.975686647162743,0,0.585411988297646,35,0.68,0.12,"N2 O6","de-protonated",0,NA,"C50 H34 O6 N2",50,34,6,2,NA,NA,NA,NA,NA,NA,NA
6017,757.402703,757.400234696389,757.400430247195,1936296.3,NA,156895.8,8.63,-1,-0.258186817509406,0.98797740794431,0,0.592786444766586,17,1.34883720930233,0.13953488372093,"N4 S1 O6","de-protonated",0,NA,"C43 H58 O6 S1 N4",43,58,6,4,NA,1,NA,NA,NA,NA,NA
6018,759.253636,759.25115992428,759.251442798921,1681986.9,NA,130722.9,7.17,-1,-0.372570436368506,0.975127875995462,0,0.585076725597277,15,1.26315789473684,0.315789473684211,"S2 O12","de-protonated",0,NA,"C38 H48 O12 S2",38,48,12,NA,NA,2,NA,NA,NA,NA,NA
6019,761.232317,761.229832615755,761.22983797409,1675500,NA,167892.4,7.13,-1,-0.00703905027699191,0.999991009579389,0,0.599994605747633,16,1.16666666666667,0.5,"O18","de-protonated",0,NA,"C36 H42 O18",36,42,18,NA,NA,NA,NA,NA,NA,NA,NA
6020,761.269156,761.266671461067,761.266579799063,1951471.3,NA,108211.7,8.71,-1,0.120407235218719,0.498686415868692,0.642805166454437,0.55633391610299,32,0.823529411764706,0.0196078431372549,"N2 S2 O1","de-protonated",0,NA,"C51 H42 O1 S2 N2",51,42,1,2,NA,2,NA,NA,NA,NA,NA
6021,765.264214,765.26171268573,765.262007482971,1776720.9,NA,117251.5,7.71,-1,-0.385223934136184,0.973432759245837,0,0.584059655547502,13,1.35135135135135,0.351351351351351,"S2 O13","de-protonated",0,NA,"C37 H50 O13 S2",37,50,13,NA,NA,2,NA,NA,NA,NA,NA
6023,767.29699,767.294480150059,767.294764163556,1702667,NA,133965.9,7.29,-1,-0.370149140164059,0.97544611913564,0,0.585267671481384,3,1.93103448275862,0.586206896551724,"N2 S2 O17","de-protonated",0,NA,"C29 H56 O17 S2 N2",29,56,17,2,NA,2,NA,NA,NA,NA,NA
6027,775.284828,775.28228460895,775.282229863541,2861582.8,NA,123328.6,13.92,-1,0.0706135228363142,0.499547828547449,0.638334387137562,0.555062451983494,32,0.846153846153846,0.0192307692307692,"N2 S2 O1","de-protonated",0,NA,"C52 H44 O1 S2 N2",52,44,1,2,NA,2,NA,NA,NA,NA,NA
6028,777.227788,777.225236450418,777.225621973587,1934548.3,NA,144824.3,8.61,-1,-0.496024780693028,0.956338125620654,0,0.573802875372392,15,1.24324324324324,0.378378378378378,"S2 O14","de-protonated",0,NA,"C37 H46 O14 S2",37,46,14,NA,NA,2,NA,NA,NA,NA,NA
6032,787.211611,787.209017528124,787.209102529183,1971975.5,NA,137560.9,8.62,-1,-0.107977738848395,0.997886691100706,0,0.598732014660424,18,1.08108108108108,0.513513513513513,"O19","de-protonated",0,NA,"C37 H40 O19",37,40,19,NA,NA,NA,NA,NA,NA,NA,NA
6033,787.249027,787.246433371014,787.246628744561,2029835.8,NA,133983.5,8.94,-1,-0.248173240375879,0.494443398085994,0.651937269372697,0.557440946600675,30,0.836734693877551,0.163265306122449,"P1 O8","de-protonated",0,NA,"C49 H41 O8 P1",49,41,8,NA,1,NA,NA,NA,NA,NA,NA
6035,791.316061,791.313450293448,791.313173676908,2214623,NA,134825.4,9.98,-1,0.349566454082295,0.978071569924854,0,0.586842941954912,14,1.33333333333333,0.435897435897436,"O17","de-protonated",0,NA,"C39 H52 O17",39,52,17,NA,NA,NA,NA,NA,NA,NA,NA
6037,796.466239,796.463606667737,796.463483998872,1684807.3,NA,148233,7.01,-1,0.154016934807954,0.995705066203701,0,0.597423039722221,4,1.91891891891892,0.351351351351351,"N3 S1 O13","de-protonated",0,NA,"C37 H71 O13 S1 N3",37,71,13,3,NA,1,NA,NA,NA,NA,NA
6040,801.265203,801.262550516781,801.262278809039,1688477.9,NA,131023.3,7.02,-1,0.339099629868969,0.979351635235874,0,0.587610981141524,30,0.86,0.16,"P1 O8","de-protonated",0,NA,"C50 H43 O8 P1",50,43,8,NA,1,NA,NA,NA,NA,NA,NA
6041,807.186233,807.183555654245,807.183675627042,2009248.5,NA,148017.6,8.82,-1,-0.148631347082635,0.995999589793551,0,0.597599753876131,13,1.25,0.75,"O24","de-protonated",0,NA,"C32 H40 O24",32,40,24,NA,NA,NA,NA,NA,NA,NA,NA
6042,807.275682,807.273004278647,807.272843493088,2187948.5,NA,131840.9,9.82,-1,0.19917127096074,0.496413959828022,0.651937269372697,0.558623283645892,28,0.918367346938776,0.183673469387755,"P1 O9","de-protonated",0,NA,"C49 H45 O9 P1",49,45,9,NA,1,NA,NA,NA,NA,NA,NA
6043,825.228185,825.225431895689,825.225621973587,1698977,NA,116104.6,7.06,-1,-0.23033445925474,0.990419615204927,0,0.594251769122956,19,1.1219512195122,0.341463414634146,"S2 O14","de-protonated",0,NA,"C41 H46 O14 S2",41,46,14,NA,NA,2,NA,NA,NA,NA,NA
6047,845.456294,845.453455957412,845.453511192873,1937219.1,NA,140680.1,8.38,-1,-0.0653323456104762,0.499612909806696,0.625287559723934,0.549882769773591,26,1.12727272727273,0.109090909090909,"N2 O6","de-protonated",0,NA,"C55 H62 O6 N2",55,62,6,2,NA,NA,NA,NA,NA,NA,NA
6049,889.48274,889.479717089392,889.479725941401,1908094.3,NA,101765.4,7.87,-1,-0.00995189549011106,0.981741760564492,0.90087304314472,0.949394273596583,26,1.15789473684211,0.12280701754386,"N2 O7","de-protonated",0,NA,"C57 H66 O7 N2",57,66,7,2,NA,NA,NA,NA,NA,NA,NA
6050,890.486511,890.483483874535,890.483371290664,1777228.3,NA,81249.5,7.16,-1,0.126430065786604,0.997103824340147,0,0.598262294604088,11,1.625,0.166666666666667,"N1 S2 P1 O8","de-protonated",0,NA,"C48 H78 O8 S2 N1 P1",48,78,8,1,1,2,NA,NA,NA,NA,NA
