"Index","Mass","Calibrated_Mass","Calculated_Mass","Peak_Height","Peak_Area","Resolving_Power","S_N","Ion_Charge","Error_ppm","Error_Score","Isotopologue_Similarity","Confidence_Score","DBE","HtoC_ratio","OtoC_ratio","Heteroatom_Class","Ion_Type","Is_Isotopologue","Mono_Isotopic_Index","Molecular_Formula","C","H","O","N","P","S","13C","17O","18O","33S","34S"
198,205.108377,205.108188913134,205.108147145921,1259264,NA,467351.1,8.14,-1,0.203635074897036,0.992504058858218,0,0.595502435314931,1,2,0.555555555555556,"O5","de-protonated",0,NA,"C9 H18 O5",9,18,5,NA,NA,NA,NA,NA,NA,NA,NA
222,211.097855,211.097652646735,211.097582461872,1694177.8,NA,571976.5,11.64,-1,0.33247592112531,0.980142430147292,0,0.588085458088375,4,1.45454545454545,0.363636363636364,"O4","de-protonated",0,NA,"C11 H16 O4",11,16,4,NA,NA,NA,NA,NA,NA,NA,NA
228,212.056719,212.056514362807,212.056445924681,1309232.5,NA,527882,8.44,-1,0.322735421320943,0.981278113219825,0,0.588766867931895,5,1.22222222222222,0.555555555555556,"N1 O5","de-protonated",0,NA,"C9 H11 O5 N1",9,11,5,1,NA,NA,NA,NA,NA,NA,NA
233,213.077125,213.076917932291,213.076847016966,3538328.3,NA,540190.5,26.97,-1,0.33281572754998,0.980102225360019,0,0.588061335216011,4,1.4,0.5,"O5","de-protonated",0,NA,"C10 H14 O5",10,14,5,NA,NA,NA,NA,NA,NA,NA,NA
234,213.113521,213.113313845599,213.11323252635,1658789,NA,631354.1,11.34,-1,0.381577664386513,0.973926730593251,0,0.58435603835595,3,1.63636363636364,0.363636363636364,"O4","de-protonated",0,NA,"C11 H18 O4",11,18,4,NA,NA,NA,NA,NA,NA,NA,NA
237,214.108743,214.10853347507,214.108481498543,1505799.1,NA,539447.5,10.07,-1,0.242757907636198,0.989363941740538,0,0.593618365044323,3,1.7,0.4,"N1 O4","de-protonated",0,NA,"C10 H17 O4 N1",10,17,4,1,NA,NA,NA,NA,NA,NA,NA
243,215.092772,215.092560131201,215.092497081443,10868840,NA,511147.1,87.38,-1,0.293128576437379,0.980037437924612,0.969935089294998,0.975996498472766,3,1.6,0.5,"O5","de-protonated",0,NA,"C10 H16 O5",10,16,5,NA,NA,NA,NA,NA,NA,NA,NA
245,215.129189,215.128977044459,215.128882590828,11333750,NA,535275.7,91.22,-1,0.439056020601224,0.971941939313503,0.959856676626065,0.967107834238528,2,1.81818181818182,0.363636363636364,"O4","de-protonated",0,NA,"C11 H20 O4",11,20,4,NA,NA,NA,NA,NA,NA,NA,NA
247,216.12444,216.12422567386,216.124131563021,2171358.3,NA,530749.8,15.5,-1,0.435448086261629,0.966179736781793,0,0.579707842069076,2,1.9,0.4,"N1 O4","de-protonated",0,NA,"C10 H19 O4 N1",10,19,4,1,NA,NA,NA,NA,NA,NA,NA
251,217.072059,217.071842416717,217.071761636537,6252344.5,NA,493806.3,49.22,-1,0.372135827502692,0.975185143959132,0,0.585111086375479,3,1.55555555555556,0.666666666666667,"O6","de-protonated",0,NA,"C9 H14 O6",9,14,6,NA,NA,NA,NA,NA,NA,NA,NA
253,217.108463,217.108246330006,217.108147145922,6980421.5,NA,526962.1,55.24,-1,0.456841834665708,0.962838919698611,0,0.577703351819166,2,1.8,0.5,"O5","de-protonated",0,NA,"C10 H18 O5",10,18,5,NA,NA,NA,NA,NA,NA,NA,NA
257,219.087677,219.087455615696,219.087411701015,2160673.5,NA,466402.9,15.41,-1,0.200443649502771,0.992736325912902,0,0.595641795547741,2,1.77777777777778,0.666666666666667,"O6","de-protonated",0,NA,"C9 H16 O6",9,16,6,NA,NA,NA,NA,NA,NA,NA,NA
259,221.082246,221.082019864811,221.081932397394,9265423,NA,503557.3,73.65,-1,0.395633493413913,0.485999058448495,0.884369916155675,0.645347401531367,6,1.16666666666667,0.333333333333333,"O4","de-protonated",0,NA,"C12 H14 O4",12,14,4,NA,NA,NA,NA,NA,NA,NA,NA
265,223.061437,223.061206150556,223.061196952488,1399809,NA,564202,9.05,-1,0.0412356260930092,0.999691516443489,0,0.599814909866093,6,1.09090909090909,0.454545454545455,"O5","de-protonated",0,NA,"C11 H12 O5",11,12,5,NA,NA,NA,NA,NA,NA,NA,NA
268,225.077126,225.076890349365,225.076847016966,2043404,NA,453211.1,14.23,-1,0.1925226884007,0.9932971719049,0,0.59597830314294,5,1.27272727272727,0.454545454545455,"O5","de-protonated",0,NA,"C11 H14 O5",11,14,5,NA,NA,NA,NA,NA,NA,NA,NA
269,225.113533,225.113297262647,225.11323252635,1413914.1,NA,614382.9,9.1,-1,0.287572153831393,0.985106623019603,0,0.591063973811762,4,1.5,0.333333333333333,"O4","de-protonated",0,NA,"C12 H18 O4",12,18,4,NA,NA,NA,NA,NA,NA,NA,NA
271,227.056436,227.056195634826,227.056111572059,2141458.8,NA,477658.7,15.03,-1,0.370229043721354,0.975435648464724,0,0.585261389078835,5,1.2,0.6,"O6","de-protonated",0,NA,"C10 H12 O6",10,12,6,NA,NA,NA,NA,NA,NA,NA,NA
273,227.092818,227.092577548168,227.092497081443,5664289,NA,533844.5,43.77,-1,0.354334577972627,0.977476111612801,0,0.586485666967681,4,1.45454545454545,0.454545454545455,"O5","de-protonated",0,NA,"C11 H16 O5",11,16,5,NA,NA,NA,NA,NA,NA,NA,NA
274,227.129169,227.128928461583,227.128882590828,3617839.5,NA,468015.8,27.07,-1,0.201959145181072,0.992626481137715,0,0.595575888682629,3,1.66666666666667,0.333333333333333,"O4","de-protonated",0,NA,"C12 H20 O4",12,20,4,NA,NA,NA,NA,NA,NA,NA,NA
275,228.051716,228.051473264159,228.051360544252,1189148.1,NA,539202.3,7.25,-1,0.494274211362095,0.956638995878116,0,0.573983397526869,5,1.22222222222222,0.666666666666667,"N1 O6","de-protonated",0,NA,"C9 H11 O6 N1",9,11,6,1,NA,NA,NA,NA,NA,NA,NA
276,228.160799,228.160556004333,228.160517072405,2574279.5,NA,527246.5,18.55,-1,0.170633938230924,0.994730881538739,0,0.596838528923244,2,1.91666666666667,0.25,"N1 O3","de-protonated",0,NA,"C12 H23 O3 N1",12,23,3,1,NA,NA,NA,NA,NA,NA,NA
279,229.072083,229.071837833736,229.071761636537,7840049.5,NA,491566.9,61.1,-1,0.332634621353164,0.980123658160433,0,0.58807419489626,4,1.4,0.6,"O6","de-protonated",0,NA,"C10 H14 O6",10,14,6,NA,NA,NA,NA,NA,NA,NA,NA
281,229.10847,229.108224747065,229.108147145922,14523712,NA,487066.3,115.25,-1,0.338709665263966,0.985021134579879,0.991491562340118,0.987609305683975,3,1.63636363636364,0.454545454545455,"O5","de-protonated",0,NA,"C11 H18 O5",11,18,5,NA,NA,NA,NA,NA,NA,NA,NA
282,229.144813,229.1445676605,229.144532655306,19526990,NA,473365.2,155.8,-1,0.152764691114474,0.996050130562514,0.989085879676265,0.993264430208014,2,1.83333333333333,0.333333333333333,"O4","de-protonated",0,NA,"C12 H22 O4",12,22,4,NA,NA,NA,NA,NA,NA,NA,NA
286,231.051265,231.051015119502,231.051026191631,1462091.3,NA,580684.9,9.41,-1,-0.0479207090972308,0.999583409058169,0,0.599750045434901,4,1.33333333333333,0.777777777777778,"O7","de-protonated",0,NA,"C9 H12 O7",9,12,7,NA,NA,NA,NA,NA,NA,NA,NA
287,231.087722,231.087472032665,231.087411701015,12595290,NA,465884.4,99.62,-1,0.261077178326497,0.993825789188662,0.985331500467199,0.990428073700077,3,1.6,0.6,"O6","de-protonated",0,NA,"C10 H16 O6",10,16,6,NA,NA,NA,NA,NA,NA,NA,NA
288,231.124104,231.123853946006,231.1237972104,7819368.5,NA,463208,60.92,-1,0.245477129907456,0.989125637786124,0,0.593475382671674,2,1.81818181818182,0.454545454545455,"O5","de-protonated",0,NA,"C11 H20 O5",11,20,5,NA,NA,NA,NA,NA,NA,NA,NA
289,232.044065,232.043812754741,232.043773240379,4161500.5,NA,487315.1,31.28,-1,0.170288395804977,0.994752144360652,0,0.596851286616391,8,0.916666666666667,0.166666666666667,"N1 S1 O2","de-protonated",0,NA,"C12 H11 O2 S1 N1",12,11,2,1,NA,1,NA,NA,NA,NA,NA
291,232.094167,232.093914635403,232.093894062501,3555824.8,NA,498323.5,26.37,-1,0.0886404290236697,0.998575350649015,0,0.599145210389409,3,1.875,0.625,"N3 O5","de-protonated",0,NA,"C8 H15 O5 N3",8,15,5,3,NA,NA,NA,NA,NA,NA,NA
294,233.066953,233.066698318314,233.066676256109,1943420.1,NA,524065.8,13.3,-1,0.0946604864439159,0.998375430549303,0,0.599025258329582,3,1.55555555555556,0.777777777777778,"O7","de-protonated",0,NA,"C9 H14 O7",9,14,7,NA,NA,NA,NA,NA,NA,NA,NA
295,233.103333,233.10307823166,233.103061765493,2979211,NA,513587.1,21.69,-1,0.070638998056487,0.999095004753543,0,0.599457002852126,2,1.8,0.6,"O6","de-protonated",0,NA,"C10 H18 O6",10,18,6,NA,NA,NA,NA,NA,NA,NA,NA
296,233.154979,233.154724108644,233.154703416162,6351776,NA,466405.1,49.02,-1,0.0887500063103177,0.998571828687179,0,0.599143097212307,5,1.46666666666667,0.133333333333333,"O2","de-protonated",0,NA,"C15 H22 O2",15,22,2,NA,NA,NA,NA,NA,NA,NA,NA
298,235.029861,235.029601642843,235.029520156958,1303839.5,NA,417680.7,8.05,-1,0.346704892989589,0.978425228762521,0,0.587055137257513,8,0.888888888888889,0.222222222222222,"N4 S1 O2","de-protonated",0,NA,"C9 H8 O2 S1 N4",9,8,2,4,NA,1,NA,NA,NA,NA,NA
299,235.061518,235.061258567439,235.061196952488,1796908.5,NA,340516.1,12.02,-1,0.262123022389482,0.987610328653616,0,0.592566197192169,7,1,0.416666666666667,"O5","de-protonated",0,NA,"C12 H12 O5",12,12,5,NA,NA,NA,NA,NA,NA,NA,NA
304,237.040784,237.040519853005,237.040461507581,1986014.3,NA,490190.8,13.54,-1,0.246141199739562,0.989067046336657,0,0.593440227801994,7,0.909090909090909,0.545454545454545,"O6","de-protonated",0,NA,"C11 H10 O6",11,10,6,NA,NA,NA,NA,NA,NA,NA,NA
307,237.077154,237.076889766375,237.076847016966,2692589.3,NA,519014.6,19.22,-1,0.180318785954843,0.994117590061772,0,0.596470554037063,6,1.16666666666667,0.416666666666667,"O5","de-protonated",0,NA,"C12 H14 O5",12,14,5,NA,NA,NA,NA,NA,NA,NA,NA
309,238.072414,238.072147395755,238.072095989158,3151755.3,NA,459768.8,22.91,-1,0.215928691565472,0.991575604521492,0,0.594945362712895,6,1.18181818181818,0.454545454545455,"N1 O5","de-protonated",0,NA,"C11 H13 O5 N1",11,13,5,1,NA,NA,NA,NA,NA,NA,NA
310,238.963314,238.963045273711,238.963080565117,1361919.3,NA,380802.3,8.51,-1,-0.147685600021634,0.996050237002873,0,0.597630142201724,12,0.307692307692308,0.0769230769230769,"S2 O1","de-protonated",0,NA,"C13 H4 O1 S2",13,4,1,NA,NA,2,NA,NA,NA,NA,NA
312,239.056412,239.05614305196,239.056111572059,3457318.3,NA,493916.7,25.37,-1,0.131684148336673,0.996858494943473,0,0.598115096966084,6,1.09090909090909,0.545454545454545,"O6","de-protonated",0,NA,"C11 H12 O6",11,12,6,NA,NA,NA,NA,NA,NA,NA,NA
313,239.067674,239.067405025135,239.067344961351,3490091,NA,495951.4,25.63,-1,0.251242105522877,0.988611829720996,0,0.593167097832598,6,1.2,0.5,"N2 O5","de-protonated",0,NA,"C10 H12 O5 N2",10,12,5,2,NA,NA,NA,NA,NA,NA,NA
316,239.092786,239.09251696532,239.092497081443,3678517.5,NA,477878.2,27.15,-1,0.0831639503111732,0.998745843972175,0,0.599247506383305,5,1.33333333333333,0.416666666666667,"O5","de-protonated",0,NA,"C12 H16 O5",12,16,5,NA,NA,NA,NA,NA,NA,NA,NA
318,239.129189,239.128919878611,239.128882590828,17962308,NA,459577.1,142.08,-1,0.15593174338435,0.990979347674696,0.964587965647779,0.980422794863929,4,1.53846153846154,0.307692307692308,"O4","de-protonated",0,NA,"C13 H20 O4",13,20,4,NA,NA,NA,NA,NA,NA,NA,NA
320,240.124468,240.124196507946,240.124131563021,1385958.1,NA,597518,8.63,-1,0.270463967196364,0.986814590406211,0,0.592088754243727,4,1.58333333333333,0.333333333333333,"N1 O4","de-protonated",0,NA,"C12 H19 O4 N1",12,19,4,1,NA,NA,NA,NA,NA,NA,NA
322,241.035731,241.035457337399,241.035376127153,1394789.6,NA,618475.6,8.7,-1,0.336922520302107,0.979613207495499,0,0.587767924497299,6,1,0.7,"O7","de-protonated",0,NA,"C10 H10 O7",10,10,7,NA,NA,NA,NA,NA,NA,NA,NA
323,241.072103,241.071829250764,241.071761636537,4196469,NA,486707.3,31.08,-1,0.280473444162976,0.985827661711756,0,0.591496597027054,5,1.27272727272727,0.545454545454545,"O6","de-protonated",0,NA,"C11 H14 O6",11,14,6,NA,NA,NA,NA,NA,NA,NA,NA
324,241.108485,241.108211164106,241.108147145922,5658756.5,NA,488803.9,42.76,-1,0.265516470769276,0.987289518986381,0,0.592373711391829,4,1.5,0.416666666666667,"O5","de-protonated",0,NA,"C12 H18 O5",12,18,5,NA,NA,NA,NA,NA,NA,NA,NA
326,241.144821,241.144547077557,241.144532655306,3520147.8,NA,453466.8,25.68,-1,0.059807497059667,0.999351180108655,0,0.599610708065193,3,1.69230769230769,0.307692307692308,"O4","de-protonated",0,NA,"C13 H22 O4",13,22,4,NA,NA,NA,NA,NA,NA,NA,NA
330,242.067347,242.067070880183,242.06701060873,3550745.5,NA,484276.5,25.92,-1,0.248986642893726,0.988814238045086,0,0.593288542827052,5,1.3,0.6,"N1 O6","de-protonated",0,NA,"C10 H13 O6 N1",10,13,6,1,NA,NA,NA,NA,NA,NA,NA
331,242.140148,242.139871706777,242.139781627499,5230136,NA,439000.6,39.33,-1,0.372013543831682,0.975201245709058,0,0.585120747425435,3,1.75,0.333333333333333,"N1 O4","de-protonated",0,NA,"C12 H21 O4 N1",12,21,4,1,NA,NA,NA,NA,NA,NA,NA
332,242.176471,242.176194620259,242.176167136883,13359688,NA,459192.9,104.27,-1,0.113485055818129,0.996707771417714,0.990894682010065,0.994382535654654,2,1.92307692307692,0.230769230769231,"N1 O3","de-protonated",0,NA,"C13 H25 O3 N1",13,25,3,1,NA,NA,NA,NA,NA,NA,NA
334,243.087759,243.087480449653,243.087411701015,8283082,NA,463882.5,63.71,-1,0.282814469820265,0.985591809757691,0,0.591355085854614,4,1.45454545454545,0.545454545454545,"O6","de-protonated",0,NA,"C11 H16 O6",11,16,6,NA,NA,NA,NA,NA,NA,NA,NA
335,243.124122,243.123843363039,243.1237972104,10871769,NA,457094.4,84.39,-1,0.189831848152822,0.977700412060348,0.997745745557731,0.985718545459301,3,1.66666666666667,0.416666666666667,"O5","de-protonated",0,NA,"C12 H20 O5",12,20,5,NA,NA,NA,NA,NA,NA,NA,NA
337,243.160467,243.160188276469,243.160182719784,18533352,NA,450116.6,145.59,-1,0.0228519524182392,0.994260863161065,0.986451939898863,0.991137293856184,2,1.84615384615385,0.307692307692308,"O4","de-protonated",0,NA,"C13 H24 O4",13,24,4,NA,NA,NA,NA,NA,NA,NA,NA
345,245.066979,245.066695735328,245.066676256109,3577621.3,NA,487542.2,26.12,-1,0.0794853855488293,0.998854277375407,0,0.599312566425244,4,1.4,0.7,"O7","de-protonated",0,NA,"C10 H14 O7",10,14,7,NA,NA,NA,NA,NA,NA,NA,NA
346,245.103374,245.103090648639,245.103061765493,20094756,NA,434358.1,156.85,-1,0.117840818107155,0.996732907203408,0.987984910546197,0.993233708540523,3,1.63636363636364,0.545454545454545,"O6","de-protonated",0,NA,"C11 H18 O6",11,18,6,NA,NA,NA,NA,NA,NA,NA,NA
347,245.139788,245.139504561904,245.139447274878,7011124.5,NA,453568.6,53.14,-1,0.233691585587589,0.990139703070583,0,0.59408382184235,2,1.83333333333333,0.416666666666667,"O5","de-protonated",0,NA,"C12 H22 O5",12,22,5,NA,NA,NA,NA,NA,NA,NA,NA
350,246.109843,246.10955725132,246.109544126979,4579539.5,NA,484554.6,33.86,-1,0.0533272335454642,0.9994841304505,0,0.5996904782703,3,1.88888888888889,0.555555555555556,"N3 O5","de-protonated",0,NA,"C9 H17 O5 N3",9,17,5,3,NA,NA,NA,NA,NA,NA,NA
351,246.135018,246.134732191355,246.134696247071,1477342.4,NA,547180,9.27,-1,0.146035016873007,0.996137861595558,0,0.597682716957335,2,1.90909090909091,0.454545454545455,"N1 O5","de-protonated",0,NA,"C11 H21 O5 N1",11,21,5,1,NA,NA,NA,NA,NA,NA,NA
355,247.082627,247.082338934235,247.082326320587,5350005,NA,434884.4,39.97,-1,0.0510503873470498,0.99952723073962,0,0.599716338443772,3,1.6,0.7,"O7","de-protonated",0,NA,"C10 H16 O7",10,16,7,NA,NA,NA,NA,NA,NA,NA,NA
358,247.119082,247.118793847403,247.118711829971,5305989,NA,465269.8,39.62,-1,0.331894865491218,0.980211087408157,0,0.588126652444894,2,1.81818181818182,0.545454545454545,"O6","de-protonated",0,NA,"C11 H20 O6",11,20,6,NA,NA,NA,NA,NA,NA,NA,NA
359,248.114311,248.114020476857,248.113960802164,1877809.1,NA,508653.6,12.44,-1,0.240513239222537,0.989558699922073,0,0.593735219953244,2,1.9,0.6,"N1 O6","de-protonated",0,NA,"C10 H19 O6 N1",10,19,6,1,NA,NA,NA,NA,NA,NA,NA
360,249.04074,249.040447270186,249.040461507581,1850304.9,NA,464019.5,12.22,-1,-0.0571690051201799,0.999407147945469,0,0.599644288767281,8,0.833333333333333,0.5,"O6","de-protonated",0,NA,"C12 H10 O6",12,10,6,NA,NA,NA,NA,NA,NA,NA,NA
362,249.077208,249.076915183322,249.076847016966,2213584.8,NA,461649,15.1,-1,0.27367600664784,0.986501685747536,0,0.591901011448522,7,1.07692307692308,0.384615384615385,"O5","de-protonated",0,NA,"C13 H14 O5",13,14,5,NA,NA,NA,NA,NA,NA,NA,NA
364,249.098335,249.098042133,249.097976385065,1647065.9,NA,412747.6,10.61,-1,0.263944074229643,0.987438670216409,0,0.592463202129845,2,1.8,0.7,"O7","de-protonated",0,NA,"C10 H18 O7",10,18,7,NA,NA,NA,NA,NA,NA,NA,NA
367,249.149919,249.149626010131,249.149618035734,2506224,NA,510127.6,17.42,-1,0.0320064594053246,0.99981413880074,0,0.599888483280444,5,1.46666666666667,0.2,"O3","de-protonated",0,NA,"C15 H22 O3",15,22,3,NA,NA,NA,NA,NA,NA,NA,NA
368,249.153345,249.153052001971,249.152989339104,1513201.5,NA,534558,9.55,-1,0.251503571725418,0.988588250016599,0,0.593152950009959,0,2.16666666666667,0.25,"S1 O3","de-protonated",0,NA,"C12 H26 O3 S1",12,26,3,NA,NA,1,NA,NA,NA,NA,NA
369,250.093542,250.093246762506,250.093225357258,1238920.3,NA,548027.6,7.37,-1,0.085589075565242,0.99867168248475,0,0.59920300949085,2,1.88888888888889,0.777777777777778,"N1 O7","de-protonated",0,NA,"C9 H17 O7 N1",9,17,7,1,NA,NA,NA,NA,NA,NA,NA
371,250.145253,250.144957639335,250.144867007927,1621918.8,NA,480535.4,10.41,-1,0.362315680848987,0.976462188996392,0,0.585877313397835,5,1.5,0.214285714285714,"N1 O3","de-protonated",0,NA,"C14 H21 O3 N1",14,21,3,1,NA,NA,NA,NA,NA,NA,NA
375,251.056508,251.056210468807,251.056111572059,2057257.8,NA,469342.3,13.74,-1,0.39392288603906,0.972236352110977,0,0.583341811266586,7,1,0.5,"O6","de-protonated",0,NA,"C12 H12 O6",12,12,6,NA,NA,NA,NA,NA,NA,NA,NA
376,251.059842,251.059544460866,251.059482875429,3510059.3,NA,448869.3,25.17,-1,0.245302173094837,0.989141048606831,0,0.593484629164099,2,1.77777777777778,0.666666666666667,"S1 O6","de-protonated",0,NA,"C9 H16 O6 S1",9,16,6,NA,NA,1,NA,NA,NA,NA,NA
379,251.092862,251.092564382215,251.092497081443,1856825.5,NA,438882.1,12.17,-1,0.268031791301399,0.987049131130729,0,0.592229478678437,6,1.23076923076923,0.384615384615385,"O5","de-protonated",0,NA,"C13 H16 O5",13,16,5,NA,NA,NA,NA,NA,NA,NA,NA
380,251.096245,251.095947374157,251.095868384814,1612091,NA,465283.8,10.24,-1,0.314578428832052,0.982204162726695,0,0.589322497636017,1,2,0.5,"S1 O5","de-protonated",0,NA,"C10 H20 O5 S1",10,20,5,NA,NA,1,NA,NA,NA,NA,NA
382,251.11392,251.113622332057,251.113626449543,1959746.6,NA,492694.5,12.98,-1,-0.0163969036141803,0.999951217177703,0,0.599970730306622,1,2,0.7,"O7","de-protonated",0,NA,"C10 H20 O7",10,20,7,NA,NA,NA,NA,NA,NA,NA,NA
384,251.12924,251.128942295566,251.128882590828,1786697.4,NA,575808.4,11.62,-1,0.237745406618873,0.989796411425104,0,0.593877846855062,5,1.42857142857143,0.285714285714286,"O4","de-protonated",0,NA,"C14 H20 O4",14,20,4,NA,NA,NA,NA,NA,NA,NA,NA
389,252.978979,252.978676889654,252.978730629595,4328557.5,NA,444508.4,31.6,-1,-0.212428692342688,0.991845386503229,0,0.595107231901937,12,0.428571428571429,0.0714285714285714,"S2 O1","de-protonated",0,NA,"C14 H6 O1 S2",14,6,1,NA,NA,2,NA,NA,NA,NA,NA
390,253.035658,253.035355754649,253.035376127153,1379974.4,NA,557428.8,8.41,-1,-0.0805124714057385,0.998824494240974,0,0.599294696544584,7,0.909090909090909,0.636363636363636,"O7","de-protonated",0,NA,"C11 H10 O7",11,10,7,NA,NA,NA,NA,NA,NA,NA,NA
393,253.07212,253.0718176678,253.071761636537,2651286.3,NA,460367.7,18.41,-1,0.221404642847885,0.991144822605216,0,0.59468689356313,6,1.16666666666667,0.5,"O6","de-protonated",0,NA,"C12 H14 O6",12,14,6,NA,NA,NA,NA,NA,NA,NA,NA
396,253.108496,253.108193581156,253.108147145922,2219686,NA,460461.6,15.01,-1,0.183460053981546,0.993911484842234,0,0.596346890905341,5,1.38461538461538,0.384615384615385,"O5","de-protonated",0,NA,"C13 H18 O5",13,18,5,NA,NA,NA,NA,NA,NA,NA,NA
398,253.144834,253.144531494602,253.144532655306,9026742,NA,420789.9,68.54,-1,-0.00458514285792026,0.499998092657232,0.867648864333947,0.647058401327918,4,1.57142857142857,0.285714285714286,"O4","de-protonated",0,NA,"C14 H22 O4",14,22,4,NA,NA,NA,NA,NA,NA,NA,NA
400,255.051364,255.051056953419,255.051026191631,2348534.3,NA,463165.3,16.02,-1,0.120610326607515,0.997363973452733,0,0.59841838407164,6,1.09090909090909,0.636363636363636,"O7","de-protonated",0,NA,"C11 H12 O7",11,12,7,NA,NA,NA,NA,NA,NA,NA,NA
403,255.087741,255.087433866772,255.087411701015,5032966,NA,455944.1,37.13,-1,0.0868947487441891,0.998630873992786,0,0.599178524395672,5,1.33333333333333,0.5,"O6","de-protonated",0,NA,"C12 H16 O6",12,16,6,NA,NA,NA,NA,NA,NA,NA,NA
404,255.12411,255.123802780144,255.123797210399,4190230,NA,429250.4,30.5,-1,0.021831536878255,0.999913522391881,0,0.599948113435129,4,1.53846153846154,0.384615384615385,"O5","de-protonated",0,NA,"C13 H20 O5",13,20,5,NA,NA,NA,NA,NA,NA,NA,NA
405,255.160541,255.160233693369,255.160182719784,2025765.9,NA,435578,13.48,-1,0.199770921674642,0.992784824673466,0,0.595670894804079,3,1.71428571428571,0.285714285714286,"O4","de-protonated",0,NA,"C14 H24 O4",14,24,4,NA,NA,NA,NA,NA,NA,NA,NA
406,255.233274,255.232966520125,255.232953738552,3443269.8,NA,417464,24.63,-1,0.050078066350543,0.999545064189425,0,0.599727038513655,1,2,0.125,"O2","de-protonated",0,NA,"C16 H32 O2",16,32,2,NA,NA,NA,NA,NA,NA,NA,NA
407,257.060561,257.060249167691,257.060151580672,1597797.8,NA,448710.9,10.11,-1,0.379627177122728,0.974189142342078,0,0.584513485405247,5,1.4,0.4,"N2 S1 O4","de-protonated",0,NA,"C10 H14 O4 S1 N2",10,14,4,2,NA,1,NA,NA,NA,NA,NA
408,257.067019,257.066707152309,257.066676256109,3748200.5,NA,418232.6,27.02,-1,0.120187496077046,0.997382399424878,0,0.598429439654927,5,1.27272727272727,0.636363636363636,"O7","de-protonated",0,NA,"C11 H14 O7",11,14,7,NA,NA,NA,NA,NA,NA,NA,NA
409,257.103429,257.103117065584,257.103061765493,11733881,NA,419458.5,89.81,-1,0.215089194804854,0.987618941721741,0.983123799145703,0.985820884691326,4,1.5,0.5,"O6","de-protonated",0,NA,"C12 H18 O6",12,18,6,NA,NA,NA,NA,NA,NA,NA,NA
410,257.139751,257.139438979068,257.139447274877,12614536,NA,415189,96.74,-1,-0.0322619091761005,0.998289685178915,0.966808048715949,0.985697030593729,3,1.69230769230769,0.384615384615385,"O5","de-protonated",0,NA,"C13 H22 O5",13,22,5,NA,NA,NA,NA,NA,NA,NA,NA
411,257.176186,257.175873892283,257.175832784262,15920024,NA,418541.9,122.73,-1,0.159844028742687,0.996975149149314,0.984365438674047,0.991931264959207,2,1.85714285714286,0.285714285714286,"O4","de-protonated",0,NA,"C14 H26 O4",14,26,4,NA,NA,NA,NA,NA,NA,NA,NA
413,258.135071,258.134756608305,258.134696247071,1234493.1,NA,560695.6,7.19,-1,0.233836192149542,0.990127556796975,0,0.594076534078185,3,1.75,0.416666666666667,"N1 O5","de-protonated",0,NA,"C12 H21 O5 N1",12,21,5,1,NA,NA,NA,NA,NA,NA,NA
416,259.082651,259.082334351254,259.082326320587,7976669,NA,413502.6,59.76,-1,0.0309965856410098,0.999825681416509,0,0.599895408849905,4,1.45454545454545,0.636363636363636,"O7","de-protonated",0,NA,"C11 H16 O7",11,16,7,NA,NA,NA,NA,NA,NA,NA,NA
418,259.119083,259.118766264477,259.118711829971,22152942,NA,428241.4,170.31,-1,0.210075548227263,0.995908571247537,0.984388568874739,0.991300570298418,3,1.66666666666667,0.5,"O6","de-protonated",0,NA,"C12 H20 O6",12,20,6,NA,NA,NA,NA,NA,NA,NA,NA
419,259.155389,259.155072177999,259.155097339355,9770749,NA,410868,73.75,-1,-0.0970899537109077,0.994082718586035,0.951885356307619,0.977203773674668,2,1.84615384615385,0.384615384615385,"O5","de-protonated",0,NA,"C13 H24 O5",13,24,5,NA,NA,NA,NA,NA,NA,NA,NA
421,260.077876,260.077556980718,260.07757529278,1219346.6,NA,422301.2,7.06,-1,-0.0704100002394795,0.999100860243454,0,0.599460516146073,4,1.5,0.7,"N1 O7","de-protonated",0,NA,"C10 H15 O7 N1",10,15,7,1,NA,NA,NA,NA,NA,NA,NA
427,261.040814,261.040492687086,261.040461507581,1415994.3,NA,587435.1,8.59,-1,0.119443186624675,0.997414678309186,0,0.598448806985512,9,0.769230769230769,0.461538461538462,"O6","de-protonated",0,NA,"C13 H10 O6",13,10,6,NA,NA,NA,NA,NA,NA,NA,NA
430,261.077168,261.076846600494,261.076847016965,1377098.3,NA,352803,8.29,-1,-0.00159520741064656,0.999999538270051,0,0.599999722962031,8,1,0.357142857142857,"O5","de-protonated",0,NA,"C14 H14 O5",14,14,5,NA,NA,NA,NA,NA,NA,NA,NA
432,261.0983,261.097978550159,261.097976385065,7106131.5,NA,405239.9,52.97,-1,0.00829226791492864,0.999987523356399,0,0.599992514013839,3,1.63636363636364,0.636363636363636,"O7","de-protonated",0,NA,"C11 H18 O7",11,18,7,NA,NA,NA,NA,NA,NA,NA,NA
434,261.134746,261.134424463348,261.134361894449,5708387.5,NA,448682.9,42.07,-1,0.239604234989686,0.989637065619632,0,0.593782239371779,2,1.83333333333333,0.5,"O6","de-protonated",0,NA,"C12 H22 O6",12,22,6,NA,NA,NA,NA,NA,NA,NA,NA
436,262.093592,262.093268179463,262.093225357258,1451017.8,NA,415612.4,8.86,-1,0.163385394812839,0.995167977886664,0,0.597100786731998,3,1.7,0.7,"N1 O7","de-protonated",0,NA,"C10 H17 O7 N1",10,17,7,1,NA,NA,NA,NA,NA,NA,NA
440,263.020057,263.019730972706,263.019726062675,1345441.8,NA,513839.7,8.04,-1,0.0186679212028059,0.999936768713866,0,0.59996206122832,9,0.666666666666667,0.583333333333333,"O7","de-protonated",0,NA,"C12 H8 O7",12,8,7,NA,NA,NA,NA,NA,NA,NA,NA
441,263.056469,263.056142885976,263.056111572059,2006449.8,NA,476437.8,13.19,-1,0.119038926511994,0.997432126487301,0,0.598459275892381,8,0.923076923076923,0.461538461538462,"O6","de-protonated",0,NA,"C13 H12 O6",13,12,6,NA,NA,NA,NA,NA,NA,NA,NA
443,263.075158,263.074831841461,263.074739016714,1520058,NA,448177,9.4,-1,0.352845533630888,0.977662895384423,0,0.586597737230653,7,1.14285714285714,0.214285714285714,"S1 O3","de-protonated",0,NA,"C14 H16 O3 S1",14,16,3,NA,NA,1,NA,NA,NA,NA,NA
445,263.092862,263.092535799291,263.092497081443,2453953.8,NA,443768,16.68,-1,0.147164394328948,0.996078011832317,0,0.59764680709939,7,1.14285714285714,0.357142857142857,"O5","de-protonated",0,NA,"C14 H16 O5",14,16,5,NA,NA,NA,NA,NA,NA,NA,NA
447,263.113914,263.113587749147,263.113626449543,2311627,NA,433953.7,15.57,-1,-0.14708624532167,0.996082167960837,0,0.597649300776502,2,1.81818181818182,0.636363636363636,"O7","de-protonated",0,NA,"C11 H20 O7",11,20,7,NA,NA,NA,NA,NA,NA,NA,NA
448,263.129262,263.12893571259,263.128882590828,1421009.9,NA,403444.4,8.63,-1,0.201884953047789,0.99263187764124,0,0.595579126584744,6,1.33333333333333,0.266666666666667,"O4","de-protonated",0,NA,"C15 H20 O4",15,20,4,NA,NA,NA,NA,NA,NA,NA,NA
450,263.150374,263.150047662303,263.150011958927,2570715.3,NA,414819.8,17.59,-1,0.135676892507836,0.996665424901994,0,0.597999254941197,1,2,0.5,"O6","de-protonated",0,NA,"C12 H24 O6",12,24,6,NA,NA,NA,NA,NA,NA,NA,NA
452,264.072841,264.072512465069,264.072489912352,1568625.6,NA,339857.6,9.69,-1,0.0854035107217785,0.998677432259015,0,0.599206459355409,3,1.66666666666667,0.888888888888889,"N1 O8","de-protonated",0,NA,"C9 H15 O8 N1",9,15,8,1,NA,NA,NA,NA,NA,NA,NA
453,264.091533,264.091204420547,264.091117357006,1359225.9,NA,421734.2,8.07,-1,0.32967235374959,0.980472634210627,0,0.588283580526376,2,1.9,0.5,"N1 S1 O5","de-protonated",0,NA,"C10 H19 O5 S1 N1",10,19,5,1,NA,1,NA,NA,NA,NA,NA
454,264.109215,264.10888637843,264.108875421736,2026625.6,NA,372551.7,13.23,-1,0.0414855193825503,0.999687766798475,0,0.599812660079085,2,1.9,0.7,"N1 O7","de-protonated",0,NA,"C10 H19 O7 N1",10,19,7,1,NA,NA,NA,NA,NA,NA,NA
458,265.035735,265.035404171542,265.035376127153,1604634,NA,428240.4,9.96,-1,0.105813758547845,0.997970462741025,0,0.598782277644615,8,0.833333333333333,0.583333333333333,"O7","de-protonated",0,NA,"C12 H10 O7",12,10,7,NA,NA,NA,NA,NA,NA,NA,NA
461,265.072094,265.071763084938,265.071761636537,2664746,NA,420117,18.16,-1,0.00546418491643195,0.999994582443765,0,0.599996749466259,7,1.07692307692308,0.461538461538462,"O6","de-protonated",0,NA,"C13 H14 O6",13,14,6,NA,NA,NA,NA,NA,NA,NA,NA
462,265.075539,265.075208076733,265.075132939907,1543211.6,NA,406268.5,9.49,-1,0.283454825093558,0.985526964140164,0,0.591316178484098,2,1.8,0.6,"S1 O6","de-protonated",0,NA,"C10 H18 O6 S1",10,18,6,NA,NA,1,NA,NA,NA,NA,NA
464,265.093164,265.092833034751,265.092891004637,1232435.3,NA,465967.2,7.09,-1,-0.218677629943431,0.991360676206789,0,0.594816405724073,2,1.8,0.8,"O8","de-protonated",0,NA,"C10 H18 O8",10,18,8,NA,NA,NA,NA,NA,NA,NA,NA
466,265.108556,265.108224998089,265.108147145921,2137914,NA,447498.3,14.09,-1,0.29366192073011,0.984474139305568,0,0.590684483583341,6,1.28571428571429,0.357142857142857,"O5","de-protonated",0,NA,"C14 H18 O5",14,18,5,NA,NA,NA,NA,NA,NA,NA,NA
469,265.148231,265.147899903587,265.147903958676,79368520,NA,401310.7,611.15,-1,-0.0152936865654825,0.999733238928028,0.984655158676175,0.993702006827287,0,2.16666666666667,0.333333333333333,"S1 O4","de-protonated",0,NA,"C12 H26 O4 S1",12,26,4,NA,NA,1,NA,NA,NA,NA,NA
471,266.06735,266.067016714328,266.06701060873,1747680.8,NA,446970.2,11.07,-1,0.0229475935111097,0.999904455129379,0,0.599942673077627,7,1.08333333333333,0.5,"N1 O6","de-protonated",0,NA,"C12 H13 O6 N1",12,13,6,1,NA,NA,NA,NA,NA,NA,NA
472,266.088547,266.088213663838,266.08813997683,2133738,NA,472710.4,14.05,-1,0.276927069620127,0.986181320685382,0,0.591708792411229,2,1.88888888888889,0.888888888888889,"N1 O8","de-protonated",0,NA,"C9 H17 O8 N1",9,17,8,1,NA,NA,NA,NA,NA,NA,NA
473,266.124948,266.124614577135,266.124525486214,2065146.1,NA,437382.2,13.52,-1,0.33477155286783,0.979870052272759,0,0.587922031363656,1,2.1,0.7,"N1 O7","de-protonated",0,NA,"C10 H21 O7 N1",10,21,7,1,NA,NA,NA,NA,NA,NA,NA
478,266.994623,266.994287505647,266.994380694073,2796665.5,NA,373227.9,19.17,-1,-0.349027667684413,0.978138370598781,0,0.586883022359269,12,0.533333333333333,0.0666666666666667,"S2 O1","de-protonated",0,NA,"C15 H8 O1 S2",15,8,1,NA,NA,2,NA,NA,NA,NA,NA
479,267.051444,267.051108370304,267.051026191631,2270866.5,NA,493164.7,15.11,-1,0.307726483732881,0.98296438522757,0,0.589778631136542,7,1,0.583333333333333,"O7","de-protonated",0,NA,"C12 H12 O7",12,12,7,NA,NA,NA,NA,NA,NA,NA,NA
481,267.066666,267.066330334047,267.066282332916,2081433.1,NA,465041.2,13.64,-1,0.179734897755919,0.994155512550091,0,0.596493307530055,11,0.75,0.25,"O4","de-protonated",0,NA,"C16 H12 O4",16,12,4,NA,NA,NA,NA,NA,NA,NA,NA
483,267.087795,267.087459283719,267.087411701015,3982498.5,NA,412968.4,28.34,-1,0.178154050213222,0.994257575642029,0,0.596554545385217,6,1.23076923076923,0.461538461538462,"O6","de-protonated",0,NA,"C13 H16 O6",13,16,6,NA,NA,NA,NA,NA,NA,NA,NA
486,267.124077,267.123741197299,267.123797210399,2417842.5,NA,437424.9,16.24,-1,-0.209689668996743,0.992053487106567,0,0.59523209226394,5,1.42857142857143,0.357142857142857,"O5","de-protonated",0,NA,"C14 H20 O5",14,20,5,NA,NA,NA,NA,NA,NA,NA,NA
489,267.160459,267.16012311064,267.160182719784,1313474.5,NA,482958.7,7.71,-1,-0.223121361065452,0.991007590076924,0,0.594604554046154,4,1.6,0.266666666666667,"O4","de-protonated",0,NA,"C15 H24 O4",15,24,4,NA,NA,NA,NA,NA,NA,NA,NA
490,268.083045,268.082706913123,268.082660673208,1535833,NA,513945.8,9.42,-1,0.172483795881055,0.994616326051739,0,0.596769795631043,6,1.25,0.5,"N1 O6","de-protonated",0,NA,"C12 H15 O6 N1",12,15,6,1,NA,NA,NA,NA,NA,NA,NA
493,269.067007,269.066666569414,269.066676256109,2926090.5,NA,438787,20.17,-1,-0.0360010953962042,0.999764855842454,0,0.599858913505472,6,1.16666666666667,0.583333333333333,"O7","de-protonated",0,NA,"C12 H14 O7",12,14,7,NA,NA,NA,NA,NA,NA,NA,NA
496,269.103447,269.103106482617,269.103061765493,5682202.5,NA,401182.6,41.47,-1,0.166170996366557,0.995002224356917,0,0.59700133461415,5,1.38461538461538,0.461538461538462,"O6","de-protonated",0,NA,"C13 H18 O6",13,18,6,NA,NA,NA,NA,NA,NA,NA,NA
497,269.131587,269.13124641559,269.1312050664,8718375,NA,398010.7,64.95,-1,0.153639523263483,0.995764827162589,0.950123435515981,0.977508270503946,4,1.64285714285714,0.214285714285714,"P1 O3","de-protonated",0,NA,"C14 H23 O3 P1",14,23,3,NA,1,NA,NA,NA,NA,NA,NA
498,269.139823,269.139482395973,269.139447274877,7445546.5,NA,397232.6,55.11,-1,0.130494045241569,0.49845746706775,0.867648864333947,0.646134025974229,4,1.57142857142857,0.357142857142857,"O5","de-protonated",0,NA,"C14 H22 O5",14,22,5,NA,NA,NA,NA,NA,NA,NA,NA
499,269.176206,269.175865309312,269.175832784262,1987130.6,NA,424820.9,12.91,-1,0.12083198372555,0.997354288434186,0,0.598412573060512,3,1.73333333333333,0.266666666666667,"O4","de-protonated",0,NA,"C15 H26 O4",15,26,4,NA,NA,NA,NA,NA,NA,NA,NA
500,270.098709,270.098366111992,270.098310737686,1499600.9,NA,465834.1,9.14,-1,0.205015373448263,0.99240248337261,0,0.595441490023566,5,1.41666666666667,0.5,"N1 O6","de-protonated",0,NA,"C12 H17 O6 N1",12,17,6,1,NA,NA,NA,NA,NA,NA,NA
502,270.171482,270.171138938653,270.171081756455,1962224.9,NA,434077.4,12.71,-1,0.21165181088429,0.991904680926596,0,0.595142808555957,3,1.78571428571429,0.285714285714286,"N1 O4","de-protonated",0,NA,"C14 H25 O4 N1",14,25,4,1,NA,NA,NA,NA,NA,NA,NA
505,271.046315,271.04596985488,271.045940811203,1551729.9,NA,418395.1,9.45,-1,0.107154075328912,0.997918775691988,0,0.598751265415193,6,1.09090909090909,0.727272727272727,"O8","de-protonated",0,NA,"C11 H12 O8",11,12,8,NA,NA,NA,NA,NA,NA,NA,NA
507,271.082656,271.082310768319,271.082326320587,6219650,NA,401672.7,45.21,-1,-0.0573710150512757,0.999402952043398,0,0.599641771226039,5,1.33333333333333,0.583333333333333,"O7","de-protonated",0,NA,"C12 H16 O7",12,16,7,NA,NA,NA,NA,NA,NA,NA,NA
508,271.119112,271.118766681484,271.118711829971,14298002,NA,395699.8,107.1,-1,0.202315480929604,0.99465939305329,0.983710669420516,0.99027990360018,4,1.53846153846154,0.461538461538462,"O6","de-protonated",0,NA,"C13 H20 O6",13,20,6,NA,NA,NA,NA,NA,NA,NA,NA
510,271.155476,271.155130594868,271.155097339355,10785698,NA,398293.5,80.19,-1,0.122643877576719,0.996684312399969,0.963431963197929,0.983383372719153,3,1.71428571428571,0.357142857142857,"O5","de-protonated",0,NA,"C14 H24 O5",14,24,5,NA,NA,NA,NA,NA,NA,NA,NA
511,271.191826,271.191480508286,271.19148284874,14289842,NA,389847.3,107.04,-1,-0.0086302644597256,0.991134882538712,0.973779107407644,0.984192572486285,2,1.86666666666667,0.266666666666667,"O4","de-protonated",0,NA,"C15 H28 O4",15,28,4,NA,NA,NA,NA,NA,NA,NA,NA
512,271.228264,271.227918421494,271.227868358124,2448834,NA,443169.5,16.32,-1,0.184580477410958,0.993837120777403,0,0.596302272466442,1,2,0.1875,"O3","de-protonated",0,NA,"C16 H32 O3",16,32,3,NA,NA,NA,NA,NA,NA,NA,NA
515,272.150708,272.150360224315,272.150346311549,1272407.5,NA,567493.3,7.31,-1,0.0511216182891294,0.999525910816066,0,0.59971554648964,3,1.76923076923077,0.384615384615385,"N1 O5","de-protonated",0,NA,"C13 H23 O5 N1",13,23,5,1,NA,NA,NA,NA,NA,NA,NA
520,273.06197,273.06162005377,273.061590875681,1995239.9,NA,395062.8,12.84,-1,0.106855341984864,0.99793035194809,0,0.598758211168854,5,1.27272727272727,0.727272727272727,"O8","de-protonated",0,NA,"C11 H14 O8",11,14,8,NA,NA,NA,NA,NA,NA,NA,NA
521,273.098363,273.098012967085,273.097976385065,14055160,NA,387663.4,105.23,-1,0.133952001445429,0.997809461619506,0.992959422119385,0.995869445819457,4,1.5,0.583333333333333,"O7","de-protonated",0,NA,"C12 H18 O7",12,18,7,NA,NA,NA,NA,NA,NA,NA,NA
522,273.126594,273.126243899842,273.126119685972,1419524.3,NA,271098.2,8.43,-1,0.454785760024788,0.963166439573159,0,0.577899863743895,3,1.76923076923077,0.307692307692308,"P1 O4","de-protonated",0,NA,"C13 H23 O4 P1",13,23,4,NA,1,NA,NA,NA,NA,NA,NA
523,273.134698,273.134347880539,273.134361894449,27426568,NA,379713,207.67,-1,-0.0513077533033318,0.997014995972507,0.988482377866326,0.993601948730034,3,1.69230769230769,0.461538461538462,"O6","de-protonated",0,NA,"C13 H22 O6",13,22,6,NA,NA,NA,NA,NA,NA,NA,NA
524,273.171103,273.170752793825,273.170747403833,8233752,NA,371882.9,60.63,-1,0.0197312189475365,0.499964680355429,0.867648864333947,0.647038353946836,2,1.85714285714286,0.357142857142857,"O5","de-protonated",0,NA,"C14 H26 O5",14,26,5,NA,NA,NA,NA,NA,NA,NA,NA
525,273.207452,273.207101707245,273.207132913218,1347367.8,NA,444464.1,7.88,-1,-0.114220929112703,0.997635543853016,0,0.59858132631181,1,2,0.266666666666667,"O4","de-protonated",0,NA,"C15 H30 O4",15,30,4,NA,NA,NA,NA,NA,NA,NA,NA
529,275.020073,275.019718389745,275.019726062675,1417026.8,NA,436251.8,8.4,-1,-0.0278995635955681,0.99985877292006,0,0.599915263752036,10,0.615384615384615,0.538461538461538,"O7","de-protonated",0,NA,"C13 H8 O7",13,8,7,NA,NA,NA,NA,NA,NA,NA,NA
531,275.056584,275.056229302779,275.056111572059,1986130.8,NA,495358.7,12.76,-1,0.428024371961461,0.967304171081728,0,0.580382502649037,9,0.857142857142857,0.428571428571429,"O6","de-protonated",0,NA,"C14 H12 O6",14,12,6,NA,NA,NA,NA,NA,NA,NA,NA
533,275.077595,275.077240252732,275.077240940159,4007516,NA,409691.4,28.25,-1,-0.00249903000737506,0.999998866826201,0,0.599999320095721,4,1.45454545454545,0.727272727272727,"O8","de-protonated",0,NA,"C11 H16 O8",11,16,8,NA,NA,NA,NA,NA,NA,NA,NA
534,275.092802,275.092447216511,275.092497081443,2162786.8,NA,392007.4,14.12,-1,-0.181266059201905,0.994055807831325,0,0.596433484698795,8,1.06666666666667,0.333333333333333,"O5","de-protonated",0,NA,"C15 H16 O5",15,16,5,NA,NA,NA,NA,NA,NA,NA,NA
536,275.114025,275.113670165959,275.113626449543,10984044,NA,400443.5,81.7,-1,0.158903130289748,0.993378972119797,0.99969339368112,0.995904740744326,3,1.66666666666667,0.583333333333333,"O7","de-protonated",0,NA,"C12 H20 O7",12,20,7,NA,NA,NA,NA,NA,NA,NA,NA
537,275.15036,275.150005079413,275.150011958927,6776444,NA,387863.6,49.46,-1,-0.0250027778152263,0.99988657580112,0,0.599931945480672,2,1.84615384615385,0.461538461538462,"O6","de-protonated",0,NA,"C13 H24 O6",13,24,6,NA,NA,NA,NA,NA,NA,NA,NA
538,275.971527,275.971170123466,275.971216696932,1421539.4,NA,405407.7,8.44,-1,-0.168762039175336,0.994845557813709,0,0.596907334688225,10,0.666666666666667,0.0833333333333333,"N1 S2 P1 O1","de-protonated",0,NA,"C12 H8 O1 S2 N1 P1",12,8,1,1,1,2,NA,NA,NA,NA,NA
539,276.072908,276.072550881986,276.072489912352,1598735.8,NA,407463.7,9.79,-1,0.220846468447659,0.991189218163178,0,0.594713530897907,4,1.5,0.8,"N1 O8","de-protonated",0,NA,"C10 H15 O8 N1",10,15,8,1,NA,NA,NA,NA,NA,NA,NA
540,276.109208,276.108850795523,276.108875421736,2066463.6,NA,402711.9,13.38,-1,-0.0891902266884193,0.9985576356824,0,0.59913458140944,3,1.72727272727273,0.636363636363636,"N1 O7","de-protonated",0,NA,"C11 H19 O7 N1",11,19,7,1,NA,NA,NA,NA,NA,NA,NA
542,277.035787,277.035427588495,277.035376127153,1968820.8,NA,399096.1,12.62,-1,0.185757293539182,0.9937585323695,0,0.5962551194217,9,0.769230769230769,0.538461538461538,"O7","de-protonated",0,NA,"C13 H10 O7",13,10,7,NA,NA,NA,NA,NA,NA,NA,NA
545,277.072078,277.071718502053,277.071761636537,5881284.5,NA,385784.4,42.6,-1,-0.155679829253009,0.995612027081546,0,0.597367216248927,8,1,0.428571428571429,"O6","de-protonated",0,NA,"C14 H14 O6",14,14,6,NA,NA,NA,NA,NA,NA,NA,NA
547,277.093269,277.092909451578,277.092891004637,1947085.9,NA,437447.1,12.46,-1,0.0665731297971842,0.999196146022787,0,0.599517687613672,3,1.63636363636364,0.727272727272727,"O8","de-protonated",0,NA,"C11 H18 O8",11,18,8,NA,NA,NA,NA,NA,NA,NA,NA
549,277.108483,277.108123415339,277.108147145921,1910228.5,NA,458551.2,12.18,-1,-0.0856365375792422,0.99867020986325,0,0.59920212591795,7,1.2,0.333333333333333,"O5","de-protonated",0,NA,"C15 H18 O5",15,18,5,NA,NA,NA,NA,NA,NA,NA,NA
551,277.129601,277.129241365038,277.129276514021,2379741.8,NA,431074.7,15.77,-1,-0.12683244194415,0.997085387209341,0,0.598251232325605,2,1.83333333333333,0.583333333333333,"O7","de-protonated",0,NA,"C12 H22 O7",12,22,7,NA,NA,NA,NA,NA,NA,NA,NA
552,277.144926,277.144566328535,277.144532655306,6884836.5,NA,401819.7,50.29,-1,0.12150060878333,0.498662483291664,0.85154837932281,0.639816841704122,6,1.375,0.25,"O4","de-protonated",0,NA,"C16 H22 O4",16,22,4,NA,NA,NA,NA,NA,NA,NA,NA
555,278.088539,278.088177080934,278.08813997683,3715968.3,NA,415191.8,25.71,-1,0.13342569784058,0.996774986414681,0,0.598064991848809,3,1.7,0.8,"N1 O8","de-protonated",0,NA,"C10 H17 O8 N1",10,17,8,1,NA,NA,NA,NA,NA,NA,NA
559,278.161378,278.161015907438,278.160910995598,1993376,NA,369802.1,12.66,-1,0.377162410248902,0.974518920286743,0,0.584711352172046,1,2.08333333333333,0.5,"N1 O6","de-protonated",0,NA,"C12 H25 O6 N1",12,25,6,1,NA,NA,NA,NA,NA,NA,NA
563,279.051432,279.051067787409,279.051026191631,2155811.8,NA,429623.7,13.89,-1,0.149061548387702,0.995976445275828,0,0.597585867165497,8,0.923076923076923,0.538461538461538,"O7","de-protonated",0,NA,"C13 H12 O7",13,12,7,NA,NA,NA,NA,NA,NA,NA,NA
566,279.087768,279.08740370086,279.087411701015,2335283.8,NA,358927.1,15.25,-1,-0.0286654108979885,0.999850913679801,0,0.59991054820788,7,1.14285714285714,0.428571428571429,"O6","de-protonated",0,NA,"C14 H16 O6",14,16,6,NA,NA,NA,NA,NA,NA,NA,NA
569,279.124137,279.123772614232,279.123797210399,2204995.5,NA,435302.6,14.26,-1,-0.088119205667625,0.998592044066832,0,0.599155226440099,6,1.33333333333333,0.333333333333333,"O5","de-protonated",0,NA,"C15 H20 O5",15,20,5,NA,NA,NA,NA,NA,NA,NA,NA
572,279.156555,279.156190537015,279.156159967791,2797905.5,NA,409334.5,18.75,-1,0.109505820314902,0.997826519037285,0,0.598695911422371,1,2.18181818181818,0.545454545454545,"N2 O6","de-protonated",0,NA,"C11 H24 O6 N2",11,24,6,2,NA,NA,NA,NA,NA,NA,NA
573,279.163956,279.163591519387,279.163554023154,13574485,NA,386742.5,100.37,-1,0.134316362297687,0.997685503916331,0.987008955281489,0.993414884462394,0,2.15384615384615,0.307692307692308,"S1 O4","de-protonated",0,NA,"C13 H28 O4 S1",13,28,4,NA,NA,1,NA,NA,NA,NA,NA
576,280.104225,280.10385827975,280.103790041308,6289133.5,NA,370798,45.19,-1,0.24361842030065,0.989288810058532,0,0.593573286035119,2,1.9,0.8,"N1 O8","de-protonated",0,NA,"C10 H19 O8 N1",10,19,8,1,NA,NA,NA,NA,NA,NA,NA
578,280.140582,280.140215193151,280.140175550692,2194685.5,NA,315367.5,14.18,-1,0.141509368935061,0.996373101074476,0,0.597823860644685,1,2.09090909090909,0.636363636363636,"N1 O7","de-protonated",0,NA,"C11 H23 O7 N1",11,23,7,1,NA,NA,NA,NA,NA,NA,NA
582,281.03064,281.030271073113,281.030290746725,1625983.8,NA,387579.5,9.87,-1,-0.0700053062718776,0.999111161888537,0,0.599466697133122,8,0.833333333333333,0.666666666666667,"O8","de-protonated",0,NA,"C12 H10 O8",12,10,8,NA,NA,NA,NA,NA,NA,NA,NA
584,281.067081,281.066711986314,281.066676256109,3136143.5,NA,408199.3,21.31,-1,0.12712358994528,0.997072010305295,0,0.598243206183177,7,1.07692307692308,0.538461538461538,"O7","de-protonated",0,NA,"C13 H14 O7",13,14,7,NA,NA,NA,NA,NA,NA,NA,NA
587,281.103417,281.103047899765,281.103061765493,3275935.3,NA,411070.7,22.37,-1,-0.0493261382121496,0.999558620460477,0,0.599735172276286,6,1.28571428571429,0.428571428571429,"O6","de-protonated",0,NA,"C14 H18 O6",14,18,6,NA,NA,NA,NA,NA,NA,NA,NA
589,281.122053,281.121683855375,281.121689210148,4535463.5,NA,378281.3,31.91,-1,-0.0190478816593184,0.999934168628783,0,0.59996050117727,5,1.46666666666667,0.2,"S1 O3","de-protonated",0,NA,"C15 H22 O3 S1",15,22,3,NA,NA,1,NA,NA,NA,NA,NA
591,281.139897,281.139527812873,281.139447274877,2496175,NA,399128.7,16.46,-1,0.286469920778263,0.985219727329215,0,0.591131836397529,5,1.46666666666667,0.333333333333333,"O5","de-protonated",0,NA,"C15 H22 O5",15,22,5,NA,NA,NA,NA,NA,NA,NA,NA
592,281.152818,281.152448782096,281.152334434499,2419380.8,NA,258552.9,15.88,-1,0.406710464511652,0.97043190424043,0,0.582259142544258,0,2.25,0.416666666666667,"P1 O5","de-protonated",0,NA,"C12 H27 O5 P1",12,27,5,NA,1,NA,NA,NA,NA,NA,NA
594,282.098742,282.09837052899,282.098310737686,1342798.3,NA,354608.3,7.72,-1,0.211952008906398,0.991881794054016,0,0.595129076432409,6,1.30769230769231,0.461538461538462,"N1 O6","de-protonated",0,NA,"C13 H17 O6 N1",13,17,6,1,NA,NA,NA,NA,NA,NA,NA
597,282.119942,282.119570478493,282.119440105786,2118231.5,NA,502490.9,13.6,-1,0.462118837513176,0.961992081063536,0,0.577195248638121,1,2.1,0.8,"N1 O8","de-protonated",0,NA,"C10 H21 O8 N1",10,21,8,1,NA,NA,NA,NA,NA,NA,NA
599,283.046182,283.045808272273,283.045940811203,1761639.6,NA,301009.8,10.89,-1,-0.468259426252012,0.96099536877922,0,0.576597221267532,7,1,0.666666666666667,"O8","de-protonated",0,NA,"C12 H12 O8",12,12,8,NA,NA,NA,NA,NA,NA,NA,NA
600,283.05932,283.058946240979,283.058827970825,1530605.3,NA,432224.4,9.14,-1,0.417828885377135,0.968818986465876,0,0.581291391879525,2,1.88888888888889,0.888888888888889,"P1 O8","de-protonated",0,NA,"C9 H17 O8 P1",9,17,8,NA,1,NA,NA,NA,NA,NA,NA
601,283.061598,283.061224235553,283.061196952487,1296366.3,NA,439944.3,7.37,-1,0.0963857498423195,0.998315723085867,0,0.59898943385152,11,0.75,0.3125,"O5","de-protonated",0,NA,"C16 H12 O5",16,12,5,NA,NA,NA,NA,NA,NA,NA,NA
603,283.082672,283.082298185357,283.082326320587,4514807.5,NA,381910.7,31.74,-1,-0.0993888613514267,0.998209228776136,0,0.598925537265682,6,1.23076923076923,0.538461538461538,"O7","de-protonated",0,NA,"C13 H16 O7",13,16,7,NA,NA,NA,NA,NA,NA,NA,NA
606,283.119121,283.118747098539,283.118711829971,6223879,NA,361978.1,44.69,-1,0.124571658155284,0.99718822197458,0,0.598312933184748,5,1.42857142857143,0.428571428571429,"O6","de-protonated",0,NA,"C14 H20 O6",14,20,6,NA,NA,NA,NA,NA,NA,NA,NA
608,283.137697,283.137323054292,283.137339274626,4139535,NA,362686.5,28.9,-1,-0.0572878656816986,0.999404680910023,0,0.599642808546014,4,1.6,0.2,"S1 O3","de-protonated",0,NA,"C15 H24 O3 S1",15,24,3,NA,NA,1,NA,NA,NA,NA,NA
609,283.155524,283.15515001183,283.155097339355,4394007,NA,368100.3,30.83,-1,0.186019870198727,0.993740930058847,0,0.596244558035308,4,1.6,0.333333333333333,"O5","de-protonated",0,NA,"C15 H24 O5",15,24,5,NA,NA,NA,NA,NA,NA,NA,NA
610,283.191928,283.191553925119,283.19148284874,3188262.5,NA,372397.2,21.7,-1,0.250983463051656,0.988635131195806,0,0.593181078717483,3,1.75,0.25,"O4","de-protonated",0,NA,"C16 H28 O4",16,28,4,NA,NA,NA,NA,NA,NA,NA,NA
611,283.264593,283.264218752037,283.264253867508,1878085.9,NA,456107.6,11.77,-1,-0.123967181120911,0.99721540582422,0,0.598329243494532,1,2,0.111111111111111,"O2","de-protonated",0,NA,"C18 H36 O2",18,36,2,NA,NA,NA,NA,NA,NA,NA,NA
615,285.040765,285.040386521355,285.040461507581,1467970.1,NA,384149,8.66,-1,-0.263072217381864,0.987520998922003,0,0.592512599353202,11,0.666666666666667,0.4,"O6","de-protonated",0,NA,"C15 H10 O6",15,10,6,NA,NA,NA,NA,NA,NA,NA,NA
616,285.061926,285.061547470951,285.061590875681,2970443.3,NA,356434.9,20.04,-1,-0.152264389975522,0.995802049144314,0,0.597481229486588,6,1.16666666666667,0.666666666666667,"O8","de-protonated",0,NA,"C12 H14 O8",12,14,8,NA,NA,NA,NA,NA,NA,NA,NA
619,285.098341,285.097962384214,285.097976385065,9622363,NA,369581.4,70.42,-1,-0.0491089099660259,0.996993054551626,0.995007111721771,0.996198677419684,5,1.38461538461538,0.538461538461538,"O7","de-protonated",0,NA,"C13 H18 O7",13,18,7,NA,NA,NA,NA,NA,NA,NA,NA
620,285.126518,285.126139317099,285.126119685972,31814502,NA,370815.8,238.5,-1,0.068850679716135,0.998664908532061,0.976472969492995,0.989788132916435,4,1.64285714285714,0.285714285714286,"P1 O4","de-protonated",0,NA,"C14 H23 O4 P1",14,23,4,NA,1,NA,NA,NA,NA,NA,NA
621,285.134718,285.134339297567,285.134361894449,15248234,NA,355543.8,113.03,-1,-0.0792499428222003,0.999404762283902,0.980174489087899,0.991712653005501,4,1.57142857142857,0.428571428571429,"O6","de-protonated",0,NA,"C14 H22 O6",14,22,6,NA,NA,NA,NA,NA,NA,NA,NA
623,285.171081,285.170702210954,285.170747403833,10453882,NA,367114.9,76.72,-1,-0.158476561728755,0.992238143492283,0.990010507909545,0.991347089259188,3,1.73333333333333,0.333333333333333,"O5","de-protonated",0,NA,"C15 H26 O5",15,26,5,NA,NA,NA,NA,NA,NA,NA,NA
624,285.2075,285.207121124207,285.207132913218,24007562,NA,362132.5,179.37,-1,-0.0413349084477926,0.995742756333412,0.998360055073075,0.996789675829277,2,1.875,0.25,"O4","de-protonated",0,NA,"C16 H30 O4",16,30,4,NA,NA,NA,NA,NA,NA,NA,NA
633,287.069505,287.069121689078,287.068998731681,1299750.5,NA,358382.9,7.22,-1,0.428320011953051,0.967259736760662,0,0.580355842056397,5,1.41666666666667,0.5,"P1 O6","de-protonated",0,NA,"C12 H17 O6 P1",12,17,6,NA,1,NA,NA,NA,NA,NA,NA
634,287.077626,287.077242669735,287.077240940159,4400810,NA,366066.8,30.19,-1,0.00602477619298218,0.999993413810306,0,0.599996048286183,5,1.33333333333333,0.666666666666667,"O8","de-protonated",0,NA,"C12 H16 O8",12,16,8,NA,NA,NA,NA,NA,NA,NA,NA
636,287.113989,287.113605583121,287.113626449543,19347130,NA,358149.7,140.93,-1,-0.0726765283331005,0.999494702959151,0.974504039836942,0.989498437710268,4,1.53846153846154,0.538461538461538,"O7","de-protonated",0,NA,"C13 H20 O7",13,20,7,NA,NA,NA,NA,NA,NA,NA,NA
637,287.142274,287.141890515749,287.14176975045,3428037.5,NA,387348.8,22.99,-1,0.420577261311368,0.968414003950699,0,0.58104840237042,3,1.78571428571429,0.285714285714286,"P1 O4","de-protonated",0,NA,"C14 H25 O4 P1",14,25,4,NA,1,NA,NA,NA,NA,NA,NA
639,287.150393,287.15000949641,287.150011958927,23561930,NA,360029.4,172.15,-1,-0.00857571592945902,0.999844099009727,0.993114923328492,0.997152428737233,3,1.71428571428571,0.428571428571429,"O6","de-protonated",0,NA,"C14 H24 O6",14,24,6,NA,NA,NA,NA,NA,NA,NA,NA
640,287.186795,287.186411409704,287.186397468311,7240408.5,NA,374988.8,51.23,-1,0.0485447520844715,0.499786245356152,0.859523230357577,0.643681039356722,2,1.86666666666667,0.333333333333333,"O5","de-protonated",0,NA,"C15 H28 O5",15,28,5,NA,NA,NA,NA,NA,NA,NA,NA
641,287.223186,287.222802323024,287.222782977696,1446888.1,NA,386377.1,8.31,-1,0.0673530415698643,0.999177209013479,0,0.599506325408087,1,2,0.25,"O4","de-protonated",0,NA,"C16 H32 O4",16,32,4,NA,NA,NA,NA,NA,NA,NA,NA
643,288.109195,288.10880921263,288.108875421736,1542753.5,NA,443173.9,9.02,-1,-0.22980585371913,0.990463327603257,0,0.594277996561954,4,1.58333333333333,0.583333333333333,"N1 O7","de-protonated",0,NA,"C12 H19 O7 N1",12,19,7,1,NA,NA,NA,NA,NA,NA,NA
645,288.145698,288.145312125683,288.14526093112,1473649,NA,405166.8,8.5,-1,0.177669286043151,0.994288694558969,0,0.596573216735381,3,1.76923076923077,0.461538461538462,"N1 O6","de-protonated",0,NA,"C13 H23 O6 N1",13,23,6,1,NA,NA,NA,NA,NA,NA,NA
647,288.156827,288.156441099175,288.156494320412,2103925.8,NA,357917.3,13.17,-1,-0.184695604142716,0.993829454320087,0,0.596297672592052,3,1.91666666666667,0.416666666666667,"N3 O5","de-protonated",0,NA,"C12 H23 O5 N3",12,23,5,3,NA,NA,NA,NA,NA,NA,NA
650,289.035844,289.035456005435,289.035376127153,1506283,NA,464687.6,8.74,-1,0.276361610790995,0.986237306203592,0,0.591742383722155,10,0.714285714285714,0.5,"O7","de-protonated",0,NA,"C14 H10 O7",14,10,7,NA,NA,NA,NA,NA,NA,NA,NA
652,289.048792,289.048403974594,289.048263286775,1815280.5,NA,412724.8,11.03,-1,0.486727778845638,0.957924890000146,0,0.574754934000087,5,1.36363636363636,0.636363636363636,"P1 O7","de-protonated",0,NA,"C11 H15 O7 P1",11,15,7,NA,1,NA,NA,NA,NA,NA,NA
653,289.072186,289.071797918872,289.071761636537,1929722.4,NA,447423.3,11.88,-1,0.125513243693053,0.997145616153113,0,0.598287369691868,9,0.933333333333333,0.4,"O6","de-protonated",0,NA,"C15 H14 O6",15,14,6,NA,NA,NA,NA,NA,NA,NA,NA
654,289.085177,289.084788887928,289.084648796159,7913984,NA,352017.7,56.22,-1,0.484604663950214,0.958283405499044,0,0.574970043299426,4,1.58333333333333,0.5,"P1 O6","de-protonated",0,NA,"C12 H19 O6 P1",12,19,6,NA,1,NA,NA,NA,NA,NA,NA
655,289.090732,289.090343874697,289.090389081192,3444226.3,NA,371920,23.1,-1,-0.156374950809206,0.995572841435451,0,0.59734370486127,8,1.125,0.1875,"S1 O3","de-protonated",0,NA,"C16 H18 O3 S1",16,18,3,NA,NA,1,NA,NA,NA,NA,NA
656,289.093244,289.092855868713,289.092891004637,7644675.5,NA,355741.9,54.22,-1,-0.121538523796245,0.997323299038295,0,0.598393979422977,4,1.5,0.666666666666667,"O8","de-protonated",0,NA,"C12 H18 O8",12,18,8,NA,NA,NA,NA,NA,NA,NA,NA
657,289.10851,289.108121832351,289.108147145921,2317321.8,NA,354061.3,14.75,-1,-0.0875574436087659,0.998609925909176,0,0.599165955545506,8,1.125,0.3125,"O5","de-protonated",0,NA,"C16 H18 O5",16,18,5,NA,NA,NA,NA,NA,NA,NA,NA
658,289.121512,289.121123801382,289.121034305543,38820368,NA,350890.7,285.19,-1,0.309544541827524,0.977979120894282,0.972627518425733,0.975838479906862,3,1.76923076923077,0.384615384615385,"P1 O5","de-protonated",0,NA,"C13 H23 O5 P1",13,23,5,NA,1,NA,NA,NA,NA,NA,NA
659,289.129646,289.129257782007,289.129276514021,11678227,NA,351255.7,84.1,-1,-0.0647876757404464,0.997146715494909,0.9874472302863,0.993266921411466,3,1.69230769230769,0.538461538461538,"O7","de-protonated",0,NA,"C13 H22 O7",13,22,7,NA,NA,NA,NA,NA,NA,NA,NA
660,289.1579,289.157511714709,289.157419814928,3667998.8,NA,362301.6,24.76,-1,0.317819203267229,0.98183897692019,0,0.589103386152114,2,1.92857142857143,0.285714285714286,"P1 O4","de-protonated",0,NA,"C14 H27 O4 P1",14,27,4,NA,1,NA,NA,NA,NA,NA,NA
661,289.166051,289.165662695294,289.165662023405,6238754,NA,387952.4,43.8,-1,0.00232354169325929,0.999999020386965,0,0.599999412232179,2,1.85714285714286,0.428571428571429,"O6","de-protonated",0,NA,"C14 H26 O6",14,26,6,NA,NA,NA,NA,NA,NA,NA,NA
662,289.194312,289.193923627979,289.193805324312,8151598,NA,362301.5,57.98,-1,0.409080914664661,0.485045727393267,0.859523230357577,0.634836728578991,1,2.06666666666667,0.2,"P1 O3","de-protonated",0,NA,"C15 H31 O3 P1",15,31,3,NA,1,NA,NA,NA,NA,NA,NA
663,289.987159,289.986768739488,289.98686676141,1994109.8,NA,416240.8,12.35,-1,-0.338021934565483,0.979481318480806,0,0.587688791088484,10,0.769230769230769,0.0769230769230769,"N1 S2 P1 O1","de-protonated",0,NA,"C13 H10 O1 S2 N1 P1",13,10,1,1,1,2,NA,NA,NA,NA,NA
664,290.088441,290.088050498243,290.08813997683,3002792.5,NA,392097.7,19.83,-1,-0.308453100633548,0.982884533048832,0,0.589730719829299,4,1.54545454545455,0.727272727272727,"N1 O8","de-protonated",0,NA,"C11 H17 O8 N1",11,17,8,1,NA,NA,NA,NA,NA,NA,NA
669,291.036923,291.036530239044,291.036639430271,1798456.8,NA,348760.1,10.9,-1,-0.375180346153974,0.974782636176206,0,0.584869581705724,4,1.45454545454545,0.454545454545455,"S2 O5","de-protonated",0,NA,"C11 H16 O5 S2",11,16,5,NA,NA,2,NA,NA,NA,NA,NA
670,291.051364,291.050971204647,291.051026191631,1743166.8,NA,414670,10.49,-1,-0.188925579537521,0.993544501632821,0,0.596126700979693,9,0.857142857142857,0.5,"O7","de-protonated",0,NA,"C14 H12 O7",14,12,7,NA,NA,NA,NA,NA,NA,NA,NA
672,291.072473,291.072080154367,291.07215555973,1374791.6,NA,376201.3,7.76,-1,-0.259060722262404,0.987896377995067,0,0.59273782679704,4,1.45454545454545,0.818181818181818,"O9","de-protonated",0,NA,"C11 H16 O9",11,16,9,NA,NA,NA,NA,NA,NA,NA,NA
674,291.087817,291.087424117819,291.087411701015,3434318.3,NA,379278.2,23.02,-1,0.0426566167716081,0.999669892834859,0,0.599801935700915,8,1.06666666666667,0.4,"O6","de-protonated",0,NA,"C15 H16 O6",15,16,6,NA,NA,NA,NA,NA,NA,NA,NA
676,291.106414,291.106021073523,291.10603914567,1389398,NA,410759.4,7.87,-1,-0.0620809762406133,0.999300932585566,0,0.59958055955134,7,1.25,0.1875,"S1 O3","de-protonated",0,NA,"C16 H20 O3 S1",16,20,3,NA,NA,1,NA,NA,NA,NA,NA
677,291.108827,291.108434067775,291.108541069115,2924375,NA,369817.8,19.24,-1,-0.367565096985339,0.97578357746851,0,0.585470146481106,3,1.66666666666667,0.666666666666667,"O8","de-protonated",0,NA,"C12 H20 O8",12,20,8,NA,NA,NA,NA,NA,NA,NA,NA
679,291.124189,291.123796031185,291.123797210399,2278749.5,NA,359858.6,14.46,-1,-0.00405056170803455,0.999997022966735,0,0.599998213780041,7,1.25,0.3125,"O5","de-protonated",0,NA,"C16 H20 O5",16,20,5,NA,NA,NA,NA,NA,NA,NA,NA
680,291.137203,291.136810000186,291.136684370021,14527843,NA,348542.8,105.21,-1,0.431516094195575,0.483388771110177,0.875929598413485,0.6404051020315,2,1.92307692307692,0.384615384615385,"P1 O5","de-protonated",0,NA,"C13 H25 O5 P1",13,25,5,NA,1,NA,NA,NA,NA,NA,NA
681,291.145319,291.144925980855,291.144926578499,2991462.5,NA,374432.8,19.74,-1,-0.00205273762710301,0.999999235424199,0,0.599999541254519,2,1.84615384615385,0.538461538461538,"O7","de-protonated",0,NA,"C13 H24 O7",13,24,7,NA,NA,NA,NA,NA,NA,NA,NA
682,291.160689,291.160295944245,291.160182719784,1436012.9,NA,486458.3,8.22,-1,0.388873437157267,0.972933900259466,0,0.583760340155679,6,1.41176470588235,0.235294117647059,"O4","de-protonated",0,NA,"C17 H24 O4",17,24,4,NA,NA,NA,NA,NA,NA,NA,NA
683,291.173568,291.173174913568,291.173069879406,13952370,NA,339926.7,100.94,-1,0.360727599038482,0.488332827456195,0.867648864333947,0.640059242207295,1,2.07142857142857,0.285714285714286,"P1 O4","de-protonated",0,NA,"C14 H29 O4 P1",14,29,4,NA,1,NA,NA,NA,NA,NA,NA
685,291.209937,291.20954382694,291.20945538879,169115008,NA,356511.1,1250.48,-1,0.303692578481355,0.327801462007667,0.850411781249913,0.536845589704565,0,2.2,0.2,"P1 O3","de-protonated",0,NA,"C15 H33 O3 P1",15,33,3,NA,1,NA,NA,NA,NA,NA,NA
686,292.067714,292.067318783793,292.067404531923,1745386.3,NA,323249.6,10.51,-1,-0.293590209996915,0.984481661915863,0,0.590688997149518,4,1.5,0.9,"N1 O9","de-protonated",0,NA,"C10 H15 O9 N1",10,15,9,1,NA,NA,NA,NA,NA,NA,NA
687,292.104145,292.103749697017,292.103790041308,4694777.5,NA,362278.4,32.36,-1,-0.138116285184851,0.996544648734725,0,0.597926789240835,3,1.72727272727273,0.727272727272727,"N1 O8","de-protonated",0,NA,"C11 H19 O8 N1",11,19,8,1,NA,NA,NA,NA,NA,NA,NA
689,292.132461,292.132065629571,292.131933342214,2087173.4,NA,420694.1,13.04,-1,0.452834289609518,0.963476032486812,0,0.578085619492087,2,2,0.416666666666667,"N1 P1 O5","de-protonated",0,NA,"C12 H24 O5 N1 P1",12,24,5,1,1,NA,NA,NA,NA,NA,NA
690,292.140586,292.140190610218,292.140175550692,2430728.8,NA,350257.9,15.58,-1,0.0515489732891239,0.999517953236125,0,0.599710771941675,2,1.91666666666667,0.583333333333333,"N1 O7","de-protonated",0,NA,"C12 H23 O7 N1",12,23,7,1,NA,NA,NA,NA,NA,NA,NA
691,292.168806,292.168410543001,292.168318851599,1985044.6,NA,384028.3,12.28,-1,0.313830747127232,0.982287902808971,0,0.589372741685383,1,2.15384615384615,0.307692307692308,"N1 P1 O4","de-protonated",0,NA,"C13 H28 O4 N1 P1",13,28,4,1,1,NA,NA,NA,NA,NA,NA
692,292.177066,292.176670523326,292.176561060076,2330392.3,NA,360509.5,14.84,-1,0.374647608387247,0.974853292732272,0,0.584911975639363,1,2.07692307692308,0.461538461538462,"N1 O6","de-protonated",0,NA,"C13 H27 O6 N1",13,27,6,1,NA,NA,NA,NA,NA,NA,NA
693,292.213374,292.212978436844,292.21294656946,23957288,NA,349904.6,175.06,-1,0.109055342699262,0.99866403897466,0.956801413339,0.981918988720396,0,2.21428571428571,0.357142857142857,"N1 O5","de-protonated",0,NA,"C14 H31 O5 N1",14,31,5,1,NA,NA,NA,NA,NA,NA,NA
694,293.067014,293.06661640355,293.066676256109,5961869,NA,340434.3,41.74,-1,-0.20422847147427,0.992460473912264,0,0.595476284347359,8,1,0.5,"O7","de-protonated",0,NA,"C14 H14 O7",14,14,7,NA,NA,NA,NA,NA,NA,NA,NA
697,293.103382,293.102984316924,293.103061765493,3886236.3,NA,352263.4,26.36,-1,-0.264236642151659,0.98741098377624,0,0.592446590265744,7,1.2,0.4,"O6","de-protonated",0,NA,"C15 H18 O6",15,18,6,NA,NA,NA,NA,NA,NA,NA,NA
702,293.176131,293.175733143643,293.175832784262,25153722,NA,339772.9,183.92,-1,-0.339866414325256,0.989611645111638,0.988265670681718,0.98907325533967,5,1.52941176470588,0.235294117647059,"O4","de-protonated",0,NA,"C17 H26 O4",17,26,4,NA,NA,NA,NA,NA,NA,NA,NA
703,293.179508,293.179110135599,293.179204087632,47956156,NA,341154.8,352.86,-1,-0.320459403241456,0.980005787472826,0.992882846822362,0.98515661121264,0,2.14285714285714,0.285714285714286,"S1 O4","de-protonated",0,NA,"C14 H30 O4 S1",14,30,4,NA,NA,1,NA,NA,NA,NA,NA
707,294.083403,294.083002982602,294.083054596401,3214902,NA,348520.5,20.9,-1,-0.175507559300939,0.994426443868217,0,0.59665586632093,3,1.7,0.9,"N1 O9","de-protonated",0,NA,"C10 H17 O9 N1",10,17,9,1,NA,NA,NA,NA,NA,NA,NA
708,294.119785,294.119384895943,294.119440105786,5456453,NA,354306.7,37.13,-1,-0.187712318835004,0.993626884576551,0,0.596176130745931,2,1.90909090909091,0.727272727272727,"N1 O8","de-protonated",0,NA,"C11 H21 O8 N1",11,21,8,1,NA,NA,NA,NA,NA,NA,NA
709,294.156167,294.155766809285,294.15582561517,1780308.3,NA,442636.5,10.51,-1,-0.199914058848288,0.992774518985941,0,0.595664711391565,1,2.08333333333333,0.583333333333333,"N1 O7","de-protonated",0,NA,"C12 H25 O7 N1",12,25,7,1,NA,NA,NA,NA,NA,NA,NA
712,294.184471,294.184070741867,294.183968916077,2736224,NA,355271.5,17.44,-1,0.346129637319514,0.978495988727108,0,0.587097593236265,0,2.30769230769231,0.307692307692308,"N1 P1 O4","de-protonated",0,NA,"C13 H30 O4 N1 P1",13,30,4,1,1,NA,NA,NA,NA,NA,NA
716,294.938195,294.937792946564,294.937653662975,2528666,NA,316707.5,15.93,-1,0.472247566241014,0.960341546423712,0,0.576204927854227,10,0.363636363636364,0.545454545454545,"S2 O6","de-protonated",0,NA,"C11 H4 O6 S2",11,4,6,NA,NA,2,NA,NA,NA,NA,NA
717,295.046351,295.045948688946,295.045940811203,2782151,NA,398035.6,17.77,-1,0.0267000583180289,0.999870654846756,0,0.599922392908054,8,0.923076923076923,0.615384615384615,"O8","de-protonated",0,NA,"C13 H12 O8",13,12,8,NA,NA,NA,NA,NA,NA,NA,NA
720,295.082712,295.082309602338,295.082326320587,3390934.3,NA,390162.1,22.17,-1,-0.0566562197629754,0.999417732503091,0,0.599650639501855,7,1.14285714285714,0.5,"O7","de-protonated",0,NA,"C14 H16 O7",14,16,7,NA,NA,NA,NA,NA,NA,NA,NA
723,295.119126,295.118723515603,295.118711829971,3875813.3,NA,354740,25.69,-1,0.0395963767681466,0.999715551957218,0,0.599829331174331,6,1.33333333333333,0.4,"O6","de-protonated",0,NA,"C15 H20 O6",15,20,6,NA,NA,NA,NA,NA,NA,NA,NA
725,295.137684,295.137281471399,295.137339274626,23065582,NA,341197.6,164.64,-1,-0.195851961117025,0.989451237587868,0.979344478710975,0.985408534037111,5,1.5,0.1875,"S1 O3","de-protonated",0,NA,"C16 H24 O3 S1",16,24,3,NA,NA,1,NA,NA,NA,NA,NA
726,295.140199,295.139796465409,295.139841198071,1411054.1,NA,400645.1,7.84,-1,-0.151564294148711,0.995840483666512,0,0.597504290199907,1,2,0.666666666666667,"O8","de-protonated",0,NA,"C12 H24 O8",12,24,8,NA,NA,NA,NA,NA,NA,NA,NA
728,295.155496,295.155093428973,295.155097339355,1727732.5,NA,370266.2,10.13,-1,-0.0132485689066339,0.999968151803058,0,0.599980891081835,5,1.5,0.3125,"O5","de-protonated",0,NA,"C16 H24 O5",16,24,5,NA,NA,NA,NA,NA,NA,NA,NA
729,295.168533,295.16813039792,295.167984498977,3028474,NA,362082.6,19.55,-1,0.494291217533797,0.956636077690404,0,0.573981646614242,0,2.23076923076923,0.384615384615385,"P1 O5","de-protonated",0,NA,"C13 H29 O5 P1",13,29,5,NA,1,NA,NA,NA,NA,NA,NA
731,296.09908,296.09867518144,296.098704660879,3637628.3,NA,328590.4,23.96,-1,-0.0995594997813852,0.998203079963157,0,0.598921847977894,2,1.9,0.9,"N1 O9","de-protonated",0,NA,"C10 H19 O9 N1",10,19,9,1,NA,NA,NA,NA,NA,NA,NA
734,296.135513,296.13510809466,296.135090170264,2127755.5,NA,352346.1,13.02,-1,0.0605277699631884,0.99933546351062,0,0.599601278106372,1,2.09090909090909,0.727272727272727,"N1 O8","de-protonated",0,NA,"C11 H23 O8 N1",11,23,8,1,NA,NA,NA,NA,NA,NA,NA
739,297.061988,297.06158088788,297.061590875681,3852043,NA,354234.7,25.51,-1,-0.0336219863441287,0.99979490455111,0,0.599876942730666,7,1.07692307692308,0.615384615384615,"O8","de-protonated",0,NA,"C13 H14 O8",13,14,8,NA,NA,NA,NA,NA,NA,NA,NA
740,297.074934,297.074526857044,297.074478035303,3777296.5,NA,346320.2,24.97,-1,0.164341754770816,0.995111383719009,0,0.597066830231405,2,1.9,0.8,"P1 O8","de-protonated",0,NA,"C10 H19 O8 P1",10,19,8,NA,1,NA,NA,NA,NA,NA,NA
742,297.09836,297.097952801245,297.097976385065,5923610,NA,340255.6,40.51,-1,-0.0793806143307809,0.99885729405768,0,0.599314376434608,6,1.28571428571429,0.5,"O7","de-protonated",0,NA,"C14 H18 O7",14,18,7,NA,NA,NA,NA,NA,NA,NA,NA
743,297.111359,297.110951770283,297.110863544687,17741600,NA,342198.6,126.09,-1,0.296945034667405,0.971897480207767,0.986039786212224,0.97755440260955,1,2.09090909090909,0.636363636363636,"P1 O7","de-protonated",0,NA,"C11 H23 O7 P1",11,23,7,NA,1,NA,NA,NA,NA,NA,NA
745,297.134746,297.134338714577,297.134361894449,5947177,NA,350068.2,40.68,-1,-0.0780114161478016,0.998896352490788,0,0.599337811494473,5,1.46666666666667,0.4,"O6","de-protonated",0,NA,"C15 H22 O6",15,22,6,NA,NA,NA,NA,NA,NA,NA,NA
746,297.141713,297.141305697982,297.141375827257,10805036,NA,345306.9,75.86,-1,-0.236013158604954,0.494971906001398,0.828487690504102,0.62837821980248,9,1.21052631578947,0.0526315789473684,"P1 O1","de-protonated",0,NA,"C19 H23 O1 P1",19,23,1,NA,1,NA,NA,NA,NA,NA,NA
749,297.158955,297.158547656913,297.158482443363,10180403,NA,380296.1,71.33,-1,0.219457136701077,0.495649621749333,0.892974475612838,0.654579563294735,0,2.45454545454545,0.454545454545455,"N2 P1 O5","de-protonated",0,NA,"C11 H27 O5 N2 P1",11,27,5,2,1,NA,NA,NA,NA,NA,NA
750,297.171097,297.170689627992,297.170747403833,4009272.3,NA,344003.9,26.65,-1,-0.194419679507526,0.993164885356206,0,0.595898931213724,4,1.625,0.3125,"O5","de-protonated",0,NA,"C16 H26 O5",16,26,5,NA,NA,NA,NA,NA,NA,NA,NA
755,299.041226,299.040814173512,299.040855430774,2085435,NA,346736.5,12.71,-1,-0.13796530170479,0.996552186092076,0,0.597931311655246,7,1,0.75,"O9","de-protonated",0,NA,"C12 H12 O9",12,12,9,NA,NA,NA,NA,NA,NA,NA,NA
758,299.077677,299.077265086689,299.077240940159,4214346,NA,352697.7,28.13,-1,0.0807367714500656,0.998817939302333,0,0.5992907635814,6,1.23076923076923,0.615384615384615,"O8","de-protonated",0,NA,"C13 H16 O8",13,16,8,NA,NA,NA,NA,NA,NA,NA,NA
759,299.090527,299.090115056082,299.090128099781,2001487.3,NA,408494.4,12.1,-1,-0.0436112646920255,0.999654954590485,0,0.599792972754291,1,2.1,0.8,"P1 O8","de-protonated",0,NA,"C10 H21 O8 P1",10,21,8,NA,1,NA,NA,NA,NA,NA,NA
760,299.105931,299.105519019391,299.105384241065,2022485.6,NA,370450.9,12.25,-1,0.450604812039508,0.963828221739085,0,0.578296933043451,5,1.5,0.357142857142857,"P1 O5","de-protonated",0,NA,"C14 H21 O5 P1",14,21,5,NA,1,NA,NA,NA,NA,NA,NA
762,299.114011,299.113599000145,299.113626449543,9769561,NA,326874.4,68.35,-1,-0.0917691317885942,0.999225402258866,0.993113908227638,0.996780804646375,5,1.42857142857143,0.5,"O7","de-protonated",0,NA,"C14 H20 O7",14,20,7,NA,NA,NA,NA,NA,NA,NA,NA
763,299.126976,299.126563969264,299.126513609165,5237342.5,NA,334968.3,35.53,-1,0.168357188318237,0.994870195133295,0,0.596922117079977,0,2.27272727272727,0.636363636363636,"P1 O7","de-protonated",0,NA,"C11 H25 O7 P1",11,25,7,NA,1,NA,NA,NA,NA,NA,NA
765,299.150321,299.149908913658,299.150011958927,13101672,NA,315079,92.48,-1,-0.344460187511546,0.489350352377435,0.859523230357577,0.637419503569492,4,1.6,0.4,"O6","de-protonated",0,NA,"C15 H24 O6",15,24,6,NA,NA,NA,NA,NA,NA,NA,NA
766,299.15753,299.157117896487,299.157025891735,6037099,NA,313055.6,41.32,-1,0.307546686472829,0.491492058066533,0.828487690504102,0.626290311041561,8,1.31578947368421,0.0526315789473684,"P1 O1","de-protonated",0,NA,"C19 H25 O1 P1",19,25,1,NA,1,NA,NA,NA,NA,NA,NA
768,299.18678,299.186367826816,299.186397468311,14606967,NA,341041.4,103.38,-1,-0.0990736739295409,0.998437125390602,0.970708122897533,0.987345524393374,3,1.75,0.3125,"O5","de-protonated",0,NA,"C16 H28 O5",16,28,5,NA,NA,NA,NA,NA,NA,NA,NA
769,299.223176,299.222763740124,299.222782977696,10123910,NA,341870.3,70.92,-1,-0.0642918019604297,0.989554216350588,0.968479313560066,0.981124255234379,2,1.88235294117647,0.235294117647059,"O4","de-protonated",0,NA,"C17 H32 O4",17,32,4,NA,NA,NA,NA,NA,NA,NA,NA
770,300.109206,300.10879162968,300.108875421736,1320689.4,NA,457466.1,7.17,-1,-0.279205524754788,0.985954606076338,0,0.591572763645802,5,1.46153846153846,0.538461538461538,"N1 O7","de-protonated",0,NA,"C13 H19 O7 N1",13,19,7,1,NA,NA,NA,NA,NA,NA,NA
772,300.152559,300.152144526417,300.152274863928,8165379,NA,324278.1,56.73,-1,-0.434237957663713,0.4831821291982,0.836034543948893,0.624323095098477,8,1.33333333333333,0.0555555555555556,"N1 P1 O1","de-protonated",0,NA,"C18 H24 O1 N1 P1",18,24,1,1,1,NA,NA,NA,NA,NA,NA
777,301.056812,301.056395372567,301.056505495252,1359989.3,NA,423285.8,7.45,-1,-0.365787428339708,0.976014423441931,0,0.585608654065159,6,1.16666666666667,0.75,"O9","de-protonated",0,NA,"C12 H14 O9",12,14,9,NA,NA,NA,NA,NA,NA,NA,NA
778,301.072215,301.071798335879,301.071761636537,1654651.5,NA,369954,9.58,-1,0.121895661661699,0.997307566317607,0,0.598384539790564,10,0.875,0.375,"O6","de-protonated",0,NA,"C16 H14 O6",16,14,6,NA,NA,NA,NA,NA,NA,NA,NA
780,301.093265,301.09284828574,301.092891004637,7652740,NA,356865.5,53.02,-1,-0.141879460969614,0.498177069973537,0.875929598413485,0.649278081349516,5,1.38461538461538,0.615384615384615,"O8","de-protonated",0,NA,"C13 H18 O8",13,18,8,NA,NA,NA,NA,NA,NA,NA,NA
781,301.108511,301.108094249425,301.108147145921,1709706.4,NA,362437.5,9.98,-1,-0.175672750709323,0.994415976395903,0,0.596649585837542,9,1.05882352941176,0.294117647058824,"O5","de-protonated",0,NA,"C17 H18 O5",17,18,5,NA,NA,NA,NA,NA,NA,NA,NA
782,301.121566,301.121149218329,301.121034305543,3903887.8,NA,336245.6,25.87,-1,0.381616601154811,0.973921479207221,0,0.584352887524333,4,1.64285714285714,0.357142857142857,"P1 O5","de-protonated",0,NA,"C14 H23 O5 P1",14,23,5,NA,1,NA,NA,NA,NA,NA,NA
784,301.129688,301.129271198983,301.129276514021,19991956,NA,347434.3,142.37,-1,-0.0176503517086042,0.999731784130606,0.977457715267722,0.990822156585453,4,1.57142857142857,0.5,"O7","de-protonated",0,NA,"C14 H22 O7",14,22,7,NA,NA,NA,NA,NA,NA,NA,NA
785,301.166082,301.165665112296,301.165662023405,22146466,NA,333611.7,157.97,-1,0.0102564510755842,0.499990456362977,0.859523230357577,0.643803565960817,3,1.73333333333333,0.4,"O6","de-protonated",0,NA,"C15 H26 O6",15,26,6,NA,NA,NA,NA,NA,NA,NA,NA
786,301.202466,301.202049025633,301.202047532789,8648113,NA,343136.6,60.23,-1,0.0049562847855431,0.988600253460034,0.995195845999621,0.991238490475869,2,1.875,0.3125,"O5","de-protonated",0,NA,"C16 H30 O5",16,30,5,NA,NA,NA,NA,NA,NA,NA,NA
787,302.088423,302.088003915362,302.08813997683,1362970.3,NA,418001,7.47,-1,-0.450403207435973,0.963859989728202,0,0.578315993836921,5,1.41666666666667,0.666666666666667,"N1 O8","de-protonated",0,NA,"C12 H17 O8 N1",12,17,8,1,NA,NA,NA,NA,NA,NA,NA
788,302.124803,302.124383828709,302.124525486214,2280745,NA,391667.3,14.11,-1,-0.468871254599244,0.960895395880787,0,0.576537237528472,4,1.61538461538462,0.538461538461538,"N1 O7","de-protonated",0,NA,"C13 H21 O7 N1",13,21,7,1,NA,NA,NA,NA,NA,NA,NA
791,302.172532,302.172112715022,302.17214438489,2142268.5,NA,304844.5,13.11,-1,-0.104807371262567,0.998008846450797,0,0.598805307870478,3,1.92307692307692,0.384615384615385,"N3 O5","de-protonated",0,NA,"C13 H25 O5 N3",13,25,5,3,NA,NA,NA,NA,NA,NA,NA
795,303.051397,303.050975621645,303.051026191631,2128546.3,NA,348946.6,12.71,-1,-0.166869542567071,0.99496022322942,0,0.596976133937652,10,0.8,0.466666666666667,"O7","de-protonated",0,NA,"C15 H12 O7",15,12,7,NA,NA,NA,NA,NA,NA,NA,NA
798,303.072618,303.072196571098,303.07215555973,1495210.9,NA,345957,8.23,-1,0.135318824915596,0.99668297317926,0,0.598009783907556,5,1.33333333333333,0.75,"O9","de-protonated",0,NA,"C12 H16 O9",12,16,9,NA,NA,NA,NA,NA,NA,NA,NA
799,303.087733,303.087311535096,303.087411701015,2661553,NA,362332.9,16.47,-1,-0.330485251528877,0.980377167550561,0,0.588226300530337,9,1,0.375,"O6","de-protonated",0,NA,"C16 H16 O6",16,16,6,NA,NA,NA,NA,NA,NA,NA,NA
800,303.100871,303.100449503802,303.100298860637,8249526.5,NA,351128.7,55.99,-1,0.497007642385864,0.963596549320868,0.832882002568495,0.911310730619919,4,1.61538461538462,0.461538461538462,"P1 O6","de-protonated",0,NA,"C13 H21 O6 P1",13,21,6,NA,1,NA,NA,NA,NA,NA,NA
801,303.10648,303.106058490442,303.10603914567,1563064.6,NA,345826.9,8.71,-1,0.0638217962935466,0.999261192329605,0,0.599556715397763,8,1.17647058823529,0.176470588235294,"S1 O3","de-protonated",0,NA,"C17 H20 O3 S1",17,20,3,NA,NA,1,NA,NA,NA,NA,NA
802,303.108918,303.108496484635,303.108541069115,10649786,NA,328845.8,72.97,-1,-0.147090806184503,0.997975160551041,0.981516040312578,0.991391512455656,4,1.53846153846154,0.615384615384615,"O8","de-protonated",0,NA,"C13 H20 O8",13,20,8,NA,NA,NA,NA,NA,NA,NA,NA
803,303.124163,303.123741448323,303.123797210399,1882815.8,NA,416818.7,10.97,-1,-0.183958096648181,0.993878484268996,0,0.596327090561397,8,1.17647058823529,0.294117647058824,"O5","de-protonated",0,NA,"C17 H20 O5",17,20,5,NA,NA,NA,NA,NA,NA,NA,NA
804,303.137236,303.136814417184,303.136684370021,7327941,NA,344559,49.47,-1,0.42900503037481,0.971031793410342,0.865283518018632,0.928732483253658,3,1.78571428571429,0.357142857142857,"P1 O5","de-protonated",0,NA,"C14 H25 O5 P1",14,25,5,NA,1,NA,NA,NA,NA,NA,NA
805,303.145299,303.144877397979,303.144926578499,13654216,NA,330785.6,94.21,-1,-0.162234350431433,0.993690518713015,0.996956621961428,0.99499696001238,3,1.71428571428571,0.5,"O7","de-protonated",0,NA,"C14 H24 O7",14,24,7,NA,NA,NA,NA,NA,NA,NA,NA
806,303.173618,303.173196330525,303.173069879406,2173652,NA,367342.5,13.02,-1,0.417092189499047,0.968927118498859,0,0.581356271099315,2,1.93333333333333,0.266666666666667,"P1 O4","de-protonated",0,NA,"C15 H29 O4 P1",15,29,4,NA,1,NA,NA,NA,NA,NA,NA
807,303.18172,303.181298311227,303.181312087883,5831895,NA,346798.3,38.89,-1,-0.045440320825942,0.999625410799379,0,0.599775246479627,2,1.86666666666667,0.4,"O6","de-protonated",0,NA,"C15 H28 O6",15,28,6,NA,NA,NA,NA,NA,NA,NA,NA
808,303.210007,303.20958524385,303.20945538879,2393826.8,NA,372585.2,14.58,-1,0.428268504031698,0.967267480396987,0,0.580360488238192,1,2.0625,0.1875,"P1 O3","de-protonated",0,NA,"C16 H33 O3 P1",16,33,3,NA,1,NA,NA,NA,NA,NA,NA
814,305.030693,305.030266907139,305.030290746725,1836740.6,NA,341906.5,10.64,-1,-0.0781548131129977,0.998892293664566,0,0.59933537619874,10,0.714285714285714,0.571428571428571,"O8","de-protonated",0,NA,"C14 H10 O8",14,10,8,NA,NA,NA,NA,NA,NA,NA,NA
815,305.066981,305.066554820704,305.066676256109,2169811.3,NA,336388.6,12.99,-1,-0.398061846579928,0.971658249901516,0,0.582994949940909,9,0.933333333333333,0.466666666666667,"O7","de-protonated",0,NA,"C15 H14 O7",15,14,7,NA,NA,NA,NA,NA,NA,NA,NA
817,305.088139,305.087712770308,305.087805624208,1695707.9,NA,399424.2,9.64,-1,-0.304351398658217,0.983332908076378,0,0.589999744845827,4,1.5,0.75,"O9","de-protonated",0,NA,"C12 H18 O9",12,18,9,NA,NA,NA,NA,NA,NA,NA,NA
819,305.10342,305.10299373391,305.103061765493,3326434,NA,347033.8,21.17,-1,-0.222979024776205,0.991019007853729,0,0.594611404712237,8,1.125,0.375,"O6","de-protonated",0,NA,"C16 H18 O6",16,18,6,NA,NA,NA,NA,NA,NA,NA,NA
821,305.124611,305.124184683435,305.124191133593,3860458.5,NA,358437.2,24.95,-1,-0.0211394501484963,0.999918918160191,0,0.599951350896114,3,1.69230769230769,0.615384615384615,"O8","de-protonated",0,NA,"C13 H22 O8",13,22,8,NA,NA,NA,NA,NA,NA,NA,NA
823,305.139734,305.139307647413,305.139447274877,1556720.8,NA,401769.9,8.66,-1,-0.457585754262568,0.962720081521243,0,0.577632048912746,7,1.29411764705882,0.294117647058824,"O5","de-protonated",0,NA,"C17 H22 O5",17,22,5,NA,NA,NA,NA,NA,NA,NA,NA
825,305.161081,305.160654596567,305.160576642977,2031097.4,NA,349546.6,12.01,-1,0.255451050331484,0.988229345190882,0,0.592937607114529,2,1.85714285714286,0.5,"O7","de-protonated",0,NA,"C14 H26 O7",14,26,7,NA,NA,NA,NA,NA,NA,NA,NA
826,305.17619,305.175763560578,305.175832784262,2275327.5,NA,376039.2,13.74,-1,-0.226832127450764,0.990707400049267,0,0.59442444002956,6,1.44444444444444,0.222222222222222,"O4","de-protonated",0,NA,"C18 H26 O4",18,26,4,NA,NA,NA,NA,NA,NA,NA,NA
827,305.189281,305.188854529397,305.188719943884,39687172,NA,323658.3,278.3,-1,0.440991112150765,0.96861292707833,0.997413056585778,0.980132978881309,1,2.06666666666667,0.266666666666667,"P1 O4","de-protonated",0,NA,"C15 H31 O4 P1",15,31,4,NA,1,NA,NA,NA,NA,NA,NA
829,306.083379,306.082950399736,306.083054596401,3604845.8,NA,331120.1,23.14,-1,-0.340419582791806,0.979192261290523,0,0.587515356774314,4,1.54545454545455,0.818181818181818,"N1 O9","de-protonated",0,NA,"C11 H17 O9 N1",11,17,9,1,NA,NA,NA,NA,NA,NA,NA
830,306.098674,306.098245363304,306.098310737686,1622643.9,NA,374051.5,9.12,-1,-0.213573154803757,0.99175764771528,0,0.595054588629168,8,1.13333333333333,0.4,"N1 O6","de-protonated",0,NA,"C15 H17 O6 N1",15,17,6,1,NA,NA,NA,NA,NA,NA,NA
832,306.119816,306.119387312946,306.119440105786,6345084.5,NA,327841.4,42.51,-1,-0.172458304811507,0.994617912931496,0,0.596770747758898,3,1.75,0.666666666666667,"N1 O8","de-protonated",0,NA,"C12 H21 O8 N1",12,21,8,1,NA,NA,NA,NA,NA,NA,NA
834,306.156244,306.155815226178,306.15582561517,4144523,NA,359150.8,26.95,-1,-0.033933674794748,0.999791084700519,0,0.599874650820311,2,1.92307692307692,0.538461538461538,"N1 O7","de-protonated",0,NA,"C13 H25 O7 N1",13,25,7,1,NA,NA,NA,NA,NA,NA,NA
835,306.184533,306.184104158796,306.183968916077,2213270.5,NA,382239.6,13.3,-1,0.441704114980623,0.965218192588569,0,0.579130915553142,1,2.14285714285714,0.285714285714286,"N1 P1 O4","de-protonated",0,NA,"C14 H30 O4 N1 P1",14,30,4,1,1,NA,NA,NA,NA,NA,NA
839,307.046269,307.045838106218,307.045940811203,2574065.5,NA,352028.1,15.84,-1,-0.334493868707769,0.979903095246825,0,0.587941857148095,9,0.857142857142857,0.571428571428571,"O8","de-protonated",0,NA,"C14 H12 O8",14,12,8,NA,NA,NA,NA,NA,NA,NA,NA
842,307.082686,307.082255019476,307.082326320587,4658944,NA,340273.4,30.59,-1,-0.232188911045389,0.990265484737498,0,0.594159290842499,8,1.06666666666667,0.466666666666667,"O7","de-protonated",0,NA,"C15 H16 O7",15,16,7,NA,NA,NA,NA,NA,NA,NA,NA
845,307.11908,307.118648932789,307.118711829971,4033294.8,NA,349199.8,26.16,-1,-0.204797624063062,0.99241855233567,0,0.595451131401402,7,1.25,0.375,"O6","de-protonated",0,NA,"C16 H20 O6",16,20,6,NA,NA,NA,NA,NA,NA,NA,NA
847,307.137822,307.137390888147,307.137339274626,1769750.3,NA,451092.8,10.16,-1,0.168047040325664,0.994889029662992,0,0.596933417797795,6,1.41176470588235,0.176470588235294,"S1 O3","de-protonated",0,NA,"C17 H24 O3 S1",17,24,3,NA,NA,1,NA,NA,NA,NA,NA
849,307.155456,307.155024846144,307.155097339355,1657885.4,NA,360964.8,9.37,-1,-0.236015002678059,0.989943655648296,0,0.593966193388978,6,1.41176470588235,0.294117647058824,"O5","de-protonated",0,NA,"C17 H24 O5",17,24,5,NA,NA,NA,NA,NA,NA,NA,NA
850,307.158787,307.15835583821,307.158468642725,2118430.8,NA,342153.4,12.62,-1,-0.367251848237779,0.975824332844897,0,0.585494599706938,1,2,0.357142857142857,"S1 O5","de-protonated",0,NA,"C14 H28 O5 S1",14,28,5,NA,NA,1,NA,NA,NA,NA,NA
851,307.168541,307.168109814977,307.167984498977,14354211,NA,319274.2,99.15,-1,0.407972203831909,0.982734229346454,0.983179153007776,0.982912198810983,1,2.07142857142857,0.357142857142857,"P1 O5","de-protonated",0,NA,"C14 H29 O5 P1",14,29,5,NA,1,NA,NA,NA,NA,NA,NA
853,307.1952,307.194768751478,307.19485415211,11534125,NA,331126.4,79.21,-1,-0.278001506178865,0.986402260964204,0.963463579598669,0.97722678841799,0,2.13333333333333,0.266666666666667,"S1 O4","de-protonated",0,NA,"C15 H32 O4 S1",15,32,4,NA,NA,1,NA,NA,NA,NA,NA
854,307.204866,307.204434728454,307.204370008362,13051697,NA,319391.1,89.94,-1,0.210674386967953,0.991784319665316,0.985085307776328,0.989104714909721,0,2.2,0.266666666666667,"P1 O4","de-protonated",0,NA,"C15 H33 O4 P1",15,33,4,NA,1,NA,NA,NA,NA,NA,NA
856,308.099152,308.098718598345,308.098704660879,6609048.5,NA,335676.2,44.38,-1,0.0452370151829784,0.999628754597334,0,0.5997772527584,3,1.72727272727273,0.818181818181818,"N1 O9","de-protonated",0,NA,"C11 H19 O9 N1",11,19,9,1,NA,NA,NA,NA,NA,NA,NA
858,308.127385,308.126951531097,308.126847961786,1888419.8,NA,386244,10.99,-1,0.336125563673444,0.979708555229021,0,0.587825133137413,2,2,0.5,"N1 P1 O6","de-protonated",0,NA,"C12 H24 O6 N1 P1",12,24,6,1,1,NA,NA,NA,NA,NA,NA
859,308.135543,308.135109511665,308.135090170264,5394599,NA,320345.2,35.79,-1,0.0627692267845576,0.99928535204392,0,0.599571211226352,2,1.91666666666667,0.666666666666667,"N1 O8","de-protonated",0,NA,"C12 H23 O8 N1",12,23,8,1,NA,NA,NA,NA,NA,NA,NA
860,308.163693,308.163259444614,308.16323347117,1721010.3,NA,380675.4,9.81,-1,0.0842846936011137,0.998711835337163,0,0.599227101202298,1,2.15384615384615,0.384615384615385,"N1 P1 O5","de-protonated",0,NA,"C13 H28 O5 N1 P1",13,28,5,1,1,NA,NA,NA,NA,NA,NA
864,308.200103,308.199669357889,308.199618980555,2862273,NA,343357.7,17.88,-1,0.1634568344757,0.995163761631737,0,0.597098256979042,0,2.28571428571429,0.285714285714286,"N1 P1 O4","de-protonated",0,NA,"C14 H32 O4 N1 P1",14,32,4,1,1,NA,NA,NA,NA,NA,NA
867,309.056295,309.055859318516,309.055717648866,1584151.9,NA,322308.8,8.84,-1,0.458395176340135,0.962590576643797,0,0.577554345986278,17,0.476190476190476,0.142857142857143,"O3","de-protonated",0,NA,"C21 H10 O3",21,10,3,NA,NA,NA,NA,NA,NA,NA,NA
868,309.061964,309.061528305013,309.061590875681,4400666,NA,345281.6,28.76,-1,-0.202453715377158,0.99259045773743,0,0.595554274642458,8,1,0.571428571428571,"O8","de-protonated",0,NA,"C14 H14 O8",14,14,8,NA,NA,NA,NA,NA,NA,NA,NA
871,309.098341,309.097905218366,309.097976385065,6799912.5,NA,339270.8,45.72,-1,-0.230239936428222,0.495213719444161,0.859523230357577,0.640937523809527,7,1.2,0.466666666666667,"O7","de-protonated",0,NA,"C15 H18 O7",15,18,7,NA,NA,NA,NA,NA,NA,NA,NA
872,309.111446,309.111010187152,309.110863544687,35224108,NA,331188.5,246.73,-1,0.474400876632908,0.970570504835494,0.994366106878993,0.980088745652894,2,1.91666666666667,0.583333333333333,"P1 O7","de-protonated",0,NA,"C12 H23 O7 P1",12,23,7,NA,1,NA,NA,NA,NA,NA,NA
874,309.134728,309.134292131696,309.134361894449,2871863.3,NA,328277.6,17.94,-1,-0.225671299919867,0.990801829943763,0,0.594481097966258,6,1.375,0.375,"O6","de-protonated",0,NA,"C16 H22 O6",16,22,6,NA,NA,NA,NA,NA,NA,NA,NA
875,309.147781,309.147345100605,309.147249054071,13914685,NA,330225.4,96.04,-1,0.310682155348362,0.985196270110118,0.999226619564404,0.990808409891832,1,2.07692307692308,0.461538461538462,"P1 O6","de-protonated",0,NA,"C13 H27 O6 P1",13,27,6,NA,1,NA,NA,NA,NA,NA,NA
876,309.153373,309.152937087285,309.152989339104,23870014,NA,325747.1,166.44,-1,-0.169016055764522,0.659609542835519,0.963604993660143,0.781207723165368,5,1.52941176470588,0.176470588235294,"S1 O3","de-protonated",0,NA,"C17 H26 O3 S1",17,26,3,NA,NA,1,NA,NA,NA,NA,NA
878,309.171139,309.170703044968,309.170747403833,3569733.8,NA,339196.9,22.88,-1,-0.143476915808255,0.996271732631251,0,0.597763039578751,5,1.52941176470588,0.294117647058824,"O5","de-protonated",0,NA,"C17 H26 O5",17,26,5,NA,NA,NA,NA,NA,NA,NA,NA
879,309.174448,309.174012037086,309.174118707203,22383176,NA,325662.2,155.92,-1,-0.345016321298617,0.985716747799367,0.99326264243231,0.988735105652544,0,2.14285714285714,0.357142857142857,"S1 O5","de-protonated",0,NA,"C14 H30 O5 S1",14,30,5,NA,NA,1,NA,NA,NA,NA,NA
880,309.184061,309.183625014189,309.183634563455,3763275,NA,332370.5,24.25,-1,-0.0308854199479154,0.999826929413527,0,0.599896157648116,0,2.21428571428571,0.357142857142857,"P1 O5","de-protonated",0,NA,"C14 H31 O5 P1",14,31,5,NA,1,NA,NA,NA,NA,NA,NA
883,310.09372,310.093281847463,310.093225357258,1517750.6,NA,372714.7,8.37,-1,0.182171684163437,0.993996442890594,0,0.596397865734356,7,1.21428571428571,0.5,"N1 O7","de-protonated",0,NA,"C14 H17 O7 N1",14,17,7,1,NA,NA,NA,NA,NA,NA,NA
891,311.041242,311.040801590551,311.040855430774,2212656.5,NA,358605.5,13.28,-1,-0.173096951145167,0.994578085771763,0,0.596746851463058,8,0.923076923076923,0.692307692307692,"O9","de-protonated",0,NA,"C13 H12 O9",13,12,9,NA,NA,NA,NA,NA,NA,NA,NA
893,311.077589,311.077148503975,311.077240940159,4703551,NA,326946.9,30.89,-1,-0.297148653592263,0.984106227340819,0,0.590463736404491,7,1.14285714285714,0.571428571428571,"O8","de-protonated",0,NA,"C14 H16 O8",14,16,8,NA,NA,NA,NA,NA,NA,NA,NA
895,311.092875,311.092434467565,311.092497081443,2749253,NA,356061.1,17.07,-1,-0.201270936187724,0.992676464318101,0,0.59560587859086,11,0.888888888888889,0.277777777777778,"O5","de-protonated",0,NA,"C18 H16 O5",18,16,5,NA,NA,NA,NA,NA,NA,NA,NA
897,311.113975,311.113534417307,311.113626449543,6924621.5,NA,331521.5,46.6,-1,-0.295815509244545,0.492123697071638,0.859523230357577,0.639083510386013,6,1.33333333333333,0.466666666666667,"O7","de-protonated",0,NA,"C15 H20 O7",15,20,7,NA,NA,NA,NA,NA,NA,NA,NA
898,311.127104,311.126663386035,311.126513609165,13167955,NA,343596.4,90.75,-1,0.481401820463859,0.97355209560846,0.947892600260835,0.96328829746941,1,2.08333333333333,0.583333333333333,"P1 O7","de-protonated",0,NA,"C12 H25 O7 P1",12,25,7,NA,1,NA,NA,NA,NA,NA,NA
899,311.14235,311.14190934972,311.14176975045,11638105,NA,321341.5,79.93,-1,0.448667726961109,0.482066457248373,0.85154837932281,0.629859226078148,5,1.5625,0.25,"P1 O4","de-protonated",0,NA,"C16 H25 O4 P1",16,25,4,NA,1,NA,NA,NA,NA,NA,NA
901,311.150362,311.149921330636,311.150011958927,5395804,NA,308937.9,35.79,-1,-0.291268800332494,0.984724221214486,0,0.590834532728691,5,1.5,0.375,"O6","de-protonated",0,NA,"C16 H24 O6",16,24,6,NA,NA,NA,NA,NA,NA,NA,NA
904,311.186831,311.186390243771,311.186397468311,2141546.5,NA,364732.2,12.77,-1,-0.0232161203856177,0.999902206073008,0,0.599941323643804,4,1.64705882352941,0.294117647058824,"O5","de-protonated",0,NA,"C17 H28 O5",17,28,5,NA,NA,NA,NA,NA,NA,NA,NA
905,311.223224,311.222783157086,311.222782977696,3243385,NA,356952,20.57,-1,0.000576403770368455,0.999999939715253,0,0.599999963829152,3,1.77777777777778,0.222222222222222,"O4","de-protonated",0,NA,"C18 H32 O4",18,32,4,NA,NA,NA,NA,NA,NA,NA,NA
910,312.172331,312.171887896398,312.171750461697,496312064,NA,338443.4,3422.25,-1,0.440253483544348,0.160907048134564,0.812007446386055,0.421347207435161,9,1.27777777777778,0.111111111111111,"N3 O2","de-protonated",0,NA,"C18 H23 O2 N3",18,23,2,3,NA,NA,NA,NA,NA,NA,NA
913,313.056947,313.056501789322,313.056505495252,2529873.5,NA,353621.2,15.14,-1,-0.0118378957715204,0.999974572870761,0,0.599984743722456,7,1.07692307692308,0.692307692307692,"O9","de-protonated",0,NA,"C13 H14 O9",13,14,9,NA,NA,NA,NA,NA,NA,NA,NA
915,313.069904,313.06945875846,313.069392654874,1461078.5,NA,354891.2,7.76,-1,0.211146751504283,0.991943114266329,0,0.595165868559798,2,1.9,0.9,"P1 O9","de-protonated",0,NA,"C10 H19 O9 P1",10,19,9,NA,1,NA,NA,NA,NA,NA,NA
916,313.085147,313.084701722152,313.084648796159,1495644.6,NA,395813.9,8,-1,0.169046911684784,0.994828186710694,0,0.596896912026416,6,1.35714285714286,0.428571428571429,"P1 O6","de-protonated",0,NA,"C14 H19 O6 P1",14,19,6,NA,1,NA,NA,NA,NA,NA,NA
918,313.093237,313.092791702882,313.092891004637,6277216,NA,336607.3,40.99,-1,-0.31716387363655,0.98191311348329,0,0.589147868089974,6,1.28571428571429,0.571428571428571,"O8","de-protonated",0,NA,"C14 H18 O8",14,18,8,NA,NA,NA,NA,NA,NA,NA,NA
921,313.129596,313.129150616279,313.129276514021,10547310,NA,344948,70.46,-1,-0.402063146873808,0.985533162344793,0.996564474536472,0.989945687221464,5,1.46666666666667,0.466666666666667,"O7","de-protonated",0,NA,"C15 H22 O7",15,22,7,NA,NA,NA,NA,NA,NA,NA,NA
923,313.142731,313.142285584992,313.142163673643,3559027.5,NA,346822.5,22.24,-1,0.389316302657413,0.972873061418014,0,0.583723836850808,0,2.25,0.583333333333333,"P1 O7","de-protonated",0,NA,"C12 H27 O7 P1",12,27,7,NA,1,NA,NA,NA,NA,NA,NA
927,313.173211,313.172765512392,313.172675956213,12359807,NA,331945.4,82.96,-1,0.285964216355773,0.970669832850064,0.981189335931587,0.974877634082673,8,1.35,0.05,"P1 O1","de-protonated",0,NA,"C20 H27 O1 P1",20,27,1,NA,1,NA,NA,NA,NA,NA,NA
929,313.202501,313.202055442625,313.202047532789,5879947,NA,342698.6,38.25,-1,0.0252547388417535,0.499942139195681,0.843720152817574,0.637453344644438,3,1.76470588235294,0.294117647058824,"O5","de-protonated",0,NA,"C17 H30 O5",17,30,5,NA,NA,NA,NA,NA,NA,NA,NA
930,313.238881,313.238435355972,313.238433042174,21995674,NA,329338.5,149.45,-1,0.007386698230739,0.988214665540311,0.989277935314571,0.988639973450015,2,1.88888888888889,0.222222222222222,"O4","de-protonated",0,NA,"C18 H34 O4",18,34,4,NA,NA,NA,NA,NA,NA,NA,NA
936,314.22599,314.225542004766,314.225439805889,1847328.3,NA,397445.1,10.43,-1,0.325240620670978,0.98098912294962,0,0.588593473769772,2,2,0.117647058823529,"N1 P1 O2","de-protonated",0,NA,"C17 H34 O2 N1 P1",17,34,2,1,1,NA,NA,NA,NA,NA,NA
942,315.072623,315.072172988163,315.07215555973,2765678.8,NA,345430.5,16.76,-1,0.0553156855181942,0.999444952857419,0,0.599666971714451,6,1.23076923076923,0.692307692307692,"O9","de-protonated",0,NA,"C13 H16 O9",13,16,9,NA,NA,NA,NA,NA,NA,NA,NA
943,315.08781,315.087359951988,315.087411701015,1771380.8,NA,374857.3,9.9,-1,-0.164237049201886,0.995117595787046,0,0.597070557472227,10,0.941176470588235,0.352941176470588,"O6","de-protonated",0,NA,"C17 H16 O6",17,16,6,NA,NA,NA,NA,NA,NA,NA,NA
944,315.100771,315.100320921117,315.100298860637,3528569.8,NA,313533.7,22.02,-1,0.0700109756555975,0.99911101798151,0,0.599466610788906,5,1.5,0.428571428571429,"P1 O6","de-protonated",0,NA,"C14 H21 O6 P1",14,21,6,NA,1,NA,NA,NA,NA,NA,NA
946,315.108929,315.108478901685,315.108541069115,10113917,NA,333958.9,67.46,-1,-0.197288938847954,0.99534520503676,0.977042236093283,0.988024017459369,5,1.42857142857143,0.571428571428571,"O8","de-protonated",0,NA,"C14 H20 O8",14,20,8,NA,NA,NA,NA,NA,NA,NA,NA
948,315.137251,315.136800834224,315.136684370021,1903240.3,NA,347543.5,10.81,-1,0.369567266503438,0.975522303881405,0,0.585313382328843,4,1.66666666666667,0.333333333333333,"P1 O5","de-protonated",0,NA,"C15 H25 O5 P1",15,25,5,NA,1,NA,NA,NA,NA,NA,NA
949,315.145271,315.144820815122,315.144926578499,18219916,NA,325169.1,123.39,-1,-0.335602348090228,0.981931018345146,0.990117505654798,0.985205613269007,4,1.6,0.466666666666667,"O7","de-protonated",0,NA,"C15 H24 O7",15,24,7,NA,NA,NA,NA,NA,NA,NA,NA
951,315.181645,315.181194728482,315.181312087883,22459290,NA,326679.9,152.65,-1,-0.372355202230033,0.487578122555485,0.85154837932281,0.633166225262415,3,1.75,0.375,"O6","de-protonated",0,NA,"C16 H28 O6",16,28,6,NA,NA,NA,NA,NA,NA,NA,NA
952,315.210019,315.209568660898,315.20945538879,4214693,NA,356042.9,26.76,-1,0.359355043371451,0.976840821389795,0,0.586104492833877,2,1.94117647058824,0.176470588235294,"P1 O3","de-protonated",0,NA,"C17 H33 O3 P1",17,33,3,NA,1,NA,NA,NA,NA,NA,NA
953,315.218055,315.217604641757,315.217697597267,6711208,NA,330757,43.98,-1,-0.294893058451079,0.492172356393796,0.843720152817574,0.632791474963307,2,1.88235294117647,0.294117647058824,"O5","de-protonated",0,NA,"C17 H32 O5",17,32,5,NA,NA,NA,NA,NA,NA,NA,NA
954,315.254556,315.254105554814,315.254083106652,2121142.5,NA,316762.9,12.31,-1,0.0712065723183465,0.999080410028593,0,0.599448246017156,1,2,0.222222222222222,"O4","de-protonated",0,NA,"C18 H36 O4",18,36,4,NA,NA,NA,NA,NA,NA,NA,NA
955,316.104278,316.103825530853,316.103790041308,1570053.5,NA,390851.5,8.51,-1,0.112271811939163,0.997715460153654,0,0.598629276092192,5,1.46153846153846,0.615384615384615,"N1 O8","de-protonated",0,NA,"C13 H19 O8 N1",13,19,8,1,NA,NA,NA,NA,NA,NA,NA
960,316.241693,316.241240203543,316.241089870367,24593724,NA,325284.3,167.37,-1,0.475375212410754,0.974303001840481,0.984034697330326,0.978195680036419,1,2.11764705882353,0.117647058823529,"N1 P1 O2","de-protonated",0,NA,"C17 H36 O2 N1 P1",17,36,2,1,1,NA,NA,NA,NA,NA,NA
961,317.030823,317.030368323906,317.030290746725,2076786,NA,345208.3,12,-1,0.244699586876887,0.989194044293258,0,0.593516426575955,11,0.666666666666667,0.533333333333333,"O8","de-protonated",0,NA,"C15 H10 O8",15,10,8,NA,NA,NA,NA,NA,NA,NA,NA
962,317.067073,317.066618237561,317.066676256109,2543232.3,NA,349245.1,15.22,-1,-0.182985320600285,0.993942858662657,0,0.596365715197594,10,0.875,0.4375,"O7","de-protonated",0,NA,"C16 H14 O7",16,14,7,NA,NA,NA,NA,NA,NA,NA,NA
964,317.080174,317.079719206356,317.079563415731,5496453.5,NA,345218.5,35.6,-1,0.491329758217453,0.957142871502938,0,0.574285722901763,5,1.46153846153846,0.538461538461538,"P1 O7","de-protonated",0,NA,"C13 H19 O7 P1",13,19,7,NA,1,NA,NA,NA,NA,NA,NA
965,317.088208,317.08775318722,317.087805624208,3678856.5,NA,345259.2,23.06,-1,-0.165370561569437,0.995050137236219,0,0.597030082341731,5,1.38461538461538,0.692307692307692,"O9","de-protonated",0,NA,"C13 H18 O9",13,18,9,NA,NA,NA,NA,NA,NA,NA,NA
966,317.103398,317.102943151039,317.103061765493,2465422.5,NA,351286.8,14.68,-1,-0.374056478324668,0.974931582279175,0,0.584958949367505,9,1.05882352941176,0.352941176470588,"O6","de-protonated",0,NA,"C17 H18 O6",17,18,6,NA,NA,NA,NA,NA,NA,NA,NA
967,317.116525,317.116070119771,317.115948925115,8857236,NA,320948.1,58.79,-1,0.382177738409819,0.984864209819202,0.775606483114726,0.901161119137412,4,1.64285714285714,0.428571428571429,"P1 O6","de-protonated",0,NA,"C14 H23 O6 P1",14,23,6,NA,1,NA,NA,NA,NA,NA,NA
968,317.124628,317.124173100471,317.124191133593,13076119,NA,327032.6,87.9,-1,-0.0568645421471705,0.997792189125309,0.988674483143699,0.994145106732665,4,1.57142857142857,0.571428571428571,"O8","de-protonated",0,NA,"C14 H22 O8",14,22,8,NA,NA,NA,NA,NA,NA,NA,NA
970,317.139795,317.139340064344,317.139447274877,6946461,NA,323491.1,45.6,-1,-0.338054865525677,0.987361074004977,0.970804474054968,0.980738434024973,8,1.22222222222222,0.277777777777778,"O5","de-protonated",0,NA,"C18 H22 O5",18,22,5,NA,NA,NA,NA,NA,NA,NA,NA
971,317.152877,317.152422033184,317.152334434499,3729058,NA,334327.3,23.4,-1,0.276203814711249,0.986252909580777,0,0.591751745748466,3,1.8,0.333333333333333,"P1 O5","de-protonated",0,NA,"C15 H27 O5 P1",15,27,5,NA,1,NA,NA,NA,NA,NA,NA
972,317.160969,317.16051401391,317.160576642977,12449445,NA,328234.5,83.57,-1,-0.197468007734675,0.496474815620561,0.859523230357577,0.641694181515368,3,1.73333333333333,0.466666666666667,"O7","de-protonated",0,NA,"C15 H26 O7",15,26,7,NA,NA,NA,NA,NA,NA,NA,NA
973,317.197326,317.196870927311,317.196962152361,5581491.5,NA,327897.6,36.18,-1,-0.287597491583941,0.985104018062707,0,0.591062410837624,2,1.875,0.375,"O6","de-protonated",0,NA,"C16 H30 O6",16,30,6,NA,NA,NA,NA,NA,NA,NA,NA
975,317.225671,317.225215859795,317.225105453268,21198526,NA,318144.9,143.94,-1,0.348038428550895,0.970095462279966,0.995177614954184,0.980128323349653,1,2.05882352941176,0.176470588235294,"P1 O3","de-protonated",0,NA,"C17 H35 O3 P1",17,35,3,NA,1,NA,NA,NA,NA,NA,NA
978,318.083409,318.08295181674,318.083054596401,1932303.3,NA,349336.1,11,-1,-0.323122088599134,0.981233649045095,0,0.588740189427057,5,1.41666666666667,0.75,"N1 O9","de-protonated",0,NA,"C12 H17 O9 N1",12,17,9,1,NA,NA,NA,NA,NA,NA,NA
979,318.098752,318.098294780195,318.098310737686,1397269.3,NA,381245.7,7.31,-1,-0.0501652822502541,0.999543478540295,0,0.599726087124177,9,1.0625,0.375,"N1 O6","de-protonated",0,NA,"C16 H17 O6 N1",16,17,6,1,NA,NA,NA,NA,NA,NA,NA
983,318.148132,318.147674662576,318.147583406692,2631208.8,NA,301280.1,15.82,-1,0.286835067096193,0.985182304956043,0,0.591109382973626,3,1.85714285714286,0.357142857142857,"N1 P1 O5","de-protonated",0,NA,"C14 H26 O5 N1 P1",14,26,5,1,1,NA,NA,NA,NA,NA,NA
984,318.156174,318.155716643421,318.15582561517,1851947.8,NA,393636.3,10.45,-1,-0.342510620439046,0.978938571080414,0,0.587363142648248,3,1.78571428571429,0.5,"N1 O7","de-protonated",0,NA,"C14 H25 O7 N1",14,25,7,1,NA,NA,NA,NA,NA,NA,NA
988,318.257306,318.256848402533,318.256739934845,2513491.5,NA,326797.4,15.01,-1,0.340818195898913,0.979144015280737,0,0.587486409168442,0,2.23529411764706,0.117647058823529,"N1 P1 O2","de-protonated",0,NA,"C17 H38 O2 N1 P1",17,38,2,1,1,NA,NA,NA,NA,NA,NA
990,319.046367,319.045907523061,319.045940811203,2412936.5,NA,387725.8,14.31,-1,-0.104336515907054,0.998026679466391,0,0.598816007679834,10,0.8,0.533333333333333,"O8","de-protonated",0,NA,"C15 H12 O8",15,12,8,NA,NA,NA,NA,NA,NA,NA,NA
991,319.059295,319.058835492267,319.058827970825,2530189.8,NA,336390.6,15.12,-1,0.023573843245219,0.999899169315619,0,0.599939501589372,5,1.41666666666667,0.666666666666667,"P1 O8","de-protonated",0,NA,"C12 H17 O8 P1",12,17,8,NA,1,NA,NA,NA,NA,NA,NA
993,319.082774,319.082314436342,319.082326320587,4657559,NA,315113.4,29.8,-1,-0.0372450726634681,0.999748326885164,0,0.599848996131098,9,1,0.4375,"O7","de-protonated",0,NA,"C16 H16 O7",16,16,7,NA,NA,NA,NA,NA,NA,NA,NA
994,319.095776,319.095316405373,319.095213480209,14711196,NA,326321.6,99.17,-1,0.322553142970167,0.98477411050973,0.875483208419964,0.941057749673823,4,1.61538461538462,0.538461538461538,"P1 O7","de-protonated",0,NA,"C13 H21 O7 P1",13,21,7,NA,1,NA,NA,NA,NA,NA,NA
995,319.103821,319.10336138621,319.103455688686,3419551,NA,352565.8,21.26,-1,-0.295523204752161,0.98427826414935,0,0.59056695848961,4,1.53846153846154,0.692307692307692,"O9","de-protonated",0,NA,"C13 H20 O9",13,20,9,NA,NA,NA,NA,NA,NA,NA,NA
997,319.119132,319.118672349741,319.118711829971,4831653,NA,344409.7,31,-1,-0.12371643746836,0.997226643396196,0,0.598335986037717,8,1.17647058823529,0.352941176470588,"O6","de-protonated",0,NA,"C17 H20 O6",17,20,6,NA,NA,NA,NA,NA,NA,NA,NA
998,319.13221,319.13175031859,319.131598989593,31803818,NA,324527,217.11,-1,0.474189950787088,0.975921569495664,0.89464778149368,0.943412054294871,3,1.78571428571429,0.428571428571429,"P1 O6","de-protonated",0,NA,"C14 H25 O6 P1",14,25,6,NA,1,NA,NA,NA,NA,NA,NA
999,319.140143,319.139683299695,319.139841198071,4786605.5,NA,322085.4,30.69,-1,-0.494762343847711,0.956555198015512,0,0.573933118809307,3,1.71428571428571,0.571428571428571,"O8","de-protonated",0,NA,"C14 H24 O8",14,24,8,NA,NA,NA,NA,NA,NA,NA,NA
1001,319.155508,319.155048263097,319.155097339355,2647475.3,NA,356715.2,15.93,-1,-0.153769309026435,0.995718836161615,0,0.597431301696969,7,1.33333333333333,0.277777777777778,"O5","de-protonated",0,NA,"C18 H24 O5",18,24,5,NA,NA,NA,NA,NA,NA,NA,NA
1002,319.1686,319.168140231913,319.167984498977,33032632,NA,326471.4,225.59,-1,0.487934075036248,0.96263722982595,0.988730045746804,0.973074356194292,2,1.93333333333333,0.333333333333333,"P1 O5","de-protonated",0,NA,"C15 H29 O5 P1",15,29,5,NA,1,NA,NA,NA,NA,NA,NA
1003,319.176657,319.176197212722,319.176226707455,2602939.5,NA,331169.2,15.63,-1,-0.0924089289899061,0.998451735045876,0,0.599071041027526,2,1.86666666666667,0.466666666666667,"O7","de-protonated",0,NA,"C15 H28 O7",15,28,7,NA,NA,NA,NA,NA,NA,NA,NA
1004,319.204937,319.204477145361,319.204370008362,13099463,NA,318567.9,88.05,-1,0.335637633526883,0.48988341211031,0.85154837932281,0.63454939899531,1,2.0625,0.25,"P1 O4","de-protonated",0,NA,"C16 H33 O4 P1",16,33,4,NA,1,NA,NA,NA,NA,NA,NA
1006,319.241252,319.240792058862,319.240755517746,158509520,NA,325529.8,1091.39,-1,0.114462565858802,0.975200621846093,0.989868549453063,0.981067792888881,0,2.17647058823529,0.176470588235294,"P1 O3","de-protonated",0,NA,"C17 H37 O3 P1",17,37,3,NA,1,NA,NA,NA,NA,NA,NA
1007,320.078086,320.077624065599,320.07757529278,1521948,NA,408220.2,8.16,-1,0.152378118601061,0.995795788979428,0,0.597477473387657,9,1,0.466666666666667,"N1 O7","de-protonated",0,NA,"C15 H15 O7 N1",15,15,7,1,NA,NA,NA,NA,NA,NA,NA
1012,320.208362,320.207899755293,320.207861189032,2081614.9,NA,368631.9,12.03,-1,0.120441330020252,0.99737134565369,0,0.598422807392214,1,2.06666666666667,0.4,"N1 O6","de-protonated",0,NA,"C15 H31 O6 N1",15,31,6,1,NA,NA,NA,NA,NA,NA,NA
1015,321.025652,321.025187808581,321.025205366296,1470093.9,NA,439281.7,7.8,-1,-0.0546926367815425,0.999457382623889,0,0.599674429574333,10,0.714285714285714,0.642857142857143,"O9","de-protonated",0,NA,"C14 H10 O9",14,10,9,NA,NA,NA,NA,NA,NA,NA,NA
1016,321.061995,321.061530722016,321.061590875681,3792028,NA,329394.8,23.83,-1,-0.187358645993349,0.993650801072249,0,0.59619048064335,9,0.933333333333333,0.533333333333333,"O8","de-protonated",0,NA,"C15 H14 O8",15,14,8,NA,NA,NA,NA,NA,NA,NA,NA
1019,321.098333,321.097868635462,321.097976385065,6030506,NA,321284.9,39.27,-1,-0.335566123200314,0.979775357217546,0,0.587865214330527,8,1.125,0.4375,"O7","de-protonated",0,NA,"C16 H18 O7",16,18,7,NA,NA,NA,NA,NA,NA,NA,NA
1020,321.103187,321.1027226239,321.10268509892,2338476,NA,314281.1,13.8,-1,0.116862865195361,0.997525035912857,0,0.598515021547714,8,1.28571428571429,0.214285714285714,"N4 S1 O3","de-protonated",0,NA,"C14 H18 O3 S1 N4",14,18,3,4,NA,1,NA,NA,NA,NA,NA
1023,321.134746,321.134281548729,321.134361894449,4366520.5,NA,331875.1,27.79,-1,-0.250193468748656,0.988706157709794,0,0.593223694625876,7,1.29411764705882,0.352941176470588,"O6","de-protonated",0,NA,"C17 H22 O6",17,22,6,NA,NA,NA,NA,NA,NA,NA,NA
1024,321.147839,321.147374517543,321.147249054071,29093054,NA,318852.3,198.4,-1,0.390672727460153,0.982859354525174,0.974694344067581,0.979593350342137,2,1.92857142857143,0.428571428571429,"P1 O6","de-protonated",0,NA,"C14 H27 O6 P1",14,27,6,NA,1,NA,NA,NA,NA,NA,NA
1025,321.153486,321.153021504092,321.152989339104,1662655.8,NA,412660.8,9.13,-1,0.10015472138689,0.998181549383214,0,0.598908929629928,6,1.44444444444444,0.166666666666667,"S1 O3","de-protonated",0,NA,"C18 H26 O3 S1",18,26,3,NA,NA,1,NA,NA,NA,NA,NA
1026,321.15597,321.155505498176,321.155491262549,2264256.8,NA,349953.5,13.28,-1,0.0443262762356454,0.999643549759753,0,0.599786129855852,2,1.85714285714286,0.571428571428571,"O8","de-protonated",0,NA,"C14 H26 O8",14,26,8,NA,NA,NA,NA,NA,NA,NA,NA
1028,321.171117,321.170652462097,321.170747403833,1974470.6,NA,337454.6,11.28,-1,-0.295611407465834,0.984268952255759,0,0.590561371353455,6,1.44444444444444,0.277777777777778,"O5","de-protonated",0,NA,"C18 H26 O5",18,26,5,NA,NA,NA,NA,NA,NA,NA,NA
1029,321.184193,321.183728430951,321.183634563455,21347532,NA,323957,144.96,-1,0.292254913767043,0.983536017615793,0.999719981877754,0.990009603320577,1,2.06666666666667,0.333333333333333,"P1 O5","de-protonated",0,NA,"C15 H31 O5 P1",15,31,5,NA,1,NA,NA,NA,NA,NA,NA
1030,321.192242,321.191777411779,321.191876771933,1955022.9,NA,365409.6,11.15,-1,-0.309348277762697,0.982785906828533,0,0.58967154409712,1,2,0.466666666666667,"O7","de-protonated",0,NA,"C15 H30 O7",15,30,7,NA,NA,NA,NA,NA,NA,NA,NA
1032,321.210954,321.210489367209,321.210504216588,17628374,NA,322496.9,119.3,-1,-0.0462294320232843,0.999607614813439,0.988621967957501,0.995213356071064,0,2.125,0.25,"S1 O4","de-protonated",0,NA,"C16 H34 O4 S1",16,34,4,NA,NA,1,NA,NA,NA,NA,NA
1033,321.2206,321.220135344233,321.22002007284,3554521.8,NA,339694.5,22.19,-1,0.358854945733705,0.976904485991237,0,0.586142691594742,0,2.1875,0.25,"P1 O4","de-protonated",0,NA,"C16 H35 O4 P1",16,35,4,NA,1,NA,NA,NA,NA,NA,NA
1036,322.078547,322.07808030068,322.077969215973,1484072,NA,356591.9,7.7,-1,0.344900047650878,0.978646858857682,0,0.587188115314609,4,1.54545454545455,0.909090909090909,"N1 O10","de-protonated",0,NA,"C11 H17 O10 N1",11,17,10,1,NA,NA,NA,NA,NA,NA,NA
1037,322.093651,322.093184264704,322.093225357258,2020141.9,NA,324861.8,11.3,-1,-0.127579691547424,0.997050993247717,0,0.59823059594863,8,1.13333333333333,0.466666666666667,"N1 O7","de-protonated",0,NA,"C15 H17 O7 N1",15,17,7,1,NA,NA,NA,NA,NA,NA,NA
1039,322.106665,322.106198233705,322.10611251688,3630643,NA,324206.8,22.14,-1,0.266113625759256,0.987232649085502,0,0.592339589451301,3,1.83333333333333,0.583333333333333,"N1 P1 O7","de-protonated",0,NA,"C12 H22 O7 N1 P1",12,22,7,1,1,NA,NA,NA,NA,NA,NA
1040,322.114763,322.114296214417,322.114354725357,8834614,NA,314196.5,57.14,-1,-0.181646485977642,0.497015452973449,0.884369916155675,0.651957238246339,3,1.75,0.75,"N1 O9","de-protonated",0,NA,"C12 H21 O9 N1",12,21,9,1,NA,NA,NA,NA,NA,NA,NA
1041,322.133464,322.132997169873,322.132982170012,1484093.4,NA,359921.2,7.7,-1,0.0465641869717608,0.999606656072796,0,0.599763993643678,2,1.92307692307692,0.461538461538462,"N1 S1 O6","de-protonated",0,NA,"C13 H25 O6 S1 N1",13,25,6,1,NA,1,NA,NA,NA,NA,NA
1049,323.04117,323.040701007798,323.040855430774,2369950.3,NA,350913.4,13.65,-1,-0.478029244244162,0.959384645179747,0,0.575630787107848,9,0.857142857142857,0.642857142857143,"O9","de-protonated",0,NA,"C14 H12 O9",14,12,9,NA,NA,NA,NA,NA,NA,NA,NA
1053,323.077573,323.07710392109,323.077240940159,8466349,NA,307141.2,54.66,-1,-0.424106224972063,0.48394517846584,0.859523230357577,0.634176399222535,8,1.06666666666667,0.533333333333333,"O8","de-protonated",0,NA,"C15 H16 O8",15,16,8,NA,NA,NA,NA,NA,NA,NA,NA
1054,323.090708,323.090238889803,323.090128099781,17608626,NA,321217.6,116.15,-1,0.342907482894468,0.985040933033735,0.987690605704071,0.986100802101869,3,1.75,0.666666666666667,"P1 O8","de-protonated",0,NA,"C12 H21 O8 P1",12,21,8,NA,1,NA,NA,NA,NA,NA,NA
1056,323.114008,323.113538834305,323.113626449543,8308666.5,NA,321265.6,53.6,-1,-0.271159217819148,0.989755871198081,0.965030540325371,0.979865738848997,7,1.25,0.4375,"O7","de-protonated",0,NA,"C16 H20 O7",16,20,7,NA,NA,NA,NA,NA,NA,NA,NA
1057,323.127027,323.126557803295,323.126513609165,35344320,NA,316087.7,235.44,-1,0.136770360378008,0.990897367374026,0.996428364255194,0.993109766126493,2,1.92307692307692,0.538461538461538,"P1 O7","de-protonated",0,NA,"C13 H25 O7 P1",13,25,7,NA,1,NA,NA,NA,NA,NA,NA
1059,323.150444,323.149974747517,323.150011958927,4983753,NA,347380.6,31.23,-1,-0.115152122583523,0.997596880488738,0,0.598558128293243,6,1.41176470588235,0.352941176470588,"O6","de-protonated",0,NA,"C17 H24 O6",17,24,6,NA,NA,NA,NA,NA,NA,NA,NA
1060,323.163443,323.162973716555,323.162899118549,34238412,NA,313701.6,228,-1,0.230837159744291,0.984781300770675,0.996680226458859,0.989540871045949,1,2.07142857142857,0.428571428571429,"P1 O6","de-protonated",0,NA,"C14 H29 O6 P1",14,29,6,NA,1,NA,NA,NA,NA,NA,NA
1061,323.168994,323.168524703333,323.168639403582,30150608,NA,315796.9,200.51,-1,-0.354923823486235,0.658857430969142,0.963924562703553,0.780884283662906,5,1.55555555555556,0.166666666666667,"S1 O3","de-protonated",0,NA,"C18 H28 O3 S1",18,28,3,NA,NA,1,NA,NA,NA,NA,NA
1063,323.190214,323.189744652789,323.189768771681,5608408,NA,343683.7,35.44,-1,-0.0746276491351304,0.99898997079203,0,0.599393982475218,0,2.13333333333333,0.333333333333333,"S1 O5","de-protonated",0,NA,"C15 H32 O5 S1",15,32,5,NA,NA,1,NA,NA,NA,NA,NA
1064,323.199896,323.199426629727,323.199284627933,7133148,NA,314104.4,45.69,-1,0.439362957873188,0.482789759676839,0.859523230357577,0.633483147949134,0,2.2,0.333333333333333,"P1 O5","de-protonated",0,NA,"C15 H33 O5 P1",15,33,5,NA,1,NA,NA,NA,NA,NA,NA
1067,324.103586,324.103114477219,324.103002194921,1518394.8,NA,355693.9,7.92,-1,0.34644016410126,0.978457805993507,0,0.587074683596104,16,0.681818181818182,0.0909090909090909,"N1 O2","de-protonated",0,NA,"C22 H15 O2 N1",22,15,2,1,NA,NA,NA,NA,NA,NA,NA
1068,324.109199,324.108727463849,324.108875421736,2039612.9,NA,340568.6,11.43,-1,-0.456506742555488,0.962892390942019,0,0.577735434565211,7,1.26666666666667,0.466666666666667,"N1 O7","de-protonated",0,NA,"C15 H19 O7 N1",15,19,7,1,NA,NA,NA,NA,NA,NA,NA
1079,325.056899,325.056425206513,325.056505495252,3637932.3,NA,319448.2,22.18,-1,-0.246999332101676,0.988991103316122,0,0.593394661989673,8,1,0.642857142857143,"O9","de-protonated",0,NA,"C14 H14 O9",14,14,9,NA,NA,NA,NA,NA,NA,NA,NA
1081,325.093273,325.092799119873,325.092891004637,10302138,NA,308957.9,67,-1,-0.282641565549673,0.492804647251898,0.859523230357577,0.63949208049417,7,1.2,0.533333333333333,"O8","de-protonated",0,NA,"C15 H18 O8",15,18,8,NA,NA,NA,NA,NA,NA,NA,NA
1082,325.106385,325.105911088641,325.105778164259,15770303,NA,329846.3,103.78,-1,0.408865026916778,0.96403072613756,0.991330706496386,0.97495071828109,2,1.91666666666667,0.666666666666667,"P1 O8","de-protonated",0,NA,"C12 H23 O8 P1",12,23,8,NA,1,NA,NA,NA,NA,NA,NA
1084,325.129682,325.12920803315,325.129276514021,7582408.5,NA,326947.4,48.71,-1,-0.210626590179694,0.495991301191636,0.85154837932281,0.638214132444106,6,1.375,0.4375,"O7","de-protonated",0,NA,"C16 H22 O7",16,22,7,NA,NA,NA,NA,NA,NA,NA,NA
1085,325.142702,325.142228002137,325.142163673643,25453262,NA,313064.6,168.91,-1,0.197847285862375,0.996044778613076,0.986169044700301,0.992094485047966,1,2.07692307692308,0.538461538461538,"P1 O7","de-protonated",0,NA,"C13 H27 O7 P1",13,27,7,NA,1,NA,NA,NA,NA,NA,NA
1087,325.166064,325.165589946491,325.165662023405,4531414.5,NA,273135.3,28.19,-1,-0.221662131862134,0.991124305582546,0,0.594674583349527,5,1.52941176470588,0.352941176470588,"O6","de-protonated",0,NA,"C17 H26 O6",17,26,6,NA,NA,NA,NA,NA,NA,NA,NA
1090,325.20242,325.201945859895,325.202047532789,3562212.5,NA,341989,21.67,-1,-0.312645309847461,0.982420277495205,0,0.589452166497123,4,1.66666666666667,0.277777777777778,"O5","de-protonated",0,NA,"C18 H30 O5",18,30,5,NA,NA,NA,NA,NA,NA,NA,NA
1092,326.101507,326.10103071835,326.101027136452,2052928.3,NA,315229.7,11.51,-1,0.0109840144598609,0.999978108714423,0,0.599986865228654,2,2,0.727272727272727,"N1 P1 O8","de-protonated",0,NA,"C11 H22 O8 N1 P1",11,22,8,1,1,NA,NA,NA,NA,NA,NA
1094,326.125037,326.124560662304,326.124525486214,1536073.3,NA,403139.7,8.04,-1,0.107860915223096,0.997891256680691,0,0.598734754008414,6,1.4,0.466666666666667,"N1 O7","de-protonated",0,NA,"C15 H21 O7 N1",15,21,7,1,NA,NA,NA,NA,NA,NA,NA
1099,326.187909,326.187432512548,326.187400526175,961361024,NA,321192.1,6463.87,-1,0.0980613377304176,0.166376117671288,0.803427168560003,0.421196538026774,9,1.31578947368421,0.105263157894737,"N3 O2","de-protonated",0,NA,"C19 H25 O2 N3",19,25,2,3,NA,NA,NA,NA,NA,NA,NA
1102,327.072546,327.072067405422,327.07215555973,4748727,NA,319760.7,29.64,-1,-0.269525566814182,0.986905327084091,0,0.592143196250455,7,1.14285714285714,0.642857142857143,"O9","de-protonated",0,NA,"C14 H16 O9",14,16,9,NA,NA,NA,NA,NA,NA,NA,NA
1106,327.108893,327.108414318847,327.108541069115,9168325,NA,321388.8,59.37,-1,-0.387486879159012,0.486561977990329,0.859523230357577,0.635746478937228,6,1.33333333333333,0.533333333333333,"O8","de-protonated",0,NA,"C15 H20 O8",15,20,8,NA,NA,NA,NA,NA,NA,NA,NA
1107,327.122024,327.12154528757,327.121428228737,7017930.5,NA,333812.4,44.91,-1,0.357845201620604,0.977032773174612,0,0.586219663904767,1,2.08333333333333,0.666666666666667,"P1 O8","de-protonated",0,NA,"C12 H25 O8 P1",12,25,8,NA,1,NA,NA,NA,NA,NA,NA
1109,327.145363,327.144884231979,327.144926578499,10413523,NA,310408.5,67.75,-1,-0.129442692928906,0.984986778287597,0.986044312770086,0.985409792080592,5,1.5,0.4375,"O7","de-protonated",0,NA,"C16 H24 O7",16,24,7,NA,NA,NA,NA,NA,NA,NA,NA
1110,327.158332,327.157853201088,327.157813738121,3416024.3,NA,325098.4,20.68,-1,0.120623641242246,0.997363392186499,0,0.598418035311899,0,2.23076923076923,0.538461538461538,"P1 O7","de-protonated",0,NA,"C13 H29 O7 P1",13,29,7,NA,1,NA,NA,NA,NA,NA,NA
1116,327.218134,327.217655058645,327.217697597267,26682864,NA,313268.7,177.17,-1,-0.130000984507016,0.990484482840071,0.988839060095664,0.989826313742308,3,1.77777777777778,0.277777777777778,"O5","de-protonated",0,NA,"C18 H32 O5",18,32,5,NA,NA,NA,NA,NA,NA,NA,NA
1117,327.25443,327.253950972191,327.254083106652,6350333.5,NA,293059.3,40.42,-1,-0.403767188349607,0.98525243309487,0.991396207638459,0.987709942912305,2,1.89473684210526,0.210526315789474,"O4","de-protonated",0,NA,"C19 H36 O4",19,36,4,NA,NA,NA,NA,NA,NA,NA,NA
1119,328.140734,328.140252861094,328.140175550692,1800787.1,NA,312053.4,9.81,-1,0.235601758138269,0.989978663732024,0,0.593987198239215,5,1.53333333333333,0.466666666666667,"N1 O7","de-protonated",0,NA,"C15 H23 O7 N1",15,23,7,1,NA,NA,NA,NA,NA,NA,NA
1122,328.192404,328.191922738021,328.191817201361,3372903,NA,345642,20.39,-1,0.321570052283954,0.981411813039402,0,0.588847087823641,8,1.35,0.15,"N1 O3","de-protonated",0,NA,"C20 H27 O3 N1",20,27,3,1,NA,NA,NA,NA,NA,NA,NA
1124,328.205314,328.20483270727,328.204704360983,1439340,NA,340399.4,7.38,-1,0.391055599075924,0.972633491792073,0,0.583580095075244,3,1.88235294117647,0.176470588235294,"N1 P1 O3","de-protonated",0,NA,"C17 H32 O3 N1 P1",17,32,3,1,1,NA,NA,NA,NA,NA,NA
1131,329.030824,329.03034074098,329.030290746725,1852073.8,NA,330218.5,10.16,-1,0.151944232663254,0.995819647238044,0,0.597491788342826,12,0.625,0.5,"O8","de-protonated",0,NA,"C16 H10 O8",16,10,8,NA,NA,NA,NA,NA,NA,NA,NA
1132,329.051778,329.051294691069,329.051420114824,1964209.9,NA,328880,10.91,-1,-0.381167645104029,0.973981998913227,0,0.584389199347936,7,1.07692307692308,0.769230769230769,"O10","de-protonated",0,NA,"C13 H14 O10",13,14,10,NA,NA,NA,NA,NA,NA,NA,NA
1133,329.080132,329.079648623532,329.079563415731,2576060.8,NA,288472.5,15.03,-1,0.258927660507052,0.987908732951126,0,0.592745239770675,6,1.35714285714286,0.5,"P1 O7","de-protonated",0,NA,"C14 H19 O7 P1",14,19,7,NA,1,NA,NA,NA,NA,NA,NA
1134,329.088261,329.08777760417,329.087805624208,5143744,NA,314983.1,32.3,-1,-0.0851445664743059,0.998685434910415,0,0.599211260946249,6,1.28571428571429,0.642857142857143,"O9","de-protonated",0,NA,"C14 H18 O9",14,18,9,NA,NA,NA,NA,NA,NA,NA,NA
1135,329.101296,329.100812573122,329.10069278383,1432004.9,NA,394410.8,7.33,-1,0.363989787760695,0.976246779991025,0,0.585748067994615,1,2.09090909090909,0.818181818181818,"P1 O9","de-protonated",0,NA,"C11 H23 O9 P1",11,23,9,NA,1,NA,NA,NA,NA,NA,NA
1136,329.103445,329.102961568003,329.103061765493,2003141.8,NA,351011.6,11.17,-1,-0.304456268901671,0.983321516488211,0,0.589992909892927,10,1,0.333333333333333,"O6","de-protonated",0,NA,"C18 H18 O6",18,18,6,NA,NA,NA,NA,NA,NA,NA,NA
1137,329.116574,329.116090536731,329.115948925115,3022538.8,NA,310046,18.03,-1,0.430278800335321,0.966964610076967,0,0.58017876604618,5,1.53333333333333,0.4,"P1 O6","de-protonated",0,NA,"C15 H23 O6 P1",15,23,6,NA,1,NA,NA,NA,NA,NA,NA
1139,329.124633,329.124149517535,329.124191133593,11249870,NA,310312.5,73.37,-1,-0.126444845855191,0.996880542264548,0.998018107709744,0.997335568442626,5,1.46666666666667,0.533333333333333,"O8","de-protonated",0,NA,"C15 H22 O8",15,22,8,NA,NA,NA,NA,NA,NA,NA,NA
1140,329.137692,329.13720848643,329.137078293215,2387155,NA,385192.5,13.75,-1,0.395559247630018,0.972008477276334,0,0.583205086365801,0,2.25,0.666666666666667,"P1 O8","de-protonated",0,NA,"C12 H27 O8 P1",12,27,8,NA,1,NA,NA,NA,NA,NA,NA
1141,329.139895,329.139411481182,329.139447274877,1777875.8,NA,347140.6,9.66,-1,-0.108749332498362,0.997856412885108,0,0.598713847731065,9,1.15789473684211,0.263157894736842,"O5","de-protonated",0,NA,"C19 H22 O5",19,22,5,NA,NA,NA,NA,NA,NA,NA,NA
1142,329.152847,329.152363450332,329.152334434499,120469720,NA,317116.1,807.98,-1,0.0881532023874531,0.495537740977893,0.979540590257974,0.689138880689926,4,1.6875,0.3125,"P1 O5","de-protonated",0,NA,"C16 H27 O5 P1",16,27,5,NA,1,NA,NA,NA,NA,NA,NA
1143,329.160907,329.160423431134,329.160576642977,18049244,NA,311252.1,119.1,-1,-0.465462312919214,0.980187214722708,0.99189971830313,0.984872216154877,4,1.625,0.4375,"O7","de-protonated",0,NA,"C16 H26 O7",16,26,7,NA,NA,NA,NA,NA,NA,NA,NA
1145,329.189195,329.188711363754,329.188719943884,1841382.6,NA,328046.1,10.08,-1,-0.0260644707392972,0.99987673922829,0,0.599926043536974,3,1.82352941176471,0.235294117647059,"P1 O4","de-protonated",0,NA,"C17 H31 O4 P1",17,31,4,NA,1,NA,NA,NA,NA,NA,NA
1146,329.197308,329.19682434443,329.196962152361,13211882,NA,319264.8,86.56,-1,-0.41861847884702,0.981460091761271,0.983533363918914,0.982289400624328,3,1.76470588235294,0.352941176470588,"O6","de-protonated",0,NA,"C17 H30 O6",17,30,6,NA,NA,NA,NA,NA,NA,NA,NA
1147,329.233801,329.233317257507,329.233347661745,12337400,NA,317376.2,80.68,-1,-0.0923486004705151,0.985441441441995,0.985425638912456,0.985435120430179,2,1.88888888888889,0.277777777777778,"O5","de-protonated",0,NA,"C18 H34 O5",18,34,5,NA,NA,NA,NA,NA,NA,NA,NA
1149,330.083512,330.083026233571,330.083054596401,1395006.5,NA,412089.6,7.08,-1,-0.0859263440297868,0.998661200266687,0,0.599196720160012,6,1.30769230769231,0.692307692307692,"N1 O9","de-protonated",0,NA,"C13 H17 O9 N1",13,17,9,1,NA,NA,NA,NA,NA,NA,NA
1159,330.965314,330.964826133198,330.964927583957,1485457,NA,302735.2,7.68,-1,-0.306530239980387,0.98309545126364,0,0.589857270758184,13,0.357142857142857,0.571428571428571,"P1 O8","de-protonated",0,NA,"C14 H5 O8 P1",14,5,8,NA,1,NA,NA,NA,NA,NA,NA
1160,331.046392,331.045903940077,331.045940811203,1874352.1,NA,321615.3,10.3,-1,-0.11137766873767,0.997751663055452,0,0.598650997833271,11,0.75,0.5,"O8","de-protonated",0,NA,"C16 H12 O8",16,12,8,NA,NA,NA,NA,NA,NA,NA,NA
1163,331.067524,331.067035889743,331.067070179302,2095800.3,NA,299131.9,11.79,-1,-0.103572847442653,0.998055432332406,0,0.598833259399444,6,1.23076923076923,0.769230769230769,"O10","de-protonated",0,NA,"C13 H16 O10",13,16,10,NA,NA,NA,NA,NA,NA,NA,NA
1164,331.082781,331.082292853402,331.082326320587,3369918,NA,333077,20.36,-1,-0.101084178086219,0.99814767299569,0,0.598888603797414,10,0.941176470588235,0.411764705882353,"O7","de-protonated",0,NA,"C17 H16 O7",17,16,7,NA,NA,NA,NA,NA,NA,NA,NA
1165,331.093249,331.092760828468,331.092711556764,1729474.1,NA,396692.8,9.33,-1,0.148815428846489,0.995989694450307,0,0.597593816670184,9,1.16666666666667,0.111111111111111,"S1 P1 O2","de-protonated",0,NA,"C18 H21 O2 S1 P1",18,21,2,NA,1,1,NA,NA,NA,NA,NA
1166,331.095749,331.095260822513,331.095213480209,9294787,NA,310146.4,60.21,-1,0.14298697974407,0.994456650012588,0.878610192584307,0.948118067041275,5,1.5,0.5,"P1 O7","de-protonated",0,NA,"C14 H21 O7 P1",14,21,7,NA,1,NA,NA,NA,NA,NA,NA
1167,331.103839,331.103350803244,331.103455688686,5100486,NA,321399.3,32,-1,-0.316775438941253,0.981956986984117,0,0.58917419219047,5,1.42857142857143,0.642857142857143,"O9","de-protonated",0,NA,"C14 H20 O9",14,20,9,NA,NA,NA,NA,NA,NA,NA,NA
1168,331.119191,331.118702766677,331.118711829971,3164108,NA,363517.9,18.98,-1,-0.0273717374411376,0.999864065704821,0,0.599918439422893,9,1.11111111111111,0.333333333333333,"O6","de-protonated",0,NA,"C18 H20 O6",18,20,6,NA,NA,NA,NA,NA,NA,NA,NA
1169,331.122573,331.122084758621,331.122083133341,1599437.4,NA,395916.7,8.45,-1,0.00490840091408163,0.99999562847531,0,0.599997377085186,4,1.6,0.4,"S1 O6","de-protonated",0,NA,"C15 H24 O6 S1",15,24,6,NA,NA,1,NA,NA,NA,NA,NA
1170,331.132198,331.131709735695,331.131598989593,6081489,NA,309547.8,38.6,-1,0.33444739913178,0.97990862231576,0,0.587945173389456,4,1.66666666666667,0.4,"P1 O6","de-protonated",0,NA,"C15 H25 O6 P1",15,25,6,NA,1,NA,NA,NA,NA,NA,NA
1171,331.140199,331.139710716638,331.139841198071,13403092,NA,306771,87.84,-1,-0.39403725206566,0.98224313437585,0.991249329045782,0.985845612243823,4,1.6,0.533333333333333,"O8","de-protonated",0,NA,"C15 H24 O8",15,24,8,NA,NA,NA,NA,NA,NA,NA,NA
1173,331.155547,331.15505868008,331.155097339355,2277850,NA,319897.5,13.01,-1,-0.116740692676234,0.997530201643286,0,0.598518120985972,8,1.26315789473684,0.263157894736842,"O5","de-protonated",0,NA,"C19 H24 O5",19,24,5,NA,NA,NA,NA,NA,NA,NA,NA
1176,331.176676,331.176187629753,331.176226707455,13839330,NA,310745.5,90.78,-1,-0.117996701290044,0.99867623060517,0.954932821180592,0.981178866835339,3,1.75,0.4375,"O7","de-protonated",0,NA,"C16 H28 O7",16,28,7,NA,NA,NA,NA,NA,NA,NA,NA
1177,331.204946,331.204457562416,331.204370008362,3818477,NA,350452.7,23.38,-1,0.264350540342773,0.987400197218695,0,0.592440118331217,2,1.94117647058824,0.235294117647059,"P1 O4","de-protonated",0,NA,"C17 H33 O4 P1",17,33,4,NA,1,NA,NA,NA,NA,NA,NA
1178,331.213115,331.212626542958,331.212612216839,4315120,NA,332687.5,26.72,-1,0.043253542979269,0.999660590893578,0,0.599796354536147,2,1.88235294117647,0.352941176470588,"O6","de-protonated",0,NA,"C17 H32 O6",17,32,6,NA,NA,NA,NA,NA,NA,NA,NA
1179,331.224301,331.223812516314,331.223845606131,2478068.5,NA,347916.1,14.36,-1,-0.0999016761296885,0.998190718257258,0,0.598914430954355,2,2,0.3125,"N2 O5","de-protonated",0,NA,"C16 H32 O5 N2",16,32,5,2,NA,NA,NA,NA,NA,NA,NA
1182,332.135555,332.135064345789,332.135090170264,4580689.5,NA,336668.6,27.75,-1,-0.0777529251018815,0.998903650247626,0,0.599342190148575,4,1.64285714285714,0.571428571428571,"N1 O8","de-protonated",0,NA,"C14 H23 O8 N1",14,23,8,1,NA,NA,NA,NA,NA,NA,NA
1185,332.171998,332.171507258985,332.171475679648,1998687.6,NA,325187.8,10.84,-1,0.0950693821547485,0.998361376776861,0,0.599016826066117,3,1.8,0.466666666666667,"N1 O7","de-protonated",0,NA,"C15 H27 O7 N1",15,27,7,1,NA,NA,NA,NA,NA,NA,NA
1188,332.23659,332.236099105132,332.236004489939,32808312,NA,304944,212.64,-1,0.284783082284342,0.975026200446669,0.988468827974321,0.98040325145773,1,2.11764705882353,0.176470588235294,"N1 P1 O3","de-protonated",0,NA,"C17 H36 O3 N1 P1",17,36,3,1,1,NA,NA,NA,NA,NA,NA
1192,333.02562,333.025127225734,333.025205366296,1603238.5,NA,344074.4,8.25,-1,-0.234638583609603,0.990060025875621,0,0.594036015525373,11,0.666666666666667,0.6,"O9","de-protonated",0,NA,"C15 H10 O9",15,10,9,NA,NA,NA,NA,NA,NA,NA,NA
1193,333.062019,333.061526139035,333.061590875681,3574452.3,NA,337624.4,21.16,-1,-0.1943683920374,0.993168478711654,0,0.595901087226992,10,0.875,0.5,"O8","de-protonated",0,NA,"C16 H14 O8",16,14,8,NA,NA,NA,NA,NA,NA,NA,NA
1195,333.075096,333.074603107886,333.074478035303,5782201.5,NA,324745.5,35.62,-1,0.375509359115941,0.974738951879385,0,0.584843371127631,5,1.46153846153846,0.615384615384615,"P1 O8","de-protonated",0,NA,"C13 H19 O8 P1",13,19,8,NA,1,NA,NA,NA,NA,NA,NA
1196,333.083131,333.082638088748,333.08272024378,2076860.5,NA,303796.9,11.35,-1,-0.246650538339862,0.989022002053533,0,0.59341320123212,5,1.38461538461538,0.769230769230769,"O10","de-protonated",0,NA,"C13 H18 O10",13,18,10,NA,NA,NA,NA,NA,NA,NA,NA
1197,333.098467,333.097974052219,333.097976385065,6696642.5,NA,326401.9,41.61,-1,-0.00700348315223315,0.99184413992347,0.951547709229278,0.975725567645793,9,1.05882352941176,0.411764705882353,"O7","de-protonated",0,NA,"C17 H18 O7",17,18,7,NA,NA,NA,NA,NA,NA,NA,NA
1198,333.111427,333.110934021349,333.110863544687,138133184,NA,311138.3,902.49,-1,0.211571191670346,0.986478520731832,0.972618172256962,0.980934381341884,4,1.64285714285714,0.5,"P1 O7","de-protonated",0,NA,"C14 H23 O7 P1",14,23,7,NA,1,NA,NA,NA,NA,NA,NA
1199,333.119515,333.119022002084,333.119105753164,5549770.5,NA,311165.3,34.1,-1,-0.251414820002909,0.988596256565121,0,0.593157753939073,4,1.57142857142857,0.642857142857143,"O9","de-protonated",0,NA,"C14 H22 O9",14,22,9,NA,NA,NA,NA,NA,NA,NA,NA
1201,333.134831,333.134337965603,333.134361894449,5861072,NA,321684.6,36.14,-1,-0.0718294144048252,0.49953212998637,0.836034543948893,0.634133095571379,8,1.22222222222222,0.333333333333333,"O6","de-protonated",0,NA,"C18 H22 O6",18,22,6,NA,NA,NA,NA,NA,NA,NA,NA
1203,333.155909,333.155415915397,333.155491262549,5741272.5,NA,326932.3,35.35,-1,-0.22616211790027,0.990761961369707,0,0.594457176821824,3,1.73333333333333,0.533333333333333,"O8","de-protonated",0,NA,"C15 H26 O8",15,26,8,NA,NA,NA,NA,NA,NA,NA,NA
1204,333.171156,333.17066287908,333.170747403833,2501342.3,NA,333331.5,14.13,-1,-0.253698003177254,0.98838940610082,0,0.593033643660492,7,1.36842105263158,0.263157894736842,"O5","de-protonated",0,NA,"C19 H26 O5",19,26,5,NA,NA,NA,NA,NA,NA,NA,NA
1206,333.192409,333.191915828457,333.191876771933,2646758.3,NA,337957.6,15.08,-1,0.117219317781846,0.997509933564823,0,0.598505960138894,2,1.875,0.4375,"O7","de-protonated",0,NA,"C16 H30 O7",16,30,7,NA,NA,NA,NA,NA,NA,NA,NA
1208,333.220547,333.220053761435,333.22002007284,38354672,NA,310291.1,248.96,-1,0.101100154018997,0.499073543993564,0.843720152817574,0.636932187523168,1,2.05882352941176,0.235294117647059,"P1 O4","de-protonated",0,NA,"C17 H35 O4 P1",17,35,4,NA,1,NA,NA,NA,NA,NA,NA
1210,333.247353,333.246859697586,333.246889725972,3181819.3,NA,324720.7,18.59,-1,-0.0901085272612857,0.998527803666318,0,0.599116682199791,0,2.11111111111111,0.166666666666667,"S1 O3","de-protonated",0,NA,"C18 H38 O3 S1",18,38,3,NA,NA,1,NA,NA,NA,NA,NA
1211,333.256964,333.256470674693,333.256405582224,1735423,NA,336694,9.11,-1,0.195322484202966,0.993101479040063,0,0.595860887424038,0,2.16666666666667,0.166666666666667,"P1 O3","de-protonated",0,NA,"C18 H39 O3 P1",18,39,3,NA,1,NA,NA,NA,NA,NA,NA
1212,334.078486,334.077990717901,334.077969215973,1769017,NA,346119.7,9.33,-1,0.0643620064681533,0.999248637060308,0,0.599549182236185,5,1.41666666666667,0.833333333333333,"N1 O10","de-protonated",0,NA,"C12 H17 O10 N1",12,17,10,1,NA,NA,NA,NA,NA,NA,NA
1216,334.142994,334.142498564249,334.142498026264,4974673.5,NA,314040.1,30.33,-1,0.00161004658578767,0.999999529639752,0,0.599999717783851,3,1.85714285714286,0.428571428571429,"N1 P1 O6","de-protonated",0,NA,"C14 H26 O6 N1 P1",14,26,6,1,1,NA,NA,NA,NA,NA,NA
1217,334.151184,334.150688544741,334.150740234742,6049877,NA,315454.1,37.37,-1,-0.15469066526264,0.995667490263934,0,0.59740049415836,3,1.78571428571429,0.571428571428571,"N1 O8","de-protonated",0,NA,"C14 H25 O8 N1",14,25,8,1,NA,NA,NA,NA,NA,NA,NA
1219,334.18756,334.187064458097,334.187125744126,4552803,NA,295614.5,27.57,-1,-0.183388359873677,0.993916228055851,0,0.596349736833511,2,1.93333333333333,0.466666666666667,"N1 O7","de-protonated",0,NA,"C15 H29 O7 N1",15,29,7,1,NA,NA,NA,NA,NA,NA,NA
1220,334.224058,334.223562371162,334.22351125351,8040560.5,NA,311731.3,50.41,-1,0.152944511812113,0.497882271493099,0.85154837932281,0.639348714624983,1,2.0625,0.375,"N1 O6","de-protonated",0,NA,"C16 H33 O6 N1",16,33,6,1,NA,NA,NA,NA,NA,NA,NA
1222,334.25228,334.25178430394,334.251654554417,1415291.5,NA,373352.9,7.02,-1,0.388179148393404,0.973029146746778,0,0.583817488048067,0,2.23529411764706,0.176470588235294,"N1 P1 O3","de-protonated",0,NA,"C17 H38 O3 N1 P1",17,38,3,1,1,NA,NA,NA,NA,NA,NA
1226,335.04138,335.040882424374,335.040855430774,3256232.8,NA,327504.6,19.07,-1,0.0805680846099762,0.99882287069834,0,0.599293722419004,10,0.8,0.6,"O9","de-protonated",0,NA,"C15 H12 O9",15,12,9,NA,NA,NA,NA,NA,NA,NA,NA
1227,335.052664,335.052166397497,335.052088820067,1558445.1,NA,412264,7.95,-1,0.231538416839605,0.99031968775673,0,0.594191812654038,10,0.857142857142857,0.571428571428571,"N2 O8","de-protonated",0,NA,"C14 H12 O8 N2",14,12,8,2,NA,NA,NA,NA,NA,NA,NA
1228,335.05433,335.053832393529,335.053742590396,2114989.8,NA,325589.6,11.6,-1,0.268026053085668,0.98704968204148,0,0.592229809224888,5,1.41666666666667,0.75,"P1 O9","de-protonated",0,NA,"C12 H17 O9 P1",12,17,9,NA,1,NA,NA,NA,NA,NA,NA
1230,335.077684,335.077186337901,335.077240940159,7029174.5,NA,313708.4,43.78,-1,-0.162954240164713,0.997566089698036,0.968551885333508,0.985960407952225,9,1,0.5,"O8","de-protonated",0,NA,"C16 H16 O8",16,16,8,NA,NA,NA,NA,NA,NA,NA,NA
1232,335.09077,335.090272306732,335.090128099781,17404348,NA,309915.4,111.74,-1,0.43035272909323,0.483476723388907,0.875929598413485,0.640457873398738,4,1.61538461538462,0.615384615384615,"P1 O8","de-protonated",0,NA,"C13 H21 O8 P1",13,21,8,NA,1,NA,NA,NA,NA,NA,NA
1233,335.098801,335.098303287603,335.098370308258,1731262.8,NA,317187.8,9.08,-1,-0.200002928573494,0.992768116822763,0,0.595660870093658,4,1.53846153846154,0.769230769230769,"O10","de-protonated",0,NA,"C13 H20 O10",13,20,10,NA,NA,NA,NA,NA,NA,NA,NA
1235,335.114045,335.113547251293,335.113626449543,11528645,NA,303886.2,73.25,-1,-0.236332526932213,0.98023374095463,0.996101235442425,0.986580738749748,8,1.17647058823529,0.411764705882353,"O7","de-protonated",0,NA,"C17 H20 O7",17,20,7,NA,NA,NA,NA,NA,NA,NA,NA
1238,335.127053,335.126555220309,335.126513609165,53248456,NA,305775.3,346.51,-1,0.124165478776949,0.980768755787156,0.960182472445504,0.972534242450495,3,1.78571428571429,0.5,"P1 O7","de-protonated",0,NA,"C14 H25 O7 P1",14,25,7,NA,1,NA,NA,NA,NA,NA,NA
1239,335.135121,335.134623201092,335.134755817642,2301388.5,NA,315909.5,12.82,-1,-0.395711123273345,0.97198728233688,0,0.583192369402128,3,1.71428571428571,0.642857142857143,"O9","de-protonated",0,NA,"C14 H24 O9",14,24,9,NA,NA,NA,NA,NA,NA,NA,NA
1241,335.150451,335.149953164577,335.150011958927,5556690.5,NA,329874.2,34.14,-1,-0.175426967490489,0.497215773546027,0.836034543948893,0.632743281707173,7,1.33333333333333,0.333333333333333,"O6","de-protonated",0,NA,"C18 H24 O6",18,24,6,NA,NA,NA,NA,NA,NA,NA,NA
1242,335.16349,335.162992133519,335.162899118549,29975000,NA,308424.1,194.07,-1,0.277521677815337,0.986487298662328,0.979871527237818,0.983840990092524,2,1.93333333333333,0.4,"P1 O6","de-protonated",0,NA,"C15 H29 O6 P1",15,29,6,NA,1,NA,NA,NA,NA,NA,NA
1243,335.169016,335.168518120357,335.168639403582,1442265.5,NA,272927.3,7.19,-1,-0.36185731900476,0.976521001968164,0,0.585912601180899,6,1.47368421052632,0.157894736842105,"S1 O3","de-protonated",0,NA,"C19 H28 O3 S1",19,28,3,NA,NA,1,NA,NA,NA,NA,NA
1244,335.171532,335.171034114364,335.171141327027,3846618.5,NA,349194.1,22.94,-1,-0.319874384903998,0.981605521091757,0,0.588963312655054,2,1.86666666666667,0.533333333333333,"O8","de-protonated",0,NA,"C15 H28 O8",15,28,8,NA,NA,NA,NA,NA,NA,NA,NA
1246,335.190102,335.189604070132,335.189768771681,1730017.6,NA,355792.5,9.07,-1,-0.491368069614861,0.957136333018366,0,0.57428179981102,1,2,0.3125,"S1 O5","de-protonated",0,NA,"C16 H32 O5 S1",16,32,5,NA,NA,1,NA,NA,NA,NA,NA
1247,335.199916,335.199418046756,335.199284627934,16744933,NA,310453.9,107.42,-1,0.398028361993196,0.485831474830574,0.85154837932281,0.632118236627468,1,2.0625,0.3125,"P1 O5","de-protonated",0,NA,"C16 H33 O5 P1",16,33,5,NA,1,NA,NA,NA,NA,NA,NA
1249,335.236183,335.235684960371,335.235670137318,15897075,NA,306155.2,101.87,-1,0.0442168136747203,0.996169204444291,0.971369794551254,0.986249440487076,0,2.17647058823529,0.235294117647059,"P1 O4","de-protonated",0,NA,"C17 H37 O4 P1",17,37,4,NA,1,NA,NA,NA,NA,NA,NA
1250,336.072899,336.072398967389,336.072489912352,1673522.4,NA,306722.9,8.7,-1,-0.270611150081004,0.98680033101037,0,0.592080198606222,9,1,0.533333333333333,"N1 O8","de-protonated",0,NA,"C15 H15 O8 N1",15,15,8,1,NA,NA,NA,NA,NA,NA,NA
1252,336.094152,336.093651916766,336.093619280451,3912506.5,NA,305660.4,23.37,-1,0.0971048331211659,0.998290519909391,0,0.598974311945635,4,1.58333333333333,0.833333333333333,"N1 O10","de-protonated",0,NA,"C12 H19 O10 N1",12,19,10,1,NA,NA,NA,NA,NA,NA,NA
1253,336.109285,336.10878488072,336.108875421736,2307904.3,NA,326154,12.86,-1,-0.269380019866138,0.986919372939745,0,0.592151623763847,8,1.1875,0.4375,"N1 O7","de-protonated",0,NA,"C16 H19 O7 N1",16,19,7,1,NA,NA,NA,NA,NA,NA,NA
1258,336.158776,336.158275762837,336.158148090742,7707475,NA,309314.6,48.22,-1,0.379797710650486,0.487083125095264,0.867648864333947,0.639309420790737,2,2,0.428571428571429,"N1 P1 O6","de-protonated",0,NA,"C14 H28 O6 N1 P1",14,28,6,1,1,NA,NA,NA,NA,NA,NA
1260,336.203368,336.202867656623,336.202775808604,2942308,NA,328475.1,17.01,-1,0.273192328487678,0.986549033714649,0,0.591929420228789,1,2.06666666666667,0.466666666666667,"N1 O7","de-protonated",0,NA,"C15 H31 O7 N1",15,31,7,1,NA,NA,NA,NA,NA,NA,NA
1264,337.020544,337.020041710183,337.020119985868,1514139.4,NA,347971.3,7.66,-1,-0.232258195536984,0.990259702758649,0,0.594155821655189,10,0.714285714285714,0.714285714285714,"O10","de-protonated",0,NA,"C14 H10 O10",14,10,10,NA,NA,NA,NA,NA,NA,NA,NA
1265,337.029516,337.029013688813,337.028851451716,1586078.9,NA,323237.7,8.13,-1,0.48137450590951,0.958826108566592,0,0.575295665139955,14,0.588235294117647,0.235294117647059,"N2 S1 O4","de-protonated",0,NA,"C17 H10 O4 S1 N2",17,10,4,2,NA,1,NA,NA,NA,NA,NA
1266,337.056839,337.056336623732,337.056343304,4630697.5,NA,306879.9,28.07,-1,-0.0198194411800419,0.999928727636401,0,0.599957236581841,4,1.9,0.3,"N4 S2 P1 O3","de-protonated",0,NA,"C10 H19 O3 S2 N4 P1",10,19,3,4,1,2,NA,NA,NA,NA,NA
1268,337.069918,337.069415592579,337.069259713093,3988654.3,NA,293851.3,23.86,-1,0.462455360252478,0.961937772383077,0,0.577162663429846,17,0.608695652173913,0.0434782608695652,"S1 O1","de-protonated",0,NA,"C23 H14 O1 S1",23,14,1,NA,NA,1,NA,NA,NA,NA,NA
1270,337.093359,337.092856536744,337.092891004637,12618935,NA,297840.3,80.39,-1,-0.102250427607916,0.987623748035054,0.995726345104944,0.99086478686301,8,1.125,0.5,"O8","de-protonated",0,NA,"C16 H18 O8",16,18,8,NA,NA,NA,NA,NA,NA,NA,NA
1271,337.106335,337.105832505837,337.105778164259,29803708,NA,303513,192.95,-1,0.161200375578745,0.987241028965133,0.991412801070691,0.988909737807356,3,1.76923076923077,0.615384615384615,"P1 O8","de-protonated",0,NA,"C13 H23 O8 P1",13,23,8,NA,1,NA,NA,NA,NA,NA,NA
1273,337.129686,337.129183450217,337.129276514021,11166917,NA,304621.8,70.88,-1,-0.276047827087072,0.493134162807735,0.843720152817574,0.633368558811671,7,1.29411764705882,0.411764705882353,"O7","de-protonated",0,NA,"C17 H22 O7",17,22,7,NA,NA,NA,NA,NA,NA,NA,NA
1274,337.142804,337.142301418971,337.142163673643,40879304,NA,305636.5,265.49,-1,0.408567490905437,0.971340854597035,0.984007560614845,0.976407537004159,2,1.92857142857143,0.5,"P1 O7","de-protonated",0,NA,"C14 H27 O7 P1",14,27,7,NA,1,NA,NA,NA,NA,NA,NA
1277,337.179132,337.178629332441,337.178549183027,16389336,NA,305906,105.08,-1,0.237706146237661,0.993699420978273,0.966603564284053,0.982861078300585,1,2.06666666666667,0.4,"P1 O6","de-protonated",0,NA,"C15 H31 O6 P1",15,31,6,NA,1,NA,NA,NA,NA,NA,NA
1278,337.184735,337.184232319095,337.18428946806,19096794,NA,308001,122.82,-1,-0.169488813632575,0.98135760486478,0.986500590898934,0.983414799278442,5,1.57894736842105,0.157894736842105,"S1 O3","de-protonated",0,NA,"C19 H30 O3 S1",19,30,3,NA,NA,1,NA,NA,NA,NA,NA
1280,337.205846,337.20534326881,337.205418836159,15246562,NA,309560.1,97.6,-1,-0.224098857445928,0.993501917367588,0.991636327952014,0.992755681601359,0,2.125,0.3125,"S1 O5","de-protonated",0,NA,"C16 H34 O5 S1",16,34,5,NA,NA,1,NA,NA,NA,NA,NA
1281,337.215522,337.215019245763,337.214934692412,8099045.5,NA,300974.3,50.79,-1,0.250740233560395,0.993764646436995,0.995302495979805,0.994379786254119,0,2.1875,0.3125,"P1 O5","de-protonated",0,NA,"C16 H35 O5 P1",16,35,5,NA,1,NA,NA,NA,NA,NA,NA
1283,338.088665,338.088160166015,338.08813997683,2622514,NA,315554.2,14.91,-1,0.0597157447778933,0.999353168682063,0,0.599611901209238,8,1.13333333333333,0.533333333333333,"N1 O8","de-protonated",0,NA,"C15 H17 O8 N1",15,17,8,1,NA,NA,NA,NA,NA,NA,NA
1285,338.101642,338.101137135105,338.101027136452,2056247,NA,346315.9,11.2,-1,0.32534255820906,0.980977318319652,0,0.588586390991791,3,1.83333333333333,0.666666666666667,"N1 P1 O8","de-protonated",0,NA,"C12 H22 O8 N1 P1",12,22,8,1,1,NA,NA,NA,NA,NA,NA
1298,339.036133,339.035625909231,339.035770050346,2164634.3,NA,335410,11.91,-1,-0.425150169407822,0.967734666734373,0,0.580640800040624,9,0.857142857142857,0.714285714285714,"O10","de-protonated",0,NA,"C14 H12 O10",14,12,10,NA,NA,NA,NA,NA,NA,NA,NA
1299,339.072585,339.072077822406,339.07215555973,6520744,NA,319367,40.44,-1,-0.229264843775128,0.495253981882085,0.859523230357577,0.640961681272282,8,1.06666666666667,0.6,"O9","de-protonated",0,NA,"C15 H16 O9",15,16,9,NA,NA,NA,NA,NA,NA,NA,NA
1300,339.085614,339.085106791372,339.085042719352,5153709,NA,308012.9,31.49,-1,0.188955604763357,0.993542456213962,0,0.596125473728377,3,1.75,0.75,"P1 O9","de-protonated",0,NA,"C12 H21 O9 P1",12,21,9,NA,1,NA,NA,NA,NA,NA,NA
1302,339.108988,339.108480735697,339.108541069115,19842998,NA,304384.5,127.7,-1,-0.177917717948947,0.995650515977868,0.988551175553933,0.992810779808294,7,1.25,0.5,"O8","de-protonated",0,NA,"C16 H20 O8",16,20,8,NA,NA,NA,NA,NA,NA,NA,NA
1303,339.122065,339.121557704549,339.121428228737,26970042,NA,304846.8,174.38,-1,0.381797790481054,0.978335976258357,0.988509398218317,0.982405345042341,2,1.92307692307692,0.615384615384615,"P1 O8","de-protonated",0,NA,"C13 H25 O8 P1",13,25,8,NA,1,NA,NA,NA,NA,NA,NA
1305,339.145322,339.144814649153,339.144926578499,7323588,NA,310299.7,45.7,-1,-0.330033969517091,0.977304784458356,0.953797341773779,0.967901807384526,6,1.41176470588235,0.411764705882353,"O7","de-protonated",0,NA,"C17 H24 O7",17,24,7,NA,NA,NA,NA,NA,NA,NA,NA
1306,339.158432,339.157924617926,339.157813738121,20568008,NA,301883.7,132.45,-1,0.326926876733948,0.981057234054835,0.995603212477327,0.986875625423832,1,2.07142857142857,0.5,"P1 O7","de-protonated",0,NA,"C14 H29 O7 P1",14,29,7,NA,1,NA,NA,NA,NA,NA,NA
1308,339.181773,339.181265562329,339.181312087883,3592145.8,NA,316525.5,21.26,-1,-0.137170156529622,0.996591746019514,0,0.597955047611708,5,1.55555555555556,0.333333333333333,"O6","de-protonated",0,NA,"C18 H28 O6",18,28,6,NA,NA,NA,NA,NA,NA,NA,NA
1310,339.20762,339.207112500764,339.207150169838,11196380,NA,316613.2,71.07,-1,-0.111050352359716,0.498882421846109,0.875929598413485,0.64970129247306,0,2.46153846153846,0.307692307692308,"N4 S1 O4","de-protonated",0,NA,"C13 H32 O4 S1 N4",13,32,4,4,NA,1,NA,NA,NA,NA,NA
1311,339.233365,339.232857439442,339.232953738552,5021669.5,NA,327021.4,30.62,-1,-0.283873100578315,0.492742265285519,0.799615297578637,0.615491478202766,8,1.39130434782609,0.0869565217391304,"O2","de-protonated",0,NA,"C23 H32 O2",23,32,2,NA,NA,NA,NA,NA,NA,NA,NA
1316,340.117236,340.11672633414,340.11667720093,2362165,NA,264078.9,13.2,-1,0.144459869765776,0.996220570242602,0,0.597732342145561,2,2,0.666666666666667,"N1 P1 O8","de-protonated",0,NA,"C12 H24 O8 N1 P1",12,24,8,1,1,NA,NA,NA,NA,NA,NA
1323,340.203718,340.203208128148,340.203050590653,297027936,NA,309340.7,1943.2,-1,0.463069024508961,0.390306386242611,0.799739976134261,0.554079822199271,9,1.35,0.1,"N3 O2","de-protonated",0,NA,"C20 H27 O2 N3",20,27,2,3,NA,NA,NA,NA,NA,NA,NA
1325,341.051777,341.051265108148,341.051420114824,2790039.8,NA,294392.8,16,-1,-0.454496498712036,0.963212407466781,0,0.577927444480069,8,1,0.714285714285714,"O10","de-protonated",0,NA,"C14 H14 O10",14,14,10,NA,NA,NA,NA,NA,NA,NA,NA
1328,341.088257,341.087745021256,341.087805624208,7623333.5,NA,299459.7,47.66,-1,-0.177675518656416,0.99558867673077,0.947381623326373,0.976305855369011,7,1.2,0.6,"O9","de-protonated",0,NA,"C15 H18 O9",15,18,9,NA,NA,NA,NA,NA,NA,NA,NA
1329,341.101194,341.100681990441,341.100559842049,4717226.5,NA,312021.7,28.63,-1,0.358100825648363,0.488500164463538,0.799615297578637,0.612946217709577,15,0.782608695652174,0.0434782608695652,"S1 O1","de-protonated",0,NA,"C23 H18 O1 S1",23,18,1,NA,NA,1,NA,NA,NA,NA,NA
1330,341.11656,341.11604795384,341.115948925115,2417840.3,NA,312255.5,13.56,-1,0.290308106337198,0.984824056184599,0,0.59089443371076,6,1.4375,0.375,"P1 O6","de-protonated",0,NA,"C16 H23 O6 P1",16,23,6,NA,1,NA,NA,NA,NA,NA,NA
1332,341.124686,341.124173934485,341.124191133593,10402483,NA,303058.9,65.86,-1,-0.050418903332718,0.994781235832239,0.976297052033313,0.987387562312669,6,1.375,0.5,"O8","de-protonated",0,NA,"C16 H22 O8",16,22,8,NA,NA,NA,NA,NA,NA,NA,NA
1333,341.137689,341.137176903513,341.137078293215,24591032,NA,299867.8,158.79,-1,0.289063560403405,0.991807666217298,0.996071637528133,0.993513254741632,1,2.07692307692308,0.615384615384615,"P1 O8","de-protonated",0,NA,"C13 H27 O8 P1",13,27,8,NA,1,NA,NA,NA,NA,NA,NA
1335,341.160997,341.160484847995,341.160576642977,9464513,NA,304008.3,59.72,-1,-0.269066790703991,0.990406637231153,0.967415627003154,0.981210233139953,5,1.52941176470588,0.411764705882353,"O7","de-protonated",0,NA,"C17 H26 O7",17,26,7,NA,NA,NA,NA,NA,NA,NA,NA
1337,341.179681,341.179168803492,341.179204087632,2499784.3,NA,337522.8,14.1,-1,-0.103418202400291,0.9980612292526,0,0.59883673755156,4,1.66666666666667,0.222222222222222,"S1 O4","de-protonated",0,NA,"C18 H30 O4 S1",18,30,4,NA,NA,1,NA,NA,NA,NA,NA
1338,341.189385,341.188872780378,341.188719943884,1946828,NA,346213,10.48,-1,0.447952951018671,0.964245037485723,0,0.578547022491434,4,1.72222222222222,0.222222222222222,"P1 O4","de-protonated",0,NA,"C18 H31 O4 P1",18,31,4,NA,1,NA,NA,NA,NA,NA,NA
1340,341.204612,341.204099744108,341.203976085169,7029458,NA,291134.1,43.77,-1,0.362419398393331,0.986556824068389,0.989515693918128,0.987740372008284,8,1.40909090909091,0.0454545454545455,"P1 O1","de-protonated",0,NA,"C22 H31 O1 P1",22,31,1,NA,1,NA,NA,NA,NA,NA,NA
1342,341.23385,341.233337674466,341.233347661746,6386397,NA,317115.9,39.56,-1,-0.0292681811705373,0.499922289169495,0.828487690504102,0.631348449703338,3,1.78947368421053,0.263157894736842,"O5","de-protonated",0,NA,"C19 H34 O5",19,34,5,NA,NA,NA,NA,NA,NA,NA,NA
1343,341.270139,341.269626588029,341.26973317113,7854826.5,NA,314406.5,49.18,-1,-0.312313371294037,0.991025640435255,0.992263015115342,0.99152059030729,2,1.9,0.2,"O4","de-protonated",0,NA,"C20 H38 O4",20,38,4,NA,NA,NA,NA,NA,NA,NA,NA
1346,342.083606,342.083091650424,342.083054596401,1529375.1,NA,317494.7,7.74,-1,0.108318789093858,0.997873334373177,0,0.598724000623906,7,1.21428571428571,0.642857142857143,"N1 O9","de-protonated",0,NA,"C14 H17 O9 N1",14,17,9,1,NA,NA,NA,NA,NA,NA,NA
1348,342.096558,342.096043619573,342.095941756023,1576740.1,NA,321000.1,8.05,-1,0.297763104888825,0.984040956166949,0,0.59042457370017,2,2,0.818181818181818,"N1 P1 O9","de-protonated",0,NA,"C11 H22 O9 N1 P1",11,22,9,1,1,NA,NA,NA,NA,NA,NA
1351,342.156224,342.155709477454,342.15582561517,1534266.6,NA,317031.6,7.78,-1,-0.339429310308117,0.979311884495424,0,0.587587130697254,5,1.5625,0.4375,"N1 O7","de-protonated",0,NA,"C16 H25 O7 N1",16,25,7,1,NA,NA,NA,NA,NA,NA,NA
1362,343.067495,343.066978306888,343.067070179302,2880404,NA,295571.9,16.14,-1,-0.267797237888725,0.987071640615029,0,0.592242984369017,7,1.14285714285714,0.714285714285714,"O10","de-protonated",0,NA,"C14 H16 O10",14,16,10,NA,NA,NA,NA,NA,NA,NA,NA
1363,343.080633,343.080116275595,343.079957338924,1729433,NA,340093.5,8.8,-1,0.463264225233701,0.961807087067758,0,0.577084252240655,2,1.90909090909091,0.909090909090909,"P1 O10","de-protonated",0,NA,"C11 H21 O10 P1",11,21,10,NA,1,NA,NA,NA,NA,NA,NA
1364,343.082712,343.082195270643,343.082326320587,2366361.8,NA,346357.2,12.86,-1,-0.381978126460781,0.973872696205628,0,0.584323617723377,11,0.888888888888889,0.388888888888889,"O7","de-protonated",0,NA,"C18 H16 O7",18,16,7,NA,NA,NA,NA,NA,NA,NA,NA
1365,343.085149,343.084632264838,343.084666052779,1530266.8,NA,323765.5,7.54,-1,-0.0984828079481808,0.998241701587262,0,0.598945020952357,2,2.33333333333333,0.666666666666667,"N4 S1 P1 O6","de-protonated",0,NA,"C9 H21 O6 S1 N4 P1",9,21,6,4,1,1,NA,NA,NA,NA,NA
1366,343.09584,343.095323239373,343.095213480209,4476318.5,NA,323167.7,26.3,-1,0.319908759244902,0.981601604059682,0,0.588960962435809,6,1.4,0.466666666666667,"P1 O7","de-protonated",0,NA,"C15 H21 O7 P1",15,21,7,NA,1,NA,NA,NA,NA,NA,NA
1367,343.103897,343.103380220182,343.103455688686,7916962,NA,285468.6,48.23,-1,-0.219958450465395,0.994760742357939,0.980989994555648,0.989252443237022,6,1.33333333333333,0.6,"O9","de-protonated",0,NA,"C15 H20 O9",15,20,9,NA,NA,NA,NA,NA,NA,NA,NA
1368,343.116979,343.116462189022,343.116342848308,1731494.8,NA,355218.1,8.82,-1,0.347814133306325,0.978288468189808,0,0.586973080913885,1,2.08333333333333,0.75,"P1 O9","de-protonated",0,NA,"C12 H25 O9 P1",12,25,9,NA,1,NA,NA,NA,NA,NA,NA
1369,343.119138,343.118621183879,343.118711829971,3247015.5,NA,289166.9,18.47,-1,-0.264182887254535,0.987416072979497,0,0.592449643787698,10,1.05263157894737,0.315789473684211,"O6","de-protonated",0,NA,"C19 H20 O6",19,20,6,NA,NA,NA,NA,NA,NA,NA,NA
1370,343.132171,343.131654152836,343.131598989593,5627308.5,NA,320795.3,33.64,-1,0.160764099789497,0.99532142013458,0,0.597192852080748,5,1.5625,0.375,"P1 O6","de-protonated",0,NA,"C16 H25 O6 P1",16,25,6,NA,1,NA,NA,NA,NA,NA,NA
1372,343.140229,343.139712133642,343.139841198071,12629424,NA,301744.1,78.25,-1,-0.376127784769019,0.487328371420812,0.85154837932281,0.633016374581611,5,1.5,0.5,"O8","de-protonated",0,NA,"C16 H24 O8",16,24,8,NA,NA,NA,NA,NA,NA,NA,NA
1373,343.168651,343.168134065944,343.167984498977,7962042.5,NA,305065.9,48.51,-1,0.435841841270239,0.978731033534724,0.909477077626098,0.951029451171273,4,1.70588235294118,0.294117647058824,"P1 O5","de-protonated",0,NA,"C17 H29 O5 P1",17,29,5,NA,1,NA,NA,NA,NA,NA,NA
1375,343.176712,343.176195046743,343.176226707455,15637949,NA,299404.1,97.42,-1,-0.0922578818690509,0.992664170521988,0.98540464796026,0.989760361497297,4,1.64705882352941,0.411764705882353,"O7","de-protonated",0,NA,"C17 H28 O7",17,28,7,NA,NA,NA,NA,NA,NA,NA,NA
1377,343.21305,343.212532960189,343.212612216839,18763212,NA,293946,117.33,-1,-0.230925808596675,0.977695411470221,0.983283520218667,0.9799306549696,3,1.77777777777778,0.333333333333333,"O6","de-protonated",0,NA,"C18 H32 O6",18,32,6,NA,NA,NA,NA,NA,NA,NA,NA
1378,343.216264,343.215746952534,343.215603397654,5227980.5,NA,301843.7,31.09,-1,0.418264432804782,0.968754972854749,0,0.58125298371285,3,1.94117647058824,0.176470588235294,"N2 P1 O3","de-protonated",0,NA,"C17 H33 O3 N2 P1",17,33,3,2,1,NA,NA,NA,NA,NA,NA
1379,343.249458,343.248940873469,343.248997726224,7894489,NA,309725.6,48.08,-1,-0.16563123363569,0.497517279465003,0.828487690504102,0.629905443880643,2,1.89473684210526,0.263157894736842,"O5","de-protonated",0,NA,"C19 H36 O5",19,36,5,NA,NA,NA,NA,NA,NA,NA,NA
1382,344.099057,344.0985378498,344.098704660879,1837338.6,NA,389845.5,9.49,-1,-0.484776829920427,0.958254386444497,0,0.574952631866698,6,1.35714285714286,0.642857142857143,"N1 O9","de-protonated",0,NA,"C14 H19 O9 N1",14,19,9,1,NA,NA,NA,NA,NA,NA,NA
1384,344.135637,344.13511776267,344.135090170264,3405608.5,NA,328390.1,19.48,-1,0.0801789961510366,0.998834206081751,0,0.599300523649051,5,1.53333333333333,0.533333333333333,"N1 O8","de-protonated",0,NA,"C15 H23 O8 N1",15,23,8,1,NA,NA,NA,NA,NA,NA,NA
1389,344.200149,344.199629609008,344.199618980555,4845377,NA,282149.2,28.65,-1,0.0308787473805222,0.999827004180231,0,0.599896202508139,3,1.88235294117647,0.235294117647059,"N1 P1 O4","de-protonated",0,NA,"C17 H32 O4 N1 P1",17,32,4,1,1,NA,NA,NA,NA,NA,NA
1392,344.244687,344.244167502922,344.244246698416,1893713.8,NA,347537.4,9.85,-1,-0.230056115257187,0.990442644804906,0,0.594265586882944,2,1.94444444444444,0.277777777777778,"N1 O5","de-protonated",0,NA,"C18 H35 O5 N1",18,35,5,1,NA,NA,NA,NA,NA,NA,NA
1394,344.272987,344.272467435514,344.272389999323,4101980.5,NA,295932.8,23.92,-1,0.224927101948564,0.99086211809549,0,0.594517270857294,1,2.10526315789474,0.105263157894737,"N1 P1 O2","de-protonated",0,NA,"C19 H40 O2 N1 P1",19,40,2,1,1,NA,NA,NA,NA,NA,NA
1398,345.025524,345.025002643039,345.025043175044,2067577.3,NA,271249.4,10.95,-1,-0.11747554607739,0.997499049293454,0,0.598499429576072,7,1.36363636363636,0.272727272727273,"N4 S2 P1 O3","de-protonated",0,NA,"C11 H15 O3 S2 N4 P1",11,15,3,4,1,2,NA,NA,NA,NA,NA
1399,345.061993,345.061471556173,345.061590875681,2842247,NA,307915.1,15.89,-1,-0.345791913554565,0.978537478452921,0,0.587122487071753,11,0.823529411764706,0.470588235294118,"O8","de-protonated",0,NA,"C17 H14 O8",17,14,8,NA,NA,NA,NA,NA,NA,NA,NA
1400,345.075114,345.07459252492,345.074478035303,4558988,NA,313445.9,26.83,-1,0.331782338116181,0.980224370264325,0,0.588134622158595,6,1.35714285714286,0.571428571428571,"P1 O8","de-protonated",0,NA,"C14 H19 O8 P1",14,19,8,NA,1,NA,NA,NA,NA,NA,NA
1401,345.083252,345.082730505536,345.08272024378,2219151,NA,336080.7,11.92,-1,0.0297370896541799,0.99983955879653,0,0.599903735277918,6,1.28571428571429,0.714285714285714,"O10","de-protonated",0,NA,"C14 H18 O10",14,18,10,NA,NA,NA,NA,NA,NA,NA,NA
1403,345.098355,345.097833469562,345.097976385065,4107412.8,NA,295265.9,23.95,-1,-0.414130226400018,0.969360069592127,0,0.581616041755276,10,1,0.388888888888889,"O7","de-protonated",0,NA,"C18 H18 O7",18,18,7,NA,NA,NA,NA,NA,NA,NA,NA
1404,345.111425,345.11090343843,345.110863544687,6854809.5,NA,295381.9,41.45,-1,0.115596892369686,0.987339742606875,0.7086119539351,0.875848627138165,5,1.53333333333333,0.466666666666667,"P1 O7","de-protonated",0,NA,"C15 H23 O7 P1",15,23,7,NA,1,NA,NA,NA,NA,NA,NA
1405,345.119537,345.119015419108,345.119105753164,8001693,NA,311662.2,48.76,-1,-0.261747479941037,0.493822792210895,0.859523230357577,0.640102967469568,5,1.46666666666667,0.6,"O9","de-protonated",0,NA,"C15 H22 O9",15,22,9,NA,NA,NA,NA,NA,NA,NA,NA
1407,345.134845,345.134323382646,345.134361894449,4456610.5,NA,299438.7,26.17,-1,-0.111584958141068,0.997743295788181,0,0.598645977472908,9,1.15789473684211,0.315789473684211,"O6","de-protonated",0,NA,"C19 H22 O6",19,22,6,NA,NA,NA,NA,NA,NA,NA,NA
1408,345.147906,345.147384351536,345.147249054071,13795496,NA,298249.3,85.67,-1,0.391999255209995,0.980412699095787,0.842581844888538,0.925280357412887,4,1.6875,0.375,"P1 O6","de-protonated",0,NA,"C16 H27 O6 P1",16,27,6,NA,1,NA,NA,NA,NA,NA,NA
1409,345.155939,345.155417332402,345.155491262549,15421611,NA,295357.3,96.03,-1,-0.214193743475699,0.995181012270884,0.991652812889428,0.993769732518301,4,1.625,0.5,"O8","de-protonated",0,NA,"C16 H26 O8",16,26,8,NA,NA,NA,NA,NA,NA,NA,NA
1411,345.171231,345.170709295978,345.170747403833,2245808.5,NA,314633.8,12.09,-1,-0.110402912434909,0.997790801573343,0,0.598674480944006,8,1.3,0.25,"O5","de-protonated",0,NA,"C20 H26 O5",20,26,5,NA,NA,NA,NA,NA,NA,NA,NA
1412,345.184252,345.183730264963,345.183634563456,3695797.3,NA,328143.3,21.33,-1,0.277248101325414,0.986149486145264,0,0.591689691687158,3,1.82352941176471,0.294117647058824,"P1 O5","de-protonated",0,NA,"C17 H31 O5 P1",17,31,5,NA,1,NA,NA,NA,NA,NA,NA
1414,345.192396,345.191874245565,345.191876771933,10969272,NA,297177.4,67.67,-1,-0.0073187363848894,0.98480513008822,0.973708322548527,0.980366407072343,3,1.76470588235294,0.411764705882353,"O7","de-protonated",0,NA,"C17 H30 O7",17,30,7,NA,NA,NA,NA,NA,NA,NA,NA
1416,345.228659,345.228137159189,345.228262281317,6078662,NA,298635.1,36.51,-1,-0.362433037946227,0.488223559680873,0.836034543948893,0.627347953388081,2,1.88888888888889,0.333333333333333,"O6","de-protonated",0,NA,"C18 H34 O6",18,34,6,NA,NA,NA,NA,NA,NA,NA,NA
1420,346.057453,346.056929185076,346.056839847874,1675775.5,NA,303802.5,8.46,-1,0.258157598839794,0.987980112533819,0,0.592788067520292,11,0.8125,0.5,"N1 O8","de-protonated",0,NA,"C16 H13 O8 N1",16,13,8,1,NA,NA,NA,NA,NA,NA,NA
1421,346.078406,346.077882135168,346.077969215973,1450503.5,NA,352908.9,7.02,-1,-0.251621924968936,0.988577568733712,0,0.593146541240227,6,1.30769230769231,0.769230769230769,"N1 O10","de-protonated",0,NA,"C13 H17 O10 N1",13,17,10,1,NA,NA,NA,NA,NA,NA,NA
1422,346.106747,346.106223067662,346.10611251688,1492242.1,NA,290118.9,7.29,-1,0.319412973681161,0.981658060685863,0,0.588994836411518,5,1.57142857142857,0.5,"N1 P1 O7","de-protonated",0,NA,"C14 H22 O7 N1 P1",14,22,7,1,1,NA,NA,NA,NA,NA,NA
1428,346.215913,346.215388807639,346.215269045033,16601659,NA,297718.6,103.55,-1,0.345919480651315,0.979653824634507,0.986884342050799,0.982546031601024,2,2,0.235294117647059,"N1 P1 O4","de-protonated",0,NA,"C17 H34 O4 N1 P1",17,34,4,1,1,NA,NA,NA,NA,NA,NA
1432,347.041319,347.040792841596,347.040855430774,2103667.5,NA,307050.7,11.18,-1,-0.180351038060072,0.994115491803209,0,0.596469295081925,11,0.75,0.5625,"O9","de-protonated",0,NA,"C16 H12 O9",16,12,9,NA,NA,NA,NA,NA,NA,NA,NA
1433,347.054301,347.053774810674,347.053609648615,1816440.4,NA,350994,9.35,-1,0.475897828334444,0.959738650739229,0,0.575843190443537,19,0.5,0.0416666666666667,"S1 O1","de-protonated",0,NA,"C24 H12 O1 S1",24,12,1,NA,NA,1,NA,NA,NA,NA,NA
1434,347.077707,347.077180754923,347.077240940159,5542785,NA,310986.6,33.09,-1,-0.173405883836984,0.994558767905408,0,0.596735260743244,10,0.941176470588235,0.470588235294118,"O8","de-protonated",0,NA,"C17 H16 O8",17,16,8,NA,NA,NA,NA,NA,NA,NA,NA
1435,347.090792,347.090265723756,347.090128099781,16978822,NA,297272.1,105.95,-1,0.396507891861699,0.982240923060247,0.888808142425319,0.944867810806276,5,1.5,0.571428571428571,"P1 O8","de-protonated",0,NA,"C14 H21 O8 P1",14,21,8,NA,1,NA,NA,NA,NA,NA,NA
1436,347.098824,347.098297704624,347.098370308258,2313097.3,NA,346959.3,12.51,-1,-0.209173076463641,0.992092437989038,0,0.595255462793423,5,1.42857142857143,0.714285714285714,"O10","de-protonated",0,NA,"C14 H20 O10",14,20,10,NA,NA,NA,NA,NA,NA,NA,NA
1437,347.108413,347.107886681784,347.107753222728,2469260.8,NA,300920.8,13.51,-1,0.38448883460472,0.973532703289535,0,0.584119621973721,18,0.64,0.08,"O2","de-protonated",0,NA,"C25 H16 O2",25,16,2,NA,NA,NA,NA,NA,NA,NA,NA
1438,347.114027,347.113500668412,347.113626449543,10107791,NA,296424.9,62.17,-1,-0.362362988509003,0.988036289527096,0.992049845395469,0.989641711874445,9,1.11111111111111,0.388888888888889,"O7","de-protonated",0,NA,"C18 H20 O7",18,20,7,NA,NA,NA,NA,NA,NA,NA,NA
1439,347.127121,347.126594637223,347.126513609165,18338708,NA,291433.1,114.61,-1,0.233425149165834,0.977235707887438,0.79628423046062,0.904855116916711,4,1.66666666666667,0.466666666666667,"P1 O7","de-protonated",0,NA,"C15 H25 O7 P1",15,25,7,NA,1,NA,NA,NA,NA,NA,NA
1440,347.135186,347.134659618013,347.134755817642,6538135,NA,310474.6,39.43,-1,-0.277124741161234,0.493080861589555,0.859523230357577,0.639657809096764,4,1.6,0.6,"O9","de-protonated",0,NA,"C15 H24 O9",15,24,9,NA,NA,NA,NA,NA,NA,NA,NA
1442,347.150501,347.149974581534,347.150011958927,6027164.5,NA,295569.1,36.18,-1,-0.107669283586393,0.498949367586156,0.828487690504102,0.630764696753335,8,1.26315789473684,0.315789473684211,"O6","de-protonated",0,NA,"C19 H24 O6",19,24,6,NA,NA,NA,NA,NA,NA,NA,NA
1443,347.163502,347.162975550567,347.162899118549,13976482,NA,295735.8,86.82,-1,0.220161825721463,0.991734747487113,0.869616898127783,0.942887607743381,3,1.8125,0.375,"P1 O6","de-protonated",0,NA,"C16 H29 O6 P1",16,29,6,NA,1,NA,NA,NA,NA,NA,NA
1444,347.171588,347.171061531307,347.171141327027,5503908.5,NA,303928.5,32.84,-1,-0.229845486561313,0.990460053629007,0,0.594276032177404,3,1.75,0.5,"O8","de-protonated",0,NA,"C16 H28 O8",16,28,8,NA,NA,NA,NA,NA,NA,NA,NA
1446,347.186875,347.186348494894,347.186397468311,2823082.5,NA,298331.6,15.76,-1,-0.141057994644168,0.996396160031866,0,0.597837696019119,7,1.4,0.25,"O5","de-protonated",0,NA,"C20 H28 O5",20,28,5,NA,NA,NA,NA,NA,NA,NA,NA
1447,347.199952,347.199425463746,347.199284627934,50336688,NA,297858.9,318.48,-1,0.405633936743698,0.98103331064857,0.971997019139239,0.977418794044838,2,1.94117647058824,0.294117647058824,"P1 O5","de-protonated",0,NA,"C17 H33 O5 P1",17,33,5,NA,1,NA,NA,NA,NA,NA,NA
1448,347.207927,347.20740044475,347.207526836411,2087858.4,NA,302123.6,11.08,-1,-0.364023388372788,0.976242446889075,0,0.585745468133445,2,1.88235294117647,0.411764705882353,"O7","de-protonated",0,NA,"C17 H32 O7",17,32,7,NA,NA,NA,NA,NA,NA,NA,NA
1450,347.236288,347.235761377197,347.235670137318,6071229,NA,302176.5,36.46,-1,0.262760675612546,0.493775176574686,0.836034543948893,0.630678923524368,1,2.05555555555556,0.222222222222222,"P1 O4","de-protonated",0,NA,"C18 H37 O4 P1",18,37,4,NA,1,NA,NA,NA,NA,NA,NA
1455,348.109341,348.108812297663,348.108875421736,2006278.9,NA,327816.2,10.56,-1,-0.181334281381423,0.994051345956131,0,0.596430807573679,9,1.11764705882353,0.411764705882353,"N1 O7","de-protonated",0,NA,"C17 H19 O7 N1",17,19,7,1,NA,NA,NA,NA,NA,NA,NA
1457,348.122362,348.121833266648,348.121762581358,4068619.8,NA,292278.7,23.7,-1,0.203047605856336,0.992547085375616,0,0.59552825122537,4,1.71428571428571,0.5,"N1 P1 O7","de-protonated",0,NA,"C14 H24 O7 N1 P1",14,24,7,1,1,NA,NA,NA,NA,NA,NA
1459,348.14584,348.145311210726,348.14526093112,1866260.8,NA,256154.6,9.66,-1,0.144421341611614,0.996222582146682,0,0.597733549288009,8,1.27777777777778,0.333333333333333,"N1 O6","de-protonated",0,NA,"C18 H23 O6 N1",18,23,6,1,NA,NA,NA,NA,NA,NA,NA
1463,348.231508,348.230979006672,348.230919109511,27129142,NA,289616.9,170.62,-1,0.17200414504722,0.980500583135955,0.974075979381769,0.977930741634281,1,2.11764705882353,0.235294117647059,"N1 P1 O4","de-protonated",0,NA,"C17 H36 O4 N1 P1",17,36,4,1,1,NA,NA,NA,NA,NA,NA
1465,349.020689,349.020158126914,349.020119985868,1536607,NA,380904.5,7.56,-1,0.109280364674718,0.997835449867101,0,0.598701269920261,11,0.666666666666667,0.666666666666667,"O10","de-protonated",0,NA,"C15 H10 O10",15,10,10,NA,NA,NA,NA,NA,NA,NA,NA
1466,349.056969,349.056438040498,349.056505495252,3586668.8,NA,332816.3,20.62,-1,-0.193248809283971,0.9932466870567,0,0.59594801223402,10,0.875,0.5625,"O9","de-protonated",0,NA,"C16 H14 O9",16,14,9,NA,NA,NA,NA,NA,NA,NA,NA
1467,349.070065,349.069534009305,349.069392654874,4416113.5,NA,316843.4,25.91,-1,0.404946504742718,0.970684041196327,0,0.582410424717796,5,1.46153846153846,0.692307692307692,"P1 O9","de-protonated",0,NA,"C13 H19 O9 P1",13,19,9,NA,1,NA,NA,NA,NA,NA,NA
1468,349.093235,349.092703954116,349.092728813384,12027514,NA,292208.3,74.4,-1,-0.0712110749567731,0.665888787810398,0.926630606056794,0.770185515108956,4,1.91666666666667,0.166666666666667,"N4 S2 P1 O2","de-protonated",0,NA,"C12 H23 O2 S2 N4 P1",12,23,2,4,1,2,NA,NA,NA,NA,NA
1469,349.106347,349.105815922884,349.105778164259,162682496,NA,297562.9,1034.25,-1,0.108158123162396,0.741616469869449,0.986055917081154,0.839392248754131,4,1.64285714285714,0.571428571428571,"P1 O8","de-protonated",0,NA,"C14 H23 O8 P1",14,23,8,NA,1,NA,NA,NA,NA,NA,NA
1473,349.129748,349.129216867145,349.129276514021,14341768,NA,293173.2,89.14,-1,-0.170844668999115,0.991514622019098,0.981622828918099,0.987557904778698,8,1.22222222222222,0.388888888888889,"O7","de-protonated",0,NA,"C18 H22 O7",18,22,7,NA,NA,NA,NA,NA,NA,NA,NA
1474,349.142725,349.142193836235,349.142163673643,42522252,NA,292385.3,268.69,-1,0.0863905750146152,0.991692747740603,0.949160784844877,0.974679962582313,3,1.8,0.466666666666667,"P1 O7","de-protonated",0,NA,"C15 H27 O7 P1",15,27,7,NA,1,NA,NA,NA,NA,NA,NA
1476,349.157819,349.157287800283,349.157419814928,1677970.9,NA,313835.4,8.46,-1,-0.37809491551462,0.974394393553901,0,0.584636636132341,7,1.42105263157895,0.210526315789474,"P1 O4","de-protonated",0,NA,"C19 H27 O4 P1",19,27,4,NA,1,NA,NA,NA,NA,NA,NA
1478,349.166096,349.165564780568,349.165662023405,5358230,NA,315211.5,31.91,-1,-0.278500574948521,0.493012472023099,0.828487690504102,0.6272025594155,7,1.36842105263158,0.315789473684211,"O6","de-protonated",0,NA,"C19 H26 O6",19,26,6,NA,NA,NA,NA,NA,NA,NA,NA
1479,349.17921,349.178678749331,349.178549183027,24725146,NA,294321.7,155.3,-1,0.371060319426836,0.972690806817838,0.937121256094675,0.958462986528573,2,1.9375,0.375,"P1 O6","de-protonated",0,NA,"C16 H31 O6 P1",16,31,6,NA,1,NA,NA,NA,NA,NA,NA
1480,349.187323,349.186791730007,349.186791391505,1666206,NA,285611.7,8.39,-1,0.000969401228551156,0.999999829485654,0,0.599999897691393,2,1.875,0.5,"O8","de-protonated",0,NA,"C16 H30 O8",16,30,8,NA,NA,NA,NA,NA,NA,NA,NA
1482,349.215506,349.214974662877,349.214934692412,36640424,NA,295890.5,231.21,-1,0.114458065362873,0.995909200096468,0.997257505907749,0.99644852242098,1,2.05882352941176,0.294117647058824,"P1 O5","de-protonated",0,NA,"C17 H35 O5 P1",17,35,5,NA,1,NA,NA,NA,NA,NA,NA
1484,349.242311,349.24177959903,349.241804345544,10528435,NA,291923.5,64.85,-1,-0.0708578219463111,0.499544695839503,0.836034543948893,0.634140635083259,0,2.11111111111111,0.222222222222222,"S1 O4","de-protonated",0,NA,"C18 H38 O4 S1",18,38,4,NA,NA,1,NA,NA,NA,NA,NA
1485,349.251992,349.251460575971,349.251320201796,2435254.5,NA,311496.6,13.29,-1,0.40192883183634,0.971112990792092,0,0.582667794475255,0,2.16666666666667,0.222222222222222,"P1 O4","de-protonated",0,NA,"C18 H39 O4 P1",18,39,4,NA,1,NA,NA,NA,NA,NA,NA
1486,350.052172,350.051638670014,350.051754467445,1557476.5,NA,314088,7.69,-1,-0.330800888234751,0.980340038340041,0,0.588204023004025,10,0.866666666666667,0.6,"N1 O9","de-protonated",0,NA,"C15 H13 O9 N1",15,13,9,1,NA,NA,NA,NA,NA,NA,NA
1487,350.088584,350.088050583284,350.08813997683,2036722.1,NA,297872.7,10.75,-1,-0.255345827355615,0.988238982870964,0,0.592943389722579,9,1.0625,0.5,"N1 O8","de-protonated",0,NA,"C16 H17 O8 N1",16,17,8,1,NA,NA,NA,NA,NA,NA,NA
1490,350.125014,350.124480496511,350.124525486214,1904127.9,NA,343979.6,9.9,-1,-0.128496291206106,0.997008530265692,0,0.598205118159415,8,1.23529411764706,0.411764705882353,"N1 O7","de-protonated",0,NA,"C17 H21 O7 N1",17,21,7,1,NA,NA,NA,NA,NA,NA,NA
1492,350.138119,350.137585465296,350.137412645836,4119556.8,NA,297440.6,24.02,-1,0.493576104261885,0.956758709143967,0,0.57405522548638,3,1.85714285714286,0.5,"N1 P1 O7","de-protonated",0,NA,"C14 H26 O7 N1 P1",14,26,7,1,1,NA,NA,NA,NA,NA,NA
1494,350.174486,350.173952378673,350.17379815522,1889810.6,NA,280713.7,9.81,-1,0.440419739022477,0.965416640120657,0,0.579249984072394,2,2,0.4,"N1 P1 O6","de-protonated",0,NA,"C15 H30 O6 N1 P1",15,30,6,1,1,NA,NA,NA,NA,NA,NA
1499,350.247253,350.246719205349,350.246569173989,48240688,NA,294098.9,305.12,-1,0.428359255856232,0.96945859816313,0.996263779758727,0.980180670801369,0,2.23529411764706,0.235294117647059,"N1 P1 O4","de-protonated",0,NA,"C17 H38 O4 N1 P1",17,38,4,1,1,NA,NA,NA,NA,NA,NA
1500,351.036219,351.035683326102,351.035770050346,3237207.8,NA,334540.9,18.39,-1,-0.247052440561298,0.98898639482944,0,0.593391836897664,10,0.8,0.666666666666667,"O10","de-protonated",0,NA,"C15 H12 O10",15,12,10,NA,NA,NA,NA,NA,NA,NA,NA
1501,351.072664,351.072128239294,351.07215555973,9148773,NA,299192.2,56.05,-1,-0.0778200045502919,0.993616545881861,0.980032083605133,0.98818276097117,9,1,0.5625,"O9","de-protonated",0,NA,"C16 H16 O9",16,16,9,NA,NA,NA,NA,NA,NA,NA,NA
1502,351.085689,351.085153208269,351.085042719352,9945450,NA,293375,61.13,-1,0.314706989480819,0.981131966182501,0.962927620538054,0.973850227924722,4,1.61538461538462,0.692307692307692,"P1 O9","de-protonated",0,NA,"C13 H21 O9 P1",13,21,9,NA,1,NA,NA,NA,NA,NA,NA
1504,351.10892,351.108384152935,351.108541069115,21985652,NA,287826.6,137.84,-1,-0.446916441074759,0.979563931914129,0.998333589828691,0.987071795079954,8,1.17647058823529,0.470588235294118,"O8","de-protonated",0,NA,"C17 H20 O8",17,20,8,NA,NA,NA,NA,NA,NA,NA,NA
1506,351.122015,351.121479121744,351.121428228737,47438200,NA,289032.4,300,-1,0.144944179318009,0.996437788472676,0.974876899967951,0.987813433070786,3,1.78571428571429,0.571428571428571,"P1 O8","de-protonated",0,NA,"C14 H25 O8 P1",14,25,8,NA,1,NA,NA,NA,NA,NA,NA
1507,351.134973,351.134437090879,351.134379151069,3240317,NA,319446,18.41,-1,0.165007510891371,0.995071793422844,0,0.597043076053706,3,2,0.5,"N4 S1 O6","de-protonated",0,NA,"C12 H24 O6 S1 N4",12,24,6,4,NA,1,NA,NA,NA,NA,NA
1509,351.145408,351.144872066024,351.144926578499,11598209,NA,291840.2,71.66,-1,-0.155242097874873,0.997816098295486,0.9634768929154,0.984080416143451,7,1.33333333333333,0.388888888888889,"O7","de-protonated",0,NA,"C18 H24 O7",18,24,7,NA,NA,NA,NA,NA,NA,NA,NA
1510,351.158394,351.157858035092,351.157813738121,36739460,NA,290762.6,231.84,-1,0.12614548153718,0.980609630229762,0.963089917976878,0.973601745328609,2,1.93333333333333,0.466666666666667,"P1 O7","de-protonated",0,NA,"C15 H29 O7 P1",15,29,7,NA,1,NA,NA,NA,NA,NA,NA
1511,351.17372,351.173183998587,351.173069879406,2658187.5,NA,342486.3,14.7,-1,0.324965640081283,0.981020948670596,0,0.588612569202357,6,1.52631578947368,0.210526315789474,"P1 O4","de-protonated",0,NA,"C19 H29 O4 P1",19,29,4,NA,1,NA,NA,NA,NA,NA,NA
1513,351.181677,351.181140979634,351.181312087883,3592590.5,NA,321206.5,20.66,-1,-0.487236202302711,0.957838823478609,0,0.574703294087165,6,1.47368421052632,0.315789473684211,"O6","de-protonated",0,NA,"C19 H28 O6",19,28,6,NA,NA,NA,NA,NA,NA,NA,NA
1514,351.194857,351.194320948241,351.194199247505,17439124,NA,286813.2,108.87,-1,0.346534014049873,0.989182253173923,0.962985084878001,0.978703385855554,1,2.0625,0.375,"P1 O6","de-protonated",0,NA,"C16 H33 O6 P1",16,33,6,NA,1,NA,NA,NA,NA,NA,NA
1516,351.221438,351.220901884927,351.221068900637,10158494,NA,301257.3,62.49,-1,-0.475528734156835,0.978200962654343,0.999337072838592,0.986655406728043,0,2.11764705882353,0.294117647058824,"S1 O5","de-protonated",0,NA,"C17 H36 O5 S1",17,36,5,NA,NA,1,NA,NA,NA,NA,NA
1517,351.231109,351.230572861892,351.23058475689,12577185,NA,303422.4,77.9,-1,-0.0338666343406142,0.995135309390543,0.963659197453242,0.982544864615623,0,2.17647058823529,0.294117647058824,"P1 O5","de-protonated",0,NA,"C17 H37 O5 P1",17,37,5,NA,1,NA,NA,NA,NA,NA,NA
1520,352.080949,352.080410837649,352.080291691545,1584865.9,NA,252181.6,7.86,-1,0.3384060586153,0.979435140725422,0,0.587661084435253,4,1.66666666666667,0.75,"N1 P1 O9","de-protonated",0,NA,"C12 H20 O9 N1 P1",12,20,9,1,1,NA,NA,NA,NA,NA,NA
1522,352.10426,352.103721782124,352.103790041308,3257066.5,NA,309322.7,18.52,-1,-0.193860972603087,0.993203979663341,0,0.595922387798004,8,1.1875,0.5,"N1 O8","de-protonated",0,NA,"C16 H19 O8 N1",16,19,8,1,NA,NA,NA,NA,NA,NA,NA
1530,352.153741,352.153202664265,352.153062710314,3323645.3,NA,315613.5,18.94,-1,0.397423637808285,0.971747762136797,0,0.583048657282078,2,2,0.5,"N1 P1 O7","de-protonated",0,NA,"C14 H28 O7 N1 P1",14,28,7,1,1,NA,NA,NA,NA,NA,NA
1533,352.189978,352.189439577952,352.189448219698,1473035,NA,347304.3,7.15,-1,-0.0245372097885205,0.999890760310208,0,0.599934456186125,1,2.13333333333333,0.4,"N1 P1 O6","de-protonated",0,NA,"C15 H32 O6 N1 P1",15,32,6,1,1,NA,NA,NA,NA,NA,NA
1540,353.051946,353.051405524821,353.051420114824,4966480,NA,290852.7,29.4,-1,-0.041325432552682,0.999690171505155,0,0.599814102903093,9,0.933333333333333,0.666666666666667,"O10","de-protonated",0,NA,"C15 H14 O10",15,14,10,NA,NA,NA,NA,NA,NA,NA,NA
1543,353.088251,353.087710438346,353.087805624208,17185886,NA,287051.1,107.26,-1,-0.269581278949282,0.980735625268885,0.984864752129248,0.98238727601303,8,1.125,0.5625,"O9","de-protonated",0,NA,"C16 H18 O9",16,18,9,NA,NA,NA,NA,NA,NA,NA,NA
1544,353.101277,353.100736407319,353.10069278383,11273315,NA,289026.3,69.59,-1,0.123544048111737,0.994389608888811,0.98793125946044,0.991806269117463,3,1.76923076923077,0.692307692307692,"P1 O9","de-protonated",0,NA,"C13 H23 O9 P1",13,23,9,NA,1,NA,NA,NA,NA,NA,NA
1547,353.124712,353.124171351499,353.124191133593,22670444,NA,294337.3,142.2,-1,-0.0560202157530996,0.989404396698007,0.985135410129397,0.987696802070563,7,1.29411764705882,0.470588235294118,"O8","de-protonated",0,NA,"C17 H22 O8",17,22,8,NA,NA,NA,NA,NA,NA,NA,NA
1548,353.137753,353.137212320437,353.137078293215,48192624,NA,292658.2,304.8,-1,0.379533134252814,0.987073097921775,0.999559466585955,0.992067645387447,2,1.92857142857143,0.571428571428571,"P1 O8","de-protonated",0,NA,"C14 H27 O8 P1",14,27,8,NA,1,NA,NA,NA,NA,NA,NA
1549,353.153021,353.15248028407,353.152334434499,3452022.3,NA,337676.8,19.75,-1,0.412993363269504,0.969525476862207,0,0.581715286117324,6,1.5,0.277777777777778,"P1 O5","de-protonated",0,NA,"C18 H27 O5 P1",18,27,5,NA,1,NA,NA,NA,NA,NA,NA
1551,353.160999,353.160458265067,353.160576642977,8699001,NA,289506.1,53.18,-1,-0.335195709300175,0.489909764541881,0.836034543948893,0.628359676304686,6,1.44444444444444,0.388888888888889,"O7","de-protonated",0,NA,"C18 H26 O7",18,26,7,NA,NA,NA,NA,NA,NA,NA,NA
1552,353.174066,353.173525233942,353.173463802599,18328702,NA,292355.7,114.54,-1,0.173940994621146,0.995369796588148,0.989350287497971,0.992961992952077,1,2.06666666666667,0.466666666666667,"P1 O7","de-protonated",0,NA,"C15 H31 O7 P1",15,31,7,NA,1,NA,NA,NA,NA,NA,NA
1555,353.197526,353.196985178063,353.196962152361,3236999,NA,325425,18.38,-1,0.0651922414524967,0.999229135208946,0,0.599537481125368,5,1.57894736842105,0.315789473684211,"O6","de-protonated",0,NA,"C19 H30 O6",19,30,6,NA,NA,NA,NA,NA,NA,NA,NA
1556,353.200816,353.200275170226,353.200333455731,21781640,NA,294763,136.54,-1,-0.165021092361212,0.986971807049507,0.988819327994474,0.987710815427494,0,2.125,0.375,"S1 O6","de-protonated",0,NA,"C16 H34 O6 S1",16,34,6,NA,NA,1,NA,NA,NA,NA,NA
1557,353.210349,353.20980814752,353.209849311983,5342348,NA,281119.3,31.8,-1,-0.116543928987872,0.997538509954496,0,0.598523105972697,0,2.1875,0.375,"P1 O6","de-protonated",0,NA,"C16 H35 O6 P1",16,35,6,NA,1,NA,NA,NA,NA,NA,NA
1558,353.215985,353.215444134095,353.215589597016,32816270,NA,286581.2,206.84,-1,-0.411824747375111,0.654852063457841,0.964547155349659,0.778730100214568,4,1.7,0.15,"S1 O3","de-protonated",0,NA,"C20 H34 O3 S1",20,34,3,NA,NA,1,NA,NA,NA,NA,NA
1561,354.083494,354.082951067766,354.083054596401,1799125,NA,331584.5,9.22,-1,-0.292385171889898,0.984607806739243,0,0.590764684043546,8,1.13333333333333,0.6,"N1 O9","de-protonated",0,NA,"C15 H17 O9 N1",15,17,9,1,NA,NA,NA,NA,NA,NA,NA
1565,354.119949,354.119405980934,354.119440105786,2148322.8,NA,323307.1,11.45,-1,-0.0963653720477981,0.998316434587642,0,0.598989860752585,7,1.3125,0.5,"N1 O8","de-protonated",0,NA,"C16 H21 O8 N1",16,21,8,1,NA,NA,NA,NA,NA,NA,NA
1568,354.132834,354.132290950243,354.132327265408,1768423.6,NA,271112.5,9.03,-1,-0.102546877811864,0.998093729872886,0,0.598856237923732,2,2,0.615384615384615,"N1 P1 O8","de-protonated",0,NA,"C13 H26 O8 N1 P1",13,26,8,1,1,NA,NA,NA,NA,NA,NA
1570,354.156441,354.155897894013,354.15582561517,1559024.5,NA,370913.7,7.69,-1,0.204087687291043,0.992470825804572,0,0.595482495482743,6,1.47058823529412,0.411764705882353,"N1 O7","de-protonated",0,NA,"C17 H25 O7 N1",17,25,7,1,NA,NA,NA,NA,NA,NA,NA
1578,355.067467,355.066921724031,355.067070179302,7190344,NA,281805.6,42.33,-1,-0.418104869111199,0.982696337961371,0.963293138071117,0.974935058005269,8,1.06666666666667,0.666666666666667,"O10","de-protonated",0,NA,"C15 H16 O10",15,16,10,NA,NA,NA,NA,NA,NA,NA,NA
1579,355.08272,355.0821746877,355.082326320587,2067277.8,NA,289306.9,10.62,-1,-0.427035861382706,0.967452534975494,0,0.580471520985296,12,0.842105263157895,0.368421052631579,"O7","de-protonated",0,NA,"C19 H16 O7",19,16,7,NA,NA,NA,NA,NA,NA,NA,NA
1580,355.095924,355.095378656249,355.095213480209,4933458.5,NA,314679.5,28.36,-1,0.465159861112531,0.961499991337779,0,0.576899994802667,7,1.3125,0.4375,"P1 O7","de-protonated",0,NA,"C16 H21 O7 P1",16,21,7,NA,1,NA,NA,NA,NA,NA,NA
1582,355.103942,355.103396637151,355.103455688686,15761238,NA,289398.4,95.38,-1,-0.166293891135058,0.994458262624397,0.987835131517406,0.991809010181601,7,1.25,0.5625,"O9","de-protonated",0,NA,"C16 H20 O9",16,20,9,NA,NA,NA,NA,NA,NA,NA,NA
1583,355.112028,355.111482617891,355.111535705912,16682841,NA,288845.6,101.09,-1,-0.149496750810683,0.65870806756192,0.925969598629941,0.765612679989128,2,2.18181818181818,0.454545454545455,"N4 S2 O5","de-protonated",0,NA,"C11 H24 O5 S2 N4",11,24,5,4,NA,2,NA,NA,NA,NA,NA
1584,355.116879,355.116333606336,355.116209906527,6895450.5,NA,293488.7,40.5,-1,0.348336138904941,0.489111982246709,0.792708917554682,0.610550756369898,15,0.833333333333333,0.0416666666666667,"S1 O1","de-protonated",0,NA,"C24 H20 O1 S1",24,20,1,NA,NA,1,NA,NA,NA,NA,NA
1585,355.132252,355.131706569719,355.131598989593,4822880.5,NA,299073.1,27.67,-1,0.302930311402413,0.983486900499001,0,0.5900921402994,6,1.47058823529412,0.352941176470588,"P1 O6","de-protonated",0,NA,"C17 H25 O6 P1",17,25,6,NA,1,NA,NA,NA,NA,NA,NA
1587,355.140348,355.139802550435,355.139841198071,13365091,NA,287551.7,80.55,-1,-0.108823711177311,0.997488566689187,0.972904061720914,0.987654764701878,6,1.41176470588235,0.470588235294118,"O8","de-protonated",0,NA,"C17 H24 O8",17,24,8,NA,NA,NA,NA,NA,NA,NA,NA
1588,355.153433,355.152887519268,355.152728357693,22257512,NA,290794.5,135.6,-1,0.448149662072668,0.979370885069338,0.980047789043736,0.979641646659097,1,2.07142857142857,0.571428571428571,"P1 O8","de-protonated",0,NA,"C14 H29 O8 P1",14,29,8,NA,1,NA,NA,NA,NA,NA,NA
1589,355.168659,355.168113483001,355.167984498977,2851694.3,NA,296493.1,15.47,-1,0.363163429718028,0.976353226471595,0,0.585811935882957,5,1.61111111111111,0.277777777777778,"P1 O5","de-protonated",0,NA,"C18 H29 O5 P1",18,29,5,NA,1,NA,NA,NA,NA,NA,NA
1591,355.176657,355.17611146395,355.176226707455,9852785,NA,283909.5,58.81,-1,-0.324468519893231,0.98279510032356,0.990089052635388,0.985712681248291,5,1.55555555555556,0.388888888888889,"O7","de-protonated",0,NA,"C18 H28 O7",18,28,7,NA,NA,NA,NA,NA,NA,NA,NA
1593,355.189716,355.189170432845,355.189113867077,4393846,NA,319060.5,25.02,-1,0.159255353910431,0.995408622583061,0,0.597245173549837,0,2.2,0.466666666666667,"P1 O7","de-protonated",0,NA,"C15 H33 O7 P1",15,33,7,NA,1,NA,NA,NA,NA,NA,NA
1594,355.205085,355.204539396237,355.204370008362,2614652,NA,318598.2,14.01,-1,0.476874413406858,0.959576630477248,0,0.575745978286349,4,1.73684210526316,0.210526315789474,"P1 O4","de-protonated",0,NA,"C19 H33 O4 P1",19,33,4,NA,1,NA,NA,NA,NA,NA,NA
1595,355.213115,355.212569377111,355.212612216839,6487935,NA,283105.7,37.98,-1,-0.120603061474529,0.498682145296925,0.828487690504102,0.630604363379796,4,1.68421052631579,0.315789473684211,"O6","de-protonated",0,NA,"C19 H32 O6",19,32,6,NA,NA,NA,NA,NA,NA,NA,NA
1596,355.224389,355.223843350257,355.223845606132,4958083,NA,297110.1,28.51,-1,-0.00635057203353207,0.999992682243869,0,0.599995609346321,4,1.77777777777778,0.277777777777778,"N2 O5","de-protonated",0,NA,"C18 H32 O5 N2",18,32,5,2,NA,NA,NA,NA,NA,NA,NA
1597,355.249451,355.248905290562,355.248997726224,23375756,NA,291579.3,142.52,-1,-0.260199641910901,0.981656093190495,0.999253182722902,0.988694929003458,3,1.8,0.25,"O5","de-protonated",0,NA,"C20 H36 O5",20,36,5,NA,NA,NA,NA,NA,NA,NA,NA
1598,355.2859,355.285354203743,355.285383235608,2802586.3,NA,310626.1,15.17,-1,-0.0817142103173817,0.998789162280208,0,0.599273497368125,2,1.9047619047619,0.19047619047619,"O4","de-protonated",0,NA,"C21 H40 O4",21,40,4,NA,NA,NA,NA,NA,NA,NA,NA
1603,356.099218,356.098670266493,356.098704660879,2340557,NA,326457.2,12.31,-1,-0.0965866657075026,0.998308699972533,0,0.59898521998352,7,1.26666666666667,0.6,"N1 O9","de-protonated",0,NA,"C15 H19 O9 N1",15,19,9,1,NA,NA,NA,NA,NA,NA,NA
1605,356.112312,356.111764235304,356.111591820501,3741905.8,NA,310990.6,20.98,-1,0.484159478841229,0.958358398973284,0,0.57501503938397,2,2,0.75,"N1 P1 O9","de-protonated",0,NA,"C12 H24 O9 N1 P1",12,24,9,1,1,NA,NA,NA,NA,NA,NA
1606,356.11532,356.114772228139,356.11483018209,2706131,NA,327991.7,14.57,-1,-0.162739503038166,0.995206014534074,0,0.597123608720444,10,1.15,0.05,"N1 S2 O1","de-protonated",0,NA,"C20 H23 O1 S2 N1",20,23,1,1,NA,2,NA,NA,NA,NA,NA
1607,356.135688,356.135140179624,356.135090170264,2391770.8,NA,307120.7,12.62,-1,0.140422447226177,0.996428503687535,0,0.597857102212521,6,1.4375,0.5,"N1 O8","de-protonated",0,NA,"C16 H23 O8 N1",16,23,8,1,NA,NA,NA,NA,NA,NA,NA
1611,356.171912,356.171364093342,356.171475679648,7147752.5,NA,304751.4,42.06,-1,-0.313293773718668,0.491173962542102,0.843720152817574,0.632192438652291,5,1.58823529411765,0.411764705882353,"N1 O7","de-protonated",0,NA,"C17 H27 O7 N1",17,27,7,1,NA,NA,NA,NA,NA,NA,NA
1617,357.046805,357.046255009425,357.046334734396,1767730.3,NA,313141.8,8.76,-1,-0.223290263576367,0.990994031957993,0,0.594596419174796,8,1,0.785714285714286,"O11","de-protonated",0,NA,"C14 H14 O11",14,14,11,NA,NA,NA,NA,NA,NA,NA,NA
1618,357.06214,357.061589972899,357.061590875681,1800760,NA,348433.6,8.96,-1,-0.00252836397866733,0.999998840067372,0,0.599999304040423,12,0.777777777777778,0.444444444444444,"O8","de-protonated",0,NA,"C18 H14 O8",18,14,8,NA,NA,NA,NA,NA,NA,NA,NA
1620,357.083196,357.082645922745,357.08272024378,6362688,NA,288566.3,37.2,-1,-0.208133943212102,0.992170501842558,0,0.595302301105535,7,1.2,0.666666666666667,"O10","de-protonated",0,NA,"C15 H18 O10",15,18,10,NA,NA,NA,NA,NA,NA,NA,NA
1622,357.098419,357.097868886486,357.097976385065,3217477.5,NA,282406,17.73,-1,-0.301033852026548,0.98369131996661,0,0.590214791979966,11,0.947368421052632,0.368421052631579,"O7","de-protonated",0,NA,"C19 H18 O7",19,18,7,NA,NA,NA,NA,NA,NA,NA,NA
1623,357.109079,357.108528861094,357.108361621242,4655689.5,NA,313493.3,26.64,-1,0.46831681922387,0.960985995860367,0,0.57659159751622,10,1.15,0.1,"S1 P1 O2","de-protonated",0,NA,"C20 H23 O2 S1 P1",20,23,2,NA,1,1,NA,NA,NA,NA,NA
1624,357.11144,357.110889855471,357.110863544687,7869002.5,NA,282684.6,46.53,-1,0.073676794826361,0.998694773323995,0.912780378759522,0.964329015498206,6,1.4375,0.4375,"P1 O7","de-protonated",0,NA,"C16 H23 O7 P1",16,23,7,NA,1,NA,NA,NA,NA,NA,NA
1626,357.119499,357.118948836275,357.119105753164,9761358,NA,297808.5,58.24,-1,-0.439396511923923,0.977072108262231,0.985444334007523,0.980420998560348,6,1.375,0.5625,"O9","de-protonated",0,NA,"C16 H22 O9",16,22,9,NA,NA,NA,NA,NA,NA,NA,NA
1627,357.132579,357.13202880512,357.131859971005,7803474.5,NA,281969.7,46.12,-1,0.472750078525191,0.480129401046778,0.792708917554682,0.605161207649939,14,0.916666666666667,0.0416666666666667,"S1 O1","de-protonated",0,NA,"C24 H22 O1 S1",24,22,1,NA,NA,1,NA,NA,NA,NA,NA
1629,357.147943,357.147392768524,357.147249054071,5202520.5,NA,299346.2,30.02,-1,0.40239551913387,0.971046850516575,0,0.582628110309945,5,1.58823529411765,0.352941176470588,"P1 O6","de-protonated",0,NA,"C17 H27 O6 P1",17,27,6,NA,1,NA,NA,NA,NA,NA,NA
1631,357.155972,357.155421749399,357.155491262549,13025883,NA,286828.8,78.45,-1,-0.1946299324215,0.996571454541611,0.992163817653208,0.99480839978625,5,1.52941176470588,0.470588235294118,"O8","de-protonated",0,NA,"C17 H26 O8",17,26,8,NA,NA,NA,NA,NA,NA,NA,NA
1632,357.168976,357.168425718425,357.168378422171,6178400,NA,296188.9,36.06,-1,0.132420050019149,0.996823340940465,0,0.598094004564279,0,2.21428571428571,0.571428571428571,"P1 O8","de-protonated",0,NA,"C14 H31 O8 P1",14,31,8,NA,1,NA,NA,NA,NA,NA,NA
1633,357.177701,357.177150697643,357.177109888018,2004579.5,NA,295643.1,10.22,-1,0.11425599079401,0.997634093744511,0,0.598580456246707,4,1.82352941176471,0.117647058823529,"N2 S1 P1 O2","de-protonated",0,NA,"C17 H31 O2 S1 N2 P1",17,31,2,2,1,1,NA,NA,NA,NA,NA
1634,357.18418,357.183629682211,357.183634563456,3732070,NA,313532.7,20.92,-1,-0.0136659256418474,0.99996611366683,0,0.599979668200098,4,1.72222222222222,0.277777777777778,"P1 O5","de-protonated",0,NA,"C18 H31 O5 P1",18,31,5,NA,1,NA,NA,NA,NA,NA,NA
1635,357.192292,357.191741662888,357.191876771933,15831657,NA,282467.1,95.82,-1,-0.378253407104623,0.987124993782983,0.998994931063357,0.991872968695133,4,1.66666666666667,0.388888888888889,"O7","de-protonated",0,NA,"C18 H30 O7",18,30,7,NA,NA,NA,NA,NA,NA,NA,NA
1636,357.220704,357.220153595214,357.22002007284,1837427.8,NA,298528.7,9.19,-1,0.373781888906058,0.974967909117294,0,0.584980745470376,3,1.84210526315789,0.210526315789474,"P1 O4","de-protonated",0,NA,"C19 H35 O4 P1",19,35,4,NA,1,NA,NA,NA,NA,NA,NA
1637,357.228698,357.228147576173,357.228262281317,9722487,NA,290091.8,58,-1,-0.321097619229548,0.990676562567316,0.983590665491962,0.987842203737174,3,1.78947368421053,0.315789473684211,"O6","de-protonated",0,NA,"C19 H34 O6",19,34,6,NA,NA,NA,NA,NA,NA,NA,NA
1638,357.26516,357.264609489323,357.264647790702,12782213,NA,291458.5,76.94,-1,-0.107207299463335,0.996937368505983,0.981321971792329,0.990691209820521,2,1.9,0.25,"O5","de-protonated",0,NA,"C20 H38 O5",20,38,5,NA,NA,NA,NA,NA,NA,NA,NA
1645,358.151216,358.150663378818,358.150740234742,1845202.6,NA,279470.1,9.24,-1,-0.214590996036674,0.991679226682476,0,0.595007536009486,5,1.5625,0.5,"N1 O8","de-protonated",0,NA,"C16 H25 O8 N1",16,25,8,1,NA,NA,NA,NA,NA,NA,NA
1649,358.224012,358.223459205424,358.22351125351,3138542,NA,280057.1,17.24,-1,-0.145295003211008,0.996176829472617,0,0.59770609768357,3,1.83333333333333,0.333333333333333,"N1 O6","de-protonated",0,NA,"C18 H33 O6 N1",18,33,6,1,NA,NA,NA,NA,NA,NA,NA
1656,359.041197,359.040642258963,359.040693239522,1513250.1,NA,264375.1,7.18,-1,-0.141991034550561,0.99634841399198,0,0.597809048395188,7,1.41666666666667,0.25,"N4 S2 P1 O3","de-protonated",0,NA,"C12 H17 O3 S2 N4 P1",12,17,3,4,1,2,NA,NA,NA,NA,NA
1657,359.054475,359.053920227336,359.053742590396,1994535.1,NA,263491.3,10.16,-1,0.494736353361822,0.95655966171042,0,0.573935797026252,7,1.21428571428571,0.642857142857143,"P1 O9","de-protonated",0,NA,"C14 H17 O9 P1",14,17,9,NA,1,NA,NA,NA,NA,NA,NA
1658,359.062537,359.061982208133,359.061984798874,2062634.1,NA,335226.7,10.58,-1,-0.00721530300819683,0.999990553717591,0,0.599994332230555,7,1.14285714285714,0.785714285714286,"O11","de-protonated",0,NA,"C14 H16 O11",14,16,11,NA,NA,NA,NA,NA,NA,NA,NA
1659,359.077676,359.077121172073,359.077240940159,3376431.8,NA,297874.1,18.71,-1,-0.333544073525574,0.98001591705345,0,0.58800955023207,11,0.888888888888889,0.444444444444444,"O8","de-protonated",0,NA,"C18 H16 O8",18,16,8,NA,NA,NA,NA,NA,NA,NA,NA
1660,359.090767,359.090212140891,359.090128099781,7103797,NA,286655.3,41.78,-1,0.234039045170392,0.980986227292576,0.92241128975894,0.957556252279122,6,1.4,0.533333333333333,"P1 O8","de-protonated",0,NA,"C15 H21 O8 P1",15,21,8,NA,1,NA,NA,NA,NA,NA,NA
1661,359.098831,359.098276121684,359.098370308258,4419896,NA,278925.7,25.17,-1,-0.262286276257934,0.987594987078768,0,0.592556992247261,6,1.33333333333333,0.666666666666667,"O10","de-protonated",0,NA,"C15 H20 O10",15,20,10,NA,NA,NA,NA,NA,NA,NA,NA
1663,359.114256,359.113701084943,359.113626449543,4458813.5,NA,306191.6,25.41,-1,0.207832268837879,0.992193093160065,0,0.595315855896039,10,1.05263157894737,0.368421052631579,"O7","de-protonated",0,NA,"C19 H20 O7",19,20,7,NA,NA,NA,NA,NA,NA,NA,NA
1664,359.127223,359.126668054056,359.126513609165,10403139,NA,292319,62.21,-1,0.430057056926286,0.975668438965598,0.822280328622239,0.914313194828255,5,1.5625,0.4375,"P1 O7","de-protonated",0,NA,"C16 H25 O7 P1",16,25,7,NA,1,NA,NA,NA,NA,NA,NA
1666,359.135215,359.13466003502,359.134755817642,8916294,NA,275234.9,53,-1,-0.266703850341214,0.493588158443482,0.85154837932281,0.636772246795213,5,1.5,0.5625,"O9","de-protonated",0,NA,"C16 H24 O9",16,24,9,NA,NA,NA,NA,NA,NA,NA,NA
1667,359.150484,359.149928998651,359.150011958927,3784011.3,NA,294524,21.23,-1,-0.230990599062324,0.990365219505288,0,0.594219131703173,9,1.2,0.3,"O6","de-protonated",0,NA,"C20 H24 O6",20,24,6,NA,NA,NA,NA,NA,NA,NA,NA
1668,359.163561,359.163005967503,359.162899118549,6851920.5,NA,300280.8,40.23,-1,0.29749440621501,0.992026787607235,0.800976987025463,0.915606867374526,4,1.70588235294118,0.352941176470588,"P1 O6","de-protonated",0,NA,"C17 H29 O6 P1",17,29,6,NA,1,NA,NA,NA,NA,NA,NA
1670,359.171711,359.17115594809,359.171141327027,12911955,NA,285706.4,77.74,-1,0.0407077899342299,0.97967360503933,0.98339854359692,0.981163580462366,4,1.64705882352941,0.470588235294118,"O8","de-protonated",0,NA,"C17 H28 O8",17,28,8,NA,NA,NA,NA,NA,NA,NA,NA
1672,359.20793,359.20737486182,359.207526836411,10567009,NA,286169.6,63.22,-1,-0.423082981265541,0.983645106913771,0.983054739148609,0.983408959807706,3,1.77777777777778,0.388888888888889,"O7","de-protonated",0,NA,"C18 H32 O7",18,32,7,NA,NA,NA,NA,NA,NA,NA,NA
1673,359.211051,359.210495854386,359.210518017226,2296162.3,NA,310921,12.02,-1,-0.0616987506888587,0.999309511280449,0,0.599585706768269,3,1.94117647058824,0.235294117647059,"N2 P1 O4","de-protonated",0,NA,"C17 H33 O4 N2 P1",17,33,4,2,1,NA,NA,NA,NA,NA,NA
1674,359.236296,359.235740794254,359.235670137318,1970539.6,NA,302189.8,10.01,-1,0.196686861309472,0.993005105629656,0,0.595803063377794,2,1.94736842105263,0.210526315789474,"P1 O4","de-protonated",0,NA,"C19 H37 O4 P1",19,37,4,NA,1,NA,NA,NA,NA,NA,NA
1675,359.24444,359.243884774856,359.243912345795,4150638.8,NA,273139.2,23.5,-1,-0.0767471299092468,0.998931816025183,0,0.59935908961511,2,1.89473684210526,0.315789473684211,"O6","de-protonated",0,NA,"C19 H36 O6",19,36,6,NA,NA,NA,NA,NA,NA,NA,NA
1682,360.195134,360.194576510388,360.194533600126,2347221.3,NA,270474.3,12.34,-1,0.119130796541482,0.997428166473259,0,0.598456899883955,3,1.88235294117647,0.294117647058824,"N1 P1 O5","de-protonated",0,NA,"C17 H32 O5 N1 P1",17,32,5,1,1,NA,NA,NA,NA,NA,NA
1686,361.020603,361.020043544195,361.020119985868,1958412.6,NA,296522.2,9.93,-1,-0.211737985697664,0.991898114288686,0,0.595138868573212,12,0.625,0.625,"O10","de-protonated",0,NA,"C16 H10 O10",16,10,10,NA,NA,NA,NA,NA,NA,NA,NA
1687,361.057057,361.056497457365,361.056505495252,3613722.3,NA,306467.3,20.18,-1,-0.0222621315598397,0.999910077620414,0,0.599946046572248,11,0.823529411764706,0.529411764705882,"O9","de-protonated",0,NA,"C17 H14 O9",17,14,9,NA,NA,NA,NA,NA,NA,NA,NA
1688,361.069969,361.06940942661,361.069259713093,3822623.3,NA,303566,21.47,-1,0.414639332735775,0.969285859217732,0,0.581571515530639,19,0.56,0.04,"S1 O1","de-protonated",0,NA,"C25 H14 O1 S1",25,14,1,NA,NA,1,NA,NA,NA,NA,NA
1689,361.087703,361.087143384369,361.087017777822,2092581.9,NA,299831.7,10.76,-1,0.347856722947942,0.978283208896516,0,0.58696992533791,19,0.56,0.12,"O3","de-protonated",0,NA,"C25 H14 O3",25,14,3,NA,NA,NA,NA,NA,NA,NA,NA
1690,361.093318,361.092758370994,361.092891004637,7501864,NA,285417.7,44.24,-1,-0.36731169592449,0.980640820509292,0.946373737172099,0.966933987174414,10,1,0.444444444444444,"O8","de-protonated",0,NA,"C18 H18 O8",18,18,8,NA,NA,NA,NA,NA,NA,NA,NA
1691,361.106451,361.105891339713,361.105778164259,11311149,NA,298565.9,67.82,-1,0.31341357864258,0.990941917926029,0.853471717757454,0.935953837858599,5,1.53333333333333,0.533333333333333,"P1 O8","de-protonated",0,NA,"C15 H23 O8 P1",15,23,8,NA,1,NA,NA,NA,NA,NA,NA
1692,361.114547,361.113987320429,361.114020372736,3180592,NA,289828.3,17.49,-1,-0.0915287284689635,0.998481066902663,0,0.599088640141598,5,1.46666666666667,0.666666666666667,"O10","de-protonated",0,NA,"C15 H22 O10",15,22,10,NA,NA,NA,NA,NA,NA,NA,NA
1694,361.129683,361.129123284376,361.129276514021,10412086,NA,286976.4,62.26,-1,-0.424306902275028,0.964679098189075,0.995789825207257,0.977123388996348,9,1.15789473684211,0.368421052631579,"O7","de-protonated",0,NA,"C19 H22 O7",19,22,7,NA,NA,NA,NA,NA,NA,NA,NA
1695,361.142715,361.142155253335,361.142163673643,17086522,NA,283379.9,103.57,-1,-0.0233157701102879,0.992894648001848,0.793186743423483,0.913011486170502,4,1.6875,0.4375,"P1 O7","de-protonated",0,NA,"C16 H27 O7 P1",16,27,7,NA,1,NA,NA,NA,NA,NA,NA
1696,361.150835,361.150275233994,361.15040588212,6641725.5,NA,284958.4,38.92,-1,-0.361755446214477,0.968472606764363,0.91530757920143,0.94720659573919,4,1.625,0.5625,"O9","de-protonated",0,NA,"C16 H26 O9",16,26,9,NA,NA,NA,NA,NA,NA,NA,NA
1699,361.166199,361.165639197398,361.165662023405,4624451.5,NA,284737.6,26.43,-1,-0.0632009327784559,0.999275491588705,0,0.599565294953223,8,1.3,0.3,"O6","de-protonated",0,NA,"C20 H26 O6",20,26,6,NA,NA,NA,NA,NA,NA,NA,NA
1700,361.179242,361.178682166331,361.178549183027,18311240,NA,284810.1,111.16,-1,0.368192696540488,0.986072163231961,0.880352591675565,0.943784334609403,3,1.82352941176471,0.352941176470588,"P1 O6","de-protonated",0,NA,"C17 H31 O6 P1",17,31,6,NA,1,NA,NA,NA,NA,NA,NA
1701,361.187272,361.186712147204,361.186791391505,4738123.5,NA,298947.9,27.14,-1,-0.219399773268091,0.991303771615981,0,0.594782262969588,3,1.76470588235294,0.470588235294118,"O8","de-protonated",0,NA,"C17 H30 O8",17,30,8,NA,NA,NA,NA,NA,NA,NA,NA
1703,361.215561,361.215001079823,361.214934692412,8816726,NA,272383.7,52.38,-1,0.183789219674408,0.976863723079884,0.940555566891761,0.962340460604635,2,1.94444444444444,0.277777777777778,"P1 O5","de-protonated",0,NA,"C18 H35 O5 P1",18,35,5,NA,1,NA,NA,NA,NA,NA,NA
1704,361.223664,361.223104060522,361.223176900889,1707097.1,NA,347840.9,8.37,-1,-0.201649206396527,0.99264901214894,0,0.595589407289364,2,1.88888888888889,0.388888888888889,"O7","de-protonated",0,NA,"C18 H34 O7",18,34,7,NA,NA,NA,NA,NA,NA,NA,NA
1705,361.226845,361.226285052945,361.226168081704,2846810.3,NA,315448.7,15.43,-1,0.323817186149,0.981153588633566,0,0.58869215318014,2,2.05882352941176,0.235294117647059,"N2 P1 O4","de-protonated",0,NA,"C17 H35 O4 N2 P1",17,35,4,2,1,NA,NA,NA,NA,NA,NA
1706,361.251988,361.251427993057,361.251320201796,4952164,NA,303635,28.46,-1,0.298383022810792,0.983974972057306,0,0.590384983234383,1,2.05263157894737,0.210526315789474,"P1 O4","de-protonated",0,NA,"C19 H39 O4 P1",19,39,4,NA,1,NA,NA,NA,NA,NA,NA
1707,362.088657,362.088095000186,362.08813997683,2268575.5,NA,280958.9,11.85,-1,-0.124214627364491,0.997204293850695,0,0.598322576310417,10,1,0.470588235294118,"N1 O8","de-protonated",0,NA,"C17 H17 O8 N1",17,17,8,1,NA,NA,NA,NA,NA,NA,NA
1711,362.138059,362.137496882515,362.137412645836,1611186.1,NA,308724.6,7.78,-1,0.23260971179512,0.990230341715722,0,0.594138205029433,4,1.73333333333333,0.466666666666667,"N1 P1 O7","de-protonated",0,NA,"C15 H26 O7 N1 P1",15,26,7,1,1,NA,NA,NA,NA,NA,NA
1715,362.210867,362.210304709093,362.210183664604,9060814,NA,291818.1,53.89,-1,0.334183007379429,0.489970027461235,0.843720152817574,0.63147007760377,2,2,0.294117647058824,"N1 P1 O5","de-protonated",0,NA,"C17 H34 O5 N1 P1",17,34,5,1,1,NA,NA,NA,NA,NA,NA
1717,363.036168,363.0356037433,363.035770050346,2851077,NA,263494.3,15.45,-1,-0.458100991120435,0.962637669774185,0,0.577582601864511,11,0.75,0.625,"O10","de-protonated",0,NA,"C16 H12 O10",16,12,10,NA,NA,NA,NA,NA,NA,NA,NA
1719,363.072771,363.072206656115,363.07215555973,6089491,NA,302118.5,35.5,-1,0.140733415694372,0.498206348151387,0.843720152817574,0.636411870017862,10,0.941176470588235,0.529411764705882,"O9","de-protonated",0,NA,"C17 H16 O9",17,16,9,NA,NA,NA,NA,NA,NA,NA,NA
1722,363.108956,363.108391569925,363.108541069115,18058016,NA,275994.3,109.58,-1,-0.411720387267417,0.974654006395102,0.970733310684889,0.973085728111017,9,1.11111111111111,0.444444444444444,"O8","de-protonated",0,NA,"C18 H20 O8",18,20,8,NA,NA,NA,NA,NA,NA,NA,NA
1723,363.122079,363.121514538668,363.121428228737,25103142,NA,286292.7,153.19,-1,0.237688895141031,0.988752209478369,0.910366548566188,0.957397945113496,4,1.66666666666667,0.533333333333333,"P1 O8","de-protonated",0,NA,"C15 H25 O8 P1",15,25,8,NA,1,NA,NA,NA,NA,NA,NA
1724,363.130336,363.129771519,363.129670437214,1934632.6,NA,294824.8,9.78,-1,0.27836278473672,0.986038672188243,0,0.591623203312946,4,1.6,0.666666666666667,"O10","de-protonated",0,NA,"C15 H24 O10",15,24,10,NA,NA,NA,NA,NA,NA,NA,NA
1726,363.145467,363.14490248296,363.144926578499,12249902,NA,286897.7,73.63,-1,-0.0663524052838923,0.989468012124396,0.997104302443062,0.992522528251862,8,1.26315789473684,0.368421052631579,"O7","de-protonated",0,NA,"C19 H24 O7",19,24,7,NA,NA,NA,NA,NA,NA,NA,NA
1727,363.158474,363.157909451978,363.157813738121,34810676,NA,287893.2,213.28,-1,0.263559955439133,0.993613022612635,0.959590359524249,0.980003957377281,3,1.8125,0.4375,"P1 O7","de-protonated",0,NA,"C16 H29 O7 P1",16,29,7,NA,1,NA,NA,NA,NA,NA,NA
1728,363.166504,363.165939432851,363.166055946598,2999606.3,NA,306470.2,16.37,-1,-0.320827745585432,0.98149673330061,0,0.588898039980366,3,1.75,0.5625,"O9","de-protonated",0,NA,"C16 H28 O9",16,28,9,NA,NA,NA,NA,NA,NA,NA,NA
1730,363.181806,363.181241396403,363.181312087883,3672892,NA,283814.7,20.54,-1,-0.19464514687691,0.993149077339152,0,0.595889446403491,7,1.4,0.3,"O6","de-protonated",0,NA,"C20 H28 O6",20,28,6,NA,NA,NA,NA,NA,NA,NA,NA
1731,363.194871,363.194306365284,363.194199247505,29715264,NA,283740.3,181.74,-1,0.294932514514313,0.98864748493129,0.991545973564278,0.989806880384485,2,1.94117647058824,0.352941176470588,"P1 O6","de-protonated",0,NA,"C17 H33 O6 P1",17,33,6,NA,1,NA,NA,NA,NA,NA,NA
1733,363.231193,363.230628278768,363.23058475689,11572047,NA,282790.2,69.43,-1,0.119818870538204,0.998460050369241,0.986051621939423,0.993496678997314,1,2.05555555555556,0.277777777777778,"P1 O5","de-protonated",0,NA,"C18 H37 O5 P1",18,37,5,NA,1,NA,NA,NA,NA,NA,NA
1735,363.267529,363.266964192219,363.266970266274,1878364.4,NA,305473.8,9.43,-1,-0.0167206365093238,0.9999492719201,0,0.59996956315206,0,2.15789473684211,0.210526315789474,"P1 O4","de-protonated",0,NA,"C19 H41 O4 P1",19,41,4,NA,1,NA,NA,NA,NA,NA,NA
1736,364.068108,364.067541285311,364.067404531923,1930890.8,NA,303107.7,9.75,-1,0.375626563855737,0.974723381385492,0,0.584834028831295,10,0.9375,0.5625,"N1 O9","de-protonated",0,NA,"C16 H15 O9 N1",16,15,9,1,NA,NA,NA,NA,NA,NA,NA
1737,364.088958,364.088391235649,364.088533900023,2068626.5,NA,304972.8,10.6,-1,-0.39183978843667,0.972525148123003,0,0.583515088873802,5,1.46153846153846,0.846153846153846,"N1 O11","de-protonated",0,NA,"C13 H19 O11 N1",13,19,11,1,NA,NA,NA,NA,NA,NA,NA
1738,364.104231,364.10366419927,364.103790041308,2619032.3,NA,335538.8,14.01,-1,-0.345621334754124,0.978558419514416,0,0.58713505170865,9,1.11764705882353,0.470588235294118,"N1 O8","de-protonated",0,NA,"C17 H19 O8 N1",17,19,8,1,NA,NA,NA,NA,NA,NA,NA
1740,364.117254,364.11668716825,364.11667720093,1591453.3,NA,320137.1,7.65,-1,0.0273739740307897,0.999864043490595,0,0.599918426094357,4,1.71428571428571,0.571428571428571,"N1 P1 O8","de-protonated",0,NA,"C14 H24 O8 N1 P1",14,24,8,1,1,NA,NA,NA,NA,NA,NA
1746,364.22645,364.225882908155,364.225833729082,56831176,NA,284020.2,349.59,-1,0.135023570408222,0.995217868481796,0.991365002388552,0.993676722044498,1,2.11764705882353,0.294117647058824,"N1 P1 O5","de-protonated",0,NA,"C17 H36 O5 N1 P1",17,36,5,1,1,NA,NA,NA,NA,NA,NA
1748,365.051812,365.051242942217,365.051420114824,4446718,NA,300059.7,25.32,-1,-0.485336030771778,0.958160066539271,0,0.574896039923563,10,0.875,0.625,"O10","de-protonated",0,NA,"C16 H14 O10",16,14,10,NA,NA,NA,NA,NA,NA,NA,NA
1751,365.0883,365.087730855306,365.087805624208,16616972,NA,285235.7,100.66,-1,-0.204797042160579,0.994310989845692,0.983501062302448,0.989987018828394,9,1.05882352941176,0.529411764705882,"O9","de-protonated",0,NA,"C17 H18 O9",17,18,9,NA,NA,NA,NA,NA,NA,NA,NA
1752,365.101275,365.1007058244,365.100559842049,15506961,NA,279300.9,93.79,-1,0.399841489237853,0.485703965250236,0.785920818505338,0.605790706552277,17,0.72,0.04,"S1 O1","de-protonated",0,NA,"C25 H18 O1 S1",25,18,1,NA,NA,1,NA,NA,NA,NA,NA
1753,365.116674,365.116104787721,365.115948925115,2119702.8,NA,337174.2,10.92,-1,0.426885230748605,0.967475114750412,0,0.580485068850247,8,1.27777777777778,0.333333333333333,"P1 O6","de-protonated",0,NA,"C18 H23 O6 P1",18,23,6,NA,1,NA,NA,NA,NA,NA,NA
1754,365.119047,365.118477782069,365.118317906778,7861783.5,NA,297557.4,46.46,-1,0.437872555531181,0.482904306519466,0.785920818505338,0.604110911313815,17,0.72,0.12,"O3","de-protonated",0,NA,"C25 H18 O3",25,18,3,NA,NA,NA,NA,NA,NA,NA,NA
1755,365.124642,365.124072768742,365.124191133593,22396442,NA,280430.9,136.43,-1,-0.324176960207057,0.490556042669783,0.836034543948893,0.628747443181427,8,1.22222222222222,0.444444444444444,"O8","de-protonated",0,NA,"C18 H22 O8",18,22,8,NA,NA,NA,NA,NA,NA,NA,NA
1756,365.137779,365.137209737451,365.137078293215,39407136,NA,282788.8,241.73,-1,0.359986000643606,0.979929976769943,0.979164123646266,0.979623635520472,3,1.8,0.533333333333333,"P1 O8","de-protonated",0,NA,"C15 H27 O8 P1",15,27,8,NA,1,NA,NA,NA,NA,NA,NA
1759,365.161026,365.160456682079,365.160576642977,9446951,NA,271439.1,56.27,-1,-0.32851546909913,0.988047466201227,0.989874597398196,0.988778318680015,7,1.36842105263158,0.368421052631579,"O7","de-protonated",0,NA,"C19 H26 O7",19,26,7,NA,NA,NA,NA,NA,NA,NA,NA
1760,365.174036,365.17346665109,365.173463802599,27233836,NA,278123.5,166.38,-1,0.00780037853636731,0.999733996042179,0.967823390050839,0.986969753645643,2,1.9375,0.4375,"P1 O7","de-protonated",0,NA,"C16 H31 O7 P1",16,31,7,NA,1,NA,NA,NA,NA,NA,NA
1762,365.197529,365.196959595132,365.196962152361,2940469.3,NA,262522.8,16,-1,-0.00700232896408722,0.999991103136739,0,0.599994661882044,6,1.5,0.3,"O6","de-protonated",0,NA,"C20 H30 O6",20,30,6,NA,NA,NA,NA,NA,NA,NA,NA
1763,365.210548,365.209978564122,365.209849311983,22281786,NA,285736.5,135.72,-1,0.35391197391473,0.980641828426862,0.983026934407994,0.981595870819315,1,2.05882352941176,0.352941176470588,"P1 O6","de-protonated",0,NA,"C17 H35 O6 P1",17,35,6,NA,1,NA,NA,NA,NA,NA,NA
1766,365.246848,365.246278477658,365.246234821368,44715592,NA,281013.4,274.59,-1,0.119525642607994,0.993793530444796,0.993713428103584,0.993761489508311,0,2.16666666666667,0.277777777777778,"P1 O5","de-protonated",0,NA,"C18 H39 O5 P1",18,39,5,NA,1,NA,NA,NA,NA,NA,NA
1767,366.083633,366.083061484512,366.083054596401,2669444,NA,311855.4,14.32,-1,0.0188157040686208,0.999935763654257,0,0.599961458192554,9,1.0625,0.5625,"N1 O9","de-protonated",0,NA,"C16 H17 O9 N1",16,17,9,1,NA,NA,NA,NA,NA,NA,NA
1771,366.119969,366.119397397963,366.119440105786,2858897.8,NA,282143.1,15.49,-1,-0.116649973573784,0.997534033973688,0,0.598520420384213,8,1.23529411764706,0.470588235294118,"N1 O8","de-protonated",0,NA,"C17 H21 O8 N1",17,21,8,1,NA,NA,NA,NA,NA,NA,NA
1773,366.132962,366.132390367014,366.132327265408,3507094.8,NA,297841.8,19.5,-1,0.172346449979366,0.994624873418403,0,0.596774924051042,3,1.85714285714286,0.571428571428571,"N1 P1 O8","de-protonated",0,NA,"C14 H26 O8 N1 P1",14,26,8,1,1,NA,NA,NA,NA,NA,NA
1775,366.156318,366.155746311382,366.15582561517,1858719.6,NA,277963.1,9.3,-1,-0.216584803119285,0.99152454863417,0,0.594914729180502,7,1.38888888888889,0.388888888888889,"N1 O7","de-protonated",0,NA,"C18 H25 O7 N1",18,25,7,1,NA,NA,NA,NA,NA,NA,NA
1778,366.169314,366.168742280427,366.168712774792,1731492.5,NA,342769.3,8.51,-1,0.0805793456376646,0.998822541813658,0,0.599293525088195,2,2,0.466666666666667,"N1 P1 O7","de-protonated",0,NA,"C15 H30 O7 N1 P1",15,30,7,1,1,NA,NA,NA,NA,NA,NA
1784,366.24222,366.241648106772,366.24148379356,2299328,NA,283950.5,12.03,-1,0.448647186118821,0.964136138938956,0,0.578481683363374,0,2.23529411764706,0.294117647058824,"N1 P1 O5","de-protonated",0,NA,"C17 H38 O5 N1 P1",17,38,5,1,1,NA,NA,NA,NA,NA,NA
1787,367.067514,367.066940140995,367.067070179302,8737016,NA,286646.5,50.34,-1,-0.354263068487081,0.488742549416023,0.85154837932281,0.633864881378738,9,1,0.625,"O10","de-protonated",0,NA,"C16 H16 O10",16,16,10,NA,NA,NA,NA,NA,NA,NA,NA
1788,367.080576,367.080002109883,367.079824397142,2507005,NA,279650.9,12.92,-1,0.4841256006717,0.958364103324417,0,0.57501846199465,17,0.666666666666667,0.0833333333333333,"S1 O2","de-protonated",0,NA,"C24 H16 O2 S1",24,16,2,NA,NA,1,NA,NA,NA,NA,NA
1791,367.104009,367.103435054068,367.103455688686,27136262,NA,282811.4,160.86,-1,-0.0562092740613717,0.993471283269313,0.982116054585939,0.988929191795964,8,1.17647058823529,0.529411764705882,"O9","de-protonated",0,NA,"C17 H20 O9",17,20,9,NA,NA,NA,NA,NA,NA,NA,NA
1792,367.117053,367.116479022998,367.116342848308,15651083,NA,281513.4,91.87,-1,0.37093061165405,0.976830716122304,0.976347490220792,0.976637425761699,3,1.78571428571429,0.642857142857143,"P1 O9","de-protonated",0,NA,"C14 H25 O9 P1",14,25,9,NA,1,NA,NA,NA,NA,NA,NA
1795,367.140301,367.139726967623,367.139841198071,17899796,NA,282656.3,105.38,-1,-0.311136069941142,0.990144957312928,0.985024350345648,0.988096714526016,7,1.33333333333333,0.444444444444444,"O8","de-protonated",0,NA,"C18 H24 O8",18,24,8,NA,NA,NA,NA,NA,NA,NA,NA
1796,367.153379,367.152804936473,367.152728357693,27291928,NA,283593.7,161.79,-1,0.208574726798555,0.994753640215476,0.99415927619066,0.99451589460555,2,1.93333333333333,0.533333333333333,"P1 O8","de-protonated",0,NA,"C15 H29 O8 P1",15,29,8,NA,1,NA,NA,NA,NA,NA,NA
1797,367.168741,367.168166899882,367.167984498977,5337374.5,NA,297436.4,29.92,-1,0.496777801970784,0.975920945750083,0.915440348031482,0.951728706662642,6,1.52631578947368,0.263157894736842,"P1 O5","de-protonated",0,NA,"C19 H29 O5 P1",19,29,5,NA,1,NA,NA,NA,NA,NA,NA
1799,367.176799,367.176224880688,367.176226707455,6155553.5,NA,284175.8,34.83,-1,-0.00497517669596572,0.49999775436134,0.828487690504102,0.631393728818445,6,1.47368421052632,0.368421052631579,"O7","de-protonated",0,NA,"C19 H28 O7",19,28,7,NA,NA,NA,NA,NA,NA,NA,NA
1800,367.1898,367.189225849721,367.189113867077,13500710,NA,282988.9,78.95,-1,0.304972669082418,0.988834091103175,0.989342829290592,0.989037586378142,1,2.0625,0.4375,"P1 O7","de-protonated",0,NA,"C16 H33 O7 P1",16,33,7,NA,1,NA,NA,NA,NA,NA,NA
1802,367.213081,367.212506794268,367.212612216839,2556719,NA,322743.8,13.22,-1,-0.287088645304697,0.985156289538856,0,0.591093773723314,5,1.6,0.3,"O6","de-protonated",0,NA,"C20 H32 O6",20,32,6,NA,NA,NA,NA,NA,NA,NA,NA
1803,367.216419,367.215844786317,367.215983520209,5225776.5,NA,291124.1,29.25,-1,-0.377799165800993,0.974433919537915,0,0.584660351722749,0,2.11764705882353,0.352941176470588,"S1 O6","de-protonated",0,NA,"C17 H36 O6 S1",17,36,6,NA,NA,1,NA,NA,NA,NA,NA
1804,367.225933,367.225358763655,367.225499376461,2742580,NA,394459.2,14.33,-1,-0.382905887344356,0.973747307130122,0,0.584248384278073,0,2.17647058823529,0.352941176470588,"P1 O6","de-protonated",0,NA,"C17 H37 O6 P1",17,37,6,NA,1,NA,NA,NA,NA,NA,NA
1806,367.231763,367.231188749769,367.231239661494,13189430,NA,284461.7,77.08,-1,-0.138636694457323,0.976549078298831,0.981580673821005,0.978561716507701,4,1.71428571428571,0.142857142857143,"S1 O3","de-protonated",0,NA,"C21 H36 O3 S1",21,36,3,NA,NA,1,NA,NA,NA,NA,NA
1808,367.264727,367.264152671252,367.264253867508,16015683,NA,280224.9,94.06,-1,-0.275540719364939,0.992580466972982,0.986364124981873,0.990093930176538,8,1.44,0.08,"O2","de-protonated",0,NA,"C25 H36 O2",25,36,2,NA,NA,NA,NA,NA,NA,NA,NA
1810,368.099234,368.098657683531,368.098704660879,2904190.3,NA,288754.5,15.3,-1,-0.127621607491059,0.997049058016301,0,0.59822943480978,8,1.1875,0.5625,"N1 O9","de-protonated",0,NA,"C16 H19 O9 N1",16,19,9,1,NA,NA,NA,NA,NA,NA,NA
1812,368.112252,368.111675652523,368.111591820501,3984003.3,NA,250131.2,21.79,-1,0.227735349218261,0.990633596743784,0,0.594380158046271,3,1.84615384615385,0.692307692307692,"N1 P1 O9","de-protonated",0,NA,"C13 H24 O9 N1 P1",13,24,9,1,1,NA,NA,NA,NA,NA,NA
1814,368.135636,368.135059596825,368.135090170264,2460300,NA,305044.9,12.63,-1,-0.083049510569799,0.998749291062179,0,0.599249574637307,7,1.35294117647059,0.470588235294118,"N1 O8","de-protonated",0,NA,"C17 H23 O8 N1",17,23,8,1,NA,NA,NA,NA,NA,NA,NA
1817,368.148729,368.148152565638,368.147977329886,3467921,NA,292847,18.69,-1,0.475992707895957,0.959722923121931,0,0.575833753873159,2,2,0.571428571428571,"N1 P1 O8","de-protonated",0,NA,"C14 H28 O8 N1 P1",14,28,8,1,1,NA,NA,NA,NA,NA,NA
1826,368.273143,368.272566269295,368.272389999323,1629120.1,NA,300335.6,7.64,-1,0.478640203953477,0.959282903702737,0,0.575569742221642,3,1.9047619047619,0.0952380952380952,"N1 P1 O2","de-protonated",0,NA,"C21 H40 O2 N1 P1",21,40,2,1,1,NA,NA,NA,NA,NA,NA
1827,369.046828,369.046249426447,369.046334734396,3342309,NA,271884.7,17.93,-1,-0.231157826792274,0.990351331625913,0,0.594210798975548,9,0.933333333333333,0.733333333333333,"O11","de-protonated",0,NA,"C15 H14 O11",15,14,11,NA,NA,NA,NA,NA,NA,NA,NA
1828,369.075156,369.074577358972,369.074478035303,2775023.8,NA,299355.3,14.52,-1,0.269115518524973,0.986944879453455,0,0.592166927672073,8,1.1875,0.5,"P1 O8","de-protonated",0,NA,"C16 H19 O8 P1",16,19,8,NA,1,NA,NA,NA,NA,NA,NA
1829,369.08317,369.082591339884,369.08272024378,13804531,NA,272037.1,80.77,-1,-0.349254758807384,0.987824494188823,0.968420833217461,0.980063029800278,8,1.125,0.625,"O10","de-protonated",0,NA,"C16 H18 O10",16,18,10,NA,NA,NA,NA,NA,NA,NA,NA
1831,369.096349,369.095770308492,369.095607403402,3649527.8,NA,275906.8,19.77,-1,0.441362853096324,0.96527097298227,0,0.579162583789362,3,1.76923076923077,0.769230769230769,"P1 O10","de-protonated",0,NA,"C13 H23 O10 P1",13,23,10,NA,1,NA,NA,NA,NA,NA,NA
1834,369.119611,369.119032253084,369.119105753164,23127040,NA,275122.3,136.77,-1,-0.199122935708458,0.983831700993989,0.999401252437449,0.990059521571373,7,1.29411764705882,0.529411764705882,"O9","de-protonated",0,NA,"C17 H22 O9",17,22,9,NA,NA,NA,NA,NA,NA,NA,NA
1835,369.127713,369.127134233786,369.12718577039,32715780,NA,278950.2,194.37,-1,-0.139617468938742,0.662106633249487,0.926630606056794,0.76791622237241,2,2.16666666666667,0.416666666666667,"N4 S2 O5","de-protonated",0,NA,"C12 H26 O5 S2 N4",12,26,5,4,NA,2,NA,NA,NA,NA,NA
1836,369.132566,369.131987222227,369.131859971005,15655941,NA,280570.3,91.89,-1,0.344731072425811,0.975031880317859,0.9302750504113,0.957129148355236,15,0.88,0.04,"S1 O1","de-protonated",0,NA,"C25 H22 O1 S1",25,22,1,NA,NA,1,NA,NA,NA,NA,NA
1837,369.1479,369.147321185702,369.147249054071,6943755.5,NA,278207.8,39.56,-1,0.195400701244018,0.989718494932021,0.870807220835731,0.942153985293505,6,1.5,0.333333333333333,"P1 O6","de-protonated",0,NA,"C18 H27 O6 P1",18,27,6,NA,1,NA,NA,NA,NA,NA,NA
1839,369.155965,369.155386166492,369.155491262549,12467214,NA,275793,72.74,-1,-0.28469319496173,0.986844469375729,0.988982727274067,0.987699772535064,6,1.44444444444444,0.444444444444444,"O8","de-protonated",0,NA,"C18 H26 O8",18,26,8,NA,NA,NA,NA,NA,NA,NA,NA
1841,369.169109,369.168530135185,369.168378422171,10519571,NA,288364.6,61.04,-1,0.410958854633325,0.484910210806077,0.859523230357577,0.634755418626677,1,2.06666666666667,0.533333333333333,"P1 O8","de-protonated",0,NA,"C15 H31 O8 P1",15,31,8,NA,1,NA,NA,NA,NA,NA,NA
1842,369.184295,369.183716099013,369.183634563455,6677529,NA,289036.2,37.96,-1,0.220853661491113,0.994236972167711,0.915418739652556,0.962709679161649,5,1.63157894736842,0.263157894736842,"P1 O5","de-protonated",0,NA,"C19 H31 O5 P1",19,31,5,NA,1,NA,NA,NA,NA,NA,NA
1843,369.186764,369.186185093132,369.186003545118,4014106,NA,274880.9,21.96,-1,0.491752156869138,0.478535378180201,0.779247987650237,0.598820421968215,14,1,0.0769230769230769,"O2","de-protonated",0,NA,"C26 H26 O2",26,26,2,NA,NA,NA,NA,NA,NA,NA,NA
1844,369.192288,369.191709079974,369.191876771933,8289308,NA,284192.9,47.64,-1,-0.454213565247199,0.481628671799186,0.828487690504102,0.620372279281152,5,1.57894736842105,0.368421052631579,"O7","de-protonated",0,NA,"C19 H30 O7",19,30,7,NA,NA,NA,NA,NA,NA,NA,NA
1845,369.197209,369.196630068253,369.196585485788,1729565.9,NA,310490.1,8.24,-1,0.120755354982318,0.99735763862767,0,0.598414583176602,5,1.76470588235294,0.176470588235294,"N4 S1 O3","de-protonated",0,NA,"C17 H30 O3 S1 N4",17,30,3,4,NA,1,NA,NA,NA,NA,NA
1846,369.205363,369.204784048831,369.204763931555,2887201,NA,301767.9,15.2,-1,0.0544881263438393,0.999461431929843,0,0.599676859157906,0,2.1875,0.4375,"P1 O7","de-protonated",0,NA,"C16 H35 O7 P1",16,35,7,NA,1,NA,NA,NA,NA,NA,NA
1847,369.228762,369.228182993096,369.228262281317,17265706,NA,280548.2,101.56,-1,-0.214740389124083,0.994903285978098,0.994158229416338,0.994605263353394,4,1.7,0.3,"O6","de-protonated",0,NA,"C20 H34 O6",20,34,6,NA,NA,NA,NA,NA,NA,NA,NA
1848,369.265044,369.264464906676,369.264647790702,2703415.8,NA,318758.4,14.09,-1,-0.495265459725527,0.95646874907928,0,0.573881249447568,3,1.80952380952381,0.238095238095238,"O5","de-protonated",0,NA,"C21 H38 O5",21,38,5,NA,NA,NA,NA,NA,NA,NA,NA
1849,369.301725,369.301145819305,369.301033300086,1681477.5,NA,319273.6,7.95,-1,0.304681571741661,0.983297030016663,0,0.589978218009998,2,1.90909090909091,0.181818181818182,"O4","de-protonated",0,NA,"C22 H42 O4",22,42,4,NA,NA,NA,NA,NA,NA,NA,NA
1850,370.07858,370.077998968906,370.077969215973,2697579.8,NA,332545.2,14.05,-1,0.0803963911995172,0.998827879421893,0,0.599296727653135,8,1.13333333333333,0.666666666666667,"N1 O10","de-protonated",0,NA,"C15 H17 O10 N1",15,17,10,1,NA,NA,NA,NA,NA,NA,NA
1852,370.091503,370.090921938125,370.090856375595,3055984.8,NA,325482.7,16.21,-1,0.177152525186647,0.994321775166129,0,0.596593065099677,3,1.83333333333333,0.833333333333333,"N1 P1 O10","de-protonated",0,NA,"C12 H22 O10 N1 P1",12,22,10,1,1,NA,NA,NA,NA,NA,NA
1853,370.114818,370.114236882591,370.114354725357,3238265.5,NA,315453.2,17.3,-1,-0.318395558584126,0.981773652781115,0,0.589064191668669,7,1.3125,0.5625,"N1 O9","de-protonated",0,NA,"C16 H21 O9 N1",16,21,9,1,NA,NA,NA,NA,NA,NA,NA
1855,370.127902,370.127320851426,370.127241884979,6954366.5,NA,283494.2,39.62,-1,0.213349457821009,0.99177483362136,0,0.595064900172816,2,2,0.692307692307692,"N1 P1 O9","de-protonated",0,NA,"C13 H26 O9 N1 P1",13,26,9,1,1,NA,NA,NA,NA,NA,NA
1856,370.131034,370.130452843965,370.130480246568,5852543.5,NA,289818.5,33.01,-1,-0.0740349787955548,0.499502970920237,0.813795485951173,0.625219976932611,10,1.19047619047619,0.0476190476190476,"N1 S2 O1","de-protonated",0,NA,"C21 H25 O1 S2 N1",21,25,1,1,NA,2,NA,NA,NA,NA,NA
1864,370.288784,370.288202468219,370.288040063801,11197883,NA,281334.9,65.11,-1,0.438589422847235,0.974044823532774,0.979331952615373,0.976159675165813,2,2,0.0952380952380952,"N1 P1 O2","de-protonated",0,NA,"C21 H42 O2 N1 P1",21,42,2,1,1,NA,NA,NA,NA,NA,NA
1868,371.041351,371.040767675672,371.040855430774,4094680.8,NA,274808.6,22.44,-1,-0.23651061859697,0.989901590184018,0,0.593940954110411,13,0.666666666666667,0.5,"O9","de-protonated",0,NA,"C18 H12 O9",18,12,9,NA,NA,NA,NA,NA,NA,NA,NA
1869,371.054431,371.053847644517,371.053742590396,2119901.8,NA,254045.3,10.58,-1,0.28312373179085,0.985560510102928,0,0.591336306061757,8,1.13333333333333,0.6,"P1 O9","de-protonated",0,NA,"C15 H17 O9 P1",15,17,9,NA,1,NA,NA,NA,NA,NA,NA
1870,371.062465,371.06188162538,371.061984798874,4299489,NA,310140.1,23.67,-1,-0.278049214221511,0.986069888842722,0,0.591641933305633,8,1.06666666666667,0.733333333333333,"O11","de-protonated",0,NA,"C15 H16 O11",15,16,11,NA,NA,NA,NA,NA,NA,NA,NA
1871,371.072099,371.071515602433,371.071367713344,2117348.5,NA,286047.8,10.57,-1,0.398546214642445,0.971590224304136,0,0.582954134582481,21,0.461538461538462,0.115384615384615,"O3","de-protonated",0,NA,"C26 H12 O3",26,12,3,NA,NA,NA,NA,NA,NA,NA,NA
1872,371.077754,371.077170588963,371.077240940159,3220710.5,NA,276725.8,17.19,-1,-0.189586391920874,0.993499410713484,0,0.59609964642809,12,0.842105263157895,0.421052631578947,"O8","de-protonated",0,NA,"C19 H16 O8",19,16,8,NA,NA,NA,NA,NA,NA,NA,NA
1873,371.090754,371.090170557998,371.090128099781,9705196,NA,280548,56.14,-1,0.114414840658904,0.994016833610497,0.956384974722503,0.978964090055299,7,1.3125,0.5,"P1 O8","de-protonated",0,NA,"C16 H21 O8 P1",16,21,8,NA,1,NA,NA,NA,NA,NA,NA
1874,371.098791,371.098207538855,371.098370308258,13145839,NA,272813.8,76.81,-1,-0.43861524575267,0.98174731066803,0.986258491779422,0.983551783112587,7,1.25,0.625,"O10","de-protonated",0,NA,"C16 H20 O10",16,20,10,NA,NA,NA,NA,NA,NA,NA,NA
1876,371.114152,371.113568502267,371.113626449543,3222260.5,NA,289769.6,17.2,-1,-0.15614429706179,0.995585863114733,0,0.59735151786884,11,1,0.35,"O7","de-protonated",0,NA,"C20 H20 O7",20,20,7,NA,NA,NA,NA,NA,NA,NA,NA
1877,371.124811,371.124227476878,371.124208390213,12187384,NA,264414.8,71.05,-1,0.0514293186999605,0.999322105180715,0.938596637989352,0.975031918304169,2,2.18181818181818,0.727272727272727,"N4 S1 O8","de-protonated",0,NA,"C11 H24 O8 S1 N4",11,24,8,4,NA,1,NA,NA,NA,NA,NA
1878,371.127183,371.126599471228,371.126513609165,12009209,NA,279957.3,69.98,-1,0.231355238395859,0.989576777731056,0.866756842924549,0.940448803808453,6,1.47058823529412,0.411764705882353,"P1 O7","de-protonated",0,NA,"C17 H25 O7 P1",17,25,7,NA,1,NA,NA,NA,NA,NA,NA
1880,371.135298,371.134714451899,371.134755817642,12814076,NA,285092.5,74.82,-1,-0.111457477352064,0.993289359005731,0.993047461921072,0.993192600171868,6,1.41176470588235,0.529411764705882,"O9","de-protonated",0,NA,"C17 H24 O9",17,24,9,NA,NA,NA,NA,NA,NA,NA,NA
1882,371.148335,371.147751420846,371.147642977264,11734785,NA,272910.7,68.34,-1,0.292184480850744,0.980479427110591,0.989483443455451,0.984081033648535,1,2.07142857142857,0.642857142857143,"P1 O9","de-protonated",0,NA,"C14 H29 O9 P1",14,29,9,NA,1,NA,NA,NA,NA,NA,NA
1883,371.163548,371.16296438461,371.162899118549,7339783,NA,280536.4,41.94,-1,0.175842091784423,0.98933363456659,0.862687180164996,0.938675052805952,5,1.61111111111111,0.333333333333333,"P1 O6","de-protonated",0,NA,"C18 H29 O6 P1",18,29,6,NA,1,NA,NA,NA,NA,NA,NA
1884,371.165996,371.165412378779,371.165268100212,3245832,NA,256617.7,17.35,-1,0.388717854611665,0.97295525794522,0,0.583773154767132,14,0.96,0.12,"O3","de-protonated",0,NA,"C25 H24 O3",25,24,3,NA,NA,NA,NA,NA,NA,NA,NA
1885,371.171585,371.171001365466,371.171141327027,14608138,NA,279893.3,85.59,-1,-0.377080933090095,0.987231064085918,0.978325075138356,0.983668668506893,5,1.55555555555556,0.444444444444444,"O8","de-protonated",0,NA,"C18 H28 O8",18,28,8,NA,NA,NA,NA,NA,NA,NA,NA
1887,371.184689,371.184105334254,371.184028486649,7989007,NA,275301.9,45.84,-1,0.207033706355568,0.992777926671756,0.974809677621954,0.985590627051835,0,2.2,0.533333333333333,"P1 O8","de-protonated",0,NA,"C15 H33 O8 P1",15,33,8,NA,1,NA,NA,NA,NA,NA,NA
1888,371.200008,371.199424297765,371.199284627933,5348117,NA,297032.5,29.97,-1,0.376266435985165,0.98724770323734,0.848439232289249,0.931724314858103,4,1.73684210526316,0.263157894736842,"P1 O5","de-protonated",0,NA,"C19 H33 O5 P1",19,33,5,NA,1,NA,NA,NA,NA,NA,NA
1889,371.208094,371.207510278505,371.207526836411,15009560,NA,280664.3,88.01,-1,-0.0446055225899403,0.999712529099895,0.994986486168755,0.997822111927439,4,1.68421052631579,0.368421052631579,"O7","de-protonated",0,NA,"C19 H32 O7",19,32,7,NA,NA,NA,NA,NA,NA,NA,NA
1890,371.244321,371.243737192216,371.243912345795,11749158,NA,281781,68.42,-1,-0.471801890025345,0.980171784166004,0.998726348315982,0.987593609825996,3,1.8,0.3,"O6","de-protonated",0,NA,"C20 H36 O6",20,36,6,NA,NA,NA,NA,NA,NA,NA,NA
1891,371.280877,371.280293105143,371.28029785518,5503795.5,NA,280337.1,30.91,-1,-0.0127936684196143,0.499985150645857,0.813795485951173,0.625509284767983,2,1.9047619047619,0.238095238095238,"O5","de-protonated",0,NA,"C21 H40 O5",21,40,5,NA,NA,NA,NA,NA,NA,NA,NA
1895,372.088501,372.087915181455,372.087746053637,2041958.1,NA,267246.9,10.11,-1,0.454537457566502,0.963205900144178,0,0.577923540086507,16,0.681818181818182,0.227272727272727,"N1 O5","de-protonated",0,NA,"C22 H15 O5 N1",22,15,5,1,NA,NA,NA,NA,NA,NA,NA
1899,372.109371,372.108785131744,372.108875421736,1610606,NA,278176.7,7.52,-1,-0.242644015414449,0.989373866217825,0,0.593624319730695,11,1,0.368421052631579,"N1 O7","de-protonated",0,NA,"C19 H19 O7 N1",19,19,7,1,NA,NA,NA,NA,NA,NA,NA
1901,372.128175,372.127589086955,372.127502866391,2468469,NA,282447.4,12.67,-1,0.231696295589064,0.990306546069309,0,0.594183927641585,10,1.15,0.2,"N1 S1 O4","de-protonated",0,NA,"C20 H23 O4 S1 N1",20,23,4,1,NA,1,NA,NA,NA,NA,NA
1912,372.304241,372.303654667581,372.303690128279,468154560,NA,281917.5,2809.89,-1,-0.0952467005474361,0.599567723882657,0.961566675126403,0.744367304380155,1,2.0952380952381,0.0952380952380952,"N1 P1 O2","de-protonated",0,NA,"C21 H44 O2 N1 P1",21,44,2,1,1,NA,NA,NA,NA,NA,NA
1917,373.020482,373.019893961559,373.019957794616,2049991.9,NA,268625.7,10.16,-1,-0.171125042920687,0.994700588221439,0,0.596820352932863,8,1.25,0.333333333333333,"N4 S2 P1 O4","de-protonated",0,NA,"C12 H15 O4 S2 N4 P1",12,15,4,4,1,2,NA,NA,NA,NA,NA
1918,373.057068,373.056479874415,373.056505495252,4732374,NA,273318.4,26.27,-1,-0.0686781680893163,0.999144528779989,0,0.599486717267993,12,0.777777777777778,0.5,"O9","de-protonated",0,NA,"C18 H14 O9",18,14,9,NA,NA,NA,NA,NA,NA,NA,NA
1919,373.070076,373.069487843431,373.069392654874,5382618.5,NA,273760.3,30.18,-1,0.255149734957018,0.988256933202899,0,0.592954159921739,7,1.26666666666667,0.6,"P1 O9","de-protonated",0,NA,"C15 H19 O9 P1",15,19,9,NA,1,NA,NA,NA,NA,NA,NA
1920,373.078109,373.077520824297,373.077634863352,4072925.8,NA,274120.6,22.31,-1,-0.305671109580592,0.98318927735132,0,0.589913566410792,7,1.2,0.733333333333333,"O11","de-protonated",0,NA,"C15 H18 O11",15,18,11,NA,NA,NA,NA,NA,NA,NA,NA
1921,373.087783,373.087194801254,373.087017777822,3393505.5,NA,281774.8,18.23,-1,0.474482959643779,0.959972843561528,0,0.575983706136917,20,0.538461538461538,0.115384615384615,"O3","de-protonated",0,NA,"C26 H14 O3",26,14,3,NA,NA,NA,NA,NA,NA,NA,NA
1922,373.093351,373.092762787992,373.092891004637,6650339.5,NA,293225.2,37.79,-1,-0.343658771590259,0.48939932089448,0.828487690504102,0.625034668738329,11,0.947368421052632,0.421052631578947,"O8","de-protonated",0,NA,"C19 H18 O8",19,18,8,NA,NA,NA,NA,NA,NA,NA,NA
1923,373.096674,373.096085780077,373.096262308007,1839588.9,NA,313894.6,8.89,-1,-0.473143120043775,0.960194027006021,0,0.576116416203613,6,1.375,0.5,"S1 O8","de-protonated",0,NA,"C16 H22 O8 S1",16,22,8,NA,NA,1,NA,NA,NA,NA,NA
1924,373.102441,373.10185276634,373.101755412266,5010919,NA,245619.2,27.94,-1,0.260931697854369,0.987721999861946,0,0.592633199917167,2,2.09090909090909,0.909090909090909,"N2 P1 O10","de-protonated",0,NA,"C11 H23 O10 N2 P1",11,23,10,2,1,NA,NA,NA,NA,NA,NA
1925,373.106451,373.105862756789,373.105778164259,15903209,NA,274100.2,93.37,-1,0.226725329287537,0.994302851788199,0.946059178521109,0.975005382481363,6,1.4375,0.5,"P1 O8","de-protonated",0,NA,"C16 H23 O8 P1",16,23,8,NA,1,NA,NA,NA,NA,NA,NA
1926,373.11456,373.113971737474,373.114020372736,7563755.5,NA,282385.9,43.28,-1,-0.130349596272289,0.997832729297653,0.973196140880131,0.987978093930645,6,1.375,0.625,"O10","de-protonated",0,NA,"C16 H22 O10",16,22,10,NA,NA,NA,NA,NA,NA,NA,NA
1928,373.129811,373.129222701148,373.129276514021,6793713.5,NA,271887.2,38.65,-1,-0.144220452933093,0.498116531868402,0.821075868479145,0.627300266512699,10,1.1,0.35,"O7","de-protonated",0,NA,"C20 H22 O7",20,22,7,NA,NA,NA,NA,NA,NA,NA,NA
1929,373.142834,373.142245670128,373.142163673643,11231734,NA,274095.3,65.31,-1,0.219745965720599,0.991931066664629,0.815469534093949,0.921346453636357,5,1.58823529411765,0.411764705882353,"P1 O7","de-protonated",0,NA,"C17 H27 O7 P1",17,27,7,NA,1,NA,NA,NA,NA,NA,NA
1931,373.150898,373.15030965092,373.15040588212,12241401,NA,281285.2,71.37,-1,-0.257888504362449,0.992147990448311,0.981349403013059,0.987828555474211,5,1.52941176470588,0.529411764705882,"O9","de-protonated",0,NA,"C17 H26 O9",17,26,9,NA,NA,NA,NA,NA,NA,NA,NA
1933,373.163973,373.163384619777,373.163293041742,2291198.5,NA,303048,11.61,-1,0.24541008233893,0.989131544845488,0,0.593478926907293,0,2.21428571428571,0.642857142857143,"P1 O9","de-protonated",0,NA,"C14 H31 O9 P1",14,31,9,NA,1,NA,NA,NA,NA,NA,NA
1935,373.179268,373.178679583345,373.178549183027,7946756.5,NA,281284,45.58,-1,0.349431441171721,0.985680031587304,0.850834175659887,0.931741689216337,4,1.72222222222222,0.333333333333333,"P1 O6","de-protonated",0,NA,"C18 H31 O6 P1",18,31,6,NA,1,NA,NA,NA,NA,NA,NA
1937,373.187347,373.186758564102,373.186791391505,17050120,NA,273482.3,100.26,-1,-0.0879650710134014,0.997266860301637,0.981412362688543,0.990925061256399,4,1.66666666666667,0.444444444444444,"O8","de-protonated",0,NA,"C18 H30 O8",18,30,8,NA,NA,NA,NA,NA,NA,NA,NA
1938,373.197644,373.197055539576,373.197176627682,1672971.3,NA,265743.1,7.89,-1,-0.324461475539611,0.981079232452749,0,0.588647539471649,3,1.84210526315789,0.157894736842105,"S1 P1 O3","de-protonated",0,NA,"C19 H35 O3 S1 P1",19,35,3,NA,1,1,NA,NA,NA,NA,NA
1939,373.215583,373.214994496846,373.214934692412,4232722,NA,287925.5,23.27,-1,0.160241269256975,0.995351730908809,0,0.597211038545286,3,1.84210526315789,0.263157894736842,"P1 O5","de-protonated",0,NA,"C19 H35 O5 P1",19,35,5,NA,1,NA,NA,NA,NA,NA,NA
1940,373.223649,373.223060477634,373.223176900889,9300501,NA,278860.3,53.71,-1,-0.311940046100284,0.491249401601547,0.828487690504102,0.626144717162569,3,1.78947368421053,0.368421052631579,"O7","de-protonated",0,NA,"C19 H34 O7",19,34,7,NA,NA,NA,NA,NA,NA,NA,NA
1941,373.260179,373.259590390623,373.259562410273,6066723,NA,267128.9,34.28,-1,0.0749621773111124,0.499490449973518,0.821075868479145,0.628124617375769,2,1.9,0.3,"O6","de-protonated",0,NA,"C20 H38 O6",20,38,6,NA,NA,NA,NA,NA,NA,NA,NA
1944,374.088609,374.088018417377,374.08813997683,2178397.8,NA,291770.6,10.93,-1,-0.324948694865962,0.98102290903023,0,0.588613745418138,11,0.944444444444444,0.444444444444444,"N1 O8","de-protonated",0,NA,"C18 H17 O8 N1",18,17,8,1,NA,NA,NA,NA,NA,NA,NA
1953,374.31999,374.319398866248,374.319340192757,4161461.8,NA,284209.7,22.84,-1,0.156747152304797,0.99555178842935,0,0.59733107305761,0,2.19047619047619,0.0952380952380952,"N1 P1 O2","de-protonated",0,NA,"C21 H46 O2 N1 P1",21,46,2,1,1,NA,NA,NA,NA,NA,NA
1959,375.0362,375.0356071603,375.035770050346,1802950.4,NA,344558.9,8.67,-1,-0.43433202660668,0.96634993181575,0,0.57980995908945,12,0.705882352941177,0.588235294117647,"O10","de-protonated",0,NA,"C17 H12 O10",17,12,10,NA,NA,NA,NA,NA,NA,NA,NA
1960,375.049328,375.04873512903,375.048657209968,1933515.4,NA,300571.1,9.45,-1,0.207757209044799,0.992198709109166,0,0.5953192254655,7,1.21428571428571,0.714285714285714,"P1 O10","de-protonated",0,NA,"C14 H17 O10 P1",14,17,10,NA,1,NA,NA,NA,NA,NA,NA
1962,375.072736,375.072143073275,375.07215555973,5988564,NA,287717.4,33.81,-1,-0.0332908097502142,0.499899462314343,0.836034543948893,0.634353494968163,11,0.888888888888889,0.5,"O9","de-protonated",0,NA,"C18 H16 O9",18,16,9,NA,NA,NA,NA,NA,NA,NA,NA
1963,375.076024,375.075431065443,375.0755268631,1944277.5,NA,267669.5,9.52,-1,-0.255408979308172,0.988233199064078,0,0.592939919438447,6,1.33333333333333,0.6,"S1 O9","de-protonated",0,NA,"C15 H20 O9 S1",15,20,9,NA,NA,1,NA,NA,NA,NA,NA
1964,375.085776,375.085183042214,375.085042719352,11629785,NA,274952.8,67.7,-1,0.374109458118819,0.966639017467801,0.947710548165433,0.959067629746854,6,1.4,0.6,"P1 O9","de-protonated",0,NA,"C15 H21 O9 P1",15,21,9,NA,1,NA,NA,NA,NA,NA,NA
1965,375.09383,375.09323702303,375.09328492783,1701084.3,NA,332666.5,8.06,-1,-0.1277143610082,0.997044773401276,0,0.598226864040766,6,1.33333333333333,0.733333333333333,"O11","de-protonated",0,NA,"C15 H20 O11",15,20,11,NA,NA,NA,NA,NA,NA,NA,NA
1966,375.100419,375.099826007336,375.099647412015,5033182.5,NA,289976.7,28.07,-1,0.476127670885168,0.95970054615693,0,0.575820327694158,1,2.27272727272727,0.727272727272727,"N2 S1 P1 O8","de-protonated",0,NA,"C11 H25 O8 S1 N2 P1",11,25,8,2,1,1,NA,NA,NA,NA,NA
1968,375.109016,375.108422986859,375.108541069115,12762338,NA,275595.7,74.5,-1,-0.314794900397204,0.990875032791583,0.962283337024196,0.979438354484628,10,1.05263157894737,0.421052631578947,"O8","de-protonated",0,NA,"C19 H20 O8",19,20,8,NA,NA,NA,NA,NA,NA,NA,NA
1969,375.122073,375.121479955758,375.121428228737,16243943,NA,274891.2,95.41,-1,0.137894072901181,0.997226978838466,0.837772732903508,0.933445280464483,5,1.5625,0.5,"P1 O8","de-protonated",0,NA,"C16 H25 O8 P1",16,25,8,NA,1,NA,NA,NA,NA,NA,NA
1970,375.13016,375.129566936496,375.129670437214,5326058,NA,272317.9,29.83,-1,-0.275906510342718,0.986282284437221,0,0.591769370662333,5,1.5,0.625,"O10","de-protonated",0,NA,"C16 H24 O10",16,24,10,NA,NA,NA,NA,NA,NA,NA,NA
1972,375.145489,375.144895899983,375.144926578499,11287792,NA,269876.1,65.64,-1,-0.0817777700550601,0.499393639519843,0.821075868479145,0.628066531103564,9,1.2,0.35,"O7","de-protonated",0,NA,"C20 H24 O7",20,24,7,NA,NA,NA,NA,NA,NA,NA,NA
1973,375.158572,375.157978868821,375.157813738121,19766516,NA,274499.8,116.57,-1,0.440163296334508,0.980355288583912,0.851019529929533,0.928620985122161,4,1.70588235294118,0.411764705882353,"P1 O7","de-protonated",0,NA,"C17 H29 O7 P1",17,29,7,NA,1,NA,NA,NA,NA,NA,NA
1974,375.16088,375.160286863323,375.160182719784,1678069.8,NA,293341.9,7.92,-1,0.277597528732551,0.98611479504473,0,0.591668877026838,13,1,0.166666666666667,"O4","de-protonated",0,NA,"C24 H24 O4",24,24,4,NA,NA,NA,NA,NA,NA,NA,NA
1975,375.166612,375.16601884967,375.166055946598,9565432,NA,287865.5,55.3,-1,-0.0988813552448643,0.499113727110273,0.843720152817574,0.636956297393193,4,1.64705882352941,0.529411764705882,"O9","de-protonated",0,NA,"C17 H28 O9",17,28,9,NA,NA,NA,NA,NA,NA,NA,NA
1977,375.181811,375.181217813468,375.181312087883,2102525.8,NA,299570.9,10.47,-1,-0.25127694940081,0.988608688793155,0,0.593165213275893,8,1.33333333333333,0.285714285714286,"O6","de-protonated",0,NA,"C21 H28 O6",21,28,6,NA,NA,NA,NA,NA,NA,NA,NA
1978,375.194814,375.194220782496,375.194199247505,10265859,NA,274148.2,59.5,-1,0.0573969174465452,0.999641019074373,0.857520413841365,0.94279277698117,3,1.83333333333333,0.333333333333333,"P1 O6","de-protonated",0,NA,"C18 H33 O6 P1",18,33,6,NA,1,NA,NA,NA,NA,NA,NA
1979,375.202968,375.202374763074,375.202441455983,5100806,NA,266478.6,28.48,-1,-0.177751799267806,0.994283403630103,0,0.596570042178062,3,1.77777777777778,0.444444444444444,"O8","de-protonated",0,NA,"C18 H32 O8",18,32,8,NA,NA,NA,NA,NA,NA,NA,NA
1980,375.206134,375.205540755532,375.205432636798,4401415,NA,294851.5,24.28,-1,0.288158767121531,0.985046256628499,0,0.591027753977099,3,1.94117647058824,0.294117647058824,"N2 P1 O5","de-protonated",0,NA,"C17 H33 O5 N2 P1",17,33,5,2,1,NA,NA,NA,NA,NA,NA
1981,375.231318,375.230724695546,375.23058475689,9839889,NA,284006.4,56.94,-1,0.372940433238837,0.987451597467667,0.923622610345093,0.961920002618637,2,1.94736842105263,0.263157894736842,"P1 O5","de-protonated",0,NA,"C19 H37 O5 P1",19,37,5,NA,1,NA,NA,NA,NA,NA,NA
1983,375.2676,375.267006609126,375.266970266274,3569950.3,NA,277543.6,19.28,-1,0.0968453261448741,0.998299636909003,0,0.598979782145402,1,2.05,0.2,"P1 O4","de-protonated",0,NA,"C20 H41 O4 P1",20,41,4,NA,1,NA,NA,NA,NA,NA,NA
1985,375.32328,375.322686476501,375.322831373428,1929523.6,NA,320731.2,9.43,-1,-0.386059451989993,0.973318943039374,0,0.583991365823624,0,2.2,0.2,"N2 O4","de-protonated",0,NA,"C20 H44 O4 N2",20,44,4,2,NA,NA,NA,NA,NA,NA,NA
1988,376.104351,376.10375561606,376.103790041308,2565213,NA,256739.7,13.25,-1,-0.0915312433208788,0.998480983496248,0,0.599088590097749,10,1.05555555555556,0.444444444444444,"N1 O8","de-protonated",0,NA,"C18 H19 O8 N1",18,19,8,1,NA,NA,NA,NA,NA,NA,NA
1993,376.190203,376.189607411568,376.189448219698,2504317.8,NA,310187.5,12.88,-1,0.423169418702494,0.968029764315225,0,0.580817858589135,3,1.88235294117647,0.352941176470588,"N1 P1 O6","de-protonated",0,NA,"C17 H32 O6 N1 P1",17,32,6,1,1,NA,NA,NA,NA,NA,NA
1996,376.226572,376.225976324941,376.225833729082,1855371.6,NA,249269.2,8.98,-1,0.379016657879837,0.974271017594604,0,0.584562610556763,2,2,0.277777777777778,"N1 P1 O5","de-protonated",0,NA,"C18 H36 O5 N1 P1",18,36,5,1,1,NA,NA,NA,NA,NA,NA
2005,377.051993,377.051395358862,377.051420114824,4357062.5,NA,291885.1,24.01,-1,-0.0656567271587411,0.999218115777695,0,0.599530869466617,11,0.823529411764706,0.588235294117647,"O10","de-protonated",0,NA,"C17 H14 O10",17,14,10,NA,NA,NA,NA,NA,NA,NA,NA
2006,377.086086,377.085488277655,377.085303700764,106987472,NA,273685.1,640.47,-1,0.489483121613519,0.191491495871774,0.756072001338123,0.417323698058313,14,0.818181818181818,0.181818181818182,"S1 O4","de-protonated",0,NA,"C22 H18 O4 S1",22,18,4,NA,NA,1,NA,NA,NA,NA,NA
2007,377.088074,377.08747627292,377.087643432956,13299668,NA,248676,77.72,-1,-0.443292266088565,0.647436740268811,0.927279913856465,0.759374009703872,5,1.76923076923077,0.230769230769231,"N4 S2 P1 O3","de-protonated",0,NA,"C13 H23 O3 S2 N4 P1",13,23,3,4,1,2,NA,NA,NA,NA,NA
2008,377.101329,377.100731241348,377.100559842049,10946521,NA,276953.2,63.59,-1,0.454518814040983,0.481604431097273,0.779247987650237,0.600661853718459,18,0.692307692307692,0.0384615384615385,"S1 O1","de-protonated",0,NA,"C26 H18 O1 S1",26,18,1,NA,NA,1,NA,NA,NA,NA,NA
2010,377.124746,377.124148185571,377.124191133593,22593506,NA,276175.7,133.55,-1,-0.11388296715262,0.99334657093359,0.99752548076567,0.995018134866422,9,1.15789473684211,0.421052631578947,"O8","de-protonated",0,NA,"C19 H22 O8",19,22,8,NA,NA,NA,NA,NA,NA,NA,NA
2011,377.137819,377.137221154432,377.137078293215,26476520,NA,274870,156.87,-1,0.3788044868054,0.986311457269254,0.89387436837265,0.949336621710612,4,1.6875,0.5,"P1 O8","de-protonated",0,NA,"C16 H27 O8 P1",16,27,8,NA,1,NA,NA,NA,NA,NA,NA
2013,377.161051,377.160453099095,377.160576642977,10799088,NA,271750.5,62.7,-1,-0.32756308345625,0.99033501776736,0.977656397485115,0.985263569654462,8,1.3,0.35,"O7","de-protonated",0,NA,"C20 H26 O7",20,26,7,NA,NA,NA,NA,NA,NA,NA,NA
2014,377.17407,377.173472068085,377.173463802599,62799860,NA,271310.6,375.05,-1,0.0219142840678548,0.990135940953527,0.970897852231409,0.98244070546468,3,1.82352941176471,0.411764705882353,"P1 O7","de-protonated",0,NA,"C17 H31 O7 P1",17,31,7,NA,1,NA,NA,NA,NA,NA,NA
2017,377.210576,377.209977981131,377.209849311983,17965058,NA,267731.6,105.74,-1,0.341107604587128,0.983915998812118,0.981548284160236,0.982968912951365,2,1.94444444444444,0.333333333333333,"P1 O6","de-protonated",0,NA,"C18 H35 O6 P1",18,35,6,NA,1,NA,NA,NA,NA,NA,NA
2020,377.246868,377.246269894687,377.246234821368,13754385,NA,273463.8,80.45,-1,0.0929719537843652,0.499216413007773,0.828487690504102,0.630924924006305,1,2.05263157894737,0.263157894736842,"P1 O5","de-protonated",0,NA,"C19 H39 O5 P1",19,39,5,NA,1,NA,NA,NA,NA,NA,NA
2021,377.258036,377.257437868086,377.25746821066,1859092.9,NA,314160,9,-1,-0.0804293524986126,0.998826918685673,0,0.599296151211404,1,2.16666666666667,0.222222222222222,"N2 P1 O4","de-protonated",0,NA,"C18 H39 O4 N2 P1",18,39,4,2,1,NA,NA,NA,NA,NA,NA
2024,378.083506,378.08290590189,378.083054596401,3060560,NA,279631.3,16.22,-1,-0.393285308925286,0.97232489787413,0,0.583394938724478,10,1,0.529411764705882,"N1 O9","de-protonated",0,NA,"C17 H17 O9 N1",17,17,9,1,NA,NA,NA,NA,NA,NA,NA
2028,378.120012,378.119411814936,378.119440105786,2600286,NA,282076,13.45,-1,-0.0748198751125702,0.998984763467706,0,0.599390858080624,9,1.16666666666667,0.444444444444444,"N1 O8","de-protonated",0,NA,"C18 H21 O8 N1",18,21,8,1,NA,NA,NA,NA,NA,NA,NA
2030,378.132853,378.13225278435,378.132327265408,1721186.9,NA,357278.8,8.17,-1,-0.196970880140398,0.992984960649851,0,0.595790976389911,4,1.73333333333333,0.533333333333333,"N1 P1 O8","de-protonated",0,NA,"C15 H26 O8 N1 P1",15,26,8,1,1,NA,NA,NA,NA,NA,NA
2034,378.20564,378.205039610978,378.205098284176,5888382.5,NA,279114.3,33.2,-1,-0.155135925773963,0.497821283767639,0.843720152817574,0.636180831387613,2,2,0.352941176470588,"N1 P1 O6","de-protonated",0,NA,"C17 H34 O6 N1 P1",17,34,6,1,1,NA,NA,NA,NA,NA,NA
2036,378.232548,378.231947546886,378.231967937309,6586761,NA,300208.8,37.4,-1,-0.0539098346024542,0.499736400048371,0.836034543948893,0.63425565760858,1,2.05555555555556,0.277777777777778,"N1 S1 O5","de-protonated",0,NA,"C18 H37 O5 S1 N1",18,37,5,1,NA,1,NA,NA,NA,NA,NA
2037,378.242126,378.241525524072,378.24148379356,14545293,NA,264424.3,85.2,-1,0.110327695555783,0.498896903727395,0.836034543948893,0.633751959815994,1,2.11111111111111,0.277777777777778,"N1 P1 O5","de-protonated",0,NA,"C18 H38 O5 N1 P1",18,38,5,1,1,NA,NA,NA,NA,NA,NA
2038,378.250383,378.249782504404,378.249726002038,3481999.8,NA,276470.9,18.75,-1,0.149378472832269,0.995959352524705,0,0.597575611514823,1,2.05555555555556,0.388888888888889,"N1 O7","de-protonated",0,NA,"C18 H37 O7 N1",18,37,7,1,NA,NA,NA,NA,NA,NA,NA
2045,379.058826,379.058223578766,379.05804358042,2041540.6,NA,345049.9,10.09,-1,0.47485694679194,0.959911002462049,0,0.57594660147723,14,0.8,0.1,"N2 S2 O2","de-protonated",0,NA,"C20 H16 O2 S2 N2",20,16,2,2,NA,2,NA,NA,NA,NA,NA
2046,379.067666,379.06706355771,379.067070179302,8381128,NA,270358.2,48.17,-1,-0.0174681290231487,0.982992772531901,0.974604900906583,0.979637623881774,10,0.941176470588235,0.588235294117647,"O10","de-protonated",0,NA,"C17 H16 O10",17,16,10,NA,NA,NA,NA,NA,NA,NA,NA
2047,379.08073,379.080127526592,379.079957338924,5126861,NA,248273.5,28.63,-1,0.448949265171861,0.96408870564936,0,0.578453223389616,5,1.5,0.714285714285714,"P1 O10","de-protonated",0,NA,"C14 H21 O10 P1",14,21,10,NA,1,NA,NA,NA,NA,NA,NA
2050,379.095965,379.095362490304,379.095213480209,2253522.8,NA,285688.8,11.37,-1,0.393067729696073,0.972355083972256,0,0.583413050383353,9,1.16666666666667,0.388888888888889,"P1 O7","de-protonated",0,NA,"C18 H21 O7 P1",18,21,7,NA,1,NA,NA,NA,NA,NA,NA
2052,379.103922,379.103319471351,379.103455688686,26329814,NA,272157.1,155.98,-1,-0.359314412223663,0.979247342891236,0.992131439196861,0.984400981413486,9,1.11111111111111,0.5,"O9","de-protonated",0,NA,"C18 H20 O9",18,20,9,NA,NA,NA,NA,NA,NA,NA,NA
2053,379.116963,379.116360440288,379.116209906527,15799003,NA,269451.2,92.73,-1,0.397064957485652,0.485899004781707,0.779247987650237,0.603238597929119,17,0.769230769230769,0.0384615384615385,"S1 O1","de-protonated",0,NA,"C26 H20 O1 S1",26,20,1,NA,NA,1,NA,NA,NA,NA,NA
2054,379.12815,379.127547413642,379.127576237601,2387679.3,NA,293712.4,12.17,-1,-0.0760270693476191,0.998951755469421,0,0.599371053281653,4,1.78571428571429,0.571428571428571,"N2 P1 O8","de-protonated",0,NA,"C14 H25 O8 N2 P1",14,25,8,2,1,NA,NA,NA,NA,NA,NA
2055,379.132321,379.131718403707,379.131598989593,2653920.8,NA,297973,13.77,-1,0.314967452651793,0.982160516215998,0,0.589296309729599,8,1.31578947368421,0.315789473684211,"P1 O6","de-protonated",0,NA,"C19 H25 O6 P1",19,25,6,NA,1,NA,NA,NA,NA,NA,NA
2057,379.140365,379.139762384547,379.139841198071,23442148,NA,272888.1,138.64,-1,-0.207874549273642,0.977225112370678,0.985857407017033,0.98067803022922,8,1.26315789473684,0.421052631578947,"O8","de-protonated",0,NA,"C19 H24 O8",19,24,8,NA,NA,NA,NA,NA,NA,NA,NA
2058,379.153451,379.152848353377,379.152728357693,38871784,NA,271030.3,231.32,-1,0.316483769719159,0.990929267910825,0.969546682244136,0.98237623364415,3,1.8125,0.5,"P1 O8","de-protonated",0,NA,"C16 H29 O8 P1",16,29,8,NA,1,NA,NA,NA,NA,NA,NA
2061,379.176695,379.176092298012,379.176226707455,6908657.5,NA,272752.7,39.33,-1,-0.354477504574429,0.488729071797498,0.821075868479145,0.621667790470157,7,1.4,0.35,"O7","de-protonated",0,NA,"C20 H28 O7",20,28,7,NA,NA,NA,NA,NA,NA,NA,NA
2063,379.18971,379.189107267012,379.189113867077,27468534,NA,269164.7,162.82,-1,-0.0174057350829762,0.999010209013655,0.963965520307115,0.984992333531039,2,1.94117647058824,0.411764705882353,"P1 O7","de-protonated",0,NA,"C17 H33 O7 P1",17,33,7,NA,1,NA,NA,NA,NA,NA,NA
2064,379.207517,379.206914224597,379.206738990025,5666557.5,NA,262614.6,31.87,-1,0.462108275683067,0.480996892480766,0.766236582456902,0.59509276847122,15,1,0.0357142857142857,"O1","de-protonated",0,NA,"C28 H28 O1",28,28,1,NA,NA,NA,NA,NA,NA,NA,NA
2065,379.226237,379.225634180008,379.225499376461,29721348,NA,274919.1,176.36,-1,0.355470680886819,0.98546171072996,0.994932585927853,0.989250060809117,1,2.05555555555556,0.333333333333333,"P1 O6","de-protonated",0,NA,"C18 H37 O6 P1",18,37,6,NA,1,NA,NA,NA,NA,NA,NA
2066,379.237423,379.236820153364,379.236732765754,6523657,NA,273858.6,37.02,-1,0.230430236580787,0.495205842236902,0.843720152817574,0.634611566469171,1,2.17647058823529,0.294117647058824,"N2 P1 O5","de-protonated",0,NA,"C17 H37 O5 N2 P1",17,37,5,2,1,NA,NA,NA,NA,NA,NA
2068,379.262413,379.26181009384,379.261884885846,5082898.5,NA,295151.7,28.36,-1,-0.197204119140615,0.992968395967072,0,0.595781037580243,0,2.15789473684211,0.263157894736842,"P1 O5","de-protonated",0,NA,"C19 H41 O5 P1",19,41,5,NA,1,NA,NA,NA,NA,NA,NA
2070,380.063015,380.062410186877,380.062319151495,1797700.8,NA,266097.4,8.63,-1,0.23952751414029,0.989643666465345,0,0.593786199879207,10,0.9375,0.625,"N1 O10","de-protonated",0,NA,"C16 H15 O10 N1",16,15,10,1,NA,NA,NA,NA,NA,NA,NA
2073,380.099154,380.098549100798,380.098704660879,3677266.5,NA,291089.7,19.92,-1,-0.409262330475027,0.970065322868165,0,0.582039193720899,9,1.11764705882353,0.529411764705882,"N1 O9","de-protonated",0,NA,"C17 H19 O9 N1",17,19,9,1,NA,NA,NA,NA,NA,NA,NA
2075,380.112264,380.111659069571,380.111591820501,2448471.8,NA,281106.2,12.54,-1,0.176919280941456,0.994336675167767,0,0.59660200510066,4,1.71428571428571,0.642857142857143,"N1 P1 O9","de-protonated",0,NA,"C14 H24 O9 N1 P1",14,24,9,1,1,NA,NA,NA,NA,NA,NA
2077,380.135682,380.135077013791,380.135090170264,2264160.8,NA,301469.1,11.43,-1,-0.0346099920490885,0.999782675028416,0,0.599869605017049,8,1.27777777777778,0.444444444444444,"N1 O8","de-protonated",0,NA,"C18 H23 O8 N1",18,23,8,1,NA,NA,NA,NA,NA,NA,NA
2080,380.148649,380.148043982905,380.147977329886,1922661.6,NA,330541.3,9.38,-1,0.175334404849349,0.994437405471528,0,0.596662443282917,3,1.86666666666667,0.533333333333333,"N1 P1 O8","de-protonated",0,NA,"C15 H28 O8 N1 P1",15,28,8,1,1,NA,NA,NA,NA,NA,NA
2085,380.221522,380.220916809328,380.220748348654,3123329.5,NA,277730.6,16.59,-1,0.443060181621143,0.965008085513926,0,0.579004851308356,1,2.11764705882353,0.352941176470588,"N1 P1 O6","de-protonated",0,NA,"C17 H36 O6 N1 P1",17,36,6,1,1,NA,NA,NA,NA,NA,NA
2092,381.046926,381.04631884329,381.046334734396,4142525.8,NA,281853,22.01,-1,-0.0417038678498432,0.999684471949117,0,0.59981068316947,10,0.875,0.6875,"O11","de-protonated",0,NA,"C16 H14 O11",16,14,11,NA,NA,NA,NA,NA,NA,NA,NA
2093,381.075198,381.074590775948,381.074478035303,2766792.5,NA,276690.4,14,-1,0.295849373817131,0.984243815827158,0,0.590546289496295,9,1.11764705882353,0.470588235294118,"P1 O8","de-protonated",0,NA,"C17 H19 O8 P1",17,19,8,NA,1,NA,NA,NA,NA,NA,NA
2094,381.083164,381.082556756974,381.08272024378,17290700,NA,272832.4,98.54,-1,-0.429006085190335,0.975184418674986,0.993122388569279,0.982359606632703,9,1.05882352941176,0.588235294117647,"O10","de-protonated",0,NA,"C17 H18 O10",17,18,10,NA,NA,NA,NA,NA,NA,NA,NA
2095,381.096221,381.095613725873,381.09547446162,4541904.5,NA,295461.8,24.33,-1,0.365431400745922,0.488030264397206,0.785920818505338,0.607186486040458,17,0.72,0.08,"S1 O2","de-protonated",0,NA,"C25 H18 O2 S1",25,18,2,NA,NA,1,NA,NA,NA,NA,NA
2098,381.119664,381.119056670034,381.119105753164,34735576,NA,267772.8,200.08,-1,-0.128786852408282,0.994406753335505,0.988195128685998,0.991922103475702,8,1.22222222222222,0.5,"O9","de-protonated",0,NA,"C18 H22 O9",18,22,9,NA,NA,NA,NA,NA,NA,NA,NA
2099,381.132702,381.132094638979,381.131992912786,20760030,NA,264021.3,118.73,-1,0.266905414815076,0.993235499019486,0.985193639857011,0.990018755354496,3,1.8,0.6,"P1 O9","de-protonated",0,NA,"C15 H27 O9 P1",15,27,9,NA,1,NA,NA,NA,NA,NA,NA
2100,381.14382,381.143212612497,381.143226302079,2041826.9,NA,274513.9,9.78,-1,-0.0359171585575642,0.999765950916978,0,0.599859570550186,3,1.92857142857143,0.571428571428571,"N2 P1 O8","de-protonated",0,NA,"C14 H27 O8 N2 P1",14,27,8,2,1,NA,NA,NA,NA,NA,NA
2101,381.147926,381.147318602717,381.147249054071,5878244.5,NA,270621.1,32.11,-1,0.182471855017568,0.994806817315032,0.847512477304407,0.935889081310782,7,1.42105263157895,0.315789473684211,"P1 O6","de-protonated",0,NA,"C19 H27 O6 P1",19,27,6,NA,1,NA,NA,NA,NA,NA,NA
2103,381.155902,381.155294583719,381.155329071296,14341607,NA,269401.3,81.37,-1,-0.0904816883374797,0.666041959959652,0.910506010201982,0.763827580056584,2,2.21428571428571,0.142857142857143,"N4 S2 P1 O2","de-protonated",0,NA,"C14 H31 O2 S2 N4 P1",14,31,2,4,1,2,NA,NA,NA,NA,NA
2104,381.168996,381.16838855253,381.168378422171,28681708,NA,269545,164.84,-1,0.0265771241838596,0.997405583327806,0.993527511884155,0.995854354750346,2,1.9375,0.5,"P1 O8","de-protonated",0,NA,"C16 H31 O8 P1",16,31,8,NA,1,NA,NA,NA,NA,NA,NA
2106,381.192404,381.191796496774,381.191876771933,4336117.5,NA,277658.7,23.13,-1,-0.210589898721862,0.991985384201984,0,0.59519123052119,6,1.5,0.35,"O7","de-protonated",0,NA,"C20 H30 O7",20,30,7,NA,NA,NA,NA,NA,NA,NA,NA
2107,381.205451,381.204843465697,381.204763931555,12559866,NA,270310.7,71,-1,0.208638899570626,0.985788991004464,0.998777598659626,0.990984434066529,1,2.05882352941176,0.411764705882353,"P1 O7","de-protonated",0,NA,"C17 H35 O7 P1",17,35,7,NA,1,NA,NA,NA,NA,NA,NA
2108,381.223171,381.22256342349,381.222389054503,9594369,NA,262281.6,53.74,-1,0.457394403359061,0.976573822214179,0.956488109068198,0.968539536955787,14,1.07142857142857,0.0357142857142857,"O1","de-protonated",0,NA,"C28 H30 O1",28,30,1,NA,NA,NA,NA,NA,NA,NA,NA
2109,381.232022,381.231414402408,381.231253462132,9111045,NA,273697.7,50.93,-1,0.422159185688856,0.977327011840806,0.988590808044647,0.981832530322342,5,1.75,0.15,"N2 P1 O3","de-protonated",0,NA,"C20 H35 O3 N2 P1",20,35,3,2,1,NA,NA,NA,NA,NA,NA
2110,381.241725,381.241117379296,381.241149440939,6872584.5,NA,272360.1,37.9,-1,-0.0840980657523893,0.499358765008649,0.836034543948893,0.634029076584746,0,2.16666666666667,0.333333333333333,"P1 O6","de-protonated",0,NA,"C18 H39 O6 P1",18,39,6,NA,1,NA,NA,NA,NA,NA,NA
2111,381.247352,381.246744365893,381.246889725972,5132810.5,NA,271439,27.77,-1,-0.381275449259922,0.486983736483056,0.806643077274283,0.614847472799546,4,1.72727272727273,0.136363636363636,"S1 O3","de-protonated",0,NA,"C22 H38 O3 S1",22,38,3,NA,NA,1,NA,NA,NA,NA,NA
2113,382.078441,382.077831386314,382.077969215973,2498377.3,NA,294781.2,12.43,-1,-0.360736997640092,0.976664453263077,0,0.585998671957846,9,1.0625,0.625,"N1 O10","de-protonated",0,NA,"C16 H17 O10 N1",16,17,10,1,NA,NA,NA,NA,NA,NA,NA
2115,382.091519,382.090909355163,382.090723433813,3172686.3,NA,256283.8,16.36,-1,0.486589540377408,0.957948276969774,0,0.574768966181865,17,0.708333333333333,0.0833333333333333,"N1 S1 O2","de-protonated",0,NA,"C24 H17 O2 S1 N1",24,17,2,1,NA,1,NA,NA,NA,NA,NA
2116,382.115,382.114390299233,382.114354725357,4279127.5,NA,293296.7,22.8,-1,0.0930974602450393,0.99842859530969,0,0.599057157185814,8,1.23529411764706,0.529411764705882,"N1 O9","de-protonated",0,NA,"C17 H21 O9 N1",17,21,9,1,NA,NA,NA,NA,NA,NA,NA
2118,382.127994,382.127384268283,382.127241884979,5776220.5,NA,288239.9,31.51,-1,0.372607047727626,0.975123048855396,0,0.585073829313238,3,1.85714285714286,0.642857142857143,"N1 P1 O9","de-protonated",0,NA,"C14 H26 O9 N1 P1",14,26,9,1,1,NA,NA,NA,NA,NA,NA
2123,382.164256,382.16364618191,382.163627394364,1802090.3,NA,274656.1,8.38,-1,0.0491610005847259,0.999561570231462,0,0.599736942138877,2,2,0.533333333333333,"N1 P1 O8","de-protonated",0,NA,"C15 H30 O8 N1 P1",15,30,8,1,1,NA,NA,NA,NA,NA,NA
2129,382.250571,382.249960976315,382.250000784087,1832843.4,NA,312658.2,8.56,-1,-0.104140672264344,0.998034073230784,0,0.59882044393847,9,1.43478260869565,0.0869565217391304,"N3 O2","de-protonated",0,NA,"C23 H33 O2 N3",23,33,2,3,NA,NA,NA,NA,NA,NA,NA
2135,383.062537,383.061925042285,383.061984798874,8063171.5,NA,267164.4,44.82,-1,-0.155997177774713,0.497797079430388,0.85154837932281,0.639297599387357,9,1,0.6875,"O11","de-protonated",0,NA,"C16 H16 O11",16,16,11,NA,NA,NA,NA,NA,NA,NA,NA
2136,383.090905,383.090292974715,383.090128099781,5876942,NA,262821,32.1,-1,0.430381579585992,0.983347932699942,0.811082549849595,0.914441779559803,8,1.23529411764706,0.470588235294118,"P1 O8","de-protonated",0,NA,"C17 H21 O8 P1",17,21,8,NA,1,NA,NA,NA,NA,NA,NA
2137,383.098833,383.098220955831,383.098370308258,24201426,NA,264567,138.76,-1,-0.389853986059419,0.970600220911425,0.988702871587097,0.977841281181694,8,1.17647058823529,0.588235294117647,"O10","de-protonated",0,NA,"C17 H20 O10",17,20,10,NA,NA,NA,NA,NA,NA,NA,NA
2139,383.111991,383.11137892449,383.11125746788,3929302.3,NA,248923.7,20.76,-1,0.317026993388799,0.981928579948704,0,0.589157147969222,3,1.78571428571429,0.714285714285714,"P1 O10","de-protonated",0,NA,"C14 H25 O10 P1",14,25,10,NA,1,NA,NA,NA,NA,NA,NA
2140,383.127294,383.12668188804,383.126513609165,10914012,NA,272143.2,61.42,-1,0.439225344194064,0.966911477755133,0.899785746415561,0.940061185219304,7,1.38888888888889,0.388888888888889,"P1 O7","de-protonated",0,NA,"C18 H25 O7 P1",18,25,7,NA,1,NA,NA,NA,NA,NA,NA
2142,383.135297,383.134684868977,383.134755817642,20961504,NA,268238.2,119.9,-1,-0.185179402190619,0.993793779329194,0.975444489978756,0.986454063589019,7,1.33333333333333,0.5,"O9","de-protonated",0,NA,"C18 H24 O9",18,24,9,NA,NA,NA,NA,NA,NA,NA,NA
2143,383.143394,383.142781849691,383.142835834868,38373604,NA,263286.1,221.25,-1,-0.140900916130454,0.665454317187164,0.927279913856465,0.770184555854884,2,2.15384615384615,0.384615384615385,"N4 S2 O5","de-protonated",0,NA,"C13 H28 O5 S2 N4",13,28,5,4,NA,2,NA,NA,NA,NA,NA
2144,383.148251,383.147638838122,383.147510035483,13146340,NA,270422.4,74.41,-1,0.336169845687092,0.489851631509548,0.779247987650237,0.605610173965824,15,0.923076923076923,0.0384615384615385,"S1 O1","de-protonated",0,NA,"C26 H24 O1 S1",26,24,1,NA,NA,1,NA,NA,NA,NA,NA
2145,383.163546,383.162933801691,383.162899118549,8087786,NA,265167.6,44.97,-1,0.090518005902609,0.99875959810563,0.888761435908486,0.954760333226772,6,1.52631578947368,0.315789473684211,"P1 O6","de-protonated",0,NA,"C19 H29 O6 P1",19,29,6,NA,1,NA,NA,NA,NA,NA,NA
2146,383.165984,383.165371795884,383.165268100212,8536299,NA,258178.4,47.58,-1,0.270629099585434,0.992899220161993,0.955781341511636,0.97805206870185,15,0.923076923076923,0.115384615384615,"O3","de-protonated",0,NA,"C26 H24 O3",26,24,3,NA,NA,NA,NA,NA,NA,NA,NA
2147,383.171556,383.170943782612,383.170979135774,7954669,NA,273616.9,44.19,-1,-0.0922647191765809,0.999148094157122,0.948913072238611,0.979054085389717,1,2.35714285714286,0.142857142857143,"N4 S2 P1 O2","de-protonated",0,NA,"C14 H33 O2 S2 N4 P1",14,33,2,4,1,2,NA,NA,NA,NA,NA
2148,383.18471,383.18409775128,383.184028486649,8263922,NA,271721.5,45.99,-1,0.18076074716973,0.497044402328863,0.85154837932281,0.638845993126442,1,2.0625,0.5,"P1 O8","de-protonated",0,NA,"C16 H33 O8 P1",16,33,8,NA,1,NA,NA,NA,NA,NA,NA
2150,383.208042,383.207429695705,383.207526836411,8120571,NA,271132.8,45.16,-1,-0.253493730910873,0.494203993517966,0.821075868479145,0.624952743502438,5,1.6,0.35,"O7","de-protonated",0,NA,"C20 H32 O7",20,32,7,NA,NA,NA,NA,NA,NA,NA,NA
2152,383.221125,383.220512664543,383.220413996033,1893632.3,NA,317084,8.91,-1,0.257471956431229,0.988043492417115,0,0.592826095450269,0,2.17647058823529,0.411764705882353,"P1 O7","de-protonated",0,NA,"C17 H37 O7 P1",17,37,7,NA,1,NA,NA,NA,NA,NA,NA
2155,383.280891,383.280278522185,383.28029785518,2639639.3,NA,312884.4,13.25,-1,-0.0504408763195699,0.999538449919813,0,0.599723069951888,3,1.81818181818182,0.227272727272727,"O5","de-protonated",0,NA,"C22 H40 O5",22,40,5,NA,NA,NA,NA,NA,NA,NA,NA
2159,384.10717,384.106555554063,384.106373498291,3560021,NA,275045.8,18.61,-1,0.473972274702196,0.960057216223256,0,0.576034329733954,16,0.791666666666667,0.0833333333333333,"N1 S1 O2","de-protonated",0,NA,"C24 H19 O2 S1 N1",24,19,2,1,NA,1,NA,NA,NA,NA,NA
2160,384.124922,384.124307511779,384.124131563021,1590363.9,NA,340297.6,7.14,-1,0.458051822452584,0.962645537963795,0,0.577587322778277,16,0.791666666666667,0.166666666666667,"N1 O4","de-protonated",0,NA,"C24 H19 O4 N1",24,19,4,1,NA,NA,NA,NA,NA,NA,NA
2165,384.146811,384.146196459642,384.146130311046,6838884.5,NA,274512.2,37.69,-1,0.172196439732961,0.497317100611039,0.806643077274283,0.621047491276336,10,1.22727272727273,0.0454545454545455,"N1 S2 O1","de-protonated",0,NA,"C22 H27 O1 S2 N1",22,27,1,1,NA,2,NA,NA,NA,NA,NA
2166,384.151858,384.15124344762,384.151134157935,2244198.3,NA,261757,10.95,-1,0.284496584232727,0.985421166123112,0,0.591252699673867,2,1.92857142857143,0.785714285714286,"N1 O11","de-protonated",0,NA,"C14 H27 O11 N1",14,27,11,1,NA,NA,NA,NA,NA,NA,NA
2175,384.984729,384.984112463796,384.984223733854,2178983.3,NA,299395.9,10.57,-1,-0.289024981054787,0.984956899333491,0,0.590974139600095,19,0.35,0.15,"N2 S1 P1 O3","de-protonated",0,NA,"C20 H7 O3 S1 N2 P1",20,7,3,2,1,1,NA,NA,NA,NA,NA
2176,385.057079,385.056462291465,385.056505495252,1831875,NA,276949.9,8.55,-1,-0.112201162158879,0.99771833117242,0,0.598630998703452,13,0.736842105263158,0.473684210526316,"O9","de-protonated",0,NA,"C19 H14 O9",19,14,9,NA,NA,NA,NA,NA,NA,NA,NA
2178,385.078262,385.077645241009,385.077634863352,8305611,NA,274651.3,46.23,-1,0.0269495193979707,0.98083988479404,0.981323999830407,0.981033530808587,8,1.125,0.6875,"O11","de-protonated",0,NA,"C16 H18 O11",16,18,11,NA,NA,NA,NA,NA,NA,NA,NA
2180,385.093423,385.092806204897,385.092891004637,2255313,NA,317431.8,11.01,-1,-0.220205934438133,0.99124002871541,0,0.594744017229246,12,0.9,0.4,"O8","de-protonated",0,NA,"C20 H18 O8",20,18,8,NA,NA,NA,NA,NA,NA,NA,NA
2181,385.106418,385.105801173944,385.105778164259,13667286,NA,265151.8,77.44,-1,0.0597490003250024,0.98475279971707,0.951959071638524,0.971635308485651,7,1.35294117647059,0.470588235294118,"P1 O8","de-protonated",0,NA,"C17 H23 O8 P1",17,23,8,NA,1,NA,NA,NA,NA,NA,NA
2182,385.114447,385.113830154819,385.114020372736,15915993,NA,263235.8,90.53,-1,-0.493926230764333,0.975423369373978,0.999411325960838,0.985018552008722,7,1.29411764705882,0.588235294117647,"O10","de-protonated",0,NA,"C17 H22 O10",17,22,10,NA,NA,NA,NA,NA,NA,NA,NA
2184,385.127563,385.126946123578,385.126774590576,3502046.3,NA,296640.6,18.27,-1,0.445393603666476,0.964645148520029,0,0.578787089112017,15,0.88,0.08,"S1 O2","de-protonated",0,NA,"C25 H22 O2 S1",25,22,2,NA,NA,1,NA,NA,NA,NA,NA
2185,385.129745,385.129128118381,385.129276514021,2752479,NA,277006.8,13.91,-1,-0.385313838579316,0.973420523452167,0,0.5840523140713,11,1.04761904761905,0.333333333333333,"O7","de-protonated",0,NA,"C21 H22 O7",21,22,7,NA,NA,NA,NA,NA,NA,NA,NA
2186,385.140504,385.139887092754,385.139858454691,12657635,NA,253622.3,71.56,-1,0.0743575685870902,0.990438223710742,0.928406931901778,0.965625706987156,2,2.16666666666667,0.666666666666667,"N4 S1 O8","de-protonated",0,NA,"C12 H26 O8 S1 N4",12,26,8,4,NA,1,NA,NA,NA,NA,NA
2187,385.142889,385.142272087073,385.142163673643,11795428,NA,265878,66.54,-1,0.281489383793858,0.990468060203581,0.90149486158521,0.954878780756232,6,1.5,0.388888888888889,"P1 O7","de-protonated",0,NA,"C18 H27 O7 P1",18,27,7,NA,1,NA,NA,NA,NA,NA,NA
2189,385.150994,385.150377067768,385.15040588212,10228711,NA,282162.9,57.42,-1,-0.074813247146968,0.982206933372012,0.998861853083647,0.988868901256666,6,1.44444444444444,0.5,"O9","de-protonated",0,NA,"C18 H26 O9",18,26,9,NA,NA,NA,NA,NA,NA,NA,NA
2191,385.164023,385.163406036734,385.163293041742,5889004.5,NA,279855.6,32.16,-1,0.293369055731594,0.98450485026637,0,0.590702910159822,1,2.06666666666667,0.6,"P1 O9","de-protonated",0,NA,"C15 H31 O9 P1",15,31,9,NA,1,NA,NA,NA,NA,NA,NA
2192,385.179199,385.178582000586,385.178549183027,9364466,NA,260690.6,52.39,-1,0.0852008995055658,0.996570248383651,0.85661463241785,0.94058800199733,5,1.63157894736842,0.315789473684211,"P1 O6","de-protonated",0,NA,"C19 H31 O6 P1",19,31,6,NA,1,NA,NA,NA,NA,NA,NA
2194,385.187236,385.186618981443,385.186791391505,10337269,NA,268750.5,58.05,-1,-0.447601179152602,0.974626309616673,0.998229606792218,0.984067628486891,5,1.57894736842105,0.421052631578947,"O8","de-protonated",0,NA,"C19 H30 O8",19,30,8,NA,NA,NA,NA,NA,NA,NA,NA
2195,385.200301,385.199683950323,385.199678551127,3694586.3,NA,289581.6,19.39,-1,0.0140166170141284,0.999964352218987,0,0.599978611331392,0,2.1875,0.5,"P1 O8","de-protonated",0,NA,"C16 H35 O8 P1",16,35,8,NA,1,NA,NA,NA,NA,NA,NA
2196,385.22373,385.223112894517,385.223176900889,10132483,NA,271677.1,56.86,-1,-0.166154000061019,0.497501622055721,0.821075868479145,0.626931320625091,4,1.7,0.35,"O7","de-protonated",0,NA,"C20 H34 O7",20,34,7,NA,NA,NA,NA,NA,NA,NA,NA
2197,385.260094,385.259476807901,385.259562410273,7271441.5,NA,273320.1,40.21,-1,-0.22219402236273,0.989948285738302,0.995445327210898,0.99214710232734,3,1.80952380952381,0.285714285714286,"O6","de-protonated",0,NA,"C21 H38 O6",21,38,6,NA,NA,NA,NA,NA,NA,NA,NA
2199,386.073486,386.072866870475,386.072883835545,2207051.3,NA,288530.4,10.73,-1,-0.0439426617129711,0.999649691667256,0,0.599789815000354,8,1.13333333333333,0.733333333333333,"N1 O11","de-protonated",0,NA,"C15 H17 O11 N1",15,17,11,1,NA,NA,NA,NA,NA,NA,NA
2204,386.14371,386.143090703207,386.143152930869,2915686.3,NA,246490,14.85,-1,-0.16115179309889,0.99529888070163,0,0.597179328420978,10,1.19047619047619,0.19047619047619,"N1 S1 O4","de-protonated",0,NA,"C21 H25 O4 S1 N1",21,25,4,1,NA,1,NA,NA,NA,NA,NA
2207,386.167233,386.166613647178,386.166784222413,1579887.4,NA,323141.7,7.08,-1,-0.441713896655026,0.965216679172158,0,0.579130007503295,1,2.07142857142857,0.785714285714286,"N1 O11","de-protonated",0,NA,"C14 H29 O11 N1",14,29,11,1,NA,NA,NA,NA,NA,NA,NA
2212,386.283665,386.283045369847,386.282954683373,5432732.5,NA,269931.4,29.5,-1,0.234766957439627,0.495024600315856,0.813795485951173,0.622532954569983,2,2,0.142857142857143,"N1 P1 O3","de-protonated",0,NA,"C21 H42 O3 N1 P1",21,42,3,1,1,NA,NA,NA,NA,NA,NA
2215,387.03627,387.035648577209,387.035770050346,2769599.3,NA,305864.8,14,-1,-0.313855064501434,0.982285182294676,0,0.589371109376806,13,0.666666666666667,0.555555555555556,"O10","de-protonated",0,NA,"C18 H12 O10",18,12,10,NA,NA,NA,NA,NA,NA,NA,NA
2216,387.057514,387.056892526608,387.056899418445,1579719.4,NA,288623.3,7.07,-1,-0.0178057469028584,0.999942474324362,0,0.599965484594617,8,1.06666666666667,0.8,"O12","de-protonated",0,NA,"C15 H16 O12",15,16,12,NA,NA,NA,NA,NA,NA,NA,NA
2217,387.072704,387.072082490427,387.07215555973,3483341.3,NA,279449.4,18.16,-1,-0.188774372734584,0.993554797469946,0,0.596132878481968,12,0.842105263157895,0.473684210526316,"O9","de-protonated",0,NA,"C19 H16 O9",19,16,9,NA,NA,NA,NA,NA,NA,NA,NA
2218,387.085722,387.085100459419,387.084909777571,11726546,NA,266818,66.14,-1,0.492609873641403,0.478462073218871,0.772687513667176,0.596152249398193,20,0.592592592592593,0.037037037037037,"S1 O1","de-protonated",0,NA,"C27 H16 O1 S1",27,16,1,NA,NA,1,NA,NA,NA,NA,NA
2219,387.093712,387.093090440388,387.093122736578,5698261.5,NA,268841.7,31.05,-1,-0.0834326105924497,0.998737732932106,0,0.599242639759264,2,2.27272727272727,0.454545454545455,"N4 S2 P1 O5","de-protonated",0,NA,"C11 H25 O5 S2 N4 P1",11,25,5,4,1,2,NA,NA,NA,NA,NA
2220,387.103456,387.102834417178,387.1026678423,5014233,NA,270702,27.07,-1,0.430311884089439,0.483479807312938,0.772687513667176,0.599162889854633,20,0.592592592592593,0.111111111111111,"O3","de-protonated",0,NA,"C27 H16 O3",27,16,3,NA,NA,NA,NA,NA,NA,NA,NA
2221,387.108991,387.108369403995,387.108541069115,6520539.5,NA,264327.6,35.83,-1,-0.443454746726356,0.961172610879659,0.937861032232909,0.951847979420959,11,1,0.4,"O8","de-protonated",0,NA,"C20 H20 O8",20,20,8,NA,NA,NA,NA,NA,NA,NA,NA
2222,387.122133,387.121511372691,387.121428228737,16371424,NA,266849.6,93.17,-1,0.214774871224468,0.989974054370118,0.906918648513321,0.956751892027399,6,1.47058823529412,0.470588235294118,"P1 O8","de-protonated",0,NA,"C17 H25 O8 P1",17,25,8,NA,1,NA,NA,NA,NA,NA,NA
2223,387.130205,387.129583353465,387.129670437214,7372515.5,NA,256256.4,40.79,-1,-0.224947235881482,0.495430244800049,0.843720152817574,0.634746208007059,6,1.41176470588235,0.588235294117647,"O10","de-protonated",0,NA,"C17 H24 O10",17,24,10,NA,NA,NA,NA,NA,NA,NA,NA
2225,387.145455,387.144833317141,387.144926578499,3982057.5,NA,254696.6,21.06,-1,-0.240895209775862,0.989525683368592,0,0.593715410021155,10,1.14285714285714,0.333333333333333,"O7","de-protonated",0,NA,"C21 H24 O7",21,24,7,NA,NA,NA,NA,NA,NA,NA,NA
2226,387.158524,387.157902286011,387.157813738121,10524399,NA,275611.6,59.14,-1,0.228712652529272,0.992307768949023,0.81265476993469,0.92044656934329,5,1.61111111111111,0.388888888888889,"P1 O7","de-protonated",0,NA,"C18 H29 O7 P1",18,29,7,NA,1,NA,NA,NA,NA,NA,NA
2227,387.160984,387.160362280152,387.160182719784,1888495.5,NA,291695.3,8.87,-1,0.463788313126727,0.961722299703945,0,0.577033379822367,14,0.96,0.16,"O4","de-protonated",0,NA,"C25 H24 O4",25,24,4,NA,NA,NA,NA,NA,NA,NA,NA
2228,387.166524,387.165902266956,387.166055946598,11355890,NA,262375.6,63.98,-1,-0.396934699852234,0.985736081508691,0.989472294244966,0.987230566603201,5,1.55555555555556,0.5,"O9","de-protonated",0,NA,"C18 H28 O9",18,28,9,NA,NA,NA,NA,NA,NA,NA,NA
2229,387.176246,387.175624243799,387.175438861069,3475189.5,NA,270508.9,18.11,-1,0.478808085099231,0.479627463019325,0.759892473118277,0.591733467058906,18,0.827586206896552,0.0344827586206897,"O1","de-protonated",0,NA,"C29 H24 O1",29,24,1,NA,NA,NA,NA,NA,NA,NA,NA
2230,387.179608,387.178986235791,387.178810164439,2432246.8,NA,286283.1,12.04,-1,0.454754619473525,0.963171389565954,0,0.577902833739573,13,1.07692307692308,0.0384615384615385,"S1 O1","de-protonated",0,NA,"C26 H28 O1 S1",26,28,1,NA,NA,1,NA,NA,NA,NA,NA
2231,387.194884,387.194262199405,387.194199247505,7171836.5,NA,277595.3,39.62,-1,0.162584821997401,0.98960940770183,0.80118297641548,0.91423883518729,4,1.73684210526316,0.315789473684211,"P1 O6","de-protonated",0,NA,"C19 H33 O6 P1",19,33,6,NA,1,NA,NA,NA,NA,NA,NA
2232,387.202938,387.202316180221,387.202441455983,12066560,NA,270847.6,68.12,-1,-0.323540731946535,0.970938784912859,0.990018123990748,0.978570520544014,4,1.68421052631579,0.421052631578947,"O8","de-protonated",0,NA,"C19 H32 O8",19,32,8,NA,NA,NA,NA,NA,NA,NA,NA
2233,387.210324,387.209702162628,387.209652093282,1620226.6,NA,258194,7.31,-1,0.129308104543503,0.996970669363693,0,0.598182401618216,0,2.46153846153846,0.692307692307692,"N4 O9","de-protonated",0,NA,"C13 H32 O9 N4",13,32,9,4,NA,NA,NA,NA,NA,NA,NA
2234,387.23933,387.238708093539,387.238826965367,8881934,NA,265518.1,49.58,-1,-0.306972906420357,0.491523504066215,0.821075868479145,0.623344449831387,3,1.8,0.35,"O7","de-protonated",0,NA,"C20 H36 O7",20,36,7,NA,NA,NA,NA,NA,NA,NA,NA
2235,387.275699,387.275077006911,387.275212474751,2874139.8,NA,295622.9,14.61,-1,-0.349797342533112,0.978042913404291,0,0.586825748042574,2,1.9047619047619,0.285714285714286,"O6","de-protonated",0,NA,"C21 H40 O6",21,40,6,NA,NA,NA,NA,NA,NA,NA,NA
2237,388.104409,388.103785032998,388.103790041308,1822812.8,NA,290024.8,8.49,-1,-0.0129045621314316,0.999969784219787,0,0.599981870531872,11,1,0.421052631578947,"N1 O8","de-protonated",0,NA,"C19 H19 O8 N1",19,19,8,1,NA,NA,NA,NA,NA,NA,NA
2242,388.180552,388.179927851632,388.179932363446,4393082,NA,292957.5,23.45,-1,-0.0116229961775637,0.99997548766432,0,0.599985292598592,4,1.72222222222222,0.333333333333333,"N1 S1 O6","de-protonated",0,NA,"C18 H31 O6 S1 N1",18,31,6,1,NA,1,NA,NA,NA,NA,NA
2247,388.299278,388.298653568838,388.298604747851,13353128,NA,265613.9,75.6,-1,0.125730522837685,0.990902639800237,0.991639729144805,0.991197475538064,1,2.0952380952381,0.142857142857143,"N1 P1 O3","de-protonated",0,NA,"C21 H44 O3 N1 P1",21,44,3,1,1,NA,NA,NA,NA,NA,NA
2255,389.051937,389.051310776071,389.051420114824,4171212,NA,264132.6,22.15,-1,-0.281039335451907,0.985770824212434,0,0.591462494527461,12,0.777777777777778,0.555555555555556,"O10","de-protonated",0,NA,"C18 H14 O10",18,14,10,NA,NA,NA,NA,NA,NA,NA,NA
2256,389.065003,389.064376744949,389.064307274446,3400145,NA,305857.4,17.67,-1,0.178557894100458,0.994231587320794,0,0.596538952392476,7,1.26666666666667,0.666666666666667,"P1 O10","de-protonated",0,NA,"C15 H19 O10 P1",15,19,10,NA,1,NA,NA,NA,NA,NA,NA
2257,389.073008,389.072381725882,389.072549482923,1764820.3,NA,292678.8,8.15,-1,-0.431171619329199,0.966829674083183,0,0.58009780444991,7,1.2,0.8,"O12","de-protonated",0,NA,"C15 H18 O12",15,18,12,NA,NA,NA,NA,NA,NA,NA,NA
2258,389.076355,389.07572871791,389.075540663738,1624533.5,NA,300747.7,7.33,-1,0.483335887079739,0.958496970520074,0,0.575098182312044,7,1.35714285714286,0.642857142857143,"N2 P1 O9","de-protonated",0,NA,"C14 H19 O9 N2 P1",14,19,9,2,1,NA,NA,NA,NA,NA,NA
2260,389.088418,389.087791689177,389.087805624208,7973338,NA,271281.8,44.29,-1,-0.0358146187130904,0.999780399910102,0.988276438055862,0.995178815168406,11,0.947368421052632,0.473684210526316,"O9","de-protonated",0,NA,"C19 H18 O9",19,18,9,NA,NA,NA,NA,NA,NA,NA,NA
2261,389.10142,389.100793658207,389.10069278383,16527839,NA,263154.9,94.08,-1,0.259250057806393,0.993606070812676,0.933978423998716,0.969755012087092,6,1.4375,0.5625,"P1 O9","de-protonated",0,NA,"C16 H23 O9 P1",16,23,9,NA,1,NA,NA,NA,NA,NA,NA
2262,389.109394,389.108767639214,389.108934992308,2548706.3,NA,258263.7,12.71,-1,-0.430093165750823,0.966992633155395,0,0.580195579893237,6,1.375,0.6875,"O11","de-protonated",0,NA,"C16 H22 O11",16,22,11,NA,NA,NA,NA,NA,NA,NA,NA
2263,389.119132,389.118505616019,389.118317906778,6150630,NA,261533.2,33.68,-1,0.482396310313321,0.479327396580276,0.772687513667176,0.596671443415036,19,0.666666666666667,0.111111111111111,"O3","de-protonated",0,NA,"C27 H18 O3",27,18,3,NA,NA,NA,NA,NA,NA,NA,NA
2264,389.124651,389.124024602873,389.124191133593,12390888,NA,262509,70,-1,-0.427962905432592,0.983629495438402,0.95938181352736,0.973930422673985,10,1.1,0.4,"O8","de-protonated",0,NA,"C20 H22 O8",20,22,8,NA,NA,NA,NA,NA,NA,NA,NA
2265,389.137761,389.137134571646,389.137078293215,17555950,NA,262234.5,100.06,-1,0.144623668393791,0.992291900085711,0.831223737217775,0.927864634938537,5,1.58823529411765,0.470588235294118,"P1 O8","de-protonated",0,NA,"C17 H27 O8 P1",17,27,8,NA,1,NA,NA,NA,NA,NA,NA
2266,389.145837,389.14521055241,389.145320501692,5721584.5,NA,284281.7,31.18,-1,-0.282540419036812,0.985619518015432,0,0.591371710809259,5,1.52941176470588,0.588235294117647,"O10","de-protonated",0,NA,"C17 H26 O10",17,26,10,NA,NA,NA,NA,NA,NA,NA,NA
2268,389.161185,389.160558515852,389.160576642977,5936630.5,NA,274983.5,32.43,-1,-0.046580063587979,0.499803193924622,0.813795485951173,0.625400110735243,9,1.23809523809524,0.333333333333333,"O7","de-protonated",0,NA,"C21 H26 O7",21,26,7,NA,NA,NA,NA,NA,NA,NA,NA
2269,389.174203,389.173576484845,389.173463802599,13316604,NA,262785.4,75.39,-1,0.289542469712369,0.992092873745044,0.808474351150596,0.918645464707264,4,1.72222222222222,0.388888888888889,"P1 O7","de-protonated",0,NA,"C18 H31 O7 P1",18,31,7,NA,1,NA,NA,NA,NA,NA,NA
2270,389.182196,389.181569465806,389.181706011076,8495615,NA,260194.9,47.33,-1,-0.350852231857397,0.975765987409241,0.995746521196987,0.983758200924339,4,1.66666666666667,0.5,"O9","de-protonated",0,NA,"C18 H30 O9",18,30,9,NA,NA,NA,NA,NA,NA,NA,NA
2272,389.210485,389.209858398424,389.209849311983,9456138,NA,262492.1,52.92,-1,0.0233458663883341,0.996797432345009,0.787335150217982,0.913012519494198,3,1.84210526315789,0.315789473684211,"P1 O6","de-protonated",0,NA,"C19 H35 O6 P1",19,35,6,NA,1,NA,NA,NA,NA,NA,NA
2273,389.218613,389.217986379064,389.218091520461,5811725,NA,258260.9,31.7,-1,-0.270134916077595,0.993282553093882,0.945121731343779,0.974018224393841,3,1.78947368421053,0.421052631578947,"O8","de-protonated",0,NA,"C19 H34 O8",19,34,8,NA,NA,NA,NA,NA,NA,NA,NA
2274,389.246958,389.246331311549,389.246234821368,8702488,NA,267647.7,48.53,-1,0.247889825851321,0.993856439330048,0.973443950332654,0.98569144373109,2,1.95,0.25,"P1 O5","de-protonated",0,NA,"C20 H39 O5 P1",20,39,5,NA,1,NA,NA,NA,NA,NA,NA
2276,389.283131,389.282504225388,389.282620330752,2257957.8,NA,317312.3,11.02,-1,-0.298254680887994,0.983988643682176,0,0.590393186209306,1,2.04761904761905,0.19047619047619,"P1 O4","de-protonated",0,NA,"C21 H43 O4 P1",21,43,4,NA,1,NA,NA,NA,NA,NA,NA
2279,390.083597,390.08296831875,390.083054596401,2462556.8,NA,303008,12.21,-1,-0.221177645236509,0.991162890610977,0,0.594697734366586,11,0.944444444444444,0.5,"N1 O9","de-protonated",0,NA,"C18 H17 O9 N1",18,17,9,1,NA,NA,NA,NA,NA,NA,NA
2287,390.196106,390.195477050763,390.195582427924,2674568.5,NA,313875.3,13.44,-1,-0.270062413448878,0.986853455392643,0,0.592112073235586,3,1.83333333333333,0.333333333333333,"N1 S1 O6","de-protonated",0,NA,"C18 H33 O6 S1 N1",18,33,6,1,NA,1,NA,NA,NA,NA,NA
2290,390.242279,390.241649940784,390.24148379356,3687322.5,NA,249394.8,19.34,-1,0.425754897850107,0.967644316068401,0,0.580586589641041,2,2,0.263157894736842,"N1 P1 O5","de-protonated",0,NA,"C19 H38 O5 N1 P1",19,38,5,1,1,NA,NA,NA,NA,NA,NA
2297,391.031353,391.03072206128,391.030684669918,2187469.5,NA,291562.6,10.6,-1,0.0956225786813055,0.998342267279135,0,0.599005360367481,12,0.705882352941177,0.647058823529412,"O11","de-protonated",0,NA,"C17 H12 O11",17,12,11,NA,NA,NA,NA,NA,NA,NA,NA
2298,391.067638,391.067006974852,391.067070179302,7967963.5,NA,267198.9,44.25,-1,-0.161620485099294,0.992177787984589,0.990473934549388,0.991496246610509,11,0.888888888888889,0.555555555555556,"O10","de-protonated",0,NA,"C18 H16 O10",18,16,10,NA,NA,NA,NA,NA,NA,NA,NA
2299,391.08063,391.079998943907,391.079824397142,6765792.5,NA,256354.6,37.25,-1,0.446320043513598,0.482250280384485,0.779247987650237,0.601049363290786,19,0.615384615384615,0.0769230769230769,"S1 O2","de-protonated",0,NA,"C26 H16 O2 S1",26,16,2,NA,NA,1,NA,NA,NA,NA,NA
2300,391.098375,391.09774390164,391.097582461872,6164711.5,NA,257089,33.75,-1,0.412786411968616,0.484777770618966,0.779247987650237,0.602565857431475,19,0.615384615384615,0.153846153846154,"O4","de-protonated",0,NA,"C26 H16 O4",26,16,4,NA,NA,NA,NA,NA,NA,NA,NA
2301,391.103973,391.103341888306,391.103455688686,23000298,NA,260514.9,131.75,-1,-0.290972577655731,0.992186912913849,0.991969001954924,0.992099748530279,10,1.05263157894737,0.473684210526316,"O9","de-protonated",0,NA,"C19 H20 O9",19,20,9,NA,NA,NA,NA,NA,NA,NA,NA
2302,391.117121,391.116489856988,391.116342848308,19555566,NA,259050.5,111.7,-1,0.375869438242023,0.977950456221802,0.904153711942493,0.948431758510079,5,1.5625,0.5625,"P1 O9","de-protonated",0,NA,"C16 H25 O9 P1",16,25,9,NA,1,NA,NA,NA,NA,NA,NA
2304,391.140449,391.139817801423,391.139841198071,22357240,NA,262926.9,128.01,-1,-0.0598165796463093,0.995760438775696,0.985733099713568,0.991749503150845,9,1.2,0.4,"O8","de-protonated",0,NA,"C20 H24 O8",20,24,8,NA,NA,NA,NA,NA,NA,NA,NA
2305,391.153403,391.152771770568,391.152728357693,33174782,NA,259780.3,190.97,-1,0.11098701916022,0.99876495545909,0.890297527710255,0.955377984359556,4,1.70588235294118,0.470588235294118,"P1 O8","de-protonated",0,NA,"C17 H29 O8 P1",17,29,8,NA,1,NA,NA,NA,NA,NA,NA
2308,391.176743,391.176111714974,391.176226707455,5343494,NA,279372.5,28.97,-1,-0.293965923673743,0.492221114489188,0.813795485951173,0.620850863073982,8,1.33333333333333,0.333333333333333,"O7","de-protonated",0,NA,"C21 H28 O7",21,28,7,NA,NA,NA,NA,NA,NA,NA,NA
2310,391.189845,391.189213683766,391.189113867077,25384204,NA,255266.5,145.62,-1,0.255162237001811,0.993059052201645,0.916183126845766,0.962308682059293,3,1.83333333333333,0.388888888888889,"P1 O7","de-protonated",0,NA,"C18 H33 O7 P1",18,33,7,NA,1,NA,NA,NA,NA,NA,NA
2311,391.198006,391.197374664328,391.197356075554,2958606.5,NA,242528.6,15.09,-1,0.0475176352758245,0.999590386269424,0,0.599754231761654,3,1.77777777777778,0.5,"O9","de-protonated",0,NA,"C18 H32 O9",18,32,9,NA,NA,NA,NA,NA,NA,NA,NA
2312,391.201038,391.200406657106,391.200347256369,3823375.5,NA,235820.5,20.13,-1,0.151842238435913,0.995825245842183,0,0.59749514750531,3,1.94117647058824,0.352941176470588,"N2 P1 O6","de-protonated",0,NA,"C17 H33 O6 N2 P1",17,33,6,2,1,NA,NA,NA,NA,NA,NA
2314,391.226219,391.225587597127,391.225499376461,25064730,NA,262278.1,143.76,-1,0.225498250171684,0.991924075408802,0.936404884875439,0.969716399195457,2,1.94736842105263,0.315789473684211,"P1 O6","de-protonated",0,NA,"C19 H37 O6 P1",19,37,6,NA,1,NA,NA,NA,NA,NA,NA
2316,391.262548,391.261916510594,391.261884885846,9721128,NA,257749.7,54.45,-1,0.0808275735341458,0.999021380473312,0.95610958645913,0.981856662867639,1,2.05,0.25,"P1 O5","de-protonated",0,NA,"C20 H41 O5 P1",20,41,5,NA,1,NA,NA,NA,NA,NA,NA
2317,392.06295,392.062316604109,392.062319151495,2506335.8,NA,266597.9,12.46,-1,-0.00649740182966203,0.999992339949767,0,0.59999540396986,11,0.882352941176471,0.588235294117647,"N1 O10","de-protonated",0,NA,"C17 H15 O10 N1",17,15,10,1,NA,NA,NA,NA,NA,NA,NA
2319,392.09929,392.09865651755,392.098704660879,3872365.8,NA,278329.6,20.41,-1,-0.122783699087698,0.997268247270202,0,0.598360948362121,10,1.05555555555556,0.5,"N1 O9","de-protonated",0,NA,"C18 H19 O9 N1",18,19,9,1,NA,NA,NA,NA,NA,NA,NA
2322,392.135764,392.135130430672,392.135090170264,2953852,NA,262122.7,15.06,-1,0.102669741825205,0.998089163604972,0,0.598853498162983,9,1.21052631578947,0.421052631578947,"N1 O8","de-protonated",0,NA,"C19 H23 O8 N1",19,23,8,1,NA,NA,NA,NA,NA,NA,NA
2324,392.14868,392.148046399907,392.147977329886,1591169.1,NA,275861.4,7.13,-1,0.176132546280952,0.994386789849661,0,0.596632073909796,4,1.75,0.5,"N1 P1 O8","de-protonated",0,NA,"C16 H28 O8 N1 P1",16,28,8,1,1,NA,NA,NA,NA,NA,NA
2326,392.185021,392.184387313346,392.18436283927,2259087.3,NA,257960.4,11.02,-1,0.0624045187904619,0.99929362962949,0,0.599576177777694,3,1.88235294117647,0.411764705882353,"N1 P1 O7","de-protonated",0,NA,"C17 H32 O7 N1 P1",17,32,7,1,1,NA,NA,NA,NA,NA,NA
2328,392.211892,392.211258249342,392.211232492402,6256282,NA,281475.8,34.28,-1,0.0656710916773314,0.499608886874769,0.836034543948893,0.634179149704418,2,1.94444444444444,0.333333333333333,"N1 S1 O6","de-protonated",0,NA,"C18 H35 O6 S1 N1",18,35,6,1,NA,1,NA,NA,NA,NA,NA
2329,392.221359,392.220725226792,392.220748348654,15804061,NA,260562.8,89.86,-1,-0.0589511437456697,0.499684810760235,0.836034543948893,0.634224704035698,2,2,0.333333333333333,"N1 P1 O6","de-protonated",0,NA,"C18 H36 O6 N1 P1",18,36,6,1,1,NA,NA,NA,NA,NA,NA
2331,392.257758,392.257124140093,392.257133858038,1789611.6,NA,280861,8.28,-1,-0.0247744253745861,0.999888638050411,0,0.599933182830247,1,2.10526315789474,0.263157894736842,"N1 P1 O5","de-protonated",0,NA,"C19 H40 O5 N1 P1",19,40,5,1,1,NA,NA,NA,NA,NA,NA
2334,393.046986,393.046350260223,393.046334734396,5204960,NA,269581.7,28.16,-1,0.0395012647736597,0.999716916632722,0,0.599830149979633,11,0.823529411764706,0.647058823529412,"O11","de-protonated",0,NA,"C17 H14 O11",17,14,11,NA,NA,NA,NA,NA,NA,NA,NA
2335,393.083207,393.082571173948,393.08272024378,22652910,NA,256544.9,129.72,-1,-0.379232727577891,0.978176972971216,0.990113253322328,0.982951485111661,10,1,0.555555555555556,"O10","de-protonated",0,NA,"C18 H18 O10",18,18,10,NA,NA,NA,NA,NA,NA,NA,NA
2336,393.096225,393.09558914294,393.09547446162,7770099,NA,249189.9,43.09,-1,0.291739099553254,0.492337615669022,0.779247987650237,0.607101764461508,18,0.692307692307692,0.0769230769230769,"S1 O2","de-protonated",0,NA,"C26 H18 O2 S1",26,18,2,NA,NA,1,NA,NA,NA,NA,NA
2339,393.119735,393.119099086941,393.119105753164,44906492,NA,261102.7,259.25,-1,-0.0169572601090851,0.999944398411235,0.991968508790696,0.996754042563019,9,1.15789473684211,0.473684210526316,"O9","de-protonated",0,NA,"C19 H22 O9",19,22,9,NA,NA,NA,NA,NA,NA,NA,NA
2340,393.13282,393.132184055774,393.131992912786,29628418,NA,259350.3,170.32,-1,0.486205628693459,0.971744512221036,0.968381479860901,0.970399299276982,4,1.6875,0.5625,"P1 O9","de-protonated",0,NA,"C16 H27 O9 P1",16,27,9,NA,1,NA,NA,NA,NA,NA,NA
2343,393.15603,393.15539400049,393.155491262549,23664650,NA,261559.5,135.61,-1,-0.24738827452281,0.992992032253111,0.996213696419536,0.994280697919681,8,1.3,0.4,"O8","de-protonated",0,NA,"C20 H26 O8",20,26,8,NA,NA,NA,NA,NA,NA,NA,NA
2345,393.169027,393.168390969532,393.168378422171,51582992,NA,260814.7,298.12,-1,0.0319134558277949,0.999845394912223,0.97331811428744,0.98923448266231,3,1.82352941176471,0.470588235294118,"P1 O8","de-protonated",0,NA,"C17 H31 O8 P1",17,31,8,NA,1,NA,NA,NA,NA,NA,NA
2347,393.19243,393.191793913788,393.191876771933,3298328.8,NA,287803,17.06,-1,-0.21073208608514,0.991974601394202,0,0.595184760836521,7,1.42857142857143,0.333333333333333,"O7","de-protonated",0,NA,"C21 H30 O7",21,30,7,NA,NA,NA,NA,NA,NA,NA,NA
2348,393.205571,393.204934882488,393.204763931555,32479262,NA,263708.7,186.92,-1,0.43476312745615,0.973113896403497,0.984306517313425,0.977590944767468,2,1.94444444444444,0.388888888888889,"P1 O7","de-protonated",0,NA,"C18 H35 O7 P1",18,35,7,NA,1,NA,NA,NA,NA,NA,NA
2349,393.216767,393.21613085582,393.215997320847,10096674,NA,250128.6,56.64,-1,0.339596999104609,0.489645825730597,0.843720152817574,0.631275556565388,2,2.05882352941176,0.352941176470588,"N2 P1 O6","de-protonated",0,NA,"C17 H35 O6 N2 P1",17,35,6,2,1,NA,NA,NA,NA,NA,NA
2351,393.241799,393.241162796196,393.241149440939,15022124,NA,261244.6,85.31,-1,0.0339620020572272,0.994858323724122,0.997416529835009,0.995881606168477,1,2.05263157894737,0.315789473684211,"P1 O6","de-protonated",0,NA,"C19 H39 O6 P1",19,39,6,NA,1,NA,NA,NA,NA,NA,NA
2353,393.278279,393.277642709304,393.277534950324,85891128,NA,261397,497.81,-1,0.274002379383428,0.661549030140562,0.974356412039112,0.786671982899982,0,2.15,0.25,"P1 O5","de-protonated",0,NA,"C20 H43 O5 P1",20,43,5,NA,1,NA,NA,NA,NA,NA,NA
2354,394.078606,394.077967802997,394.077969215973,3309939.5,NA,287577.4,17.13,-1,-0.00358552472720945,0.999997667300665,0,0.599998600380399,10,1,0.588235294117647,"N1 O10","de-protonated",0,NA,"C17 H17 O10 N1",17,17,10,1,NA,NA,NA,NA,NA,NA,NA
2356,394.091541,394.090902772187,394.090723433813,3709304.8,NA,258489.2,19.45,-1,0.455068751016457,0.963121441948514,0,0.577872865169108,18,0.68,0.08,"N1 S1 O2","de-protonated",0,NA,"C25 H17 O2 S1 N1",25,17,2,1,NA,1,NA,NA,NA,NA,NA
2358,394.115052,394.114413716186,394.114354725357,4894082,NA,274060,26.35,-1,0.14967947152558,0.995943085360531,0,0.597565851216319,9,1.16666666666667,0.5,"N1 O9","de-protonated",0,NA,"C18 H21 O9 N1",18,21,9,1,NA,NA,NA,NA,NA,NA,NA
2360,394.128048,394.12740968523,394.127241884979,2691463,NA,291523.4,13.53,-1,0.425751465957094,0.96764482915578,0,0.580586897493468,4,1.73333333333333,0.6,"N1 P1 O9","de-protonated",0,NA,"C15 H26 O9 N1 P1",15,26,9,1,1,NA,NA,NA,NA,NA,NA
2362,394.151426,394.150787629546,394.150740234742,2457488.3,NA,276668.5,12.17,-1,0.120245377181639,0.997379880903527,0,0.598427928542116,8,1.31578947368421,0.421052631578947,"N1 O8","de-protonated",0,NA,"C19 H25 O8 N1",19,25,8,1,NA,NA,NA,NA,NA,NA,NA
2365,394.164353,394.163714598755,394.163627394364,3133333.3,NA,248005,16.1,-1,0.221239062451793,0.991158003868737,0,0.594694802321242,3,1.875,0.5,"N1 P1 O8","de-protonated",0,NA,"C16 H30 O8 N1 P1",16,30,8,1,1,NA,NA,NA,NA,NA,NA
2368,394.200722,394.200083512127,394.200012903748,5966243.5,NA,282021,32.59,-1,0.179118156026853,0.497097718404066,0.843720152817574,0.635746692169469,2,2,0.411764705882353,"N1 P1 O7","de-protonated",0,NA,"C17 H34 O7 N1 P1",17,34,7,1,1,NA,NA,NA,NA,NA,NA
2370,394.220298,394.219659465499,394.219488501518,2077867.1,NA,182337.9,9.96,-1,0.433677142966035,0.966449609766493,0,0.579869765859896,2,2.0625,0.5,"N3 O8","de-protonated",0,NA,"C16 H33 O8 N3",16,33,8,3,NA,NA,NA,NA,NA,NA,NA
2371,394.227569,394.22693044818,394.22688255688,6621614,NA,286295.1,36.41,-1,0.121481568474731,0.498662901901191,0.836034543948893,0.633611558720272,1,2.05555555555556,0.333333333333333,"N1 S1 O6","de-protonated",0,NA,"C18 H37 O6 S1 N1",18,37,6,1,NA,1,NA,NA,NA,NA,NA
2372,394.237004,394.236365425707,394.236398413132,22829490,NA,256045.1,130.75,-1,-0.0836742254965794,0.499365208062275,0.836034543948893,0.634032942416922,1,2.11111111111111,0.333333333333333,"N1 P1 O6","de-protonated",0,NA,"C18 H38 O6 N1 P1",18,38,6,1,1,NA,NA,NA,NA,NA,NA
2376,395.053659,395.053018480508,395.052958199992,2630898,NA,262711.6,12.79,-1,0.152588443042253,0.99578419951002,0,0.597470519706012,14,0.8,0.15,"N2 S2 O3","de-protonated",0,NA,"C20 H16 O3 S2 N2",20,16,3,2,NA,2,NA,NA,NA,NA,NA
2377,395.062565,395.061924459295,395.061984798874,10726133,NA,254413.8,58.53,-1,-0.152734460271855,0.98153282011584,0.995577432515811,0.987150665075829,10,0.941176470588235,0.647058823529412,"O11","de-protonated",0,NA,"C17 H16 O11",17,16,11,NA,NA,NA,NA,NA,NA,NA,NA
2378,395.090955,395.090314391672,395.090128099781,5493504.5,NA,262557.3,28.96,-1,0.471517454668526,0.962227339294377,0.752794080136651,0.878454035631287,9,1.16666666666667,0.444444444444444,"P1 O8","de-protonated",0,NA,"C18 H21 O8 P1",18,21,8,NA,1,NA,NA,NA,NA,NA,NA
2379,395.093289,395.092648386113,395.092497081443,2663169.5,NA,279033.7,12.97,-1,0.382960118032924,0.973739968814734,0,0.58424398128884,18,0.64,0.2,"O5","de-protonated",0,NA,"C25 H16 O5",25,16,5,NA,NA,NA,NA,NA,NA,NA,NA
2380,395.098905,395.098264372736,395.098370308258,38755076,NA,258988.1,216.9,-1,-0.26812442160249,0.993349860363314,0.98278254728149,0.989122935130584,9,1.11111111111111,0.555555555555556,"O10","de-protonated",0,NA,"C18 H20 O10",18,20,10,NA,NA,NA,NA,NA,NA,NA,NA
2381,395.111902,395.111261341778,395.111124526098,8350473,NA,244632,45.11,-1,0.346271394122788,0.489239281104383,0.779247987650237,0.605242763722725,17,0.769230769230769,0.0769230769230769,"S1 O2","de-protonated",0,NA,"C26 H20 O2 S1",26,20,2,NA,NA,1,NA,NA,NA,NA,NA
2382,395.123069,395.122428315179,395.122357915391,2706189.3,NA,289763.1,13.22,-1,0.17817212158828,0.994256413948943,0,0.596553848369366,17,0.8,0.04,"N2 S1 O1","de-protonated",0,NA,"C25 H20 O1 S1 N2",25,20,1,2,NA,1,NA,NA,NA,NA,NA
2383,395.127313,395.126672305071,395.126513609165,9487119,NA,262578.9,51.53,-1,0.401633148664738,0.978444687982876,0.857084572689909,0.929900641865689,8,1.31578947368421,0.368421052631579,"P1 O7","de-protonated",0,NA,"C19 H25 O7 P1",19,25,7,NA,1,NA,NA,NA,NA,NA,NA
2384,395.129644,395.129003299518,395.128882590828,7987984,NA,270857,43.06,-1,0.305491944434069,0.49160440600658,0.779247987650237,0.606661838664043,17,0.769230769230769,0.153846153846154,"O4","de-protonated",0,NA,"C26 H20 O4",26,20,4,NA,NA,NA,NA,NA,NA,NA,NA
2385,395.135304,395.134663286037,395.134755817642,39385876,NA,257297.4,220.47,-1,-0.234177338449607,0.97549329797233,0.983967325375797,0.978882908933717,8,1.26315789473684,0.473684210526316,"O9","de-protonated",0,NA,"C19 H24 O9",19,24,9,NA,NA,NA,NA,NA,NA,NA,NA
2386,395.14842,395.147779254796,395.147642977264,30014232,NA,256449,167.52,-1,0.344877500393659,0.988573959218925,0.996506596792975,0.991747014248545,3,1.8125,0.5625,"P1 O9","de-protonated",0,NA,"C16 H29 O9 P1",16,29,9,NA,1,NA,NA,NA,NA,NA,NA
2389,395.171759,395.171118199204,395.171141327027,13257504,NA,256410.8,72.83,-1,-0.05852609135164,0.998501815825496,0.991257601285005,0.9956041300093,7,1.4,0.4,"O8","de-protonated",0,NA,"C20 H28 O8",20,28,8,NA,NA,NA,NA,NA,NA,NA,NA
2390,395.184744,395.184103168275,395.184028486649,30087974,NA,256152.1,167.93,-1,0.188979364555705,0.988725472723738,0.996269117921886,0.991742930802997,2,1.94117647058824,0.470588235294118,"P1 O8","de-protonated",0,NA,"C17 H33 O8 P1",17,33,8,NA,1,NA,NA,NA,NA,NA,NA
2391,395.202477,395.201836126037,395.201653609596,9442092,NA,250555.2,51.28,-1,0.461831165813929,0.481019238578143,0.766236582456902,0.595106176129647,15,1,0.0714285714285714,"O2","de-protonated",0,NA,"C28 H28 O2",28,28,2,NA,NA,NA,NA,NA,NA,NA,NA
2392,395.208079,395.207438112693,395.207526836411,2182958.5,NA,285765.4,10.26,-1,-0.224499058197957,0.990896705752378,0,0.594538023451427,6,1.52380952380952,0.333333333333333,"O7","de-protonated",0,NA,"C21 H32 O7",21,32,7,NA,NA,NA,NA,NA,NA,NA,NA
2394,395.221136,395.220495081593,395.220413996033,13511476,NA,253483.2,74.27,-1,0.205165413776965,0.996182047079622,0.986533377458488,0.992322579231169,1,2.05555555555556,0.388888888888889,"P1 O7","de-protonated",0,NA,"C18 H37 O7 P1",18,37,7,NA,1,NA,NA,NA,NA,NA,NA
2395,395.232467,395.231826054603,395.231647385325,8645432,NA,249140.1,46.77,-1,0.452062174775178,0.481799092591999,0.843720152817574,0.626567516682229,1,2.17647058823529,0.352941176470588,"N2 P1 O6","de-protonated",0,NA,"C17 H37 O6 N2 P1",17,37,6,2,1,NA,NA,NA,NA,NA,NA
2397,395.247942,395.247301017743,395.247283649165,7242558.5,NA,275224.4,38.85,-1,0.0439435734204082,0.499824838566748,0.828487690504102,0.63128997934169,0,2.10526315789474,0.315789473684211,"S1 O6","de-protonated",0,NA,"C19 H40 O6 S1",19,40,6,NA,NA,1,NA,NA,NA,NA,NA
2398,395.257588,395.256946994767,395.256799505417,2177346,NA,326298.5,10.23,-1,0.373148166739482,0.975051650790402,0,0.585030990474241,0,2.15789473684211,0.315789473684211,"P1 O6","de-protonated",0,NA,"C19 H41 O6 P1",19,41,6,NA,1,NA,NA,NA,NA,NA,NA
2400,396.057728,396.057085088906,396.057233771067,1834364.4,NA,260339.6,8.29,-1,-0.375405745552227,0.974752712964046,0,0.584851627778427,10,0.9375,0.6875,"N1 O11","de-protonated",0,NA,"C16 H15 O11 N1",16,15,11,1,NA,NA,NA,NA,NA,NA,NA
2406,396.115481,396.114837951343,396.11474864855,1898131.1,NA,296082.9,8.65,-1,0.225446775297133,0.99082003947739,0,0.594492023686434,4,1.64285714285714,0.857142857142857,"N1 O12","de-protonated",0,NA,"C14 H23 O12 N1",14,23,12,1,NA,NA,NA,NA,NA,NA,NA
2409,396.143477,396.142833884659,396.142759007676,5822622,NA,254763.8,30.82,-1,0.189015151198325,0.496769199381235,0.779247987650237,0.609760714688836,16,0.884615384615385,0.0384615384615385,"N1 S1 O1","de-protonated",0,NA,"C26 H23 O1 S1 N1",26,23,1,1,NA,1,NA,NA,NA,NA,NA
2416,396.216149,396.215505711561,396.215662968226,1642682.8,NA,330962.5,7.2,-1,-0.396896639065032,0.971821574498227,0,0.583092944698936,1,2.11764705882353,0.411764705882353,"N1 P1 O7","de-protonated",0,NA,"C17 H36 O7 N1 P1",17,36,7,1,1,NA,NA,NA,NA,NA,NA
2420,397.041861,397.041215744789,397.041249353967,3088896,NA,293777.5,15.37,-1,-0.0846490846624833,0.998700680177011,0,0.599220408106207,10,0.875,0.75,"O12","de-protonated",0,NA,"C16 H14 O12",16,14,12,NA,NA,NA,NA,NA,NA,NA,NA
2421,397.069971,397.069325677834,397.069259713093,3404811,NA,253263,17.16,-1,0.166129054852165,0.995004740602033,0,0.59700284436122,22,0.5,0.0357142857142857,"S1 O1","de-protonated",0,NA,"C28 H14 O1 S1",28,14,1,NA,NA,1,NA,NA,NA,NA,NA
2422,397.078086,397.077440658504,397.077634863352,17903118,NA,252954.5,99.08,-1,-0.489085333290387,0.978444611089709,0.99744671200017,0.986045451453893,9,1.05882352941176,0.647058823529412,"O11","de-protonated",0,NA,"C17 H18 O11",17,18,11,NA,NA,NA,NA,NA,NA,NA,NA
2423,397.100664,397.100018604726,397.099904937444,2773527,NA,265202.7,13.59,-1,0.28624353737941,0.985242905224726,0,0.591145743134836,17,0.76,0.12,"P1 O3","de-protonated",0,NA,"C25 H19 O3 P1",25,19,3,NA,1,NA,NA,NA,NA,NA,NA
2424,397.10653,397.105884590753,397.105778164259,12496409,NA,258329,68.53,-1,0.268005404510519,0.990632226611736,0.8920369881362,0.951194131221522,8,1.27777777777778,0.444444444444444,"P1 O8","de-protonated",0,NA,"C18 H23 O8 P1",18,23,8,NA,1,NA,NA,NA,NA,NA,NA
2426,397.11459,397.113944571555,397.114020372736,36978204,NA,254051.2,206.86,-1,-0.190880142646583,0.981357276495544,0.990874484217538,0.985164159584342,8,1.22222222222222,0.555555555555556,"O10","de-protonated",0,NA,"C18 H22 O10",18,22,10,NA,NA,NA,NA,NA,NA,NA,NA
2427,397.127601,397.126955540564,397.126774590576,8160801.5,NA,251463.2,44.03,-1,0.455647917276089,0.981354547378281,0.955647300935647,0.971071648801227,16,0.846153846153846,0.0769230769230769,"S1 O2","de-protonated",0,NA,"C26 H22 O2 S1",26,22,2,NA,NA,1,NA,NA,NA,NA,NA
2428,397.138686,397.138040514161,397.138007979869,3445286,NA,269313.6,17.39,-1,0.081921879171369,0.998783003754351,0,0.599269802252611,16,0.88,0.04,"N2 S1 O1","de-protonated",0,NA,"C25 H22 O1 S1 N2",25,22,1,2,NA,1,NA,NA,NA,NA,NA
2429,397.142947,397.142301504011,397.142163673643,13667880,NA,261122.6,75.15,-1,0.347055490403518,0.988923932881888,0.906571111892927,0.955982804486304,7,1.42105263157895,0.368421052631579,"P1 O7","de-protonated",0,NA,"C19 H27 O7 P1",19,27,7,NA,1,NA,NA,NA,NA,NA,NA
2431,397.15094,397.150294484973,397.15040588212,20643370,NA,258634.6,114.56,-1,-0.280491083582612,0.978184839111012,0.997525172348382,0.98592097240596,7,1.36842105263158,0.473684210526316,"O9","de-protonated",0,NA,"C19 H26 O9",19,26,9,NA,NA,NA,NA,NA,NA,NA,NA
2432,397.159087,397.158441465567,397.158485899346,13159982,NA,251234.8,72.28,-1,-0.11187921171378,0.660520862101886,0.927917829923809,0.767479649230655,2,2.14285714285714,0.357142857142857,"N4 S2 O5","de-protonated",0,NA,"C14 H30 O5 S2 N4",14,30,5,4,NA,2,NA,NA,NA,NA,NA
2433,397.163954,397.163308453974,397.163160099961,21950000,NA,250130.1,121.94,-1,0.373534175964706,0.487500329300504,0.772687513667176,0.601575203047173,15,0.962962962962963,0.037037037037037,"S1 O1","de-protonated",0,NA,"C27 H26 O1 S1",27,26,1,NA,NA,1,NA,NA,NA,NA,NA
2434,397.179359,397.178713417281,397.178549183027,2783286,NA,244324.3,13.65,-1,0.413502326156652,0.969451478315909,0,0.581670886989545,6,1.55,0.3,"P1 O6","de-protonated",0,NA,"C20 H31 O6 P1",20,31,6,NA,1,NA,NA,NA,NA,NA,NA
2436,397.187338,397.186692398276,397.186791391505,8394297,NA,259671.4,45.35,-1,-0.249235953514134,0.986986706965239,0.98948002312237,0.987984033428092,6,1.5,0.4,"O8","de-protonated",0,NA,"C20 H30 O8",20,30,8,NA,NA,NA,NA,NA,NA,NA,NA
2437,397.200426,397.199780367101,397.199678551127,9342526,NA,261793,50.71,-1,0.256334484390339,0.991231139692399,0.975785265701209,0.985052790095923,1,2.05882352941176,0.470588235294118,"P1 O8","de-protonated",0,NA,"C17 H35 O8 P1",17,35,8,NA,1,NA,NA,NA,NA,NA,NA
2439,397.223806,397.223160311412,397.223176900889,5537351.5,NA,256657.3,29.21,-1,-0.0417636166934653,0.499841783667451,0.813795485951173,0.62542326458094,5,1.61904761904762,0.333333333333333,"O7","de-protonated",0,NA,"C21 H34 O7",21,34,7,NA,NA,NA,NA,NA,NA,NA,NA
2440,397.227159,397.226513303426,397.226548204259,11322953,NA,262139.1,61.9,-1,-0.0878612803141139,0.994876970246674,0.991254626489166,0.993428032743671,0,2.11111111111111,0.388888888888889,"S1 O7","de-protonated",0,NA,"C18 H38 O7 S1",18,38,7,NA,NA,1,NA,NA,NA,NA,NA
2442,397.236696,397.23605028071,397.236064060511,3583564.8,NA,270370.4,18.17,-1,-0.034689200192198,0.999781679262576,0,0.599869007557546,0,2.16666666666667,0.388888888888889,"P1 O7","de-protonated",0,NA,"C18 H39 O7 P1",18,39,7,NA,1,NA,NA,NA,NA,NA,NA
2443,397.260082,397.259436225006,397.259562410273,3176022,NA,293942.1,15.87,-1,-0.317639344480745,0.981859338781967,0,0.58911560326918,4,1.72727272727273,0.272727272727273,"O6","de-protonated",0,NA,"C22 H38 O6",22,38,6,NA,NA,NA,NA,NA,NA,NA,NA
2444,398.073511,398.072863287491,398.072883835545,2420631,NA,303124.8,11.6,-1,-0.0516188222716525,0.999516646318007,0,0.599709987790804,9,1.0625,0.6875,"N1 O11","de-protonated",0,NA,"C16 H17 O11 N1",16,17,11,1,NA,NA,NA,NA,NA,NA,NA
2448,398.122803,398.122155170082,398.122023562769,7856042.5,NA,260923.7,42.31,-1,0.330570289955578,0.49018358379867,0.785920818505338,0.608478477681337,16,0.84,0.08,"N1 S1 O2","de-protonated",0,NA,"C25 H21 O2 S1 N1",25,21,2,1,NA,1,NA,NA,NA,NA,NA
2453,398.159302,398.158654083145,398.158542013935,3154360.8,NA,266946.4,15.74,-1,0.281468806291805,0.985727614361873,0,0.591436568617124,2,2,0.6,"N1 P1 O9","de-protonated",0,NA,"C15 H30 O9 N1 P1",15,30,9,1,1,NA,NA,NA,NA,NA,NA
2454,398.162608,398.16196007527,398.161780375524,3075002.3,NA,233385,15.29,-1,0.451323445347749,0.963714875460622,0,0.578228925276373,10,1.26086956521739,0.0434782608695652,"N1 S2 O1","de-protonated",0,NA,"C23 H29 O1 S2 N1",23,29,1,1,NA,2,NA,NA,NA,NA,NA
2461,399.057472,399.056821943784,399.056899418445,4947228,NA,262688.9,25.87,-1,-0.194144396585512,0.99318416155137,0,0.595910496930822,9,1,0.75,"O12","de-protonated",0,NA,"C16 H16 O12",16,16,12,NA,NA,NA,NA,NA,NA,NA,NA
2462,399.085698,399.085047876553,399.084909777571,10567975,NA,255131,57.63,-1,0.34603909721774,0.489253557738213,0.766236582456902,0.600046767625689,21,0.571428571428571,0.0357142857142857,"S1 O1","de-protonated",0,NA,"C28 H16 O1 S1",28,16,1,NA,NA,1,NA,NA,NA,NA,NA
2463,399.093759,399.093108857352,399.09328492783,18596138,NA,256335.7,102.99,-1,-0.441176247184937,0.974108044128136,0.988412672612166,0.979829895521748,8,1.17647058823529,0.647058823529412,"O11","de-protonated",0,NA,"C17 H20 O11",17,20,11,NA,NA,NA,NA,NA,NA,NA,NA
2465,399.109013,399.108362821018,399.108541069115,2125104.5,NA,282964.8,9.92,-1,-0.446615589222579,0.964454376855923,0,0.578672626113554,12,0.952380952380952,0.380952380952381,"O8","de-protonated",0,NA,"C21 H20 O8",21,20,8,NA,NA,NA,NA,NA,NA,NA,NA
2466,399.122236,399.121585789522,399.121428228737,21172534,NA,253189.8,117.55,-1,0.394769046695456,0.975636459435709,0.948972772856286,0.96497098480394,7,1.38888888888889,0.444444444444444,"P1 O8","de-protonated",0,NA,"C18 H25 O8 P1",18,25,8,NA,1,NA,NA,NA,NA,NA,NA
2468,399.130303,399.129652770308,399.129670437214,18264376,NA,257228.9,101.12,-1,-0.0442635758576759,0.993025923288403,0.992135855857962,0.992669896316226,7,1.33333333333333,0.555555555555556,"O10","de-protonated",0,NA,"C18 H24 O10",18,24,10,NA,NA,NA,NA,NA,NA,NA,NA
2470,399.143356,399.142705739216,399.142557596836,5586238,NA,250477.4,29.48,-1,0.371151553834305,0.975314605972774,0,0.585188763583664,2,1.93333333333333,0.666666666666667,"P1 O10","de-protonated",0,NA,"C15 H29 O10 P1",15,29,10,NA,1,NA,NA,NA,NA,NA,NA
2471,399.156264,399.155613708471,399.155508519169,3977539.3,NA,270746.9,20.39,-1,0.263529626643262,0.987477839262844,0,0.592486703557706,2,2.15384615384615,0.615384615384615,"N4 S1 O8","de-protonated",0,NA,"C13 H28 O8 S1 N4",13,28,8,4,NA,1,NA,NA,NA,NA,NA
2472,399.158535,399.157884703061,399.157813738121,14528836,NA,253392.3,80.01,-1,0.177786675001307,0.992186735923568,0.921620704454394,0.963960323335898,6,1.52631578947368,0.368421052631579,"P1 O7","de-protonated",0,NA,"C19 H29 O7 P1",19,29,7,NA,1,NA,NA,NA,NA,NA,NA
2473,399.160936,399.160285697342,399.160182719784,6190405,NA,264575.9,32.89,-1,0.257985548404753,0.493998016054431,0.779247987650237,0.608098004692754,15,0.923076923076923,0.153846153846154,"O4","de-protonated",0,NA,"C26 H24 O4",26,24,4,NA,NA,NA,NA,NA,NA,NA,NA
2474,399.166524,399.165873684032,399.166055946598,10416455,NA,257297,56.77,-1,-0.456608379606605,0.960881233609148,0.985133352366292,0.970582081112006,6,1.47368421052632,0.473684210526316,"O9","de-protonated",0,NA,"C19 H28 O9",19,28,9,NA,NA,NA,NA,NA,NA,NA,NA
2475,399.179585,399.178934652922,399.178810164439,9318732,NA,259545.9,50.57,-1,0.311861452370033,0.990509332156689,0.976302227468719,0.984826490281501,14,1.03703703703704,0.037037037037037,"S1 O1","de-protonated",0,NA,"C27 H28 O1 S1",27,28,1,NA,NA,1,NA,NA,NA,NA,NA
2476,399.194917,399.194266616403,399.194199247505,2687826.5,NA,256089.8,13.1,-1,0.168762215774669,0.994845547053925,0,0.596907328232355,5,1.65,0.3,"P1 O6","de-protonated",0,NA,"C20 H33 O6 P1",20,33,6,NA,1,NA,NA,NA,NA,NA,NA
2478,399.20302,399.202369597102,399.202441455983,10457430,NA,258684.5,57,-1,-0.180006114687462,0.996211843054278,0.980674001137398,0.989996706287526,5,1.6,0.4,"O8","de-protonated",0,NA,"C20 H32 O8",20,32,8,NA,NA,NA,NA,NA,NA,NA,NA
2479,399.239407,399.238756510432,399.238826965367,9400676,NA,261954.6,51.03,-1,-0.176473154831661,0.49718256016415,0.813795485951173,0.623827730478959,4,1.71428571428571,0.333333333333333,"O7","de-protonated",0,NA,"C21 H36 O7",21,36,7,NA,NA,NA,NA,NA,NA,NA,NA
2480,399.275707,399.275056423968,399.275212474751,4444530.5,NA,254436.5,23.03,-1,-0.390835138452233,0.486331956867255,0.806643077274283,0.614456405030066,3,1.81818181818182,0.272727272727273,"O6","de-protonated",0,NA,"C22 H40 O6",22,40,6,NA,NA,NA,NA,NA,NA,NA,NA
2481,399.312167,399.311516337124,399.311597984136,2655617,NA,269178.5,12.92,-1,-0.204469422327237,0.992442740429578,0,0.595465644257747,2,1.91304347826087,0.217391304347826,"O5","de-protonated",0,NA,"C23 H44 O5",23,44,5,NA,NA,NA,NA,NA,NA,NA,NA
2482,399.323524,399.322873310072,399.322831373428,2547589.5,NA,302897.1,12.31,-1,0.105019401125863,0.998000789988113,0,0.598800473992868,2,2,0.181818181818182,"N2 O4","de-protonated",0,NA,"C22 H44 O4 N2",22,44,4,2,NA,NA,NA,NA,NA,NA,NA
2483,400.089298,400.088645486067,400.088533900023,3028661,NA,267216.7,15.03,-1,0.278903380694054,0.985984774346373,0,0.591590864607824,8,1.1875,0.6875,"N1 O11","de-protonated",0,NA,"C16 H19 O11 N1",16,19,11,1,NA,NA,NA,NA,NA,NA,NA
2485,400.10217,400.101517455407,400.101421059645,2226874,NA,269438.5,10.5,-1,0.240928318976389,0.989522819078711,0,0.593713691447227,3,1.84615384615385,0.846153846153846,"N1 P1 O11","de-protonated",0,NA,"C13 H24 O11 N1 P1",13,24,11,1,1,NA,NA,NA,NA,NA,NA
2486,400.119846,400.119193413305,400.119046182593,2472129.3,NA,266753,11.88,-1,0.367967267970392,0.975731204378271,0,0.585438722626962,16,0.791666666666667,0.208333333333333,"N1 O5","de-protonated",0,NA,"C24 H19 O5 N1",24,19,5,1,NA,NA,NA,NA,NA,NA,NA
2489,400.138466,400.137813368954,400.137673627247,3637960.5,NA,257522.1,18.47,-1,0.349234064892866,0.978112792367709,0,0.586867675420625,15,0.92,0.08,"N1 S1 O2","de-protonated",0,NA,"C25 H23 O2 S1 N1",25,23,2,1,NA,1,NA,NA,NA,NA,NA
2493,400.19825,400.197597226554,400.197690428176,2776288.3,NA,249577.6,13.6,-1,-0.232888955367985,0.990206986355826,0,0.594124191813496,5,1.63157894736842,0.421052631578947,"N1 O8","de-protonated",0,NA,"C19 H31 O8 N1",19,31,8,1,NA,NA,NA,NA,NA,NA,NA
2496,400.335511,400.33485789961,400.334990257235,2662678.8,NA,234601.4,12.96,-1,-0.330617179177263,0.980361652680054,0,0.588216991608032,1,2.08695652173913,0.0869565217391304,"N1 P1 O2","de-protonated",0,NA,"C23 H48 O2 N1 P1",23,48,2,1,1,NA,NA,NA,NA,NA,NA
2501,401.052075,401.051420192819,401.051420114824,1632819.4,NA,291739.2,7.14,-1,0.000194476231211005,0.999999993137428,0,0.599999995882457,13,0.736842105263158,0.526315789473684,"O10","de-protonated",0,NA,"C19 H14 O10",19,14,10,NA,NA,NA,NA,NA,NA,NA,NA
2503,401.073168,401.072513142577,401.072549482923,4095035.8,NA,279560.3,21.05,-1,-0.0906079116477141,0.998511452713914,0,0.599106871628348,8,1.125,0.75,"O12","de-protonated",0,NA,"C16 H18 O12",16,18,12,NA,NA,NA,NA,NA,NA,NA,NA
2505,401.088468,401.087813106134,401.087805624208,5166146,NA,264026.1,27.1,-1,0.0186540842220291,0.499968431206189,0.821075868479145,0.628411406115372,12,0.9,0.45,"O9","de-protonated",0,NA,"C20 H18 O9",20,18,9,NA,NA,NA,NA,NA,NA,NA,NA
2506,401.101447,401.100792075219,401.10069278383,19969096,NA,251589.8,110.74,-1,0.247547288587091,0.99348555821072,0.954864852056434,0.978037275749006,7,1.35294117647059,0.529411764705882,"P1 O9","de-protonated",0,NA,"C17 H23 O9 P1",17,23,9,NA,1,NA,NA,NA,NA,NA,NA
2507,401.109462,401.108807056128,401.108934992308,9063498,NA,249626.5,49.12,-1,-0.318956194313846,0.990634225184843,0.969421219478274,0.982149022902215,7,1.29411764705882,0.647058823529412,"O11","de-protonated",0,NA,"C17 H22 O11",17,22,11,NA,NA,NA,NA,NA,NA,NA,NA
2509,401.124681,401.124026019878,401.124191133593,5517392.5,NA,248343.8,29.09,-1,-0.411627416807883,0.484861825137337,0.813795485951173,0.616435289462872,11,1.04761904761905,0.380952380952381,"O8","de-protonated",0,NA,"C21 H22 O8",21,22,8,NA,NA,NA,NA,NA,NA,NA,NA
2510,401.137794,401.137138988644,401.137078293215,21353558,NA,252839.5,118.57,-1,0.151308449608746,0.990755912840666,0.924622778177699,0.964302658975479,6,1.5,0.444444444444444,"P1 O8","de-protonated",0,NA,"C18 H27 O8 P1",18,27,8,NA,1,NA,NA,NA,NA,NA,NA
2511,401.14589,401.14523496936,401.145320501692,8092761,NA,252112.9,43.64,-1,-0.213220315809509,0.984513406527281,0.972129409308472,0.979559807639757,6,1.44444444444444,0.555555555555556,"O10","de-protonated",0,NA,"C18 H26 O10",18,26,10,NA,NA,NA,NA,NA,NA,NA,NA
2513,401.161187,401.160531932924,401.160576642977,2812510.8,NA,215622.7,13.8,-1,-0.111451761518451,0.997748674068064,0,0.598649204440838,10,1.18181818181818,0.318181818181818,"O7","de-protonated",0,NA,"C22 H26 O7",22,26,7,NA,NA,NA,NA,NA,NA,NA,NA
2514,401.174299,401.173643901692,401.173463802599,13210724,NA,258613.7,72.56,-1,0.448930723824125,0.980652524608959,0.885875199636773,0.942741594620084,5,1.63157894736842,0.368421052631579,"P1 O7","de-protonated",0,NA,"C19 H31 O7 P1",19,31,7,NA,1,NA,NA,NA,NA,NA,NA
2515,401.182332,401.181676882558,401.181706011076,11871335,NA,250704.2,64.99,-1,-0.0726067950212098,0.996808722702371,0.98679723522573,0.992804127711715,5,1.57894736842105,0.473684210526316,"O9","de-protonated",0,NA,"C19 H30 O9",19,30,9,NA,NA,NA,NA,NA,NA,NA,NA
2516,401.195145,401.194489852039,401.194460228917,2041452.4,NA,237632.9,9.45,-1,0.0738373165869879,0.999011240103435,0,0.599406744062061,13,1.11111111111111,0.037037037037037,"S1 O1","de-protonated",0,NA,"C27 H30 O1 S1",27,30,1,NA,NA,1,NA,NA,NA,NA,NA
2517,401.21056,401.209904815322,401.209849311983,3261554.5,NA,269828,16.34,-1,0.138339920535226,0.996533469425965,0,0.597920081655579,4,1.75,0.3,"P1 O6","de-protonated",0,NA,"C20 H35 O6 P1",20,35,6,NA,1,NA,NA,NA,NA,NA,NA
2518,401.218598,401.217942796176,401.218091520461,11904118,NA,252647,65.17,-1,-0.370681900158628,0.987661049192818,0.998539638577909,0.992012484946855,4,1.7,0.4,"O8","de-protonated",0,NA,"C20 H34 O8",20,34,8,NA,NA,NA,NA,NA,NA,NA,NA
2520,401.255062,401.254406709322,401.254477029845,6794372,NA,262491.5,36.3,-1,-0.175251683992967,0.497221319183887,0.813795485951173,0.623850985890802,3,1.80952380952381,0.333333333333333,"O7","de-protonated",0,NA,"C21 H38 O7",21,38,7,NA,NA,NA,NA,NA,NA,NA,NA
2521,401.291475,401.29081962259,401.290862539229,1790610.6,NA,334457.1,8.03,-1,-0.106946465998624,0.997926824200475,0,0.598756094520285,2,1.90909090909091,0.272727272727273,"O6","de-protonated",0,NA,"C22 H42 O6",22,42,6,NA,NA,NA,NA,NA,NA,NA,NA
2522,402.068505,402.067847771774,402.067798455116,1840328,NA,203118.4,8.31,-1,0.122657565960832,0.997273849278945,0,0.598364309567367,8,1.13333333333333,0.8,"N1 O12","de-protonated",0,NA,"C15 H17 O12 N1",15,17,12,1,NA,NA,NA,NA,NA,NA,NA
2523,402.083683,402.083025735621,402.083054596401,1701838.1,NA,319417.3,7.52,-1,-0.0717781555789742,0.99906559439577,0,0.599439356637462,12,0.894736842105263,0.473684210526316,"N1 O9","de-protonated",0,NA,"C19 H17 O9 N1",19,17,9,1,NA,NA,NA,NA,NA,NA,NA
2531,402.213861,402.213203425549,402.213340492654,2540034,NA,249678.8,12.26,-1,-0.340782094662569,0.979148387009547,0,0.587489032205728,4,1.73684210526316,0.421052631578947,"N1 O8","de-protonated",0,NA,"C19 H33 O8 N1",19,33,8,1,NA,NA,NA,NA,NA,NA,NA
2537,403.0312,403.030540478721,403.030684669918,1853768.3,NA,265450.9,8.38,-1,-0.357767292791853,0.977042657106564,0,0.586225594263939,13,0.666666666666667,0.611111111111111,"O11","de-protonated",0,NA,"C18 H12 O11",18,12,11,NA,NA,NA,NA,NA,NA,NA,NA
2538,403.044126,403.043466447932,403.043438887758,1672525.5,NA,312673,7.36,-1,0.0683801581427883,0.999151933692566,0,0.599491160215539,21,0.461538461538462,0.115384615384615,"S1 O3","de-protonated",0,NA,"C26 H12 O3 S1",26,12,3,NA,NA,1,NA,NA,NA,NA,NA
2539,403.067707,403.067047391764,403.067070179302,4853591,NA,247164.4,25.33,-1,-0.0565353495789252,0.999420213548327,0,0.599652128128996,12,0.842105263157895,0.526315789473684,"O10","de-protonated",0,NA,"C19 H16 O10",19,16,10,NA,NA,NA,NA,NA,NA,NA,NA
2540,403.07699,403.076330369653,403.076453093772,1880154.5,NA,232271.4,8.53,-1,-0.304468589930887,0.983320177860638,0,0.589992106716383,25,0.4,0.0666666666666667,"O2","de-protonated",0,NA,"C30 H12 O2",30,12,2,NA,NA,NA,NA,NA,NA,NA,NA
2541,403.080595,403.079935361066,403.079824397142,11003740,NA,248310.3,60.08,-1,0.275290196028547,0.978494713599085,0.958859777423854,0.970640739128993,20,0.592592592592593,0.0740740740740741,"S1 O2","de-protonated",0,NA,"C27 H16 O2 S1",27,16,2,NA,NA,1,NA,NA,NA,NA,NA
2542,403.088799,403.088139341525,403.088199547401,2440031.3,NA,257072.1,11.69,-1,-0.149361545274029,0.995960266392475,0,0.597576159835485,7,1.25,0.75,"O12","de-protonated",0,NA,"C16 H20 O12",16,20,12,NA,NA,NA,NA,NA,NA,NA,NA
2543,403.09843,403.097770318585,403.097582461872,6293347,NA,262498.6,33.47,-1,0.466032844755741,0.480679089052791,0.772687513667176,0.597482458898545,20,0.592592592592593,0.148148148148148,"O4","de-protonated",0,NA,"C27 H16 O4",27,16,4,NA,NA,NA,NA,NA,NA,NA,NA
2544,403.103933,403.103273305477,403.103455688686,10350437,NA,245307.5,56.39,-1,-0.452447644727057,0.48176861294843,0.821075868479145,0.617491515160716,11,1,0.45,"O9","de-protonated",0,NA,"C20 H20 O9",20,20,9,NA,NA,NA,NA,NA,NA,NA,NA
2545,403.11708,403.116420274162,403.116342848308,19113834,NA,248383.2,105.91,-1,0.192068258468066,0.98934592524533,0.937503456542052,0.968608937764019,6,1.47058823529412,0.529411764705882,"P1 O9","de-protonated",0,NA,"C17 H25 O9 P1",17,25,9,NA,1,NA,NA,NA,NA,NA,NA
2546,403.125123,403.124463255005,403.124585056786,3842925.8,NA,259067.8,19.62,-1,-0.302144264308372,0.983571779179471,0,0.590143067507683,6,1.41176470588235,0.647058823529412,"O11","de-protonated",0,NA,"C17 H24 O11",17,24,11,NA,NA,NA,NA,NA,NA,NA,NA
2548,403.140424,403.139764218559,403.139841198071,8994676,NA,251264.9,48.73,-1,-0.190949898294643,0.496702939999614,0.813795485951173,0.623539958380238,10,1.14285714285714,0.380952380952381,"O8","de-protonated",0,NA,"C21 H24 O8",21,24,8,NA,NA,NA,NA,NA,NA,NA,NA
2549,403.15351,403.152850187389,403.152728357693,15345529,NA,257781.2,84.61,-1,0.302192415104904,0.991447149617005,0.869178519676205,0.942539697640685,5,1.61111111111111,0.444444444444444,"P1 O8","de-protonated",0,NA,"C18 H29 O8 P1",18,29,8,NA,1,NA,NA,NA,NA,NA,NA
2550,403.16156,403.160900168215,403.16097056617,6421372.5,NA,246750.2,34.19,-1,-0.174615005480412,0.497241416364478,0.836034543948893,0.632758667398244,5,1.55555555555556,0.555555555555556,"O10","de-protonated",0,NA,"C18 H28 O10",18,28,10,NA,NA,NA,NA,NA,NA,NA,NA
2551,403.171169,403.170509145327,403.17035348064,3065728.3,NA,265256,15.23,-1,0.386101521142483,0.973313206112229,0,0.583987923667337,18,0.827586206896552,0.0689655172413793,"O2","de-protonated",0,NA,"C29 H24 O2",29,24,2,NA,NA,NA,NA,NA,NA,NA,NA
2552,403.176797,403.176137131922,403.176226707455,3334018.5,NA,256060.4,16.74,-1,-0.222174640280768,0.991083398615878,0,0.594650039169527,9,1.27272727272727,0.318181818181818,"O7","de-protonated",0,NA,"C22 H28 O7",22,28,7,NA,NA,NA,NA,NA,NA,NA,NA
2553,403.189762,403.18910210104,403.189113867077,13875080,NA,247734.5,76.31,-1,-0.0291824264579818,0.999281540599558,0.770530374524579,0.907781074169566,4,1.73684210526316,0.368421052631579,"P1 O7","de-protonated",0,NA,"C19 H33 O7 P1",19,33,7,NA,1,NA,NA,NA,NA,NA,NA
2554,403.197933,403.197273081578,403.197356075554,7470987,NA,261230.9,40.12,-1,-0.205839585530989,0.496170753903442,0.828487690504102,0.629097528543706,4,1.68421052631579,0.473684210526316,"O9","de-protonated",0,NA,"C19 H32 O9",19,32,9,NA,NA,NA,NA,NA,NA,NA,NA
2555,403.226356,403.225696013877,403.225499376461,7102358.5,NA,273102.6,38.04,-1,0.487661161567193,0.478883411437393,0.821075868479145,0.615760394254094,3,1.85,0.3,"P1 O6","de-protonated",0,NA,"C20 H37 O6 P1",20,37,6,NA,1,NA,NA,NA,NA,NA,NA
2557,403.234459,403.233798994576,403.233741584939,4378521.5,NA,273987.5,22.65,-1,0.142373098848672,0.996328772609323,0,0.597797263565594,3,1.8,0.4,"O8","de-protonated",0,NA,"C20 H36 O8",20,36,8,NA,NA,NA,NA,NA,NA,NA,NA
2559,403.262622,403.261961927494,403.261884885846,3620772.8,NA,239991.4,18.36,-1,0.191046195137009,0.993399249441306,0,0.596039549664784,2,1.95238095238095,0.238095238095238,"P1 O5","de-protonated",0,NA,"C21 H41 O5 P1",21,41,5,NA,1,NA,NA,NA,NA,NA,NA
2560,403.264745,403.264084922437,403.264253867508,2824101.8,NA,256850.3,13.86,-1,-0.418943829771052,0.968654995309064,0,0.581192997185439,11,1.28571428571429,0.0714285714285714,"O2","de-protonated",0,NA,"C28 H36 O2",28,36,2,NA,NA,NA,NA,NA,NA,NA,NA
2569,404.148763,404.148100816786,404.147977329886,1843975.4,NA,207144,8.32,-1,0.305548727601838,0.9832026220515,0,0.5899215732309,5,1.64705882352941,0.470588235294118,"N1 P1 O8","de-protonated",0,NA,"C17 H28 O8 N1 P1",17,28,8,1,1,NA,NA,NA,NA,NA,NA
2573,404.229737,404.229074623913,404.228990557132,3104551.8,NA,253307.5,15.45,-1,0.207968214526257,0.992182916664947,0,0.595309749998968,3,1.84210526315789,0.421052631578947,"N1 O8","de-protonated",0,NA,"C19 H35 O8 N1",19,35,8,1,NA,NA,NA,NA,NA,NA,NA
2575,404.294206,404.293543470354,404.293519367423,10144066,NA,254124.8,55.22,-1,0.0596174059458663,0.998452778248719,0.996343107258798,0.997608909852751,1,2.0952380952381,0.19047619047619,"N1 P1 O4","de-protonated",0,NA,"C21 H44 O4 N1 P1",21,44,4,1,1,NA,NA,NA,NA,NA,NA
2577,404.938854,404.93818993486,404.938047586168,14699076,NA,243308.3,80.96,-1,0.351532024647304,0.325942345574746,0.791225258712651,0.512055510829908,14,0.375,0.5625,"S2 O9","de-protonated",0,NA,"C16 H6 O9 S2",16,6,9,NA,NA,2,NA,NA,NA,NA,NA
2578,405.047063,405.046398677116,405.046334734396,3898991.8,NA,281248,19.93,-1,0.157865198775949,0.995488249564862,0,0.597292949738917,12,0.777777777777778,0.611111111111111,"O11","de-protonated",0,NA,"C18 H14 O11",18,14,11,NA,NA,NA,NA,NA,NA,NA,NA
2581,405.083248,405.082583590926,405.08272024378,10820222,NA,248059,59.04,-1,-0.337345551197853,0.489781254101229,0.828487690504102,0.625263828662379,11,0.947368421052632,0.526315789473684,"O10","de-protonated",0,NA,"C19 H18 O10",19,18,10,NA,NA,NA,NA,NA,NA,NA,NA
2582,405.096272,405.095607559904,405.09547446162,10726019,NA,246539.9,58.51,-1,0.328560283759068,0.490301434900124,0.772687513667176,0.603255866406945,19,0.666666666666667,0.0740740740740741,"S1 O2","de-protonated",0,NA,"C27 H18 O2 S1",27,18,2,NA,NA,1,NA,NA,NA,NA,NA
2583,405.114083,405.11341851748,405.11323252635,5970570.5,NA,263348.4,31.64,-1,0.459108998256036,0.481238096022169,0.772687513667176,0.597817863080172,19,0.666666666666667,0.148148148148148,"O4","de-protonated",0,NA,"C27 H18 O4",27,18,4,NA,NA,NA,NA,NA,NA,NA,NA
2584,405.119652,405.118987504215,405.119105753164,22485644,NA,249690.4,124.95,-1,-0.291886873161107,0.984409762706116,0.998102983708372,0.989887051107018,10,1.1,0.45,"O9","de-protonated",0,NA,"C20 H22 O9",20,22,9,NA,NA,NA,NA,NA,NA,NA,NA
2585,405.132764,405.132099472984,405.131992912786,15858322,NA,249103.8,87.51,-1,0.26302587622651,0.992682709453141,0.867208540012259,0.942493041676788,5,1.58823529411765,0.529411764705882,"P1 O9","de-protonated",0,NA,"C17 H27 O9 P1",17,27,9,NA,1,NA,NA,NA,NA,NA,NA
2586,405.140742,405.140077453981,405.140235121264,1704085.4,NA,335183.2,7.53,-1,-0.389167180104857,0.972893554501619,0,0.583736132700971,5,1.52941176470588,0.647058823529412,"O11","de-protonated",0,NA,"C17 H26 O11",17,26,11,NA,NA,NA,NA,NA,NA,NA,NA
2588,405.156111,405.155446417373,405.155491262549,12171931,NA,255633.7,66.68,-1,-0.110686332193493,0.498889728494413,0.813795485951173,0.624852031477117,9,1.23809523809524,0.380952380952381,"O8","de-protonated",0,NA,"C21 H26 O8",21,26,8,NA,NA,NA,NA,NA,NA,NA,NA
2589,405.169139,405.168474386342,405.168378422171,21744288,NA,249131.5,120.76,-1,0.236850100297085,0.981607144773494,0.89193492887615,0.945738258414556,4,1.72222222222222,0.444444444444444,"P1 O8","de-protonated",0,NA,"C18 H31 O8 P1",18,31,8,NA,1,NA,NA,NA,NA,NA,NA
2590,405.177203,405.176538367134,405.176620630648,3661476,NA,241234.4,18.59,-1,-0.203031245528553,0.992548281861505,0,0.595528969116903,4,1.66666666666667,0.555555555555556,"O10","de-protonated",0,NA,"C18 H30 O10",18,30,10,NA,NA,NA,NA,NA,NA,NA,NA
2592,405.192254,405.191589331284,405.191714580681,2454186,NA,241197,11.77,-1,-0.309111446073155,0.982812026622978,0,0.589687215973787,3,2.05882352941176,0.0588235294117647,"N4 S2 P1 O1","de-protonated",0,NA,"C17 H35 O1 S2 N4 P1",17,35,1,4,1,2,NA,NA,NA,NA,NA
2593,405.205448,405.204783299857,405.204763931555,18266800,NA,249368.8,101.12,-1,0.0477988014269188,0.999666691855981,0.889200610443455,0.955480259290971,3,1.84210526315789,0.368421052631579,"P1 O7","de-protonated",0,NA,"C19 H35 O7 P1",19,35,7,NA,1,NA,NA,NA,NA,NA,NA
2596,405.241917,405.241252212991,405.241149440939,10527422,NA,255753.8,57.39,-1,0.253607147326758,0.979002568424098,0.93883720880327,0.962936424575767,2,1.95,0.3,"P1 O6","de-protonated",0,NA,"C20 H39 O6 P1",20,39,6,NA,1,NA,NA,NA,NA,NA,NA
2597,405.278172,405.277507126635,405.277534950324,5427916.5,NA,261082,28.57,-1,-0.0686534195476521,0.499572572476258,0.813795485951173,0.625261737866224,1,2.04761904761905,0.238095238095238,"P1 O5","de-protonated",0,NA,"C21 H43 O5 P1",21,43,5,NA,1,NA,NA,NA,NA,NA,NA
2600,406.078664,406.077997219935,406.077969215973,1814542.5,NA,288305.9,8.15,-1,0.0689620317398224,0.999137445479248,0,0.599482467287549,11,0.944444444444444,0.555555555555556,"N1 O10","de-protonated",0,NA,"C18 H17 O10 N1",18,17,10,1,NA,NA,NA,NA,NA,NA,NA
2605,406.151408,406.150741046665,406.150740234742,2506283.8,NA,290408.2,12.06,-1,0.00199906932194647,0.999999274880842,0,0.599999564928505,9,1.25,0.4,"N1 O8","de-protonated",0,NA,"C20 H25 O8 N1",20,25,8,1,NA,NA,NA,NA,NA,NA,NA
2611,406.237197,406.236529842323,406.236398413132,11732046,NA,246077.7,64.19,-1,0.323528841085533,0.490593409961276,0.828487690504102,0.625751122178407,2,2,0.315789473684211,"N1 P1 O6","de-protonated",0,NA,"C19 H38 O6 N1 P1",19,38,6,1,1,NA,NA,NA,NA,NA,NA
2614,406.309729,406.309061669559,406.309169431901,2150507.5,NA,277183.8,10.05,-1,-0.265222520726632,0.987317467519848,0,0.592390480511909,0,2.19047619047619,0.19047619047619,"N1 P1 O4","de-protonated",0,NA,"C21 H46 O4 N1 P1",21,46,4,1,1,NA,NA,NA,NA,NA,NA
2617,407.062514,407.061844876492,407.061984798874,7058843,NA,266700.4,37.78,-1,-0.343737284609017,0.974753556336938,0.97457727717947,0.974683044673951,11,0.888888888888889,0.611111111111111,"O11","de-protonated",0,NA,"C18 H16 O11",18,16,11,NA,NA,NA,NA,NA,NA,NA,NA
2618,407.090959,407.090289808739,407.090128099781,2412966.5,NA,278552,11.53,-1,0.397231342917961,0.971774705993017,0,0.58306482359581,10,1.10526315789474,0.421052631578947,"P1 O8","de-protonated",0,NA,"C19 H21 O8 P1",19,21,8,NA,1,NA,NA,NA,NA,NA,NA
2620,407.099017,407.098347789545,407.098370308258,25791914,NA,251045.3,143.63,-1,-0.0553151626528422,0.996848228987522,0.997241835336456,0.997005671527096,10,1.05263157894737,0.526315789473684,"O10","de-protonated",0,NA,"C19 H20 O10",19,20,10,NA,NA,NA,NA,NA,NA,NA,NA
2621,407.112016,407.111346758583,407.11125746788,9926063,NA,239320.9,53.98,-1,0.219327521285639,0.990443739497958,0.964929614756652,0.980238089601436,5,1.5625,0.625,"P1 O10","de-protonated",0,NA,"C16 H25 O10 P1",16,25,10,NA,1,NA,NA,NA,NA,NA,NA
2622,407.127358,407.12668872204,407.126513609165,2659253.3,NA,300707.3,12.92,-1,0.430119063703386,0.966988724322004,0,0.580193234593202,9,1.25,0.35,"P1 O7","de-protonated",0,NA,"C20 H25 O7 P1",20,25,7,NA,1,NA,NA,NA,NA,NA,NA
2623,407.129741,407.129071716364,407.128882590828,5590454,NA,253013.5,29.49,-1,0.464534804365688,0.480800689580143,0.772687513667176,0.597555419214956,18,0.740740740740741,0.148148148148148,"O4","de-protonated",0,NA,"C27 H20 O4",27,20,4,NA,NA,NA,NA,NA,NA,NA,NA
2624,407.135278,407.134608703175,407.134755817642,29527480,NA,248571.4,164.74,-1,-0.36134096935345,0.978125331688326,0.994653599835887,0.98473663894735,9,1.2,0.45,"O9","de-protonated",0,NA,"C20 H24 O9",20,24,9,NA,NA,NA,NA,NA,NA,NA,NA
2625,407.148346,407.147676672048,407.147510035483,23469502,NA,245374.2,130.51,-1,0.409278115150489,0.977453438229472,0.969073943867984,0.974101640484877,17,0.857142857142857,0.0357142857142857,"S1 O1","de-protonated",0,NA,"C28 H24 O1 S1",28,24,1,NA,NA,1,NA,NA,NA,NA,NA
2627,407.171777,407.171107616238,407.171141327027,8400327,NA,242869.4,45.36,-1,-0.0827926774110487,0.499378505004976,0.813795485951173,0.625145297383455,8,1.33333333333333,0.380952380952381,"O8","de-protonated",0,NA,"C21 H28 O8",21,28,8,NA,NA,NA,NA,NA,NA,NA,NA
2628,407.184885,407.184215585016,407.184028486649,27438540,NA,251848,152.93,-1,0.459493383485342,0.980535878401788,0.965761223477987,0.974626016432268,3,1.83333333333333,0.444444444444444,"P1 O8","de-protonated",0,NA,"C18 H33 O8 P1",18,33,8,NA,1,NA,NA,NA,NA,NA,NA
2631,407.221132,407.220462498678,407.220413996033,16117211,NA,245285.9,88.96,-1,0.119106616156197,0.980949785695321,0.974082490294362,0.978202867534937,2,1.94736842105263,0.368421052631579,"P1 O7","de-protonated",0,NA,"C19 H37 O7 P1",19,37,7,NA,1,NA,NA,NA,NA,NA,NA
2633,407.257605,407.256935411803,407.256799505417,26643946,NA,246451.6,148.44,-1,0.333711766245814,0.988762021432475,0.992439372164376,0.990232961725235,1,2.05,0.3,"P1 O6","de-protonated",0,NA,"C20 H41 O6 P1",20,41,6,NA,1,NA,NA,NA,NA,NA,NA
2636,408.094113,408.093441419316,408.093619280451,2722108,NA,282543,13.28,-1,-0.435834148336149,0.96612076903967,0,0.579672461423802,10,1.05555555555556,0.555555555555556,"N1 O10","de-protonated",0,NA,"C18 H19 O10 N1",18,19,10,1,NA,NA,NA,NA,NA,NA,NA
2639,408.13068,408.130008332217,408.130004789835,2963786.8,NA,258594.9,14.64,-1,0.00867954176245523,0.999986330757308,0,0.599991798454385,9,1.21052631578947,0.473684210526316,"N1 O9","de-protonated",0,NA,"C19 H23 O9 N1",19,23,9,1,NA,NA,NA,NA,NA,NA,NA
2641,408.143516,408.142844301642,408.142759007676,2319184,NA,241433.3,11,-1,0.208980717884022,0.992106917594897,0,0.595264150556938,17,0.851851851851852,0.037037037037037,"N1 S1 O1","de-protonated",0,NA,"C27 H23 O1 S1 N1",27,23,1,1,NA,1,NA,NA,NA,NA,NA
2645,408.180049,408.179377214624,408.179277458842,2198366.8,NA,250809.1,10.32,-1,0.244392079714238,0.989221039505498,0,0.593532623703299,3,1.88235294117647,0.470588235294118,"N1 P1 O8","de-protonated",0,NA,"C17 H32 O8 N1 P1",17,32,8,1,1,NA,NA,NA,NA,NA,NA
2647,408.216331,408.215659128204,408.215662968226,4031341.5,NA,249600,20.67,-1,-0.00940684679886519,0.999983943958429,0,0.599990366375057,2,2,0.388888888888889,"N1 P1 O7","de-protonated",0,NA,"C18 H36 O7 N1 P1",18,36,7,1,1,NA,NA,NA,NA,NA,NA
2651,409.041867,409.041193161851,409.041249353967,3043516,NA,248402.4,15.09,-1,-0.137375182801875,0.996581567315461,0,0.597948940389276,11,0.823529411764706,0.705882352941177,"O12","de-protonated",0,NA,"C17 H14 O12",17,14,12,NA,NA,NA,NA,NA,NA,NA,NA
2652,409.078228,409.077554075242,409.077634863352,16666827,NA,246461.1,92.07,-1,-0.197488453224388,0.99089118698681,0.97272890930746,0.98362627591507,10,1,0.611111111111111,"O11","de-protonated",0,NA,"C18 H18 O11",18,18,11,NA,NA,NA,NA,NA,NA,NA,NA
2653,409.106452,409.105778008015,409.105778164259,4318422,NA,263734.6,22.29,-1,-0.000381914296282693,0.999999973534162,0,0.599999984120497,9,1.21052631578947,0.421052631578947,"P1 O8","de-protonated",0,NA,"C19 H23 O8 P1",19,23,8,NA,1,NA,NA,NA,NA,NA,NA
2655,409.11453,409.113855988774,409.114020372736,37613784,NA,245472.2,210.42,-1,-0.401804762423512,0.985313467707729,0.983307838045615,0.984511215842883,9,1.15789473684211,0.526315789473684,"O10","de-protonated",0,NA,"C19 H22 O10",19,22,10,NA,NA,NA,NA,NA,NA,NA,NA
2656,409.127641,409.126966957545,409.126774590576,11192543,NA,237064.5,61.13,-1,0.470189145713959,0.969105624782181,0.91216467837738,0.94632924622026,17,0.814814814814815,0.0740740740740741,"S1 O2","de-protonated",0,NA,"C27 H22 O2 S1",27,22,2,NA,NA,1,NA,NA,NA,NA,NA
2658,409.145309,409.144634915461,409.144532655306,6086886,NA,274091.2,32.29,-1,0.2499365075768,0.494364606657336,0.772687513667176,0.605693769461272,17,0.814814814814815,0.148148148148148,"O4","de-protonated",0,NA,"C27 H22 O4",27,22,4,NA,NA,NA,NA,NA,NA,NA,NA
2659,409.15107,409.150395901739,409.15040588212,22028520,NA,245051.8,122.36,-1,-0.0243929394924899,0.998694392384282,0.984637798520126,0.99307175483862,8,1.3,0.45,"O9","de-protonated",0,NA,"C20 H26 O9",20,26,9,NA,NA,NA,NA,NA,NA,NA,NA
2660,409.164076,409.16340187076,409.163293041742,26931438,NA,247487.5,150.06,-1,0.265979425919104,0.989311703092658,0.980974763485338,0.98597692724973,3,1.82352941176471,0.529411764705882,"P1 O9","de-protonated",0,NA,"C17 H31 O9 P1",17,31,9,NA,1,NA,NA,NA,NA,NA,NA
2662,409.181791,409.181116828565,409.18091816469,7815413,NA,257973,42.05,-1,0.485515979978164,0.479064846759446,0.766236582456902,0.593933541038428,16,0.928571428571429,0.107142857142857,"O3","de-protonated",0,NA,"C28 H26 O3",28,26,3,NA,NA,NA,NA,NA,NA,NA,NA
2663,409.187286,409.186611815476,409.186791391505,4422903,NA,259834.7,22.88,-1,-0.438860765842507,0.965656793502934,0,0.57939407610176,7,1.42857142857143,0.380952380952381,"O8","de-protonated",0,NA,"C21 H30 O8",21,30,8,NA,NA,NA,NA,NA,NA,NA,NA
2664,409.200309,409.199634784456,409.199678551127,17002748,NA,250082.6,93.96,-1,-0.106956756243536,0.996894391917661,0.982077578041135,0.990967666367051,2,1.94444444444444,0.444444444444444,"P1 O8","de-protonated",0,NA,"C18 H35 O8 P1",18,35,8,NA,1,NA,NA,NA,NA,NA,NA
2665,409.2116,409.210925757562,409.210911940419,4159745,NA,239819.4,21.4,-1,0.0337653343700331,0.999793152146962,0,0.599875891288177,2,2.05882352941176,0.411764705882353,"N2 P1 O7","de-protonated",0,NA,"C17 H35 O7 N2 P1",17,35,7,2,1,NA,NA,NA,NA,NA,NA
2666,409.218133,409.217458742001,409.217303674074,4442371.5,NA,264115.7,22.99,-1,0.378937853848883,0.487140788355053,0.759892473118277,0.596241462260343,15,1.03448275862069,0.0689655172413793,"O2","de-protonated",0,NA,"C29 H30 O2",29,30,2,NA,NA,NA,NA,NA,NA,NA,NA
2667,409.22372,409.223045728693,409.223176900889,1831173.9,NA,247542.7,8.24,-1,-0.320539507288524,0.981529656985434,0,0.58891779419126,6,1.54545454545455,0.318181818181818,"O7","de-protonated",0,NA,"C22 H34 O7",22,34,7,NA,NA,NA,NA,NA,NA,NA,NA
2668,409.236847,409.236172697426,409.236064060511,6871307,NA,266947,36.72,-1,0.265462711548647,0.493647316311939,0.828487690504102,0.627583465988804,1,2.05263157894737,0.368421052631579,"P1 O7","de-protonated",0,NA,"C19 H39 O7 P1",19,39,7,NA,1,NA,NA,NA,NA,NA,NA
2670,409.273146,409.272471610965,409.272449569895,8190234,NA,256449,44.17,-1,0.0538542722898227,0.989604086875448,0.9867009631268,0.988442837375989,0,2.15,0.3,"P1 O6","de-protonated",0,NA,"C20 H43 O6 P1",20,43,6,NA,1,NA,NA,NA,NA,NA,NA
2671,409.311789,409.311114518921,409.311204060942,3850537.5,NA,251658.4,19.65,-1,-0.218762693406813,0.495676991409977,0.766236582456902,0.603900827828747,8,1.5,0.0714285714285714,"O2","de-protonated",0,NA,"C28 H42 O2",28,42,2,NA,NA,NA,NA,NA,NA,NA,NA
2673,410.110066,410.109389617497,410.109269344929,3735150,NA,256778.1,19,-1,0.293269566924871,0.984515276293776,0,0.590709165776266,9,1.16666666666667,0.555555555555556,"N1 O10","de-protonated",0,NA,"C18 H21 O10 N1",18,21,10,1,NA,NA,NA,NA,NA,NA,NA
2675,410.122939,410.122262586834,410.122156504551,3696243.3,NA,253309.5,18.78,-1,0.258660210722291,0.987933547275246,0,0.592760128365148,4,1.73333333333333,0.666666666666667,"N1 P1 O10","de-protonated",0,NA,"C15 H26 O10 N1 P1",15,26,10,1,1,NA,NA,NA,NA,NA,NA
2677,410.146187,410.14551053146,410.145654854313,2851964.8,NA,263634.7,14,-1,-0.351881951639888,0.977783365576226,0,0.586670019345736,8,1.31578947368421,0.473684210526316,"N1 O9","de-protonated",0,NA,"C19 H25 O9 N1",19,25,9,1,NA,NA,NA,NA,NA,NA,NA
2679,410.159301,410.158624500223,410.158542013935,2788482,NA,266781.8,13.65,-1,0.201108302350682,0.992688251516805,0,0.595612950910083,3,1.875,0.5625,"N1 P1 O9","de-protonated",0,NA,"C16 H30 O9 N1 P1",16,30,9,1,1,NA,NA,NA,NA,NA,NA
2681,410.18289,410.182213444037,410.182040363698,1973899.8,NA,265390.7,9.04,-1,0.42195981757656,0.968209340246188,0,0.580925604147713,7,1.45,0.4,"N1 O8","de-protonated",0,NA,"C20 H29 O8 N1",20,29,8,1,NA,NA,NA,NA,NA,NA,NA
2683,410.232009,410.231332327039,410.231313032704,4979359.5,NA,243756.6,26.03,-1,0.0470328201671349,0.999598700412152,0,0.599759220247291,1,2.11111111111111,0.388888888888889,"N1 P1 O7","de-protonated",0,NA,"C18 H38 O7 N1 P1",18,38,7,1,1,NA,NA,NA,NA,NA,NA
2685,411.057603,411.056924360549,411.056899418445,6800368,NA,258381.4,35.6,-1,0.0606779821595412,0.49966608107549,0.843720152817574,0.637287709772324,10,0.941176470588235,0.705882352941177,"O12","de-protonated",0,NA,"C17 H16 O12",17,16,12,NA,NA,NA,NA,NA,NA,NA,NA
2686,411.085851,411.085172293264,411.085042719352,6724603.5,NA,252637.7,35.18,-1,0.31519977285825,0.991029972342022,0.83771826606656,0.929705289831837,9,1.16666666666667,0.5,"P1 O9","de-protonated",0,NA,"C18 H21 O9 P1",18,21,9,NA,1,NA,NA,NA,NA,NA,NA
2687,411.093826,411.093147274269,411.09328492783,25990142,NA,241118.3,141.9,-1,-0.334847505701874,0.980586235830488,0.985504736150889,0.982553635958649,9,1.11111111111111,0.611111111111111,"O11","de-protonated",0,NA,"C18 H20 O11",18,20,11,NA,NA,NA,NA,NA,NA,NA,NA
2688,411.106765,411.106086243449,411.10603914567,2508804.3,NA,203384.8,11.83,-1,0.114563578606925,0.997621353298678,0,0.598572811979207,17,0.769230769230769,0.115384615384615,"S1 O3","de-protonated",0,NA,"C26 H20 O3 S1",26,20,3,NA,NA,1,NA,NA,NA,NA,NA
2689,411.116468,411.115789220337,411.115751706414,4194312,NA,240050.3,21.16,-1,0.0912490532815361,0.998490328225357,0,0.599094196935214,9,1.25,0.5625,"N4 O9","de-protonated",0,NA,"C16 H20 O9 N4",16,20,9,4,NA,NA,NA,NA,NA,NA,NA
2690,411.122222,411.121543206632,411.121428228737,13431818,NA,246678.7,72.33,-1,0.27966894317766,0.979999970630749,0.888938779563754,0.943575494203951,8,1.31578947368421,0.421052631578947,"P1 O8","de-protonated",0,NA,"C19 H25 O8 P1",19,25,8,NA,1,NA,NA,NA,NA,NA,NA
2692,411.130294,411.129615187405,411.129670437214,30462990,NA,244735.9,166.68,-1,-0.134385360169805,0.99634975557326,0.990718766209926,0.994097359827927,8,1.26315789473684,0.526315789473684,"O10","de-protonated",0,NA,"C19 H24 O10",19,24,10,NA,NA,NA,NA,NA,NA,NA,NA
2693,411.143374,411.14269515625,411.142557596836,7062547,NA,256033,37.05,-1,0.334578387164227,0.987003978804692,0.884177743411221,0.945873484647303,3,1.8125,0.625,"P1 O10","de-protonated",0,NA,"C16 H29 O10 P1",16,29,10,NA,1,NA,NA,NA,NA,NA,NA
2696,411.166713,411.166034100658,411.166055946598,12313629,NA,250704.1,66.14,-1,-0.05313167183635,0.979829888040578,0.98582792670597,0.982229103506735,7,1.4,0.45,"O9","de-protonated",0,NA,"C20 H28 O9",20,28,9,NA,NA,NA,NA,NA,NA,NA,NA
2697,411.179694,411.179015069739,411.178810164439,16868386,NA,250952.8,91.37,-1,0.498336234714915,0.966764077320745,0.93933797247558,0.955793635382679,15,1,0.0357142857142857,"S1 O1","de-protonated",0,NA,"C28 H28 O1 S1",28,28,1,NA,NA,1,NA,NA,NA,NA,NA
2700,411.202866,411.202187014545,411.20227926473,4434987.5,NA,277960.8,22.5,-1,-0.224342592126915,0.99090933269793,0,0.594545599618758,1,2.3125,0.125,"N4 S2 P1 O2","de-protonated",0,NA,"C16 H37 O2 S2 N4 P1",16,37,2,4,1,2,NA,NA,NA,NA,NA
2701,411.216037,411.215357983173,411.215328615605,7099440.5,NA,251260.9,37.26,-1,0.0714165214706849,0.499537490906612,0.836034543948893,0.634136312123524,1,2.05555555555556,0.444444444444444,"P1 O8","de-protonated",0,NA,"C18 H37 O8 P1",18,37,8,NA,1,NA,NA,NA,NA,NA,NA
2703,411.23957,411.23889092712,411.238826965367,3757114.3,NA,274346.1,18.74,-1,0.155534323211497,0.995620207699499,0,0.5973721246197,5,1.63636363636364,0.318181818181818,"O7","de-protonated",0,NA,"C22 H36 O7",22,36,7,NA,NA,NA,NA,NA,NA,NA,NA
2704,411.242889,411.242209919214,411.242198268737,2697275.8,NA,287028.5,12.87,-1,0.0283299649504162,0.999854382262079,0,0.599912629357248,0,2.10526315789474,0.368421052631579,"S1 O7","de-protonated",0,NA,"C19 H40 O7 S1",19,40,7,NA,NA,1,NA,NA,NA,NA,NA
2708,412.102037,412.1013558728,412.101288117863,2222490.8,NA,210093.7,10.24,-1,0.164413311348447,0.995107136089678,0,0.597064281653807,17,0.76,0.12,"N1 S1 O3","de-protonated",0,NA,"C25 H19 O3 S1 N1",25,19,3,1,NA,1,NA,NA,NA,NA,NA
2712,412.138478,412.137796786001,412.137673627247,5012905.5,NA,255110.3,25.7,-1,0.298829157835532,0.491963701619706,0.779247987650237,0.606877416031919,16,0.884615384615385,0.0769230769230769,"N1 S1 O2","de-protonated",0,NA,"C26 H23 O2 S1 N1",26,23,2,1,NA,1,NA,NA,NA,NA,NA
2716,412.174904,412.174222699238,412.174059136632,2623928.8,NA,288887.3,12.46,-1,0.396828967052262,0.971831046068066,0,0.583098627640839,15,1,0.037037037037037,"N1 S1 O1","de-protonated",0,NA,"C27 H27 O1 S1 N1",27,27,1,1,NA,1,NA,NA,NA,NA,NA
2720,413.065145,413.064461578764,413.064307274446,4424485.5,NA,243351.1,22.43,-1,0.373560036159358,0.974997240655477,0,0.584998344393286,9,1.11764705882353,0.588235294117647,"P1 O10","de-protonated",0,NA,"C17 H19 O10 P1",17,19,10,NA,1,NA,NA,NA,NA,NA,NA
2721,413.070846,413.070162565184,413.070047559479,3507495.8,NA,226438.2,17.35,-1,0.278416956407629,0.986033275811719,0,0.591619965487031,13,0.857142857142857,0.333333333333333,"S1 O7","de-protonated",0,NA,"C21 H18 O7 S1",21,18,7,NA,NA,1,NA,NA,NA,NA,NA
2722,413.07316,413.072476559673,413.072549482923,11638569,NA,251177,62.4,-1,-0.17653860307593,0.988961488347085,0.986627935655906,0.988028067270614,9,1.05882352941176,0.705882352941177,"O12","de-protonated",0,NA,"C17 H18 O12",17,18,12,NA,NA,NA,NA,NA,NA,NA,NA
2724,413.088519,413.087835523089,413.087805624208,2369327,NA,274668.8,11.05,-1,0.0723789957827213,0.999049892951752,0,0.599429935771051,13,0.857142857142857,0.428571428571429,"O9","de-protonated",0,NA,"C21 H18 O9",21,18,9,NA,NA,NA,NA,NA,NA,NA,NA
2725,413.10156,413.100876492026,413.10069278383,18605876,NA,243503.7,100.99,-1,0.444705611038286,0.980691110242367,0.940751286825353,0.964715180875561,8,1.27777777777778,0.5,"P1 O9","de-protonated",0,NA,"C18 H23 O9 P1",18,23,9,NA,1,NA,NA,NA,NA,NA,NA
2726,413.109504,413.108820473104,413.108934992308,24868664,NA,241693.3,135.68,-1,-0.277213087242783,0.990654452711157,0.989662662402942,0.990257736587871,8,1.22222222222222,0.611111111111111,"O11","de-protonated",0,NA,"C18 H22 O11",18,22,11,NA,NA,NA,NA,NA,NA,NA,NA
2727,413.119207,413.118523449993,413.118317906778,5001019.5,NA,238106.2,25.63,-1,0.497540791054279,0.478038393180909,0.759892473118277,0.590780025155856,21,0.620689655172414,0.103448275862069,"O3","de-protonated",0,NA,"C29 H18 O3",29,18,3,NA,NA,NA,NA,NA,NA,NA,NA
2728,413.124613,413.123929437116,413.12402894234,2829629.8,NA,265643.8,13.6,-1,-0.240860412853058,0.989528693248663,0,0.593717215949198,7,1.58823529411765,0.117647058823529,"N4 S2 P1 O2","de-protonated",0,NA,"C17 H27 O2 S2 N4 P1",17,27,2,4,1,2,NA,NA,NA,NA,NA
2729,413.133826,413.133142415172,413.133055541222,2558273.8,NA,281004.4,12.1,-1,0.210280800590367,0.992008800018084,0,0.59520528001085,3,1.92857142857143,0.714285714285714,"N2 P1 O10","de-protonated",0,NA,"C14 H27 O10 N2 P1",14,27,10,2,1,NA,NA,NA,NA,NA,NA
2730,413.137772,413.137088405773,413.137078293215,21681988,NA,247094.7,118.03,-1,0.0244774883378663,0.993483588159367,0.948731758955591,0.975582856477857,7,1.42105263157895,0.421052631578947,"P1 O8","de-protonated",0,NA,"C19 H27 O8 P1",19,27,8,NA,1,NA,NA,NA,NA,NA,NA
2731,413.140079,413.139395400278,413.139447274877,2949444.3,NA,208400.4,14.26,-1,-0.125561962855679,0.997143402979038,0,0.598286041787423,16,0.846153846153846,0.192307692307692,"O5","de-protonated",0,NA,"C26 H22 O5",26,22,5,NA,NA,NA,NA,NA,NA,NA,NA
2732,413.145823,413.145139386596,413.145320501692,15423302,NA,247336.2,83.36,-1,-0.438381090543249,0.982850177308269,0.978465754431102,0.981096408157402,7,1.36842105263158,0.526315789473684,"O10","de-protonated",0,NA,"C19 H26 O10",19,26,10,NA,NA,NA,NA,NA,NA,NA,NA
2734,413.15893,413.158246355376,413.158074719532,7923532,NA,238584.5,41.82,-1,0.415424154339427,0.484585645745309,0.772687513667176,0.599826392914056,15,0.962962962962963,0.0740740740740741,"S1 O2","de-protonated",0,NA,"C27 H26 O2 S1",27,26,2,NA,NA,1,NA,NA,NA,NA,NA
2737,413.182368,413.181684299549,413.181706011076,9398102,NA,250015.7,49.98,-1,-0.0525471652433302,0.997455586649182,0.992592891066078,0.99551050841594,6,1.5,0.45,"O9","de-protonated",0,NA,"C20 H30 O9",20,30,9,NA,NA,NA,NA,NA,NA,NA,NA
2738,413.195398,413.194714268513,413.194593170698,9764699,NA,251635.7,52.02,-1,0.29307695786262,0.990846795082888,0.967558872518898,0.981531626057292,1,2.05882352941176,0.529411764705882,"P1 O9","de-protonated",0,NA,"C17 H35 O9 P1",17,35,9,NA,1,NA,NA,NA,NA,NA,NA
2740,413.218582,413.21789821329,413.218091520461,9576292,NA,245690.9,50.97,-1,-0.467809067835463,0.480534440339368,0.813795485951173,0.61383885858409,5,1.61904761904762,0.380952380952381,"O8","de-protonated",0,NA,"C21 H34 O8",21,34,8,NA,NA,NA,NA,NA,NA,NA,NA
2741,413.255074,413.25439012637,413.254477029845,7571315.5,NA,245156.2,39.87,-1,-0.210290462644436,0.994569504077948,0.993590713160123,0.994177987710818,4,1.72727272727273,0.318181818181818,"O7","de-protonated",0,NA,"C22 H38 O7",22,38,7,NA,NA,NA,NA,NA,NA,NA,NA
2742,413.291496,413.290812039616,413.290862539229,3072898.3,NA,260363.2,14.95,-1,-0.122189039176499,0.99729460803328,0,0.598376764819968,3,1.82608695652174,0.260869565217391,"O6","de-protonated",0,NA,"C23 H42 O6",23,42,6,NA,NA,NA,NA,NA,NA,NA,NA
2746,414.117918,414.117232071153,414.117071124123,2995414,NA,268128.8,14.52,-1,0.388651039226075,0.972964427587248,0,0.583778656552349,3,1.85714285714286,0.785714285714286,"N1 P1 O11","de-protonated",0,NA,"C14 H26 O11 N1 P1",14,26,11,1,1,NA,NA,NA,NA,NA,NA
2751,414.177691,414.177004928779,414.176954983269,3039982.8,NA,250504.7,14.76,-1,0.120589784014145,0.997364870138905,0,0.598418922083343,6,1.52631578947368,0.473684210526316,"N1 O9","de-protonated",0,NA,"C19 H29 O9 N1",19,29,9,1,NA,NA,NA,NA,NA,NA,NA
2754,414.21382,414.213133842723,414.213340492654,1682941.5,NA,202480.5,7.25,-1,-0.498897332884812,0.955842321983951,0,0.57350539319037,5,1.65,0.4,"N1 O8","de-protonated",0,NA,"C20 H33 O8 N1",20,33,8,1,NA,NA,NA,NA,NA,NA,NA
2760,415.052343,415.051654845436,415.051814038017,2112087,NA,275037.3,9.62,-1,-0.383548693225732,0.973660261504383,0,0.58419615690263,9,1,0.8125,"O13","de-protonated",0,NA,"C16 H16 O13",16,16,13,NA,NA,NA,NA,NA,NA,NA,NA
2761,415.067862,415.067173808471,415.067070179302,6292061.5,NA,245690.5,32.77,-1,0.249668491547295,0.494376618068098,0.821075868479145,0.625056318232517,13,0.8,0.5,"O10","de-protonated",0,NA,"C20 H16 O10",20,16,10,NA,NA,NA,NA,NA,NA,NA,NA
2762,415.080717,415.080028777852,415.079824397142,12020323,NA,244687.5,64.51,-1,0.49238892729446,0.970595511870948,0.951061813377603,0.96278203247361,21,0.571428571428571,0.0714285714285714,"S1 O2","de-protonated",0,NA,"C28 H16 O2 S1",28,16,2,NA,NA,1,NA,NA,NA,NA,NA
2763,415.088758,415.088069758699,415.088199547401,8499814,NA,241971.2,45,-1,-0.312677408440956,0.49120834974666,0.843720152817574,0.632213070975025,8,1.17647058823529,0.705882352941177,"O12","de-protonated",0,NA,"C17 H20 O12",17,20,12,NA,NA,NA,NA,NA,NA,NA,NA
2764,415.098435,415.097746735649,415.097582461872,6535786,NA,256211.1,34.12,-1,0.395747371871567,0.485991111272569,0.766236582456902,0.598089299746302,21,0.571428571428571,0.142857142857143,"O4","de-protonated",0,NA,"C28 H16 O4",28,16,4,NA,NA,NA,NA,NA,NA,NA,NA
2765,415.104009,415.103320722372,415.103455688686,6132332.5,NA,250356.2,31.89,-1,-0.325138979351934,0.490500444867442,0.813795485951173,0.619818461300934,12,0.952380952380952,0.428571428571429,"O9","de-protonated",0,NA,"C21 H20 O9",21,20,9,NA,NA,NA,NA,NA,NA,NA,NA
2766,415.117099,415.116410691193,415.116209906527,28850802,NA,241885.1,157.74,-1,0.483683030708345,0.483507847058818,0.924630905813977,0.659957070560882,20,0.689655172413793,0.0344827586206897,"S1 O1","de-protonated",0,NA,"C29 H20 O1 S1",29,20,1,NA,NA,1,NA,NA,NA,NA,NA
2767,415.125187,415.124498671928,415.124585056786,11547253,NA,250544.5,61.89,-1,-0.208093812125068,0.995794786851918,0.991985042959293,0.994270889294868,7,1.33333333333333,0.611111111111111,"O11","de-protonated",0,NA,"C18 H24 O11",18,24,11,NA,NA,NA,NA,NA,NA,NA,NA
2769,415.140465,415.139776635537,415.139841198071,5744251.5,NA,234450.2,29.74,-1,-0.155519963888283,0.997281424581557,0.947272696643731,0.977277933406427,11,1.09090909090909,0.363636363636364,"O8","de-protonated",0,NA,"C22 H24 O8",22,24,8,NA,NA,NA,NA,NA,NA,NA,NA
2770,415.153598,415.152909604256,415.152728357693,21006976,NA,246876.4,114.29,-1,0.436578037170677,0.981694435644512,0.906970765542174,0.951804967603577,6,1.52631578947368,0.421052631578947,"P1 O8","de-protonated",0,NA,"C19 H29 O8 P1",19,29,8,NA,1,NA,NA,NA,NA,NA,NA
2771,415.161618,415.160929585153,415.16097056617,9155204,NA,249238.9,48.63,-1,-0.0987111504746438,0.499116772878585,0.828487690504102,0.630865139928792,6,1.47368421052632,0.526315789473684,"O10","de-protonated",0,NA,"C19 H28 O10",19,28,10,NA,NA,NA,NA,NA,NA,NA,NA
2772,415.174595,415.173906554243,415.17372478401,6373001.5,NA,230992,33.22,-1,0.437817283895572,0.482908547530876,0.772687513667176,0.598820133985396,14,1.03703703703704,0.0740740740740741,"S1 O2","de-protonated",0,NA,"C27 H28 O2 S1",27,28,2,NA,NA,1,NA,NA,NA,NA,NA
2773,415.189869,415.189180517862,415.189113867077,4991632,NA,265974.3,25.57,-1,0.160531147145335,0.993294544605006,0.660242431483813,0.860073699356529,5,1.65,0.35,"P1 O7","de-protonated",0,NA,"C20 H33 O7 P1",20,33,7,NA,1,NA,NA,NA,NA,NA,NA
2774,415.192347,415.191658511959,415.19148284874,3745936.8,NA,221068.5,18.67,-1,0.423089650595646,0.484020810698566,0.772687513667176,0.59948749188601,14,1.03703703703704,0.148148148148148,"O4","de-protonated",0,NA,"C27 H28 O4",27,28,4,NA,NA,NA,NA,NA,NA,NA,NA
2775,415.197882,415.197193498775,415.197356075554,12026515,NA,243205.7,64.54,-1,-0.391565063175248,0.970708514503006,0.987187546347167,0.977300127240671,5,1.6,0.45,"O9","de-protonated",0,NA,"C20 H32 O9",20,32,9,NA,NA,NA,NA,NA,NA,NA,NA
2776,415.211,415.210311467529,415.210110293395,5082776.5,NA,214901.6,26.08,-1,0.484511647889733,0.479149539846075,0.766236582456902,0.593984356890406,13,1.14285714285714,0.0357142857142857,"S1 O1","de-protonated",0,NA,"C28 H32 O1 S1",28,32,1,NA,NA,1,NA,NA,NA,NA,NA
2777,415.226387,415.225698430879,415.225499376461,2514079,NA,281973.8,11.85,-1,0.479388713131955,0.959158094092474,0,0.575494856455484,4,1.76190476190476,0.285714285714286,"P1 O6","de-protonated",0,NA,"C21 H37 O6 P1",21,37,6,NA,1,NA,NA,NA,NA,NA,NA
2778,415.234435,415.233746411709,415.233741584939,11033250,NA,242876.6,59.04,-1,0.0116242257433107,0.995912520619111,0.988982165103194,0.993140378412744,4,1.71428571428571,0.380952380952381,"O8","de-protonated",0,NA,"C21 H36 O8",21,36,8,NA,NA,NA,NA,NA,NA,NA,NA
2779,415.270741,415.270052325232,415.270127094323,6208177,NA,256486.7,32.31,-1,-0.180049289073194,0.497067554251639,0.806643077274283,0.620897763460696,3,1.81818181818182,0.318181818181818,"O7","de-protonated",0,NA,"C22 H40 O7",22,40,7,NA,NA,NA,NA,NA,NA,NA,NA
2780,416.074989,416.074298409585,416.074421920713,3517437.8,NA,286814.1,17.4,-1,-0.296848643254552,0.984138049051157,0,0.590482829430694,12,1,0.210526315789474,"N3 S2 O4","de-protonated",0,NA,"C19 H19 O4 S2 N3",19,19,4,3,NA,2,NA,NA,NA,NA,NA
2790,416.2296,416.228909041316,416.228990557132,2424381.8,NA,249318.7,11.35,-1,-0.195843677086673,0.993064742421452,0,0.595838845452871,4,1.75,0.4,"N1 O8","de-protonated",0,NA,"C20 H35 O8 N1",20,35,8,1,NA,NA,NA,NA,NA,NA,NA
2799,417.047146,417.046453093994,417.046334734396,3747216.8,NA,251862.6,18.67,-1,0.283804433261602,0.985491500959139,0,0.591294900575483,13,0.736842105263158,0.578947368421053,"O11","de-protonated",0,NA,"C19 H14 O11",19,14,11,NA,NA,NA,NA,NA,NA,NA,NA
2800,417.060064,417.059371063225,417.059221894018,4131222,NA,235846.8,20.8,-1,0.357669125398079,0.977055108226752,0,0.586233064936051,8,1.1875,0.6875,"P1 O11","de-protonated",0,NA,"C16 H19 O11 P1",16,19,11,NA,1,NA,NA,NA,NA,NA,NA
2801,417.06808,417.067387044131,417.067464102495,1698201.4,NA,209145,7.32,-1,-0.184762347216904,0.993825007639395,0,0.596295004583637,8,1.125,0.8125,"O13","de-protonated",0,NA,"C16 H18 O13",16,18,13,NA,NA,NA,NA,NA,NA,NA,NA
2802,417.077641,417.076948021358,417.076847016965,3642781.3,NA,241273.9,18.09,-1,0.242172139906527,0.494707468255185,0.772687513667176,0.605899486419982,21,0.518518518518518,0.185185185185185,"O5","de-protonated",0,NA,"C27 H14 O5",27,14,5,NA,NA,NA,NA,NA,NA,NA,NA
2803,417.083294,417.082601007893,417.08272024378,14802336,NA,241966.8,79.91,-1,-0.285880668606541,0.985886077226582,0.992249270761024,0.988431354640358,12,0.9,0.5,"O10","de-protonated",0,NA,"C20 H18 O10",20,18,10,NA,NA,NA,NA,NA,NA,NA,NA
2804,417.096375,417.095681976735,417.09547446162,19344806,NA,235975.6,105.07,-1,0.497524254380493,0.96849174584258,0.971519113615315,0.969702692951674,20,0.642857142857143,0.0714285714285714,"S1 O2","de-protonated",0,NA,"C28 H18 O2 S1",28,18,2,NA,NA,1,NA,NA,NA,NA,NA
2805,417.104422,417.103728957568,417.103849611879,3896744.5,NA,250089.7,19.5,-1,-0.289266837264509,0.98493190337271,0,0.590959142023626,7,1.29411764705882,0.705882352941177,"O12","de-protonated",0,NA,"C17 H22 O12",17,22,12,NA,NA,NA,NA,NA,NA,NA,NA
2807,417.119787,417.11909392097,417.119105753164,13110703,NA,243491.4,70.54,-1,-0.0283664645629423,0.999136009272692,0.997048031323395,0.998300818092973,11,1.04761904761905,0.428571428571429,"O9","de-protonated",0,NA,"C21 H22 O9",21,22,9,NA,NA,NA,NA,NA,NA,NA,NA
2808,417.132866,417.132172889817,417.131992912786,26418612,NA,240846.4,144.26,-1,0.431463023006207,0.968661438013381,0.918659926566699,0.948660833434708,6,1.5,0.5,"P1 O9","de-protonated",0,NA,"C18 H27 O9 P1",18,27,9,NA,1,NA,NA,NA,NA,NA,NA
2809,417.140901,417.140207870678,417.140235121264,5218743.5,NA,241398.4,26.82,-1,-0.0653271564227582,0.999225942543393,0,0.599535565526036,6,1.44444444444444,0.611111111111111,"O11","de-protonated",0,NA,"C18 H26 O11",18,26,11,NA,NA,NA,NA,NA,NA,NA,NA
2811,417.156082,417.155388834519,417.155491262549,9409982,NA,230278.5,50.04,-1,-0.245539210557604,0.494560083458739,0.806643077274283,0.619393280984956,10,1.18181818181818,0.363636363636364,"O8","de-protonated",0,NA,"C22 H26 O8",22,26,8,NA,NA,NA,NA,NA,NA,NA,NA
2812,417.169084,417.168390803549,417.168378422171,20815300,NA,245294,113.22,-1,0.029679570704344,0.995627532264662,0.832754632969138,0.930478372546452,5,1.63157894736842,0.421052631578947,"P1 O8","de-protonated",0,NA,"C19 H31 O8 P1",19,31,8,NA,1,NA,NA,NA,NA,NA,NA
2813,417.177148,417.176454784341,417.176620630648,7511494.5,NA,244450.5,39.53,-1,-0.397544585533503,0.985716756709263,0.971207895829905,0.97991321235752,5,1.57894736842105,0.526315789473684,"O10","de-protonated",0,NA,"C19 H30 O10",19,30,10,NA,NA,NA,NA,NA,NA,NA,NA
2814,417.192404,417.191710748003,417.191876771933,2070476.9,NA,266187.6,9.38,-1,-0.39795580709668,0.971673131891179,0,0.583003879134708,9,1.30434782608696,0.304347826086957,"O7","de-protonated",0,NA,"C23 H30 O7",23,30,7,NA,NA,NA,NA,NA,NA,NA,NA
2815,417.205526,417.204832716747,417.204763931555,9842130,NA,238508.2,52.44,-1,0.164871541302432,0.99751843558522,0.772175566657108,0.907381288013976,4,1.75,0.35,"P1 O7","de-protonated",0,NA,"C20 H35 O7 P1",20,35,7,NA,1,NA,NA,NA,NA,NA,NA
2816,417.213593,417.212899697533,417.213006140032,10560982,NA,245475.5,56.42,-1,-0.255127472548252,0.986259174773678,0.993438452495928,0.989130885862578,4,1.7,0.45,"O9","de-protonated",0,NA,"C20 H34 O9",20,34,9,NA,NA,NA,NA,NA,NA,NA,NA
2817,417.241996,417.241302629879,417.241149440939,5649889.5,NA,262929.3,29.21,-1,0.367147248357812,0.975618345470445,0.722644350527373,0.874428747493217,3,1.85714285714286,0.285714285714286,"P1 O6","de-protonated",0,NA,"C21 H39 O6 P1",21,39,6,NA,1,NA,NA,NA,NA,NA,NA
2818,417.250041,417.249347610717,417.249391649417,6850021,NA,256321.2,35.86,-1,-0.105545270645951,0.498990369313521,0.813795485951173,0.624912415968582,3,1.80952380952381,0.380952380952381,"O8","de-protonated",0,NA,"C21 H38 O8",21,38,8,NA,NA,NA,NA,NA,NA,NA,NA
2819,417.27815,417.277456543763,417.277534950324,3311088.5,NA,265476.7,16.26,-1,-0.187900266499569,0.993614156832029,0,0.596168494099217,2,1.95454545454545,0.227272727272727,"P1 O5","de-protonated",0,NA,"C22 H43 O5 P1",22,43,5,NA,1,NA,NA,NA,NA,NA,NA
2821,417.314597,417.31390345695,417.313920459708,1973247.8,NA,254552.9,8.85,-1,-0.0407433275977436,0.999698837138338,0,0.599819302283003,1,2.04347826086957,0.173913043478261,"P1 O4","de-protonated",0,NA,"C23 H47 O4 P1",23,47,4,NA,1,NA,NA,NA,NA,NA,NA
2825,418.071982,418.071286652927,418.071444540536,3448634.5,NA,274236.7,17.02,-1,-0.377657003427648,0.974452908638296,0,0.584671745182978,12,0.944444444444444,0.388888888888889,"N3 S1 O7","de-protonated",0,NA,"C18 H17 O7 S1 N3",18,17,7,3,NA,1,NA,NA,NA,NA,NA
2826,418.078577,418.077881637218,418.077969215973,2541885.3,NA,253837.3,11.99,-1,-0.209479478111178,0.992069346828793,0,0.595241608097276,12,0.894736842105263,0.526315789473684,"N1 O10","de-protonated",0,NA,"C19 H17 O10 N1",19,17,10,1,NA,NA,NA,NA,NA,NA,NA
2829,418.115043,418.114347550359,418.114354725357,2714444.5,NA,274150.7,12.95,-1,-0.0171603718204893,0.999946568715748,0,0.599967941229449,11,1.05,0.45,"N1 O9","de-protonated",0,NA,"C20 H21 O9 N1",20,21,9,1,NA,NA,NA,NA,NA,NA,NA
2840,418.273526,418.272830172867,418.272783922516,1916814.5,NA,236007.1,8.53,-1,0.110574611760915,0.997783932335985,0,0.598670359401591,2,2,0.238095238095238,"N1 P1 O5","de-protonated",0,NA,"C21 H42 O5 N1 P1",21,42,5,1,1,NA,NA,NA,NA,NA,NA
2846,419.026484,419.025786379389,419.025599289489,1743048.4,NA,310395.2,7.57,-1,0.446487994157659,0.964474319177524,0,0.578684591506514,13,0.666666666666667,0.666666666666667,"O12","de-protonated",0,NA,"C18 H12 O12",18,12,12,NA,NA,NA,NA,NA,NA,NA,NA
2847,419.062528,419.061830293535,419.061984798874,6437079.5,NA,237723.1,33.57,-1,-0.368693281946127,0.985668583308004,0.955639001462529,0.973656750569814,12,0.842105263157895,0.578947368421053,"O11","de-protonated",0,NA,"C19 H16 O11",19,16,11,NA,NA,NA,NA,NA,NA,NA,NA
2848,419.075595,419.074897262411,419.074739016714,7614685,NA,234187.6,40.09,-1,0.377607338173267,0.48722977049698,0.772687513667176,0.601412867765059,20,0.592592592592593,0.111111111111111,"S1 O3","de-protonated",0,NA,"C27 H16 O3 S1",27,16,3,NA,NA,1,NA,NA,NA,NA,NA
2849,419.093312,419.09261422021,419.092497081443,6789348,NA,238508.4,35.52,-1,0.279505760211285,0.492962298467748,0.772687513667176,0.604852384547519,20,0.592592592592593,0.185185185185185,"O5","de-protonated",0,NA,"C27 H16 O5",27,16,5,NA,NA,NA,NA,NA,NA,NA,NA
2850,419.098884,419.098186206938,419.098370308258,19054822,NA,241578.7,103.46,-1,-0.439279492879896,0.979731836894534,0.995975279979406,0.986229214128483,11,1,0.5,"O10","de-protonated",0,NA,"C20 H20 O10",20,20,10,NA,NA,NA,NA,NA,NA,NA,NA
2851,419.111931,419.111233175862,419.111124526098,16990444,NA,231214,92.03,-1,0.259238557417067,0.983620903054984,0.976764583237525,0.980878375128,19,0.714285714285714,0.0714285714285714,"S1 O2","de-protonated",0,NA,"C28 H20 O2 S1",28,20,2,NA,NA,1,NA,NA,NA,NA,NA
2852,419.119766,419.119068157199,419.118986612021,2048239.3,NA,224496.9,9.26,-1,0.194563313333394,0.993154816959357,0,0.595892890175614,24,0.533333333333333,0.0333333333333333,"N2 O1","de-protonated",0,NA,"C30 H16 O1 N2",30,16,1,2,NA,NA,NA,NA,NA,NA,NA
2854,419.135379,419.134681120011,419.134755817642,22872310,NA,239172.7,124.61,-1,-0.1782186532288,0.985403630870675,0.993502812480359,0.988643303514549,10,1.14285714285714,0.428571428571429,"O9","de-protonated",0,NA,"C21 H24 O9",21,24,9,NA,NA,NA,NA,NA,NA,NA,NA
2855,419.148484,419.147786088796,419.147642977264,22409468,NA,239216.2,122.05,-1,0.341434656188451,0.988873200534585,0.90830475993451,0.956645824294555,5,1.61111111111111,0.5,"P1 O9","de-protonated",0,NA,"C18 H29 O9 P1",18,29,9,NA,1,NA,NA,NA,NA,NA,NA
2856,419.15652,419.155822069655,419.155885185742,2147582.5,NA,266536.8,9.81,-1,-0.15057903094392,0.995894276027183,0,0.59753656561631,5,1.55555555555556,0.611111111111111,"O11","de-protonated",0,NA,"C18 H28 O11",18,28,11,NA,NA,NA,NA,NA,NA,NA,NA
2858,419.171766,419.17106803334,419.171141327027,8687877,NA,235367.3,46.04,-1,-0.174853846896034,0.995416776772255,0.998435435069683,0.996624240091227,9,1.27272727272727,0.363636363636364,"O8","de-protonated",0,NA,"C22 H28 O8",22,28,8,NA,NA,NA,NA,NA,NA,NA,NA
2859,419.184794,419.184096002309,419.184028486649,25067786,NA,226093.6,136.77,-1,0.161064485705356,0.992199669336757,0.864083346982136,0.940953140394909,4,1.73684210526316,0.421052631578947,"P1 O8","de-protonated",0,NA,"C19 H33 O8 P1",19,33,8,NA,1,NA,NA,NA,NA,NA,NA
2860,419.192844,419.192145983134,419.192270695126,4545806,NA,251892.7,23.09,-1,-0.297505465950936,0.984068340205566,0,0.59044100412334,4,1.68421052631579,0.526315789473684,"O10","de-protonated",0,NA,"C19 H32 O10",19,32,10,NA,NA,NA,NA,NA,NA,NA,NA
2861,419.202395,419.201696960385,419.201653609596,2470673.8,NA,251752.4,11.6,-1,0.10341273183472,0.998061434160536,0,0.598836860496322,17,0.933333333333333,0.0666666666666667,"O2","de-protonated",0,NA,"C30 H28 O2",30,28,2,NA,NA,NA,NA,NA,NA,NA,NA
2862,419.221156,419.220457915698,419.220413996033,17772826,NA,239658.9,96.36,-1,0.104765090519238,0.998489388900224,0.924149774662164,0.968753543205,3,1.85,0.35,"P1 O7","de-protonated",0,NA,"C20 H37 O7 P1",20,37,7,NA,1,NA,NA,NA,NA,NA,NA
2865,419.25766,419.256961828748,419.256799505417,8851753,NA,245370.9,46.94,-1,0.387169227144802,0.985986801713997,0.919020527648126,0.959200292087649,2,1.95238095238095,0.285714285714286,"P1 O6","de-protonated",0,NA,"C21 H41 O6 P1",21,41,6,NA,1,NA,NA,NA,NA,NA,NA
2866,419.293907,419.293208742411,419.293185014802,4289848,NA,249357.8,21.67,-1,0.0565895427781611,0.999419101804608,0,0.599651461082765,1,2.04545454545455,0.227272727272727,"P1 O5","de-protonated",0,NA,"C22 H45 O5 P1",22,45,5,NA,1,NA,NA,NA,NA,NA,NA
2869,420.058044,420.057343922305,420.057233771067,1989239.3,NA,261528.1,8.93,-1,0.262229119686889,0.987600359354483,0,0.592560215612689,12,0.833333333333333,0.611111111111111,"N1 O11","de-protonated",0,NA,"C18 H15 O11 N1",18,15,11,1,NA,NA,NA,NA,NA,NA,NA
2871,420.094119,420.093418836378,420.093619280451,3772038.3,NA,267492.6,18.8,-1,-0.477141436749944,0.959532276938801,0,0.575719366163281,11,1,0.526315789473684,"N1 O10","de-protonated",0,NA,"C19 H19 O10 N1",19,19,10,1,NA,NA,NA,NA,NA,NA,NA
2874,420.130528,420.129827749655,420.130004789835,2804885.5,NA,237658.1,13.45,-1,-0.421393802565089,0.968293205017562,0,0.580975923010537,10,1.15,0.45,"N1 O9","de-protonated",0,NA,"C20 H23 O9 N1",20,23,9,1,NA,NA,NA,NA,NA,NA,NA
2878,420.167104,420.166403662534,420.16639029922,1778340.9,NA,281966.2,7.76,-1,0.0318048157361348,0.999816473095117,0,0.59988988385707,9,1.28571428571429,0.380952380952381,"N1 O8","de-protonated",0,NA,"C21 H27 O8 N1",21,27,8,1,NA,NA,NA,NA,NA,NA,NA
2881,420.180075,420.179374631638,420.179277458842,1772202.3,NA,236317,7.73,-1,0.231265086182307,0.990342418791626,0,0.594205451274976,4,1.77777777777778,0.444444444444444,"N1 P1 O8","de-protonated",0,NA,"C18 H32 O8 N1 P1",18,32,8,1,1,NA,NA,NA,NA,NA,NA
2884,420.25288,420.252179458223,420.25204847761,8512201,NA,251504.1,45.06,-1,0.311671564130582,0.491264325826172,0.821075868479145,0.623188942887361,2,2,0.3,"N1 P1 O6","de-protonated",0,NA,"C20 H40 O6 N1 P1",20,40,6,1,1,NA,NA,NA,NA,NA,NA
2886,420.28919,420.288489371736,420.288433986994,7332568,NA,247056.5,38.53,-1,0.131777934845028,0.498427012794207,0.813795485951173,0.624574402056993,1,2.0952380952381,0.238095238095238,"N1 P1 O5","de-protonated",0,NA,"C21 H44 O5 N1 P1",21,44,5,1,1,NA,NA,NA,NA,NA,NA
2887,420.297502,420.296801351938,420.296676195472,1841883.4,NA,228423,8.11,-1,0.297781241342625,0.984039027607384,0,0.59042341656443,1,2.04761904761905,0.333333333333333,"N1 O7","de-protonated",0,NA,"C21 H43 O7 N1",21,43,7,1,NA,NA,NA,NA,NA,NA,NA
2895,421.041809,421.041106579065,421.041249353967,4022291.3,NA,242854.2,20.19,-1,-0.339099559128519,0.979351643761329,0,0.587610986256797,12,0.777777777777778,0.666666666666667,"O12","de-protonated",0,NA,"C18 H14 O12",18,14,12,NA,NA,NA,NA,NA,NA,NA,NA
2896,421.078299,421.077596492149,421.077634863352,15193123,NA,240338.9,82.07,-1,-0.0911261940516144,0.977164112946187,0.982999362063511,0.979498212593117,11,0.947368421052632,0.578947368421053,"O11","de-protonated",0,NA,"C19 H18 O11",19,18,11,NA,NA,NA,NA,NA,NA,NA,NA
2897,421.091341,421.090638461085,421.090522022974,5441576,NA,216111.2,28.05,-1,0.276515629717247,0.986222067967313,0,0.591733240780388,6,1.4375,0.6875,"P1 O11","de-protonated",0,NA,"C16 H23 O11 P1",16,23,11,NA,1,NA,NA,NA,NA,NA,NA
2900,421.114697,421.113994405453,421.114020372736,35873840,NA,240573.5,196.63,-1,-0.0616633075778059,0.997008569662022,0.988511941921758,0.993609918565916,10,1.1,0.5,"O10","de-protonated",0,NA,"C20 H22 O10",20,22,10,NA,NA,NA,NA,NA,NA,NA,NA
2901,421.12767,421.126967374552,421.126774590576,12235831,NA,227164.7,65.69,-1,0.457781332015739,0.481344404548451,0.766236582456902,0.595301275711831,18,0.785714285714286,0.0714285714285714,"S1 O2","de-protonated",0,NA,"C28 H22 O2 S1",28,22,2,NA,NA,1,NA,NA,NA,NA,NA
2902,421.143026,421.142323337976,421.142163673643,3329085.5,NA,238711.8,16.35,-1,0.379122174037178,0.974256876006995,0,0.584554125604197,9,1.28571428571429,0.333333333333333,"P1 O7","de-protonated",0,NA,"C21 H27 O7 P1",21,27,7,NA,1,NA,NA,NA,NA,NA,NA
2903,421.145435,421.144732332238,421.144532655306,5767230.5,NA,237638.2,29.85,-1,0.474129227047029,0.480015647134966,0.766236582456902,0.59450402126374,18,0.785714285714286,0.142857142857143,"O4","de-protonated",0,NA,"C28 H22 O4",28,22,4,NA,NA,NA,NA,NA,NA,NA,NA
2904,421.150977,421.150274319037,421.15040588212,23393344,NA,238155.2,127.49,-1,-0.312389781702364,0.990378149872857,0.968662461524538,0.98169187453353,9,1.23809523809524,0.428571428571429,"O9","de-protonated",0,NA,"C21 H26 O9",21,26,9,NA,NA,NA,NA,NA,NA,NA,NA
2905,421.1558,421.155097307549,421.155114595975,36668484,NA,238610.7,201.03,-1,-0.0410500214242092,0.666008936385205,0.959009889508731,0.783209317634616,9,1.36842105263158,0.263157894736842,"N4 S1 O5","de-protonated",0,NA,"C19 H26 O5 S1 N4",19,26,5,4,NA,1,NA,NA,NA,NA,NA
2906,421.164056,421.163353287884,421.163160099961,27468870,NA,236530.8,150.07,-1,0.458700906416386,0.482168454502507,0.910735406090148,0.653595235137564,17,0.896551724137931,0.0344827586206897,"S1 O1","de-protonated",0,NA,"C29 H26 O1 S1",29,26,1,NA,NA,1,NA,NA,NA,NA,NA
2907,421.172212,421.171509268457,421.17153525022,1887305.9,NA,254468.5,8.36,-1,-0.0616892654378308,0.999309723495267,0,0.59958583409716,4,1.66666666666667,0.611111111111111,"O11","de-protonated",0,NA,"C18 H30 O11",18,30,11,NA,NA,NA,NA,NA,NA,NA,NA
2909,421.187561,421.186858231897,421.186791391505,7029840.5,NA,252213.7,36.85,-1,0.158695367269136,0.99436050176401,0.99131398144602,0.993141893636813,8,1.36363636363636,0.363636363636364,"O8","de-protonated",0,NA,"C22 H30 O8",22,30,8,NA,NA,NA,NA,NA,NA,NA,NA
2912,421.22716,421.226457137576,421.226548204259,27493472,NA,241193.5,150.2,-1,-0.216194072763255,0.663591295684061,0.964547155349659,0.7839736395503,2,1.9,0.35,"S1 O7","de-protonated",0,NA,"C20 H38 O7 S1",20,38,7,NA,NA,1,NA,NA,NA,NA,NA
2913,421.236848,421.2361451145,421.236064060511,28927076,NA,236006.9,158.15,-1,0.192419396070056,0.981851223140514,0.976141860806163,0.979567478206773,2,1.95,0.35,"P1 O7","de-protonated",0,NA,"C20 H39 O7 P1",20,39,7,NA,1,NA,NA,NA,NA,NA,NA
2915,421.273268,421.272565027751,421.272449569895,5261428.5,NA,253170,27.05,-1,0.274069324164868,0.493231561625404,0.813795485951173,0.621457131355712,1,2.04761904761905,0.285714285714286,"P1 O6","de-protonated",0,NA,"C21 H43 O6 P1",21,43,6,NA,1,NA,NA,NA,NA,NA,NA
2919,422.073545,422.072840121563,422.072883835545,2339268.3,NA,260812.8,10.86,-1,-0.103569747340808,0.998055548625491,0,0.598833329175295,11,0.944444444444444,0.611111111111111,"N1 O11","de-protonated",0,NA,"C18 H17 O11 N1",18,17,11,1,NA,NA,NA,NA,NA,NA,NA
2921,422.109835,422.109130035123,422.109269344929,4113875.5,NA,255882,20.69,-1,-0.330032567272781,0.980430358620494,0,0.588258215172296,10,1.10526315789474,0.526315789473684,"N1 O10","de-protonated",0,NA,"C19 H21 O10 N1",19,21,10,1,NA,NA,NA,NA,NA,NA,NA
2925,422.14625,422.145544948386,422.145654854313,3635682.8,NA,246900.9,18.04,-1,-0.260350725081939,0.987776278550842,0,0.592665767130505,9,1.25,0.45,"N1 O9","de-protonated",0,NA,"C20 H25 O9 N1",20,25,9,1,NA,NA,NA,NA,NA,NA,NA
2927,422.159215,422.158509917504,422.158409072154,9534952,NA,240340.9,50.72,-1,0.238880355415226,0.494849631901952,0.766236582456902,0.603404412123932,17,0.892857142857143,0.0357142857142857,"N1 S1 O1","de-protonated",0,NA,"C28 H25 O1 S1 N1",28,25,1,1,NA,1,NA,NA,NA,NA,NA
2931,422.203786,422.20308081134,422.203169731797,8150523,NA,228649.4,43.05,-1,-0.210610585260562,0.495991907939603,0.836034543948893,0.632008962343319,3,1.83333333333333,0.555555555555556,"N1 O10","de-protonated",0,NA,"C18 H33 O10 N1",18,33,10,1,NA,NA,NA,NA,NA,NA,NA
2932,422.222499,422.221793766768,422.221797176452,7716355,NA,249282.7,40.65,-1,-0.00807557599873169,0.999578954631713,0.975306321860173,0.989869901523097,2,1.94736842105263,0.368421052631579,"N1 S1 O7","de-protonated",0,NA,"C19 H37 O7 S1 N1",19,37,7,1,NA,1,NA,NA,NA,NA,NA
2942,423.057578,423.056870777684,423.056899418445,8503138,NA,248068.5,45,-1,-0.0676995483144781,0.49958436242417,0.836034543948893,0.634164435034059,11,0.888888888888889,0.666666666666667,"O12","de-protonated",0,NA,"C18 H16 O12",18,16,12,NA,NA,NA,NA,NA,NA,NA,NA
2944,423.093952,423.093244691045,423.09328492783,31655794,NA,238715.5,173.26,-1,-0.0951014502053536,0.998878391096571,0.996712712639653,0.998012119713804,10,1.05263157894737,0.578947368421053,"O11","de-protonated",0,NA,"C19 H20 O11",19,20,11,NA,NA,NA,NA,NA,NA,NA,NA
2945,423.106942,423.106234660104,423.10603914567,4446071,NA,199475.9,22.53,-1,0.46209322380946,0.480998106579143,0.772687513667176,0.597673869414356,18,0.740740740740741,0.111111111111111,"S1 O3","de-protonated",0,NA,"C27 H20 O3 S1",27,20,3,NA,NA,1,NA,NA,NA,NA,NA
2946,423.122315,423.121607623487,423.121428228737,6049661.5,NA,240118.6,31.41,-1,0.423979354545026,0.969225609927414,0.758743626008811,0.885032816359973,9,1.25,0.4,"P1 O8","de-protonated",0,NA,"C20 H25 O8 P1",20,25,8,NA,1,NA,NA,NA,NA,NA,NA
2947,423.12464,423.123932617949,423.123797210399,3582846.5,NA,245718,17.75,-1,0.320018751320459,0.981589067496535,0,0.588953440497921,18,0.740740740740741,0.185185185185185,"O5","de-protonated",0,NA,"C27 H20 O5",27,20,5,NA,NA,NA,NA,NA,NA,NA,NA
2948,423.130253,423.129545604579,423.129670437214,43509632,NA,240359.5,238.92,-1,-0.295022173349338,0.991796452961634,0.992654361614327,0.992139616422711,9,1.2,0.5,"O10","de-protonated",0,NA,"C20 H24 O10",20,24,10,NA,NA,NA,NA,NA,NA,NA,NA
2949,423.143333,423.142625573424,423.142424655054,13690758,NA,236131.7,73.74,-1,0.474824450508085,0.479958188849691,0.766236582456902,0.594469546292575,17,0.857142857142857,0.0714285714285714,"S1 O2","de-protonated",0,NA,"C28 H24 O2 S1",28,24,2,NA,NA,1,NA,NA,NA,NA,NA
2950,423.152915,423.1522075506,423.152137215799,11057034,NA,237844.2,59.15,-1,0.166216344916932,0.986704694436918,0.931177651213997,0.96449387714775,9,1.33333333333333,0.444444444444444,"N4 O8","de-protonated",0,NA,"C18 H24 O8 N4",18,24,8,4,NA,NA,NA,NA,NA,NA,NA
2953,423.166774,423.166066517589,423.166055946598,16308112,NA,239331.8,88.24,-1,0.0249807156669283,0.982861915057168,0.949089509123618,0.969352952683748,8,1.33333333333333,0.428571428571429,"O9","de-protonated",0,NA,"C21 H28 O9",21,28,9,NA,NA,NA,NA,NA,NA,NA,NA
2954,423.17982,423.179112486515,423.17894310622,27658134,NA,241798.7,151.11,-1,0.400256906368271,0.485674673846671,0.836034543948893,0.62581862188756,3,1.83333333333333,0.5,"P1 O9","de-protonated",0,NA,"C18 H33 O9 P1",18,33,9,NA,1,NA,NA,NA,NA,NA,NA
2955,423.190713,423.190005460569,423.190176495513,1802650.3,NA,227340.2,7.89,-1,-0.40415622429103,0.970796668015074,0,0.582478000809044,3,1.94117647058824,0.470588235294118,"N2 P1 O8","de-protonated",0,NA,"C17 H33 O8 N2 P1",17,33,8,2,1,NA,NA,NA,NA,NA,NA
2956,423.194992,423.194284450377,423.194199247505,2712988,NA,250907.7,12.93,-1,0.201332796009156,0.992671978444515,0,0.595603187066709,7,1.5,0.272727272727273,"P1 O6","de-protonated",0,NA,"C22 H33 O6 P1",22,33,6,NA,1,NA,NA,NA,NA,NA,NA
2958,423.203168,423.202460430902,423.202441455983,3012511.5,NA,230093.3,14.59,-1,0.044836507503679,0.999635297974971,0,0.599781178784983,7,1.45454545454545,0.363636363636364,"O8","de-protonated",0,NA,"C22 H32 O8",22,32,8,NA,NA,NA,NA,NA,NA,NA,NA
2959,423.216219,423.215511399816,423.215328615605,17495974,NA,200120.4,94.82,-1,0.431894118102093,0.483360144233118,0.828487690504102,0.621411162741512,2,1.94736842105263,0.421052631578947,"P1 O8","de-protonated",0,NA,"C19 H37 O8 P1",19,37,8,NA,1,NA,NA,NA,NA,NA,NA
2961,423.233827,423.233119357875,423.232953738552,9385900,NA,237820.9,49.89,-1,0.391319535178211,0.486298524621381,0.753652554121787,0.593240136421544,15,1.06666666666667,0.0666666666666667,"O2","de-protonated",0,NA,"C30 H32 O2",30,32,2,NA,NA,NA,NA,NA,NA,NA,NA
2962,423.252458,423.251750313498,423.251714124989,8097716.5,NA,229335.5,42.76,-1,0.0855011511236361,0.499337204198832,0.821075868479145,0.628032669910957,1,2.05,0.35,"P1 O7","de-protonated",0,NA,"C20 H41 O7 P1",20,41,7,NA,1,NA,NA,NA,NA,NA,NA
2964,424.089274,424.088564320277,424.088533900023,3645717,NA,236783.4,18.09,-1,0.071730904891304,0.999066823632569,0,0.599440094179542,10,1.05555555555556,0.611111111111111,"N1 O11","de-protonated",0,NA,"C18 H19 O11 N1",18,19,11,1,NA,NA,NA,NA,NA,NA,NA
2969,424.138611,424.137901202761,424.137806569029,4341034,NA,264410.3,21.95,-1,0.223120246155453,0.991007679539356,0,0.594604607723614,4,1.75,0.625,"N1 P1 O10","de-protonated",0,NA,"C16 H28 O10 N1 P1",16,28,10,1,1,NA,NA,NA,NA,NA,NA
2971,424.156349,424.15563916051,424.155431691977,3354929.3,NA,252319,16.48,-1,0.48913327066596,0.957516960919515,0,0.574510176551709,17,0.851851851851852,0.148148148148148,"N1 O4","de-protonated",0,NA,"C27 H23 O4 N1",27,23,4,1,NA,NA,NA,NA,NA,NA,NA
2972,424.161885,424.161175147324,424.161304918791,2831155.8,NA,257782.1,13.58,-1,-0.30594838714579,0.983159023523378,0,0.589895414114027,8,1.35,0.45,"N1 O9","de-protonated",0,NA,"C20 H27 O9 N1",20,27,9,1,NA,NA,NA,NA,NA,NA,NA
2974,424.174969,424.174259116159,424.174059136632,4467001.5,NA,251812.6,22.64,-1,0.47145628828721,0.480235837662528,0.766236582456902,0.594636135580277,16,0.964285714285714,0.0357142857142857,"N1 S1 O1","de-protonated",0,NA,"C28 H27 O1 S1 N1",28,27,1,1,NA,1,NA,NA,NA,NA,NA
2975,424.184219,424.183509094127,424.183574992884,5796157,NA,294162.5,30.01,-1,-0.155354334872601,0.497815158242519,0.766236582456902,0.605183727928272,16,1,0.0357142857142857,"N1 P1 O1","de-protonated",0,NA,"C28 H28 O1 N1 P1",28,28,1,1,1,NA,NA,NA,NA,NA,NA
2977,424.211258,424.210548029722,424.210577587798,2279240.5,NA,236555.4,10.53,-1,-0.0696778371422235,0.999119454356583,0,0.59947167261395,2,2,0.444444444444444,"N1 P1 O8","de-protonated",0,NA,"C18 H36 O8 N1 P1",18,36,8,1,1,NA,NA,NA,NA,NA,NA
2978,424.219722,424.219012009562,424.218819796275,4390732,NA,143133.8,22.22,-1,0.45309938556709,0.963434048392393,0,0.578060429035436,2,1.94444444444444,0.555555555555556,"N1 O10","de-protonated",0,NA,"C18 H35 O10 N1",18,35,10,1,NA,NA,NA,NA,NA,NA,NA
2980,424.255996,424.25528592316,424.255205305659,1968987.5,NA,289657.6,8.81,-1,0.190021241506754,0.993469653727811,0,0.596081792236687,1,2.05263157894737,0.473684210526316,"N1 O9","de-protonated",0,NA,"C19 H39 O9 N1",19,39,9,1,NA,NA,NA,NA,NA,NA,NA
2984,425.065176,425.064463995766,425.064307274446,3519153.3,NA,259080.5,17.39,-1,0.368700258625705,0.975635609921172,0,0.585381365952703,10,1.05555555555556,0.555555555555556,"P1 O10","de-protonated",0,NA,"C18 H19 O10 P1",18,19,10,NA,1,NA,NA,NA,NA,NA,NA
2985,425.073288,425.072575976444,425.072549482923,16964276,NA,238375.8,91.87,-1,0.062327055693652,0.99875562696184,0.951642074285409,0.979910205891268,10,1,0.666666666666667,"O12","de-protonated",0,NA,"C18 H18 O12",18,18,12,NA,NA,NA,NA,NA,NA,NA,NA
2986,425.10151,425.100797909222,425.10069278383,10498753,NA,242696.9,56.05,-1,0.2472952718169,0.982635642513089,0.867705263259316,0.93666349081158,9,1.21052631578947,0.473684210526316,"P1 O9","de-protonated",0,NA,"C19 H23 O9 P1",19,23,9,NA,1,NA,NA,NA,NA,NA,NA
2987,425.109505,425.108792890178,425.108934992308,39586500,NA,233083.6,217.18,-1,-0.334272271691761,0.989963842178271,0.993446602964094,0.9913569464926,9,1.15789473684211,0.578947368421053,"O11","de-protonated",0,NA,"C19 H22 O11",19,22,11,NA,NA,NA,NA,NA,NA,NA,NA
2988,425.112426,425.111713883221,425.111926173123,1846469.3,NA,302067.8,8.13,-1,-0.499374138425904,0.95575977308519,0,0.573455863851114,9,1.27777777777778,0.444444444444444,"N2 P1 O8","de-protonated",0,NA,"C18 H23 O8 N2 P1",18,23,8,2,1,NA,NA,NA,NA,NA,NA
2989,425.122403,425.121690859456,425.121689210148,3341001.5,NA,220462.4,16.4,-1,0.00387961464366148,0.999997268945197,0,0.599998361367118,17,0.814814814814815,0.111111111111111,"S1 O3","de-protonated",0,NA,"C27 H22 O3 S1",27,22,3,NA,NA,1,NA,NA,NA,NA,NA
2990,425.132043,425.131330836495,425.1312050664,6319821.5,NA,235716.6,32.91,-1,0.295838304065467,0.492122492780674,0.772687513667176,0.604348501135275,17,0.851851851851852,0.111111111111111,"P1 O3","de-protonated",0,NA,"C27 H23 O3 P1",27,23,3,NA,1,NA,NA,NA,NA,NA,NA
2991,425.137911,425.137198822518,425.137078293215,12040912,NA,238571,64.6,-1,0.283506918726902,0.492760841306121,0.821075868479145,0.624086852175331,8,1.35,0.4,"P1 O8","de-protonated",0,NA,"C20 H27 O8 P1",20,27,8,NA,1,NA,NA,NA,NA,NA,NA
2992,425.140294,425.139581816842,425.139447274877,4861649,NA,220309,24.83,-1,0.316465491514069,0.490995979112406,0.772687513667176,0.603672592934314,17,0.814814814814815,0.185185185185185,"O5","de-protonated",0,NA,"C27 H22 O5",27,22,5,NA,NA,NA,NA,NA,NA,NA,NA
2993,425.145952,425.145239803365,425.145320501692,28543700,NA,235897,156.01,-1,-0.189813513817006,0.996670919274561,0.991491938953599,0.994599327146176,8,1.3,0.5,"O10","de-protonated",0,NA,"C20 H26 O10",20,26,10,NA,NA,NA,NA,NA,NA,NA,NA
2995,425.159055,425.158342772155,425.158207661314,12749529,NA,234385.3,68.52,-1,0.31778956208872,0.97604263346447,0.977440235662446,0.97660167434366,3,1.82352941176471,0.588235294117647,"P1 O10","de-protonated",0,NA,"C17 H31 O10 P1",17,31,10,NA,1,NA,NA,NA,NA,NA,NA
2998,425.182408,425.18169571653,425.181706011076,7535331,NA,252846,39.64,-1,-0.0242121104511726,0.499946817833216,0.813795485951173,0.625486285080399,7,1.42857142857143,0.428571428571429,"O9","de-protonated",0,NA,"C21 H30 O9",21,30,9,NA,NA,NA,NA,NA,NA,NA,NA
2999,425.195384,425.194671685622,425.194460228917,14015208,NA,239098.9,75.53,-1,0.497317640062492,0.969785404859307,0.923212039884833,0.951156058869517,15,1.03448275862069,0.0344827586206897,"S1 O1","de-protonated",0,NA,"C29 H30 O1 S1",29,30,1,NA,NA,1,NA,NA,NA,NA,NA
3000,425.206533,425.205820659066,425.205826559991,3104493,NA,234669.7,15.09,-1,-0.013877806891274,0.999965054768657,0,0.599979032861194,2,2.05882352941176,0.470588235294118,"N2 P1 O8","de-protonated",0,NA,"C17 H35 O8 N2 P1",17,35,8,2,1,NA,NA,NA,NA,NA,NA
3002,425.218652,425.2179396302,425.218091520461,4304626,NA,242946.6,21.74,-1,-0.357205546408829,0.977113862519109,0,0.586268317511465,6,1.54545454545455,0.363636363636364,"O8","de-protonated",0,NA,"C22 H34 O8",22,34,8,NA,NA,NA,NA,NA,NA,NA,NA
3003,425.231718,425.231005599078,425.230978680083,6089463.5,NA,237204.9,31.63,-1,0.0633044077790004,0.499636559061814,0.828487690504102,0.631177011638729,1,2.05263157894737,0.421052631578947,"P1 O8","de-protonated",0,NA,"C19 H39 O8 P1",19,39,8,NA,1,NA,NA,NA,NA,NA,NA
3005,425.255176,425.254463543203,425.254477029845,2730753.8,NA,269196.8,13.02,-1,-0.0317142854564793,0.999817516307057,0,0.599890509784234,5,1.65217391304348,0.304347826086957,"O7","de-protonated",0,NA,"C23 H38 O7",23,38,7,NA,NA,NA,NA,NA,NA,NA,NA
3006,425.258494,425.2577815353,425.257848333215,5704451,NA,248596.9,29.5,-1,-0.157076266352984,0.497766565637912,0.821075868479145,0.627090286774406,0,2.1,0.35,"S1 O7","de-protonated",0,NA,"C20 H42 O7 S1",20,42,7,NA,NA,1,NA,NA,NA,NA,NA
3008,425.291379,425.290666456971,425.290862539229,2258705,NA,248481,10.41,-1,-0.461054482333595,0.962163608605208,0,0.577298165163125,4,1.75,0.25,"O6","de-protonated",0,NA,"C24 H42 O6",24,42,6,NA,NA,NA,NA,NA,NA,NA,NA
3010,426.068684,426.0679696055,426.067798455116,1888345.9,NA,258680.9,8.36,-1,0.401697533048596,0.971145744347438,0,0.582687446608463,10,1,0.705882352941177,"N1 O12","de-protonated",0,NA,"C17 H17 O12 N1",17,17,12,1,NA,NA,NA,NA,NA,NA,NA
3014,426.117947,426.11723248816,426.117071124123,3583086.8,NA,243786.6,17.74,-1,0.378684751620196,0.974315476325245,0,0.584589285795147,4,1.73333333333333,0.733333333333333,"N1 P1 O11","de-protonated",0,NA,"C15 H26 O11 N1 P1",15,26,11,1,1,NA,NA,NA,NA,NA,NA
3016,426.141404,426.140689432287,426.140569473885,5418104.5,NA,242982.4,27.91,-1,0.281499606167551,0.492862256533503,0.828487690504102,0.627112430121743,8,1.31578947368421,0.526315789473684,"N1 O10","de-protonated",0,NA,"C19 H25 O10 N1",19,25,10,1,NA,NA,NA,NA,NA,NA,NA
3018,426.154362,426.153647401423,426.153456633507,5909630,NA,231791.1,30.63,-1,0.447650752562893,0.964292391851701,0,0.578575435111021,3,1.875,0.625,"N1 P1 O10","de-protonated",0,NA,"C16 H30 O10 N1 P1",16,30,10,1,1,NA,NA,NA,NA,NA,NA
3021,426.190572,426.189857315174,426.18970920111,2632845.5,NA,261319.2,12.48,-1,0.347530831239445,0.978323436816855,0,0.586994062090113,15,1.03571428571429,0.0357142857142857,"N1 S1 O1","de-protonated",0,NA,"C28 H29 O1 S1 N1",28,29,1,1,NA,1,NA,NA,NA,NA,NA
3026,427.052364,427.051647262462,427.051814038017,5017083,NA,249317.6,25.68,-1,-0.390527681234458,0.972706313507591,0,0.583623788104554,10,0.941176470588235,0.764705882352941,"O13","de-protonated",0,NA,"C17 H16 O13",17,16,13,NA,NA,NA,NA,NA,NA,NA,NA
3028,427.088897,427.088180175444,427.088199547401,19721738,NA,232007.5,107.14,-1,-0.0453582126244293,0.997998863805438,0.986566505500757,0.993425920483566,9,1.11111111111111,0.666666666666667,"O12","de-protonated",0,NA,"C18 H20 O12",18,20,12,NA,NA,NA,NA,NA,NA,NA,NA
3030,427.104216,427.103499138956,427.103455688686,2893329,NA,263727.1,13.92,-1,0.101732422561202,0.998123861549674,0,0.598874316929805,13,0.909090909090909,0.409090909090909,"O9","de-protonated",0,NA,"C22 H20 O9",22,20,9,NA,NA,NA,NA,NA,NA,NA,NA
3031,427.117222,427.116505107976,427.116342848308,22879766,NA,235219.9,124.63,-1,0.379895714340213,0.986916820011578,0.944445036618109,0.969928106654191,8,1.31578947368421,0.473684210526316,"P1 O9","de-protonated",0,NA,"C19 H25 O9 P1",19,25,9,NA,1,NA,NA,NA,NA,NA,NA
3032,427.12523,427.124513088902,427.124585056786,27168282,NA,233918.4,148.39,-1,-0.168493891818598,0.993595880092273,0.989770721510808,0.992065816659687,8,1.26315789473684,0.578947368421053,"O11","de-protonated",0,NA,"C19 H24 O11",19,24,11,NA,NA,NA,NA,NA,NA,NA,NA
3033,427.129172,427.128455079513,427.128445617526,1795611.5,NA,251810.3,7.84,-1,0.0221525554245151,0.999910960614003,0,0.599946576368402,7,1.52631578947368,0.157894736842105,"N2 S2 P1 O3","de-protonated",0,NA,"C19 H29 O3 S2 N2 P1",19,29,3,2,1,2,NA,NA,NA,NA,NA
3034,427.134847,427.134130065995,427.133967971256,3857438,NA,199995,19.26,-1,0.379493908955213,0.487103512634057,0.753652554121787,0.593723129229149,21,0.666666666666667,0.1,"O3","de-protonated",0,NA,"C30 H20 O3",30,20,3,NA,NA,NA,NA,NA,NA,NA,NA
3035,427.137986,427.137269058518,427.137339274626,3105823.3,NA,220675.4,15.1,-1,-0.164387659732773,0.995108658991188,0,0.597065195394713,16,0.888888888888889,0.111111111111111,"S1 O3","de-protonated",0,NA,"C27 H24 O3 S1",27,24,3,NA,NA,1,NA,NA,NA,NA,NA
3036,427.140629,427.139912052223,427.139841198071,2484256.5,NA,239135.9,11.65,-1,0.165880457921747,0.995019642051671,0,0.597011785231002,12,1.04347826086957,0.347826086956522,"O8","de-protonated",0,NA,"C23 H24 O8",23,24,8,NA,NA,NA,NA,NA,NA,NA,NA
3037,427.153575,427.152858021387,427.152728357693,12611110,NA,240612.3,67.75,-1,0.303553473203046,0.981350176840256,0.936221257107618,0.963298608947201,7,1.45,0.4,"P1 O8","de-protonated",0,NA,"C20 H29 O8 P1",20,29,8,NA,1,NA,NA,NA,NA,NA,NA
3038,427.155863,427.155146015937,427.155097339355,3663398.8,NA,241780.4,18.19,-1,0.113955286805319,0.498823258052182,0.772687513667176,0.60836896029818,16,0.888888888888889,0.185185185185185,"O5","de-protonated",0,NA,"C27 H24 O5",27,24,5,NA,NA,NA,NA,NA,NA,NA,NA
3039,427.16161,427.160893002248,427.16097056617,12262953,NA,236976.2,65.82,-1,-0.181580076617972,0.993684070625431,0.993578434301225,0.993641816095749,7,1.4,0.5,"O10","de-protonated",0,NA,"C20 H28 O10",20,28,10,NA,NA,NA,NA,NA,NA,NA,NA
3040,427.174725,427.174007971009,427.173857725792,10751535,NA,229141.3,57.45,-1,0.351719129698091,0.488901845518851,0.843720152817574,0.63082916843834,2,1.94117647058824,0.588235294117647,"P1 O10","de-protonated",0,NA,"C17 H33 O10 P1",17,33,10,NA,1,NA,NA,NA,NA,NA,NA
3043,427.198026,427.197308915509,427.197356075554,7310904.5,NA,276873.7,38.39,-1,-0.110394048651438,0.498895577950736,0.813795485951173,0.624855541150911,6,1.52380952380952,0.428571428571429,"O9","de-protonated",0,NA,"C21 H32 O9",21,32,9,NA,NA,NA,NA,NA,NA,NA,NA
3044,427.211108,427.210390884348,427.210243235176,5385790.5,NA,238527.9,27.73,-1,0.345612434395623,0.978559511893247,0,0.587135707135948,1,2.05555555555556,0.5,"P1 O9","de-protonated",0,NA,"C18 H37 O9 P1",18,37,9,NA,1,NA,NA,NA,NA,NA,NA
3045,427.218151,427.217433867573,427.217320930694,1860673.3,NA,213341.1,8.2,-1,0.264354633457407,0.987399809502072,0,0.592439885701243,10,1.39130434782609,0.0869565217391304,"N4 S1 O2","de-protonated",0,NA,"C23 H32 O2 S1 N4",23,32,2,4,NA,1,NA,NA,NA,NA,NA
3047,427.234435,427.233717828786,427.233741584939,8746568,NA,233980.5,46.34,-1,-0.0556045806519094,0.987523702796087,0.999998190788211,0.992513497992936,5,1.63636363636364,0.363636363636364,"O8","de-protonated",0,NA,"C22 H36 O8",22,36,8,NA,NA,NA,NA,NA,NA,NA,NA
3048,427.270756,427.270038742272,427.270127094323,5065303.5,NA,214568.8,25.95,-1,-0.206782653593523,0.496135721871599,0.799615297578637,0.617527552154414,4,1.73913043478261,0.304347826086957,"O7","de-protonated",0,NA,"C23 H40 O7",23,40,7,NA,NA,NA,NA,NA,NA,NA,NA
3049,427.307252,427.306534655342,427.306512603707,2466407.3,NA,255453.5,11.55,-1,0.0516061286389531,0.99951688395526,0,0.599710130373156,3,1.83333333333333,0.25,"O6","de-protonated",0,NA,"C24 H44 O6",24,44,6,NA,NA,NA,NA,NA,NA,NA,NA
3051,427.931411,427.930692168651,427.930533653505,1726064.3,NA,190006.1,7.3,-1,0.370422611890271,0.975410274125439,0,0.585246164475263,12,0.571428571428571,0.642857142857143,"N1 S2 P1 O9","de-protonated",0,NA,"C14 H8 O9 S2 N1 P1",14,8,9,1,1,2,NA,NA,NA,NA,NA
3053,428.084218,428.083498804679,428.083448519594,3357617,NA,241793.3,16.14,-1,0.117465612173728,0.997499471714414,0,0.598499683028649,9,1.11764705882353,0.705882352941177,"N1 O12","de-protonated",0,NA,"C17 H19 O12 N1",17,19,12,1,NA,NA,NA,NA,NA,NA,NA
3057,428.133596,428.132876687065,428.132721188601,2909126,NA,254597.8,13.71,-1,0.36320154101846,0.976348322269447,0,0.585808993361668,3,1.86666666666667,0.733333333333333,"N1 P1 O11","de-protonated",0,NA,"C15 H28 O11 N1 P1",15,28,11,1,1,NA,NA,NA,NA,NA,NA
3062,428.178149,428.177429580944,428.177348906462,2008025,NA,220957.8,8.82,-1,0.188413705983596,0.993579322812317,0,0.59614759368739,2,1.9375,0.75,"N1 O12","de-protonated",0,NA,"C16 H31 O12 N1",16,31,12,1,NA,NA,NA,NA,NA,NA,NA
3063,428.19317,428.192450545165,428.192605047747,2810847.3,NA,256054.7,13.18,-1,-0.360824966575776,0.976653204631871,0,0.585991922779123,6,1.55,0.45,"N1 O9","de-protonated",0,NA,"C20 H31 O9 N1",20,31,9,1,NA,NA,NA,NA,NA,NA,NA
3068,429.068177,429.067455460977,429.067464102495,5050707.5,NA,239143.2,25.32,-1,-0.0201402325135041,0.99992640186552,0,0.599955841119312,9,1.05882352941176,0.764705882352941,"O13","de-protonated",0,NA,"C17 H18 O13",17,18,13,NA,NA,NA,NA,NA,NA,NA,NA
3070,429.083508,429.08278642446,429.08272024378,6402394,NA,233455.6,32.66,-1,0.154237578016727,0.497846389092362,0.813795485951173,0.624226027835887,13,0.857142857142857,0.476190476190476,"O10","de-protonated",0,NA,"C21 H18 O10",21,18,10,NA,NA,NA,NA,NA,NA,NA,NA
3071,429.096395,429.095673393764,429.09547446162,19521888,NA,235927,103.81,-1,0.463608113582911,0.968521515587039,0.96142286697972,0.965682056144111,21,0.620689655172414,0.0689655172413793,"S1 O2","de-protonated",0,NA,"C29 H18 O2 S1",29,18,2,NA,NA,1,NA,NA,NA,NA,NA
3072,429.104451,429.103729374575,429.103849611879,11733347,NA,233010.5,61.57,-1,-0.28020560609643,0.985507389678256,0.996747964725953,0.990003619697335,8,1.22222222222222,0.666666666666667,"O12","de-protonated",0,NA,"C18 H22 O12",18,22,12,NA,NA,NA,NA,NA,NA,NA,NA
3074,429.119797,429.119075338022,429.119105753164,5416297.5,NA,240674.8,27.31,-1,-0.0708780883896715,0.499544435472764,0.806643077274283,0.622383892193371,12,1,0.409090909090909,"O9","de-protonated",0,NA,"C22 H22 O9",22,22,9,NA,NA,NA,NA,NA,NA,NA,NA
3075,429.132871,429.132149306881,429.131992912786,26775920,NA,235139.2,143.15,-1,0.364442869820904,0.980348925287049,0.936550956048887,0.962829737591784,7,1.42105263157895,0.473684210526316,"P1 O9","de-protonated",0,NA,"C19 H27 O9 P1",19,27,9,NA,1,NA,NA,NA,NA,NA,NA
3076,429.14091,429.140188287733,429.140235121264,10656114,NA,245679.3,55.73,-1,-0.109133394367842,0.997747524858236,0.974711474225942,0.988533104605318,7,1.36842105263158,0.578947368421053,"O11","de-protonated",0,NA,"C19 H26 O11",19,26,11,NA,NA,NA,NA,NA,NA,NA,NA
3078,429.156338,429.155616250985,429.155491262549,4959609,NA,240268.8,24.83,-1,0.291242775568133,0.492363464955697,0.799615297578637,0.615264198004873,11,1.1304347826087,0.347826086956522,"O8","de-protonated",0,NA,"C23 H26 O8",23,26,8,NA,NA,NA,NA,NA,NA,NA,NA
3081,429.177343,429.176621200953,429.176620630648,8593794,NA,240083.3,44.54,-1,0.00132883524356849,0.992832860245242,0.995965159914377,0.994085780112896,6,1.5,0.5,"O10","de-protonated",0,NA,"C20 H30 O10",20,30,10,NA,NA,NA,NA,NA,NA,NA,NA
3082,429.190343,429.189621169988,429.18950779027,5470599.5,NA,208149.5,27.6,-1,0.264171691226526,0.987417132827791,0,0.592450279696674,1,2.05882352941176,0.588235294117647,"P1 O10","de-protonated",0,NA,"C17 H35 O10 P1",17,35,10,NA,1,NA,NA,NA,NA,NA,NA
3083,429.205586,429.204864133681,429.204763931555,3509646,NA,262356.6,16.97,-1,0.233459957010959,0.990159143439078,0,0.594095486063447,5,1.66666666666667,0.333333333333333,"P1 O7","de-protonated",0,NA,"C21 H35 O7 P1",21,35,7,NA,1,NA,NA,NA,NA,NA,NA
3084,429.213618,429.212896114549,429.213006140032,10664337,NA,237911.5,55.77,-1,-0.256342379109189,0.49407377514457,0.813795485951173,0.621962459467211,5,1.61904761904762,0.428571428571429,"O9","de-protonated",0,NA,"C21 H34 O9",21,34,9,NA,NA,NA,NA,NA,NA,NA,NA
3085,429.226759,429.226037083249,429.225893299654,4575639,NA,231704.8,22.75,-1,0.334983505152477,0.979844813349455,0,0.587906888009673,0,2.16666666666667,0.5,"P1 O9","de-protonated",0,NA,"C18 H39 O9 P1",18,39,9,NA,1,NA,NA,NA,NA,NA,NA
3086,429.250139,429.249417027559,429.249391649417,8389025,NA,238185.2,43.43,-1,0.0591221404537276,0.990810496410754,0.981070819768747,0.986914625753951,4,1.72727272727273,0.363636363636364,"O8","de-protonated",0,NA,"C22 H38 O8",22,38,8,NA,NA,NA,NA,NA,NA,NA,NA
3087,429.286505,429.285782940939,429.285777158801,4469168.5,NA,249134.7,22.17,-1,0.0134692046258749,0.499983541108354,0.799615297578637,0.619836243696468,3,1.82608695652174,0.304347826086957,"O7","de-protonated",0,NA,"C23 H42 O7",23,42,7,NA,NA,NA,NA,NA,NA,NA,NA
3089,430.078723,430.077999053947,430.077969215973,1901313.9,NA,256095.6,8.24,-1,0.0693780566852745,0.999127011638169,0,0.599476206982901,13,0.85,0.5,"N1 O10","de-protonated",0,NA,"C20 H17 O10 N1",20,17,10,1,NA,NA,NA,NA,NA,NA,NA
3096,430.149099,430.148374886317,430.148238311297,2150688,NA,228268.6,9.59,-1,0.317506868728594,0.981874329296018,0,0.589124597577611,15,0.961538461538462,0.115384615384615,"N1 S1 O3","de-protonated",0,NA,"C26 H25 O3 S1 N1",26,25,3,1,NA,1,NA,NA,NA,NA,NA
3098,430.17262,430.171895830292,430.171869602841,4926250,NA,248448.1,24.65,-1,0.060969703829072,0.999325727354178,0,0.599595436412507,6,1.52631578947368,0.526315789473684,"N1 O10","de-protonated",0,NA,"C19 H29 O10 N1",19,29,10,1,NA,NA,NA,NA,NA,NA,NA
3100,430.208912,430.208187743848,430.208255112225,3771193.5,NA,233697.8,18.38,-1,-0.156594803269508,0.995560411815303,0,0.597336247089182,5,1.65,0.45,"N1 O9","de-protonated",0,NA,"C20 H33 O9 N1",20,33,9,1,NA,NA,NA,NA,NA,NA,NA
3102,430.24547,430.24474565677,430.24464062161,1973577,NA,223448.6,8.63,-1,0.244128922739834,0.98924411496524,0,0.593546468979144,4,1.76190476190476,0.380952380952381,"N1 O8","de-protonated",0,NA,"C21 H37 O8 N1",21,37,8,1,NA,NA,NA,NA,NA,NA,NA
3105,431.062624,431.061897710383,431.061984798874,4392101.5,NA,230644.4,21.75,-1,-0.202032408364245,0.992621150286168,0,0.595572690171701,13,0.8,0.55,"O11","de-protonated",0,NA,"C20 H16 O11",20,16,11,NA,NA,NA,NA,NA,NA,NA,NA
3106,431.075694,431.074967679251,431.074871958496,7849131,NA,227183.8,40.5,-1,0.222051345754396,0.495546624055216,0.843720152817574,0.634816035560159,8,1.23529411764706,0.647058823529412,"P1 O11","de-protonated",0,NA,"C17 H21 O11 P1",17,21,11,NA,1,NA,NA,NA,NA,NA,NA
3107,431.083724,431.082997660124,431.083114166973,2872494.5,NA,241022.3,13.51,-1,-0.270265396223779,0.98683381642391,0,0.592100289854346,8,1.17647058823529,0.764705882352941,"O13","de-protonated",0,NA,"C17 H20 O13",17,20,13,NA,NA,NA,NA,NA,NA,NA,NA
3109,431.099061,431.098334623593,431.098370308258,8238261,NA,229585.9,42.61,-1,-0.0827761535790879,0.499378752903039,0.813795485951173,0.625145446122293,12,0.952380952380952,0.476190476190476,"O10","de-protonated",0,NA,"C21 H20 O10",21,20,10,NA,NA,NA,NA,NA,NA,NA,NA
3110,431.112126,431.111399592473,431.11125746788,22516922,NA,228001.6,120.05,-1,0.329670336744746,0.987730956940275,0.963316785365577,0.977965288310396,7,1.38888888888889,0.555555555555556,"P1 O10","de-protonated",0,NA,"C18 H25 O10 P1",18,25,10,NA,1,NA,NA,NA,NA,NA,NA
3111,431.120267,431.119540573082,431.119499676357,5217470,NA,241989.9,26.22,-1,0.0948616913128891,0.998368522670098,0,0.599021113602059,7,1.33333333333333,0.666666666666667,"O12","de-protonated",0,NA,"C18 H24 O12",18,24,12,NA,NA,NA,NA,NA,NA,NA,NA
3113,431.135564,431.134837536646,431.134755817642,10060997,NA,231307.6,52.49,-1,0.189543994637369,0.996206426231663,0.952301019824556,0.97864426366882,11,1.09090909090909,0.409090909090909,"O9","de-protonated",0,NA,"C22 H24 O9",22,24,9,NA,NA,NA,NA,NA,NA,NA,NA
3114,431.148546,431.147819505724,431.147642977264,20325578,NA,227889.1,108.16,-1,0.409438536410239,0.978153068215241,0.901347723453326,0.947430930310475,6,1.52631578947368,0.473684210526316,"P1 O9","de-protonated",0,NA,"C19 H29 O9 P1",19,29,9,NA,1,NA,NA,NA,NA,NA,NA
3115,431.156494,431.155767486793,431.155885185742,4650189.5,NA,233395.1,23.15,-1,-0.272984674286243,0.986569336288781,0,0.591941601773268,6,1.47368421052632,0.578947368421053,"O11","de-protonated",0,NA,"C19 H28 O11",19,28,11,NA,NA,NA,NA,NA,NA,NA,NA
3117,431.171751,431.171024450452,431.171141327027,5042388,NA,205464.4,25.27,-1,-0.271067711682138,0.493378025146844,0.799615297578637,0.615872934119561,10,1.21739130434783,0.347826086956522,"O8","de-protonated",0,NA,"C23 H28 O8",23,28,8,NA,NA,NA,NA,NA,NA,NA,NA
3118,431.184816,431.184089419332,431.184028486649,10118362,NA,238544.8,52.8,-1,0.14131479772112,0.997791391304427,0.799726411534755,0.918565399396558,5,1.65,0.4,"P1 O8","de-protonated",0,NA,"C20 H33 O8 P1",20,33,8,NA,1,NA,NA,NA,NA,NA,NA
3119,431.192894,431.192167400091,431.192270695126,6769885,NA,247028.2,34.64,-1,-0.239556786307723,0.494820574107375,0.821075868479145,0.625322691856083,5,1.6,0.5,"O10","de-protonated",0,NA,"C20 H32 O10",20,32,10,NA,NA,NA,NA,NA,NA,NA,NA
3120,431.208093,431.207366363889,431.207526836411,2233059.8,NA,253963.6,10.04,-1,-0.372146848647062,0.975183692498759,0,0.585110215499255,9,1.33333333333333,0.291666666666667,"O7","de-protonated",0,NA,"C24 H32 O7",24,32,7,NA,NA,NA,NA,NA,NA,NA,NA
3121,431.221345,431.220618332324,431.220413996033,6120681.5,NA,243411.3,31.12,-1,0.47385579155299,0.966180739018974,0.742387432238295,0.876663416306703,4,1.76190476190476,0.333333333333333,"P1 O7","de-protonated",0,NA,"C21 H37 O7 P1",21,37,7,NA,1,NA,NA,NA,NA,NA,NA
3122,431.229328,431.228601313309,431.22865620451,9174253,NA,233360.5,47.68,-1,-0.127290245598629,0.498532169763254,0.813795485951173,0.624637496238422,4,1.71428571428571,0.428571428571429,"O9","de-protonated",0,NA,"C21 H36 O9",21,36,9,NA,NA,NA,NA,NA,NA,NA,NA
3123,431.25773,431.257003245658,431.256799505417,3311864.8,NA,253929,15.89,-1,0.472433688595341,0.960310908702954,0,0.576186545221772,3,1.86363636363636,0.272727272727273,"P1 O6","de-protonated",0,NA,"C22 H41 O6 P1",22,41,6,NA,1,NA,NA,NA,NA,NA,NA
3124,431.265631,431.264904226838,431.265041713895,3851516.3,NA,246997.6,18.82,-1,-0.318799446066815,0.981727808220215,0,0.589036684932129,3,1.81818181818182,0.363636363636364,"O8","de-protonated",0,NA,"C22 H40 O8",22,40,8,NA,NA,NA,NA,NA,NA,NA,NA
3125,431.293755,431.293028159849,431.293185014802,2356488.3,NA,252222.7,10.71,-1,-0.363685209013066,0.976286040798239,0,0.585771624478944,2,1.95652173913043,0.217391304347826,"P1 O5","de-protonated",0,NA,"C23 H45 O5 P1",23,45,5,NA,1,NA,NA,NA,NA,NA,NA
3133,432.261067,432.260337855799,432.260290686088,1987237.4,NA,242173.4,8.7,-1,0.109123397132883,0.997841656900461,0,0.598704994140277,3,1.85714285714286,0.380952380952381,"N1 O8","de-protonated",0,NA,"C21 H39 O8 N1",21,39,8,1,NA,NA,NA,NA,NA,NA,NA
3134,432.279616,432.278886811617,432.278918130743,3186349.3,NA,246046.5,15.21,-1,-0.0724511983490055,0.999047997327132,0,0.599428798396279,2,1.95454545454545,0.227272727272727,"N1 S1 O5","de-protonated",0,NA,"C22 H43 O5 S1 N1",22,43,5,1,NA,1,NA,NA,NA,NA,NA
3135,432.970188,432.969457166736,432.969347715124,7909332.5,NA,238532.9,40.82,-1,0.252792980769212,0.494235808653709,0.836034543948893,0.630955302771783,14,0.555555555555556,0.5,"S2 O9","de-protonated",0,NA,"C18 H10 O9 S2",18,10,9,NA,NA,2,NA,NA,NA,NA,NA
3136,433.041921,433.041189995875,433.041249353967,3132403.3,NA,262834.4,14.91,-1,-0.137072606070956,0.996596583694185,0,0.597957950216511,13,0.736842105263158,0.631578947368421,"O12","de-protonated",0,NA,"C19 H14 O12",19,14,12,NA,NA,NA,NA,NA,NA,NA,NA
3137,433.072703,433.071971922555,433.071761636537,2415616.3,NA,263593.7,11.02,-1,0.48556852747992,0.958120822260762,0,0.574872493356457,21,0.518518518518518,0.222222222222222,"O6","de-protonated",0,NA,"C27 H14 O6",27,14,6,NA,NA,NA,NA,NA,NA,NA,NA
3138,433.078201,433.077469909459,433.077634863352,7854082.5,NA,228981.2,40.52,-1,-0.380887580786455,0.487009858836018,0.821075868479145,0.620636262693269,12,0.9,0.55,"O11","de-protonated",0,NA,"C20 H18 O11",20,18,11,NA,NA,NA,NA,NA,NA,NA,NA
3139,433.091317,433.090585878218,433.090389081192,9127944,NA,218159.4,47.43,-1,0.454401738820004,0.481613730164882,0.766236582456902,0.59546287108169,20,0.642857142857143,0.107142857142857,"S1 O3","de-protonated",0,NA,"C28 H18 O3 S1",28,18,3,NA,NA,1,NA,NA,NA,NA,NA
3140,433.099268,433.098536859279,433.098602040199,1909003.8,NA,208154.7,8.28,-1,-0.150499030076802,0.995898628557634,0,0.59753917713458,2,2.25,0.583333333333333,"N4 S2 P1 O7","de-protonated",0,NA,"C12 H27 O7 S2 N4 P1",12,27,7,4,1,2,NA,NA,NA,NA,NA
3142,433.114739,433.114007822429,433.114020372736,17491986,NA,234284.4,92.79,-1,-0.0289769126436869,0.994363251247847,0.997684250388031,0.99569165090392,11,1.04761904761905,0.476190476190476,"O10","de-protonated",0,NA,"C21 H22 O10",21,22,10,NA,NA,NA,NA,NA,NA,NA,NA
3143,433.127794,433.127062791333,433.126907532358,15439896,NA,230423.3,81.66,-1,0.358460701336506,0.985916237267179,0.936465876889056,0.96613609311593,6,1.5,0.555555555555556,"P1 O10","de-protonated",0,NA,"C18 H27 O10 P1",18,27,10,NA,1,NA,NA,NA,NA,NA,NA
3144,433.135992,433.135260771806,433.135149740835,1828891.4,NA,207485.6,7.84,-1,0.256342554402299,0.988147534175598,0,0.592888520505359,6,1.44444444444444,0.666666666666667,"O12","de-protonated",0,NA,"C18 H26 O12",18,26,12,NA,NA,NA,NA,NA,NA,NA,NA
3146,433.151104,433.150372735811,433.15040588212,14596130,NA,234190,77.09,-1,-0.0765237875738175,0.993612837180867,0.981493576650075,0.98876513296855,10,1.18181818181818,0.409090909090909,"O9","de-protonated",0,NA,"C22 H26 O9",22,26,9,NA,NA,NA,NA,NA,NA,NA,NA
3147,433.164108,433.163376704836,433.163293041742,16689191,NA,229069.7,88.44,-1,0.193144468520377,0.980691156960024,0.858541112094433,0.931831139013788,5,1.63157894736842,0.473684210526316,"P1 O9","de-protonated",0,NA,"C19 H31 O9 P1",19,31,9,NA,1,NA,NA,NA,NA,NA,NA
3148,433.172185,433.171453685598,433.17153525022,2796074.8,NA,255194.2,13.09,-1,-0.188296357047834,0.993587292558528,0,0.596152375535116,5,1.57894736842105,0.578947368421053,"O11","de-protonated",0,NA,"C19 H30 O11",19,30,11,NA,NA,NA,NA,NA,NA,NA,NA
3150,433.187472,433.186740649185,433.186791391505,4699185.5,NA,226289.5,23.41,-1,-0.117137272479008,0.498756706876423,0.799615297578637,0.619100143157309,9,1.30434782608696,0.347826086956522,"O8","de-protonated",0,NA,"C23 H30 O8",23,30,8,NA,NA,NA,NA,NA,NA,NA,NA
3151,433.200501,433.199769618151,433.199678551127,15738935,NA,233855,83.28,-1,0.210219511511055,0.995164935734202,0.850031464259005,0.937111547144123,4,1.75,0.4,"P1 O8","de-protonated",0,NA,"C20 H35 O8 P1",20,35,8,NA,1,NA,NA,NA,NA,NA,NA
3152,433.208446,433.207714599227,433.207920759604,3011130.5,NA,234614.1,14.25,-1,-0.475892445630049,0.959739542911678,0,0.575843725747007,4,1.7,0.5,"O10","de-protonated",0,NA,"C20 H34 O10",20,34,10,NA,NA,NA,NA,NA,NA,NA,NA
3154,433.237008,433.236276531195,433.236064060511,9254983,NA,237828.4,48.12,-1,0.490427048310075,0.9642517564711,0.89260403221554,0.935592666768876,3,1.85714285714286,0.333333333333333,"P1 O7","de-protonated",0,NA,"C21 H39 O7 P1",21,39,7,NA,1,NA,NA,NA,NA,NA,NA
3155,433.244991,433.24425951218,433.244306268988,1794634,NA,216854.7,7.66,-1,-0.107922498491632,0.997888850560503,0,0.598733310336302,3,1.80952380952381,0.428571428571429,"O9","de-protonated",0,NA,"C21 H38 O9",21,38,9,NA,NA,NA,NA,NA,NA,NA,NA
3156,433.273319,433.272587444705,433.272449569895,5450838,NA,245738.1,27.49,-1,0.318217349054962,0.490896931616734,0.806643077274283,0.617195389879754,2,1.95454545454545,0.272727272727273,"P1 O6","de-protonated",0,NA,"C22 H43 O6 P1",22,43,6,NA,1,NA,NA,NA,NA,NA,NA
3157,433.309668,433.308936358125,433.30883507928,2557541.8,NA,227432,11.79,-1,0.233733627687279,0.99013617249054,0,0.594081703494324,1,2.04347826086957,0.217391304347826,"P1 O5","de-protonated",0,NA,"C23 H47 O5 P1",23,47,5,NA,1,NA,NA,NA,NA,NA,NA
3158,434.073624,434.072890538451,434.072883835545,1846700.8,NA,260491.1,7.94,-1,0.0154418907152947,0.999956734135867,0,0.59997404048152,12,0.894736842105263,0.578947368421053,"N1 O11","de-protonated",0,NA,"C19 H17 O11 N1",19,17,11,1,NA,NA,NA,NA,NA,NA,NA
3160,434.109945,434.109211451937,434.109269344929,2642364.3,NA,234010.6,12.25,-1,-0.133360413366267,0.996778136517821,0,0.598066881910693,11,1.05,0.5,"N1 O10","de-protonated",0,NA,"C20 H21 O10 N1",20,21,10,1,NA,NA,NA,NA,NA,NA,NA
3163,434.146453,434.145719364979,434.145654854313,2333643.8,NA,254706.2,10.58,-1,0.148592217027905,0.996001691669783,0,0.59760101500187,10,1.19047619047619,0.428571428571429,"N1 O9","de-protonated",0,NA,"C21 H25 O9 N1",21,25,9,1,NA,NA,NA,NA,NA,NA,NA
3168,434.268641,434.267907073938,434.267698542088,2002432.3,NA,238721.7,8.78,-1,0.480191942159681,0.95902396143318,0,0.575414376859908,2,2,0.285714285714286,"N1 P1 O6","de-protonated",0,NA,"C21 H42 O6 N1 P1",21,42,6,1,1,NA,NA,NA,NA,NA,NA
3169,434.276756,434.276022054609,434.275940750566,2040835.6,NA,288244.9,8.99,-1,0.187217469997164,0.993660335412399,0,0.596196201247439,2,1.95238095238095,0.380952380952381,"N1 O8","de-protonated",0,NA,"C21 H41 O8 N1",21,41,8,1,NA,NA,NA,NA,NA,NA,NA
3172,435.04498,435.044244224768,435.044121393639,14281549,NA,229350.7,75.37,-1,0.282341774593392,0.492819792955929,0.772687513667176,0.604766881240428,26,0.333333333333333,0.037037037037037,"N4 P1 O1","de-protonated",0,NA,"C27 H9 O1 N4 P1",27,9,1,4,1,NA,NA,NA,NA,NA,NA
3173,435.057621,435.056885194658,435.056899418445,5787474,NA,236426.4,29.31,-1,-0.0326940849283941,0.499903033863901,0.828487690504102,0.631336896519981,12,0.842105263157895,0.631578947368421,"O12","de-protonated",0,NA,"C19 H16 O12",19,16,12,NA,NA,NA,NA,NA,NA,NA,NA
3174,435.070694,435.069958163519,435.069786578067,2902871.8,NA,243651.1,13.66,-1,0.394386044135049,0.972171944527623,0,0.583303166716574,7,1.3125,0.75,"P1 O12","de-protonated",0,NA,"C16 H21 O12 P1",16,21,12,NA,1,NA,NA,NA,NA,NA,NA
3175,435.084894,435.084158129696,435.084258328948,2503517.8,NA,185819.5,11.5,-1,-0.230298499233097,0.990422591998141,0,0.594253555198884,15,0.869565217391304,0.130434782608696,"N2 S2 O3","de-protonated",0,NA,"C23 H20 O3 S2 N2",23,20,3,2,NA,2,NA,NA,NA,NA,NA
3177,435.093921,435.093185108195,435.09328492783,16616290,NA,229805.5,88.04,-1,-0.22942122597243,0.993856110520382,0.955807322700822,0.978636595392558,11,1,0.55,"O11","de-protonated",0,NA,"C20 H20 O11",20,20,11,NA,NA,NA,NA,NA,NA,NA,NA
3178,435.106912,435.106176077251,435.10603914567,7275367.5,NA,207372.3,37.38,-1,0.314708528636513,0.491094785986144,0.766236582456902,0.601151504574447,19,0.714285714285714,0.107142857142857,"S1 O3","de-protonated",0,NA,"C28 H20 O3 S1",28,20,3,NA,NA,1,NA,NA,NA,NA,NA
3179,435.122178,435.121442040889,435.121428228737,3396462,NA,247333.5,16.34,-1,0.0317432139440117,0.999817183277193,0,0.599890309966316,10,1.19047619047619,0.380952380952381,"P1 O8","de-protonated",0,NA,"C21 H25 O8 P1",21,25,8,NA,1,NA,NA,NA,NA,NA,NA
3180,435.124626,435.123890035058,435.123797210399,4933487,NA,228330.8,24.68,-1,0.213329308551583,0.495888190377066,0.766236582456902,0.604027547209,19,0.714285714285714,0.178571428571429,"O5","de-protonated",0,NA,"C28 H20 O5",28,20,5,NA,NA,NA,NA,NA,NA,NA,NA
3181,435.130293,435.12955702156,435.129670437214,27884402,NA,228054.3,149.15,-1,-0.26064794412546,0.989797524212046,0.987620002426305,0.98892651549775,10,1.14285714285714,0.476190476190476,"O10","de-protonated",0,NA,"C21 H24 O10",21,24,10,NA,NA,NA,NA,NA,NA,NA,NA
3182,435.14343,435.142693990269,435.142557596836,11889527,NA,228126.9,62.4,-1,0.313445399611166,0.985513666335586,0.90752952480544,0.954320009723528,5,1.61111111111111,0.555555555555556,"P1 O10","de-protonated",0,NA,"C18 H29 O10 P1",18,29,10,NA,1,NA,NA,NA,NA,NA,NA
3184,435.166805,435.166068934592,435.166055946598,13540225,NA,232811.2,71.35,-1,0.0298460626904994,0.499919190423862,0.806643077274283,0.62260874516403,9,1.27272727272727,0.409090909090909,"O9","de-protonated",0,NA,"C22 H28 O9",22,28,9,NA,NA,NA,NA,NA,NA,NA,NA
3185,435.179813,435.179076903608,435.17894310622,23694214,NA,230127.6,126.42,-1,0.307453725899665,0.491497156617736,0.828487690504102,0.626293370172282,4,1.73684210526316,0.473684210526316,"P1 O9","de-protonated",0,NA,"C19 H33 O9 P1",19,33,9,NA,1,NA,NA,NA,NA,NA,NA
3187,435.203199,435.202462847904,435.202441455983,3548048.5,NA,228994.8,17.16,-1,0.0491539564359239,0.999561695837791,0,0.599737017502674,8,1.39130434782609,0.347826086956522,"O8","de-protonated",0,NA,"C23 H32 O8",23,32,8,NA,NA,NA,NA,NA,NA,NA,NA
3188,435.216118,435.215381817133,435.215328615605,23108502,NA,233351,123.25,-1,0.122241852299484,0.988314392118122,0.960050120048578,0.977008683290305,3,1.85,0.4,"P1 O8","de-protonated",0,NA,"C20 H37 O8 P1",20,37,8,NA,1,NA,NA,NA,NA,NA,NA
3189,435.233786,435.233049775049,435.232953738552,2615197.8,NA,225886.1,12.1,-1,0.220655388709338,0.991204390794117,0,0.59472263447647,16,1.03225806451613,0.0645161290322581,"O2","de-protonated",0,NA,"C31 H32 O2",31,32,2,NA,NA,NA,NA,NA,NA,NA,NA
3190,435.252528,435.251791730407,435.251714124989,9677734,NA,230600.7,50.41,-1,0.178300086448145,0.996706058879901,0.954431188901246,0.979796110888439,2,1.95238095238095,0.333333333333333,"P1 O7","de-protonated",0,NA,"C21 H41 O7 P1",21,41,7,NA,1,NA,NA,NA,NA,NA,NA
3191,435.270129,435.269392688483,435.269339247937,2502573.3,NA,211789.1,11.49,-1,0.122775811675547,0.99726859774532,0,0.598361158647192,15,1.125,0.03125,"O1","de-protonated",0,NA,"C32 H36 O1",32,36,1,NA,NA,NA,NA,NA,NA,NA,NA
3192,435.288971,435.288234643603,435.288099634373,4145077.3,NA,251103.9,20.4,-1,0.31016062735794,0.982696167370677,0,0.589617700422406,1,2.04545454545455,0.272727272727273,"P1 O6","de-protonated",0,NA,"C22 H45 O6 P1",22,45,6,NA,1,NA,NA,NA,NA,NA,NA
3194,436.089393,436.08865473707,436.088533900023,2822412.5,NA,259556,13.22,-1,0.277092924188791,0.986164878488001,0,0.591698927092801,11,1,0.578947368421053,"N1 O11","de-protonated",0,NA,"C19 H19 O11 N1",19,19,11,1,NA,NA,NA,NA,NA,NA,NA
3196,436.110509,436.109770686773,436.109663268122,2010901.5,NA,264891.1,8.82,-1,0.246311100791872,0.989052030950579,0,0.593431218570347,6,1.4375,0.8125,"N1 O13","de-protonated",0,NA,"C16 H23 O13 N1",16,23,13,1,NA,NA,NA,NA,NA,NA,NA
3197,436.125659,436.124920650687,436.124919409407,3126556,NA,236708.8,14.87,-1,0.00284615797011483,0.999998530155096,0,0.599999118093057,10,1.15,0.5,"N1 O10","de-protonated",0,NA,"C20 H23 O10 N1",20,23,10,1,NA,NA,NA,NA,NA,NA,NA
3200,436.162052,436.161313564003,436.161304918791,2100523.8,NA,166662,9.31,-1,0.0198211332051103,0.999928715466989,0,0.599957229280193,9,1.28571428571429,0.428571428571429,"N1 O9","de-protonated",0,NA,"C21 H27 O9 N1",21,27,9,1,NA,NA,NA,NA,NA,NA,NA
3202,436.174945,436.174206533293,436.174059136632,3625265.3,NA,225838.5,17.58,-1,0.337930827887072,0.489746131780809,0.759892473118277,0.597804668315796,17,0.931034482758621,0.0344827586206897,"N1 S1 O1","de-protonated",0,NA,"C29 H27 O1 S1 N1",29,27,1,1,NA,1,NA,NA,NA,NA,NA
3203,436.183278,436.182539513444,436.182434286891,7169333,NA,235568.7,36.8,-1,0.241244362715378,0.494747729308245,0.836034543948893,0.631262455164504,4,1.72222222222222,0.611111111111111,"N1 O11","de-protonated",0,NA,"C18 H31 O11 N1",18,31,11,1,NA,NA,NA,NA,NA,NA,NA
3208,436.9651,436.964359651214,436.964262334696,3212932.3,NA,255797.6,15.34,-1,0.222710474572671,0.991040530636206,0,0.594624318381723,13,0.588235294117647,0.588235294117647,"S2 O10","de-protonated",0,NA,"C17 H10 O10 S2",17,10,10,NA,NA,2,NA,NA,NA,NA,NA
3209,437.036765,437.036024480515,437.036163973539,2550435,NA,262137.6,11.75,-1,-0.319179591868185,0.981684607401939,0,0.589010764441163,12,0.777777777777778,0.722222222222222,"O13","de-protonated",0,NA,"C18 H14 O13",18,14,13,NA,NA,NA,NA,NA,NA,NA,NA
3211,437.073155,437.072414393837,437.072549482923,12992179,NA,229493.8,68.38,-1,-0.309077032277599,0.985892359661805,0.9900577250643,0.987558505822803,11,0.947368421052632,0.631578947368421,"O12","de-protonated",0,NA,"C19 H18 O12",19,18,12,NA,NA,NA,NA,NA,NA,NA,NA
3213,437.101585,437.100844326119,437.10069278383,4270783,NA,241497.8,21.08,-1,0.346698807405423,0.978425977914732,0,0.587055586748839,10,1.15,0.45,"P1 O9","de-protonated",0,NA,"C20 H23 O9 P1",20,23,9,NA,1,NA,NA,NA,NA,NA,NA
3214,437.109644,437.108903306923,437.108934992308,34873028,NA,228792.3,187.05,-1,-0.0724885302846834,0.99463858152173,0.999942795136714,0.996760266967723,10,1.1,0.55,"O11","de-protonated",0,NA,"C20 H22 O11",20,22,11,NA,NA,NA,NA,NA,NA,NA,NA
3215,437.122708,437.121967275806,437.12182215193,5338824,NA,211922.3,26.87,-1,0.331998699437682,0.980198826897968,0,0.588119296138781,5,1.58823529411765,0.647058823529412,"P1 O11","de-protonated",0,NA,"C17 H27 O11 P1",17,27,11,NA,1,NA,NA,NA,NA,NA,NA
3218,437.145977,437.145236220381,437.145320501692,28581586,NA,228305.4,152.93,-1,-0.192799296996917,0.995661849837231,0.98993180201611,0.993369830708783,9,1.23809523809524,0.476190476190476,"O10","de-protonated",0,NA,"C21 H26 O10",21,26,10,NA,NA,NA,NA,NA,NA,NA,NA
3219,437.158992,437.158251189381,437.158074719532,14642903,NA,228940.6,77.33,-1,0.403675143522579,0.485432563946991,0.759892473118277,0.595216527615506,17,0.896551724137931,0.0689655172413793,"S1 O2","de-protonated",0,NA,"C29 H26 O2 S1",29,26,2,NA,NA,1,NA,NA,NA,NA,NA
3220,437.176723,437.175982147147,437.175832784262,7659231,NA,229226,39.45,-1,0.341654030829221,0.489521337345688,0.759892473118277,0.597669791654724,17,0.896551724137931,0.137931034482759,"O4","de-protonated",0,NA,"C29 H26 O4",29,26,4,NA,NA,NA,NA,NA,NA,NA,NA
3221,437.182297,437.18155613387,437.181706011076,9154273,NA,223131.7,47.56,-1,-0.342825886311877,0.989311909335369,0.982201266229756,0.986467652093123,8,1.36363636363636,0.409090909090909,"O9","de-protonated",0,NA,"C22 H30 O9",22,30,9,NA,NA,NA,NA,NA,NA,NA,NA
3222,437.19542,437.194679102613,437.194593170698,24329958,NA,214009.4,129.87,-1,0.196553012609347,0.985325799719499,0.986321282175738,0.985723992701995,3,1.84210526315789,0.473684210526316,"P1 O9","de-protonated",0,NA,"C19 H35 O9 P1",19,35,9,NA,1,NA,NA,NA,NA,NA,NA
3224,437.231873,437.231132015785,437.230978680083,14819063,NA,230156.1,78.29,-1,0.350697251042184,0.987217188388724,0.993366156880457,0.989676775785417,2,1.95,0.4,"P1 O8","de-protonated",0,NA,"C20 H39 O8 P1",20,39,8,NA,1,NA,NA,NA,NA,NA,NA
3226,437.258474,437.257732952424,437.257848333215,2454274,NA,288668.6,11.22,-1,-0.263873574035248,0.987445337357524,0,0.592467202414514,1,2,0.333333333333333,"S1 O7","de-protonated",0,NA,"C21 H42 O7 S1",21,42,7,NA,NA,1,NA,NA,NA,NA,NA
3227,437.268132,437.267390929419,437.267364189467,5650182,NA,243859.6,28.56,-1,0.0611524081330256,0.499660840783182,0.813795485951173,0.625314698850379,1,2.04761904761905,0.333333333333333,"P1 O7","de-protonated",0,NA,"C21 H43 O7 P1",21,43,7,NA,1,NA,NA,NA,NA,NA,NA
3228,437.304583,437.303841842596,437.303749698851,1759509.9,NA,260598.4,7.46,-1,0.21070879239176,0.991976368366662,0,0.595185821019997,0,2.13636363636364,0.272727272727273,"P1 O6","de-protonated",0,NA,"C22 H47 O6 P1",22,47,6,NA,1,NA,NA,NA,NA,NA,NA
3230,438.06845,438.067707023133,438.067798455116,2117725.8,NA,285142.8,9.4,-1,-0.208716511894037,0.992126784074187,0,0.595276070444512,11,0.944444444444444,0.666666666666667,"N1 O12","de-protonated",0,NA,"C18 H17 O12 N1",18,17,12,1,NA,NA,NA,NA,NA,NA,NA
3232,438.104798,438.104054936556,438.104183964501,4354157.5,NA,220316.4,21.53,-1,-0.294514294973753,0.984384587125249,0,0.590630752275149,10,1.10526315789474,0.578947368421053,"N1 O11","de-protonated",0,NA,"C19 H21 O11 N1",19,21,11,1,NA,NA,NA,NA,NA,NA,NA
3235,438.141381,438.140637849418,438.140569473885,4542589,NA,232771,22.55,-1,0.156058439349046,0.995590705391689,0,0.597354423235013,9,1.25,0.5,"N1 O10","de-protonated",0,NA,"C20 H25 O10 N1",20,25,10,1,NA,NA,NA,NA,NA,NA,NA
3237,438.154366,438.153622818489,438.153456633507,5357698.5,NA,241613.2,26.97,-1,0.379284882409871,0.974235062036946,0,0.584541037222168,4,1.76470588235294,0.588235294117647,"N1 P1 O10","de-protonated",0,NA,"C17 H30 O10 N1 P1",17,30,10,1,1,NA,NA,NA,NA,NA,NA
3243,438.201837,438.201093705418,438.201075532184,9500823,NA,221648.9,49.44,-1,0.0414723628944256,0.997613160990928,0.954316594851206,0.980294534535039,3,2,0.470588235294118,"N3 P1 O8","de-protonated",0,NA,"C17 H34 O8 N3 P1",17,34,8,3,1,NA,NA,NA,NA,NA,NA
3245,438.271707,438.270963538994,438.270855370137,1795509.1,NA,211709,7.65,-1,0.246808234916938,0.989008037409916,0,0.59340482244595,1,2.05,0.45,"N1 O9","de-protonated",0,NA,"C20 H41 O9 N1",20,41,9,1,NA,NA,NA,NA,NA,NA,NA
3248,439.05246,439.05171467931,439.051814038017,6441476.5,NA,239376.7,32.84,-1,-0.226302919052432,0.495375254282215,0.836034543948893,0.631638970148886,11,0.888888888888889,0.722222222222222,"O13","de-protonated",0,NA,"C18 H16 O13",18,16,13,NA,NA,NA,NA,NA,NA,NA,NA
3249,439.080868,439.080122611645,439.079957338924,4475408.5,NA,214626.8,22.18,-1,0.376406888773371,0.974619598742736,0,0.584771759245641,10,1.10526315789474,0.526315789473684,"P1 O10","de-protonated",0,NA,"C19 H21 O10 P1",19,21,10,NA,1,NA,NA,NA,NA,NA,NA
3250,439.088914,439.08816859248,439.088199547401,25494036,NA,229399.6,136.18,-1,-0.0704981862445809,0.980397547643054,0.984093064852686,0.981875754526907,10,1.05263157894737,0.631578947368421,"O12","de-protonated",0,NA,"C19 H20 O12",19,20,12,NA,NA,NA,NA,NA,NA,NA,NA
3251,439.117172,439.116426525172,439.116209906527,11567648,NA,224455.2,60.65,-1,0.493305963523567,0.478402496103704,0.747514279669976,0.586047209530213,22,0.645161290322581,0.032258064516129,"S1 O1","de-protonated",0,NA,"C31 H20 O1 S1",31,20,1,NA,NA,1,NA,NA,NA,NA,NA
3252,439.125201,439.124455506047,439.124585056786,39707172,NA,227848,213.26,-1,-0.295020462729265,0.992100701443855,0.985466531708085,0.989447033549547,9,1.2,0.55,"O11","de-protonated",0,NA,"C20 H24 O11",20,24,11,NA,NA,NA,NA,NA,NA,NA,NA
3253,439.138178,439.137432475137,439.137339274626,4544041.5,NA,210035,22.55,-1,0.212235450951078,0.495930077678462,0.766236582456902,0.604052679589838,17,0.857142857142857,0.107142857142857,"S1 O3","de-protonated",0,NA,"C28 H24 O3 S1",28,24,3,NA,NA,1,NA,NA,NA,NA,NA
3254,439.147661,439.14691545255,439.146855130878,1859629.4,NA,224780.7,7.99,-1,0.137361046618363,0.996582269602962,0,0.597949361761777,17,0.892857142857143,0.107142857142857,"P1 O3","de-protonated",0,NA,"C28 H25 O3 P1",28,25,3,NA,1,NA,NA,NA,NA,NA,NA
3255,439.153554,439.152808438513,439.152728357693,10699312,NA,226379.8,55.94,-1,0.182353006912652,0.496992260909448,0.813795485951173,0.623713550926138,8,1.38095238095238,0.380952380952381,"P1 O8","de-protonated",0,NA,"C21 H29 O8 P1",21,29,8,NA,1,NA,NA,NA,NA,NA,NA
3256,439.156051,439.155305432565,439.155097339355,4524593,NA,196442.2,22.45,-1,0.473849014315087,0.480038784075082,0.766236582456902,0.59451790342781,17,0.857142857142857,0.178571428571429,"O5","de-protonated",0,NA,"C28 H24 O5",28,24,5,NA,NA,NA,NA,NA,NA,NA,NA
3257,439.161561,439.160815419441,439.16097056617,16679475,NA,232710,88.37,-1,-0.353279866021861,0.987251562388057,0.994708861168894,0.990234481900392,8,1.33333333333333,0.476190476190476,"O10","de-protonated",0,NA,"C21 H28 O10",21,28,10,NA,NA,NA,NA,NA,NA,NA,NA
3258,439.174654,439.173908388255,439.17372478401,14242361,NA,224710.6,75.15,-1,0.418067461774124,0.484391964984533,0.759892473118277,0.594592168238031,16,0.96551724137931,0.0689655172413793,"S1 O2","de-protonated",0,NA,"C29 H28 O2 S1",29,28,2,NA,NA,1,NA,NA,NA,NA,NA
3261,439.198054,439.197308332518,439.197356075554,5709379,NA,217251.1,28.87,-1,-0.108705199452378,0.498929075252191,0.806643077274283,0.622014676061027,7,1.45454545454545,0.409090909090909,"O9","de-protonated",0,NA,"C22 H32 O9",22,32,9,NA,NA,NA,NA,NA,NA,NA,NA
3262,439.205245,439.20449931539,439.204370008362,2404422,NA,227856.2,10.95,-1,0.29441197949213,0.984395349876202,0,0.590637209925721,11,1.26923076923077,0.153846153846154,"P1 O4","de-protonated",0,NA,"C26 H33 O4 P1",26,33,4,NA,1,NA,NA,NA,NA,NA,NA
3263,439.212587,439.211841297902,439.211960768217,16708169,NA,205306.8,88.53,-1,-0.27201061342293,0.493332185384003,0.836034543948893,0.630413128809959,2,2,0.444444444444444,"N2 S1 O8","de-protonated",0,NA,"C18 H36 O8 S1 N2",18,36,8,2,NA,1,NA,NA,NA,NA,NA
3264,439.228759,439.228013259382,439.227868358124,5746256,NA,228570.3,29.07,-1,0.329899962953389,0.490222963281773,0.753652554121787,0.595594799617779,15,1.06666666666667,0.1,"O3","de-protonated",0,NA,"C30 H32 O3",30,32,3,NA,NA,NA,NA,NA,NA,NA,NA
3265,439.234247,439.23350124631,439.233579393686,2493010.5,NA,281157.4,11.43,-1,-0.177917582887641,0.994272765879754,0,0.596563659527852,1,2.27777777777778,0.111111111111111,"N4 S2 P1 O2","de-protonated",0,NA,"C18 H41 O2 S2 N4 P1",18,41,2,4,1,2,NA,NA,NA,NA,NA
3266,439.24161,439.240864228772,439.240755517746,19038806,NA,230526.8,101.17,-1,0.24749758326382,0.979290930412941,0.988723560719633,0.983063982535618,10,1.37037037037037,0.111111111111111,"P1 O3","de-protonated",0,NA,"C27 H37 O3 P1",27,37,3,NA,1,NA,NA,NA,NA,NA,NA
3267,439.247454,439.246708214852,439.246628744561,8645208,NA,229610,44.8,-1,0.180924077494104,0.984116226463249,0.99272925501063,0.987561437882201,1,2.05,0.4,"P1 O8","de-protonated",0,NA,"C20 H41 O8 P1",20,41,8,NA,1,NA,NA,NA,NA,NA,NA
3268,439.265086,439.264340172854,439.264253867508,2297951.8,NA,271783.4,10.37,-1,0.196477051575224,0.993019968676352,0,0.595811981205811,14,1.16129032258065,0.0645161290322581,"O2","de-protonated",0,NA,"C31 H36 O2",31,36,2,NA,NA,NA,NA,NA,NA,NA,NA
3269,439.270884,439.270138159044,439.270127094323,2483810.3,NA,285928.1,11.38,-1,0.0251888758482657,0.999884881160994,0,0.599930928696596,5,1.66666666666667,0.291666666666667,"O7","de-protonated",0,NA,"C24 H40 O7",24,40,7,NA,NA,NA,NA,NA,NA,NA,NA
3270,439.274102,439.273356151379,439.273498397693,3681891.8,NA,234176.9,17.88,-1,-0.323821752966929,0.981153062086305,0,0.588691837251783,0,2.0952380952381,0.333333333333333,"S1 O7","de-protonated",0,NA,"C21 H44 O7 S1",21,44,7,NA,NA,1,NA,NA,NA,NA,NA
3271,440.084182,440.083434221841,440.083448519594,2936255.8,NA,231628.6,13.83,-1,-0.0324887330845503,0.999808496025133,0,0.59988509761508,10,1.05555555555556,0.666666666666667,"N1 O12","de-protonated",0,NA,"C18 H19 O12 N1",18,19,12,1,NA,NA,NA,NA,NA,NA,NA
3273,440.097056,440.096308191176,440.096202737435,1702341.3,NA,244196.3,7.14,-1,0.239615203513949,0.989636121749594,0,0.593781673049756,18,0.730769230769231,0.153846153846154,"N1 S1 O4","de-protonated",0,NA,"C26 H19 O4 S1 N1",26,19,4,1,NA,1,NA,NA,NA,NA,NA
3274,440.112548,440.111800154275,440.111591820501,1870796,NA,263814.7,8.05,-1,0.473365796337886,0.960157306959865,0,0.576094384175919,9,1.26315789473684,0.473684210526316,"N1 P1 O9","de-protonated",0,NA,"C19 H24 O9 N1 P1",19,24,9,1,1,NA,NA,NA,NA,NA,NA
3277,440.13358,440.132832104179,440.132721188601,3823573,NA,237082.4,18.64,-1,0.252004845437615,0.988542976837391,0,0.593125786102435,4,1.75,0.6875,"N1 P1 O11","de-protonated",0,NA,"C16 H28 O11 N1 P1",16,28,11,1,1,NA,NA,NA,NA,NA,NA
3279,440.157065,440.15631704824,440.156219538363,4464607,NA,228320.4,22.12,-1,0.221534701986966,0.991134462269966,0,0.594680677361979,8,1.35,0.5,"N1 O10","de-protonated",0,NA,"C20 H27 O10 N1",20,27,10,1,NA,NA,NA,NA,NA,NA,NA
3281,440.169976,440.169228017487,440.169106697985,5785572.5,NA,233391.1,29.28,-1,0.275620210984254,0.493155271439675,0.843720152817574,0.633381223990835,3,1.88235294117647,0.588235294117647,"N1 P1 O10","de-protonated",0,NA,"C17 H32 O10 N1 P1",17,32,10,1,1,NA,NA,NA,NA,NA,NA
3283,440.198885,440.198136948628,440.197965210225,3442673,NA,249136.8,16.58,-1,0.390139021394158,0.972759866388853,0,0.583655919833312,16,1,0.111111111111111,"N3 O3","de-protonated",0,NA,"C27 H27 O3 N3",27,27,3,3,NA,NA,NA,NA,NA,NA,NA
3284,440.206257,440.205508931069,440.205359265588,2366964.3,NA,216003.9,10.74,-1,0.339990138974534,0.979244178360995,0,0.587546507016597,15,1.06896551724138,0.0344827586206897,"N1 S1 O1","de-protonated",0,NA,"C29 H31 O1 S1 N1",29,31,1,1,NA,1,NA,NA,NA,NA,NA
3285,440.217516,440.216767904251,440.216725596662,12092409,NA,223035,63.49,-1,0.0961062743655211,0.98173788464845,0.999159372950881,0.988706479969422,2,2.11764705882353,0.470588235294118,"N3 P1 O8","de-protonated",0,NA,"C17 H36 O8 N3 P1",17,36,8,3,1,NA,NA,NA,NA,NA,NA
3290,441.039518,441.038767946316,441.038961905844,2730330.5,NA,254884.2,12.71,-1,-0.439778669334851,0.965515490118105,0,0.579309294070863,14,0.863636363636364,0.181818181818182,"S2 P1 O4","de-protonated",0,NA,"C22 H19 O4 S2 P1",22,19,4,NA,1,2,NA,NA,NA,NA,NA
3291,441.059953,441.059202897642,441.059088952236,2463075.3,NA,210927.3,11.26,-1,0.258344989235084,0.987962761792034,0,0.59277765707522,23,0.482758620689655,0.103448275862069,"S1 O3","de-protonated",0,NA,"C29 H14 O3 S1",29,14,3,NA,NA,1,NA,NA,NA,NA,NA
3292,441.068206,441.067455877984,441.067464102495,8994151,NA,221907.7,46.68,-1,-0.0186468330382688,0.49996845574338,0.836034543948893,0.634394891025585,10,1,0.722222222222222,"O13","de-protonated",0,NA,"C18 H18 O13",18,18,13,NA,NA,NA,NA,NA,NA,NA,NA
3293,441.083472,441.082721841621,441.08272024378,2107245.3,NA,211298,9.33,-1,0.00362254386812127,0.999997618883645,0,0.599998571330187,14,0.818181818181818,0.454545454545455,"O10","de-protonated",0,NA,"C22 H18 O10",22,18,10,NA,NA,NA,NA,NA,NA,NA,NA
3294,441.096518,441.095767810547,441.095607403402,13587827,NA,224098.1,71.6,-1,0.363656183464106,0.987634055729058,0.923439125742826,0.961956083734565,9,1.21052631578947,0.526315789473684,"P1 O10","de-protonated",0,NA,"C19 H23 O10 P1",19,23,10,NA,1,NA,NA,NA,NA,NA,NA
3295,441.104526,441.103775791473,441.103849611879,26002806,NA,207626.6,138.93,-1,-0.167353802686977,0.995794789167975,0.994829166578657,0.995408540132248,9,1.15789473684211,0.631578947368421,"O12","de-protonated",0,NA,"C19 H22 O12",19,22,12,NA,NA,NA,NA,NA,NA,NA,NA
3297,441.119857,441.119106754956,441.119105753164,2914685,NA,219738.7,13.71,-1,0.00227102250787843,0.999999064170994,0,0.599999438502596,13,0.956521739130435,0.391304347826087,"O9","de-protonated",0,NA,"C23 H22 O9",23,22,9,NA,NA,NA,NA,NA,NA,NA,NA
3298,441.132794,441.132043724141,441.131859971005,17859970,NA,227289.3,94.77,-1,0.416549229059149,0.962824392466083,0.96949500774364,0.965492638577106,21,0.709677419354839,0.032258064516129,"S1 O1","de-protonated",0,NA,"C31 H22 O1 S1",31,22,1,NA,NA,1,NA,NA,NA,NA,NA
3299,441.140839,441.140088704978,441.140235121264,21325190,NA,222592.4,113.56,-1,-0.331904173624177,0.988962667632692,0.99852469769934,0.992787479659351,8,1.3,0.55,"O11","de-protonated",0,NA,"C20 H26 O11",20,26,11,NA,NA,NA,NA,NA,NA,NA,NA
3300,441.150588,441.149837681757,441.149618035734,3063178,NA,255999.4,14.52,-1,0.497894623865442,0.956015685981323,0,0.573609411588794,21,0.709677419354839,0.0967741935483871,"O3","de-protonated",0,NA,"C31 H22 O3",31,22,3,NA,NA,NA,NA,NA,NA,NA,NA
3301,441.153807,441.15305667409,441.152989339104,3575691.5,NA,154666.9,17.3,-1,0.152634091572007,0.49789084102698,0.766236582456902,0.605229137598949,16,0.928571428571429,0.107142857142857,"S1 O3","de-protonated",0,NA,"C28 H26 O3 S1",28,26,3,NA,NA,1,NA,NA,NA,NA,NA
3302,441.169166,441.168415637506,441.168378422171,10239378,NA,210070.2,53.44,-1,0.0843563077735862,0.992827820474224,0.848582347159646,0.935129631148393,7,1.47619047619048,0.380952380952381,"P1 O8","de-protonated",0,NA,"C21 H31 O8 P1",21,31,8,NA,1,NA,NA,NA,NA,NA,NA
3303,441.17728,441.176529618179,441.176620630648,7792021.5,NA,226565.6,40.16,-1,-0.206294858927781,0.996089669316067,0.969812854567145,0.985578943416498,7,1.42857142857143,0.476190476190476,"O10","de-protonated",0,NA,"C21 H30 O10",21,30,10,NA,NA,NA,NA,NA,NA,NA,NA
3304,441.190403,441.189652586921,441.18950779027,7499163,NA,217446.6,38.58,-1,0.328196044778922,0.490322717128811,0.836034543948893,0.628607447856844,2,1.94444444444444,0.555555555555556,"P1 O10","de-protonated",0,NA,"C18 H35 O10 P1",18,35,10,NA,1,NA,NA,NA,NA,NA,NA
3305,441.205335,441.204584551355,441.204763931555,3101089.8,NA,136670.6,14.72,-1,-0.406569046461048,0.97045215624905,0,0.58227129374943,6,1.59090909090909,0.318181818181818,"P1 O7","de-protonated",0,NA,"C22 H35 O7 P1",22,35,7,NA,1,NA,NA,NA,NA,NA,NA
3307,441.213703,441.212952531423,441.213006140032,6456741.5,NA,229243.1,32.92,-1,-0.121502785703859,0.498662435426955,0.806643077274283,0.621854692165886,6,1.54545454545455,0.409090909090909,"O9","de-protonated",0,NA,"C22 H34 O9",22,34,9,NA,NA,NA,NA,NA,NA,NA,NA
3309,441.226768,441.226017500303,441.225893299654,4294059,NA,230581.1,21.19,-1,0.281489937203392,0.985725486687885,0,0.591435292012731,1,2.05263157894737,0.473684210526316,"P1 O9","de-protonated",0,NA,"C19 H39 O9 P1",19,39,9,NA,1,NA,NA,NA,NA,NA,NA
3310,441.23871,441.237959471859,441.237996068872,5876144,NA,227774.3,29.77,-1,-0.0829416638496432,0.499376267613674,0.828487690504102,0.631020836769845,0,2.26315789473684,0.157894736842105,"N2 S2 P1 O3","de-protonated",0,NA,"C19 H43 O3 S2 N2 P1",19,43,3,2,1,2,NA,NA,NA,NA,NA
3312,441.250047,441.249296444855,441.249391649417,6774197,NA,222151.7,34.64,-1,-0.215761344111233,0.994421976220999,0.980664524697817,0.988918995611726,5,1.65217391304348,0.347826086956522,"O8","de-protonated",0,NA,"C23 H38 O8",23,38,8,NA,NA,NA,NA,NA,NA,NA,NA
3313,441.253408,441.252657436849,441.252762952787,6245814.5,NA,241286.6,31.78,-1,-0.239128105914806,0.49483899849251,0.821075868479145,0.625333746487164,0,2.1,0.4,"S1 O8","de-protonated",0,NA,"C20 H42 O8 S1",20,42,8,NA,NA,1,NA,NA,NA,NA,NA
3314,441.286384,441.285633358303,441.285777158801,4433348.5,NA,228622.4,21.95,-1,-0.325867057221991,0.490458261873064,0.792708917554682,0.611358524145711,4,1.75,0.291666666666667,"O7","de-protonated",0,NA,"C24 H42 O7",24,42,7,NA,NA,NA,NA,NA,NA,NA,NA
3315,441.322834,441.322083271483,441.322162668185,2341332.3,NA,248767.6,10.6,-1,-0.179906447436438,0.994144383316719,0,0.596486629990031,3,1.84,0.24,"O6","de-protonated",0,NA,"C25 H46 O6",25,46,6,NA,NA,NA,NA,NA,NA,NA,NA
3316,441.946831,441.946078785178,441.946183717983,1742816.4,NA,186658.9,7.35,-1,-0.237433446408781,0.98982303472308,0,0.593893820833848,12,0.666666666666667,0.6,"N1 S2 P1 O9","de-protonated",0,NA,"C15 H10 O9 S2 N1 P1",15,10,9,1,1,2,NA,NA,NA,NA,NA
3319,442.128005,442.127252353638,442.127108943198,2210606.5,NA,223360.6,9.89,-1,0.324364728998893,0.981090406852691,0,0.588654244111615,21,0.7,0.0333333333333333,"N1 S1 O1","de-protonated",0,NA,"C30 H21 O1 S1 N1",30,21,1,1,NA,1,NA,NA,NA,NA,NA
3322,442.149278,442.148525302967,442.148371253079,3951415.5,NA,235251.8,19.33,-1,0.348412203868435,0.978214557504258,0,0.586928734502555,3,1.875,0.6875,"N1 P1 O11","de-protonated",0,NA,"C16 H30 O11 N1 P1",16,30,11,1,1,NA,NA,NA,NA,NA,NA
3323,442.164516,442.163763266672,442.163627394364,1806654.1,NA,267871.7,7.7,-1,0.307289654011385,0.983012303470813,0,0.589807382082488,7,1.5,0.4,"N1 P1 O8","de-protonated",0,NA,"C20 H30 O8 N1 P1",20,30,8,1,1,NA,NA,NA,NA,NA,NA
3327,442.185569,442.184816216525,442.184623820681,3021639.3,NA,244923.3,14.29,-1,0.435102971901134,0.966232408910415,0,0.579739445346249,15,1.03571428571429,0.0714285714285714,"N1 S1 O2","de-protonated",0,NA,"C28 H29 O2 S1 N1",28,29,2,1,NA,1,NA,NA,NA,NA,NA
3328,442.209055,442.208302160584,442.208255112225,2252113.3,NA,218181.8,10.12,-1,0.106394120793827,0.997948161587815,0,0.598768896952689,6,1.57142857142857,0.428571428571429,"N1 O9","de-protonated",0,NA,"C21 H33 O9 N1",21,33,9,1,NA,NA,NA,NA,NA,NA,NA
3329,442.214548,442.2137951475,442.213615274703,3607379.5,NA,224656.1,17.47,-1,0.406755447158742,0.97042546103735,0,0.58225527662241,15,1.07407407407407,0.111111111111111,"N3 O3","de-protonated",0,NA,"C27 H29 O3 N3",27,29,3,3,NA,NA,NA,NA,NA,NA,NA
3336,443.047374,443.046619163783,443.046728657589,1736889.6,NA,291884,7.32,-1,-0.247138278164196,0.988978782551449,0,0.593387269530869,10,0.941176470588235,0.823529411764706,"O14","de-protonated",0,NA,"C17 H16 O14",17,16,14,NA,NA,NA,NA,NA,NA,NA,NA
3337,443.062427,443.061672127928,443.061822607621,3222720,NA,222263.4,15.38,-1,-0.339635882713814,0.979286958465977,0,0.587572175079586,9,1.3125,0.3125,"N4 S2 P1 O5","de-protonated",0,NA,"C16 H21 O5 S2 N4 P1",16,21,5,4,1,2,NA,NA,NA,NA,NA
3338,443.075684,443.074929096351,443.074739016714,8288454,NA,230137.2,42.85,-1,0.429001295745163,0.483578615815407,0.759892473118277,0.594104158736555,22,0.551724137931034,0.103448275862069,"S1 O3","de-protonated",0,NA,"C29 H16 O3 S1",29,16,3,NA,NA,1,NA,NA,NA,NA,NA
3339,443.083784,443.083029077058,443.083114166973,10178761,NA,232658.8,53.1,-1,-0.19204052844001,0.995990405227111,0.997681502995007,0.99666684433427,9,1.11111111111111,0.722222222222222,"O13","de-protonated",0,NA,"C18 H20 O13",18,20,13,NA,NA,NA,NA,NA,NA,NA,NA
3341,443.099273,443.098518040164,443.098370308258,9449680,NA,221752.3,49.15,-1,0.333406566534432,0.987861877949732,0.975934067475505,0.983090753760041,13,0.909090909090909,0.454545454545455,"O10","de-protonated",0,NA,"C22 H20 O10",22,20,10,NA,NA,NA,NA,NA,NA,NA,NA
3342,443.112187,443.111432009404,443.11125746788,26642646,NA,224954.9,142.4,-1,0.393900000095756,0.967282062849322,0.958016215543521,0.963575723927002,8,1.31578947368421,0.526315789473684,"P1 O10","de-protonated",0,NA,"C19 H25 O10 P1",19,25,10,NA,1,NA,NA,NA,NA,NA,NA
3343,443.120232,443.119476990242,443.119499676357,14633177,NA,229870.3,77.26,-1,-0.0511963829210211,0.995722187839967,0.989318106580743,0.993160555336277,8,1.26315789473684,0.631578947368421,"O12","de-protonated",0,NA,"C19 H24 O12",19,24,12,NA,NA,NA,NA,NA,NA,NA,NA
3345,443.135576,443.134820953694,443.134755817642,6512863.5,NA,219046.3,33.22,-1,0.146989263726798,0.498043661300164,0.799615297578637,0.618672315811553,12,1.04347826086957,0.391304347826087,"O9","de-protonated",0,NA,"C23 H24 O9",23,24,9,NA,NA,NA,NA,NA,NA,NA,NA
3346,443.148522,443.147766922858,443.147642977264,17578214,NA,222910.9,93.24,-1,0.279693676092338,0.989264473805228,0.90925043753295,0.957258859296317,7,1.45,0.45,"P1 O9","de-protonated",0,NA,"C20 H29 O9 P1",20,29,9,NA,1,NA,NA,NA,NA,NA,NA
3347,443.156488,443.155732903883,443.155885185742,8630505,NA,222720.7,44.71,-1,-0.343630454710331,0.979891200817691,0.989808105784133,0.983857962804268,7,1.4,0.55,"O11","de-protonated",0,NA,"C20 H28 O11",20,28,11,NA,NA,NA,NA,NA,NA,NA,NA
3349,443.171653,443.170897867762,443.170979135774,4874479,NA,182089.9,24.34,-1,-0.183378462210119,0.993916882731945,0,0.596350129639167,6,1.73684210526316,0.105263157894737,"N4 S2 P1 O2","de-protonated",0,NA,"C19 H33 O2 S2 N4 P1",19,33,2,4,1,2,NA,NA,NA,NA,NA
3350,443.184811,443.18405583642,443.184028486649,8151285,NA,228822.7,42.11,-1,0.0617119981053975,0.991928995854532,0.819633572047406,0.923010826331681,6,1.57142857142857,0.380952380952381,"P1 O8","de-protonated",0,NA,"C21 H33 O8 P1",21,33,8,NA,1,NA,NA,NA,NA,NA,NA
3351,443.192871,443.192115817222,443.192270695126,8182008,NA,220261.3,42.27,-1,-0.349459848198285,0.489042397560057,0.813795485951173,0.618943632916503,6,1.52380952380952,0.476190476190476,"O10","de-protonated",0,NA,"C21 H32 O10",21,32,10,NA,NA,NA,NA,NA,NA,NA,NA
3352,443.20597,443.205214786022,443.205024912966,5591294,NA,197402.3,28.22,-1,0.428409076137641,0.483623172455879,0.759892473118277,0.594130892720839,14,1.10344827586207,0.0689655172413793,"S1 O2","de-protonated",0,NA,"C29 H32 O2 S1",29,32,2,NA,NA,1,NA,NA,NA,NA,NA
3354,443.229439,443.228683730121,443.22865620451,10246408,NA,229271.8,53.47,-1,0.062102505992954,0.99149949861852,0.988170698625533,0.990167978621325,5,1.63636363636364,0.409090909090909,"O9","de-protonated",0,NA,"C22 H36 O9",22,36,9,NA,NA,NA,NA,NA,NA,NA,NA
3355,443.242391,443.24163569927,443.241543364132,3285261.5,NA,258663.4,15.72,-1,0.20831787815084,0.99215671178373,0,0.595294027070238,0,2.15789473684211,0.473684210526316,"P1 O9","de-protonated",0,NA,"C19 H41 O9 P1",19,41,9,NA,1,NA,NA,NA,NA,NA,NA
3357,443.26577,443.265014643583,443.265041713895,8050967.5,NA,225294.9,41.56,-1,-0.0610702598094699,0.999622036890858,0.995962640840457,0.998158278470698,4,1.73913043478261,0.347826086956522,"O8","de-protonated",0,NA,"C23 H40 O8",23,40,8,NA,NA,NA,NA,NA,NA,NA,NA
3358,443.302132,443.301376556972,443.301427223279,3454247.3,NA,242088.9,16.63,-1,-0.114293127515366,0.997632557331821,0,0.598579534399092,3,1.83333333333333,0.291666666666667,"O7","de-protonated",0,NA,"C24 H44 O7",24,44,7,NA,NA,NA,NA,NA,NA,NA,NA
3365,444.143681,444.142923552478,444.142759007676,1891985,NA,223270.8,8.16,-1,0.370477282570561,0.975403105208162,0,0.585241863124897,20,0.766666666666667,0.0333333333333333,"N1 S1 O1","de-protonated",0,NA,"C30 H23 O1 S1 N1",30,23,1,1,NA,1,NA,NA,NA,NA,NA
3368,444.164826,444.164068502113,444.163888375775,1995930.3,NA,238309.6,8.72,-1,0.40554025728418,0.970599286423466,0,0.582359571854079,15,1,0.111111111111111,"N1 S1 O3","de-protonated",0,NA,"C27 H27 O3 S1 N1",27,27,3,1,NA,1,NA,NA,NA,NA,NA
3370,444.224661,444.223903359591,444.223905176703,3665588,NA,238705.8,17.78,-1,-0.00409053249722215,0.999996963922429,0,0.599998178353457,5,1.66666666666667,0.428571428571429,"N1 O9","de-protonated",0,NA,"C21 H35 O9 N1",21,35,9,1,NA,NA,NA,NA,NA,NA,NA
3375,444.989033,444.988273538925,444.988443190339,2013180.5,NA,250554.3,8.81,-1,-0.381249032380616,0.973971032838081,0,0.584382619702848,20,0.3,0.35,"N4 S1 O7","de-protonated",0,NA,"C20 H6 O7 S1 N4",20,6,7,4,NA,1,NA,NA,NA,NA,NA
3376,445.041781,445.041021413284,445.041087162715,2386451.3,NA,264651.4,10.84,-1,-0.147737889023424,0.996047445167299,0,0.597628467100379,9,1.26666666666667,0.4,"N4 S2 P1 O6","de-protonated",0,NA,"C15 H19 O6 S2 N4 P1",15,19,6,4,1,2,NA,NA,NA,NA,NA
3377,445.054946,445.054186381927,445.054003571808,2931737,NA,223368.4,13.8,-1,0.410759407378142,0.96984926210073,0,0.581909557260438,22,0.5,0.142857142857143,"S1 O4","de-protonated",0,NA,"C28 H14 O4 S1",28,14,4,NA,NA,1,NA,NA,NA,NA,NA
3378,445.063173,445.062413362331,445.062378722067,2136860.5,NA,186363.3,9.48,-1,0.0778323792132847,0.998901409660223,0,0.599340845796134,9,1.05882352941176,0.823529411764706,"O14","de-protonated",0,NA,"C17 H18 O14",17,18,14,NA,NA,NA,NA,NA,NA,NA,NA
3380,445.07831,445.077550326276,445.077634863352,5919779,NA,235313.2,30,-1,-0.18993782085477,0.496737683731247,0.813795485951173,0.623560804619217,13,0.857142857142857,0.523809523809524,"O11","de-protonated",0,NA,"C21 H18 O11",21,18,11,NA,NA,NA,NA,NA,NA,NA,NA
3381,445.091372,445.090612295163,445.090522022974,15506473,NA,220777.3,81.99,-1,0.202817595428966,0.986651629520229,0.996755580383106,0.99069320986538,8,1.27777777777778,0.611111111111111,"P1 O11","de-protonated",0,NA,"C18 H23 O11 P1",18,23,11,NA,1,NA,NA,NA,NA,NA,NA
3382,445.099389,445.098629276067,445.098764231451,4798508,NA,232155.1,23.92,-1,-0.303203231641112,0.983457380254463,0,0.590074428152678,8,1.22222222222222,0.722222222222222,"O13","de-protonated",0,NA,"C18 H22 O13",18,22,13,NA,NA,NA,NA,NA,NA,NA,NA
3383,445.109099,445.108339252939,445.108147145921,7007280,NA,221738.1,35.9,-1,0.431596273464245,0.483382701272324,0.759892473118277,0.593986610010705,21,0.620689655172414,0.172413793103448,"O5","de-protonated",0,NA,"C29 H18 O5",29,18,5,NA,NA,NA,NA,NA,NA,NA,NA
3384,445.114601,445.113841239834,445.114020372736,9008179,NA,217883.7,46.75,-1,-0.40244273163242,0.98544723228027,0.99975835889384,0.991171682925698,12,1,0.454545454545455,"O10","de-protonated",0,NA,"C22 H22 O10",22,22,10,NA,NA,NA,NA,NA,NA,NA,NA
3385,445.127683,445.126923208674,445.126774590576,25611320,NA,222652.3,136.8,-1,0.333878134750666,0.244994067637402,0.702603098175752,0.428037679852742,20,0.733333333333333,0.0666666666666667,"S1 O2","de-protonated",0,NA,"C30 H22 O2 S1",30,22,2,NA,NA,1,NA,NA,NA,NA,NA
3386,445.135769,445.135009189413,445.135149740835,5020731.5,NA,226388.7,25.12,-1,-0.315749996480732,0.982072561249063,0,0.589243536749438,7,1.36842105263158,0.631578947368421,"O12","de-protonated",0,NA,"C19 H26 O12",19,26,12,NA,NA,NA,NA,NA,NA,NA,NA
3388,445.151108,445.150348152877,445.15040588212,9120834,NA,219496.8,47.36,-1,-0.129684803556201,0.995571336085762,0.983804395987428,0.990864560046429,11,1.1304347826087,0.391304347826087,"O9","de-protonated",0,NA,"C23 H26 O9",23,26,9,NA,NA,NA,NA,NA,NA,NA,NA
3389,445.154217,445.153457145472,445.153397062935,1979459.6,NA,259057.2,8.63,-1,0.134970410844938,0.996700004134743,0,0.598020002480846,11,1.22727272727273,0.272727272727273,"N2 P1 O6","de-protonated",0,NA,"C22 H27 O6 N2 P1",22,27,6,2,1,NA,NA,NA,NA,NA,NA
3390,445.16419,445.163430121717,445.163293041742,14871624,NA,224645.5,78.55,-1,0.307931891682243,0.982884367478379,0.864862405754859,0.935675582788971,6,1.55,0.45,"P1 O9","de-protonated",0,NA,"C20 H31 O9 P1",20,31,9,NA,1,NA,NA,NA,NA,NA,NA
3391,445.172229,445.171469102569,445.17153525022,5797963.5,NA,225775,29.34,-1,-0.148589128854964,0.49800092876402,0.821075868479145,0.62723090465007,6,1.5,0.55,"O11","de-protonated",0,NA,"C20 H30 O11",20,30,11,NA,NA,NA,NA,NA,NA,NA,NA
3393,445.187611,445.186851065931,445.186791391505,5858386,NA,193029.5,29.67,-1,0.134043567960299,0.498372548564825,0.792708917554682,0.616107096160768,10,1.25,0.333333333333333,"O8","de-protonated",0,NA,"C24 H30 O8",24,30,8,NA,NA,NA,NA,NA,NA,NA,NA
3394,445.200617,445.199857034951,445.199678551127,7789655.5,NA,227041.8,40.14,-1,0.400907353157482,0.985628502746051,0.717181145272315,0.878249559756557,5,1.66666666666667,0.380952380952381,"P1 O8","de-protonated",0,NA,"C21 H35 O8 P1",21,35,8,NA,1,NA,NA,NA,NA,NA,NA
3395,445.20862,445.207860015889,445.207920759604,8410203,NA,227391.3,43.51,-1,-0.136438981122536,0.498313961452265,0.813795485951173,0.624506571251828,5,1.61904761904762,0.476190476190476,"O10","de-protonated",0,NA,"C21 H34 O10",21,34,10,NA,NA,NA,NA,NA,NA,NA,NA
3396,445.221584,445.22082398501,445.220674977444,1849440.5,NA,208702.9,7.93,-1,0.334682493103921,0.979880652787935,0,0.587928391672761,13,1.17241379310345,0.0689655172413793,"S1 O2","de-protonated",0,NA,"C29 H34 O2 S1",29,34,2,NA,NA,1,NA,NA,NA,NA,NA
3397,445.236878,445.236117948581,445.236064060511,4957287,NA,233964.5,24.78,-1,0.121032581026166,0.998458987976481,0.730742139438937,0.891372248561463,4,1.77272727272727,0.318181818181818,"P1 O7","de-protonated",0,NA,"C22 H39 O7 P1",22,39,7,NA,1,NA,NA,NA,NA,NA,NA
3398,445.244874,445.244113929535,445.244306268988,8578155,NA,228448.2,44.42,-1,-0.431986328435168,0.9823717799645,0.962383325817187,0.974376398305575,4,1.72727272727273,0.409090909090909,"O9","de-protonated",0,NA,"C22 H38 O9",22,38,9,NA,NA,NA,NA,NA,NA,NA,NA
3400,445.281411,445.280650842507,445.280691778373,3903610.3,NA,254669,19.07,-1,-0.0919327204135587,0.998467638997454,0,0.599080583398472,3,1.82608695652174,0.347826086956522,"O8","de-protonated",0,NA,"C23 H42 O8",23,42,8,NA,NA,NA,NA,NA,NA,NA,NA
3402,446.073481,446.072718955868,446.072883835545,1747150.6,NA,223853.2,7.37,-1,-0.369624971719052,0.975514753622973,0,0.585308852173784,13,0.85,0.55,"N1 O11","de-protonated",0,NA,"C20 H17 O11 N1",20,17,11,1,NA,NA,NA,NA,NA,NA,NA
3404,446.10987,446.109107869192,446.109269344929,2545118.3,NA,228575.9,11.43,-1,-0.361964540559733,0.976507250592246,0,0.585904350355348,12,1,0.476190476190476,"N1 O10","de-protonated",0,NA,"C21 H21 O10 N1",21,21,10,1,NA,NA,NA,NA,NA,NA,NA
3406,446.12314,446.122377837584,446.122156504551,1751012,NA,263929,7.22,-1,0.496126520721532,0.956320609776104,0,0.573792365865663,7,1.44444444444444,0.555555555555556,"N1 P1 O10","de-protonated",0,NA,"C18 H26 O10 N1 P1",18,26,10,1,1,NA,NA,NA,NA,NA,NA
3408,446.146352,446.145589782295,446.145654854313,1846254,NA,232207.8,7.73,-1,-0.145853752427293,0.996147424842559,0,0.597688454905535,11,1.13636363636364,0.409090909090909,"N1 O9","de-protonated",0,NA,"C22 H25 O9 N1",22,25,9,1,NA,NA,NA,NA,NA,NA,NA
3417,447.057576,447.056811611842,447.056899418445,4991861.5,NA,222525.2,24.41,-1,-0.196410353966848,0.496512345149151,0.821075868479145,0.626337754481149,13,0.8,0.6,"O12","de-protonated",0,NA,"C20 H16 O12",20,16,12,NA,NA,NA,NA,NA,NA,NA,NA
3418,447.070522,447.069757581005,447.069653636286,5585787,NA,216930.6,27.56,-1,0.23250229280189,0.495119659351945,0.766236582456902,0.603566428593928,21,0.571428571428571,0.142857142857143,"S1 O4","de-protonated",0,NA,"C28 H16 O4 S1",28,16,4,NA,NA,1,NA,NA,NA,NA,NA
3419,447.088328,447.087563538593,447.087411701015,4968323,NA,238773.1,24.28,-1,0.339614969851849,0.489644741287246,0.766236582456902,0.600281477755109,21,0.571428571428571,0.214285714285714,"O6","de-protonated",0,NA,"C28 H16 O6",28,16,6,NA,NA,NA,NA,NA,NA,NA,NA
3420,447.093861,447.093096525414,447.09328492783,11630469,NA,221533.3,59.61,-1,-0.421393973240318,0.984114920512419,0.998370334471206,0.989817086095934,12,0.952380952380952,0.523809523809524,"O11","de-protonated",0,NA,"C21 H20 O11",21,20,11,NA,NA,NA,NA,NA,NA,NA,NA
3421,447.107014,447.106249494085,447.10603914567,16105355,NA,222697.3,83.33,-1,0.470466502787136,0.480317083575136,0.759892473118277,0.592147239392393,20,0.689655172413793,0.103448275862069,"S1 O3","de-protonated",0,NA,"C29 H20 O3 S1",29,20,3,NA,NA,1,NA,NA,NA,NA,NA
3423,447.130401,447.129636438379,447.129670437214,19087252,NA,226052.2,99.15,-1,-0.0760379757145856,0.999101780972534,0.997029918542826,0.998273036000651,11,1.09090909090909,0.454545454545455,"O10","de-protonated",0,NA,"C22 H24 O10",22,24,10,NA,NA,NA,NA,NA,NA,NA,NA
3424,447.135143,447.134378427084,447.134379151069,4673431,NA,250568.9,22.72,-1,-0.00161916688784634,0.999999524295836,0,0.599999714577502,11,1.2,0.3,"N4 S1 O6","de-protonated",0,NA,"C20 H24 O6 S1 N4",20,24,6,4,NA,1,NA,NA,NA,NA,NA
3425,447.143471,447.142706407247,447.142557596836,17936282,NA,228472.1,93.04,-1,0.3328030599841,0.974732778753424,0.91711654673607,0.951686285946482,6,1.52631578947368,0.526315789473684,"P1 O10","de-protonated",0,NA,"C19 H29 O10 P1",19,29,10,NA,1,NA,NA,NA,NA,NA,NA
3426,447.151414,447.150649388328,447.150799805313,2545054,NA,234925.6,11.43,-1,-0.336389838983747,0.979676961378944,0,0.587806176827366,6,1.47368421052632,0.631578947368421,"O12","de-protonated",0,NA,"C19 H28 O12",19,28,12,NA,NA,NA,NA,NA,NA,NA,NA
3428,447.166775,447.166010351739,447.166055946598,10917797,NA,227802.9,55.83,-1,-0.101964043071846,0.988072035487561,0.973645761391548,0.982301525849156,10,1.21739130434783,0.391304347826087,"O9","de-protonated",0,NA,"C23 H28 O9",23,28,9,NA,NA,NA,NA,NA,NA,NA,NA
3429,447.179768,447.179003320791,447.178810164439,15966122,NA,220821.6,82.6,-1,0.431944332152101,0.9743400723456,0.89794658965479,0.943782679269276,18,0.903225806451613,0.032258064516129,"S1 O1","de-protonated",0,NA,"C31 H28 O1 S1",31,28,1,NA,NA,1,NA,NA,NA,NA,NA
3430,447.187894,447.187129301436,447.187185314698,3147693.8,NA,240757.1,14.63,-1,-0.125256858378906,0.997157248942026,0,0.598294349365215,5,1.6,0.55,"O11","de-protonated",0,NA,"C20 H32 O11",20,32,11,NA,NA,NA,NA,NA,NA,NA,NA
3431,447.197533,447.196768278477,447.196568229168,2457009.8,NA,241112.8,10.97,-1,0.447340884751051,0.964340917230951,0,0.578604550338571,18,0.903225806451613,0.0967741935483871,"O3","de-protonated",0,NA,"C31 H28 O3",31,28,3,NA,NA,NA,NA,NA,NA,NA,NA
3432,447.202998,447.202233265459,447.202441455983,3897268,NA,209396,18.6,-1,-0.465539773290342,0.961438306001097,0,0.576862983600658,9,1.33333333333333,0.333333333333333,"O8","de-protonated",0,NA,"C24 H32 O8",24,32,8,NA,NA,NA,NA,NA,NA,NA,NA
3433,447.216128,447.215363234185,447.215328615605,13025210,NA,224854.4,67,-1,0.077409198944206,0.998265297333192,0.826288538895186,0.92947459395799,4,1.76190476190476,0.380952380952381,"P1 O8","de-protonated",0,NA,"C21 H37 O8 P1",21,37,8,NA,1,NA,NA,NA,NA,NA,NA
3434,447.224268,447.223503214796,447.223570824082,4121533.3,NA,223684.7,19.79,-1,-0.151175587022909,0.995861747442129,0,0.597517048465277,4,1.71428571428571,0.476190476190476,"O10","de-protonated",0,NA,"C21 H36 O10",21,36,10,NA,NA,NA,NA,NA,NA,NA,NA
3435,447.252612,447.251847147283,447.251714124989,9463753,NA,221624.5,48.12,-1,0.297421541809618,0.492038627708492,0.806643077274283,0.617880407534808,3,1.86363636363636,0.318181818181818,"P1 O7","de-protonated",0,NA,"C22 H41 O7 P1",22,41,7,NA,1,NA,NA,NA,NA,NA,NA
3436,447.260756,447.259991127885,447.259956333466,3046861,NA,224805.4,14.09,-1,0.0777946209127749,0.998902474720213,0,0.599341484832128,3,1.81818181818182,0.409090909090909,"O9","de-protonated",0,NA,"C22 H40 O9",22,40,9,NA,NA,NA,NA,NA,NA,NA,NA
3437,447.289029,447.288264060541,447.288099634373,5736409,NA,231722,28.35,-1,0.367606847234686,0.487889071518485,0.799615297578637,0.612579561942546,2,1.95652173913043,0.260869565217391,"P1 O6","de-protonated",0,NA,"C23 H45 O6 P1",23,45,6,NA,1,NA,NA,NA,NA,NA,NA
3438,447.32536,447.324594974004,447.324485143757,2023400.8,NA,258348.9,8.67,-1,0.245527017231747,0.989121241563334,0,0.593472744938,1,2.04166666666667,0.208333333333333,"P1 O5","de-protonated",0,NA,"C24 H49 O5 P1",24,49,5,NA,1,NA,NA,NA,NA,NA,NA
3439,448.089269,448.088502154441,448.088533900023,2519856.8,NA,227836.3,11.3,-1,-0.0708466718897686,0.999089678109288,0,0.599453806865573,12,0.95,0.55,"N1 O11","de-protonated",0,NA,"C20 H19 O11 N1",20,19,11,1,NA,NA,NA,NA,NA,NA,NA
3441,448.10074,448.099973127118,448.099767289315,1895733.9,NA,159917,7.99,-1,0.459357086340117,0.962436399301509,0,0.577461839580906,12,1,0.526315789473684,"N3 O10","de-protonated",0,NA,"C19 H19 O10 N3",19,19,10,3,NA,NA,NA,NA,NA,NA,NA
3442,448.110561,448.109794103726,448.109663268122,4126010,NA,216275.9,19.81,-1,0.291972287897512,0.984650912294878,0,0.590790547376926,7,1.35294117647059,0.764705882352941,"N1 O13","de-protonated",0,NA,"C17 H23 O13 N1",17,23,13,1,NA,NA,NA,NA,NA,NA,NA
3443,448.125795,448.12502806744,448.124919409407,2623296.5,NA,183278.3,11.84,-1,0.242472641050265,0.989388791054296,0,0.593633274632578,11,1.0952380952381,0.476190476190476,"N1 O10","de-protonated",0,NA,"C21 H23 O10 N1",21,23,10,1,NA,NA,NA,NA,NA,NA,NA
3445,448.138555,448.137788037047,448.137673627247,2452806,NA,220011.8,10.94,-1,0.255300560264758,0.988243127823573,0,0.592945876694144,19,0.793103448275862,0.0689655172413793,"N1 S1 O2","de-protonated",0,NA,"C29 H23 O2 S1 N1",29,23,2,1,NA,1,NA,NA,NA,NA,NA
3448,448.175095,448.174327950012,448.174192078413,2222933.8,NA,270290.3,9.72,-1,0.303166939721708,0.983461307228285,0,0.590076784336971,5,1.68421052631579,0.473684210526316,"N1 P1 O9","de-protonated",0,NA,"C19 H32 O9 N1 P1",19,32,9,1,1,NA,NA,NA,NA,NA,NA
3451,448.25607,448.255302757136,448.255205305659,4256120.5,NA,241322.8,20.5,-1,0.217401774400665,0.991460762480091,0,0.594876457488055,3,1.85714285714286,0.428571428571429,"N1 O9","de-protonated",0,NA,"C21 H39 O9 N1",21,39,9,1,NA,NA,NA,NA,NA,NA,NA
3453,448.983972,448.983203023339,448.983357809911,13226673,NA,225909.2,68.07,-1,-0.344749017546508,0.489332677381916,0.828487690504102,0.62499468263079,19,0.315789473684211,0.421052631578947,"N4 S1 O8","de-protonated",0,NA,"C19 H6 O8 S1 N4",19,6,8,4,NA,1,NA,NA,NA,NA,NA
3454,449.03687,449.036100897341,449.036163973539,2596551.8,NA,246375.6,11.7,-1,-0.140470196688011,0.996426078706819,0,0.597855647224091,13,0.736842105263158,0.684210526315789,"O13","de-protonated",0,NA,"C19 H14 O13",19,14,13,NA,NA,NA,NA,NA,NA,NA,NA
3455,449.073181,449.072411810851,449.072549482923,9239255,NA,226221.9,46.92,-1,-0.306569778982109,0.989876226917569,0.983851923937283,0.987466505725455,12,0.9,0.6,"O12","de-protonated",0,NA,"C20 H18 O12",20,18,12,NA,NA,NA,NA,NA,NA,NA,NA
3456,449.086295,449.085525779615,449.085303700764,5136093,NA,223054.3,25.17,-1,0.494513735382684,0.478298943065105,0.766236582456902,0.593473998821824,20,0.642857142857143,0.142857142857143,"S1 O4","de-protonated",0,NA,"C28 H18 O4 S1",28,18,4,NA,NA,1,NA,NA,NA,NA,NA
3458,449.109693,449.108923723883,449.108934992308,24539880,NA,222626.5,128.05,-1,-0.0250906270017838,0.998933848382742,0.99802700975613,0.998571112932097,11,1.04761904761905,0.523809523809524,"O11","de-protonated",0,NA,"C21 H22 O11",21,22,11,NA,NA,NA,NA,NA,NA,NA,NA
3459,449.122742,449.121972692801,449.12182215193,10308333,NA,218662.9,52.59,-1,0.335189394639833,0.986026156772149,0.92183794408052,0.960350871695498,6,1.5,0.611111111111111,"P1 O11","de-protonated",0,NA,"C18 H27 O11 P1",18,27,11,NA,1,NA,NA,NA,NA,NA,NA
3460,449.137953,449.13718365657,449.137078293215,5127923,NA,195517.1,25.12,-1,0.23459064200341,0.976893115708413,0.762748271542583,0.891235178042081,10,1.22727272727273,0.363636363636364,"P1 O8","de-protonated",0,NA,"C22 H27 O8 P1",22,27,8,NA,1,NA,NA,NA,NA,NA,NA
3462,449.146038,449.145268637312,449.145320501692,26063606,NA,226627.5,136.13,-1,-0.115473494284628,0.998746157156915,0.98260715680823,0.992290557017441,10,1.18181818181818,0.454545454545455,"O10","de-protonated",0,NA,"C22 H26 O10",22,26,10,NA,NA,NA,NA,NA,NA,NA,NA
3463,449.15905,449.158280606319,449.158074719532,15037180,NA,216366.8,77.67,-1,0.458383803366257,0.481296198873448,0.753652554121787,0.590238740972784,18,0.866666666666667,0.0666666666666667,"S1 O2","de-protonated",0,NA,"C30 H26 O2 S1",30,26,2,NA,NA,1,NA,NA,NA,NA,NA
3464,449.174213,449.173443570202,449.173463802599,327611136,NA,232876.2,1735.05,-1,-0.0450436155549943,0.597955429536242,0.962520699368347,0.743781537469084,9,1.34782608695652,0.304347826086957,"P1 O7","de-protonated",0,NA,"C23 H31 O7 P1",23,31,7,NA,1,NA,NA,NA,NA,NA,NA
3465,449.176471,449.175701564824,449.175832784262,12415748,NA,335765.6,63.77,-1,-0.292133789353129,0.492317029194488,0.753652554121787,0.596851239165408,18,0.866666666666667,0.133333333333333,"O4","de-protonated",0,NA,"C30 H26 O4",30,26,4,NA,NA,NA,NA,NA,NA,NA,NA
3466,449.195395,449.194625519748,449.194460228917,25989900,NA,221177.9,135.74,-1,0.367971661292329,0.487542511600014,0.927353879125985,0.663467058610402,17,0.967741935483871,0.032258064516129,"S1 O1","de-protonated",0,NA,"C31 H30 O1 S1",31,30,1,NA,NA,1,NA,NA,NA,NA,NA
3467,449.231902,449.231132432792,449.230978680083,17412892,NA,225836.3,90.26,-1,0.342257584004141,0.979180098959972,0.930006291204894,0.959510575857941,3,1.85714285714286,0.380952380952381,"P1 O8","de-protonated",0,NA,"C21 H39 O8 P1",21,39,8,NA,1,NA,NA,NA,NA,NA,NA
3469,449.268279,449.267509346145,449.267364189467,9116459,NA,231420.4,46.27,-1,0.323096423132697,0.490618300995431,0.806643077274283,0.617028211506971,2,1.95454545454545,0.318181818181818,"P1 O7","de-protonated",0,NA,"C22 H43 O7 P1",22,43,7,NA,1,NA,NA,NA,NA,NA,NA
3470,449.304607,449.303837259615,449.303749698851,3699514.8,NA,191434.4,17.55,-1,0.194880999965596,0.993132521818824,0,0.595879513091294,1,2.04347826086957,0.260869565217391,"P1 O6","de-protonated",0,NA,"C23 H47 O6 P1",23,47,6,NA,1,NA,NA,NA,NA,NA,NA
3472,450.068401,450.067629440326,450.067798455116,2070146.4,NA,228554.5,8.91,-1,-0.375531843261925,0.974735965247867,0,0.58484157914872,12,0.894736842105263,0.631578947368421,"N1 O12","de-protonated",0,NA,"C19 H17 O12 N1",19,17,12,1,NA,NA,NA,NA,NA,NA,NA
3474,450.104834,450.104062353546,450.104183964501,3752082,NA,223084,17.83,-1,-0.270184012371835,0.986841692191138,0,0.592105015314683,11,1.05,0.55,"N1 O11","de-protonated",0,NA,"C20 H21 O11 N1",20,21,11,1,NA,NA,NA,NA,NA,NA,NA
3479,450.15437,450.153598235556,450.153456633507,3362983.3,NA,234984,15.76,-1,0.314563949021176,0.982205786284614,0,0.589323471770769,5,1.66666666666667,0.555555555555556,"N1 P1 O10","de-protonated",0,NA,"C18 H30 O10 N1 P1",18,30,10,1,1,NA,NA,NA,NA,NA,NA
3482,450.190729,450.189957148952,450.189842142891,10753207,NA,223897,54.95,-1,0.255461252091895,0.494114205287831,0.828487690504102,0.62786359937434,4,1.78947368421053,0.473684210526316,"N1 P1 O9","de-protonated",0,NA,"C19 H34 O9 N1 P1",19,34,9,1,1,NA,NA,NA,NA,NA,NA
3485,450.271811,450.271038955822,450.270855370137,2832601.5,NA,250741.4,12.95,-1,0.407722779629941,0.970286740675342,0,0.582172044405205,2,1.95238095238095,0.428571428571429,"N1 O9","de-protonated",0,NA,"C21 H41 O9 N1",21,41,9,1,NA,NA,NA,NA,NA,NA,NA
3486,450.299732,450.298959889317,450.298998671044,2312421.5,NA,250703.1,10.19,-1,-0.0861243918825948,0.998655025830086,0,0.599193015498052,1,2.09090909090909,0.272727272727273,"N1 P1 O6","de-protonated",0,NA,"C22 H46 O6 N1 P1",22,46,6,1,1,NA,NA,NA,NA,NA,NA
3488,451.052562,451.051788096143,451.051814038017,6313512.5,NA,225995.9,31.41,-1,-0.0575141769445636,0.499699984755068,0.828487690504102,0.631215067054682,12,0.842105263157895,0.684210526315789,"O13","de-protonated",0,NA,"C19 H16 O13",19,16,13,NA,NA,NA,NA,NA,NA,NA,NA
3489,451.088853,451.088079009701,451.088199547401,19621432,NA,218640.1,101.97,-1,-0.267215369960751,0.971634834639469,0.986641640066223,0.977637556810171,11,1,0.6,"O12","de-protonated",0,NA,"C20 H20 O12",20,20,12,NA,NA,NA,NA,NA,NA,NA,NA
3490,451.102026,451.101251978324,451.101086707023,3802173.8,NA,180536.3,18.09,-1,0.366373094347346,0.975938487130905,0,0.585563092278543,6,1.47058823529412,0.705882352941177,"P1 O12","de-protonated",0,NA,"C17 H25 O12 P1",17,25,12,NA,1,NA,NA,NA,NA,NA,NA
3491,451.125324,451.124549922831,451.124585056786,36656712,NA,223511.9,192.3,-1,-0.0778808254525416,0.998830977937405,0.991081470082882,0.995731174795596,10,1.14285714285714,0.523809523809524,"O11","de-protonated",0,NA,"C21 H24 O11",21,24,11,NA,NA,NA,NA,NA,NA,NA,NA
3492,451.138371,451.137596891754,451.137472216408,7915085,NA,204795.7,39.9,-1,0.276357770856236,0.493118843005695,0.836034543948893,0.630285123382974,5,1.61111111111111,0.611111111111111,"P1 O11","de-protonated",0,NA,"C18 H29 O11 P1",18,29,11,NA,1,NA,NA,NA,NA,NA,NA
3494,451.16172,451.160945836139,451.16097056617,20735576,NA,225556.2,107.88,-1,-0.0548142081009387,0.995742477567663,0.972729345113498,0.986537224585997,9,1.27272727272727,0.454545454545455,"O10","de-protonated",0,NA,"C22 H28 O10",22,28,10,NA,NA,NA,NA,NA,NA,NA,NA
3496,451.174624,451.173849805402,451.17372478401,16791132,NA,211821.9,86.96,-1,0.277102555554428,0.493081961688334,0.753652554121787,0.597310198661715,17,0.933333333333333,0.0666666666666667,"S1 O2","de-protonated",0,NA,"C30 H28 O2 S1",30,28,2,NA,NA,1,NA,NA,NA,NA,NA
3498,451.192378,451.191603763114,451.19148284874,7202404.5,NA,216096.5,36.12,-1,0.267989044317046,0.979558704617176,0.994176252057929,0.985405723593477,17,0.933333333333333,0.133333333333333,"O4","de-protonated",0,NA,"C30 H28 O4",30,28,4,NA,NA,NA,NA,NA,NA,NA,NA
3499,451.197969,451.197194749797,451.197356075554,6024807,NA,240686.8,29.87,-1,-0.357550316607455,0.488535086526423,0.799615297578637,0.612967170947309,8,1.39130434782609,0.391304347826087,"O9","de-protonated",0,NA,"C23 H32 O9",23,32,9,NA,NA,NA,NA,NA,NA,NA,NA
3500,451.211013,451.210238718727,451.210110293395,23029356,NA,220783,120.04,-1,0.284624234928563,0.651811084449288,0.925378683524153,0.761238124079234,16,1.03225806451613,0.032258064516129,"S1 O1","de-protonated",0,NA,"C31 H32 O1 S1",31,32,1,NA,NA,1,NA,NA,NA,NA,NA
3501,451.228855,451.228080676229,451.227868358124,4270708,NA,194844.6,20.57,-1,0.470534113476464,0.480311538791211,0.747514279669976,0.587192635142717,16,1.03225806451613,0.0967741935483871,"O3","de-protonated",0,NA,"C31 H32 O3",31,32,3,NA,NA,NA,NA,NA,NA,NA,NA
3502,451.247552,451.246777631694,451.246628744561,11867772,NA,224997.9,60.86,-1,0.329946252016336,0.984720031296043,0.978621363766769,0.982280564284334,2,1.95238095238095,0.380952380952381,"P1 O8","de-protonated",0,NA,"C21 H41 O8 P1",21,41,8,NA,1,NA,NA,NA,NA,NA,NA
3503,451.283931,451.283156545043,451.283014253945,4782731.5,NA,234761.1,23.29,-1,0.315303464992191,0.491061387736285,0.806643077274282,0.617294063551484,1,2.04545454545455,0.318181818181818,"P1 O7","de-protonated",0,NA,"C22 H45 O7 P1",22,45,7,NA,1,NA,NA,NA,NA,NA,NA
3504,452.084219,452.083442638829,452.083448519594,2678242.5,NA,212102.2,12.13,-1,-0.0130081417264155,0.999969297221381,0,0.599981578332829,11,1,0.631578947368421,"N1 O12","de-protonated",0,NA,"C19 H19 O12 N1",19,19,12,1,NA,NA,NA,NA,NA,NA,NA
3506,452.120581,452.119804552218,452.119834028979,4468722,NA,223358.8,21.62,-1,-0.0651967880041246,0.999229027725379,0,0.599537416635227,10,1.15,0.55,"N1 O11","de-protonated",0,NA,"C20 H23 O11 N1",20,23,11,1,NA,NA,NA,NA,NA,NA,NA
3508,452.133471,452.132694521515,452.132588246819,3790839.5,NA,224899.8,18.03,-1,0.235052059065962,0.495012569208045,0.766236582456902,0.603502174507588,18,0.821428571428571,0.107142857142857,"N1 S1 O3","de-protonated",0,NA,"C28 H23 O3 S1 N1",28,23,3,1,NA,1,NA,NA,NA,NA,NA
3509,452.141904,452.141127501428,452.140963397078,2080763.1,NA,248435.3,8.96,-1,0.362949530038957,0.976380742213983,0,0.58582844532839,5,1.58823529411765,0.764705882352941,"N1 O13","de-protonated",0,NA,"C17 H27 O13 N1",17,27,13,1,NA,NA,NA,NA,NA,NA,NA
3510,452.15712,452.156343465185,452.156219538363,3772417.8,NA,196349.4,17.93,-1,0.274079658281942,0.986462109324366,0,0.59187726559462,9,1.28571428571429,0.476190476190476,"N1 O10","de-protonated",0,NA,"C21 H27 O10 N1",21,27,10,1,NA,NA,NA,NA,NA,NA,NA
3517,452.206488,452.205711347595,452.205492207369,2860055,NA,237202.4,13.09,-1,0.484603193461265,0.958283653313446,0,0.574970191988068,3,1.89473684210526,0.473684210526316,"N1 P1 O9","de-protonated",0,NA,"C19 H36 O9 N1 P1",19,36,9,1,1,NA,NA,NA,NA,NA,NA
3521,453.068262,453.067483294927,453.067464102495,10805640,NA,222737.4,55.22,-1,0.0423610897797992,0.997370350640415,0.981229418363315,0.990913977729575,11,0.947368421052632,0.684210526315789,"O13","de-protonated",0,NA,"C19 H18 O13",19,18,13,NA,NA,NA,NA,NA,NA,NA,NA
3522,453.096537,453.095758227578,453.095607403402,6053268,NA,173754.9,30.02,-1,0.332874946564495,0.988380931770451,0.802804317198672,0.914150285941739,10,1.15,0.5,"P1 O10","de-protonated",0,NA,"C20 H23 O10 P1",20,23,10,NA,1,NA,NA,NA,NA,NA,NA
3523,453.104502,453.103723208606,453.103849611879,29800856,NA,220934.1,155.94,-1,-0.27897196927825,0.991725253436735,0.995828623641455,0.993366601518623,10,1.1,0.6,"O12","de-protonated",0,NA,"C20 H22 O12",20,22,12,NA,NA,NA,NA,NA,NA,NA,NA
3524,453.114338,453.113559185178,453.113583399434,2376347.5,NA,129353.5,10.52,-1,-0.0534397058158756,0.999481952682995,0,0.599689171609797,0,2.38461538461538,0.692307692307692,"N2 S2 P1 O9","de-protonated",0,NA,"C13 H31 O9 S2 N2 P1",13,31,9,2,1,2,NA,NA,NA,NA,NA
3525,453.132835,453.13205614112,453.131859971005,11635107,NA,222283.3,59.62,-1,0.432920595822428,0.963183884283956,0.968354287572666,0.96525204559944,22,0.6875,0.03125,"S1 O1","de-protonated",0,NA,"C32 H22 O1 S1",32,22,1,NA,NA,1,NA,NA,NA,NA,NA
3526,453.14094,453.140161121814,453.140235121264,29071782,NA,223019.5,152.07,-1,-0.163303639433101,0.988889759016393,0.993317948595995,0.990661034848234,9,1.23809523809524,0.523809523809524,"O11","de-protonated",0,NA,"C21 H26 O11",21,26,11,NA,NA,NA,NA,NA,NA,NA,NA
3528,453.153979,453.153200090756,453.152989339104,6566316.5,NA,223018.1,32.74,-1,0.465078366983619,0.48075660863975,0.759892473118277,0.592410954431161,17,0.896551724137931,0.103448275862069,"S1 O3","de-protonated",0,NA,"C29 H26 O3 S1",29,26,3,NA,NA,1,NA,NA,NA,NA,NA
3530,453.171702,453.170923048542,453.170747403833,5794228,NA,207339.6,28.65,-1,0.387590569997767,0.486554882632233,0.759892473118277,0.595889918826651,17,0.896551724137931,0.172413793103448,"O5","de-protonated",0,NA,"C29 H26 O5",29,26,5,NA,NA,NA,NA,NA,NA,NA,NA
3531,453.177247,453.176468035334,453.176620630648,10656182,NA,229559.5,54.43,-1,-0.336723711941623,0.989772935895481,0.983790783726586,0.987380075027923,8,1.36363636363636,0.454545454545455,"O10","de-protonated",0,NA,"C22 H30 O10",22,30,10,NA,NA,NA,NA,NA,NA,NA,NA
3532,453.19041,453.189631003981,453.18950779027,16554428,NA,222674.2,85.7,-1,0.271881208356115,0.993322711491018,0.993370703244175,0.993341908192281,3,1.84210526315789,0.526315789473684,"P1 O10","de-protonated",0,NA,"C19 H35 O10 P1",19,35,10,NA,1,NA,NA,NA,NA,NA,NA
3533,453.208107,453.207327961828,453.207132913218,7102915.5,NA,197647.4,35.59,-1,0.430374096867761,0.483475109947104,0.753652554121787,0.591546087616977,16,1,0.133333333333333,"O4","de-protonated",0,NA,"C30 H30 O4",30,30,4,NA,NA,NA,NA,NA,NA,NA,NA
3534,453.213653,453.212873948618,453.213006140032,3749318,NA,239598.4,17.8,-1,-0.291676126311409,0.984681795542505,0,0.590809077325503,7,1.47826086956522,0.391304347826087,"O9","de-protonated",0,NA,"C23 H34 O9",23,34,9,NA,NA,NA,NA,NA,NA,NA,NA
3535,453.226716,453.225936917503,453.225760357873,13031884,NA,224102.5,67.02,-1,0.389562213965799,0.486419625494353,0.747514279669976,0.590857487164602,15,1.09677419354839,0.032258064516129,"S1 O1","de-protonated",0,NA,"C31 H34 O1 S1",31,34,1,NA,NA,1,NA,NA,NA,NA,NA
3536,453.244449,453.243669875265,453.243518422602,4341203,NA,231646.3,20.94,-1,0.334152958949723,0.489971812882684,0.747514279669976,0.592988799597601,15,1.09677419354839,0.0967741935483871,"O3","de-protonated",0,NA,"C31 H34 O3",31,34,3,NA,NA,NA,NA,NA,NA,NA,NA
3537,453.250049,453.249269861926,453.249391649417,3227093.5,NA,221479.1,15.03,-1,-0.268698629592954,0.986985031542757,0,0.592191018925654,6,1.58333333333333,0.333333333333333,"O8","de-protonated",0,NA,"C24 H38 O8",24,38,8,NA,NA,NA,NA,NA,NA,NA,NA
3538,453.263082,453.262302830883,453.262278809039,3855835,NA,240006.8,18.37,-1,0.0529976689131758,0.999490485320977,0,0.599694291192586,1,2.04761904761905,0.380952380952381,"P1 O8","de-protonated",0,NA,"C21 H43 O8 P1",21,43,8,NA,1,NA,NA,NA,NA,NA,NA
3544,454.1492,454.148418720229,454.148238311297,5462870,NA,217491.6,26.89,-1,0.397246794999892,0.485886270671003,0.766236582456902,0.598026395385363,17,0.892857142857143,0.107142857142857,"N1 S1 O3","de-protonated",0,NA,"C28 H25 O3 S1 N1",28,25,3,1,NA,1,NA,NA,NA,NA,NA
3545,454.166834,454.166052678227,454.165996376026,1713501.6,NA,212918.2,7.01,-1,0.123968329986605,0.997215354283464,0,0.598329212570078,17,0.892857142857143,0.178571428571429,"N1 O5","de-protonated",0,NA,"C28 H25 O5 N1",28,25,5,1,NA,NA,NA,NA,NA,NA,NA
3546,454.172541,454.171759664633,454.171869602841,3040608,NA,225641.2,14.04,-1,-0.242063005816303,0.989424423995593,0,0.593654654397356,8,1.38095238095238,0.476190476190476,"N1 O10","de-protonated",0,NA,"C21 H29 O10 N1",21,29,10,1,NA,NA,NA,NA,NA,NA,NA
3548,454.185643,454.184861633425,454.184756762463,4782949.5,NA,230148.3,23.28,-1,0.230899343744201,0.990372793893467,0,0.59422367633608,3,1.88888888888889,0.555555555555556,"N1 P1 O10","de-protonated",0,NA,"C18 H34 O10 N1 P1",18,34,10,1,1,NA,NA,NA,NA,NA,NA
3550,454.196907,454.196125606595,454.195990151755,3306858.5,NA,220788,15.46,-1,0.298229933897713,0.983991279201047,0,0.590394767520628,3,2,0.529411764705882,"N3 P1 O9","de-protonated",0,NA,"C17 H34 O9 N3 P1",17,34,9,3,1,NA,NA,NA,NA,NA,NA
3553,454.96342,454.96263678083,454.962562058276,3746994,NA,222609.9,17.79,-1,0.164238908218688,0.995117485527776,0,0.597070491316666,8,1.08333333333333,0.916666666666667,"N2 S2 P1 O11","de-protonated",0,NA,"C12 H13 O11 S2 N2 P1",12,13,11,2,1,2,NA,NA,NA,NA,NA
3554,455.047508,455.04672458054,455.046728657589,3599573.8,NA,196223.1,17.01,-1,-0.00895962628145253,0.999985434330369,0,0.599991260598221,11,0.888888888888889,0.777777777777778,"O14","de-protonated",0,NA,"C18 H16 O14",18,16,14,NA,NA,NA,NA,NA,NA,NA,NA
3555,455.055267,455.054483562059,455.054611970322,3444953.3,NA,208770.4,16.19,-1,-0.282182093195475,0.985655707660735,0,0.591393424596441,14,0.91304347826087,0.173913043478261,"S2 P1 O4","de-protonated",0,NA,"C23 H21 O4 S2 P1",23,21,4,NA,1,2,NA,NA,NA,NA,NA
3556,455.07585,455.075066513032,455.074871958496,4238562,NA,194857.6,20.39,-1,0.42752203719411,0.967379605688799,0,0.58042776341328,10,1.10526315789474,0.578947368421053,"P1 O11","de-protonated",0,NA,"C19 H21 O11 P1",19,21,11,NA,1,NA,NA,NA,NA,NA,NA
3557,455.083808,455.083024494077,455.083114166973,15604965,NA,224686.2,80.66,-1,-0.197047294256573,0.977639130590282,0.99131615660416,0.983109940995833,10,1.05263157894737,0.684210526315789,"O13","de-protonated",0,NA,"C19 H20 O13",19,20,13,NA,NA,NA,NA,NA,NA,NA,NA
3559,455.120319,455.119535407111,455.119499676357,25418996,NA,217506.5,132.7,-1,0.0785085092246434,0.997951301168409,0.982308308894516,0.991694104258852,9,1.2,0.6,"O12","de-protonated",0,NA,"C20 H24 O12",20,24,12,NA,NA,NA,NA,NA,NA,NA,NA
3561,455.135609,455.134825370691,455.134755817642,2576123.5,NA,217338.8,11.58,-1,0.152818584444865,0.995771499909165,0,0.597462899945499,13,1,0.375,"O9","de-protonated",0,NA,"C24 H24 O9",24,24,9,NA,NA,NA,NA,NA,NA,NA,NA
3562,455.148603,455.147819339741,455.147642977264,14953729,NA,216807.4,77.21,-1,0.387484103866133,0.972611834270997,0.916333479796594,0.950100492481236,8,1.38095238095238,0.428571428571429,"P1 O9","de-protonated",0,NA,"C21 H29 O9 P1",21,29,9,NA,1,NA,NA,NA,NA,NA,NA
3563,455.156616,455.155832320655,455.155885185742,13360388,NA,226946.4,68.76,-1,-0.11614721195797,0.998773445932331,0.981142216929438,0.991720954331173,8,1.33333333333333,0.523809523809524,"O11","de-protonated",0,NA,"C21 H28 O11",21,28,11,NA,NA,NA,NA,NA,NA,NA,NA
3564,455.166272,455.165488297655,455.165268100212,2186504.5,NA,222792.9,9.51,-1,0.483774703992997,0.958423165254164,0,0.575053899152498,21,0.75,0.09375,"O3","de-protonated",0,NA,"C32 H24 O3",32,24,3,NA,NA,NA,NA,NA,NA,NA,NA
3565,455.169715,455.168931289454,455.168772345364,4407562,NA,185014.4,21.29,-1,0.349198143511929,0.978117245043132,0,0.586870347025879,3,1.83333333333333,0.611111111111111,"P1 O11","de-protonated",0,NA,"C18 H33 O11 P1",18,33,11,NA,1,NA,NA,NA,NA,NA,NA
3566,455.184891,455.184107253306,455.184028486649,5072144.5,NA,150895.3,24.81,-1,0.173043544229784,0.995305905637336,0.829863966456848,0.929129129965141,7,1.5,0.363636363636364,"P1 O8","de-protonated",0,NA,"C22 H33 O8 P1",22,33,8,NA,1,NA,NA,NA,NA,NA,NA
3567,455.192798,455.192014234472,455.192108503874,6718740,NA,226004.2,33.54,-1,-0.20709805740153,0.496123970425816,0.843720152817574,0.635162443382519,2,2.17647058823529,0.235294117647059,"N4 S2 P1 O4","de-protonated",0,NA,"C17 H37 O4 S2 N4 P1",17,37,4,4,1,2,NA,NA,NA,NA,NA
3568,455.206028,455.20524420296,455.205024912966,9735450,NA,221442.6,49.54,-1,0.481738955780284,0.979354165297504,0.949210287993269,0.96729661437581,15,1.06666666666667,0.0666666666666667,"S1 O2","de-protonated",0,NA,"C30 H32 O2 S1",30,32,2,NA,NA,1,NA,NA,NA,NA,NA
3569,455.223704,455.222920160857,455.222782977696,3669281,NA,197938.5,17.37,-1,0.301353900523137,0.491828454495091,0.753652554121787,0.59655809434577,15,1.06666666666667,0.133333333333333,"O4","de-protonated",0,NA,"C30 H32 O4",30,32,4,NA,NA,NA,NA,NA,NA,NA,NA
3570,455.229324,455.228540147471,455.22865620451,6186275.5,NA,228874.3,30.72,-1,-0.254942297667452,0.494137953696262,0.799615297578637,0.616328891249212,6,1.56521739130435,0.391304347826087,"O9","de-protonated",0,NA,"C23 H36 O9",23,36,9,NA,NA,NA,NA,NA,NA,NA,NA
3572,455.265777,455.264993060643,455.265041713895,5091635,NA,232057.7,24.92,-1,-0.106867971861652,0.498964931588806,0.792708917554682,0.616462525975156,5,1.66666666666667,0.333333333333333,"O8","de-protonated",0,NA,"C24 H40 O8",24,40,8,NA,NA,NA,NA,NA,NA,NA,NA
3573,455.269173,455.268389052554,455.268413017265,2515764.5,NA,256017,11.26,-1,-0.0526386411845654,0.999497363527332,0,0.599698418116399,0,2.0952380952381,0.380952380952381,"S1 O8","de-protonated",0,NA,"C21 H44 O8 S1",21,44,8,NA,NA,1,NA,NA,NA,NA,NA
3574,455.30211,455.301325974101,455.301427223279,3573058.5,NA,230328.6,16.86,-1,-0.222378345025798,0.991067113714303,0,0.594640268228582,4,1.76,0.28,"O7","de-protonated",0,NA,"C25 H44 O7",25,44,7,NA,NA,NA,NA,NA,NA,NA,NA
3575,456.079153,456.078367123254,456.078363139166,1869454,NA,198591.7,7.83,-1,0.00873553422990182,0.999986153826756,0,0.599991692296054,10,1.05555555555556,0.722222222222222,"N1 O13","de-protonated",0,NA,"C18 H19 O13 N1",18,19,13,1,NA,NA,NA,NA,NA,NA,NA
3577,456.115337,456.114551037067,456.11474864855,5250717.5,NA,209875.9,25.76,-1,-0.433249491998505,0.483257312824066,0.828487690504102,0.621349463896081,9,1.21052631578947,0.631578947368421,"N1 O12","de-protonated",0,NA,"C19 H23 O12 N1",19,23,12,1,NA,NA,NA,NA,NA,NA,NA
3579,456.128364,456.127578006038,456.127502866391,1971363,NA,224955.1,8.37,-1,0.164733866721346,0.995088085312023,0,0.597052851187214,17,0.851851851851852,0.148148148148148,"N1 S1 O4","de-protonated",0,NA,"C27 H23 O4 S1 N1",27,23,4,1,NA,1,NA,NA,NA,NA,NA
3582,456.165032,456.164245918698,456.164021317557,4540082.5,NA,220647.7,21.99,-1,0.492369259616831,0.956965298219826,0,0.574179178931896,3,1.88235294117647,0.647058823529412,"N1 P1 O11","de-protonated",0,NA,"C17 H32 O11 N1 P1",17,32,11,1,1,NA,NA,NA,NA,NA,NA
3587,456.212583,456.211796805436,456.211640216233,2930886.8,NA,221589.4,13.46,-1,0.343238069382956,0.978849966307272,0,0.587309979784363,2,2.11764705882353,0.529411764705882,"N3 P1 O9","de-protonated",0,NA,"C17 H36 O9 N3 P1",17,36,9,3,1,NA,NA,NA,NA,NA,NA
3590,457.041907,457.041118830061,457.041249353967,2163752.3,NA,261542.5,9.39,-1,-0.285584522316357,0.985310276194108,0,0.591186165716465,15,0.666666666666667,0.571428571428571,"O12","de-protonated",0,NA,"C21 H14 O12",21,14,12,NA,NA,NA,NA,NA,NA,NA,NA
3592,457.063258,457.062469779204,457.062378722067,4700209.5,NA,227355.7,22.84,-1,0.199222561026814,0.992824238596273,0,0.595694543157764,10,1,0.777777777777778,"O14","de-protonated",0,NA,"C18 H18 O14",18,18,14,NA,NA,NA,NA,NA,NA,NA,NA
3593,457.07838,457.077591743185,457.077634863352,2525751.8,NA,218437.8,11.31,-1,-0.094338824098408,0.9983864436739,0,0.59903186620434,14,0.818181818181818,0.5,"O11","de-protonated",0,NA,"C22 H18 O11",22,18,11,NA,NA,NA,NA,NA,NA,NA,NA
3595,457.099585,457.098796692677,457.098764231451,11481153,NA,221684.4,58.79,-1,0.0710157808286301,0.998715360373293,0.995344311233089,0.997366940717212,9,1.15789473684211,0.684210526315789,"O13","de-protonated",0,NA,"C19 H22 O13",19,22,13,NA,NA,NA,NA,NA,NA,NA,NA
3597,457.114912,457.114123656169,457.114020372736,5047367.5,NA,228071,24.68,-1,0.225946763049417,0.495389732430554,0.799615297578637,0.617079958489787,13,0.956521739130435,0.434782608695652,"O10","de-protonated",0,NA,"C23 H22 O10",23,22,10,NA,NA,NA,NA,NA,NA,NA,NA
3598,457.127826,457.127037625409,457.126907532358,18407500,NA,224158,95.52,-1,0.284588478877111,0.981232224260578,0.948034117403409,0.96795298151771,8,1.35,0.5,"P1 O10","de-protonated",0,NA,"C20 H27 O10 P1",20,27,10,NA,1,NA,NA,NA,NA,NA,NA
3599,457.135876,457.135087606235,457.135149740835,12124240,NA,226245.8,62.2,-1,-0.135921730376506,0.998211027162911,0.982963283056899,0.992111929520506,8,1.3,0.6,"O12","de-protonated",0,NA,"C20 H26 O12",20,26,12,NA,NA,NA,NA,NA,NA,NA,NA
3600,457.145542,457.144753583211,457.144532655306,4774996.5,NA,211940.1,23.23,-1,0.483278021859361,0.479253349191341,0.747514279669976,0.586557721382795,21,0.709677419354839,0.129032258064516,"O4","de-protonated",0,NA,"C31 H22 O4",31,22,4,NA,NA,NA,NA,NA,NA,NA,NA
3601,457.151067,457.150278570051,457.15040588212,5376087,NA,201745.7,26.42,-1,-0.278490552440616,0.493012971409416,0.792708917554682,0.612891349867522,12,1.08333333333333,0.375,"O9","de-protonated",0,NA,"C24 H26 O9",24,26,9,NA,NA,NA,NA,NA,NA,NA,NA
3602,457.164218,457.163429538727,457.163293041742,12398684,NA,212863.5,63.66,-1,0.298573806188323,0.99065870701185,0.902507069264356,0.955398051912853,7,1.47619047619048,0.428571428571429,"P1 O9","de-protonated",0,NA,"C21 H31 O9 P1",21,31,9,NA,1,NA,NA,NA,NA,NA,NA
3603,457.172245,457.171456519607,457.17153525022,5826656,NA,228094,28.81,-1,-0.172212411568222,0.497316604228917,0.813795485951173,0.62390815691782,7,1.42857142857143,0.523809523809524,"O11","de-protonated",0,NA,"C21 H30 O11",21,30,11,NA,NA,NA,NA,NA,NA,NA,NA
3604,457.187418,457.186629483466,457.186791391505,3208294.3,NA,177863.2,14.93,-1,-0.354139798530667,0.977500587175377,0,0.586500352305226,11,1.2,0.32,"O8","de-protonated",0,NA,"C25 H30 O8",25,30,8,NA,NA,NA,NA,NA,NA,NA,NA
3606,457.208718,457.207929432732,457.207920759604,6025327.5,NA,227763.6,29.86,-1,0.0189697669295346,0.499967353724288,0.806643077274283,0.622637643144286,6,1.54545454545455,0.454545454545455,"O10","de-protonated",0,NA,"C22 H34 O10",22,34,10,NA,NA,NA,NA,NA,NA,NA,NA
3607,457.221716,457.220927401772,457.220807919226,3551349,NA,204133.9,16.75,-1,0.261323508531713,0.987685327444637,0,0.592611196466782,1,2.05263157894737,0.526315789473684,"P1 O10","de-protonated",0,NA,"C19 H39 O10 P1",19,39,10,NA,1,NA,NA,NA,NA,NA,NA
3608,457.245079,457.244290346123,457.244306268988,8585343,NA,221271.9,43.44,-1,-0.0348235395915212,0.999644256827928,0.983536113475411,0.993200999486921,5,1.65217391304348,0.391304347826087,"O9","de-protonated",0,NA,"C23 H38 O9",23,38,9,NA,NA,NA,NA,NA,NA,NA,NA
3609,457.281428,457.280639259543,457.280691778373,5325966.5,NA,229776.2,26.15,-1,-0.114850310838102,0.979276102060801,0.931059254155192,0.959989362898558,4,1.75,0.333333333333333,"O8","de-protonated",0,NA,"C24 H42 O8",24,42,8,NA,NA,NA,NA,NA,NA,NA,NA
3610,457.317871,457.317082172739,457.317077287757,2593437.8,NA,242045.1,11.67,-1,0.0106818276868581,0.999979296657427,0,0.599987577994456,3,1.84,0.28,"O7","de-protonated",0,NA,"C25 H46 O7",25,46,7,NA,NA,NA,NA,NA,NA,NA,NA
3611,458.09465,458.093859322521,458.094013203644,3789288.3,NA,231337.9,18,-1,-0.335916031500103,0.979733587666992,0,0.587840152600195,9,1.16666666666667,0.722222222222222,"N1 O13","de-protonated",0,NA,"C18 H21 O13 N1",18,21,13,1,NA,NA,NA,NA,NA,NA,NA
3616,458.203834,458.203043062455,458.203169731797,5090839,NA,211220.4,24.91,-1,-0.276447983504336,0.493114380863069,0.813795485951173,0.621386822898311,6,1.57142857142857,0.476190476190476,"N1 O10","de-protonated",0,NA,"C21 H33 O10 N1",21,33,10,1,NA,NA,NA,NA,NA,NA,NA
3617,458.240359,458.239567975455,458.239555241181,2097190.3,NA,263541.3,9.03,-1,0.0277895565570004,0.99985988435376,0,0.599915930612256,5,1.68181818181818,0.409090909090909,"N1 O9","de-protonated",0,NA,"C22 H37 O9 N1",22,37,9,1,NA,NA,NA,NA,NA,NA,NA
3624,459.057617,459.05682402882,459.056899418445,3105665.5,NA,234986.1,14.38,-1,-0.164227191422298,0.995118180436516,0,0.59707090826191,14,0.761904761904762,0.571428571428571,"O12","de-protonated",0,NA,"C21 H16 O12",21,16,12,NA,NA,NA,NA,NA,NA,NA,NA
3625,459.070678,459.06988499771,459.069786578067,4945799,NA,235340.7,24.13,-1,0.214389283448857,0.991694797047084,0,0.59501687822825,9,1.16666666666667,0.666666666666667,"P1 O12","de-protonated",0,NA,"C18 H21 O12 P1",18,21,12,NA,1,NA,NA,NA,NA,NA,NA
3626,459.078846,459.078052978255,459.078028786545,2872202.5,NA,234522,13.14,-1,0.0526962918124905,0.999496262211945,0,0.599697757327167,9,1.11111111111111,0.777777777777778,"O14","de-protonated",0,NA,"C18 H20 O14",18,20,14,NA,NA,NA,NA,NA,NA,NA,NA
3628,459.094136,459.093342941835,459.09328492783,5703569,NA,213922.1,28.15,-1,0.126366486618975,0.498553366124629,0.806643077274283,0.62178925058449,13,0.909090909090909,0.5,"O11","de-protonated",0,NA,"C22 H20 O11",22,20,11,NA,NA,NA,NA,NA,NA,NA,NA
3629,459.107135,459.106341910873,459.106172087452,17286038,NA,216024.3,89.57,-1,0.369900104563192,0.983999032008436,0.991044556070354,0.986817241633203,8,1.31578947368421,0.578947368421053,"P1 O11","de-protonated",0,NA,"C19 H25 O11 P1",19,25,11,NA,1,NA,NA,NA,NA,NA,NA
3630,459.115253,459.114459891536,459.114414295929,4411290,NA,225607.3,21.3,-1,0.099312079638134,0.998211992112376,0,0.598927195267425,8,1.26315789473684,0.684210526315789,"O13","de-protonated",0,NA,"C19 H24 O13",19,24,13,NA,NA,NA,NA,NA,NA,NA,NA
3631,459.12478,459.123986868844,459.123797210399,5477278,NA,221272.7,26.95,-1,0.413087811097777,0.484755875736297,0.753652554121787,0.592314547090493,21,0.666666666666667,0.166666666666667,"O5","de-protonated",0,NA,"C30 H20 O5",30,20,5,NA,NA,NA,NA,NA,NA,NA,NA
3632,459.130407,459.129613855441,459.129670437214,8246176.5,NA,219134.2,41.63,-1,-0.123237021559815,0.997802391132559,0.984105117335701,0.992323481613816,12,1.04347826086957,0.434782608695652,"O10","de-protonated",0,NA,"C23 H24 O10",23,24,10,NA,NA,NA,NA,NA,NA,NA,NA
3633,459.143431,459.142637824419,459.142424655054,15328166,NA,213081,79.19,-1,0.464277211374139,0.480821562836405,0.747514279669976,0.587498649569833,20,0.774193548387097,0.0645161290322581,"S1 O2","de-protonated",0,NA,"C31 H24 O2 S1",31,24,2,NA,NA,1,NA,NA,NA,NA,NA
3634,459.151594,459.150800804975,459.150799805313,3110825.3,NA,254918.1,14.4,-1,0.00217719744817421,0.999999139899352,0,0.599999483939611,7,1.4,0.6,"O12","de-protonated",0,NA,"C20 H28 O12",20,28,12,NA,NA,NA,NA,NA,NA,NA,NA
3636,459.166795,459.166001768768,459.166055946598,8262576,NA,207994.2,41.72,-1,-0.117991802105563,0.996953945466518,0.9891437140661,0.993829852906351,11,1.16666666666667,0.375,"O9","de-protonated",0,NA,"C24 H28 O9",24,28,9,NA,NA,NA,NA,NA,NA,NA,NA
3637,459.179884,459.179090737591,459.17894310622,9497525,NA,221075.8,48.27,-1,0.321511630727886,0.985035783367004,0.838529098093837,0.926433109257738,6,1.57142857142857,0.428571428571429,"P1 O9","de-protonated",0,NA,"C21 H33 O9 P1",21,33,9,NA,1,NA,NA,NA,NA,NA,NA
3638,459.187957,459.187163718362,459.187185314698,4882361,NA,230037,23.8,-1,-0.0470316604540666,0.499799360099024,0.813795485951173,0.625397810439884,6,1.52380952380952,0.523809523809524,"O11","de-protonated",0,NA,"C21 H32 O11",21,32,11,NA,NA,NA,NA,NA,NA,NA,NA
3639,459.203154,459.202360682164,459.202441455983,2435519.3,NA,204903.1,10.82,-1,-0.175900237649401,0.994401545584873,0,0.596640927350924,10,1.28,0.32,"O8","de-protonated",0,NA,"C25 H32 O8",25,32,8,NA,NA,NA,NA,NA,NA,NA,NA
3640,459.216346,459.215552650742,459.215328615605,5247941,NA,220154.5,25.74,-1,0.487865110962356,0.972342918275083,0.729758566557665,0.875309177588116,5,1.68181818181818,0.363636363636364,"P1 O8","de-protonated",0,NA,"C22 H37 O8 P1",22,37,8,NA,1,NA,NA,NA,NA,NA,NA
3641,459.224354,459.223560631668,459.223570824082,7996360,NA,221446.4,40.31,-1,-0.0221948852009384,0.996542316300824,0.983549028581589,0.99134500121313,5,1.63636363636364,0.454545454545455,"O10","de-protonated",0,NA,"C22 H36 O10",22,36,10,NA,NA,NA,NA,NA,NA,NA,NA
3643,459.260648,459.259854545219,459.259956333466,6751191.5,NA,225324.9,33.71,-1,-0.221635364398056,0.495563219767968,0.799615297578637,0.617184050892235,4,1.73913043478261,0.391304347826087,"O9","de-protonated",0,NA,"C23 H40 O9",23,40,9,NA,NA,NA,NA,NA,NA,NA,NA
3644,459.273611,459.272817514342,459.272710551307,3278813,NA,232577.1,15.3,-1,0.232896561503613,0.495103174904966,0.747514279669976,0.59606761681097,12,1.29032258064516,0.032258064516129,"S1 O1","de-protonated",0,NA,"C31 H40 O1 S1",31,40,1,NA,NA,1,NA,NA,NA,NA,NA
3645,459.296986,459.296192458665,459.296341842851,3336167,NA,228757.9,15.6,-1,-0.325245756125405,0.980988528335834,0,0.5885931170015,3,1.83333333333333,0.333333333333333,"O8","de-protonated",0,NA,"C24 H44 O8",24,44,8,NA,NA,NA,NA,NA,NA,NA,NA
3646,459.304333,459.303539441165,459.303355775658,2848234.3,NA,237089.7,13.01,-1,0.399878434033826,0.971402722805999,0,0.582841633683599,7,1.60714285714286,0.107142857142857,"P1 O3","de-protonated",0,NA,"C28 H45 O3 P1",28,45,3,NA,1,NA,NA,NA,NA,NA,NA
3647,459.327532,459.326738385907,459.32685412542,2685428,NA,197619.1,12.15,-1,-0.251976370436386,0.988545550953012,0,0.593127330571807,11,1.375,0.0625,"O2","de-protonated",0,NA,"C32 H44 O2",32,44,2,NA,NA,NA,NA,NA,NA,NA,NA
3649,460.073723,460.072927608547,460.072764694401,2012464.5,NA,219996.7,8.58,-1,0.354105172437788,0.977504936870429,0,0.586502962122257,27,0.366666666666667,0.1,"N3 O3","de-protonated",0,NA,"C30 H11 O3 N3",30,11,3,3,NA,NA,NA,NA,NA,NA,NA
3652,460.125765,460.124969484587,460.124919409407,1962054.6,NA,170745.3,8.31,-1,0.108829533674001,0.99785325338309,0,0.598711952029854,12,1.04545454545455,0.454545454545455,"N1 O10","de-protonated",0,NA,"C22 H23 O10 N1",22,23,10,1,NA,NA,NA,NA,NA,NA,NA
3659,460.255977,460.255181174434,460.255205305659,2916733.8,NA,230853.5,13.37,-1,-0.0524300975290446,0.999501337335017,0,0.59970080240101,4,1.77272727272727,0.409090909090909,"N1 O9","de-protonated",0,NA,"C22 H39 O9 N1",22,39,9,1,NA,NA,NA,NA,NA,NA,NA
3662,461.036845,461.036047314477,461.036163973539,1807048.4,NA,276210.3,7.49,-1,-0.253036684880002,0.988449507735916,0,0.59306970464155,14,0.7,0.65,"O13","de-protonated",0,NA,"C20 H14 O13",20,14,13,NA,NA,NA,NA,NA,NA,NA,NA
3663,461.073423,461.072625227351,461.072549482923,5715672,NA,213329.1,28.21,-1,0.164278761933349,0.497557560742825,0.813795485951173,0.624052730826164,13,0.857142857142857,0.571428571428571,"O12","de-protonated",0,NA,"C21 H18 O12",21,18,12,NA,NA,NA,NA,NA,NA,NA,NA
3664,461.086384,461.085586196479,461.085436642545,7685853.5,NA,221779.6,38.66,-1,0.324351891854452,0.490545944662583,0.836034543948893,0.628741384377107,8,1.27777777777778,0.666666666666667,"P1 O12","de-protonated",0,NA,"C18 H23 O12 P1",18,23,12,NA,1,NA,NA,NA,NA,NA,NA
3666,461.109757,461.108959140807,461.108934992308,11679463,NA,222459.2,59.83,-1,0.0523704859343905,0.997669311356039,0.976100787085293,0.989041901647741,12,1,0.5,"O11","de-protonated",0,NA,"C22 H22 O11",22,22,11,NA,NA,NA,NA,NA,NA,NA,NA
3667,461.122707,461.121909109961,461.121689210148,13362925,NA,215369.9,68.76,-1,0.47688022057395,0.961111011567189,0.975765852061029,0.966972947764725,20,0.733333333333333,0.1,"S1 O3","de-protonated",0,NA,"C30 H22 O3 S1",30,22,3,NA,NA,1,NA,NA,NA,NA,NA
3668,461.140435,461.139637067734,461.139447274877,4803316,NA,203602.7,23.37,-1,0.411573674964587,0.484865717309653,0.753652554121787,0.592380452034507,20,0.733333333333333,0.166666666666667,"O5","de-protonated",0,NA,"C30 H22 O5",30,22,5,NA,NA,NA,NA,NA,NA,NA,NA
3669,461.14597,461.145172054551,461.145320501692,12900087,NA,218605.4,66.31,-1,-0.321909677582689,0.49068644837596,0.799615297578637,0.614257988057031,11,1.1304347826087,0.434782608695652,"O10","de-protonated",0,NA,"C23 H26 O10",23,26,10,NA,NA,NA,NA,NA,NA,NA,NA
3670,461.159016,461.158218023476,461.158074719532,11017980,NA,218088.3,56.33,-1,0.310747987945414,0.491315570373242,0.747514279669976,0.593795054091936,19,0.838709677419355,0.0645161290322581,"S1 O2","de-protonated",0,NA,"C31 H26 O2 S1",31,26,2,NA,NA,1,NA,NA,NA,NA,NA
3671,461.1669,461.166102004697,461.165936805455,2300159.5,NA,229943.1,10.1,-1,0.358220825281239,0.976985090745414,0,0.586191054447248,24,0.666666666666667,0.0303030303030303,"N2 O1","de-protonated",0,NA,"C33 H22 O1 N2",33,22,1,2,NA,NA,NA,NA,NA,NA,NA
3673,461.182442,461.181643967678,461.181706011076,7216902,NA,223907.5,36.17,-1,-0.134531352744277,0.498360701889564,0.792708917554682,0.616099988155611,10,1.25,0.375,"O9","de-protonated",0,NA,"C24 H30 O9",24,30,9,NA,NA,NA,NA,NA,NA,NA,NA
3674,461.195538,461.194739936484,461.194593170698,10628876,NA,214762.6,54.26,-1,0.318229632200244,0.977979503382872,0.823080316875075,0.916019828779753,5,1.66666666666667,0.428571428571429,"P1 O9","de-protonated",0,NA,"C21 H35 O9 P1",21,35,9,NA,1,NA,NA,NA,NA,NA,NA
3675,461.203546,461.20274791741,461.202835379176,2900751,NA,251408.4,13.29,-1,-0.189638396117311,0.99349585558114,0,0.596097513348684,5,1.61904761904762,0.523809523809524,"O11","de-protonated",0,NA,"C21 H34 O11",21,34,11,NA,NA,NA,NA,NA,NA,NA,NA
3676,461.213926,461.213127892685,461.213220615353,1933075.3,NA,236324.3,8.16,-1,-0.201040784547774,0.99269314224096,0,0.595615885344576,4,1.77272727272727,0.272727272727273,"S1 P1 O6","de-protonated",0,NA,"C22 H39 O6 S1 P1",22,39,6,NA,1,1,NA,NA,NA,NA,NA
3677,461.218805,461.218006881064,461.218091520461,2386197.3,NA,175701.6,10.56,-1,-0.18351274171792,0.993907997904549,0,0.596344798742729,9,1.36,0.32,"O8","de-protonated",0,NA,"C25 H34 O8",25,34,8,NA,NA,NA,NA,NA,NA,NA,NA
3679,461.240046,461.23924783047,461.23922088856,3421982.3,NA,221105.1,16.05,-1,0.0584120100232065,0.999381095411842,0,0.599628657247105,4,1.72727272727273,0.454545454545455,"O10","de-protonated",0,NA,"C22 H38 O10",22,38,10,NA,NA,NA,NA,NA,NA,NA,NA
3680,461.268173,461.267374763474,461.267364189467,6690602,NA,225230.2,33.38,-1,0.0229238136340431,0.987782932675912,0.916456114881488,0.959252205558142,3,1.8695652173913,0.304347826086957,"P1 O7","de-protonated",0,NA,"C23 H43 O7 P1",23,43,7,NA,1,NA,NA,NA,NA,NA,NA
3682,461.283398,461.282599727209,461.282620330752,1760560.6,NA,224831.8,7.24,-1,-0.0446657677693863,0.999638069792842,0,0.599782841875705,7,1.59259259259259,0.148148148148148,"P1 O4","de-protonated",0,NA,"C27 H43 O4 P1",27,43,4,NA,1,NA,NA,NA,NA,NA,NA
3683,461.304774,461.303975676294,461.303749698851,2967353.8,NA,243922.2,13.64,-1,0.489866910223986,0.957392183063951,0,0.57443530983837,2,1.95833333333333,0.25,"P1 O6","de-protonated",0,NA,"C24 H47 O6 P1",24,47,6,NA,1,NA,NA,NA,NA,NA,NA
3685,462.10481,462.10400977068,462.104183964501,2154123.8,NA,217344.5,9.33,-1,-0.376957896195181,0.974546192097386,0,0.584727715258432,12,1,0.523809523809524,"N1 O11","de-protonated",0,NA,"C21 H21 O11 N1",21,21,11,1,NA,NA,NA,NA,NA,NA,NA
3688,462.141508,462.140707683268,462.140569473885,2292379.3,NA,199173.1,10.06,-1,0.299063515476768,0.983902387478738,0,0.590341432487243,11,1.13636363636364,0.454545454545455,"N1 O10","de-protonated",0,NA,"C22 H25 O10 N1",22,25,10,1,NA,NA,NA,NA,NA,NA,NA
3692,462.235241,462.234440460005,462.234469860753,5173443,NA,219876.6,25.33,-1,-0.0636057027775198,0.49963309253411,0.813795485951173,0.625298049900935,4,1.76190476190476,0.476190476190476,"N1 O10","de-protonated",0,NA,"C21 H37 O10 N1",21,37,10,1,NA,NA,NA,NA,NA,NA,NA
3697,462.999672,462.998869639199,462.998811169896,9562629,NA,219722.4,48.61,-1,0.126283914542181,0.498555253331474,0.753652554121787,0.600594173647599,27,0.3,0.0666666666666667,"S1 P1 O2","de-protonated",0,NA,"C30 H9 O2 S1 P1",30,9,2,NA,1,1,NA,NA,NA,NA,NA
3698,463.05254,463.051737513272,463.051814038017,3671579.5,NA,203023.4,17.37,-1,-0.165261732931538,0.995056633874315,0,0.597033980324589,13,0.8,0.65,"O13","de-protonated",0,NA,"C20 H16 O13",20,16,13,NA,NA,NA,NA,NA,NA,NA,NA
3699,463.065365,463.064562482724,463.064568255858,2213409,NA,215143.5,9.64,-1,-0.0124672326269954,0.99997179748556,0,0.599983078491336,21,0.571428571428571,0.178571428571429,"S1 O5","de-protonated",0,NA,"C28 H16 O5 S1",28,16,5,NA,NA,1,NA,NA,NA,NA,NA
3701,463.08894,463.08813742657,463.088199547401,10142251,NA,212842,51.68,-1,-0.134144707683518,0.99834541912648,0.999953417105625,0.998988618318138,12,0.952380952380952,0.571428571428571,"O12","de-protonated",0,NA,"C21 H20 O12",21,20,12,NA,NA,NA,NA,NA,NA,NA,NA
3702,463.102057,463.101254395327,463.101086707023,6740528.5,NA,211865.5,33.64,-1,0.362098704069257,0.488245019196092,0.836034543948893,0.627360829097212,7,1.38888888888889,0.666666666666667,"P1 O12","de-protonated",0,NA,"C18 H25 O12 P1",18,25,12,NA,1,NA,NA,NA,NA,NA,NA
3704,463.125433,463.124630339647,463.124585056786,19278394,NA,219290.6,100.12,-1,0.0977768466854656,0.993976494276545,0.972595682788034,0.985424169681141,11,1.09090909090909,0.5,"O11","de-protonated",0,NA,"C22 H24 O11",22,24,11,NA,NA,NA,NA,NA,NA,NA,NA
3705,463.138472,463.137669308589,463.137472216408,8663616,NA,207375,43.84,-1,0.42555870258059,0.98291261824008,0.999960943609561,0.989731948387873,6,1.52631578947368,0.578947368421053,"P1 O11","de-protonated",0,NA,"C19 H29 O11 P1",19,29,11,NA,1,NA,NA,NA,NA,NA,NA
3707,463.161704,463.160901253253,463.16097056617,14596682,NA,215657.5,75.3,-1,-0.149651895121949,0.99356443580375,0.979564912567352,0.987964626509191,10,1.21739130434783,0.434782608695652,"O10","de-protonated",0,NA,"C23 H28 O10",23,28,10,NA,NA,NA,NA,NA,NA,NA,NA
3708,463.174777,463.173974222114,463.173857725792,12810831,NA,214423.6,65.83,-1,0.251517481808176,0.989908663998117,0.909316652125239,0.957671859248966,5,1.65,0.5,"P1 O10","de-protonated",0,NA,"C20 H33 O10 P1",20,33,10,NA,1,NA,NA,NA,NA,NA,NA
3709,463.192415,463.191612180102,463.19148284874,3179094.5,NA,209970.3,14.76,-1,0.279217919783176,0.492976683894197,0.747514279669976,0.594791722204508,18,0.903225806451613,0.129032258064516,"O4","de-protonated",0,NA,"C31 H28 O4",31,28,4,NA,NA,NA,NA,NA,NA,NA,NA
3710,463.198069,463.197266166635,463.197356075554,5491289,NA,218101.5,27.02,-1,-0.194104992886061,0.496593459260543,0.792708917554682,0.615039642578198,9,1.33333333333333,0.375,"O9","de-protonated",0,NA,"C24 H32 O9",24,32,9,NA,NA,NA,NA,NA,NA,NA,NA
3711,463.211089,463.210286135622,463.210110293395,15293022,NA,211396.2,78.99,-1,0.379616557856468,0.487095283766682,0.741475186234395,0.588847244753767,17,1,0.03125,"S1 O1","de-protonated",0,NA,"C32 H32 O1 S1",32,32,1,NA,NA,1,NA,NA,NA,NA,NA
3712,463.228878,463.228075093251,463.227868358124,3280486,NA,222002.4,15.3,-1,0.446292506570219,0.482252431214091,0.741475186234394,0.585941533222212,17,1,0.09375,"O3","de-protonated",0,NA,"C32 H32 O3",32,32,3,NA,NA,NA,NA,NA,NA,NA,NA
3713,463.24759,463.24678704868,463.246628744561,11123310,NA,234525.3,56.88,-1,0.341727515754873,0.986824789930427,0.885523714654716,0.946304359820142,3,1.86363636363636,0.363636363636364,"P1 O8","de-protonated",0,NA,"C22 H41 O8 P1",22,41,8,NA,1,NA,NA,NA,NA,NA,NA
3714,463.26522,463.264417006687,463.264253867508,2331765.3,NA,246936.5,10.26,-1,0.352151450073949,0.977749703685399,0,0.58664982221124,16,1.09090909090909,0.0606060606060606,"O2","de-protonated",0,NA,"C33 H36 O2",33,36,2,NA,NA,NA,NA,NA,NA,NA,NA
3715,463.283998,463.28319496196,463.283014253945,5952125,NA,226890.8,29.46,-1,0.390059659384858,0.486385397686283,0.799615297578637,0.611677357643225,2,1.95652173913043,0.304347826086957,"P1 O7","de-protonated",0,NA,"C23 H45 O7 P1",23,45,7,NA,1,NA,NA,NA,NA,NA,NA
3717,464.084347,464.0835420556,464.083448519594,2460622,NA,232927.3,10.95,-1,0.201549971220081,0.992656218848271,0,0.595593731308962,12,0.95,0.6,"N1 O12","de-protonated",0,NA,"C20 H19 O12 N1",20,19,12,1,NA,NA,NA,NA,NA,NA,NA
3719,464.120686,464.119880969044,464.119834028979,2511325.3,NA,216013.7,11.21,-1,0.101137813351663,0.998145708608847,0,0.598887425165308,11,1.0952380952381,0.523809523809524,"N1 O11","de-protonated",0,NA,"C21 H23 O11 N1",21,23,11,1,NA,NA,NA,NA,NA,NA,NA
3722,464.156962,464.156156882638,464.156219538363,3209196.8,NA,203761,14.92,-1,-0.134988442790882,0.996699123778864,0,0.598019474267319,10,1.22727272727273,0.454545454545455,"N1 O10","de-protonated",0,NA,"C22 H27 O10 N1",22,27,10,1,NA,NA,NA,NA,NA,NA,NA
3724,464.169937,464.169131851732,464.168973756203,2034162,NA,271696.2,8.68,-1,0.340599087827544,0.979170541649689,0,0.587502324989814,18,0.9,0.0666666666666667,"N1 S1 O2","de-protonated",0,NA,"C30 H27 O2 S1 N1",30,27,2,1,NA,1,NA,NA,NA,NA,NA
3726,464.206524,464.205718764585,464.205492207369,1823745.4,NA,240856.7,7.57,-1,0.488053717338795,0.957700261417689,0,0.574620156850614,4,1.8,0.45,"N1 P1 O9","de-protonated",0,NA,"C20 H36 O9 N1 P1",20,36,9,1,1,NA,NA,NA,NA,NA,NA
3731,464.996612,464.995804882667,464.996030494212,4112717.5,NA,223479.2,19.7,-1,-0.485190260091067,0.958184663132313,0,0.574910797879388,19,0.315789473684211,0.578947368421053,"N4 O11","de-protonated",0,NA,"C19 H6 O11 N4",19,6,11,4,NA,NA,NA,NA,NA,NA,NA
3732,465.031769,465.030961798926,465.031078593111,2039132.1,NA,221827.4,8.71,-1,-0.251153504132003,0.988619814589346,0,0.593171888753607,13,0.736842105263158,0.736842105263158,"O14","de-protonated",0,NA,"C19 H14 O14",19,14,14,NA,NA,NA,NA,NA,NA,NA,NA
3733,465.068339,465.067531711819,465.067464102495,7794027.5,NA,232949,39.22,-1,0.145375304648409,0.498086305217806,0.821075868479145,0.627282130522342,12,0.9,0.65,"O13","de-protonated",0,NA,"C20 H18 O13",20,18,13,NA,NA,NA,NA,NA,NA,NA,NA
3735,465.104653,465.103845625323,465.103849611879,20450682,NA,215934.7,106.33,-1,-0.00857132606414841,0.994669688166239,0.99344980615984,0.99418173536368,11,1.04761904761905,0.571428571428571,"O12","de-protonated",0,NA,"C21 H22 O12",21,22,12,NA,NA,NA,NA,NA,NA,NA,NA
3737,465.132885,465.132077558077,465.131859971005,5183878.5,NA,160704.7,25.38,-1,0.467796533931739,0.480535462826798,0.73553288925895,0.582534433399659,23,0.666666666666667,0.0303030303030303,"S1 O1","de-protonated",0,NA,"C33 H22 O1 S1",33,22,1,NA,NA,1,NA,NA,NA,NA,NA
3738,465.140955,465.140147538855,465.140235121264,24071562,NA,215254.6,125.53,-1,-0.188292481451703,0.992651831534208,0.994858520272463,0.99353450702951,10,1.18181818181818,0.5,"O11","de-protonated",0,NA,"C22 H26 O11",22,26,11,NA,NA,NA,NA,NA,NA,NA,NA
3739,465.16929,465.168482471363,465.168378422171,184421776,NA,220980.6,975.77,-1,0.223680708808005,0.739953105111085,0.980696114988147,0.83625030906191,9,1.34782608695652,0.347826086956522,"P1 O8","de-protonated",0,NA,"C23 H31 O8 P1",23,31,8,NA,1,NA,NA,NA,NA,NA,NA
3740,465.177341,465.176533452186,465.176620630648,11967897,NA,217306.5,61.36,-1,-0.187409378939774,0.996550252934585,0.989636043335848,0.99378456909509,9,1.30434782608696,0.434782608695652,"O10","de-protonated",0,NA,"C23 H30 O10",23,30,10,NA,NA,NA,NA,NA,NA,NA,NA
3741,465.190481,465.189673420888,465.18950779027,16133535,NA,216304.1,83.44,-1,0.356049771783562,0.976374884321505,0.9538225306424,0.967353942849863,4,1.75,0.5,"P1 O10","de-protonated",0,NA,"C20 H35 O10 P1",20,35,10,NA,1,NA,NA,NA,NA,NA,NA
3742,465.226898,465.226090334146,465.225893299654,16371118,NA,220398.4,84.7,-1,0.423524345146584,0.983688584340263,0.977142118623796,0.981069998053677,3,1.85714285714286,0.428571428571429,"P1 O9","de-protonated",0,NA,"C21 H39 O9 P1",21,39,9,NA,1,NA,NA,NA,NA,NA,NA
3743,465.263139,465.262331247823,465.262278809039,8400317,NA,221774.2,42.44,-1,0.112708008077335,0.996702985693594,0.980575800721564,0.990252111704782,2,1.95454545454545,0.363636363636364,"P1 O8","de-protonated",0,NA,"C22 H43 O8 P1",22,43,8,NA,1,NA,NA,NA,NA,NA,NA
3745,465.299557,465.298749161079,465.298664318423,2830796.5,NA,205374.3,12.91,-1,0.182340209541999,0.993985363566846,0,0.596391218140108,1,2.04347826086957,0.304347826086957,"P1 O7","de-protonated",0,NA,"C23 H47 O7 P1",23,47,7,NA,1,NA,NA,NA,NA,NA,NA
3746,465.305114,465.304306147843,465.304404603456,12737999,NA,220566,65.44,-1,-0.211593985039836,0.992710595441052,0.996159157392085,0.994090020221465,5,1.7037037037037,0.148148148148148,"S1 O4","de-protonated",0,NA,"C27 H46 O4 S1",27,46,4,NA,NA,1,NA,NA,NA,NA,NA
3747,466.099678,466.098868255262,466.099098584072,2741019.8,NA,214888.2,12.43,-1,-0.494162745014686,0.956658120770255,0,0.573994872462153,11,1.05,0.6,"N1 O12","de-protonated",0,NA,"C20 H21 O12 N1",20,21,12,1,NA,NA,NA,NA,NA,NA,NA
3751,466.149213,466.148403137274,466.148238311297,2860336.5,NA,213740.7,13.06,-1,0.353591333898159,0.977569437037866,0,0.58654166222272,18,0.862068965517241,0.103448275862069,"N1 S1 O3","de-protonated",0,NA,"C29 H25 O3 S1 N1",29,25,3,1,NA,1,NA,NA,NA,NA,NA
3752,466.157551,466.156741117414,466.156613461556,2101044,NA,166667.8,9.03,-1,0.273847574691801,0.986484871122493,0,0.591890922673496,5,1.61111111111111,0.722222222222222,"N1 O13","de-protonated",0,NA,"C18 H29 O13 N1",18,29,13,1,NA,NA,NA,NA,NA,NA,NA
3755,466.185696,466.184886050375,466.184756762463,4245312,NA,214976.2,20.4,-1,0.277331916886314,0.986141168821202,0,0.591684701292721,4,1.78947368421053,0.526315789473684,"N1 P1 O10","de-protonated",0,NA,"C19 H34 O10 N1 P1",19,34,10,1,1,NA,NA,NA,NA,NA,NA
3757,466.221973,466.221162963967,466.221009330066,2423631,NA,247989.9,10.75,-1,0.329530196877793,0.980489305904779,0,0.588293583542868,16,1.06451612903226,0.032258064516129,"N1 S1 O1","de-protonated",0,NA,"C31 H33 O1 S1 N1",31,33,1,1,NA,1,NA,NA,NA,NA,NA
3764,467.047643,467.046830997295,467.046728657589,3864744.3,NA,228999.1,17.95,-1,0.219120913901226,0.991325767464897,0,0.594795460478938,12,0.842105263157895,0.736842105263158,"O14","de-protonated",0,NA,"C19 H16 O14",19,16,14,NA,NA,NA,NA,NA,NA,NA,NA
3766,467.083836,467.083023911086,467.083114166973,14065847,NA,216109.7,70.74,-1,-0.193233032947905,0.994851620689333,0.952069634808328,0.977738826336931,11,1,0.65,"O13","de-protonated",0,NA,"C20 H20 O13",20,20,13,NA,NA,NA,NA,NA,NA,NA,NA
3767,467.112094,467.111281843778,467.111124526098,6476995,NA,189845.3,31.46,-1,0.336788553401751,0.489814625203931,0.741475186234394,0.590478849616116,23,0.625,0.0625,"S1 O2","de-protonated",0,NA,"C32 H20 O2 S1",32,20,2,NA,NA,1,NA,NA,NA,NA,NA
3768,467.120264,467.119451824318,467.119499676357,25981126,NA,219179.4,132.41,-1,-0.102440680243154,0.998422021191049,0.998933435207916,0.998626586797796,10,1.14285714285714,0.571428571428571,"O12","de-protonated",0,NA,"C21 H24 O12",21,24,12,NA,NA,NA,NA,NA,NA,NA,NA
3769,467.14866,467.147847756681,467.147642977264,10662098,NA,198391.4,53.13,-1,0.43836123362551,0.4828667884137,0.806643077274283,0.612377303957933,9,1.31818181818182,0.409090909090909,"P1 O9","de-protonated",0,NA,"C22 H29 O9 P1",22,29,9,NA,1,NA,NA,NA,NA,NA,NA
3770,467.156745,467.155932737424,467.155885185742,19919062,NA,213834.4,101.04,-1,0.101789752466879,0.997685931474616,0.996045233123463,0.997029652134155,9,1.27272727272727,0.5,"O11","de-protonated",0,NA,"C22 H28 O11",22,28,11,NA,NA,NA,NA,NA,NA,NA,NA
3772,467.169428,467.168615707214,467.168639403582,7088347,NA,206447.4,34.63,-1,-0.0507233710932722,0.499766633409358,0.753652554121787,0.60132100169433,17,0.933333333333333,0.1,"S1 O3","de-protonated",0,NA,"C30 H28 O3 S1",30,28,3,NA,NA,1,NA,NA,NA,NA,NA
3775,467.193088,467.192275650858,467.192270695126,6576357,NA,220731.9,31.98,-1,0.0106074782876142,0.499989791928525,0.799615297578637,0.61983999418857,8,1.39130434782609,0.434782608695652,"O10","de-protonated",0,NA,"C23 H32 O10",23,32,10,NA,NA,NA,NA,NA,NA,NA,NA
3776,467.206095,467.205282619876,467.205157854748,15450346,NA,217889.4,77.91,-1,0.267045699747946,0.988808495933935,0.97142030767138,0.981853220628913,3,1.85,0.5,"P1 O10","de-protonated",0,NA,"C20 H37 O10 P1",20,37,10,NA,1,NA,NA,NA,NA,NA,NA
3778,467.229345,467.228532564497,467.22865620451,2672372,NA,216765.2,11.77,-1,-0.264624208481484,0.987374261367037,0,0.592424556820222,7,1.5,0.375,"O9","de-protonated",0,NA,"C24 H36 O9",24,36,9,NA,NA,NA,NA,NA,NA,NA,NA
3779,467.242425,467.241612533342,467.241410422351,7776505.5,NA,216785.3,38.19,-1,0.432562239357392,0.966401036058658,0.925407207909077,0.950003504798826,15,1.125,0.03125,"S1 O1","de-protonated",0,NA,"C32 H36 O1 S1",32,36,1,NA,NA,1,NA,NA,NA,NA,NA
3780,467.278941,467.278128446364,467.277928873517,4398344.5,NA,212853.2,20.71,-1,0.427096669314518,0.967443417660823,0,0.580466050596494,1,2.04545454545455,0.363636363636364,"P1 O8","de-protonated",0,NA,"C22 H45 O8 P1",22,45,8,NA,1,NA,NA,NA,NA,NA,NA
3786,468.152102,468.151287366572,468.151134157935,4886133,NA,226050.2,23.23,-1,0.327263199068315,0.490377119201515,0.813795485951173,0.619744465901378,9,1.28571428571429,0.523809523809524,"N1 O11","de-protonated",0,NA,"C21 H27 O11 N1",21,27,11,1,NA,NA,NA,NA,NA,NA,NA
3788,468.165066,468.164251335693,468.164021317557,4958842.5,NA,219386,23.61,-1,0.491319550968136,0.9571446134633,0,0.57428676807798,4,1.77777777777778,0.611111111111111,"N1 P1 O11","de-protonated",0,NA,"C18 H32 O11 N1 P1",18,32,11,1,1,NA,NA,NA,NA,NA,NA
3791,468.201279,468.200464249437,468.200273885159,3813001.5,NA,244588.2,17.67,-1,0.406587284487495,0.4852247724069,0.753652554121787,0.592595885092855,16,1.03333333333333,0.0666666666666667,"N1 S1 O2","de-protonated",0,NA,"C30 H31 O2 S1 N1",30,31,2,1,NA,1,NA,NA,NA,NA,NA
3794,468.979497,468.978680395792,468.978863571376,1877453.1,NA,253289.7,7.66,-1,-0.390583880661412,0.972698565700715,0,0.583619139420429,17,0.523809523809524,0.428571428571429,"S1 P1 O9","de-protonated",0,NA,"C21 H11 O9 S1 P1",21,11,9,NA,1,1,NA,NA,NA,NA,NA
3795,469.063057,469.062240196759,469.062378722067,5977072,NA,223773.5,28.87,-1,-0.295323849671822,0.492149650452109,0.828487690504102,0.626684866472906,11,0.947368421052632,0.736842105263158,"O14","de-protonated",0,NA,"C19 H18 O14",19,18,14,NA,NA,NA,NA,NA,NA,NA,NA
3796,469.091411,469.090594129223,469.090389081192,6368251.5,NA,213430.9,30.9,-1,0.437118379213384,0.97139709269552,0.941426222422106,0.959408744586154,23,0.580645161290323,0.0967741935483871,"S1 O3","de-protonated",0,NA,"C31 H18 O3 S1",31,18,3,NA,NA,1,NA,NA,NA,NA,NA
3797,469.099464,469.098647110041,469.098764231451,17732606,NA,217119.5,89.72,-1,-0.249673243344342,0.987021497998971,0.995765367068628,0.990519045626834,10,1.1,0.65,"O13","de-protonated",0,NA,"C20 H22 O13",20,22,13,NA,NA,NA,NA,NA,NA,NA,NA
3798,469.108999,469.10818208733,469.108147145921,2440195,NA,201512.8,10.57,-1,0.0744847608644705,0.998993832915605,0,0.599396299749363,23,0.580645161290323,0.161290322580645,"O5","de-protonated",0,NA,"C31 H18 O5",31,18,5,NA,NA,NA,NA,NA,NA,NA,NA
3799,469.11465,469.113833073869,469.114020372736,1894917.3,NA,282924.8,7.75,-1,-0.399260858557666,0.971489715968089,0,0.582893829580853,14,0.916666666666667,0.416666666666667,"O10","de-protonated",0,NA,"C24 H22 O10",24,22,10,NA,NA,NA,NA,NA,NA,NA,NA
3800,469.127933,469.127116042231,469.126907532358,14775307,NA,208394.9,74.41,-1,0.444463681914532,0.482394999641052,0.813795485951173,0.6149551941651,9,1.28571428571429,0.476190476190476,"P1 O10","de-protonated",0,NA,"C21 H27 O10 P1",21,27,10,NA,1,NA,NA,NA,NA,NA,NA
3801,469.135983,469.135166023056,469.135149740835,20321294,NA,213319.2,103.11,-1,0.0347068872986297,0.993812955117581,0.994310106532734,0.994011815683642,9,1.23809523809524,0.571428571428571,"O12","de-protonated",0,NA,"C21 H26 O12",21,26,12,NA,NA,NA,NA,NA,NA,NA,NA
3803,469.150895,469.150077987537,469.150243690868,2098708.5,NA,169885.2,8.8,-1,-0.353198859229468,0.977618642636495,0,0.586571185581897,8,1.55,0.15,"N4 S2 P1 O3","de-protonated",0,NA,"C20 H31 O3 S2 N4 P1",20,31,3,4,1,2,NA,NA,NA,NA,NA
3804,469.164343,469.163525955505,469.163293041742,10251290,NA,204726.5,50.99,-1,0.496444982675856,0.967647165320375,0.888738110534241,0.936083543405922,8,1.40909090909091,0.409090909090909,"P1 O9","de-protonated",0,NA,"C22 H31 O9 P1",22,31,9,NA,1,NA,NA,NA,NA,NA,NA
3805,469.172293,469.171475936569,469.17153525022,8576029,NA,221148.3,42.32,-1,-0.126422099768961,0.99663228909464,0.988331524828416,0.99331198338815,8,1.36363636363636,0.5,"O11","de-protonated",0,NA,"C22 H30 O11",22,30,11,NA,NA,NA,NA,NA,NA,NA,NA
3806,469.185346,469.184528905478,469.184422409842,7062562.5,NA,212908.5,34.49,-1,0.226980332501069,0.989204486597427,0.970892751842012,0.981879792695261,3,1.84210526315789,0.578947368421053,"P1 O11","de-protonated",0,NA,"C19 H35 O11 P1",19,35,11,NA,1,NA,NA,NA,NA,NA,NA
3808,469.208491,469.207673850349,469.207758568352,4258860.5,NA,231773.2,19.98,-1,-0.180555418401551,0.994102186599275,0,0.596461311959565,2,2.16666666666667,0.222222222222222,"N4 S2 P1 O4","de-protonated",0,NA,"C18 H39 O4 S2 N4 P1",18,39,4,4,1,2,NA,NA,NA,NA,NA
3809,469.221667,469.220849818965,469.220674977444,8870962,NA,222682.9,43.85,-1,0.372621091831631,0.980714463983256,0.952301711116101,0.969349362836394,15,1.09677419354839,0.0645161290322581,"S1 O2","de-protonated",0,NA,"C31 H34 O2 S1",31,34,2,NA,NA,1,NA,NA,NA,NA,NA
3810,469.239116,469.238298777403,469.238433042174,3101241,NA,163834.4,13.99,-1,-0.286133363630002,0.985254178752978,0,0.591152507251787,15,1.09677419354839,0.129032258064516,"O4","de-protonated",0,NA,"C31 H34 O4",31,34,4,NA,NA,NA,NA,NA,NA,NA,NA
3811,469.24493,469.244112763554,469.244306268988,5171259.5,NA,216341.1,24.7,-1,-0.412376733181795,0.484807507344498,0.792708917554682,0.607968071428571,6,1.58333333333333,0.375,"O9","de-protonated",0,NA,"C24 H38 O9",24,38,9,NA,NA,NA,NA,NA,NA,NA,NA
3812,469.258198,469.257380731951,469.25719342861,2538561,NA,251200.5,11.08,-1,0.399148576432625,0.971505518688337,0,0.582903311213002,1,2.04761904761905,0.428571428571429,"P1 O9","de-protonated",0,NA,"C21 H43 O9 P1",21,43,9,NA,1,NA,NA,NA,NA,NA,NA
3813,469.281529,469.280711676379,469.280691778373,4085834.5,NA,252609.5,19.08,-1,0.0424010754736396,0.499836917732279,0.785920818505338,0.614270478041502,5,1.68,0.32,"O8","de-protonated",0,NA,"C25 H42 O8",25,42,8,NA,NA,NA,NA,NA,NA,NA,NA
3814,469.284863,469.284045668437,469.284063081743,3083852,NA,187446.9,13.9,-1,-0.0371061083089699,0.999750201172656,0,0.599850120703593,0,2.09090909090909,0.363636363636364,"S1 O8","de-protonated",0,NA,"C22 H46 O8 S1",22,46,8,NA,NA,1,NA,NA,NA,NA,NA
3815,469.317831,469.317013589911,469.317077287757,2238041.8,NA,201783.7,9.52,-1,-0.135724544018297,0.996663086110398,0,0.597997851666239,4,1.76923076923077,0.269230769230769,"O7","de-protonated",0,NA,"C26 H46 O7",26,46,7,NA,NA,NA,NA,NA,NA,NA,NA
3819,470.12314,470.122320671737,470.122156504551,2052007.8,NA,204720.9,8.56,-1,0.349201124586013,0.978116875537377,0,0.586870125322426,9,1.3,0.5,"N1 P1 O10","de-protonated",0,NA,"C20 H26 O10 N1 P1",20,26,10,1,1,NA,NA,NA,NA,NA,NA
3820,470.131337,470.130517652212,470.130398713028,5989803,NA,220605.6,28.94,-1,0.252991902163321,0.494226786059797,0.821075868479145,0.624966419027536,9,1.25,0.6,"N1 O12","de-protonated",0,NA,"C20 H25 O12 N1",20,25,12,1,NA,NA,NA,NA,NA,NA,NA
3822,470.144216,470.143396621536,470.14328587265,3199408.5,NA,232775.1,14.49,-1,0.235564110965623,0.989981850031194,0,0.593989110018717,4,1.76470588235294,0.705882352941177,"N1 P1 O12","de-protonated",0,NA,"C17 H30 O12 N1 P1",17,30,12,1,1,NA,NA,NA,NA,NA,NA
3823,470.162385,470.161565578259,470.161780375524,1817272,NA,179323.3,7.34,-1,-0.456858200691739,0.962836307213913,0,0.577701784328348,16,1,0.0344827586206897,"N1 S2 O1","de-protonated",0,NA,"C29 H29 O1 S2 N1",29,29,1,1,NA,2,NA,NA,NA,NA,NA
3826,470.180671,470.179851534703,470.179671382035,4049343.5,NA,212822.4,18.89,-1,0.38315707656996,0.973713308768449,0,0.584227985261069,3,1.88888888888889,0.611111111111111,"N1 P1 O11","de-protonated",0,NA,"C18 H34 O11 N1 P1",18,34,11,1,1,NA,NA,NA,NA,NA,NA
3828,470.203761,470.202941479705,470.203169731797,2253513.3,NA,173892.7,9.6,-1,-0.485432908352466,0.958143716178257,0,0.574886229706954,7,1.5,0.454545454545455,"N1 O10","de-protonated",0,NA,"C22 H33 O10 N1",22,33,10,1,NA,NA,NA,NA,NA,NA,NA
3831,470.240309,470.239489392651,470.239555241181,1842904.3,NA,180105.8,7.47,-1,-0.140031883456593,0.996448307937116,0,0.59786898476227,6,1.60869565217391,0.391304347826087,"N1 O9","de-protonated",0,NA,"C23 H37 O9 N1",23,37,9,1,NA,NA,NA,NA,NA,NA,NA
3832,471.057452,471.056630446289,471.056737227193,2201386.3,NA,197604.2,9.33,-1,-0.226683741733836,0.990719497294212,0,0.594431698376527,10,1.23529411764706,0.352941176470588,"N4 S2 P1 O6","de-protonated",0,NA,"C17 H21 O6 S2 N4 P1",17,21,6,4,1,2,NA,NA,NA,NA,NA
3833,471.07048,471.069658415258,471.069653636286,3940143.8,NA,179902.9,18.33,-1,0.0101449370242048,0.49999066276072,0.753652554121787,0.601455419305147,23,0.533333333333333,0.133333333333333,"S1 O4","de-protonated",0,NA,"C30 H16 O4 S1",30,16,4,NA,NA,1,NA,NA,NA,NA,NA
3834,471.07879,471.077968395464,471.078028786545,6545203,NA,216266.5,31.81,-1,-0.128197616843143,0.498511200017397,0.828487690504102,0.630501796212079,10,1.05263157894737,0.736842105263158,"O14","de-protonated",0,NA,"C19 H20 O14",19,20,14,NA,NA,NA,NA,NA,NA,NA,NA
3835,471.088457,471.087635372438,471.087411701015,2497335,NA,223614.2,10.86,-1,0.474798131913207,0.959920730832493,0,0.575952438499496,23,0.533333333333333,0.2,"O6","de-protonated",0,NA,"C30 H16 O6",30,16,6,NA,NA,NA,NA,NA,NA,NA,NA
3836,471.093962,471.093140359326,471.09328492783,3103033.5,NA,201079.2,13.99,-1,-0.306878719222512,0.983057321148128,0,0.589834392688877,14,0.869565217391304,0.478260869565217,"O11","de-protonated",0,NA,"C23 H20 O11",23,20,11,NA,NA,NA,NA,NA,NA,NA,NA
3837,471.107105,471.10628332802,471.106172087452,12621631,NA,210492.6,63.26,-1,0.236126324120286,0.989138433789399,0.906710599578617,0.956167300105086,9,1.25,0.55,"P1 O11","de-protonated",0,NA,"C20 H25 O11 P1",20,25,11,NA,1,NA,NA,NA,NA,NA,NA
3838,471.115178,471.114356308791,471.114414295929,12490562,NA,222344.2,62.58,-1,-0.123085042776701,0.985438646293564,0.986296890709785,0.985781944060052,9,1.2,0.65,"O13","de-protonated",0,NA,"C20 H24 O13",20,24,13,NA,NA,NA,NA,NA,NA,NA,NA
3840,471.130489,471.129667272322,471.129670437214,3787592.5,NA,227587.2,17.54,-1,-0.00671766686807894,0.99999181178992,0,0.599995087073952,13,1,0.416666666666667,"O10","de-protonated",0,NA,"C24 H24 O10",24,24,10,NA,NA,NA,NA,NA,NA,NA,NA
3842,471.151611,471.150789222011,471.150799805313,9424721,NA,208624.9,46.71,-1,-0.0224626645221543,0.984221602418033,0.970958824599259,0.978916491290524,8,1.33333333333333,0.571428571428571,"O12","de-protonated",0,NA,"C21 H28 O12",21,28,12,NA,NA,NA,NA,NA,NA,NA,NA
3844,471.166824,471.166002185775,471.166055946598,3387223.5,NA,198404.9,15.46,-1,-0.114101647481203,0.99764047387939,0,0.598584284327634,12,1.12,0.36,"O9","de-protonated",0,NA,"C25 H28 O9",25,28,9,NA,NA,NA,NA,NA,NA,NA,NA
3845,471.179984,471.179162154429,471.17894310622,8861533,NA,201801.4,43.8,-1,0.464893883757408,0.480771574880456,0.806643077274283,0.611120175837986,7,1.5,0.409090909090909,"P1 O9","de-protonated",0,NA,"C22 H33 O9 P1",22,33,9,NA,1,NA,NA,NA,NA,NA,NA
3846,471.187975,471.187153135395,471.187185314698,4872032,NA,218877.8,23.15,-1,-0.0682940950552954,0.499577033097306,0.806643077274283,0.622403450768097,7,1.45454545454545,0.5,"O11","de-protonated",0,NA,"C22 H32 O11",22,32,11,NA,NA,NA,NA,NA,NA,NA,NA
3848,471.200861,471.200039104702,471.199939532538,5206885.5,NA,223339,24.88,-1,0.211316164405492,0.495965116288107,0.753652554121787,0.599040091421579,15,1.06666666666667,0.1,"S1 O3","de-protonated",0,NA,"C30 H32 O3 S1",30,32,3,NA,NA,1,NA,NA,NA,NA,NA
3849,471.216215,471.21539306813,471.215328615605,3726188,NA,143627.1,17.22,-1,0.136779348103196,0.996611106216471,0,0.597966663729883,6,1.60869565217391,0.347826086956522,"P1 O8","de-protonated",0,NA,"C23 H37 O8 P1",23,37,8,NA,1,NA,NA,NA,NA,NA,NA
3850,471.224237,471.223415049022,471.223570824082,6158191.5,NA,210437.7,29.81,-1,-0.330575695302263,0.989246775970821,0.953093554145203,0.974785487240574,6,1.56521739130435,0.434782608695652,"O10","de-protonated",0,NA,"C23 H36 O10",23,36,10,NA,NA,NA,NA,NA,NA,NA,NA
3851,471.237305,471.236483017896,471.236325041922,3840884.5,NA,218983.6,17.81,-1,0.335237257522802,0.48990728839366,0.747514279669976,0.592950084904186,14,1.16129032258065,0.0645161290322581,"S1 O2","de-protonated",0,NA,"C31 H36 O2 S1",31,36,2,NA,NA,1,NA,NA,NA,NA,NA
3852,471.242978,471.242156004383,471.242198268737,1934711,NA,181722.4,7.95,-1,-0.0896871163207013,0.99854153149804,0,0.599124918898824,5,1.66666666666667,0.291666666666667,"S1 O7","de-protonated",0,NA,"C24 H40 O7 S1",24,40,7,NA,NA,1,NA,NA,NA,NA,NA
3853,471.260757,471.259934962035,471.259956333466,7255934.5,NA,217882.7,35.49,-1,-0.0453495589274198,0.983103697500329,0.991590725402005,0.986498508660999,5,1.66666666666667,0.375,"O9","de-protonated",0,NA,"C24 H40 O9",24,40,9,NA,NA,NA,NA,NA,NA,NA,NA
3854,471.297232,471.296409875155,471.296341842851,5662605.5,NA,222976.5,27.24,-1,0.144351437183445,0.498113115565282,0.785920818505338,0.613236196741304,4,1.76,0.32,"O8","de-protonated",0,NA,"C25 H44 O8",25,44,8,NA,NA,NA,NA,NA,NA,NA,NA
3855,471.333629,471.33280678846,471.332727352235,1933212.4,NA,217761.1,7.94,-1,0.168535348738222,0.994859360343204,0,0.596915616205922,3,1.84615384615385,0.269230769230769,"O7","de-protonated",0,NA,"C26 H48 O7",26,48,7,NA,NA,NA,NA,NA,NA,NA,NA
3857,472.102429,472.101604957248,472.101421059645,2093785.5,NA,195009.1,8.77,-1,0.389529865748312,0.972843699708472,0,0.583706219825083,9,1.26315789473684,0.578947368421053,"N1 P1 O11","de-protonated",0,NA,"C19 H24 O11 N1 P1",19,24,11,1,1,NA,NA,NA,NA,NA,NA
3860,472.146876,472.146051851379,472.146048777506,5668076,NA,217801.2,27.27,-1,0.00651042786028071,0.499996154602633,0.821075868479145,0.628428040153238,8,1.35,0.6,"N1 O12","de-protonated",0,NA,"C20 H27 O12 N1",20,27,12,1,NA,NA,NA,NA,NA,NA,NA
3862,472.160417,472.159592819126,472.159805317054,1798769.4,NA,125747.2,7.24,-1,-0.450055099707491,0.963914812047667,0,0.5783488872286,2,2,0.388888888888889,"N1 S2 P1 O7","de-protonated",0,NA,"C18 H36 O7 S2 N1 P1",18,36,7,1,1,2,NA,NA,NA,NA,NA
3863,472.183403,472.182578764375,472.182434286891,4093178.8,NA,216125.4,19.12,-1,0.305978100667605,0.983155779901181,0,0.589893467940709,7,1.47619047619048,0.523809523809524,"N1 O11","de-protonated",0,NA,"C21 H31 O11 N1",21,31,11,1,NA,NA,NA,NA,NA,NA,NA
3864,472.219617,472.218792678117,472.218819796275,3787017.8,NA,224083,17.53,-1,-0.0574271021761492,0.999401784448615,0,0.599641070669169,6,1.59090909090909,0.454545454545455,"N1 O10","de-protonated",0,NA,"C22 H35 O10 N1",22,35,10,1,NA,NA,NA,NA,NA,NA,NA
3866,472.255986,472.255161591489,472.255205305659,1937688.8,NA,248921.9,7.96,-1,-0.0925647192381518,0.998446514331901,0,0.59906790859914,5,1.69565217391304,0.391304347826087,"N1 O9","de-protonated",0,NA,"C23 H39 O9 N1",23,39,9,1,NA,NA,NA,NA,NA,NA,NA
3869,473.03701,473.03618373116,473.036163973539,2045529.9,NA,224535.5,8.52,-1,0.0417676747348415,0.999683505848082,0,0.599810103508849,15,0.666666666666667,0.619047619047619,"O13","de-protonated",0,NA,"C21 H14 O13",21,14,13,NA,NA,NA,NA,NA,NA,NA,NA
3871,473.073371,473.072544644551,473.072549482923,2940520.8,NA,240238.7,13.15,-1,-0.0102275482375177,0.999981020149827,0,0.599988612089896,14,0.818181818181818,0.545454545454545,"O12","de-protonated",0,NA,"C22 H18 O12",22,18,12,NA,NA,NA,NA,NA,NA,NA,NA
3872,473.086393,473.085566613534,473.085436642545,8559214,NA,202781.4,42.23,-1,0.274730478624853,0.493199089757647,0.828487690504102,0.627314530056229,9,1.21052631578947,0.631578947368421,"P1 O12","de-protonated",0,NA,"C19 H23 O12 P1",19,23,12,NA,1,NA,NA,NA,NA,NA,NA
3873,473.094409,473.09358259444,473.093678851023,4693617.5,NA,221256.5,22.22,-1,-0.203461992018017,0.992516748255071,0,0.595510048953043,9,1.15789473684211,0.736842105263158,"O14","de-protonated",0,NA,"C19 H22 O14",19,22,14,NA,NA,NA,NA,NA,NA,NA,NA
3874,473.10401,473.103183571572,473.103061765493,4159093.5,NA,211495.9,19.46,-1,0.257462038274202,0.49402220401578,0.753652554121787,0.597874344058183,22,0.6,0.2,"O6","de-protonated",0,NA,"C30 H18 O6",30,18,6,NA,NA,NA,NA,NA,NA,NA,NA
3875,473.1097,473.108873558019,473.108934992308,6740599.5,NA,208673.9,32.82,-1,-0.129852311971351,0.498472578115514,0.799615297578637,0.618929665900763,13,0.956521739130435,0.478260869565217,"O11","de-protonated",0,NA,"C23 H22 O11",23,22,11,NA,NA,NA,NA,NA,NA,NA,NA
3876,473.122709,473.121882527032,473.121689210148,15547005,NA,212465.8,78.39,-1,0.408598651681355,0.97025704597005,0.9947308715397,0.98004657619791,21,0.709677419354839,0.0967741935483871,"S1 O3","de-protonated",0,NA,"C31 H22 O3 S1",31,22,3,NA,NA,1,NA,NA,NA,NA,NA
3877,473.130746,473.129919507889,473.130064360407,4914816.5,NA,219074.9,23.37,-1,-0.306157923555532,0.491568071685838,0.821075868479145,0.623371190403161,8,1.3,0.65,"O13","de-protonated",0,NA,"C20 H26 O13",20,26,13,NA,NA,NA,NA,NA,NA,NA,NA
3879,473.146089,473.145262471343,473.145320501692,8860295,NA,211188.4,43.79,-1,-0.122648045108437,0.993755513331905,0.984932367001269,0.99022625479965,12,1.08333333333333,0.416666666666667,"O10","de-protonated",0,NA,"C24 H26 O10",24,26,10,NA,NA,NA,NA,NA,NA,NA,NA
3880,473.159205,473.158378440102,473.158207661314,13527692,NA,213911.8,67.94,-1,0.360933796488767,0.987120131412301,0.952630558741537,0.973324302343995,7,1.47619047619048,0.476190476190476,"P1 O10","de-protonated",0,NA,"C21 H31 O10 P1",21,31,10,NA,1,NA,NA,NA,NA,NA,NA
3881,473.167099,473.166272421299,473.166449869791,4028047.3,NA,219844.3,18.78,-1,-0.375023402476467,0.974803461382228,0,0.584882076829336,7,1.42857142857143,0.571428571428571,"O12","de-protonated",0,NA,"C21 H30 O12",21,30,12,NA,NA,NA,NA,NA,NA,NA,NA
3882,473.176888,473.176061397983,473.175832784262,2946707.3,NA,212494.4,13.18,-1,0.483147500920791,0.958528636660378,0,0.575117181996227,20,0.8125,0.125,"O4","de-protonated",0,NA,"C32 H26 O4",32,26,4,NA,NA,NA,NA,NA,NA,NA,NA
3883,473.182678,473.181851384192,473.181706011076,5457557.5,NA,200661.2,26.18,-1,0.307224716209294,0.49150971062067,0.785920818505338,0.609274153774537,11,1.2,0.36,"O9","de-protonated",0,NA,"C25 H30 O9",25,30,9,NA,NA,NA,NA,NA,NA,NA,NA
3885,473.203728,473.202901334052,473.202835379176,5376670.5,NA,226065,25.76,-1,0.139379715723752,0.498240627606807,0.806643077274283,0.621601607473797,6,1.54545454545455,0.5,"O11","de-protonated",0,NA,"C22 H34 O11",22,34,11,NA,NA,NA,NA,NA,NA,NA,NA
3886,473.216636,473.215809303307,473.215589597016,2814627.8,NA,149595.6,12.5,-1,0.464283712137259,0.96164207239662,0,0.576985243437972,14,1.13333333333333,0.1,"S1 O3","de-protonated",0,NA,"C30 H34 O3 S1",30,34,3,NA,NA,1,NA,NA,NA,NA,NA
3888,473.240053,473.23922624753,473.23922088856,7004845.5,NA,216716.8,34.18,-1,0.0113240181597414,0.987350691564212,0.996807814004237,0.991133540540222,5,1.65217391304348,0.434782608695652,"O10","de-protonated",0,NA,"C23 H38 O10",23,38,10,NA,NA,NA,NA,NA,NA,NA,NA
3889,473.27642,473.275593160907,473.275606397944,6068924,NA,228691.9,29.34,-1,-0.0279689836682997,0.49992903464468,0.792708917554682,0.617040987808681,4,1.75,0.375,"O9","de-protonated",0,NA,"C24 H42 O9",24,42,9,NA,NA,NA,NA,NA,NA,NA,NA
3890,473.283402,473.282575144276,473.282620330752,59611840,NA,214759.9,306.46,-1,-0.0954746144211223,0.661504788860849,0.965662863760786,0.783168018820824,8,1.53571428571429,0.142857142857143,"P1 O4","de-protonated",0,NA,"C28 H43 O4 P1",28,43,4,NA,1,NA,NA,NA,NA,NA,NA
3891,473.304807,473.303980093291,473.303749698851,2052807.8,NA,211347.7,8.55,-1,0.486779241144375,0.957916182137276,0,0.574749709282366,3,1.88,0.24,"P1 O6","de-protonated",0,NA,"C25 H47 O6 P1",25,47,6,NA,1,NA,NA,NA,NA,NA,NA
3892,473.312882,473.312055074057,473.311991907329,2686667.3,NA,240702.6,11.83,-1,0.133456852627342,0.99677348259559,0,0.598064089557354,3,1.84,0.32,"O8","de-protonated",0,NA,"C25 H46 O8",25,46,8,NA,NA,NA,NA,NA,NA,NA,NA
3893,474.089922,474.089093223218,474.088927823216,2130953.8,NA,234545.9,8.96,-1,0.348879698084008,0.978156699164282,0,0.586894019498569,9,1.16666666666667,0.777777777777778,"N1 O14","de-protonated",0,NA,"C18 H21 O14 N1",18,21,14,1,NA,NA,NA,NA,NA,NA,NA
3899,474.199003,474.198173963397,474.198084351369,4913206.5,NA,217905.8,23.36,-1,0.188975938399693,0.496770535418202,0.813795485951173,0.62358051563139,6,1.57142857142857,0.523809523809524,"N1 O11","de-protonated",0,NA,"C21 H33 O11 N1",21,33,11,1,NA,NA,NA,NA,NA,NA,NA
3900,474.235333,474.234503876862,474.234469860753,5033029,NA,219501.6,23.98,-1,0.0717284613188506,0.49953344359033,0.806643077274283,0.622377297063911,5,1.68181818181818,0.454545454545455,"N1 O10","de-protonated",0,NA,"C22 H37 O10 N1",22,37,10,1,NA,NA,NA,NA,NA,NA,NA
3902,474.271695,474.270865790251,474.270855370137,2526292,NA,207313.5,11,-1,0.0219708071141037,0.999912415585404,0,0.599947449351242,4,1.78260869565217,0.391304347826087,"N1 O9","de-protonated",0,NA,"C23 H41 O9 N1",23,41,9,1,NA,NA,NA,NA,NA,NA,NA
3905,475.052447,475.05161593057,475.051814038017,3796371,NA,213620,17.57,-1,-0.417022820860909,0.968937291200903,0,0.581362374720542,14,0.761904761904762,0.619047619047619,"O13","de-protonated",0,NA,"C21 H16 O13",21,16,13,NA,NA,NA,NA,NA,NA,NA,NA
3906,475.065758,475.064926898864,475.064701197639,2599320.5,NA,245688.8,11.38,-1,0.475095759245146,0.959871489934336,0,0.575922893960601,9,1.16666666666667,0.722222222222222,"P1 O13","de-protonated",0,NA,"C18 H21 O13 P1",18,21,13,NA,1,NA,NA,NA,NA,NA,NA
3908,475.089026,475.088194843442,475.088199547401,7609762,NA,210575.2,37.31,-1,-0.00990123465631751,0.499991105968229,0.806643077274283,0.62265189449065,13,0.909090909090909,0.545454545454545,"O12","de-protonated",0,NA,"C22 H20 O12",22,20,12,NA,NA,NA,NA,NA,NA,NA,NA
3909,475.102152,475.101320812177,475.101086707023,12881319,NA,208602.6,64.59,-1,0.492748090587207,0.963021318834811,0.992603267258377,0.974854098204238,8,1.31578947368421,0.631578947368421,"P1 O12","de-protonated",0,NA,"C19 H25 O12 P1",19,25,12,NA,1,NA,NA,NA,NA,NA,NA
3910,475.10994,475.109108793626,475.109328915501,2037674.4,NA,256620.3,8.47,-1,-0.463307834659211,0.961800035271197,0,0.577080021162718,8,1.26315789473684,0.736842105263158,"O14","de-protonated",0,NA,"C19 H24 O14",19,24,14,NA,NA,NA,NA,NA,NA,NA,NA
3912,475.12549,475.124658756588,475.124585056786,11646385,NA,208850.3,58.2,-1,0.155116793164156,0.997749159133147,0.958398403271102,0.982008856788329,12,1.04347826086957,0.478260869565217,"O11","de-protonated",0,NA,"C23 H24 O11",23,24,11,NA,NA,NA,NA,NA,NA,NA,NA
3913,475.138397,475.137565725844,475.137339274626,12926390,NA,211079.7,64.83,-1,0.476601604554219,0.479810960741916,0.747514279669976,0.58689228831314,20,0.774193548387097,0.0967741935483871,"S1 O3","de-protonated",0,NA,"C31 H24 O3 S1",31,24,3,NA,NA,1,NA,NA,NA,NA,NA
3914,475.14649,475.145658706568,475.145714424885,2086329.4,NA,255375.1,8.72,-1,-0.117265747821139,0.997507963026582,0,0.598504777815949,7,1.4,0.65,"O13","de-protonated",0,NA,"C20 H28 O13",20,28,13,NA,NA,NA,NA,NA,NA,NA,NA
3915,475.156077,475.155245683732,475.155097339355,4155837.3,NA,185865.1,19.43,-1,0.312202010577759,0.491234827718741,0.747514279669976,0.593746608499235,20,0.774193548387097,0.161290322580645,"O5","de-protonated",0,NA,"C31 H24 O5",31,24,5,NA,NA,NA,NA,NA,NA,NA,NA
3916,475.161656,475.160824670444,475.16097056617,15273408,NA,208004.1,76.97,-1,-0.307044844798367,0.989877103623995,0.992579165152942,0.990957928235574,11,1.16666666666667,0.416666666666667,"O10","de-protonated",0,NA,"C24 H28 O10",24,28,10,NA,NA,NA,NA,NA,NA,NA,NA
3917,475.174713,475.173881639343,475.17372478401,10796485,NA,209360.4,53.8,-1,0.330101022747999,0.490211159747393,0.741475186234394,0.590716770342194,19,0.875,0.0625,"S1 O2","de-protonated",0,NA,"C32 H28 O2 S1",32,28,2,NA,NA,1,NA,NA,NA,NA,NA
3918,475.182699,475.181867620321,475.182099934269,2127304.3,NA,232561.8,8.94,-1,-0.488894569963994,0.9575575224577,0,0.57453451347462,6,1.52380952380952,0.571428571428571,"O12","de-protonated",0,NA,"C21 H32 O12",21,32,12,NA,NA,NA,NA,NA,NA,NA,NA
3919,475.192421,475.191589597164,475.19148284874,2353100,NA,248190.6,10.1,-1,0.224642966340132,0.990885084612597,0,0.594531050767558,19,0.875,0.125,"O4","de-protonated",0,NA,"C32 H28 O4",32,28,4,NA,NA,NA,NA,NA,NA,NA,NA
3920,475.198082,475.19725058368,475.197356075554,5732814.5,NA,201636,27.6,-1,-0.221995920015928,0.495548837048053,0.785920818505338,0.611697629630967,10,1.28,0.36,"O9","de-protonated",0,NA,"C25 H32 O9",25,32,9,NA,NA,NA,NA,NA,NA,NA,NA
3921,475.211198,475.210366552439,475.210243235176,10423764,NA,211033.3,51.87,-1,0.259500430396745,0.991616767958458,0.796787384473936,0.913685014564649,5,1.68181818181818,0.409090909090909,"P1 O9","de-protonated",0,NA,"C22 H37 O9 P1",22,37,9,NA,1,NA,NA,NA,NA,NA,NA
3922,475.219198,475.218366533384,475.218485443654,5480919,NA,211384.5,26.29,-1,-0.250222316116624,0.49435178398034,0.806643077274283,0.619268301297917,5,1.63636363636364,0.5,"O11","de-protonated",0,NA,"C22 H36 O11",22,36,11,NA,NA,NA,NA,NA,NA,NA,NA
3923,475.234491,475.233659496957,475.233741584939,1971677.3,NA,229478.5,8.13,-1,-0.172731804160551,0.994600874836905,0,0.596760524902143,9,1.38461538461538,0.307692307692308,"O8","de-protonated",0,NA,"C26 H36 O8",26,36,8,NA,NA,NA,NA,NA,NA,NA,NA
3925,475.255679,475.254847446489,475.254870953038,4101605.8,NA,221802.7,19.15,-1,-0.0494609320338306,0.99955620537968,0,0.599733723227808,4,1.73913043478261,0.434782608695652,"O10","de-protonated",0,NA,"C23 H40 O10",23,40,10,NA,NA,NA,NA,NA,NA,NA,NA
3926,475.284021,475.283189378981,475.283014253945,4976113.5,NA,225515.9,23.68,-1,0.36846474815789,0.977332206761404,0.893914158280127,0.943964987368893,3,1.875,0.291666666666667,"P1 O7","de-protonated",0,NA,"C24 H45 O7 P1",24,45,7,NA,1,NA,NA,NA,NA,NA,NA
3928,475.299183,475.298351342867,475.29827039523,10778104,NA,206136.5,53.71,-1,0.17030913389943,0.9902752943768,0.973516650654951,0.98357183688806,7,1.60714285714286,0.142857142857143,"P1 O4","de-protonated",0,NA,"C28 H45 O4 P1",28,45,4,NA,1,NA,NA,NA,NA,NA,NA
3929,475.320145,475.319313292937,475.319399763329,2274304,NA,231704.2,9.7,-1,-0.181920603804156,0.994012930833763,0,0.596407758500258,2,1.96,0.24,"P1 O6","de-protonated",0,NA,"C25 H49 O6 P1",25,49,6,NA,1,NA,NA,NA,NA,NA,NA
3930,475.356849,475.356017205511,475.355785272713,1943567.1,NA,247474.9,7.98,-1,0.487914116126765,0.957723937699224,0,0.574634362619535,1,2.03846153846154,0.192307692307692,"P1 O5","de-protonated",0,NA,"C26 H53 O5 P1",26,53,5,NA,1,NA,NA,NA,NA,NA,NA
3931,476.084202,476.083368473022,476.083448519594,1902903.3,NA,198705,7.77,-1,-0.168135592489144,0.994883655612438,0,0.596930193367463,13,0.904761904761905,0.571428571428571,"N1 O12","de-protonated",0,NA,"C21 H19 O12 N1",21,19,12,1,NA,NA,NA,NA,NA,NA,NA
3933,476.120823,476.119989385794,476.119834028979,2470726,NA,210635.6,10.71,-1,0.326297717319782,0.980866535628326,0,0.588519921376995,12,1.04545454545455,0.5,"N1 O11","de-protonated",0,NA,"C22 H23 O11 N1",22,23,11,1,NA,NA,NA,NA,NA,NA,NA
3935,476.141919,476.141085335545,476.140963397078,4536142.5,NA,219590.9,21.4,-1,0.256097408495935,0.988170058314958,0,0.592902034988975,7,1.42105263157895,0.684210526315789,"N1 O13","de-protonated",0,NA,"C19 H27 O13 N1",19,27,13,1,NA,NA,NA,NA,NA,NA,NA
3936,476.157094,476.156260299399,476.156219538363,2023764.9,NA,181586.1,8.4,-1,0.0856043348813793,0.998671209117099,0,0.599202725470259,11,1.17391304347826,0.434782608695652,"N1 O10","de-protonated",0,NA,"C23 H27 O10 N1",23,27,10,1,NA,NA,NA,NA,NA,NA,NA
3939,476.193496,476.192662212693,476.192605047747,2423651.5,NA,215073.6,10.47,-1,0.120045849773659,0.997388557647774,0,0.598433134588664,10,1.29166666666667,0.375,"N1 O9","de-protonated",0,NA,"C24 H31 O9 N1",24,31,9,1,NA,NA,NA,NA,NA,NA,NA
3941,476.251027,476.25019307566,476.250119925231,5734267,NA,219204.9,27.6,-1,0.153596661656584,0.497864211864093,0.806643077274283,0.621375758028169,4,1.77272727272727,0.454545454545455,"N1 O10","de-protonated",0,NA,"C22 H39 O10 N1",22,39,10,1,NA,NA,NA,NA,NA,NA,NA
3945,477.015346,477.01451025512,477.014461234374,5775537,NA,215904.6,27.81,-1,0.102765743785482,0.499042795940224,0.747514279669976,0.598431389432125,27,0.354838709677419,0.0645161290322581,"S1 P1 O2","de-protonated",0,NA,"C31 H11 O2 S1 P1",31,11,2,NA,1,1,NA,NA,NA,NA,NA
3946,477.031713,477.030877216135,477.031078593111,1931447.9,NA,186129.8,7.92,-1,-0.422146447697399,0.968181664728704,0,0.580908998837223,14,0.7,0.7,"O14","de-protonated",0,NA,"C20 H14 O14",20,14,14,NA,NA,NA,NA,NA,NA,NA,NA
3947,477.068404,477.067568128741,477.067464102495,5076166.5,NA,212319.7,24.19,-1,0.218053532331867,0.49570485316347,0.813795485951173,0.622941106278551,13,0.857142857142857,0.619047619047619,"O13","de-protonated",0,NA,"C21 H18 O13",21,18,13,NA,NA,NA,NA,NA,NA,NA,NA
3948,477.081353,477.080517097897,477.080351262117,4032716,NA,188473,18.79,-1,0.347605555177798,0.978314216114256,0,0.586988529668553,8,1.27777777777778,0.722222222222222,"P1 O13","de-protonated",0,NA,"C18 H23 O13 P1",18,23,13,NA,1,NA,NA,NA,NA,NA,NA
3950,477.104672,477.103836042354,477.103849611879,14246101,NA,209435.8,71.65,-1,-0.0284414510338593,0.999285462462678,0.997831981413985,0.998704070043201,12,1,0.545454545454545,"O12","de-protonated",0,NA,"C22 H22 O12",22,22,12,NA,NA,NA,NA,NA,NA,NA,NA
3951,477.117685,477.116849011358,477.116736771501,8046810.5,NA,203311.3,39.57,-1,0.235246110195835,0.4950043721894,0.828487690504102,0.628397699515281,7,1.42105263157895,0.631578947368421,"P1 O12","de-protonated",0,NA,"C19 H27 O12 P1",19,27,12,NA,1,NA,NA,NA,NA,NA,NA
3952,477.135345,477.134508969293,477.134361894449,3744993.8,NA,159427.4,17.3,-1,0.308246179386374,0.491453645676194,0.753652554121787,0.596333209054432,20,0.733333333333333,0.2,"O6","de-protonated",0,NA,"C30 H22 O6",30,22,6,NA,NA,NA,NA,NA,NA,NA,NA
3953,477.14101,477.1401739558,477.140235121264,19960036,NA,210185.4,101.23,-1,-0.128191796402326,0.9972952935064,0.984942833868259,0.992354309651143,11,1.1304347826087,0.478260869565217,"O11","de-protonated",0,NA,"C23 H26 O11",23,26,11,NA,NA,NA,NA,NA,NA,NA,NA
3954,477.154114,477.153277924587,477.153122280886,9588969,NA,212310.9,47.55,-1,0.326192356963447,0.98852191907833,0.969297600471251,0.980832191635499,6,1.55,0.55,"P1 O11","de-protonated",0,NA,"C20 H31 O11 P1",20,31,11,NA,1,NA,NA,NA,NA,NA,NA
3955,477.171811,477.170974882435,477.170747403833,3512560.5,NA,168028.4,16.1,-1,0.476723693470619,0.479800827771747,0.747514279669976,0.586886208531038,19,0.838709677419355,0.161290322580645,"O5","de-protonated",0,NA,"C31 H26 O5",31,26,5,NA,NA,NA,NA,NA,NA,NA,NA
3956,477.177546,477.176709868774,477.176620630648,13959411,NA,213291.7,70.17,-1,0.187012779946797,0.995059848344297,0.979177702469778,0.988706989994489,10,1.25,0.416666666666667,"O10","de-protonated",0,NA,"C24 H30 O10",24,30,10,NA,NA,NA,NA,NA,NA,NA,NA
3958,477.208163,477.207326795847,477.207132913218,3481855.3,NA,169290.8,15.94,-1,0.406286109835025,0.485246327393955,0.741475186234394,0.587737870930131,18,0.9375,0.125,"O4","de-protonated",0,NA,"C32 H30 O4",32,30,4,NA,NA,NA,NA,NA,NA,NA,NA
3959,477.213788,477.212951782449,477.213006140032,4225281.5,NA,219917.8,19.79,-1,-0.113906331996075,0.498824267694403,0.785920818505338,0.613662888018777,9,1.36,0.36,"O9","de-protonated",0,NA,"C25 H34 O9",25,34,9,NA,NA,NA,NA,NA,NA,NA,NA
3960,477.226904,477.226067751208,477.225893299654,17694982,NA,208489.4,89.5,-1,0.365553412297737,0.977309227524311,0.907213288264441,0.949270851820363,4,1.77272727272727,0.409090909090909,"P1 O9","de-protonated",0,NA,"C22 H39 O9 P1",22,39,9,NA,1,NA,NA,NA,NA,NA,NA
3961,477.244454,477.243617709405,477.243518422602,3310862,NA,197882.8,15.06,-1,0.208042224897274,0.496088686856136,0.73553288925895,0.591866367817262,17,1.03030303030303,0.0909090909090909,"O3","de-protonated",0,NA,"C33 H34 O3",33,34,3,NA,NA,NA,NA,NA,NA,NA,NA
3962,477.263104,477.262267664983,477.262278809039,11587862,NA,212887.4,57.9,-1,-0.0233499613154953,0.499950537657398,0.799615297578637,0.619816441625894,3,1.8695652173913,0.347826086956522,"P1 O8","de-protonated",0,NA,"C23 H43 O8 P1",23,43,8,NA,1,NA,NA,NA,NA,NA,NA
3964,477.299638,477.298801577962,477.298664318423,5126436.5,NA,221549,24.45,-1,0.287575787487576,0.992342747794073,0.904014841935825,0.957011585450774,2,1.95833333333333,0.291666666666667,"P1 O7","de-protonated",0,NA,"C24 H47 O7 P1",24,47,7,NA,1,NA,NA,NA,NA,NA,NA
3965,477.304941,477.304104565331,477.304024480901,3003174.5,NA,202145.1,13.46,-1,0.16778494643493,0.994904919187274,0,0.596942951512364,11,1.43333333333333,0.0333333333333333,"N2 P1 O1","de-protonated",0,NA,"C30 H43 O1 N2 P1",30,43,1,2,1,NA,NA,NA,NA,NA,NA
3966,477.336965,477.336128489053,477.335919207733,1863219.5,NA,199431,7.56,-1,0.438436144271418,0.965722067462598,0,0.579433240477559,0,2.11538461538462,0.0384615384615385,"S2 P1 O1","de-protonated",0,NA,"C26 H55 O1 S2 P1",26,55,1,NA,1,2,NA,NA,NA,NA,NA
3967,478.099806,478.098967672034,478.099098584072,2396775.8,NA,212695.7,10.32,-1,-0.273817790110555,0.986487790912885,0,0.591892674547731,12,1,0.571428571428571,"N1 O12","de-protonated",0,NA,"C21 H21 O12 N1",21,21,12,1,NA,NA,NA,NA,NA,NA,NA
3969,478.121183,478.120344621116,478.120227952172,2044016.4,NA,250568.3,8.5,-1,0.244015912699178,0.989254017017342,0,0.593552410210405,7,1.38888888888889,0.777777777777778,"N1 O14","de-protonated",0,NA,"C18 H25 O14 N1",18,25,14,1,NA,NA,NA,NA,NA,NA,NA
3970,478.136342,478.135503585008,478.135484093457,3346038.5,NA,222692.9,15.24,-1,0.0407657499727195,0.999698505617728,0,0.599819103370637,11,1.13636363636364,0.5,"N1 O11","de-protonated",0,NA,"C22 H25 O11 N1",22,25,11,1,NA,NA,NA,NA,NA,NA,NA
3974,478.172597,478.171758498652,478.171869602841,2530949.3,NA,219660.2,11.02,-1,-0.232351997132566,0.990251872066034,0,0.59415112323962,10,1.26086956521739,0.434782608695652,"N1 O10","de-protonated",0,NA,"C23 H29 O10 N1",23,29,10,1,NA,NA,NA,NA,NA,NA,NA
3976,478.185763,478.184924467292,478.184756762463,2786442.5,NA,226724.8,12.34,-1,0.350711365213417,0.977929292819048,0,0.586757575691429,5,1.7,0.5,"N1 P1 O10","de-protonated",0,NA,"C20 H34 O10 N1 P1",20,34,10,1,1,NA,NA,NA,NA,NA,NA
3977,478.193788,478.192949448177,478.19299897094,5472909.5,NA,231769.4,26.24,-1,-0.103562292715012,0.499027914127092,0.821075868479145,0.627847095867913,5,1.65,0.6,"N1 O12","de-protonated",0,NA,"C20 H33 O12 N1",20,33,12,1,NA,NA,NA,NA,NA,NA,NA
3979,478.266913,478.266074274,478.266259247079,3853995.3,NA,216587.8,17.87,-1,-0.386757535026884,0.973223669677052,0,0.583934201806231,7,1.68,0.08,"N3 S1 P1 O2","de-protonated",0,NA,"C25 H42 O2 S1 N3 P1",25,42,2,3,1,1,NA,NA,NA,NA,NA
3981,479.012543,479.011702497976,479.011483854197,3096535.5,NA,230274.9,13.94,-1,0.456447884730214,0.962901779245196,0,0.577741067547117,27,0.3,0.166666666666667,"P1 O5","de-protonated",0,NA,"C30 H9 O5 P1",30,9,5,NA,1,NA,NA,NA,NA,NA,NA
3982,479.047404,479.04656341494,479.046728657589,4017125.5,NA,237813.3,18.71,-1,-0.344940563578186,0.978641895754838,0,0.587185137452902,13,0.8,0.7,"O14","de-protonated",0,NA,"C20 H16 O14",20,16,14,NA,NA,NA,NA,NA,NA,NA,NA
3983,479.083853,479.083012328122,479.083114166973,9769972,NA,212408.8,48.48,-1,-0.21257032043667,0.991763848749508,0.967332659807597,0.981991373172743,12,0.952380952380952,0.619047619047619,"O13","de-protonated",0,NA,"C21 H20 O13",21,20,13,NA,NA,NA,NA,NA,NA,NA,NA
3984,479.096894,479.09605329706,479.095868384814,3122169.5,NA,206697.9,14.08,-1,0.385960844643731,0.973332387704607,0,0.583999432622764,20,0.689655172413793,0.172413793103448,"S1 O5","de-protonated",0,NA,"C29 H20 O5 S1",29,20,5,NA,NA,1,NA,NA,NA,NA,NA
3985,479.112133,479.111292260762,479.111124526098,3716607.5,NA,111263.7,17.15,-1,0.350095530258356,0.971379114114629,0.762484825749909,0.887821398768741,24,0.606060606060606,0.0606060606060606,"S1 O2","de-protonated",0,NA,"C33 H20 O2 S1",33,20,2,NA,NA,1,NA,NA,NA,NA,NA
3986,479.120331,479.119490241235,479.119499676357,23479298,NA,212488.9,119.44,-1,-0.0196926293181754,0.99802136200329,0.989017410276116,0.99441978131242,11,1.09090909090909,0.545454545454545,"O12","de-protonated",0,NA,"C22 H24 O12",22,24,12,NA,NA,NA,NA,NA,NA,NA,NA
3987,479.133429,479.132588210036,479.132386835979,4837384,NA,211518.5,22.95,-1,0.420288969342494,0.968456601429588,0,0.581073960857753,6,1.52631578947368,0.631578947368421,"P1 O12","de-protonated",0,NA,"C19 H29 O12 P1",19,29,12,NA,1,NA,NA,NA,NA,NA,NA
3988,479.148697,479.147856173669,479.147642977264,26444814,NA,203085.1,134.78,-1,0.444949293414872,0.977001780812985,0.944783997802854,0.964114667608933,10,1.26086956521739,0.391304347826087,"P1 O9","de-protonated",0,NA,"C23 H29 O9 P1",23,29,9,NA,1,NA,NA,NA,NA,NA,NA
3989,479.156784,479.155943154407,479.155885185742,22066194,NA,210616.7,112.12,-1,0.120980806147265,0.997317805782611,0.982944780635112,0.991568595723611,10,1.21739130434783,0.478260869565217,"O11","de-protonated",0,NA,"C23 H28 O11",23,28,11,NA,NA,NA,NA,NA,NA,NA,NA
3990,479.169794,479.168953123418,479.168772345364,9245719,NA,214931.7,45.77,-1,0.377274282204588,0.984244775051329,0.910407743491642,0.954709962427454,5,1.65,0.55,"P1 O11","de-protonated",0,NA,"C20 H33 O11 P1",20,33,11,NA,1,NA,NA,NA,NA,NA,NA
3991,479.185036,479.184195087113,479.184028486649,4752413,NA,152339.8,22.51,-1,0.347675328754753,0.982809648885699,0.884126796691257,0.943336508007922,9,1.375,0.333333333333333,"P1 O8","de-protonated",0,NA,"C24 H33 O8 P1",24,33,8,NA,1,NA,NA,NA,NA,NA,NA
3992,479.193105,479.192264067894,479.192270695126,9092128,NA,210903.1,44.97,-1,-0.0138300068384616,0.991190870624546,0.992527952739037,0.991725703470342,9,1.33333333333333,0.416666666666667,"O10","de-protonated",0,NA,"C24 H32 O10",24,32,10,NA,NA,NA,NA,NA,NA,NA,NA
3993,479.20608,479.205239036988,479.205024912966,17216550,NA,213313.4,87.02,-1,0.446831754211657,0.482210289769502,0.741475186234394,0.585916248355459,17,1,0.0625,"S1 O2","de-protonated",0,NA,"C32 H32 O2 S1",32,32,2,NA,NA,1,NA,NA,NA,NA,NA
3994,479.223824,479.222982994724,479.222782977696,4695084.5,NA,199291.8,22.22,-1,0.417377960638345,0.484442597152719,0.741475186234394,0.587255632785389,17,1,0.125,"O4","de-protonated",0,NA,"C32 H32 O4",32,32,4,NA,NA,NA,NA,NA,NA,NA,NA
3995,479.229377,479.228535981497,479.22865620451,2797614.8,NA,223290.6,12.4,-1,-0.25086774718508,0.988645548612671,0,0.593187329167602,8,1.44,0.36,"O9","de-protonated",0,NA,"C25 H36 O9",25,36,9,NA,NA,NA,NA,NA,NA,NA,NA
3996,479.242471,479.241629950308,479.241410422351,16385076,NA,206540.2,82.72,-1,0.458073849023211,0.48132100663508,0.73553288925895,0.583005759684628,16,1.09090909090909,0.0303030303030303,"S1 O1","de-protonated",0,NA,"C33 H36 O1 S1",33,36,1,NA,NA,1,NA,NA,NA,NA,NA
3997,479.260216,479.259374908041,479.25916848708,4772923,NA,200851.1,22.62,-1,0.430708423886313,0.48344985579132,0.73553288925895,0.584283069178372,16,1.09090909090909,0.0909090909090909,"O3","de-protonated",0,NA,"C33 H36 O3",33,36,3,NA,NA,NA,NA,NA,NA,NA,NA
3998,479.278919,479.278077863492,479.277928873517,8694851,NA,214431.5,42.92,-1,0.310863419133406,0.984628837906905,0.941475521567898,0.967367511371302,2,1.95652173913043,0.347826086956522,"P1 O8","de-protonated",0,NA,"C23 H45 O8 P1",23,45,8,NA,1,NA,NA,NA,NA,NA,NA
4000,480.079374,480.07853095688,480.078363139166,2073475.8,NA,244935.1,8.65,-1,0.349563169235333,0.97807197749034,0,0.586843186494204,12,0.95,0.65,"N1 O13","de-protonated",0,NA,"C20 H19 O13 N1",20,19,13,1,NA,NA,NA,NA,NA,NA,NA
4006,480.165081,480.164237752734,480.164021317557,3221926,NA,223664.2,14.59,-1,0.450752592029175,0.963804926837446,0,0.578282956102467,5,1.68421052631579,0.578947368421053,"N1 P1 O11","de-protonated",0,NA,"C19 H32 O11 N1 P1",19,32,11,1,1,NA,NA,NA,NA,NA,NA
4010,480.20147,480.200626666059,480.200406826941,5466548.5,NA,214006.4,26.21,-1,0.457807020646158,0.481342350313854,0.821075868479145,0.617235757579971,4,1.8,0.5,"N1 P1 O10","de-protonated",0,NA,"C20 H36 O10 N1 P1",20,36,10,1,1,NA,NA,NA,NA,NA,NA
4013,480.246004,480.245160559983,480.245034544803,4890054.5,NA,224384.1,23.22,-1,0.26239767373516,0.493792256648301,0.813795485951173,0.62179354836945,3,1.85714285714286,0.523809523809524,"N1 O11","de-protonated",0,NA,"C21 H39 O11 N1",21,39,11,1,NA,NA,NA,NA,NA,NA,NA
4017,481.063162,481.062316613585,481.062378722067,6795021,NA,212496.4,33.08,-1,-0.12910691845606,0.498490037129452,0.821075868479145,0.627524369669329,12,0.9,0.7,"O14","de-protonated",0,NA,"C20 H18 O14",20,18,14,NA,NA,NA,NA,NA,NA,NA,NA
4018,481.091474,481.090628546149,481.090389081192,4125464.3,NA,156652.7,19.26,-1,0.497754605427009,0.95740303720795,0.916236800254581,0.940936542426603,24,0.5625,0.09375,"S1 O3","de-protonated",0,NA,"C32 H18 O3 S1",32,18,3,NA,NA,1,NA,NA,NA,NA,NA
4019,481.099618,481.098772526751,481.098764231451,18966300,NA,211446.1,96.07,-1,0.0172424046121087,0.988302977451919,0.953115866026654,0.974228132881813,11,1.04761904761905,0.619047619047619,"O13","de-protonated",0,NA,"C21 H22 O13",21,22,13,NA,NA,NA,NA,NA,NA,NA,NA
4020,481.127963,481.127117459235,481.126907532358,7771943,NA,196982.8,38.14,-1,0.436323294574953,0.973409950910236,0.84172615619533,0.920736433024274,10,1.22727272727273,0.454545454545455,"P1 O10","de-protonated",0,NA,"C22 H27 O10 P1",22,27,10,NA,1,NA,NA,NA,NA,NA,NA
4021,481.136066,481.135220439935,481.135149740835,25945898,NA,215377,132.2,-1,0.146942287196467,0.498044909111516,0.806643077274283,0.621484176376623,10,1.18181818181818,0.545454545454545,"O12","de-protonated",0,NA,"C22 H26 O12",22,26,12,NA,NA,NA,NA,NA,NA,NA,NA
4022,481.145704,481.144858416978,481.14488352839,8855342,NA,220214.8,43.74,-1,-0.0521909580091979,0.499752937375747,0.859523230357577,0.643661054568479,0,2.33333333333333,0.6,"N2 S2 P1 O9","de-protonated",0,NA,"C15 H35 O9 S2 N2 P1",15,35,9,2,1,2,NA,NA,NA,NA,NA
4024,481.164269,481.163423372758,481.163293041742,449849152,NA,218059,2326.15,-1,0.270866496403941,0.494631761628717,0.949193990742157,0.676456653274093,9,1.34782608695652,0.391304347826087,"P1 O9","de-protonated",0,NA,"C23 H31 O9 P1",23,31,9,NA,1,NA,NA,NA,NA,NA,NA
4025,481.200763,481.199917285832,481.199678551127,5489476,NA,171933.8,26.32,-1,0.496123992363771,0.478160522552403,0.792708917554682,0.603979880553314,8,1.45833333333333,0.333333333333333,"P1 O8","de-protonated",0,NA,"C24 H35 O8 P1",24,35,8,NA,1,NA,NA,NA,NA,NA,NA
4026,481.208579,481.207733267215,481.207920759604,4564807,NA,222462.7,21.54,-1,-0.389628642158037,0.486415057146567,0.792708917554682,0.608932601309813,8,1.41666666666667,0.416666666666667,"O10","de-protonated",0,NA,"C24 H34 O10",24,34,10,NA,NA,NA,NA,NA,NA,NA,NA
4027,481.221786,481.220940235757,481.220807919226,13371212,NA,212060.4,67.12,-1,0.274960120623497,0.493187793339787,0.813795485951173,0.621430870384342,3,1.85714285714286,0.476190476190476,"P1 O10","de-protonated",0,NA,"C21 H39 O10 P1",21,39,10,NA,1,NA,NA,NA,NA,NA,NA
4028,481.239519,481.238673193519,481.238433042174,4640595.5,NA,186044.5,21.93,-1,0.499027776298607,0.477909872782348,0.741475186234394,0.583335998163167,16,1.0625,0.125,"O4","de-protonated",0,NA,"C32 H34 O4",32,34,4,NA,NA,NA,NA,NA,NA,NA,NA
4029,481.244978,481.244132180516,481.244306268988,2448725.5,NA,234919.5,10.59,-1,-0.361746559751034,0.976535202986272,0,0.585921121791763,7,1.52,0.36,"O9","de-protonated",0,NA,"C25 H38 O9",25,38,9,NA,NA,NA,NA,NA,NA,NA,NA
4030,481.258206,481.257360149008,481.25719342861,7145307,NA,223690.8,34.89,-1,0.346426817431431,0.97598599313989,0.958674970206387,0.969061583966489,2,1.95454545454545,0.409090909090909,"P1 O9","de-protonated",0,NA,"C22 H43 O9 P1",22,43,9,NA,1,NA,NA,NA,NA,NA,NA
4037,482.139096,482.138248050807,482.138282025761,6144185.5,NA,212811.5,29.71,-1,-0.0704672402129617,0.499549699196237,0.779247987650237,0.611429014577837,13,1.15384615384615,0.0769230769230769,"N1 S2 P1 O2","de-protonated",0,NA,"C26 H30 O2 S2 N1 P1",26,30,2,1,1,2,NA,NA,NA,NA,NA
4038,482.144224,482.143376038593,482.143152930869,3101883.3,NA,205280.7,13.96,-1,0.462741662240985,0.961891539714609,0,0.577134923828765,18,0.862068965517241,0.137931034482759,"N1 S1 O4","de-protonated",0,NA,"C29 H25 O4 S1 N1",29,25,4,1,NA,1,NA,NA,NA,NA,NA
4040,482.175566,482.174717963939,482.174667535146,3951815.8,NA,232503.6,18.36,-1,0.10458615227446,0.499008617392169,0.772687513667176,0.608480175902172,12,1.25925925925926,0.037037037037037,"N1 S2 P1 O1","de-protonated",0,NA,"C27 H34 O1 S2 N1 P1",27,34,1,1,1,2,NA,NA,NA,NA,NA
4041,482.180643,482.179794951846,482.179671382035,4676810,NA,223241.7,22.12,-1,0.256273373982704,0.988153892640895,0,0.592892335584537,4,1.78947368421053,0.578947368421053,"N1 P1 O11","de-protonated",0,NA,"C19 H34 O11 N1 P1",19,34,11,1,1,NA,NA,NA,NA,NA,NA
4042,482.217035,482.216186865163,482.216056891419,4241624,NA,227279.4,19.86,-1,0.269534252613417,0.98690448863657,0,0.592142693181942,3,1.9,0.5,"N1 P1 O10","de-protonated",0,NA,"C20 H38 O10 N1 P1",20,38,10,1,1,NA,NA,NA,NA,NA,NA
4043,482.225326,482.224477845415,482.224299099896,3557595.5,NA,210771.2,16.32,-1,0.370668833986376,0.975377979311336,0,0.585226787586802,3,1.85,0.6,"N1 O12","de-protonated",0,NA,"C20 H37 O12 N1",20,37,12,1,NA,NA,NA,NA,NA,NA,NA
4047,483.042349,483.04149889934,483.041643277161,2259999.3,NA,223803.6,9.61,-1,-0.298893114017223,0.983920578322881,0,0.590352346993729,12,0.842105263157895,0.789473684210526,"O15","de-protonated",0,NA,"C19 H16 O15",19,16,15,NA,NA,NA,NA,NA,NA,NA,NA
4048,483.078813,483.077962812486,483.078028786545,8704558,NA,217131.4,42.96,-1,-0.136570192054398,0.498310722513544,0.821075868479145,0.627416780899784,11,1,0.7,"O14","de-protonated",0,NA,"C20 H20 O14",20,20,14,NA,NA,NA,NA,NA,NA,NA,NA
4049,483.107165,483.106314744954,483.106172087452,8753721,NA,196723.8,43.21,-1,0.295292236474792,0.971841268191366,0.896129112365813,0.941556405861145,10,1.19047619047619,0.523809523809524,"P1 O11","de-protonated",0,NA,"C21 H25 O11 P1",21,25,11,NA,1,NA,NA,NA,NA,NA,NA
4050,483.115245,483.114394725708,483.114414295929,19999292,NA,207143.8,101.42,-1,-0.0405084606498527,0.998127055155458,0.996531947869185,0.997489012240949,10,1.14285714285714,0.619047619047619,"O13","de-protonated",0,NA,"C21 H24 O13",21,24,13,NA,NA,NA,NA,NA,NA,NA,NA
4052,483.151708,483.150857638856,483.150799805313,16681547,NA,206515,84.25,-1,0.11970081152541,0.998389882765733,0.973089919680733,0.988269897531733,9,1.27272727272727,0.545454545454545,"O12","de-protonated",0,NA,"C22 H28 O12",22,28,12,NA,NA,NA,NA,NA,NA,NA,NA
4055,483.179998,483.179147571472,483.17894310622,8776278,NA,178226.7,43.33,-1,0.423166726622162,0.975582684747636,0.920628825931275,0.953601141221092,8,1.43478260869565,0.391304347826087,"P1 O9","de-protonated",0,NA,"C23 H33 O9 P1",23,33,9,NA,1,NA,NA,NA,NA,NA,NA
4056,483.187983,483.187132552452,483.187185314698,6001241,NA,217812,28.97,-1,-0.109196284335848,0.498919387897999,0.799615297578637,0.619197751770254,8,1.39130434782609,0.478260869565217,"O11","de-protonated",0,NA,"C23 H32 O11",23,32,11,NA,NA,NA,NA,NA,NA,NA,NA
4057,483.201076,483.200225521266,483.20007247432,7449182,NA,215680.3,36.46,-1,0.316736182555332,0.490980709045233,0.821075868479145,0.623018772818798,3,1.85,0.55,"P1 O11","de-protonated",0,NA,"C20 H37 O11 P1",20,37,11,NA,1,NA,NA,NA,NA,NA,NA
4058,483.224308,483.22345746593,483.223570824082,4518503.5,NA,211398.8,21.29,-1,-0.234587382155563,0.495032170933816,0.792708917554682,0.614102869582163,7,1.5,0.416666666666667,"O10","de-protonated",0,NA,"C24 H36 O10",24,36,10,NA,NA,NA,NA,NA,NA,NA,NA
4059,483.237416,483.236565434707,483.236325041922,6308460.5,NA,217616.9,30.56,-1,0.497464227398367,0.478045001142984,0.741475186234394,0.583417075179548,15,1.125,0.0625,"S1 O2","de-protonated",0,NA,"C32 H36 O2 S1",32,36,2,NA,NA,1,NA,NA,NA,NA,NA
4061,483.260697,483.259846379254,483.259956333466,4528757.5,NA,234866.3,21.35,-1,-0.227526014980424,0.984628976811574,0.919877584546892,0.958728419905701,6,1.6,0.36,"O9","de-protonated",0,NA,"C25 H40 O9",25,40,9,NA,NA,NA,NA,NA,NA,NA,NA
4062,483.273768,483.27291734812,483.272710551307,1967226.8,NA,223283.6,8.09,-1,0.427909147508542,0.96732148141637,0,0.580392888849822,14,1.21212121212121,0.0303030303030303,"S1 O1","de-protonated",0,NA,"C33 H40 O1 S1",33,40,1,NA,NA,1,NA,NA,NA,NA,NA
4063,483.297243,483.296392292205,483.296341842851,3643012,NA,212276.4,16.76,-1,0.10438596354072,0.998024810462046,0,0.598814886277227,5,1.69230769230769,0.307692307692308,"O8","de-protonated",0,NA,"C26 H44 O8",26,44,8,NA,NA,NA,NA,NA,NA,NA,NA
4064,483.300483,483.299632284488,483.299713146221,2386565.5,NA,231280,10.26,-1,-0.167311775422439,0.9949335431636,0,0.59696012589816,0,2.08695652173913,0.347826086956522,"S1 O8","de-protonated",0,NA,"C23 H48 O8 S1",23,48,8,NA,NA,1,NA,NA,NA,NA,NA
4065,483.333607,483.332756205589,483.332727352235,1894546.5,NA,220062.1,7.71,-1,0.0596966697306899,0.999353581718165,0,0.599612149030899,4,1.77777777777778,0.259259259259259,"O7","de-protonated",0,NA,"C27 H48 O7",27,48,7,NA,NA,NA,NA,NA,NA,NA,NA
4068,484.146839,484.145986268543,484.146048777506,5701587,NA,202941.7,27.42,-1,-0.129111789862433,0.498489923353016,0.813795485951173,0.624612148392279,9,1.28571428571429,0.571428571428571,"N1 O12","de-protonated",0,NA,"C21 H27 O12 N1",21,27,12,1,NA,NA,NA,NA,NA,NA,NA
4072,484.177628,484.176775195207,484.176561060076,1868255.4,NA,187219.8,7.58,-1,0.442266619093923,0.965131111605107,0,0.579078666963064,17,0.931034482758621,0.206896551724138,"N1 O6","de-protonated",0,NA,"C29 H27 O6 N1",29,27,6,1,NA,NA,NA,NA,NA,NA,NA
4074,484.196379,484.195526150544,484.195321446513,3923942.8,NA,226416.2,18.22,-1,0.422771600213687,0.968088877022007,0,0.580853326213204,3,1.89473684210526,0.578947368421053,"N1 P1 O11","de-protonated",0,NA,"C19 H36 O11 N1 P1",19,36,11,1,1,NA,NA,NA,NA,NA,NA
4076,484.219834,484.218981094676,484.218819796275,1884655.9,NA,205042.7,7.66,-1,0.333110557228719,0.980067310136693,0,0.588040386082016,7,1.52173913043478,0.434782608695652,"N1 O10","de-protonated",0,NA,"C23 H35 O10 N1",23,35,10,1,NA,NA,NA,NA,NA,NA,NA
4081,485.045577,485.04472212783,485.044895439387,3513652.3,NA,182909.7,16.09,-1,-0.357310340623672,0.977100587191405,0,0.586260352314843,20,0.56,0.28,"N2 S1 O7","de-protonated",0,NA,"C25 H14 O7 S1 N2",25,14,7,2,NA,1,NA,NA,NA,NA,NA
4082,485.058395,485.057540097299,485.057782599009,2875193.3,NA,210837.2,12.79,-1,-0.499943962828995,0.955661025851529,0,0.573396615510917,15,0.863636363636364,0.318181818181818,"N2 S1 P1 O7","de-protonated",0,NA,"C22 H19 O7 S1 N2 P1",22,19,7,2,1,1,NA,NA,NA,NA,NA
4083,485.086372,485.08551703066,485.085303700764,5699908.5,NA,206572.5,27.41,-1,0.439778106327841,0.482757788436179,0.747514279669976,0.588660384929698,23,0.580645161290323,0.129032258064516,"S1 O4","de-protonated",0,NA,"C31 H18 O4 S1",31,18,4,NA,NA,1,NA,NA,NA,NA,NA
4084,485.094435,485.093580011455,485.093678851023,7888199.5,NA,214503.1,38.73,-1,-0.20375356838703,0.496247682749487,0.821075868479145,0.62617895704135,10,1.1,0.7,"O14","de-protonated",0,NA,"C20 H22 O14",20,22,14,NA,NA,NA,NA,NA,NA,NA,NA
4085,485.103941,485.103085988812,485.103061765493,2900299,NA,207062.4,12.92,-1,0.0499343769469382,0.999547670556333,0,0.5997286023338,23,0.580645161290323,0.193548387096774,"O6","de-protonated",0,NA,"C31 H18 O6",31,18,6,NA,NA,NA,NA,NA,NA,NA,NA
4086,485.109715,485.108859975059,485.108934992308,3000653.3,NA,220173,13.43,-1,-0.15464000585638,0.995670321342046,0,0.597402192805227,14,0.916666666666667,0.458333333333333,"O11","de-protonated",0,NA,"C24 H22 O11",24,22,11,NA,NA,NA,NA,NA,NA,NA,NA
4087,485.12272,485.121864944082,485.121689210148,14781779,NA,201736.8,74.41,-1,0.362247119212691,0.488235495367062,0.741475186234394,0.589531371713995,22,0.6875,0.09375,"S1 O3","de-protonated",0,NA,"C32 H22 O3 S1",32,22,3,NA,NA,1,NA,NA,NA,NA,NA
4088,485.130862,485.130006924689,485.130064360407,11162966,NA,210741.2,55.68,-1,-0.118392411457974,0.998477232407377,0.980108452553702,0.991129720465907,9,1.23809523809524,0.619047619047619,"O13","de-protonated",0,NA,"C21 H26 O13",21,26,13,NA,NA,NA,NA,NA,NA,NA,NA
4089,485.140519,485.139663901687,485.139447274877,4107609.5,NA,220352.1,19.16,-1,0.446524830232122,0.482234281234515,0.741475186234394,0.585930643234467,22,0.6875,0.15625,"O5","de-protonated",0,NA,"C32 H22 O5",32,22,5,NA,NA,NA,NA,NA,NA,NA,NA
4090,485.146144,485.145288888289,485.145320501692,4292955.5,NA,205315.5,20.12,-1,-0.0651627503302662,0.499614916108691,0.785920818505338,0.61413727706735,13,1.04,0.4,"O10","de-protonated",0,NA,"C25 H26 O10",25,26,10,NA,NA,NA,NA,NA,NA,NA,NA
4091,485.159283,485.158427856993,485.158207661314,13290849,NA,199080.4,66.69,-1,0.453863657731389,0.959679662363955,0.944255994890701,0.953510195374653,8,1.40909090909091,0.454545454545455,"P1 O10","de-protonated",0,NA,"C22 H31 O10 P1",22,31,10,NA,1,NA,NA,NA,NA,NA,NA
4092,485.167351,485.166495837775,485.166449869791,7075172,NA,203759.4,34.52,-1,0.0947468316850702,0.992911895891743,0.980919432380081,0.988114910487078,8,1.36363636363636,0.545454545454545,"O12","de-protonated",0,NA,"C22 H30 O12",22,30,12,NA,NA,NA,NA,NA,NA,NA,NA
4094,485.18243,485.181574801859,485.181706011076,3628394,NA,178278.1,16.68,-1,-0.270433151336194,0.986817574957247,0,0.592090544974348,12,1.15384615384615,0.346153846153846,"O9","de-protonated",0,NA,"C26 H30 O9",26,30,9,NA,NA,NA,NA,NA,NA,NA,NA
4096,485.203668,485.202812751272,485.202835379176,4812146,NA,215650.1,22.81,-1,-0.0466359685531098,0.499802721324702,0.799615297578637,0.619727751826276,7,1.47826086956522,0.478260869565217,"O11","de-protonated",0,NA,"C23 H34 O11",23,34,11,NA,NA,NA,NA,NA,NA,NA,NA
4097,485.216774,485.215918720054,485.215722538798,5289335.5,NA,213573,25.28,-1,0.404317600192946,0.485386843171833,0.821075868479145,0.619662453294758,2,1.95,0.55,"P1 O11","de-protonated",0,NA,"C20 H39 O11 P1",20,39,11,NA,1,NA,NA,NA,NA,NA,NA
4098,485.232065,485.231209683632,485.230978680083,2013565.4,NA,221492.4,8.33,-1,0.476069253509435,0.959710232516345,0,0.575826139509807,6,1.625,0.333333333333333,"P1 O8","de-protonated",0,NA,"C24 H39 O8 P1",24,39,8,NA,1,NA,NA,NA,NA,NA,NA
4099,485.239953,485.239097664844,485.23922088856,6825344.5,NA,212130.2,33.23,-1,-0.253944262447879,0.494183493263646,0.792708917554682,0.61359366298006,6,1.58333333333333,0.416666666666667,"O10","de-protonated",0,NA,"C24 H38 O10",24,38,10,NA,NA,NA,NA,NA,NA,NA,NA
4100,485.253046,485.252190633658,485.2519751064,1872261.5,NA,221943.5,7.59,-1,0.444155342459758,0.964837966234255,0,0.578902779740553,14,1.1875,0.0625,"S1 O2","de-protonated",0,NA,"C32 H38 O2 S1",32,38,2,NA,NA,1,NA,NA,NA,NA,NA
4101,485.258429,485.257573620836,485.25746821066,3209607.8,NA,208585.3,14.52,-1,0.217225252240577,0.991474564680994,0,0.594884738808596,10,1.44444444444444,0.148148148148148,"N2 P1 O4","de-protonated",0,NA,"C27 H39 O4 N2 P1",27,39,4,2,1,NA,NA,NA,NA,NA,NA
4102,485.276281,485.275425578314,485.275606397944,7398798.5,NA,208690.4,36.2,-1,-0.372612239290004,0.986949076737729,0.980294558672828,0.984287269511769,5,1.68,0.36,"O9","de-protonated",0,NA,"C25 H42 O9",25,42,9,NA,NA,NA,NA,NA,NA,NA,NA
4103,485.279535,485.278679570563,485.278597578759,3506576,NA,232605.3,16.05,-1,0.16895821164222,0.99483359861617,0,0.596900159169702,5,1.79166666666667,0.25,"N2 P1 O6","de-protonated",0,NA,"C24 H43 O6 N2 P1",24,43,6,2,1,NA,NA,NA,NA,NA,NA
4104,485.312833,485.31197749125,485.311991907329,4360605,NA,223487.4,20.47,-1,-0.029704764178203,0.499919953695901,0.779247987650237,0.611651167277636,4,1.76923076923077,0.307692307692308,"O8","de-protonated",0,NA,"C26 H46 O8",26,46,8,NA,NA,NA,NA,NA,NA,NA,NA
4107,486.126422,486.125564553354,486.12580258997,4958939,NA,197859.9,23.57,-1,-0.489660525936261,0.478713651143792,0.799615297578637,0.60707430971773,13,1.1304347826087,0.217391304347826,"N3 S1 P1 O5","de-protonated",0,NA,"C23 H26 O5 S1 N3 P1",23,26,5,3,1,1,NA,NA,NA,NA,NA
4111,486.198761,486.197903381049,486.198084351369,2964215.3,NA,211890.2,13.24,-1,-0.372215204581508,0.975174689261327,0,0.585104813556796,7,1.5,0.5,"N1 O11","de-protonated",0,NA,"C22 H33 O11 N1",22,33,11,1,NA,NA,NA,NA,NA,NA,NA
4112,486.211752,486.210894350106,486.210838569209,1765116.1,NA,232110.3,7.04,-1,0.114725736989073,0.99761462289179,0,0.598568773735074,15,1.1,0.1,"N1 S1 O3","de-protonated",0,NA,"C30 H33 O3 S1 N1",30,33,3,1,NA,1,NA,NA,NA,NA,NA
4113,486.235232,486.234374294179,486.234469860753,2332421.3,NA,224286.4,9.97,-1,-0.196544219500768,0.99301521216255,0,0.59580912729753,6,1.60869565217391,0.434782608695652,"N1 O10","de-protonated",0,NA,"C23 H37 O10 N1",23,37,10,1,NA,NA,NA,NA,NA,NA,NA
4117,486.95148,486.95062058814,486.950540822597,1831452.1,NA,223765.9,7.38,-1,0.163806251951363,0.995143113273826,0,0.597085867964296,21,0.375,0.25,"S2 P1 O6","de-protonated",0,NA,"C24 H9 O6 S2 P1",24,9,6,NA,1,2,NA,NA,NA,NA,NA
4119,487.052462,487.05160234761,487.051814038017,1865795.4,NA,230124.8,7.56,-1,-0.434636317880217,0.966303568842015,0,0.579782141305209,15,0.727272727272727,0.590909090909091,"O13","de-protonated",0,NA,"C22 H16 O13",22,16,13,NA,NA,NA,NA,NA,NA,NA,NA
4121,487.073932,487.07307229647,487.072943406117,2602059.8,NA,229903.8,11.37,-1,0.264622282337393,0.987374444001373,0,0.592424666400824,10,1.05263157894737,0.789473684210526,"O15","de-protonated",0,NA,"C19 H20 O15",19,20,15,NA,NA,NA,NA,NA,NA,NA,NA
4122,487.089123,487.088263260287,487.088199547401,4033617.5,NA,214734.5,18.78,-1,0.130803590473779,0.996900303326439,0,0.598140181995864,14,0.869565217391304,0.521739130434783,"O12","de-protonated",0,NA,"C23 H20 O12",23,20,12,NA,NA,NA,NA,NA,NA,NA,NA
4124,487.110183,487.109323210124,487.109328915501,5337178,NA,227322.7,25.52,-1,-0.0117127236640344,0.499987553873189,0.821075868479145,0.628422879715571,9,1.2,0.7,"O14","de-protonated",0,NA,"C20 H24 O14",20,24,14,NA,NA,NA,NA,NA,NA,NA,NA
4126,487.125469,487.124609173714,487.124585056786,6883423.5,NA,210797.8,33.53,-1,0.0495087477743156,0.499777673544978,0.792708917554682,0.61695017114886,13,1,0.458333333333333,"O11","de-protonated",0,NA,"C24 H24 O11",24,24,11,NA,NA,NA,NA,NA,NA,NA,NA
4127,487.13847,487.137610142747,487.137472216408,15638629,NA,207171,78.84,-1,0.283136377019038,0.986608963385314,0.981436768234171,0.984540085324857,8,1.38095238095238,0.523809523809524,"P1 O11","de-protonated",0,NA,"C21 H29 O11 P1",21,29,11,NA,1,NA,NA,NA,NA,NA,NA
4128,487.146512,487.145652123591,487.145714424885,4094055.8,NA,226709.5,19.09,-1,-0.127890468660959,0.997036629846909,0,0.598221977908145,8,1.33333333333333,0.619047619047619,"O13","de-protonated",0,NA,"C21 H28 O13",21,28,13,NA,NA,NA,NA,NA,NA,NA,NA
4130,487.161603,487.160743087646,487.16097056617,6332525.5,NA,211077.1,30.68,-1,-0.466947349492305,0.971459604740951,0.994300470951492,0.980595951225167,12,1.12,0.4,"O10","de-protonated",0,NA,"C25 H28 O10",25,28,10,NA,NA,NA,NA,NA,NA,NA,NA
4131,487.174799,487.173939056214,487.17372478401,9578611,NA,201832.2,47.48,-1,0.439827094622115,0.482754013917959,0.73553288925895,0.583865564054355,20,0.848484848484849,0.0606060606060606,"S1 O2","de-protonated",0,NA,"C33 H28 O2 S1",33,28,2,NA,NA,1,NA,NA,NA,NA,NA
4132,487.182971,487.182111036749,487.182099934269,3800182,NA,228906.1,17.57,-1,0.0227891787503863,0.999905769669286,0,0.599943461801572,7,1.45454545454545,0.545454545454545,"O12","de-protonated",0,NA,"C22 H32 O12",22,32,12,NA,NA,NA,NA,NA,NA,NA,NA
4134,487.198123,487.197263000659,487.197356075554,3348603.8,NA,157292.9,15.23,-1,-0.19104146302698,0.993399575349719,0,0.596039745209831,11,1.23076923076923,0.346153846153846,"O9","de-protonated",0,NA,"C26 H32 O9",26,32,9,NA,NA,NA,NA,NA,NA,NA,NA
4136,487.219306,487.218445950203,487.218485443654,5443716,NA,232575.7,26.08,-1,-0.0810590161572171,0.499404245093921,0.799615297578637,0.619488666087808,6,1.56521739130435,0.478260869565217,"O11","de-protonated",0,NA,"C23 H36 O11",23,36,11,NA,NA,NA,NA,NA,NA,NA,NA
4139,487.255887,487.25502686307,487.254870953038,7413906.5,NA,209657.8,36.27,-1,0.319976343449459,0.985848515959743,0.999284995531062,0.99122310778827,5,1.66666666666667,0.416666666666667,"O10","de-protonated",0,NA,"C24 H40 O10",24,40,10,NA,NA,NA,NA,NA,NA,NA,NA
4141,487.292102,487.291241776809,487.291256462422,5234848.5,NA,213367.4,24.99,-1,-0.0301372393378799,0.499917606114971,0.785920818505338,0.614318891071118,4,1.76,0.36,"O9","de-protonated",0,NA,"C25 H44 O9",25,44,9,NA,NA,NA,NA,NA,NA,NA,NA
4144,488.105682,488.104819838934,488.104577887694,2538459.3,NA,236210.1,11.04,-1,0.495695495713206,0.956394793802477,0,0.573836876281486,9,1.21052631578947,0.736842105263158,"N1 O14","de-protonated",0,NA,"C19 H23 O14 N1",19,23,14,1,NA,NA,NA,NA,NA,NA,NA
4147,488.178321,488.177458665915,488.177348906462,3716599.3,NA,218410,17.13,-1,0.224835201333152,0.990869549487205,0,0.594521729692323,7,1.47619047619048,0.571428571428571,"N1 O12","de-protonated",0,NA,"C21 H31 O12 N1",21,31,12,1,NA,NA,NA,NA,NA,NA,NA
4148,488.214688,488.213825579292,488.213734415847,5237253.5,NA,206972,25,-1,0.186728555153638,0.496846649752672,0.806643077274282,0.620765220761316,6,1.59090909090909,0.5,"N1 O11","de-protonated",0,NA,"C22 H35 O11 N1",22,35,11,1,NA,NA,NA,NA,NA,NA,NA
4149,488.251045,488.250182492693,488.250119925231,3425811.3,NA,227628.7,15.23,-1,0.128146331738048,0.99702477837283,0,0.598214867023698,5,1.69565217391304,0.434782608695652,"N1 O10","de-protonated",0,NA,"C23 H39 O10 N1",23,39,10,1,NA,NA,NA,NA,NA,NA,NA
4152,489.068265,489.067400546148,489.067464102495,4133710.3,NA,203371.4,18.8,-1,-0.129954150869812,0.996940370065696,0,0.598164222039418,14,0.818181818181818,0.590909090909091,"O13","de-protonated",0,NA,"C22 H18 O13",22,18,13,NA,NA,NA,NA,NA,NA,NA,NA
4153,489.081347,489.080482514988,489.080351262117,5375827,NA,213496.1,25.06,-1,0.268366681506267,0.493508479660229,0.828487690504102,0.627500163997778,9,1.21052631578947,0.684210526315789,"P1 O13","de-protonated",0,NA,"C19 H23 O13 P1",19,23,13,NA,1,NA,NA,NA,NA,NA,NA
4155,489.104659,489.103794459461,489.103849611879,8098652,NA,202579.3,38.79,-1,-0.112762184549727,0.998599843056843,0.996558828456139,0.997783437216561,13,0.956521739130435,0.521739130434783,"O12","de-protonated",0,NA,"C23 H22 O12",23,22,12,NA,NA,NA,NA,NA,NA,NA,NA
4156,489.11774,489.116875428303,489.116736771501,11481953,NA,206025.3,55.85,-1,0.283484066860778,0.984729006937925,0.96764099397722,0.977893801753643,8,1.35,0.6,"P1 O12","de-protonated",0,NA,"C20 H27 O12 P1",20,27,12,NA,1,NA,NA,NA,NA,NA,NA
4157,489.125826,489.124961409043,489.124978979979,2252132.3,NA,245680.7,9.31,-1,-0.035923202820665,0.999765872146401,0,0.599859523287841,8,1.3,0.7,"O14","de-protonated",0,NA,"C20 H26 O14",20,26,14,NA,NA,NA,NA,NA,NA,NA,NA
4158,489.135435,489.134570386155,489.134361894449,4868968,NA,212367.5,22.5,-1,0.426246287736627,0.483785405313033,0.747514279669976,0.58927695505581,21,0.709677419354839,0.193548387096774,"O6","de-protonated",0,NA,"C31 H22 O6",31,22,6,NA,NA,NA,NA,NA,NA,NA,NA
4159,489.141136,489.140271372576,489.140235121264,13325162,NA,211976,65.15,-1,0.0741123089477191,0.98932250802834,0.989202466474285,0.989274491406718,12,1.08333333333333,0.458333333333333,"O11","de-protonated",0,NA,"C24 H26 O11",24,26,11,NA,NA,NA,NA,NA,NA,NA,NA
4160,489.154179,489.153314341509,489.153122280886,10777455,NA,206594.9,52.3,-1,0.392639061709457,0.971932673581615,0.938889110795506,0.958715248467171,7,1.47619047619048,0.523809523809524,"P1 O11","de-protonated",0,NA,"C21 H31 O11 P1",21,31,11,NA,1,NA,NA,NA,NA,NA,NA
4161,489.162271,489.161406322234,489.161364489363,2102642.3,NA,274171.1,8.55,-1,0.0855195732623566,0.998673837489288,0,0.599204302493572,7,1.42857142857143,0.619047619047619,"O13","de-protonated",0,NA,"C21 H30 O13",21,30,13,NA,NA,NA,NA,NA,NA,NA,NA
4163,489.177472,489.176607286027,489.176620630648,10238840,NA,203861.3,49.58,-1,-0.0272797607025792,0.997955555493508,0.992933283017449,0.995946646503084,11,1.2,0.4,"O10","de-protonated",0,NA,"C25 H30 O10",25,30,10,NA,NA,NA,NA,NA,NA,NA,NA
4165,489.198632,489.197767235626,489.197749998747,3056512.3,NA,242093.5,13.36,-1,0.0352349907440509,0.999774755997468,0,0.599864853598481,6,1.54545454545455,0.545454545454545,"O12","de-protonated",0,NA,"C22 H34 O12",22,34,12,NA,NA,NA,NA,NA,NA,NA,NA
4167,489.213668,489.212803199811,489.213006140032,3396486,NA,185704.2,15.08,-1,-0.414829979134122,0.969258047462248,0,0.581554828477349,10,1.30769230769231,0.346153846153846,"O9","de-protonated",0,NA,"C26 H34 O9",26,34,9,NA,NA,NA,NA,NA,NA,NA,NA
4168,489.226934,489.226069168213,489.225893299654,10568587,NA,201107.1,51.25,-1,0.359483340798911,0.982394050407932,0.800640461465458,0.909692614830942,5,1.69565217391304,0.391304347826087,"P1 O9","de-protonated",0,NA,"C23 H39 O9 P1",23,39,9,NA,1,NA,NA,NA,NA,NA,NA
4169,489.234948,489.234083149124,489.234135508132,4116366.3,NA,212011.9,18.71,-1,-0.107022392370427,0.997923882522685,0,0.598754329513611,5,1.65217391304348,0.478260869565217,"O11","de-protonated",0,NA,"C23 H38 O11",23,38,11,NA,NA,NA,NA,NA,NA,NA,NA
4170,489.26327,489.262405081664,489.262278809039,6728601,NA,200466.7,31.88,-1,0.258087799750697,0.978819533849657,0.818129879027886,0.914543671920949,4,1.79166666666667,0.333333333333333,"P1 O8","de-protonated",0,NA,"C24 H43 O8 P1",24,43,8,NA,1,NA,NA,NA,NA,NA,NA
4171,489.271324,489.27045906248,489.270521017516,3299228.3,NA,215219.6,14.59,-1,-0.126627363765046,0.997094791299369,0,0.598256874779621,4,1.75,0.416666666666667,"O10","de-protonated",0,NA,"C24 H42 O10",24,42,10,NA,NA,NA,NA,NA,NA,NA,NA
4172,489.278387,489.277522045656,489.277534950324,2629023,NA,219753.3,11.21,-1,-0.0263749431876039,0.999873785431952,0,0.599924271259171,8,1.53571428571429,0.178571428571429,"P1 O5","de-protonated",0,NA,"C28 H43 O5 P1",28,43,5,NA,1,NA,NA,NA,NA,NA,NA
4173,489.299576,489.298710995186,489.298664318423,3819431,NA,219334.2,17.21,-1,0.0953952392221739,0.998350133818128,0,0.599010080290877,3,1.88,0.28,"P1 O7","de-protonated",0,NA,"C25 H47 O7 P1",25,47,7,NA,1,NA,NA,NA,NA,NA,NA
4174,489.307698,489.30683297584,489.3069065269,1796522.3,NA,244276.8,7.01,-1,-0.150316823891999,0.995908533112406,0,0.597545119867444,3,1.84,0.36,"O9","de-protonated",0,NA,"C25 H46 O9",25,46,9,NA,NA,NA,NA,NA,NA,NA,NA
4175,489.336154,489.335288908061,489.335049827807,2078133.1,NA,244388.6,8.43,-1,0.488581910214132,0.957610624232277,0,0.574566374539366,2,1.96153846153846,0.230769230769231,"P1 O6","de-protonated",0,NA,"C26 H51 O6 P1",26,51,6,NA,1,NA,NA,NA,NA,NA,NA
4177,490.100273,490.099406087998,490.099587841443,2198233.8,NA,133903.8,9.03,-1,-0.370850026605257,0.97535420082612,0,0.585212520495672,17,0.88,0.16,"N3 S1 P1 O4","de-protonated",0,NA,"C25 H22 O4 S1 N3 P1",25,22,4,3,1,1,NA,NA,NA,NA,NA
4180,490.136406,490.135539001932,490.135484093457,2001639.6,NA,186078.1,8.04,-1,0.112027137689272,0.997725395389886,0,0.598635237233932,12,1.08695652173913,0.478260869565217,"N1 O11","de-protonated",0,NA,"C23 H25 O11 N1",23,25,11,1,NA,NA,NA,NA,NA,NA,NA
4183,490.173083,490.172215914571,490.172358860211,2023925.6,NA,126975.5,8.15,-1,-0.291623217904315,0.984687309547152,0,0.590812385728291,15,1.11111111111111,0.0740740740740741,"N3 S1 P1 O2","de-protonated",0,NA,"C27 H30 O2 S1 N3 P1",27,30,2,3,1,1,NA,NA,NA,NA,NA
4185,490.193895,490.193027864998,490.19299897094,4456701.5,NA,219076.7,20.42,-1,0.0589442487395389,0.999369768925225,0,0.599621861355135,6,1.57142857142857,0.571428571428571,"N1 O12","de-protonated",0,NA,"C21 H33 O12 N1",21,33,12,1,NA,NA,NA,NA,NA,NA,NA
4188,490.302997,490.302129605127,490.302155499093,2118439.3,NA,191057.9,8.63,-1,-0.0528122624104884,0.999494043146611,0,0.599696425887966,3,1.875,0.375,"N1 O9","de-protonated",0,NA,"C24 H45 O9 N1",24,45,9,1,NA,NA,NA,NA,NA,NA,NA
4189,491.047689,491.046819831338,491.046728657589,3167811,NA,192626.3,13.92,-1,0.185672245677136,0.99376422844561,0,0.596258537067366,14,0.761904761904762,0.666666666666667,"O14","de-protonated",0,NA,"C21 H16 O14",21,16,14,NA,NA,NA,NA,NA,NA,NA,NA
4191,491.083934,491.083064745005,491.083114166973,7396945,NA,197445,35.25,-1,-0.100638703229291,0.499081974176416,0.806643077274283,0.622106415415563,13,0.909090909090909,0.590909090909091,"O13","de-protonated",0,NA,"C22 H20 O13",22,20,13,NA,NA,NA,NA,NA,NA,NA,NA
4192,491.097093,491.096223713662,491.096001326595,5246550,NA,202511.9,24.4,-1,0.452838276191583,0.481737700643746,0.828487690504102,0.620437696587888,8,1.31578947368421,0.684210526315789,"P1 O13","de-protonated",0,NA,"C19 H25 O13 P1",19,25,13,NA,1,NA,NA,NA,NA,NA,NA
4193,491.114656,491.113786671828,491.113626449543,3407964.5,NA,158615.3,15.13,-1,0.326242801581176,0.4904364567037,0.753652554121787,0.595722895670935,21,0.666666666666667,0.233333333333333,"O7","de-protonated",0,NA,"C30 H20 O7",30,20,7,NA,NA,NA,NA,NA,NA,NA,NA
4194,491.120409,491.119539658125,491.119499676357,14845535,NA,204675.6,72.81,-1,0.0814094486979609,0.992340501345218,0.969505857355689,0.983206643749406,12,1.04347826086957,0.521739130434783,"O12","de-protonated",0,NA,"C23 H24 O12",23,24,12,NA,NA,NA,NA,NA,NA,NA,NA
4197,491.156783,491.155913571486,491.155885185742,16090733,NA,201155.7,79.09,-1,0.0577937569649433,0.998652417712097,0.999603695753417,0.999032928928625,11,1.16666666666667,0.458333333333333,"O11","de-protonated",0,NA,"C24 H28 O11",24,28,11,NA,NA,NA,NA,NA,NA,NA,NA
4198,491.169795,491.168925540492,491.168772345364,7968369.5,NA,216873.4,38.13,-1,0.311899161932437,0.989624329560725,0.875111311070996,0.943819122164834,6,1.57142857142857,0.523809523809524,"P1 O11","de-protonated",0,NA,"C21 H33 O11 P1",21,33,11,NA,1,NA,NA,NA,NA,NA,NA
4199,491.18684,491.185970499892,491.185746019689,2404216,NA,215078.3,10.07,-1,0.457016933854365,0.962810964384437,0,0.577686578630662,10,1.33333333333333,0.291666666666667,"N2 S1 O7","de-protonated",0,NA,"C24 H32 O7 S1 N2",24,32,7,2,NA,1,NA,NA,NA,NA,NA
4200,491.193,491.19213048522,491.192270695126,9172602,NA,208052.7,44.2,-1,-0.285448111550907,0.991784318016239,0.982768314311337,0.988177916534278,10,1.28,0.4,"O10","de-protonated",0,NA,"C25 H32 O10",25,32,10,NA,NA,NA,NA,NA,NA,NA,NA
4201,491.20614,491.205270453922,491.205024912966,11613823,NA,205730,56.51,-1,0.499874681203633,0.96620010839282,0.962515457666869,0.96472624810244,18,0.96969696969697,0.0606060606060606,"S1 O2","de-protonated",0,NA,"C33 H32 O2 S1",33,32,2,NA,NA,1,NA,NA,NA,NA,NA
4202,491.223788,491.222918411886,491.222782977696,3025542,NA,203462,13.2,-1,0.275708282606224,0.493150926517244,0.73553288925895,0.590103711613926,18,0.96969696969697,0.121212121212121,"O4","de-protonated",0,NA,"C33 H32 O4",33,32,4,NA,NA,NA,NA,NA,NA,NA,NA
4203,491.229332,491.22846239868,491.22865620451,2633352,NA,222248.6,11.23,-1,-0.394532826014241,0.972151517878117,0,0.58329091072687,9,1.38461538461538,0.346153846153846,"O9","de-protonated",0,NA,"C26 H36 O9",26,36,9,NA,NA,NA,NA,NA,NA,NA,NA
4204,491.242551,491.241681367194,491.241543364132,12949133,NA,208564.6,63.25,-1,0.280927098783437,0.972334091574359,0.86743149960838,0.930373054787967,4,1.78260869565217,0.391304347826087,"P1 O9","de-protonated",0,NA,"C23 H41 O9 P1",23,41,9,NA,1,NA,NA,NA,NA,NA,NA
4206,491.279019,491.27814928033,491.277928873517,8089243,NA,209506.7,38.74,-1,0.448639763358393,0.965495143894959,0.920856624148703,0.947639735996457,3,1.875,0.333333333333333,"P1 O8","de-protonated",0,NA,"C24 H45 O8 P1",24,45,8,NA,1,NA,NA,NA,NA,NA,NA
4210,492.116127,492.115255286414,492.115237905921,2249688.3,NA,151473,9.29,-1,0.035317933761092,0.999773694422636,0,0.599864216653582,16,0.96,0.16,"N3 S1 P1 O4","de-protonated",0,NA,"C25 H24 O4 S1 N3 P1",25,24,4,3,1,1,NA,NA,NA,NA,NA
4212,492.136915,492.136043236899,492.13587801665,2027488.1,NA,238082.3,8.17,-1,0.335720797088712,0.979756898503663,0,0.587854139102198,7,1.42105263157895,0.736842105263158,"N1 O14","de-protonated",0,NA,"C19 H27 O14 N1",19,27,14,1,NA,NA,NA,NA,NA,NA,NA
4213,492.152186,492.151314200525,492.151134157935,2714597.8,NA,167796.1,11.63,-1,0.365827847714498,0.976009186457833,0,0.5856055118747,11,1.17391304347826,0.478260869565217,"N1 O11","de-protonated",0,NA,"C23 H27 O11 N1",23,27,11,1,NA,NA,NA,NA,NA,NA,NA
4215,492.165054,492.164182169874,492.164021317557,2093546.8,NA,226277.6,8.5,-1,0.32682664885967,0.980805053982375,0,0.588483032389425,6,1.6,0.55,"N1 P1 O11","de-protonated",0,NA,"C20 H32 O11 N1 P1",20,32,11,1,1,NA,NA,NA,NA,NA,NA
4217,492.188317,492.187445114464,492.187519667319,2863091.5,NA,202842.7,12.38,-1,-0.151472461098487,0.99584551217305,0,0.59750730730383,10,1.29166666666667,0.416666666666667,"N1 O10","de-protonated",0,NA,"C24 H31 O10 N1",24,31,10,1,NA,NA,NA,NA,NA,NA,NA
4219,492.201451,492.20057908318,492.200406826941,1872376.5,NA,277306.1,7.39,-1,0.349971752723099,0.97802125464655,0,0.58681275278793,5,1.71428571428571,0.476190476190476,"N1 P1 O10","de-protonated",0,NA,"C21 H36 O10 N1 P1",21,36,10,1,1,NA,NA,NA,NA,NA,NA
4226,493.0632,493.062326030571,493.062378722067,4358461.5,NA,211808.4,19.92,-1,-0.106865779867316,0.997929948010919,0,0.598757968806551,13,0.857142857142857,0.666666666666667,"O14","de-protonated",0,NA,"C21 H18 O14",21,18,14,NA,NA,NA,NA,NA,NA,NA,NA
4227,493.076226,493.075351999544,493.075132939907,1926466.4,NA,216703,7.66,-1,0.444272328199337,0.9648197709385,0,0.5788918625631,21,0.620689655172414,0.206896551724138,"S1 O6","de-protonated",0,NA,"C29 H18 O6 S1",29,18,6,NA,NA,1,NA,NA,NA,NA,NA
4228,493.091479,493.090604963213,493.090389081192,1898952,NA,151992.2,7.52,-1,0.437814294970869,0.965817553715777,0,0.579490532229466,25,0.545454545454545,0.0909090909090909,"S1 O3","de-protonated",0,NA,"C33 H18 O3 S1",33,18,3,NA,NA,1,NA,NA,NA,NA,NA
4229,493.099744,493.098869943527,493.098764231451,13297995,NA,201070,65,-1,0.214383168774058,0.995177261771396,0.969275727209267,0.984816647946544,12,1,0.590909090909091,"O13","de-protonated",0,NA,"C22 H22 O13",22,22,13,NA,NA,NA,NA,NA,NA,NA,NA
4232,493.136118,493.135243856887,493.135149740835,20261208,NA,202510.3,100.11,-1,0.190852450355618,0.992302533908958,0.980442359821597,0.987558464274014,11,1.1304347826087,0.521739130434783,"O12","de-protonated",0,NA,"C23 H26 O12",23,26,12,NA,NA,NA,NA,NA,NA,NA,NA
4233,493.149065,493.148190826049,493.148036900457,5006686,NA,200231.3,23.19,-1,0.312128569118123,0.491238914681607,0.821075868479145,0.623173696200622,6,1.55,0.6,"P1 O12","de-protonated",0,NA,"C20 H31 O12 P1",20,31,12,NA,1,NA,NA,NA,NA,NA,NA
4235,493.172374,493.171499770528,493.17153525022,14842215,NA,201578.3,72.79,-1,-0.0719418876434066,0.977423516009585,0.990766618153208,0.982760756867034,10,1.25,0.458333333333333,"O11","de-protonated",0,NA,"C24 H30 O11",24,30,11,NA,NA,NA,NA,NA,NA,NA,NA
4236,493.185424,493.184549739445,493.184422409842,8049003.5,NA,216667.1,38.53,-1,0.258178476659277,0.989342212855093,0.942875346210586,0.97075546619729,5,1.66666666666667,0.523809523809524,"P1 O11","de-protonated",0,NA,"C21 H35 O11 P1",21,35,11,NA,1,NA,NA,NA,NA,NA,NA
4238,493.208666,493.207791684084,493.207920759604,5677428,NA,210014.8,26.57,-1,-0.26170609668119,0.493824733224959,0.785920818505338,0.61066316733711,9,1.36,0.4,"O10","de-protonated",0,NA,"C25 H34 O10",25,34,10,NA,NA,NA,NA,NA,NA,NA,NA
4239,493.221838,493.22096365271,493.220807919226,15133049,NA,210710.1,74.25,-1,0.315748000129998,0.981204186251935,0.948429986398433,0.968094506310534,4,1.77272727272727,0.454545454545455,"P1 O10","de-protonated",0,NA,"C22 H39 O10 P1",22,39,10,NA,1,NA,NA,NA,NA,NA,NA
4240,493.239542,493.23866761054,493.238433042174,4748671.5,NA,198272.5,21.89,-1,0.475567901462626,0.479896659170471,0.73553288925895,0.582151151205863,17,1.03030303030303,0.121212121212121,"O4","de-protonated",0,NA,"C33 H34 O4",33,34,4,NA,NA,NA,NA,NA,NA,NA,NA
4241,493.258306,493.257431565846,493.25719342861,15104391,NA,208581.6,74.11,-1,0.482785125338752,0.975674512816041,0.99044988290107,0.981584660850053,3,1.8695652173913,0.391304347826087,"P1 O9","de-protonated",0,NA,"C23 H43 O9 P1",23,43,9,NA,1,NA,NA,NA,NA,NA,NA
4243,493.294598,493.293723479402,493.293578937995,6863252.5,NA,204002.6,32.55,-1,0.293012951128433,0.988766827170954,0.978110418541699,0.984504263719252,2,1.95833333333333,0.333333333333333,"P1 O8","de-protonated",0,NA,"C24 H47 O8 P1",24,47,8,NA,1,NA,NA,NA,NA,NA,NA
4244,494.09483,494.093953573321,494.094013203644,2955968.3,NA,193010.2,12.85,-1,-0.120686188169456,0.997360660771761,0,0.598416396463057,12,1,0.619047619047619,"N1 O13","de-protonated",0,NA,"C21 H21 O13 N1",21,21,13,1,NA,NA,NA,NA,NA,NA,NA
4246,494.131294,494.130417486467,494.130398713028,3994318,NA,221454.2,18.08,-1,0.037992883751559,0.999738120517976,0,0.599842872310785,11,1.13636363636364,0.545454545454545,"N1 O12","de-protonated",0,NA,"C22 H25 O12 N1",22,25,12,1,NA,NA,NA,NA,NA,NA,NA
4248,494.167636,494.166759399904,494.166784222413,2663131.5,NA,205181.4,11.37,-1,-0.0502310348829788,0.999542281286599,0,0.599725368771959,10,1.26086956521739,0.478260869565217,"N1 O11","de-protonated",0,NA,"C23 H29 O11 N1",23,29,11,1,NA,NA,NA,NA,NA,NA,NA
4250,494.18059,494.179713369048,494.179538440253,3475168.3,NA,211818.2,15.47,-1,0.353978224069358,0.48876044026227,0.747514279669976,0.592261976025352,18,0.935483870967742,0.0967741935483871,"N1 S1 O3","de-protonated",0,NA,"C31 H29 O3 S1 N1",31,29,3,1,NA,1,NA,NA,NA,NA,NA
4252,494.217069,494.216192282159,494.216056891419,4670190,NA,209095.8,21.49,-1,0.27395050776049,0.493237389093892,0.813795485951173,0.621460627836804,4,1.80952380952381,0.476190476190476,"N1 P1 O10","de-protonated",0,NA,"C21 H38 O10 N1 P1",21,38,10,1,1,NA,NA,NA,NA,NA,NA
4259,495.000581,494.999702415903,494.999873798332,3190802,NA,219375.5,14.03,-1,-0.346227216793786,0.978483993770372,0,0.587090396262223,27,0.310344827586207,0.103448275862069,"N2 S1 P1 O3","de-protonated",0,NA,"C29 H9 O3 S1 N2 P1",29,9,3,2,1,1,NA,NA,NA,NA,NA
4260,495.042868,495.04198931518,495.042132534531,1991201.6,NA,266386.7,7.98,-1,-0.28930739804642,0.984927709410458,0,0.590956625646275,17,0.739130434782609,0.304347826086957,"N2 S1 P1 O7","de-protonated",0,NA,"C23 H17 O7 S1 N2 P1",23,17,7,2,1,1,NA,NA,NA,NA,NA
4261,495.070886,495.070007248443,495.069786578067,2135340,NA,181577.8,8.71,-1,0.445735897747211,0.964591759788219,0,0.578755055872931,12,1,0.571428571428571,"P1 O12","de-protonated",0,NA,"C21 H21 O12 P1",21,21,12,NA,1,NA,NA,NA,NA,NA,NA
4262,495.078979,495.078100229166,495.078028786545,8113199,NA,215781.3,38.85,-1,0.144305781035856,0.992814723226058,0.970047140009673,0.983707689939504,12,0.952380952380952,0.666666666666667,"O14","de-protonated",0,NA,"C21 H20 O14",21,20,14,NA,NA,NA,NA,NA,NA,NA,NA
4264,495.115347,495.114468142541,495.114414295929,17882172,NA,204883.1,88.11,-1,0.108755896487411,0.997294746579282,0.996718591933658,0.997064284721032,11,1.09090909090909,0.590909090909091,"O13","de-protonated",0,NA,"C22 H24 O13",22,24,13,NA,NA,NA,NA,NA,NA,NA,NA
4265,495.122019,495.121140126649,495.121156902669,2122303,NA,149727.5,8.64,-1,-0.0338826565661318,0.999791712358264,0,0.599875027414958,1,2,0.8125,"S2 O13","de-protonated",0,NA,"C16 H32 O13 S2",16,32,13,NA,NA,2,NA,NA,NA,NA,NA
4266,495.143575,495.142696075305,495.142557596836,23379016,NA,196583.1,115.83,-1,0.279673937197139,0.989189573327775,0.953624288490091,0.974963459392701,10,1.26086956521739,0.434782608695652,"P1 O10","de-protonated",0,NA,"C23 H29 O10 P1",23,29,10,NA,1,NA,NA,NA,NA,NA,NA
4267,495.151613,495.150734056159,495.150799805313,19082314,NA,200508,94.17,-1,-0.132786122295421,0.991233984843372,0.989095482464331,0.990378583891755,10,1.21739130434783,0.521739130434783,"O12","de-protonated",0,NA,"C23 H28 O12",23,28,12,NA,NA,NA,NA,NA,NA,NA,NA
4269,495.18002,495.179140988496,495.17894310622,7124052.5,NA,170494.4,33.86,-1,0.399617710494274,0.985663601263377,0.910486407474579,0.955592723747857,9,1.375,0.375,"P1 O9","de-protonated",0,NA,"C24 H33 O9 P1",24,33,9,NA,1,NA,NA,NA,NA,NA,NA
4270,495.188034,495.187154969407,495.187185314698,9688152,NA,207310.2,46.79,-1,-0.061280443834578,0.987657536827058,0.964861199838121,0.978539002031484,9,1.33333333333333,0.458333333333333,"O11","de-protonated",0,NA,"C24 H32 O11",24,32,11,NA,NA,NA,NA,NA,NA,NA,NA
4271,495.201051,495.200171938402,495.199939532538,9096284,NA,201777.6,43.81,-1,0.469317229787496,0.480411223868073,0.741475186234395,0.584836808814602,17,1,0.09375,"S1 O3","de-protonated",0,NA,"C32 H32 O3 S1",32,32,3,NA,NA,1,NA,NA,NA,NA,NA
4272,495.218557,495.217677896704,495.217697597267,4379747,NA,158646.7,20.03,-1,-0.0397816221221546,0.499856442312324,0.741475186234395,0.596503939881152,17,1,0.15625,"O5","de-protonated",0,NA,"C32 H32 O5",32,32,5,NA,NA,NA,NA,NA,NA,NA,NA
4273,495.224391,495.223511882808,495.223570824082,3137637,NA,232980.1,13.76,-1,-0.11901952444176,0.99743296241562,0,0.598459777449372,8,1.44,0.4,"O10","de-protonated",0,NA,"C25 H36 O10",25,36,10,NA,NA,NA,NA,NA,NA,NA,NA
4276,495.260805,495.259925796073,495.259956333466,2007666.6,NA,210332.3,8.06,-1,-0.0616593218736476,0.999310393212941,0,0.599586235927764,7,1.53846153846154,0.346153846153846,"O9","de-protonated",0,NA,"C26 H40 O9",26,40,9,NA,NA,NA,NA,NA,NA,NA,NA
4277,495.27386,495.272980764977,495.272843493088,6669431.5,NA,213444.8,31.57,-1,0.277164175099941,0.4930789060011,0.799615297578637,0.615693462632115,2,1.95652173913043,0.391304347826087,"P1 O9","de-protonated",0,NA,"C23 H45 O9 P1",23,45,9,NA,1,NA,NA,NA,NA,NA,NA
4278,495.29156,495.290680722818,495.290468616036,2514558,NA,209988.7,10.62,-1,0.428247250570712,0.967270675362321,0,0.580362405217393,15,1.17647058823529,0.0882352941176471,"O3","de-protonated",0,NA,"C34 H40 O3",34,40,3,NA,NA,NA,NA,NA,NA,NA,NA
4279,495.304377,495.303497692289,495.303355775658,138656896,NA,207794.2,697.15,-1,0.28652466992311,0.978102087305952,0.984685665381219,0.980735518536058,10,1.45161290322581,0.0967741935483871,"P1 O3","de-protonated",0,NA,"C31 H45 O3 P1",31,45,3,NA,1,NA,NA,NA,NA,NA,NA
4283,496.110871,496.109989771292,496.110152525492,2927533.3,NA,191348.9,12.7,-1,-0.328060611950733,0.98066124917802,0,0.588396749506812,15,1,0.208333333333333,"N3 S1 P1 O5","de-protonated",0,NA,"C24 H24 O5 S1 N3 P1",24,24,5,3,1,1,NA,NA,NA,NA,NA
4287,496.159924,496.159042654452,496.158802995347,3424703.5,NA,208446.2,15.21,-1,0.483029030535791,0.479274272377918,0.753652554121787,0.589025585075466,18,0.9,0.133333333333333,"N1 S1 O4","de-protonated",0,NA,"C30 H27 O4 S1 N1",30,27,4,1,NA,1,NA,NA,NA,NA,NA
4290,496.196348,496.195466567694,496.195321446513,5354957,NA,205560.7,24.94,-1,0.292467854215734,0.492299583758723,0.821075868479145,0.623810097646892,4,1.8,0.55,"N1 P1 O11","de-protonated",0,NA,"C20 H36 O11 N1 P1",20,36,11,1,1,NA,NA,NA,NA,NA,NA
4293,496.219741,496.218859511974,496.218819796275,1861077.5,NA,170192.2,7.32,-1,0.0800366633331396,0.998838339012639,0,0.599303003407583,8,1.45833333333333,0.416666666666667,"N1 O10","de-protonated",0,NA,"C24 H35 O10 N1",24,35,10,1,NA,NA,NA,NA,NA,NA,NA
4295,496.240946,496.240064461465,496.239949164374,2973149.3,NA,218915.7,12.93,-1,0.232341412676061,0.990252755826907,0,0.594151653496144,3,1.85714285714286,0.571428571428571,"N1 O12","de-protonated",0,NA,"C21 H39 O12 N1",21,39,12,1,NA,NA,NA,NA,NA,NA,NA
4300,497.058181,497.057297514885,497.057293341639,4055818.3,NA,225612.6,18.39,-1,0.00839590582602758,0.999987209539877,0,0.599992325723926,12,0.9,0.75,"O15","de-protonated",0,NA,"C20 H18 O15",20,18,15,NA,NA,NA,NA,NA,NA,NA,NA
4301,497.086277,497.085393447963,497.085303700764,3613460.5,NA,137785.9,16.16,-1,0.180546876194801,0.497051371498474,0.741475186234394,0.594820897392842,24,0.5625,0.125,"S1 O4","de-protonated",0,NA,"C32 H18 O4 S1",32,18,4,NA,NA,1,NA,NA,NA,NA,NA
4302,497.094644,497.093760428033,497.093678851023,10825495,NA,201561.4,52.53,-1,0.164107921456595,0.993025133467255,0.995350708658337,0.993955363543688,11,1.04761904761905,0.666666666666667,"O14","de-protonated",0,NA,"C21 H22 O14",21,22,14,NA,NA,NA,NA,NA,NA,NA,NA
4303,497.110118,497.109234391175,497.109424249678,1991965.1,NA,207409.6,7.98,-1,-0.381924971337845,0.973879871521366,0,0.58432792291282,19,0.821428571428571,0.107142857142857,"N2 S1 P1 O3","de-protonated",0,NA,"C28 H23 O3 S1 N2 P1",28,23,3,2,1,1,NA,NA,NA,NA,NA
4305,497.131047,497.130163341324,497.130064360407,16760613,NA,200488,82.45,-1,0.199104670005592,0.994210679295548,0.988537263472495,0.991941312966327,10,1.18181818181818,0.590909090909091,"O13","de-protonated",0,NA,"C22 H26 O13",22,26,13,NA,NA,NA,NA,NA,NA,NA,NA
4306,497.14077,497.139886318165,497.139798147962,7270184.5,NA,220361.3,34.6,-1,0.177354948158184,0.497154414172587,0.859523230357577,0.642101940646583,0,2.33333333333333,0.666666666666667,"N2 S2 P1 O10","de-protonated",0,NA,"C15 H35 O10 S2 N2 P1",15,35,10,2,1,2,NA,NA,NA,NA,NA
4307,497.145984,497.145100305746,497.145320501692,2113066.3,NA,159537.9,8.59,-1,-0.442920685397986,0.965029726469957,0,0.579017835881974,14,1,0.384615384615385,"O10","de-protonated",0,NA,"C26 H26 O10",26,26,10,NA,NA,NA,NA,NA,NA,NA,NA
4308,497.15933,497.158446273957,497.158207661314,34324272,NA,199928.5,171.02,-1,0.479953140290614,0.957478067816031,0.988604505889714,0.969928643045504,9,1.34782608695652,0.434782608695652,"P1 O10","de-protonated",0,NA,"C23 H31 O10 P1",23,31,10,NA,1,NA,NA,NA,NA,NA,NA
4309,497.167337,497.166453254885,497.166449869791,10559282,NA,210362,51.18,-1,0.00680877304157032,0.997767523655892,0.999938370849095,0.998635862533173,9,1.30434782608696,0.521739130434783,"O12","de-protonated",0,NA,"C23 H30 O12",23,30,12,NA,NA,NA,NA,NA,NA,NA,NA
4311,497.195679,497.194795187377,497.194593170698,6800188.5,NA,177551.5,32.23,-1,0.406313104200326,0.971287131770802,0.891630027336628,0.939424289997133,8,1.45833333333333,0.375,"P1 O9","de-protonated",0,NA,"C24 H35 O9 P1",24,35,9,NA,1,NA,NA,NA,NA,NA,NA
4312,497.203691,497.202807168293,497.202835379176,5168959.5,NA,209248.8,24,-1,-0.0567391831926908,0.49970801324442,0.792708917554682,0.616908374968525,8,1.41666666666667,0.458333333333333,"O11","de-protonated",0,NA,"C24 H34 O11",24,34,11,NA,NA,NA,NA,NA,NA,NA,NA
4313,497.216729,497.215845137238,497.215722538798,6512452.5,NA,206896.6,30.78,-1,0.246569917990118,0.494514568963222,0.813795485951173,0.622226935758402,3,1.85714285714286,0.523809523809524,"P1 O11","de-protonated",0,NA,"C21 H39 O11 P1",21,39,11,NA,1,NA,NA,NA,NA,NA,NA
4315,497.239935,497.239051081963,497.23922088856,4768589,NA,189410.9,21.98,-1,-0.34149879939097,0.489530756831288,0.785920818505338,0.608086781500908,7,1.52,0.4,"O10","de-protonated",0,NA,"C25 H38 O10",25,38,10,NA,NA,NA,NA,NA,NA,NA,NA
4316,497.253213,497.252329050336,497.252108048182,5112657.5,NA,208910.9,23.72,-1,0.44444689214583,0.482396305992405,0.806643077274283,0.612095014505156,2,1.95454545454545,0.454545454545455,"P1 O10","de-protonated",0,NA,"C22 H43 O10 P1",22,43,10,NA,1,NA,NA,NA,NA,NA,NA
4317,497.258885,497.258001036826,497.257848333215,2370387.8,NA,226384.1,9.89,-1,0.307091404256765,0.983034028884607,0,0.589820417330764,6,1.61538461538462,0.269230769230769,"S1 O7","de-protonated",0,NA,"C26 H42 O7 S1",26,42,7,NA,NA,1,NA,NA,NA,NA,NA
4318,497.270848,497.269964008331,497.26973317113,2123608,NA,157280.8,8.64,-1,0.464209232597645,0.961654139015619,0,0.576992483409372,15,1.15151515151515,0.121212121212121,"O4","de-protonated",0,NA,"C33 H38 O4",33,38,4,NA,NA,NA,NA,NA,NA,NA,NA
4319,497.276545,497.275660994761,497.275606397944,3857242.3,NA,226952.9,17.39,-1,0.109791866506315,0.498907580848751,0.779247987650237,0.611043743569346,6,1.61538461538462,0.346153846153846,"O9","de-protonated",0,NA,"C26 H42 O9",26,42,9,NA,NA,NA,NA,NA,NA,NA,NA
4320,497.301581,497.300696935128,497.300596326784,42049380,NA,206518.7,209.98,-1,0.202308914367854,0.497485037363216,0.912735895105793,0.663585380460247,0,2.21739130434783,0.130434782608696,"N2 S2 P1 O3","de-protonated",0,NA,"C23 H51 O3 S2 N2 P1",23,51,3,2,1,2,NA,NA,NA,NA,NA
4322,497.320208,497.31932389076,497.319202544628,1964394.3,NA,227346.4,7.84,-1,0.244000495140591,0.98925536757142,0,0.593553220542852,1,2.19047619047619,0.428571428571429,"N4 O9","de-protonated",0,NA,"C21 H46 O9 N4",21,46,9,4,NA,NA,NA,NA,NA,NA,NA
4325,498.089895,498.089009057435,498.088927823216,2082435.6,NA,197669.1,8.44,-1,0.163091797960309,0.995185286339178,0,0.597111171803507,11,1.05,0.7,"N1 O14","de-protonated",0,NA,"C20 H21 O14 N1",20,21,14,1,NA,NA,NA,NA,NA,NA,NA
4327,498.126325,498.125438970662,498.1253133326,4083856.8,NA,207720.7,18.53,-1,0.252221796545662,0.988523355313454,0,0.593114013188072,10,1.19047619047619,0.619047619047619,"N1 O13","de-protonated",0,NA,"C21 H25 O13 N1",21,25,13,1,NA,NA,NA,NA,NA,NA,NA
4332,498.175642,498.174755853193,498.174586001606,3295394.8,NA,211322.7,14.55,-1,0.340947915006284,0.979128303106785,0,0.587476981864071,4,1.78947368421053,0.631578947368421,"N1 P1 O12","de-protonated",0,NA,"C19 H34 O12 N1 P1",19,34,12,1,1,NA,NA,NA,NA,NA,NA
4334,498.212085,498.211198766389,498.210971510991,4642992,NA,206455.8,21.35,-1,0.456142901722924,0.962950408599834,0,0.5777702451599,3,1.9,0.55,"N1 P1 O11","de-protonated",0,NA,"C20 H38 O11 N1 P1",20,38,11,1,1,NA,NA,NA,NA,NA,NA
4335,498.22036,498.219473746679,498.219702976839,2085555.1,NA,205447.2,8.45,-1,-0.460098543827642,0.962317352964021,0,0.577390411778412,7,1.65217391304348,0.217391304347826,"N3 S1 P1 O5","de-protonated",0,NA,"C23 H38 O5 S1 N3 P1",23,38,5,3,1,1,NA,NA,NA,NA,NA
4336,498.23524,498.234353711236,498.234469860753,2134200.5,NA,218900.3,8.7,-1,-0.233122203002045,0.990187456947107,0,0.594112474168264,7,1.54166666666667,0.416666666666667,"N1 O10","de-protonated",0,NA,"C24 H37 O10 N1",24,37,10,1,NA,NA,NA,NA,NA,NA,NA
4337,498.248438,498.247551679799,498.247357020375,2019517.4,NA,228853.1,8.12,-1,0.390688323054167,0.972684164189242,0,0.583610498513545,2,2,0.476190476190476,"N1 P1 O10","de-protonated",0,NA,"C21 H42 O10 N1 P1",21,42,10,1,1,NA,NA,NA,NA,NA,NA
4338,498.290412,498.289525579821,498.289482814792,2939084.8,NA,201006.2,12.75,-1,0.0858236634337775,0.998664395906665,0,0.599198637543999,5,1.73076923076923,0.230769230769231,"N1 S1 O6","de-protonated",0,NA,"C26 H45 O6 S1 N1",26,45,6,1,NA,1,NA,NA,NA,NA,NA
4342,499.061335,499.060446743552,499.060545503865,2667492.8,NA,181989.2,11.38,-1,-0.19789244857179,0.992919397991694,0,0.595751638795016,20,0.615384615384615,0.269230769230769,"N2 S1 O7","de-protonated",0,NA,"C26 H16 O7 S1 N2",26,16,7,2,NA,1,NA,NA,NA,NA,NA
4343,499.073907,499.073018713606,499.072943406117,4618729.5,NA,214622.6,21.22,-1,0.150894755431004,0.995877076316721,0,0.597526245790032,11,1,0.75,"O15","de-protonated",0,NA,"C20 H20 O15",20,20,15,NA,NA,NA,NA,NA,NA,NA,NA
4344,499.089345,499.088456676834,499.088688804772,2125806.8,NA,192450.4,8.65,-1,-0.46510358324944,0.96150912507956,0,0.576905475047736,19,0.777777777777778,0.148148148148148,"N2 S1 P1 O4","de-protonated",0,NA,"C27 H21 O4 S1 N2 P1",27,21,4,2,1,1,NA,NA,NA,NA,NA
4345,499.102036,499.101147646605,499.100953765242,6791667.5,NA,203206.2,32.18,-1,0.388461216502203,0.975551263354547,0.983202380214627,0.978611710098579,23,0.625,0.125,"S1 O4","de-protonated",0,NA,"C32 H20 O4 S1",32,20,4,NA,NA,1,NA,NA,NA,NA,NA
4346,499.110165,499.109276627243,499.109328915501,9269750,NA,200341.6,44.68,-1,-0.104763134799415,0.499005262625751,0.813795485951173,0.62492135195592,10,1.14285714285714,0.666666666666667,"O14","de-protonated",0,NA,"C21 H24 O14",21,24,14,NA,NA,NA,NA,NA,NA,NA,NA
4347,499.119615,499.118726604734,499.118711829971,2824185.8,NA,214335.3,12.17,-1,0.0296017006366474,0.999841016289892,0,0.599904609773935,23,0.625,0.1875,"O6","de-protonated",0,NA,"C32 H20 O6",32,20,6,NA,NA,NA,NA,NA,NA,NA,NA
4348,499.125523,499.124634590662,499.124585056786,2530812,NA,220520.3,10.69,-1,0.0992415066441697,0.998214530123032,0,0.598928718073819,14,0.96,0.44,"O11","de-protonated",0,NA,"C25 H24 O11",25,24,11,NA,NA,NA,NA,NA,NA,NA,NA
4349,499.138572,499.13768355958,499.137472216408,11796993,NA,200905.1,57.42,-1,0.42341676200631,0.98058724909596,0.948682954019117,0.967825531065223,9,1.31818181818182,0.5,"P1 O11","de-protonated",0,NA,"C22 H29 O11 P1",22,29,11,NA,1,NA,NA,NA,NA,NA,NA
4350,499.146617,499.145728540418,499.145714424885,9953796,NA,204826.6,48.13,-1,0.0282793822393244,0.499927450878284,0.806643077274283,0.622613701436683,9,1.27272727272727,0.590909090909091,"O13","de-protonated",0,NA,"C22 H28 O13",22,28,13,NA,NA,NA,NA,NA,NA,NA,NA
4352,499.161819,499.160930504208,499.16097056617,3318793.3,NA,189375.3,14.67,-1,-0.0802586032511168,0.998831891328565,0,0.599299134797139,13,1.07692307692308,0.384615384615385,"O10","de-protonated",0,NA,"C26 H28 O10",26,28,10,NA,NA,NA,NA,NA,NA,NA,NA
4354,499.183156,499.182267453385,499.182099934269,5709329,NA,202494.9,26.72,-1,0.335587184575195,0.489886422121074,0.799615297578637,0.613777972304099,8,1.39130434782609,0.521739130434783,"O12","de-protonated",0,NA,"C23 H32 O12",23,32,12,NA,NA,NA,NA,NA,NA,NA,NA
4355,499.19604,499.195151422696,499.194987093891,2748949.5,NA,136619.1,11.79,-1,0.329187610434292,0.980529454944151,0,0.588317672966491,3,1.85,0.6,"P1 O12","de-protonated",0,NA,"C20 H37 O12 P1",20,37,12,NA,1,NA,NA,NA,NA,NA,NA
4356,499.211275,499.210386386408,499.210243235176,4837915,NA,167916,22.33,-1,0.286755397366892,0.990875601055901,0.848173671963803,0.933794829419061,7,1.54166666666667,0.375,"P1 O9","de-protonated",0,NA,"C24 H37 O9 P1",24,37,9,NA,1,NA,NA,NA,NA,NA,NA
4357,499.219283,499.218394367334,499.218485443654,4913694,NA,200098,22.71,-1,-0.18243779573597,0.496989471676903,0.792708917554682,0.615277250028015,7,1.5,0.458333333333333,"O11","de-protonated",0,NA,"C24 H36 O11",24,36,11,NA,NA,NA,NA,NA,NA,NA,NA
4358,499.232275,499.231386336388,499.231239661494,2697762.8,NA,243968,11.54,-1,0.293801513413754,0.984459490628475,0,0.590675694377085,15,1.125,0.09375,"S1 O3","de-protonated",0,NA,"C32 H36 O3 S1",32,36,3,NA,NA,1,NA,NA,NA,NA,NA
4359,499.25571,499.254821280568,499.254870953038,6171179,NA,215615.8,29.05,-1,-0.0994932109579058,0.499102734936894,0.785920818505338,0.613829968364271,6,1.6,0.4,"O10","de-protonated",0,NA,"C25 H40 O10",25,40,10,NA,NA,NA,NA,NA,NA,NA,NA
4360,499.274399,499.273510236052,499.273498397693,4818482,NA,209071.8,22.23,-1,0.023711171090999,0.499948995594576,0.779247987650237,0.611668592416841,5,1.69230769230769,0.269230769230769,"S1 O7","de-protonated",0,NA,"C26 H44 O7 S1",26,44,7,NA,NA,1,NA,NA,NA,NA,NA
4361,499.292124,499.291235193833,499.291256462422,5130808.5,NA,228076.2,23.8,-1,-0.0425975602197523,0.499835403047382,0.779247987650237,0.611600436888524,5,1.69230769230769,0.346153846153846,"O9","de-protonated",0,NA,"C26 H44 O9",26,44,9,NA,NA,NA,NA,NA,NA,NA,NA
4362,499.308627,499.307738154524,499.307850014192,2069566.3,NA,160887.1,8.37,-1,-0.224029460279891,0.990934576749184,0,0.594560746049511,14,1.29032258064516,0.0645161290322581,"N4 O2","de-protonated",0,NA,"C31 H40 O2 N4",31,40,2,4,NA,NA,NA,NA,NA,NA,NA
4363,499.328638,499.32774910686,499.327641971807,2952773.5,NA,211910.5,12.82,-1,0.214558626856399,0.991681726256646,0,0.595009035753987,4,1.77777777777778,0.296296296296296,"O8","de-protonated",0,NA,"C27 H48 O8",27,48,8,NA,NA,NA,NA,NA,NA,NA,NA
4367,500.149596,500.148705151411,500.148846709811,2364781.5,NA,236299.5,9.86,-1,-0.283032542284516,0.9855697426248,0,0.59134184557488,12,1.23076923076923,0.115384615384615,"N1 S2 P1 O3","de-protonated",0,NA,"C26 H32 O3 S2 N1 P1",26,32,3,1,1,2,NA,NA,NA,NA,NA
4369,500.178376,500.17748508286,500.177348906462,4178807.8,NA,212730,19,-1,0.27225622691676,0.986640438596557,0,0.591984263157934,8,1.40909090909091,0.545454545454545,"N1 O12","de-protonated",0,NA,"C22 H31 O12 N1",22,31,12,1,NA,NA,NA,NA,NA,NA,NA
4372,500.250986,500.25009490991,500.250119925231,2194322,NA,203079,9,-1,-0.0500056279887606,0.999546379076453,0,0.599727827445872,6,1.625,0.416666666666667,"N1 O10","de-protonated",0,NA,"C24 H39 O10 N1",24,39,10,1,NA,NA,NA,NA,NA,NA,NA
4377,501.068302,501.067408963136,501.067464102495,2839735,NA,194982.7,12.25,-1,-0.110043782209817,0.997805135064826,0,0.598683081038896,15,0.782608695652174,0.565217391304348,"O13","de-protonated",0,NA,"C23 H18 O13",23,18,13,NA,NA,NA,NA,NA,NA,NA,NA
4379,501.089612,501.088718912378,501.088593470595,3703998.5,NA,199918.1,16.61,-1,0.250338532525422,0.988693131770925,0,0.593215879062555,10,1.1,0.75,"O15","de-protonated",0,NA,"C20 H22 O15",20,22,15,NA,NA,NA,NA,NA,NA,NA,NA
4380,501.09893,501.098036890183,501.097976385065,1981633.9,NA,175721.8,7.92,-1,0.12074508577915,0.997358087434563,0,0.598414852460738,23,0.580645161290323,0.225806451612903,"O7","de-protonated",0,NA,"C31 H18 O7",31,18,7,NA,NA,NA,NA,NA,NA,NA,NA
4381,501.104766,501.103872876282,501.103849611879,4615364,NA,209586.5,21.2,-1,0.0464263102402442,0.499804490777505,0.792708917554682,0.616966261488376,14,0.916666666666667,0.5,"O12","de-protonated",0,NA,"C24 H22 O12",24,22,12,NA,NA,NA,NA,NA,NA,NA,NA
4382,501.117821,501.116927845186,501.116736771501,10038473,NA,202276.1,48.55,-1,0.381295755936097,0.984635782078954,0.93782537942662,0.96591162101802,9,1.28571428571429,0.571428571428571,"P1 O12","de-protonated",0,NA,"C21 H27 O12 P1",21,27,12,NA,1,NA,NA,NA,NA,NA,NA
4383,501.125818,501.124924826138,501.124978979979,4825291.5,NA,207963.5,22.26,-1,-0.108064540429886,0.498941647812185,0.813795485951173,0.62488318306778,9,1.23809523809524,0.666666666666667,"O14","de-protonated",0,NA,"C21 H26 O14",21,26,14,NA,NA,NA,NA,NA,NA,NA,NA
4384,501.135267,501.134373803632,501.134361894449,3605710.8,NA,195409.9,16.11,-1,0.0237644497799689,0.499948766136361,0.741475186234394,0.596559334175574,22,0.6875,0.1875,"O6","de-protonated",0,NA,"C32 H22 O6",32,22,6,NA,NA,NA,NA,NA,NA,NA,NA
4385,501.141002,501.140108789971,501.140235121264,5670097,NA,203381.2,26.52,-1,-0.252087706272296,0.494267742336295,0.785920818505338,0.610928972803912,13,1.04,0.44,"O11","de-protonated",0,NA,"C25 H26 O11",25,26,11,NA,NA,NA,NA,NA,NA,NA,NA
4386,501.154075,501.153181758833,501.152989339104,10429654,NA,194435.2,50.52,-1,0.383954067063827,0.486802648350557,0.73553288925895,0.586294744713914,21,0.787878787878788,0.0909090909090909,"S1 O3","de-protonated",0,NA,"C33 H26 O3 S1",33,26,3,NA,NA,1,NA,NA,NA,NA,NA
4387,501.162214,501.161320739446,501.161364489363,3839192.5,NA,202895.2,17.29,-1,-0.0872970662003491,0.998618175485382,0,0.599170905291229,8,1.36363636363636,0.590909090909091,"O13","de-protonated",0,NA,"C22 H30 O13",22,30,13,NA,NA,NA,NA,NA,NA,NA,NA
4389,501.177574,501.17668070286,501.176620630648,5218526,NA,211970.7,24.24,-1,0.119862359109619,0.498698262179038,0.779247987650237,0.610918152367518,12,1.15384615384615,0.384615384615385,"O10","de-protonated",0,NA,"C26 H30 O10",26,30,10,NA,NA,NA,NA,NA,NA,NA,NA
4390,501.190524,501.189630672014,501.18950779027,7220450.5,NA,198091.9,34.34,-1,0.24518020106027,0.986045113839308,0.86229773357572,0.936546161733873,7,1.52173913043478,0.434782608695652,"P1 O10","de-protonated",0,NA,"C23 H35 O10 P1",23,35,10,NA,1,NA,NA,NA,NA,NA,NA
4391,501.198634,501.197740652697,501.197749998747,3564773.5,NA,211702.2,15.9,-1,-0.0186474307186332,0.999936907442516,0,0.599962144465509,7,1.47826086956522,0.521739130434783,"O12","de-protonated",0,NA,"C23 H34 O12",23,34,12,NA,NA,NA,NA,NA,NA,NA,NA
4392,501.208097,501.207203630157,501.207132913218,2268905,NA,206212.5,9.37,-1,0.141093241932937,0.996394362017505,0,0.597836617210503,20,0.882352941176471,0.117647058823529,"O4","de-protonated",0,NA,"C34 H30 O4",34,30,4,NA,NA,NA,NA,NA,NA,NA,NA
4393,501.213801,501.212907616571,501.213006140032,2811626.8,NA,204773.3,12.11,-1,-0.196570042067882,0.993013383104267,0,0.59580802986256,11,1.25925925925926,0.333333333333333,"O9","de-protonated",0,NA,"C27 H34 O9",27,34,9,NA,NA,NA,NA,NA,NA,NA,NA
4395,501.235067,501.234173565917,501.234135508132,5436658.5,NA,210121.9,25.34,-1,0.0759281591621629,0.499477239886808,0.792708917554682,0.616769910953957,6,1.58333333333333,0.458333333333333,"O11","de-protonated",0,NA,"C24 H38 O11",24,38,11,NA,NA,NA,NA,NA,NA,NA,NA
4398,501.271493,501.270599479153,501.270521017516,6055167.5,NA,212442.4,28.46,-1,0.156525537002553,0.990046596739467,0.980257774897499,0.98613106800268,5,1.68,0.4,"O10","de-protonated",0,NA,"C25 H42 O10",25,42,10,NA,NA,NA,NA,NA,NA,NA,NA
4400,501.307848,501.306954392559,501.3069065269,3859724.5,NA,202170.1,17.39,-1,0.0954817461940318,0.499173571325307,0.779247987650237,0.611203337855279,4,1.76923076923077,0.346153846153846,"O9","de-protonated",0,NA,"C26 H46 O9",26,46,9,NA,NA,NA,NA,NA,NA,NA,NA
4403,502.157648,502.156752368412,502.156613461556,3352122.8,NA,202828.4,14.83,-1,0.276620583786856,0.986211679352771,0,0.591727007611663,8,1.38095238095238,0.619047619047619,"N1 O13","de-protonated",0,NA,"C21 H29 O13 N1",21,29,13,1,NA,NA,NA,NA,NA,NA,NA
4405,502.230237,502.229341195511,502.229384480325,4643412.5,NA,193823.8,21.34,-1,-0.0861853464535242,0.499326561313775,0.799615297578637,0.61944205581972,6,1.60869565217391,0.478260869565217,"N1 O11","de-protonated",0,NA,"C23 H37 O11 N1",23,37,11,1,NA,NA,NA,NA,NA,NA,NA
4406,502.266692,502.265796108679,502.265769989709,3073633.3,NA,203792.7,13.43,-1,0.0520022889202168,0.999509439921781,0,0.599705663953068,5,1.70833333333333,0.416666666666667,"N1 O10","de-protonated",0,NA,"C24 H41 O10 N1",24,41,10,1,NA,NA,NA,NA,NA,NA,NA
4411,502.946225,502.945327490092,502.945455442169,8890194,NA,196371.4,42.76,-1,-0.254405473645027,0.494162470235571,0.792708917554682,0.613581049163215,21,0.375,0.291666666666667,"S2 P1 O7","de-protonated",0,NA,"C24 H9 O7 S2 P1",24,9,7,NA,1,2,NA,NA,NA,NA,NA
4412,503.047673,503.046775248452,503.046728657589,2594677.3,NA,214611.7,11.01,-1,0.092617366274581,0.998444748086072,0,0.599066848851643,15,0.727272727272727,0.636363636363636,"O14","de-protonated",0,NA,"C22 H16 O14",22,16,14,NA,NA,NA,NA,NA,NA,NA,NA
4413,503.083882,503.082984162205,503.083114166973,4150146,NA,223434.1,18.85,-1,-0.258416082823657,0.987956175921587,0,0.592773705552952,14,0.869565217391304,0.565217391304348,"O13","de-protonated",0,NA,"C23 H20 O13",23,20,13,NA,NA,NA,NA,NA,NA,NA,NA
4415,503.114729,503.113831088731,503.113626449543,2572173,NA,191547.6,10.9,-1,0.406745468502468,0.970426890413199,0,0.58225613424792,22,0.645161290322581,0.225806451612903,"O7","de-protonated",0,NA,"C31 H20 O7",31,20,7,NA,NA,NA,NA,NA,NA,NA,NA
4416,503.120469,503.119571075058,503.119499676357,8628111,NA,194789.5,41.43,-1,0.141912013119129,0.498176234916359,0.792708917554682,0.615989307971688,13,1,0.5,"O12","de-protonated",0,NA,"C24 H24 O12",24,24,12,NA,NA,NA,NA,NA,NA,NA,NA
4417,503.133524,503.132626043963,503.132386835979,9602963,NA,211551.3,46.35,-1,0.475437458355071,0.977275302307898,0.989269217454598,0.982072868366578,8,1.38095238095238,0.571428571428571,"P1 O12","de-protonated",0,NA,"C21 H29 O12 P1",21,29,12,NA,1,NA,NA,NA,NA,NA,NA
4418,503.141649,503.14075102461,503.140629044457,1842582.4,NA,245376.6,7.22,-1,0.242437493046627,0.989391850786439,0,0.593635110471863,8,1.33333333333333,0.666666666666667,"O14","de-protonated",0,NA,"C21 H28 O14",21,28,14,NA,NA,NA,NA,NA,NA,NA,NA
4420,503.156898,503.155999988288,503.155885185742,9263004,NA,200654.9,44.64,-1,0.228164967391331,0.9768607845119,0.976418596613647,0.976683909352599,12,1.12,0.44,"O11","de-protonated",0,NA,"C25 H28 O11",25,28,11,NA,NA,NA,NA,NA,NA,NA,NA
4423,503.193199,503.192300901822,503.192270695126,6715304.5,NA,197733.8,31.79,-1,0.0600301274147959,0.499673171151169,0.779247987650237,0.611503097750796,11,1.23076923076923,0.384615384615385,"O10","de-protonated",0,NA,"C26 H32 O10",26,32,10,NA,NA,NA,NA,NA,NA,NA,NA
4424,503.20625,503.205351870736,503.205157854748,6719405,NA,189958.8,31.81,-1,0.385560411639859,0.486693475772927,0.799615297578637,0.611862204495211,6,1.60869565217391,0.434782608695652,"P1 O10","de-protonated",0,NA,"C23 H37 O10 P1",23,37,10,NA,1,NA,NA,NA,NA,NA,NA
4425,503.214179,503.21328085185,503.213400063225,2914224,NA,213084.1,12.62,-1,-0.236900241023229,0.989868460236715,0,0.593921076142029,6,1.56521739130435,0.521739130434783,"O12","de-protonated",0,NA,"C23 H36 O12",23,36,12,NA,NA,NA,NA,NA,NA,NA,NA
4426,503.229426,503.228527815533,503.22865620451,2998197.3,NA,164626.8,13.04,-1,-0.255130497984094,0.988258693433488,0,0.592955216060093,10,1.33333333333333,0.333333333333333,"O9","de-protonated",0,NA,"C27 H36 O9",27,36,9,NA,NA,NA,NA,NA,NA,NA,NA
4427,503.242602,503.241703784149,503.241543364132,7106490,NA,198073,33.76,-1,0.318773397020696,0.490865383345246,0.792708917554682,0.611602797029021,5,1.70833333333333,0.375,"P1 O9","de-protonated",0,NA,"C24 H41 O9 P1",24,41,9,NA,1,NA,NA,NA,NA,NA,NA
4428,503.250536,503.24963776525,503.24978557261,4104124.8,NA,203219.6,18.62,-1,-0.293705756961852,0.492234769957002,0.792708917554682,0.612424428996074,5,1.66666666666667,0.458333333333333,"O11","de-protonated",0,NA,"C24 H40 O11",24,40,11,NA,NA,NA,NA,NA,NA,NA,NA
4429,503.279033,503.278134697373,503.277928873517,5487558.5,NA,199156.6,25.6,-1,0.408966586471456,0.485053958762045,0.785920818505338,0.605400702659362,4,1.8,0.32,"P1 O8","de-protonated",0,NA,"C25 H45 O8 P1",25,45,8,NA,1,NA,NA,NA,NA,NA,NA
4430,503.287168,503.286269677996,503.286171081994,2898377.5,NA,201573.2,12.54,-1,0.195904453647284,0.993060452261293,0,0.595836271356776,4,1.76,0.4,"O10","de-protonated",0,NA,"C25 H44 O10",25,44,10,NA,NA,NA,NA,NA,NA,NA,NA
4431,503.315402,503.314503610746,503.314314382901,3093459.5,NA,221687.8,13.52,-1,0.375963566404001,0.974678585359742,0,0.584807151215845,3,1.88461538461538,0.269230769230769,"P1 O7","de-protonated",0,NA,"C26 H49 O7 P1",26,49,7,NA,1,NA,NA,NA,NA,NA,NA
4434,504.115883,504.114982704072,504.11474864855,1888492.1,NA,157929,7.45,-1,0.464290167756535,0.961641026421341,0,0.576984615852804,13,1,0.521739130434783,"N1 O12","de-protonated",0,NA,"C23 H23 O12 N1",23,23,12,1,NA,NA,NA,NA,NA,NA,NA
4436,504.151998,504.151097618049,504.151134157935,1854712.6,NA,176354.3,7.28,-1,-0.0724780394653358,0.999047292152613,0,0.599428375291568,12,1.125,0.458333333333333,"N1 O11","de-protonated",0,NA,"C24 H27 O11 N1",24,27,11,1,NA,NA,NA,NA,NA,NA,NA
4438,504.173184,504.172283567586,504.172263526034,2804992,NA,203077.4,12.07,-1,0.0397513965544884,0.999713320689563,0,0.599827992413738,7,1.47619047619048,0.619047619047619,"N1 O13","de-protonated",0,NA,"C21 H31 O13 N1",21,31,13,1,NA,NA,NA,NA,NA,NA,NA
4439,504.20969,504.208789480632,504.208649035418,4892941,NA,196730.8,22.6,-1,0.278545823330744,0.493010217237938,0.806643077274283,0.618463361252476,6,1.59090909090909,0.545454545454545,"N1 O12","de-protonated",0,NA,"C22 H35 O12 N1",22,35,12,1,NA,NA,NA,NA,NA,NA,NA
4440,504.246108,504.245207393887,504.245034544803,5009689.5,NA,199143.1,23.19,-1,0.342787876345543,0.489452410983499,0.799615297578637,0.613517565621554,5,1.69565217391304,0.478260869565217,"N1 O11","de-protonated",0,NA,"C23 H39 O11 N1",23,39,11,1,NA,NA,NA,NA,NA,NA,NA
4441,504.282473,504.281572307269,504.281420054187,2941734.3,NA,196514.5,12.76,-1,0.301920864099538,0.983595863397212,0,0.590157518038327,4,1.79166666666667,0.416666666666667,"N1 O10","de-protonated",0,NA,"C24 H43 O10 N1",24,43,10,1,NA,NA,NA,NA,NA,NA,NA
4444,504.961944,504.96104168883,504.961105506647,3463698.8,NA,231649.2,15.39,-1,-0.126381647982444,0.997106038948709,0,0.598263623369225,20,0.458333333333333,0.291666666666667,"S2 P1 O7","de-protonated",0,NA,"C24 H11 O7 S2 P1",24,11,7,NA,1,2,NA,NA,NA,NA,NA
4445,505.063373,505.062470447235,505.062378722067,3573302,NA,204471,15.94,-1,0.181611564055001,0.994033194007951,0,0.596419916404771,14,0.818181818181818,0.636363636363636,"O14","de-protonated",0,NA,"C22 H18 O14",22,18,14,NA,NA,NA,NA,NA,NA,NA,NA
4448,505.099737,505.09883436062,505.098764231451,8108610.5,NA,204668.7,38.81,-1,0.13884248674497,0.498254140553724,0.799615297578637,0.618798603363689,13,0.956521739130435,0.565217391304348,"O13","de-protonated",0,NA,"C23 H22 O13",23,22,13,NA,NA,NA,NA,NA,NA,NA,NA
4451,505.136137,505.135234273918,505.135149740835,15751759,NA,201566.5,77.35,-1,0.167347456813895,0.997087343911131,0.993634464063617,0.995706191972125,12,1.08333333333333,0.5,"O12","de-protonated",0,NA,"C24 H26 O12",24,26,12,NA,NA,NA,NA,NA,NA,NA,NA
4453,505.166612,505.165709201329,505.165662023405,2129498,NA,184634.1,8.66,-1,0.0933909956792118,0.998418678290125,0,0.599051206974075,20,0.8125,0.1875,"O6","de-protonated",0,NA,"C32 H26 O6",32,26,6,NA,NA,NA,NA,NA,NA,NA,NA
4454,505.172456,505.171553187409,505.17153525022,12438108,NA,194482.2,60.64,-1,0.0355071267623473,0.999686573763429,0.960970050984454,0.984199964651839,11,1.2,0.44,"O11","de-protonated",0,NA,"C25 H30 O11",25,30,11,NA,NA,NA,NA,NA,NA,NA,NA
4455,505.185472,505.184569156406,505.184422409842,6804064.5,NA,201890.9,32.23,-1,0.290481175331235,0.979048656091694,0.865170918743628,0.933497561152468,6,1.59090909090909,0.5,"P1 O11","de-protonated",0,NA,"C22 H35 O11 P1",22,35,11,NA,1,NA,NA,NA,NA,NA,NA
4456,505.203106,505.202203114404,505.202047532789,2613862.5,NA,159369.4,11.1,-1,0.30795919213246,0.982938831334398,0,0.589763298800639,19,0.909090909090909,0.151515151515152,"O5","de-protonated",0,NA,"C33 H30 O5",33,30,5,NA,NA,NA,NA,NA,NA,NA,NA
4457,505.208754,505.207851100951,505.207920759604,6019688.5,NA,201167.5,28.28,-1,-0.137881158030136,0.49827819156879,0.779247987650237,0.610666110001369,10,1.30769230769231,0.384615384615385,"O10","de-protonated",0,NA,"C26 H34 O10",26,34,10,NA,NA,NA,NA,NA,NA,NA,NA
4458,505.221809,505.220906069855,505.220674977444,11463277,NA,202922.6,55.73,-1,0.457408855300293,0.965146076313792,0.933677335020826,0.952558579796606,18,1,0.0588235294117647,"S1 O2","de-protonated",0,NA,"C34 H34 O2 S1",34,34,2,NA,NA,1,NA,NA,NA,NA,NA
4459,505.239457,505.238554027819,505.238433042174,1837171.1,NA,151436.6,7.19,-1,0.239462474231872,0.989649260694631,0,0.593789556416779,18,1,0.117647058823529,"O4","de-protonated",0,NA,"C34 H34 O4",34,34,4,NA,NA,NA,NA,NA,NA,NA,NA
4460,505.258315,505.257411982901,505.25719342861,11305594,NA,194249.6,54.93,-1,0.432560473267684,0.969668100147357,0.890790581666922,0.938117092755183,4,1.79166666666667,0.375,"P1 O9","de-protonated",0,NA,"C24 H43 O9 P1",24,43,9,NA,1,NA,NA,NA,NA,NA,NA
4461,505.266491,505.265587963426,505.265435637088,1987452.4,NA,173224.8,7.94,-1,0.301477853065239,0.983643572360598,0,0.590186143416359,4,1.75,0.458333333333333,"O11","de-protonated",0,NA,"C24 H42 O11",24,42,11,NA,NA,NA,NA,NA,NA,NA,NA
4464,505.331071,505.330167809603,505.329964447379,3578514.8,NA,212603.2,15.97,-1,0.402434524356575,0.971041319312055,0,0.582624791587233,2,1.96153846153846,0.269230769230769,"P1 O7","de-protonated",0,NA,"C26 H51 O7 P1",26,51,7,NA,1,NA,NA,NA,NA,NA,NA
4466,506.131162,506.130256903858,506.130398713028,2553255,NA,185044.3,10.79,-1,-0.280183073296159,0.985856783038609,0,0.591514069823165,12,1.08695652173913,0.521739130434783,"N1 O12","de-protonated",0,NA,"C23 H25 O12 N1",23,25,12,1,NA,NA,NA,NA,NA,NA,NA
4468,506.152412,506.151506853242,506.151528081128,1923502.3,NA,220817.9,7.62,-1,-0.0419397837078041,0.999680892583057,0,0.599808535549834,7,1.45,0.7,"N1 O14","de-protonated",0,NA,"C20 H29 O14 N1",20,29,14,1,NA,NA,NA,NA,NA,NA,NA
4469,506.167803,506.166897816582,506.166784222413,2616243.5,NA,174023.1,11.11,-1,0.224420434168728,0.990903051858978,0,0.594541831115387,11,1.20833333333333,0.458333333333333,"N1 O11","de-protonated",0,NA,"C24 H29 O11 N1",24,29,11,1,NA,NA,NA,NA,NA,NA,NA
4475,506.298023,506.29711750641,506.297070118665,2687968.5,NA,199721,11.47,-1,0.0935967194186607,0.998411709418018,0,0.599047025650811,3,1.875,0.416666666666667,"N1 O10","de-protonated",0,NA,"C24 H45 O10 N1",24,45,10,1,NA,NA,NA,NA,NA,NA,NA
4479,507.042814,507.041906732384,507.042132534531,2499807.5,NA,212676.8,10.52,-1,-0.445332117251284,0.964654734725586,0,0.578792840835351,18,0.708333333333333,0.291666666666667,"N2 S1 P1 O7","de-protonated",0,NA,"C24 H17 O7 S1 N2 P1",24,17,7,2,1,1,NA,NA,NA,NA,NA
4480,507.078998,507.078090646197,507.078028786545,6933740,NA,202726.8,32.88,-1,0.121992374107943,0.498651649009094,0.806643077274283,0.62184822031517,13,0.909090909090909,0.636363636363636,"O14","de-protonated",0,NA,"C22 H20 O14",22,20,14,NA,NA,NA,NA,NA,NA,NA,NA
4481,507.108514,507.107606575893,507.107509497937,2760438,NA,119971.2,11.84,-1,0.191434664744744,0.993372467715733,0,0.59602348062944,17,0.875,0.291666666666667,"N4 P1 O7","de-protonated",0,NA,"C24 H21 O7 N4 P1",24,21,7,4,1,NA,NA,NA,NA,NA,NA
4482,507.115356,507.114448559596,507.114414295929,12688632,NA,200232,61.9,-1,0.0675659492990683,0.985720710180371,0.995919061762293,0.98980005081314,12,1.04347826086957,0.565217391304348,"O13","de-protonated",0,NA,"C23 H24 O13",23,24,13,NA,NA,NA,NA,NA,NA,NA,NA
4483,507.128431,507.127523528452,507.127301455551,3466492.8,NA,217419.8,15.4,-1,0.437903659917688,0.965803839300541,0,0.579482303580324,7,1.45,0.65,"P1 O13","de-protonated",0,NA,"C20 H29 O13 P1",20,29,13,NA,1,NA,NA,NA,NA,NA,NA
4485,507.151602,507.150694473261,507.150799805313,16153861,NA,195460.9,79.38,-1,-0.207693751552931,0.995797250826076,0.99561021796475,0.995722437681546,11,1.16666666666667,0.5,"O12","de-protonated",0,NA,"C24 H28 O12",24,28,12,NA,NA,NA,NA,NA,NA,NA,NA
4486,507.164625,507.163717442242,507.163554023154,3957001,NA,211916.9,17.87,-1,0.322221670817932,0.490668555935226,0.741475186234394,0.590991208054893,19,0.875,0.125,"S1 O4","de-protonated",0,NA,"C32 H28 O4 S1",32,28,4,NA,NA,1,NA,NA,NA,NA,NA
4488,507.188043,507.187135386462,507.187185314698,9948433,NA,194941.1,48.08,-1,-0.0984414377673839,0.998141471896386,0.981910472808274,0.991649072261141,10,1.28,0.44,"O11","de-protonated",0,NA,"C25 H32 O11",25,32,11,NA,NA,NA,NA,NA,NA,NA,NA
4489,507.201095,507.200187355373,507.199939532538,9084182,NA,199805.7,43.73,-1,0.488609749114888,0.966203391889679,0.994981145814591,0.977714493459643,18,0.96969696969697,0.0909090909090909,"S1 O3","de-protonated",0,NA,"C33 H32 O3 S1",33,32,3,NA,NA,1,NA,NA,NA,NA,NA
4490,507.218479,507.217571313966,507.217697597267,2763035.5,NA,192250.3,11.85,-1,-0.248972584969212,0.988815494028219,0,0.593289296416932,18,0.96969696969697,0.151515151515152,"O5","de-protonated",0,NA,"C33 H32 O5",33,32,5,NA,NA,NA,NA,NA,NA,NA,NA
4491,507.224375,507.223467299922,507.223570824082,3781917.5,NA,200630.5,16.99,-1,-0.204099662491225,0.496234972769508,0.779247987650237,0.6094401787218,9,1.38461538461538,0.384615384615385,"O10","de-protonated",0,NA,"C26 H36 O10",26,36,10,NA,NA,NA,NA,NA,NA,NA,NA
4493,507.255175,507.25426722656,507.254083106652,3616040,NA,198431.4,16.15,-1,0.362973732304018,0.488188814822205,0.72968508002065,0.584787320901583,17,1.05882352941176,0.117647058823529,"O4","de-protonated",0,NA,"C34 H36 O4",34,36,4,NA,NA,NA,NA,NA,NA,NA,NA
4494,507.273959,507.273051181818,507.272843493088,10505518,NA,199651,50.89,-1,0.409422132733333,0.485021147622482,0.792708917554682,0.608096255595362,3,1.875,0.375,"P1 O9","de-protonated",0,NA,"C24 H45 O9 P1",24,45,9,NA,1,NA,NA,NA,NA,NA,NA
4496,507.310346,507.309438095147,507.309229002473,5024059,NA,201167,23.25,-1,0.412160202577339,0.963709409127922,0.911795915021592,0.94294401148539,2,1.96,0.32,"P1 O8","de-protonated",0,NA,"C25 H49 O8 P1",25,49,8,NA,1,NA,NA,NA,NA,NA,NA
4498,508.110491,508.109581189274,508.109663268122,2319946.5,NA,183740.6,9.61,-1,-0.161537664963705,0.995276393763271,0,0.597165836257963,12,1.04545454545455,0.590909090909091,"N1 O13","de-protonated",0,NA,"C22 H23 O13 N1",22,23,13,1,NA,NA,NA,NA,NA,NA,NA
4500,508.14763,508.146720100812,508.146918157432,3121751,NA,163245.8,13.66,-1,-0.38976251358745,0.972811696817797,0,0.583687018090678,10,1.29166666666667,0.291666666666667,"N1 S2 O7","de-protonated",0,NA,"C24 H31 O7 S2 N1",24,31,7,1,NA,2,NA,NA,NA,NA,NA
4502,508.183476,508.18256601543,508.182434286891,5214819.5,NA,197178,24.21,-1,0.259215057934782,0.493941019985547,0.792708917554682,0.613448179013201,10,1.29166666666667,0.458333333333333,"N1 O11","de-protonated",0,NA,"C24 H31 O11 N1",24,31,11,1,NA,NA,NA,NA,NA,NA,NA
4504,508.196423,508.195512984591,508.195321446513,4465255.5,NA,215221,20.43,-1,0.376898547550008,0.97455410357276,0,0.584732462143656,5,1.71428571428571,0.523809523809524,"N1 P1 O11","de-protonated",0,NA,"C21 H36 O11 N1 P1",21,36,11,1,1,NA,NA,NA,NA,NA,NA
4506,508.23262,508.231709898373,508.231574014115,2961012,NA,230473.1,12.85,-1,0.267366816270849,0.493556448567372,0.73553288925895,0.590347024844003,17,1.06060606060606,0.0606060606060606,"N1 S1 O2","de-protonated",0,NA,"C33 H35 O2 S1 N1",33,35,2,1,NA,1,NA,NA,NA,NA,NA
4507,508.240811,508.239900878863,508.239949164374,4456054.5,NA,195166.1,20.39,-1,-0.0950053444063948,0.499181790872978,0.806643077274283,0.6221663054335,4,1.77272727272727,0.545454545454545,"N1 O12","de-protonated",0,NA,"C22 H39 O12 N1",22,39,12,1,NA,NA,NA,NA,NA,NA,NA
4508,508.27737,508.276459791783,508.276334673759,2930307,NA,200814.3,12.69,-1,0.24616141956166,0.989065259895791,0,0.593439155937475,3,1.8695652173913,0.478260869565217,"N1 O11","de-protonated",0,NA,"C23 H43 O11 N1",23,43,11,1,NA,NA,NA,NA,NA,NA,NA
4512,509.058461,509.057548931294,509.057782599009,3788682.3,NA,215360.2,17.02,-1,-0.459020022530244,0.962490458703863,0,0.577494275222318,17,0.791666666666667,0.291666666666667,"N2 S1 P1 O7","de-protonated",0,NA,"C24 H19 O7 S1 N2 P1",24,19,7,2,1,1,NA,NA,NA,NA,NA
4513,509.094697,509.093784844983,509.093678851023,8775574,NA,202816.4,42.17,-1,0.208201289369206,0.98858145354098,0.983455199840715,0.986530952060874,12,1,0.636363636363636,"O14","de-protonated",0,NA,"C22 H22 O14",22,22,14,NA,NA,NA,NA,NA,NA,NA,NA
4514,509.108113,509.107200813027,509.10743539057,2060698.9,NA,167528,8.31,-1,-0.460762358910382,0.962210622300115,0,0.577326373380069,6,1.55,0.45,"S2 P1 O9","de-protonated",0,NA,"C20 H31 O9 S2 P1",20,31,9,NA,1,2,NA,NA,NA,NA,NA
4516,509.130993,509.130080758529,509.130064360407,16297891,NA,198220.3,80.1,-1,0.0322081200366776,0.99497911925294,0.987957840432102,0.992170607724605,11,1.1304347826087,0.565217391304348,"O13","de-protonated",0,NA,"C23 H26 O13",23,26,13,NA,NA,NA,NA,NA,NA,NA,NA
4517,509.143986,509.143073727581,509.142951520029,2294183,NA,168097.6,9.48,-1,0.240026011868107,0.989600740158022,0,0.593760444094813,6,1.55,0.65,"P1 O13","de-protonated",0,NA,"C20 H31 O13 P1",20,31,13,NA,1,NA,NA,NA,NA,NA,NA
4518,509.159328,509.158415691038,509.158207661314,8703916,NA,188655.8,41.81,-1,0.408575803843226,0.485082077899814,0.792708917554682,0.608132813761761,10,1.29166666666667,0.416666666666667,"P1 O10","de-protonated",0,NA,"C24 H31 O10 P1",24,31,10,NA,1,NA,NA,NA,NA,NA,NA
4519,509.167393,509.166480671828,509.166449869791,13914031,NA,193494.6,68.08,-1,0.0604950236092878,0.991826892642882,0.994413515981836,0.992861541978463,10,1.25,0.5,"O12","de-protonated",0,NA,"C24 H30 O12",24,30,12,NA,NA,NA,NA,NA,NA,NA,NA
4520,509.180389,509.179476640872,509.179337029413,3701683.3,NA,199320.6,16.58,-1,0.274189168575953,0.986451362494598,0,0.591870817496759,5,1.66666666666667,0.571428571428571,"P1 O12","de-protonated",0,NA,"C21 H35 O12 P1",21,35,12,NA,1,NA,NA,NA,NA,NA,NA
4522,509.203852,509.202939584986,509.202835379176,6805435,NA,194546,32.23,-1,0.204644991613242,0.984177175485261,0.971476946037542,0.979097083706174,9,1.36,0.44,"O11","de-protonated",0,NA,"C25 H34 O11",25,34,11,NA,NA,NA,NA,NA,NA,NA,NA
4525,509.240169,509.239256498482,509.23922088856,3097543.3,NA,223249.9,13.53,-1,0.0699276889470461,0.999113130893757,0,0.599467878536254,8,1.46153846153846,0.384615384615385,"O10","de-protonated",0,NA,"C26 H38 O10",26,38,10,NA,NA,NA,NA,NA,NA,NA,NA
4529,509.377647,509.376734171022,509.37652071762,2505717.3,NA,232267.5,10.55,-1,0.41904837219482,0.968639597744245,0,0.581183758646547,4,1.83333333333333,0.133333333333333,"P1 O4","de-protonated",0,NA,"C30 H55 O4 P1",30,55,4,NA,1,NA,NA,NA,NA,NA,NA
4533,510.126314,510.125399387764,510.1253133326,3454191.3,NA,196980.4,15.33,-1,0.168694165081859,0.994849692398047,0,0.596909815438828,11,1.13636363636364,0.590909090909091,"N1 O13","de-protonated",0,NA,"C22 H25 O13 N1",22,25,13,1,NA,NA,NA,NA,NA,NA,NA
4535,510.155128,510.154213319132,510.154326013432,1989624.9,NA,176071.7,7.95,-1,-0.220902372322853,0.991184776692935,0,0.594710866015761,9,1.41666666666667,0.208333333333333,"N1 S2 P1 O5","de-protonated",0,NA,"C24 H34 O5 S2 N1 P1",24,34,5,1,1,2,NA,NA,NA,NA,NA
4536,510.162884,510.161969300658,510.162188099355,3947771.5,NA,196930.7,17.82,-1,-0.428880662536397,0.483587696517079,0.779247987650237,0.601851812970343,14,1.15384615384615,0.153846153846154,"N3 S1 P1 O4","de-protonated",0,NA,"C26 H30 O4 S1 N3 P1",26,30,4,3,1,1,NA,NA,NA,NA,NA
4538,510.175695,510.174780270143,510.174586001606,3769599.8,NA,228863,16.92,-1,0.38078834538513,0.974033076286461,0,0.584419845771876,5,1.7,0.6,"N1 P1 O12","de-protonated",0,NA,"C20 H34 O12 N1 P1",20,34,12,1,1,NA,NA,NA,NA,NA,NA
4540,510.199203,510.198288214149,510.198084351369,3685639.5,NA,194306,16.5,-1,0.399575746206113,0.971445375966168,0,0.582867225579701,9,1.375,0.458333333333333,"N1 O11","de-protonated",0,NA,"C24 H33 O11 N1",24,33,11,1,NA,NA,NA,NA,NA,NA,NA
4543,510.220159,510.219244164234,510.219213719468,2921742.5,NA,228507.9,12.65,-1,0.0596699706622332,0.999354159617516,0,0.599612495770509,4,1.76190476190476,0.619047619047619,"N1 O13","de-protonated",0,NA,"C21 H37 O13 N1",21,37,13,1,NA,NA,NA,NA,NA,NA,NA
4544,510.2483,510.247385097204,510.247224078593,2700056,NA,211892,11.53,-1,0.315569792973556,0.982092834086135,0,0.589255700451681,16,1.12121212121212,0.0606060606060606,"N1 S1 O2","de-protonated",0,NA,"C33 H37 O2 S1 N1",33,37,2,1,NA,1,NA,NA,NA,NA,NA
4545,510.256507,510.255592077656,510.255599228852,2512154.8,NA,202569.7,10.58,-1,-0.0140149299597369,0.999964360799524,0,0.599978616479715,3,1.86363636363636,0.545454545454545,"N1 O12","de-protonated",0,NA,"C22 H41 O12 N1",22,41,12,1,NA,NA,NA,NA,NA,NA,NA
4547,511.07406,511.073143130318,511.072943406117,5792297.5,NA,198800.5,27.12,-1,0.390793924930603,0.48633479954959,0.813795485951173,0.617319074110223,12,0.952380952380952,0.714285714285714,"O15","de-protonated",0,NA,"C21 H20 O15",21,20,15,NA,NA,NA,NA,NA,NA,NA,NA
4548,511.089512,511.088595093513,511.088688804772,1891886.5,NA,159521.9,7.45,-1,-0.183356159243917,0.993918357822749,0,0.59635101469365,20,0.75,0.142857142857143,"N2 S1 P1 O4","de-protonated",0,NA,"C28 H21 O4 S1 N2 P1",28,21,4,2,1,1,NA,NA,NA,NA,NA
4550,511.110342,511.109425043898,511.109328915501,12665397,NA,194061.4,61.78,-1,0.188077953712522,0.496801056179135,0.806643077274283,0.620737864617194,11,1.09090909090909,0.636363636363636,"O14","de-protonated",0,NA,"C22 H24 O14",22,24,14,NA,NA,NA,NA,NA,NA,NA,NA
4551,511.119059,511.118142023134,511.118060381349,2363192.3,NA,118414.4,9.83,-1,0.15973175698568,0.995381175453619,0,0.597228705272171,15,0.96,0.32,"N2 S1 O8","de-protonated",0,NA,"C25 H24 O8 S1 N2",25,24,8,2,NA,1,NA,NA,NA,NA,NA
4552,511.125821,511.124904007028,511.125074314156,2012730.5,NA,206436.9,8.06,-1,-0.333200495734934,0.980056653257113,0,0.588033991954268,19,0.862068965517241,0.103448275862069,"N2 S1 P1 O3","de-protonated",0,NA,"C29 H25 O3 S1 N2 P1",29,25,3,2,1,1,NA,NA,NA,NA,NA
4553,511.13862,511.137702976542,511.137472216408,25047614,NA,193749.7,124.22,-1,0.451463934406697,0.969828176257924,0.968197746015043,0.969176004160772,10,1.26086956521739,0.478260869565217,"P1 O11","de-protonated",0,NA,"C23 H29 O11 P1",23,29,11,NA,1,NA,NA,NA,NA,NA,NA
4554,511.146653,511.145735957408,511.145714424885,13038145,NA,193949.8,63.66,-1,0.0421259971474988,0.999266616816577,0.972419868366878,0.988527917436698,10,1.21739130434783,0.565217391304348,"O13","de-protonated",0,NA,"C23 H28 O13",23,28,13,NA,NA,NA,NA,NA,NA,NA,NA
4555,511.156288,511.155370934458,511.15544821244,3014212.5,NA,211186.7,13.11,-1,-0.151182936649764,0.995861345891512,0,0.597516807534907,0,2.3125,0.625,"N2 S2 P1 O10","de-protonated",0,NA,"C16 H37 O10 S2 N2 P1",16,37,10,2,1,2,NA,NA,NA,NA,NA
4556,511.174897,511.173979890133,511.17372478401,12173899,NA,186959.7,59.3,-1,0.499059537930287,0.477907123812841,0.723929522638802,0.576316083343225,22,0.8,0.0571428571428571,"S1 O2","de-protonated",0,NA,"C35 H28 O2 S1",35,28,2,NA,NA,1,NA,NA,NA,NA,NA
4557,511.182961,511.182043870926,511.182099934269,7449165.5,NA,198705.9,35.48,-1,-0.109673918240136,0.498909924178116,0.792708917554682,0.616429521528742,9,1.33333333333333,0.5,"O12","de-protonated",0,NA,"C24 H32 O12",24,32,12,NA,NA,NA,NA,NA,NA,NA,NA
4558,511.195936,511.19501884002,511.19485415211,3663441.5,NA,196832.9,16.38,-1,0.32216269242848,0.490671939554228,0.741475186234394,0.590993238226295,17,1,0.125,"S1 O4","de-protonated",0,NA,"C32 H32 O4 S1",32,32,4,NA,NA,1,NA,NA,NA,NA,NA
4560,511.219577,511.21865978371,511.218485443654,3531353.3,NA,204116.4,15.72,-1,0.341028465881623,0.979118543532669,0,0.587471126119602,8,1.44,0.44,"O11","de-protonated",0,NA,"C25 H36 O11",25,36,11,NA,NA,NA,NA,NA,NA,NA,NA
4561,511.23247,511.231552753,511.231372603276,7678557.5,NA,199354.9,36.63,-1,0.352383937125993,0.988336701135081,0.972552437515694,0.982022995687326,3,1.86363636363636,0.5,"P1 O11","de-protonated",0,NA,"C22 H41 O11 P1",22,41,11,NA,1,NA,NA,NA,NA,NA,NA
4562,511.25002,511.249102711197,511.248997726224,2545507.5,NA,169244,10.75,-1,0.205349984029514,0.992377757784984,0,0.59542665467099,16,1.09090909090909,0.151515151515152,"O5","de-protonated",0,NA,"C33 H36 O5",33,36,5,NA,NA,NA,NA,NA,NA,NA,NA
4563,511.255705,511.254787697656,511.254870953038,3119717.3,NA,213250.7,13.64,-1,-0.162845161629456,0.995199802494383,0,0.59711988149663,7,1.53846153846154,0.384615384615385,"O10","de-protonated",0,NA,"C26 H40 O10",26,40,10,NA,NA,NA,NA,NA,NA,NA,NA
4564,511.268926,511.268008666165,511.26775811266,4689513.5,NA,200662.5,21.56,-1,0.490063182512334,0.478679386003757,0.799615297578637,0.607053750633709,2,1.95652173913043,0.434782608695652,"P1 O10","de-protonated",0,NA,"C23 H45 O10 P1",23,45,10,NA,1,NA,NA,NA,NA,NA,NA
4565,511.274553,511.273635652762,511.273498397693,2322027.5,NA,216054.5,9.62,-1,0.268457233126243,0.987008253602222,0,0.592204952161333,6,1.62962962962963,0.259259259259259,"S1 O7","de-protonated",0,NA,"C27 H44 O7 S1",27,44,7,NA,NA,1,NA,NA,NA,NA,NA
4566,511.292018,511.291100611162,511.291256462422,3459697.3,NA,206379.6,15.36,-1,-0.304818943721518,0.983282091499465,0,0.589969254899679,6,1.62962962962963,0.333333333333333,"O9","de-protonated",0,NA,"C27 H44 O9",27,44,9,NA,NA,NA,NA,NA,NA,NA,NA
4567,511.299349,511.2984315937,511.29827039523,12366452,NA,200291.3,60.27,-1,0.315272863947536,0.976885976658752,0.986761057420188,0.980836008963327,10,1.45161290322581,0.129032258064516,"P1 O4","de-protonated",0,NA,"C31 H45 O4 P1",31,45,4,NA,1,NA,NA,NA,NA,NA,NA
4568,511.328655,511.327737523896,511.327641971807,2656893.3,NA,218667.6,11.31,-1,0.18687057205875,0.993683733073182,0,0.596210239843909,5,1.71428571428571,0.285714285714286,"O8","de-protonated",0,NA,"C28 H48 O8",28,48,8,NA,NA,NA,NA,NA,NA,NA,NA
4570,512.076906,512.075986741629,512.076075691043,1988978.9,NA,155877.7,7.94,-1,-0.173703514021104,0.994540124572557,0,0.596724074743534,15,0.96,0.2,"N1 S2 P1 O5","de-protonated",0,NA,"C25 H24 O5 S2 N1 P1",25,24,5,1,1,2,NA,NA,NA,NA,NA
4571,512.105557,512.104637673385,512.104577887694,2654076.3,NA,215935.3,11.29,-1,0.116745081802803,0.997530016154196,0,0.598518009692517,11,1.0952380952381,0.666666666666667,"N1 O14","de-protonated",0,NA,"C21 H23 O14 N1",21,23,14,1,NA,NA,NA,NA,NA,NA,NA
4572,512.113215,512.112295655144,512.112461200427,2408318.8,NA,204950.3,10.05,-1,-0.323259626262,0.981217820774691,0,0.588730692464815,14,1.07692307692308,0.153846153846154,"N1 S2 P1 O4","de-protonated",0,NA,"C26 H28 O4 S2 N1 P1",26,28,4,1,1,2,NA,NA,NA,NA,NA
4575,512.154956,512.154036555721,512.1538505567,2201484.5,NA,234994.2,9.01,-1,0.363170208048171,0.976352354264782,0,0.585811412558869,5,1.68421052631579,0.684210526315789,"N1 P1 O13","de-protonated",0,NA,"C19 H32 O13 N1 P1",19,32,13,1,1,NA,NA,NA,NA,NA,NA
4576,512.178413,512.177493499848,512.177348906462,4547476,NA,192186.3,20.84,-1,0.282311168428092,0.492821338328383,0.799615297578637,0.615538922028485,9,1.34782608695652,0.521739130434783,"N1 O12","de-protonated",0,NA,"C23 H31 O12 N1",23,31,12,1,NA,NA,NA,NA,NA,NA,NA
4579,512.214561,512.213641413747,512.213734415847,2322847.8,NA,186891.1,9.62,-1,-0.181568930193815,0.994035986760827,0,0.596421592056496,8,1.45833333333333,0.458333333333333,"N1 O11","de-protonated",0,NA,"C24 H35 O11 N1",24,35,11,1,NA,NA,NA,NA,NA,NA,NA
4580,512.227635,512.226715382606,512.226488633687,3159972.3,NA,204580.6,13.84,-1,0.442673160538801,0.482534055515069,0.741475186234394,0.586110507802799,16,1.09375,0.09375,"N1 S1 O3","de-protonated",0,NA,"C32 H35 O3 S1 N1",32,35,3,1,NA,1,NA,NA,NA,NA,NA
4584,513.053122,513.05220041637,513.05220796121,1863344.8,NA,219148.5,7.24,-1,-0.0147057946216116,0.999960760605229,0,0.599976456363137,12,0.9,0.8,"O16","de-protonated",0,NA,"C20 H18 O16",20,18,16,NA,NA,NA,NA,NA,NA,NA,NA
4585,513.068191,513.067269380477,513.067464102495,2774709.5,NA,195861.3,11.79,-1,-0.379525173564488,0.974202830481721,0,0.584521698289033,16,0.75,0.541666666666667,"O13","de-protonated",0,NA,"C24 H18 O13",24,18,13,NA,NA,NA,NA,NA,NA,NA,NA
4586,513.08147,513.080548348847,513.080351262117,2196153.8,NA,204005.9,8.9,-1,0.384124493944888,0.973582172042091,0,0.584149303225254,11,1.0952380952381,0.619047619047619,"P1 O13","de-protonated",0,NA,"C21 H23 O13 P1",21,23,13,NA,1,NA,NA,NA,NA,NA,NA
4587,513.089555,513.08863332959,513.088593470595,5877948.5,NA,192566.4,27.3,-1,0.0776844304172774,0.499452789974524,0.813795485951173,0.625189868365184,11,1.04761904761905,0.714285714285714,"O15","de-protonated",0,NA,"C21 H22 O15",21,22,15,NA,NA,NA,NA,NA,NA,NA,NA
4588,513.104638,513.103716293663,513.103849611879,1905857.4,NA,195200.4,7.45,-1,-0.259826965384139,0.987825110825525,0,0.592695066495315,15,0.88,0.48,"O12","de-protonated",0,NA,"C25 H22 O12",25,22,12,NA,NA,NA,NA,NA,NA,NA,NA
4590,513.126043,513.125121242678,513.124978979979,9086152,NA,200431,43.34,-1,0.277247659725847,0.992722590328385,0.9948952719185,0.993591662964431,10,1.18181818181818,0.636363636363636,"O14","de-protonated",0,NA,"C22 H26 O14",22,26,14,NA,NA,NA,NA,NA,NA,NA,NA
4591,513.135663,513.134741219765,513.134712767534,7630027.5,NA,197716.3,36.06,-1,0.0554478777484891,0.49972114877448,0.859523230357577,0.643641981407719,0,2.33333333333333,0.733333333333333,"N2 S2 P1 O11","de-protonated",0,NA,"C15 H35 O11 S2 N2 P1",15,35,11,2,1,2,NA,NA,NA,NA,NA
4592,513.141092,513.140170206833,513.140235121264,3365069.3,NA,193640.1,14.74,-1,-0.126504269722009,0.99710042864888,0,0.598260257189328,14,1,0.423076923076923,"O11","de-protonated",0,NA,"C26 H26 O11",26,26,11,NA,NA,NA,NA,NA,NA,NA,NA
4594,513.162309,513.161387156296,513.161364489363,7627988,NA,197940,36.05,-1,0.0441711606912221,0.499823019840329,0.799615297578637,0.619739930935652,9,1.30434782608696,0.565217391304348,"O13","de-protonated",0,NA,"C23 H30 O13",23,30,13,NA,NA,NA,NA,NA,NA,NA,NA
4596,513.177511,513.176589120086,513.176620630648,2596569,NA,189374,10.9,-1,-0.0614029564970983,0.999316113789445,0,0.599589668273667,13,1.11111111111111,0.37037037037037,"O10","de-protonated",0,NA,"C27 H30 O10",27,30,10,NA,NA,NA,NA,NA,NA,NA,NA
4597,513.190635,513.189713088826,513.18950779027,7863517,NA,196006.9,37.23,-1,0.400044336465362,0.980092735074648,0.940828287094853,0.96438695588273,8,1.45833333333333,0.416666666666667,"P1 O10","de-protonated",0,NA,"C24 H35 O10 P1",24,35,10,NA,1,NA,NA,NA,NA,NA,NA
4598,513.198733,513.197811069537,513.197749998747,3300575.8,NA,213697.9,14.42,-1,0.119000502070603,0.997433781853193,0,0.598460269111916,8,1.41666666666667,0.5,"O12","de-protonated",0,NA,"C24 H34 O12",24,34,12,NA,NA,NA,NA,NA,NA,NA,NA
4599,513.2114,513.210478039366,513.210504216588,2708196,NA,160929.5,11.46,-1,-0.0510067931394741,0.999528037641984,0,0.59971682258519,16,1.0625,0.125,"S1 O4","de-protonated",0,NA,"C32 H34 O4 S1",32,34,4,NA,NA,1,NA,NA,NA,NA,NA
4601,513.235004,513.234081983143,513.234135508132,3450091.5,NA,222344.6,15.17,-1,-0.104289611556659,0.99802845152543,0,0.598817070915258,7,1.52,0.44,"O11","de-protonated",0,NA,"C25 H38 O11",25,38,11,NA,NA,NA,NA,NA,NA,NA,NA
4602,513.24819,513.247267951735,513.247022667754,3461359.8,NA,193926.3,15.23,-1,0.477906292225127,0.959405105644485,0,0.575643063386691,2,1.95454545454545,0.5,"P1 O11","de-protonated",0,NA,"C22 H43 O11 P1",22,43,11,NA,1,NA,NA,NA,NA,NA,NA
4603,513.253572,513.252649938916,513.252762952787,2001649.6,NA,200487,7.93,-1,-0.220191451302242,0.991241175918344,0,0.594744705551006,6,1.61538461538462,0.307692307692308,"S1 O8","de-protonated",0,NA,"C26 H42 O8 S1",26,42,8,NA,NA,1,NA,NA,NA,NA,NA
4604,513.263314,513.262391915711,513.262278809039,2062068.8,NA,148719.4,8.23,-1,0.220368176881069,0.991227172495447,0,0.594736303497268,6,1.65384615384615,0.307692307692308,"P1 O8","de-protonated",0,NA,"C26 H43 O8 P1",26,43,8,NA,1,NA,NA,NA,NA,NA,NA
4605,513.271478,513.270555896265,513.270521017516,4903159.5,NA,205969.1,22.43,-1,0.0679539306207713,0.499581234334882,0.779247987650237,0.611447935661024,6,1.61538461538462,0.384615384615385,"O10","de-protonated",0,NA,"C26 H42 O10",26,42,10,NA,NA,NA,NA,NA,NA,NA,NA
4606,513.290207,513.289284851655,513.289148462171,4862205.5,NA,203646.9,22.23,-1,0.265716670631014,0.493635233437788,0.772687513667176,0.605256145529543,5,1.7037037037037,0.259259259259259,"S1 O7","de-protonated",0,NA,"C27 H46 O7 S1",27,46,7,NA,NA,1,NA,NA,NA,NA,NA
4607,513.296554,513.295631836537,513.295510946356,3792127.5,NA,222964.3,16.88,-1,0.235517705193211,0.989985776935052,0,0.593991466161031,0,2.21739130434783,0.173913043478261,"N2 S2 P1 O4","de-protonated",0,NA,"C23 H51 O4 S2 N2 P1",23,51,4,2,1,2,NA,NA,NA,NA,NA
4608,513.307899,513.306976809514,513.3069065269,4988163,NA,198106.7,22.86,-1,0.136921230914177,0.498302041924748,0.772687513667176,0.608056230621719,5,1.7037037037037,0.333333333333333,"O9","de-protonated",0,NA,"C27 H46 O9",27,46,9,NA,NA,NA,NA,NA,NA,NA,NA
4609,513.344156,513.343233723153,513.343292036285,2703119,NA,215621.9,11.44,-1,-0.113594806091266,0.997661364953755,0,0.598596818972253,4,1.78571428571429,0.285714285714286,"O8","de-protonated",0,NA,"C28 H50 O8",28,50,8,NA,NA,NA,NA,NA,NA,NA,NA
4610,514.121029,514.120104872711,514.120227952172,2801161,NA,224243.6,11.92,-1,-0.239398207018359,0.989654787001469,0,0.593792872200882,10,1.19047619047619,0.666666666666667,"N1 O14","de-protonated",0,NA,"C21 H25 O14 N1",21,25,14,1,NA,NA,NA,NA,NA,NA,NA
4612,514.157568,514.156643785678,514.156613461556,4350485,NA,210582.2,19.67,-1,0.0589783763186727,0.999369039161119,0,0.599621423496671,9,1.31818181818182,0.590909090909091,"N1 O13","de-protonated",0,NA,"C22 H29 O13 N1",22,29,13,1,NA,NA,NA,NA,NA,NA,NA
4614,514.206985,514.206060667972,514.205886130562,2576932.5,NA,223230,10.8,-1,0.339430982583897,0.979311682768849,0,0.587587009661309,3,1.9,0.6,"N1 P1 O12","de-protonated",0,NA,"C20 H38 O12 N1 P1",20,38,12,1,1,NA,NA,NA,NA,NA,NA
4615,514.230654,514.229729611594,514.229873737695,1866284.3,NA,162077.8,7.25,-1,-0.280275628320782,0.985847503866494,0,0.591508502319896,11,1.40740740740741,0.111111111111111,"N3 S1 P1 O3","de-protonated",0,NA,"C27 H38 O3 S1 N3 P1",27,38,3,3,1,1,NA,NA,NA,NA,NA
4616,514.266843,514.265918525395,514.265769989709,2571831.8,NA,196550.6,10.78,-1,0.288830590864766,0.984976974961064,0,0.590986184976638,6,1.64,0.4,"N1 O10","de-protonated",0,NA,"C25 H41 O10 N1",25,41,10,1,NA,NA,NA,NA,NA,NA,NA
4617,514.285521,514.284596480906,514.284397434364,2434109.8,NA,176311.8,10.09,-1,0.387035933760455,0.973185628817779,0,0.583911377290668,5,1.73076923076923,0.269230769230769,"N1 S1 O7","de-protonated",0,NA,"C26 H45 O7 S1 N1",26,45,7,1,NA,1,NA,NA,NA,NA,NA
4619,515.068781,515.067854615251,515.067858025688,2178871.8,NA,232765.4,8.81,-1,-0.00662133618012086,0.999992044941496,0,0.599995226964898,11,1,0.8,"O16","de-protonated",0,NA,"C20 H20 O16",20,20,16,NA,NA,NA,NA,NA,NA,NA,NA
4620,515.083984,515.083057579039,515.083114166973,2512700.5,NA,177920.2,10.48,-1,-0.109861754281423,0.997812382349658,0,0.598687429409795,15,0.833333333333333,0.541666666666667,"O13","de-protonated",0,NA,"C24 H20 O13",24,20,13,NA,NA,NA,NA,NA,NA,NA,NA
4622,515.104946,515.104019529109,515.104243535073,3587907.3,NA,202995.8,15.85,-1,-0.434875010752477,0.966267179522908,0,0.579760307713745,10,1.14285714285714,0.714285714285714,"O15","de-protonated",0,NA,"C21 H24 O15",21,24,15,NA,NA,NA,NA,NA,NA,NA,NA
4623,515.114706,515.113779505862,515.113626449543,2589510.5,NA,219387.2,10.86,-1,0.297131177930862,0.984108081815168,0,0.590464849089101,23,0.625,0.21875,"O7","de-protonated",0,NA,"C32 H20 O7",32,20,7,NA,NA,NA,NA,NA,NA,NA,NA
4624,515.120209,515.119282492754,515.119499676357,4411208,NA,207366.4,19.97,-1,-0.421617903426541,0.484130006624253,0.785920818505338,0.604846331376687,14,0.96,0.48,"O12","de-protonated",0,NA,"C25 H24 O12",25,24,12,NA,NA,NA,NA,NA,NA,NA,NA
4626,515.141597,515.14067044181,515.140629044457,4277071,NA,223886.4,19.3,-1,0.0803612653600956,0.998828902816407,0,0.599297341689844,9,1.27272727272727,0.636363636363636,"O14","de-protonated",0,NA,"C22 H28 O14",22,28,14,NA,NA,NA,NA,NA,NA,NA,NA
4628,515.156721,515.155794405786,515.155885185742,5666643.5,NA,192200.4,26.24,-1,-0.176218420050897,0.497190665230719,0.779247987650237,0.610013594198527,13,1.07692307692308,0.423076923076923,"O11","de-protonated",0,NA,"C26 H28 O11",26,28,11,NA,NA,NA,NA,NA,NA,NA,NA
4629,515.169955,515.169028374263,515.168772345364,9650008,NA,189480.3,46.15,-1,0.496980627375916,0.97740362494099,0.969553018547525,0.974263382383604,8,1.43478260869565,0.478260869565217,"P1 O11","de-protonated",0,NA,"C23 H33 O11 P1",23,33,11,NA,1,NA,NA,NA,NA,NA,NA
4630,515.177854,515.176927355449,515.177014553841,2842458.5,NA,195612.8,12.13,-1,-0.169259089485259,0.994815229583366,0,0.59688913775002,8,1.39130434782609,0.565217391304348,"O13","de-protonated",0,NA,"C23 H32 O13",23,32,13,NA,NA,NA,NA,NA,NA,NA,NA
4631,515.193452,515.192525318296,515.192270695126,3530591.3,NA,200479.6,15.57,-1,0.494229405506035,0.956646683936905,0,0.573988010362143,12,1.18518518518519,0.37037037037037,"O10","de-protonated",0,NA,"C27 H32 O10",27,32,10,NA,NA,NA,NA,NA,NA,NA,NA
4633,515.214373,515.213446268464,515.213400063225,3238758,NA,181742.5,14.11,-1,0.0896817479350935,0.998541705964023,0,0.599125023578414,7,1.5,0.5,"O12","de-protonated",0,NA,"C24 H36 O12",24,36,12,NA,NA,NA,NA,NA,NA,NA,NA
4634,515.229497,515.22857023244,515.22865620451,1846122.8,NA,198343.4,7.15,-1,-0.166861973862526,0.994960679243677,0,0.596976407546206,11,1.28571428571429,0.321428571428571,"O9","de-protonated",0,NA,"C28 H36 O9",28,36,9,NA,NA,NA,NA,NA,NA,NA,NA
4635,515.24267,515.241743201063,515.241543364132,2991983,NA,210072.8,12.88,-1,0.387850966365879,0.973074112625127,0,0.583844467575076,6,1.64,0.36,"P1 O9","de-protonated",0,NA,"C25 H41 O9 P1",25,41,9,NA,1,NA,NA,NA,NA,NA,NA
4636,515.250627,515.24970018211,515.24978557261,5074801.5,NA,216193.1,23.29,-1,-0.165726414914528,0.497514432321942,0.785920818505338,0.612876986795301,6,1.6,0.44,"O11","de-protonated",0,NA,"C25 H40 O11",25,40,11,NA,NA,NA,NA,NA,NA,NA,NA
4637,515.27899,515.278063114552,515.277928873517,2612602.5,NA,190333.4,10.98,-1,0.260521609166484,0.987760325570848,0,0.592656195342509,5,1.73076923076923,0.307692307692308,"P1 O8","de-protonated",0,NA,"C26 H45 O8 P1",26,45,8,NA,1,NA,NA,NA,NA,NA,NA
4638,515.287035,515.286108095389,515.286171081994,4955005,NA,206802.2,22.69,-1,-0.12223616356136,0.498646261846734,0.779247987650237,0.610886952168136,5,1.69230769230769,0.384615384615385,"O10","de-protonated",0,NA,"C26 H44 O10",26,44,10,NA,NA,NA,NA,NA,NA,NA,NA
4639,515.323578,515.322651008347,515.322556591378,3210120.8,NA,217562.6,13.97,-1,0.183219165658539,0.993927414522692,0,0.596356448713615,4,1.77777777777778,0.333333333333333,"O9","de-protonated",0,NA,"C27 H48 O9",27,48,9,NA,NA,NA,NA,NA,NA,NA,NA
4641,516.137053,516.136124070723,516.13587801665,2990729.5,NA,179679,12.87,-1,0.476723443208726,0.959601697090159,0,0.575761018254095,9,1.28571428571429,0.666666666666667,"N1 O14","de-protonated",0,NA,"C21 H27 O14 N1",21,27,14,1,NA,NA,NA,NA,NA,NA,NA
4643,516.209565,516.208635898006,516.208649035418,3209376.3,NA,203664.5,13.96,-1,-0.0254498114623483,0.999882483879093,0,0.599929490327456,7,1.52173913043478,0.521739130434783,"N1 O12","de-protonated",0,NA,"C23 H35 O12 N1",23,35,12,1,NA,NA,NA,NA,NA,NA,NA
4644,516.245962,516.245032811311,516.245034544803,3550379.8,NA,212193.9,15.67,-1,-0.0033578849744085,0.999997954097117,0,0.59999877245827,6,1.625,0.458333333333333,"N1 O11","de-protonated",0,NA,"C24 H39 O11 N1",24,39,11,1,NA,NA,NA,NA,NA,NA,NA
4645,516.282461,516.281531724374,516.281420054187,3095735.3,NA,206537.1,13.39,-1,0.216297125147984,0.991546953289593,0,0.594928171973756,5,1.72,0.4,"N1 O10","de-protonated",0,NA,"C25 H43 O10 N1",25,43,10,1,NA,NA,NA,NA,NA,NA,NA
4646,517.063386,517.062454864281,517.062378722067,2484651.5,NA,202808.9,10.34,-1,0.147259241585428,0.996072964713533,0,0.59764377882812,15,0.782608695652174,0.608695652173913,"O14","de-protonated",0,NA,"C23 H18 O14",23,18,14,NA,NA,NA,NA,NA,NA,NA,NA
4648,517.099805,517.098873777534,517.098764231451,4116918.8,NA,194104.2,18.5,-1,0.211847504198122,0.495944882517773,0.792708917554682,0.614650496532537,14,0.916666666666667,0.541666666666667,"O13","de-protonated",0,NA,"C24 H22 O13",24,22,13,NA,NA,NA,NA,NA,NA,NA,NA
4651,517.136203,517.135271690837,517.135149740835,7190978.5,NA,187799.9,33.86,-1,0.235818434786549,0.494980157713981,0.785920818505338,0.611356422030524,13,1.04,0.48,"O12","de-protonated",0,NA,"C25 H26 O12",25,26,12,NA,NA,NA,NA,NA,NA,NA,NA
4652,517.149155,517.148223659986,517.148036900457,7721414.5,NA,205411.5,36.51,-1,0.361133593650251,0.988033136350795,0.960543917472989,0.977037448799673,8,1.40909090909091,0.545454545454545,"P1 O12","de-protonated",0,NA,"C22 H31 O12 P1",22,31,12,NA,1,NA,NA,NA,NA,NA,NA
4653,517.166829,517.165897617889,517.165662023405,3125195.8,NA,154128,13.54,-1,0.455549354187162,0.481522481619705,0.73553288925895,0.583126644675403,21,0.787878787878788,0.181818181818182,"O6","de-protonated",0,NA,"C33 H26 O6",33,26,6,NA,NA,NA,NA,NA,NA,NA,NA
4654,517.172577,517.171645604197,517.17153525022,7836109.5,NA,191864.1,37.08,-1,0.213379836579003,0.995558936461619,0.990921092732925,0.993703798970142,12,1.15384615384615,0.423076923076923,"O11","de-protonated",0,NA,"C26 H30 O11",26,30,11,NA,NA,NA,NA,NA,NA,NA,NA
4655,517.185581,517.184649573223,517.184422409842,6365649.5,NA,202589.8,29.73,-1,0.439230903792507,0.976227064763206,0.868446228083779,0.933114730091435,7,1.52173913043478,0.478260869565217,"P1 O11","de-protonated",0,NA,"C23 H35 O11 P1",23,35,11,NA,1,NA,NA,NA,NA,NA,NA
4656,517.193911,517.192979553382,517.19315387569,2259412.3,NA,206683.5,9.21,-1,-0.337054553921908,0.979597390113333,0,0.587758434068,11,1.34615384615385,0.192307692307692,"N2 S1 P1 O5","de-protonated",0,NA,"C26 H35 O5 S1 N2 P1",26,35,5,2,1,1,NA,NA,NA,NA,NA
4657,517.208988,517.20805651747,517.207920759604,4059609,NA,214117.5,18.21,-1,0.262482186039621,0.493788282205889,0.772687513667176,0.605347974790404,11,1.25925925925926,0.37037037037037,"O10","de-protonated",0,NA,"C27 H34 O10",27,34,10,NA,NA,NA,NA,NA,NA,NA,NA
4658,517.221959,517.221027486574,517.220807919226,5933533,NA,198450.3,27.57,-1,0.424513755925668,0.483914810883127,0.792708917554682,0.607432453551749,6,1.625,0.416666666666667,"P1 O10","de-protonated",0,NA,"C24 H39 O10 P1",24,39,10,NA,1,NA,NA,NA,NA,NA,NA
4659,517.230131,517.229199467109,517.229050127703,3365343.5,NA,203796,14.74,-1,0.288729732991347,0.984987385887074,0,0.590992431532244,6,1.58333333333333,0.5,"O12","de-protonated",0,NA,"C24 H38 O12",24,38,12,NA,NA,NA,NA,NA,NA,NA,NA
4662,517.266482,517.265550380524,517.265435637088,4056554.8,NA,181283.7,18.19,-1,0.22182699338661,0.495555578463316,0.785920818505338,0.611701674480124,5,1.68,0.44,"O11","de-protonated",0,NA,"C25 H42 O11",25,42,11,NA,NA,NA,NA,NA,NA,NA,NA
4663,517.29475,517.293818313192,517.293578937995,4546035.5,NA,197006,20.64,-1,0.462745348919911,0.977082938009067,0.869157349183221,0.933912702478729,4,1.80769230769231,0.307692307692308,"P1 O8","de-protonated",0,NA,"C26 H47 O8 P1",26,47,8,NA,1,NA,NA,NA,NA,NA,NA
4664,517.302992,517.302060293561,517.301821146472,2843126.3,NA,205517.5,12.13,-1,0.46229701675469,0.961963330700921,0,0.577177998420552,4,1.76923076923077,0.384615384615385,"O10","de-protonated",0,NA,"C26 H46 O10",26,46,10,NA,NA,NA,NA,NA,NA,NA,NA
4666,517.430439,517.429506989993,517.42960511928,3674653.8,NA,199112.1,16.28,-1,-0.189647607353003,0.496747612889261,0.753652554121787,0.599509589382272,0,2.06666666666667,0.133333333333333,"S1 O4","de-protonated",0,NA,"C30 H62 O4 S1",30,62,4,NA,NA,1,NA,NA,NA,NA,NA
4667,518.115949,518.11501535717,518.115142571744,1889521.8,NA,206298.6,7.36,-1,-0.245533402215097,0.989120678836101,0,0.593472407301661,9,1.25,0.75,"N1 O15","de-protonated",0,NA,"C20 H25 O15 N1",20,25,15,1,NA,NA,NA,NA,NA,NA,NA
4671,518.225456,518.224522096334,518.224299099896,4780819.5,NA,200993.7,21.81,-1,0.430308725421937,0.483480045790724,0.799615297578637,0.609934146505889,6,1.60869565217391,0.521739130434783,"N1 O12","de-protonated",0,NA,"C23 H37 O12 N1",23,37,12,1,NA,NA,NA,NA,NA,NA,NA
4672,518.261793,518.260859009783,518.260684609281,4277022.5,NA,208516.6,19.29,-1,0.336511155675569,0.489831225057589,0.792708917554682,0.610982302056426,5,1.70833333333333,0.458333333333333,"N1 O11","de-protonated",0,NA,"C24 H41 O11 N1",24,41,11,1,NA,NA,NA,NA,NA,NA,NA
4674,519.078989,519.078053063295,519.078028786545,3805209,NA,201110.8,16.93,-1,0.0467689802609453,0.999603189231673,0,0.599761913539004,14,0.869565217391304,0.608695652173913,"O14","de-protonated",0,NA,"C23 H20 O14",23,20,14,NA,NA,NA,NA,NA,NA,NA,NA
4676,519.109705,519.108768990132,519.108541069115,2153762.3,NA,153805.2,8.68,-1,0.43906235328837,0.965625784369955,0,0.579375470621973,22,0.645161290322581,0.258064516129032,"O8","de-protonated",0,NA,"C31 H20 O8",31,20,8,NA,NA,NA,NA,NA,NA,NA,NA
4677,519.115434,519.114497976486,519.114414295929,8770596,NA,187534.6,41.75,-1,0.161198677935366,0.497648075649948,0.792708917554682,0.615672412411841,13,1,0.541666666666667,"O13","de-protonated",0,NA,"C24 H24 O13",24,24,13,NA,NA,NA,NA,NA,NA,NA,NA
4678,519.128467,519.127530945443,519.127301455551,5057576,NA,213306.6,23.19,-1,0.442068623947517,0.482580887439424,0.813795485951173,0.615066726844124,8,1.38095238095238,0.619047619047619,"P1 O13","de-protonated",0,NA,"C21 H29 O13 P1",21,29,13,NA,1,NA,NA,NA,NA,NA,NA
4679,519.145963,519.145026903769,519.144926578499,2396461.5,NA,122516.2,9.89,-1,0.193250988177103,0.99324653528314,0,0.595947921169884,21,0.75,0.21875,"O7","de-protonated",0,NA,"C32 H24 O7",32,24,7,NA,NA,NA,NA,NA,NA,NA,NA
4680,519.151783,519.150846889906,519.150799805313,11078703,NA,192631.7,53.29,-1,0.0906954064156568,0.499254289332717,0.785920818505338,0.613920901001765,12,1.12,0.48,"O12","de-protonated",0,NA,"C25 H28 O12",25,28,12,NA,NA,NA,NA,NA,NA,NA,NA
4683,519.188214,519.187277803131,519.187185314698,8752186,NA,196387.3,41.66,-1,0.178140824182707,0.991032469875258,0.962786244763297,0.979733979830473,11,1.23076923076923,0.423076923076923,"O11","de-protonated",0,NA,"C26 H32 O11",26,32,11,NA,NA,NA,NA,NA,NA,NA,NA
4685,519.22469,519.223753716248,519.223570824082,3674181.5,NA,195427.3,16.28,-1,0.35224164810461,0.488869215970067,0.772687513667176,0.602396535048911,10,1.33333333333333,0.37037037037037,"O10","de-protonated",0,NA,"C27 H36 O10",27,36,10,NA,NA,NA,NA,NA,NA,NA,NA
4687,519.245662,519.244725666295,519.244700192181,1922123.8,NA,196772,7.52,-1,0.0490599393505307,0.999563370562851,0,0.599738022337711,5,1.66666666666667,0.5,"O12","de-protonated",0,NA,"C24 H40 O12",24,40,12,NA,NA,NA,NA,NA,NA,NA,NA
4688,519.274,519.273063598796,519.272843493088,8086612.5,NA,201462.3,38.33,-1,0.423872942183442,0.975781322926899,0.854065178211797,0.927094865040858,4,1.8,0.36,"P1 O9","de-protonated",0,NA,"C25 H45 O9 P1",25,45,9,NA,1,NA,NA,NA,NA,NA,NA
4689,519.310252,519.309315512447,519.309229002473,5999711.5,NA,184105.2,27.9,-1,0.166586630424577,0.995862569833458,0.974140997436401,0.987173940874635,3,1.88461538461538,0.307692307692308,"P1 O8","de-protonated",0,NA,"C26 H49 O8 P1",26,49,8,NA,1,NA,NA,NA,NA,NA,NA
4691,520.147514,520.146575518164,520.146538034877,2275165,NA,173429.4,9.29,-1,0.0720629376557713,0.999058168619756,0,0.599434901171853,16,1.03703703703704,0.148148148148148,"N3 S1 P1 O4","de-protonated",0,NA,"C27 H28 O4 S1 N3 P1",27,28,4,3,1,1,NA,NA,NA,NA,NA
4692,520.155572,520.154633498971,520.154780243354,2919263.5,NA,175099.4,12.51,-1,-0.282116764063552,0.985662300865748,0,0.591397380519449,16,1,0.222222222222222,"N3 S1 O6","de-protonated",0,NA,"C27 H27 O6 S1 N3",27,27,6,3,NA,1,NA,NA,NA,NA,NA
4693,520.168008,520.167069469349,520.167178145606,1910627.1,NA,214430.7,7.46,-1,-0.208925632011109,0.992111061715817,0,0.59526663702949,7,1.47619047619048,0.666666666666667,"N1 O14","de-protonated",0,NA,"C21 H31 O14 N1",21,31,14,1,NA,NA,NA,NA,NA,NA,NA
4694,520.183717,520.182778431932,520.182923544261,2488680,NA,161832.5,10.35,-1,-0.278964038603488,0.985978720364165,0,0.591587232218499,15,1.14285714285714,0.107142857142857,"N3 S1 P1 O3","de-protonated",0,NA,"C28 H32 O3 S1 N3 P1",28,32,3,3,1,1,NA,NA,NA,NA,NA
4696,520.204662,520.203723382043,520.20356365499,3051374.3,NA,189178.9,13.17,-1,0.307047209770058,0.983038870139491,0,0.589823322083694,6,1.59090909090909,0.590909090909091,"N1 O13","de-protonated",0,NA,"C22 H35 O13 N1",22,35,13,1,NA,NA,NA,NA,NA,NA,NA
4697,520.240865,520.239926295811,520.239949164374,4854137,NA,196226.9,22.17,-1,-0.0439577235410097,0.499824725762088,0.799615297578637,0.619740954488708,5,1.69565217391304,0.521739130434783,"N1 O12","de-protonated",0,NA,"C23 H39 O12 N1",23,39,12,1,NA,NA,NA,NA,NA,NA,NA
4701,520.956881,520.955940590325,520.956020126219,1946703.9,NA,202661.5,7.64,-1,-0.152672952996599,0.995779538309397,0,0.597467722985638,20,0.458333333333333,0.333333333333333,"S2 P1 O8","de-protonated",0,NA,"C24 H11 O8 S2 P1",24,11,8,NA,1,2,NA,NA,NA,NA,NA
4702,521.058169,521.057228349066,521.057293341639,3270254.3,NA,208111.2,14.26,-1,-0.124732104547774,0.997180984481148,0,0.598308590688689,14,0.818181818181818,0.681818181818182,"O15","de-protonated",0,NA,"C22 H18 O15",22,18,15,NA,NA,NA,NA,NA,NA,NA,NA
4703,521.094703,521.093762262045,521.093678851023,6772345,NA,194528.4,31.76,-1,0.160069149839388,0.497680844011756,0.799615297578637,0.618454625438508,13,0.956521739130435,0.608695652173913,"O14","de-protonated",0,NA,"C23 H22 O14",23,22,14,NA,NA,NA,NA,NA,NA,NA,NA
4706,521.131142,521.130201175251,521.130064360407,12312196,NA,191869,59.45,-1,0.262534927130104,0.991520999162833,0.9919103327082,0.99167673258098,12,1.08333333333333,0.541666666666667,"O13","de-protonated",0,NA,"C24 H26 O13",24,26,13,NA,NA,NA,NA,NA,NA,NA,NA
4708,521.159406,521.158465107928,521.158207661314,3184268.3,NA,173738,13.83,-1,0.493989369363954,0.956687859968047,0,0.574012715980828,11,1.24,0.4,"P1 O10","de-protonated",0,NA,"C25 H31 O10 P1",25,31,10,NA,1,NA,NA,NA,NA,NA,NA
4709,521.167466,521.16652508873,521.166449869791,13909647,NA,194549.7,67.43,-1,0.144328052244425,0.99431913427201,0.986486735644737,0.991186174821101,11,1.2,0.48,"O12","de-protonated",0,NA,"C25 H30 O12",25,30,12,NA,NA,NA,NA,NA,NA,NA,NA
4710,521.180404,521.179463057913,521.179204087632,4531858.5,NA,191610.6,20.56,-1,0.496892967180664,0.478094275548388,0.73553288925895,0.581069721032613,19,0.909090909090909,0.121212121212121,"S1 O4","de-protonated",0,NA,"C33 H30 O4 S1",33,30,4,NA,NA,1,NA,NA,NA,NA,NA
4711,521.195831,521.194890021167,521.194789875191,2929303.3,NA,149228.3,12.55,-1,0.192146925772221,0.993323223852105,0,0.595993934311263,2,2.125,0.9375,"N4 O15","de-protonated",0,NA,"C16 H34 O15 N4",16,34,15,4,NA,NA,NA,NA,NA,NA,NA
4712,521.203757,521.202816002288,521.202835379176,7696025.5,NA,198313.8,36.38,-1,-0.0371772490597648,0.499874621266833,0.779247987650237,0.611623967820195,10,1.30769230769231,0.423076923076923,"O11","de-protonated",0,NA,"C26 H34 O11",26,34,11,NA,NA,NA,NA,NA,NA,NA,NA
4713,521.216842,521.215900971121,521.215722538798,8947358,NA,190449.1,42.63,-1,0.342338719804521,0.984208787496689,0.891348798940096,0.947064792074052,5,1.69565217391304,0.478260869565217,"P1 O11","de-protonated",0,NA,"C23 H39 O11 P1",23,39,11,NA,1,NA,NA,NA,NA,NA,NA
4714,521.234209,521.233267929754,521.233347661746,2860706.8,NA,182602.2,12.21,-1,-0.152967939858238,0.995763248064736,0,0.597457948838842,18,1,0.147058823529412,"O5","de-protonated",0,NA,"C34 H34 O5",34,34,5,NA,NA,NA,NA,NA,NA,NA,NA
4715,521.239971,521.23902991603,521.23922088856,1949860.4,NA,253897.9,7.66,-1,-0.366381735340474,0.975937365891446,0,0.585562419534868,9,1.40740740740741,0.37037037037037,"O10","de-protonated",0,NA,"C27 H38 O10",27,38,10,NA,NA,NA,NA,NA,NA,NA,NA
4716,521.253183,521.25224188456,521.252108048182,11157160,NA,195870,53.67,-1,0.256759398660881,0.992206320838928,0.937826972041838,0.970454581320092,4,1.79166666666667,0.416666666666667,"P1 O10","de-protonated",0,NA,"C24 H43 O10 P1",24,43,10,NA,1,NA,NA,NA,NA,NA,NA
4717,521.270617,521.269675843034,521.26973317113,2715309.5,NA,154888.7,11.48,-1,-0.109977795453345,0.997807763650829,0,0.598684658190497,17,1.08571428571429,0.114285714285714,"O4","de-protonated",0,NA,"C35 H38 O4",35,38,4,NA,NA,NA,NA,NA,NA,NA,NA
4718,521.289634,521.288692797737,521.288493557566,8007347,NA,196136.5,37.93,-1,0.382207113760657,0.98479607357992,0.971422430200344,0.97944661622809,3,1.88,0.36,"P1 O9","de-protonated",0,NA,"C25 H47 O9 P1",25,47,9,NA,1,NA,NA,NA,NA,NA,NA
4721,522.126008,522.125064805569,522.1253133326,1855914.9,NA,236600.6,7.19,-1,-0.475991155489676,0.959723180478189,0,0.575833908286913,12,1.08695652173913,0.565217391304348,"N1 O13","de-protonated",0,NA,"C23 H25 O13 N1",23,25,13,1,NA,NA,NA,NA,NA,NA,NA
4723,522.162716,522.161772718134,522.161698841984,2724277.8,NA,193452.4,11.53,-1,0.141481364201316,0.996374533855421,0,0.597824720313253,11,1.20833333333333,0.5,"N1 O12","de-protonated",0,NA,"C24 H29 O12 N1",24,29,12,1,NA,NA,NA,NA,NA,NA,NA
4725,522.198993,522.198049631725,522.198084351369,2304960.3,NA,162493.4,9.43,-1,-0.0664874966710969,0.999198211861395,0,0.599518927116837,10,1.32,0.44,"N1 O11","de-protonated",0,NA,"C25 H33 O11 N1",25,33,11,1,NA,NA,NA,NA,NA,NA,NA
4728,522.248396,522.247452514052,522.247224078593,1956815,NA,162286.6,7.69,-1,0.437408659717291,0.965879771895742,0,0.579527863137445,17,1.08823529411765,0.0588235294117647,"N1 S1 O2","de-protonated",0,NA,"C34 H37 O2 S1 N1",34,37,2,1,NA,1,NA,NA,NA,NA,NA
4731,522.323523,522.322579335106,522.322497020807,9961445,NA,190585.2,47.7,-1,0.157592866535336,0.997592878214847,0.976391077024973,0.989112157738898,11,1.40625,0.15625,"N1 O5","de-protonated",0,NA,"C32 H45 O5 N1",32,45,5,1,NA,NA,NA,NA,NA,NA,NA
4737,523.073855,523.072909547882,523.072943406117,5179585,NA,190233.5,23.8,-1,-0.0647294694930039,0.499620018151078,0.806643077274283,0.62242924180036,13,0.909090909090909,0.681818181818182,"O15","de-protonated",0,NA,"C22 H20 O15",22,20,15,NA,NA,NA,NA,NA,NA,NA,NA
4739,523.110346,523.109400460964,523.109328915501,9617611,NA,189887.7,45.98,-1,0.136769618513097,0.98444250240237,0.98227559013146,0.983575737494006,12,1.04347826086957,0.608695652173913,"O14","de-protonated",0,NA,"C23 H24 O14",23,24,14,NA,NA,NA,NA,NA,NA,NA,NA
4741,523.146791,523.145845374155,523.145714424885,13779158,NA,187696.4,66.78,-1,0.250311274120799,0.994346080272294,0.995970268871308,0.9949957557119,11,1.16666666666667,0.541666666666667,"O13","de-protonated",0,NA,"C24 H28 O13",24,28,13,NA,NA,NA,NA,NA,NA,NA,NA
4742,523.159722,523.158776343355,523.158601584507,2069721.9,NA,227809.2,8.25,-1,0.334045636291154,0.979956377073098,0,0.587973826243859,6,1.57142857142857,0.619047619047619,"P1 O13","de-protonated",0,NA,"C21 H33 O13 P1",21,33,13,NA,1,NA,NA,NA,NA,NA,NA
4743,523.175039,523.174093306871,523.173857725792,8413406,NA,183945,39.96,-1,0.450292146158987,0.981229684487878,0.919290422637985,0.956453979747921,10,1.32,0.4,"P1 O10","de-protonated",0,NA,"C25 H33 O10 P1",25,33,10,NA,1,NA,NA,NA,NA,NA,NA
4744,523.183041,523.182095287811,523.182099934269,10311905,NA,189664.7,49.45,-1,-0.00888114912881963,0.995635532279934,0.943416554125652,0.974747941018221,10,1.28,0.48,"O12","de-protonated",0,NA,"C25 H32 O12",25,32,12,NA,NA,NA,NA,NA,NA,NA,NA
4745,523.196017,523.195071256904,523.19485415211,4393188.5,NA,196813,19.87,-1,0.414959726947104,0.484619556410287,0.73553288925895,0.584984889549752,18,0.96969696969697,0.121212121212121,"S1 O4","de-protonated",0,NA,"C33 H32 O4 S1",33,32,4,NA,NA,1,NA,NA,NA,NA,NA
4746,523.211263,523.210317220589,523.210110293395,3400936.8,NA,144029.1,14.91,-1,0.395495404698459,0.486008692278947,0.712686567164179,0.57667984223304,22,0.864864864864865,0.027027027027027,"S1 O1","de-protonated",0,NA,"C37 H32 O1 S1",37,32,1,NA,NA,1,NA,NA,NA,NA,NA
4747,523.219446,523.218500201098,523.218485443654,3926251,NA,194388.5,17.53,-1,0.0282051272814426,0.499927831344235,0.779247987650237,0.611655893866636,9,1.38461538461538,0.423076923076923,"O11","de-protonated",0,NA,"C26 H36 O11",26,36,11,NA,NA,NA,NA,NA,NA,NA,NA
4748,523.232501,523.231555170002,523.231372603276,8984815,NA,180740.5,42.81,-1,0.348921597045033,0.986732927128428,0.978190557390004,0.983315979233058,4,1.78260869565217,0.478260869565217,"P1 O11","de-protonated",0,NA,"C23 H41 O11 P1",23,41,11,NA,1,NA,NA,NA,NA,NA,NA
4749,523.249707,523.248761129019,523.248997726224,2903284,NA,162323.8,12.42,-1,-0.452169437337394,0.481790613607578,0.72968508002065,0.580948400172807,17,1.05882352941176,0.147058823529412,"O5","de-protonated",0,NA,"C34 H36 O5",34,36,5,NA,NA,NA,NA,NA,NA,NA,NA
4751,523.286583,523.285637041183,523.285383235608,2236158.8,NA,233746,9.09,-1,0.485023246939915,0.958212835763809,0,0.574927701458285,16,1.14285714285714,0.114285714285714,"O4","de-protonated",0,NA,"C35 H40 O4",35,40,4,NA,NA,NA,NA,NA,NA,NA,NA
4756,524.141992,524.141044003676,524.140963397078,2822646.3,NA,207913.9,12.02,-1,0.153788013869639,0.995717796790919,0,0.597430678074551,11,1.17391304347826,0.565217391304348,"N1 O13","de-protonated",0,NA,"C23 H27 O13 N1",23,27,13,1,NA,NA,NA,NA,NA,NA,NA
4760,524.191357,524.190408886093,524.190236066084,3246596.3,NA,196361.5,14.14,-1,0.329689484131455,0.980470624749025,0,0.588282374849415,5,1.71428571428571,0.571428571428571,"N1 P1 O12","de-protonated",0,NA,"C21 H36 O12 N1 P1",21,36,12,1,1,NA,NA,NA,NA,NA,NA
4761,524.227814,524.226865799256,524.226621575469,4525583,NA,209850.2,20.53,-1,0.465874445815315,0.480691963833937,0.806643077274283,0.611072409210075,4,1.81818181818182,0.5,"N1 P1 O11","de-protonated",0,NA,"C22 H40 O11 N1 P1",22,40,11,1,1,NA,NA,NA,NA,NA,NA
4763,524.264094,524.26314571284,524.263007084853,2143769.3,NA,204441.3,8.62,-1,0.264424506397998,0.987393189947811,0,0.592435913968686,3,1.91304347826087,0.434782608695652,"N1 P1 O10","de-protonated",0,NA,"C23 H44 O10 N1 P1",23,44,10,1,1,NA,NA,NA,NA,NA,NA
4764,524.272407,524.271458693039,524.27124929333,1917467.6,NA,219356,7.49,-1,0.399411009155253,0.971468577049654,0,0.582881146229792,3,1.8695652173913,0.521739130434783,"N1 O12","de-protonated",0,NA,"C23 H43 O12 N1",23,43,12,1,NA,NA,NA,NA,NA,NA,NA
4768,525.053299,525.052348833024,525.05220796121,2218235,NA,211398.5,8.99,-1,0.268300584349878,0.98702331215761,0,0.592213987294566,13,0.857142857142857,0.761904761904762,"O16","de-protonated",0,NA,"C21 H18 O16",21,18,16,NA,NA,NA,NA,NA,NA,NA,NA
4769,525.089618,525.088667746516,525.088593470595,6820613,NA,195239.8,32,-1,0.14145407480287,0.498187964883745,0.806643077274283,0.62157000983996,12,1,0.681818181818182,"O15","de-protonated",0,NA,"C22 H22 O15",22,22,15,NA,NA,NA,NA,NA,NA,NA,NA
4770,525.113801,525.112850688914,525.112714019509,3233548.3,NA,203219.1,14.07,-1,0.260266798922234,0.987784109786189,0,0.592670465871713,7,1.5,0.777777777777778,"N2 P1 O14","de-protonated",0,NA,"C18 H27 O14 N2 P1",18,27,14,2,1,NA,NA,NA,NA,NA,NA
4771,525.117828,525.116877679322,525.116736771501,4686605.5,NA,193527,21.33,-1,0.268336182763865,0.986025563515835,0.874498549624964,0.941414757959486,11,1.17391304347826,0.521739130434783,"P1 O12","de-protonated",0,NA,"C23 H27 O12 P1",23,27,12,NA,1,NA,NA,NA,NA,NA,NA
4772,525.125996,525.125045659867,525.124978979979,11133712,NA,193233.8,53.55,-1,0.12697908210794,0.997735453657327,0.983299169331132,0.991960939926849,11,1.1304347826087,0.608695652173913,"O14","de-protonated",0,NA,"C23 H26 O14",23,26,14,NA,NA,NA,NA,NA,NA,NA,NA
4773,525.15429,525.153339592473,525.153122280886,9116440,NA,196547.6,43.47,-1,0.413806141487273,0.982109496731698,0.956567793269452,0.971892815346799,10,1.29166666666667,0.458333333333333,"P1 O11","de-protonated",0,NA,"C24 H31 O11 P1",24,31,11,NA,1,NA,NA,NA,NA,NA,NA
4774,525.162334,525.161383573313,525.161364489363,10220314,NA,191974.3,48.99,-1,0.0363392111721024,0.993868042651575,0.991961710170747,0.993105509659244,10,1.25,0.541666666666667,"O13","de-protonated",0,NA,"C24 H30 O13",24,30,13,NA,NA,NA,NA,NA,NA,NA,NA
4775,525.172171,525.171220549882,525.171098276918,3281180.8,NA,137308,14.31,-1,0.232825005699239,0.990212337400101,0,0.594127402440061,0,2.29411764705882,0.588235294117647,"N2 S2 P1 O10","de-protonated",0,NA,"C17 H39 O10 S2 N2 P1",17,39,10,2,1,2,NA,NA,NA,NA,NA
4776,525.190578,525.189627506038,525.189374848488,18490146,NA,187122.5,90.32,-1,0.481078943726709,0.319625200131209,0.68164603115955,0.464433532542546,22,0.833333333333333,0.0555555555555556,"S1 O2","de-protonated",0,NA,"C36 H30 O2 S1",36,30,2,NA,NA,1,NA,NA,NA,NA,NA
4777,525.198611,525.197660486904,525.197749998747,5511972,NA,193205.1,25.46,-1,-0.170434551856726,0.988395603682662,0.956087391415667,0.975472318775864,9,1.36,0.48,"O12","de-protonated",0,NA,"C25 H34 O12",25,34,12,NA,NA,NA,NA,NA,NA,NA,NA
4778,525.21164,525.21068945587,525.210504216588,4477736,NA,188871.9,20.29,-1,0.352695311662425,0.488840848664039,0.73553288925895,0.587517664902004,17,1.03030303030303,0.121212121212121,"S1 O4","de-protonated",0,NA,"C33 H34 O4 S1",33,34,4,NA,NA,1,NA,NA,NA,NA,NA
4779,525.227576,525.226625417912,525.22676267958,2718828.5,NA,122790.6,11.5,-1,-0.261337915898094,0.987683977931297,0,0.592610386758778,7,1.59259259259259,0.148148148148148,"S2 P1 O4","de-protonated",0,NA,"C27 H43 O4 S2 P1",27,43,4,NA,1,2,NA,NA,NA,NA,NA
4780,525.234803,525.233852400698,525.23397331688,3031854.5,NA,212576,13.06,-1,-0.230213937954771,0.99042959023769,0,0.594257754142614,3,2.04761904761905,0.238095238095238,"N4 S2 P1 O5","de-protonated",0,NA,"C21 H43 O5 S2 N4 P1",21,43,5,4,1,2,NA,NA,NA,NA,NA
4781,525.248218,525.247267368745,525.247022667754,6818610.5,NA,190330.6,31.99,-1,0.465877921246009,0.970587159431017,0.957636549898242,0.965406915617907,3,1.8695652173913,0.478260869565217,"P1 O11","de-protonated",0,NA,"C23 H43 O11 P1",23,43,11,NA,1,NA,NA,NA,NA,NA,NA
4783,525.271552,525.270601313165,525.270521017516,2715449,NA,191744.8,11.48,-1,0.152865325849371,0.995768918319013,0,0.597461350991408,7,1.55555555555556,0.37037037037037,"O10","de-protonated",0,NA,"C27 H42 O10",27,42,10,NA,NA,NA,NA,NA,NA,NA,NA
4785,525.308123,525.307172226057,525.307395784271,2475331.3,NA,205114.1,10.28,-1,-0.425575988452039,0.967671058883638,0,0.580602635330183,10,1.51612903225806,0.032258064516129,"N2 S1 P1 O1","de-protonated",0,NA,"C31 H47 O1 S1 N2 P1",31,47,1,2,1,1,NA,NA,NA,NA,NA
4786,525.315287,525.314336208992,525.3141171642,4035397.3,NA,203578.1,18.08,-1,0.416978690194652,0.968943762005284,0,0.581366257203171,2,2.09090909090909,0.454545454545455,"N4 O10","de-protonated",0,NA,"C22 H46 O10 N4",22,46,10,4,NA,NA,NA,NA,NA,NA,NA
4794,526.170636,526.169683171628,526.169500621178,1968694.6,NA,219034.7,7.75,-1,0.346942286670772,0.978395995131412,0,0.587037597078847,5,1.7,0.65,"N1 P1 O13","de-protonated",0,NA,"C20 H34 O13 N1 P1",20,34,13,1,1,NA,NA,NA,NA,NA,NA
4797,526.206858,526.20590508535,526.205753188781,3740736.8,NA,206105.1,16.6,-1,0.288663832675416,0.492497093229457,0.741475186234395,0.592088330431432,17,1.03125,0.125,"N1 S1 O4","de-protonated",0,NA,"C32 H33 O4 S1 N1",32,33,4,1,NA,1,NA,NA,NA,NA,NA
4800,526.267053,526.266099941971,526.266259247079,2051665.6,NA,195449.9,8.16,-1,-0.302708192747964,0.983510906853801,0,0.590106544112281,11,1.44827586206897,0.0689655172413793,"N3 S1 P1 O2","de-protonated",0,NA,"C29 H42 O2 S1 N3 P1",29,42,2,3,1,1,NA,NA,NA,NA,NA
4801,526.319243,526.318289817659,526.318281020304,1840224.3,NA,159652.6,7.1,-1,0.0167148964679846,0.999949306742209,0,0.599969584045325,9,1.53125,0.03125,"N1 S2 O1","de-protonated",0,NA,"C32 H49 O1 S2 N1",32,49,1,1,NA,2,NA,NA,NA,NA,NA
4804,527.068904,527.067949032034,527.067858025688,2923313.3,NA,175661.9,12.52,-1,0.172665330248792,0.994605018395991,0,0.596763011037595,12,0.952380952380952,0.761904761904762,"O16","de-protonated",0,NA,"C21 H20 O16",21,20,16,NA,NA,NA,NA,NA,NA,NA,NA
4805,527.08409,527.083134995862,527.083114166973,2010933.4,NA,185088.4,7.96,-1,0.0395172765842124,0.999716687123431,0,0.599830012274059,16,0.8,0.52,"O13","de-protonated",0,NA,"C25 H20 O13",25,20,13,NA,NA,NA,NA,NA,NA,NA,NA
4807,527.105304,527.104348945333,527.104243535073,5928251,NA,199301,27.53,-1,0.199979911667948,0.496384887613326,0.806643077274283,0.620488163477709,11,1.09090909090909,0.681818181818182,"O15","de-protonated",0,NA,"C22 H24 O15",22,24,15,NA,NA,NA,NA,NA,NA,NA,NA
4808,527.112325,527.111369928609,527.111124526098,3634493.3,NA,109127.8,16.07,-1,0.465561243695175,0.480717409261469,0.71268656716418,0.573505072422553,28,0.540540540540541,0.0540540540540541,"S1 O2","de-protonated",0,NA,"C37 H20 O2 S1",37,20,2,NA,NA,1,NA,NA,NA,NA,NA
4809,527.120332,527.119376909537,527.119499676357,1930559.5,NA,217245.9,7.55,-1,-0.232901306686548,0.990205952682485,0,0.594123571609491,15,0.923076923076923,0.461538461538462,"O12","de-protonated",0,NA,"C26 H24 O12",26,24,12,NA,NA,NA,NA,NA,NA,NA,NA
4810,527.133547,527.13259187806,527.132386835979,7451971,NA,197919.2,35.15,-1,0.388976442919441,0.982115913327569,0.922061329158426,0.958094079659912,10,1.26086956521739,0.521739130434783,"P1 O12","de-protonated",0,NA,"C23 H29 O12 P1",23,29,12,NA,1,NA,NA,NA,NA,NA,NA
4811,527.141635,527.140679858795,527.140629044457,6772037.5,NA,189636.7,31.75,-1,0.0963961714677525,0.499157679575601,0.799615297578637,0.619340726776816,10,1.21739130434783,0.608695652173913,"O14","de-protonated",0,NA,"C23 H28 O14",23,28,14,NA,NA,NA,NA,NA,NA,NA,NA
4812,527.150931,527.149975836653,527.150011958927,2156872,NA,261685.7,8.68,-1,-0.0685237093357383,0.999148370764042,0,0.599489022458425,23,0.705882352941177,0.176470588235294,"O6","de-protonated",0,NA,"C34 H24 O6",34,24,6,NA,NA,NA,NA,NA,NA,NA,NA
4813,527.156995,527.156039822209,527.155885185742,3005769.5,NA,184097.8,12.93,-1,0.293341062406251,0.984507784200809,0,0.590704670520485,14,1.03703703703704,0.407407407407407,"O11","de-protonated",0,NA,"C27 H28 O11",27,28,11,NA,NA,NA,NA,NA,NA,NA,NA
4814,527.16987,527.168914791542,527.168772345364,11642189,NA,186197.4,56.09,-1,0.270209818729724,0.99006206434248,0.96540176480809,0.980197944528724,9,1.375,0.458333333333333,"P1 O11","de-protonated",0,NA,"C24 H33 O11 P1",24,33,11,NA,1,NA,NA,NA,NA,NA,NA
4815,527.17795,527.176994772296,527.177014553841,5780815.5,NA,197692.8,26.8,-1,-0.0375235342835436,0.499872275023706,0.792708917554682,0.617006932036096,9,1.33333333333333,0.541666666666667,"O13","de-protonated",0,NA,"C24 H32 O13",24,32,13,NA,NA,NA,NA,NA,NA,NA,NA
4816,527.181767,527.180811763205,527.180875114582,2482000.5,NA,209184.3,10.31,-1,-0.1201700971533,0.997383156250671,0,0.598429893750402,8,1.54166666666667,0.208333333333333,"N2 S2 P1 O5","de-protonated",0,NA,"C24 H37 O5 S2 N2 P1",24,37,5,2,1,2,NA,NA,NA,NA,NA
4818,527.19316,527.192204736067,527.192270695126,2537299.5,NA,185868.1,10.59,-1,-0.125113857419297,0.997163726948421,0,0.598298236169053,13,1.14285714285714,0.357142857142857,"O10","de-protonated",0,NA,"C28 H32 O10",28,32,10,NA,NA,NA,NA,NA,NA,NA,NA
4819,527.20613,527.205174705174,527.205024912966,5944663,NA,186172.1,27.61,-1,0.284125151536396,0.49272946548047,0.718264051224716,0.582943299778168,21,0.888888888888889,0.0555555555555556,"S1 O2","de-protonated",0,NA,"C36 H32 O2 S1",36,32,2,NA,NA,1,NA,NA,NA,NA,NA
4820,527.214126,527.213170686128,527.213400063225,3703129.5,NA,201587.7,16.41,-1,-0.435074482471645,0.966236755293328,0,0.579742053175997,8,1.44,0.48,"O12","de-protonated",0,NA,"C25 H36 O12",25,36,12,NA,NA,NA,NA,NA,NA,NA,NA
4821,527.227202,527.226246654982,527.226154281066,3281245,NA,192891.4,14.3,-1,0.175207386474897,0.497222719805682,0.73553288925895,0.592546787586989,16,1.09090909090909,0.121212121212121,"S1 O4","de-protonated",0,NA,"C33 H36 O4 S1",33,36,4,NA,NA,1,NA,NA,NA,NA,NA
4822,527.244475,527.24351961384,527.243260897173,2733409.8,NA,124514.2,11.57,-1,0.490696963364125,0.957250801291441,0,0.574350480774865,7,1.6,0.32,"N2 S1 O8","de-protonated",0,NA,"C25 H40 O8 S1 N2",25,40,8,2,NA,1,NA,NA,NA,NA,NA
4823,527.250603,527.249647599243,527.24978557261,3813731.5,NA,188536.8,16.97,-1,-0.261685011997948,0.493825722052428,0.779247987650237,0.607994628291551,7,1.53846153846154,0.423076923076923,"O11","de-protonated",0,NA,"C26 H40 O11",26,40,11,NA,NA,NA,NA,NA,NA,NA,NA
4825,527.269544,527.268588554128,527.268413017265,3453288.8,NA,181304.9,15.16,-1,0.332917464221168,0.980090180541281,0,0.588054108324769,6,1.62962962962963,0.296296296296296,"S1 O8","de-protonated",0,NA,"C27 H44 O8 S1",27,44,8,NA,NA,1,NA,NA,NA,NA,NA
4826,527.287059,527.286103512408,527.286171081994,4666733.5,NA,213316.3,21.23,-1,-0.128145946658862,0.498512398113617,0.772687513667176,0.608182444335041,6,1.62962962962963,0.37037037037037,"O10","de-protonated",0,NA,"C27 H44 O10",27,44,10,NA,NA,NA,NA,NA,NA,NA,NA
4827,527.294401,527.29344549492,527.293185014802,1975663.6,NA,215575.4,7.78,-1,0.493994851954768,0.956686919682587,0,0.574012151809552,10,1.45161290322581,0.161290322580645,"P1 O5","de-protonated",0,NA,"C31 H45 O5 P1",31,45,5,NA,1,NA,NA,NA,NA,NA,NA
4828,527.30595,527.304994467412,527.304798526649,6514035,NA,196736.5,30.46,-1,0.371589189804734,0.986202470671466,0.997158029274118,0.990584694112527,5,1.71428571428571,0.25,"S1 O7","de-protonated",0,NA,"C28 H48 O7 S1",28,48,7,NA,NA,1,NA,NA,NA,NA,NA
4829,527.323574,527.322618425433,527.322556591378,2780535.8,NA,232077.3,11.8,-1,0.117260401471219,0.997508189970685,0,0.598504913982411,5,1.71428571428571,0.321428571428571,"O9","de-protonated",0,NA,"C28 H48 O9",28,48,9,NA,NA,NA,NA,NA,NA,NA,NA
4832,528.146878,528.145920464397,528.146130311046,3033690,NA,227357.6,13.07,-1,-0.397326870266216,0.485880661243909,0.72968508002065,0.583402428754606,22,0.794117647058823,0.0294117647058824,"N1 S2 O1","de-protonated",0,NA,"C34 H27 O1 S2 N1",34,27,1,1,NA,2,NA,NA,NA,NA,NA
4834,528.186345,528.18538737039,528.185150685656,2146916.8,NA,188104.8,8.63,-1,0.448109405061634,0.964220509564645,0,0.578532305738787,4,1.8,0.65,"N1 P1 O13","de-protonated",0,NA,"C20 H36 O13 N1 P1",20,36,13,1,1,NA,NA,NA,NA,NA,NA
4835,528.209766,528.208808314603,528.208649035418,2170987.3,NA,168369,8.75,-1,0.301545960792644,0.983636242076267,0,0.59018174524576,8,1.45833333333333,0.5,"N1 O12","de-protonated",0,NA,"C24 H35 O12 N1",24,35,12,1,NA,NA,NA,NA,NA,NA,NA
4837,528.24595,528.244992228416,528.245034544803,2667125,NA,180607.9,11.23,-1,-0.0801074952803646,0.998836283174739,0,0.599301769904843,7,1.56,0.44,"N1 O11","de-protonated",0,NA,"C25 H39 O11 N1",25,39,11,1,NA,NA,NA,NA,NA,NA,NA
4840,529.07619,529.075230250859,529.075132939907,1993558.4,NA,131967.5,7.87,-1,0.183926526690304,0.993880578734505,0,0.596328347240703,24,0.5625,0.1875,"S1 O6","de-protonated",0,NA,"C32 H18 O6 S1",32,18,6,NA,NA,1,NA,NA,NA,NA,NA
4841,529.084485,529.083525231101,529.083508090166,2866008.5,NA,220123.6,12.23,-1,0.0323974087748555,0.999809571027039,0,0.599885742616224,11,1.04761904761905,0.761904761904762,"O16","de-protonated",0,NA,"C21 H22 O16",21,22,16,NA,NA,NA,NA,NA,NA,NA,NA
4842,529.100155,529.099195193776,529.099253488822,3378524.8,NA,158338.6,14.79,-1,-0.110177900989319,0.997799787598364,0,0.598679872559018,19,0.821428571428571,0.178571428571429,"N2 S1 P1 O5","de-protonated",0,NA,"C28 H23 O5 S1 N2 P1",28,23,5,2,1,1,NA,NA,NA,NA,NA
4844,529.120913,529.119953144333,529.119893599551,3536738.5,NA,188869.4,15.58,-1,0.112535519419647,0.997704727895417,0,0.59862283673725,10,1.18181818181818,0.681818181818182,"O15","de-protonated",0,NA,"C22 H26 O15",22,26,15,NA,NA,NA,NA,NA,NA,NA,NA
4845,529.13038,529.129420121783,529.129276514021,2094949,NA,190678.8,8.37,-1,0.271403924254359,0.986723395463884,0,0.59203403727833,23,0.666666666666667,0.212121212121212,"O7","de-protonated",0,NA,"C33 H22 O7",33,22,7,NA,NA,NA,NA,NA,NA,NA,NA
4846,529.136191,529.135231107942,529.135149740835,4217702.5,NA,185982.3,18.98,-1,0.153773769249277,0.497859294166055,0.779247987650237,0.610414771559728,14,1,0.461538461538462,"O12","de-protonated",0,NA,"C26 H26 O12",26,26,12,NA,NA,NA,NA,NA,NA,NA,NA
4847,529.149215,529.14825507692,529.148036900457,9230186,NA,194550.6,44.03,-1,0.412316492246299,0.484811877624436,0.799615297578637,0.610733245606116,9,1.34782608695652,0.521739130434783,"P1 O12","de-protonated",0,NA,"C23 H31 O12 P1",23,31,12,NA,1,NA,NA,NA,NA,NA,NA
4848,529.157579,529.156619056998,529.156768366305,3826540.3,NA,212645.9,17.03,-1,-0.282164599522264,0.492828736659094,0.779247987650237,0.607396437055551,13,1.19230769230769,0.230769230769231,"N2 S1 P1 O6","de-protonated",0,NA,"C26 H31 O6 S1 N2 P1",26,31,6,2,1,1,NA,NA,NA,NA,NA
4850,529.172636,529.171676021133,529.17153525022,4881264.5,NA,203724.7,22.3,-1,0.266021325813526,0.493620723690093,0.772687513667176,0.605247439680926,13,1.11111111111111,0.407407407407407,"O11","de-protonated",0,NA,"C27 H30 O11",27,30,11,NA,NA,NA,NA,NA,NA,NA,NA
4852,529.193818,529.192857970679,529.192664618319,2601846,NA,213892.9,10.91,-1,0.365372336386481,0.976068173460796,0,0.585640904076478,8,1.41666666666667,0.541666666666667,"O13","de-protonated",0,NA,"C24 H34 O13",24,34,13,NA,NA,NA,NA,NA,NA,NA,NA
4853,529.208932,529.207971934679,529.207920759604,3658618.3,NA,210380.6,16.19,-1,0.0967012648906261,0.499152343786969,0.766236582456902,0.605986039254942,12,1.21428571428571,0.357142857142857,"O10","de-protonated",0,NA,"C28 H34 O10",28,34,10,NA,NA,NA,NA,NA,NA,NA,NA
4855,529.230021,529.229060884447,529.229050127703,3678079.8,NA,201301.4,16.28,-1,0.0203253086507851,0.999925043059856,0,0.599955025835914,7,1.52,0.48,"O12","de-protonated",0,NA,"C25 H38 O12",25,38,12,NA,NA,NA,NA,NA,NA,NA,NA
4856,529.243138,529.242177853204,529.241937287325,2476931.3,NA,191313.7,10.28,-1,0.454548026920056,0.963204220854058,0,0.577922532512435,2,1.95454545454545,0.545454545454545,"P1 O12","de-protonated",0,NA,"C22 H43 O12 P1",22,43,12,NA,1,NA,NA,NA,NA,NA,NA
4858,529.266373,529.26541279786,529.265435637088,5502857.5,NA,199034.5,25.4,-1,-0.0431526909370121,0.499831085773247,0.779247987650237,0.611597846524043,6,1.61538461538462,0.423076923076923,"O11","de-protonated",0,NA,"C26 H42 O11",26,42,11,NA,NA,NA,NA,NA,NA,NA,NA
4859,529.302908,529.301947710837,529.301821146472,5151635.5,NA,175533.8,23.65,-1,0.239115680030612,0.494839532066461,0.772687513667176,0.605978724706747,5,1.7037037037037,0.37037037037037,"O10","de-protonated",0,NA,"C27 H46 O10",27,46,10,NA,NA,NA,NA,NA,NA,NA,NA
4860,529.339423,529.338462623861,529.338206655856,2735005.3,NA,208635.7,11.57,-1,0.483562308426866,0.958458896032543,0,0.575075337619526,4,1.78571428571429,0.321428571428571,"O9","de-protonated",0,NA,"C28 H50 O9",28,50,9,NA,NA,NA,NA,NA,NA,NA,NA
4862,530.116206,530.115243773634,530.115142571744,2178669,NA,205101.4,8.79,-1,0.190905488779514,0.993408936722871,0,0.596045362033722,10,1.19047619047619,0.714285714285714,"N1 O15","de-protonated",0,NA,"C21 H25 O15 N1",21,25,15,1,NA,NA,NA,NA,NA,NA,NA
4863,530.152629,530.151666686878,530.151528081128,3180662.8,NA,201926.2,13.8,-1,0.261445535118494,0.987673895128035,0,0.592604337076821,9,1.31818181818182,0.636363636363636,"N1 O14","de-protonated",0,NA,"C22 H29 O14 N1",22,29,14,1,NA,NA,NA,NA,NA,NA,NA
4864,530.189212,530.18824959974,530.188402847883,3360896.5,NA,198985.5,14.7,-1,-0.289044689509665,0.984954863213503,0,0.590972917928102,12,1.30769230769231,0.192307692307692,"N3 S1 P1 O5","de-protonated",0,NA,"C26 H34 O5 S1 N3 P1",26,34,5,3,1,1,NA,NA,NA,NA,NA
4865,530.225298,530.224335513787,530.224299099896,2877066,NA,187801.5,12.28,-1,0.0686763888509262,0.999144573085665,0,0.599486743851399,7,1.54166666666667,0.5,"N1 O12","de-protonated",0,NA,"C24 H37 O12 N1",24,37,12,1,NA,NA,NA,NA,NA,NA,NA
4866,530.261709,530.260746427059,530.260684609281,3263635.8,NA,212700,14.21,-1,0.116579976706014,0.997536988889553,0,0.598522193333732,6,1.64,0.44,"N1 O11","de-protonated",0,NA,"C25 H41 O11 N1",25,41,11,1,NA,NA,NA,NA,NA,NA,NA
4867,530.298029,530.297066340548,530.297070118665,2345629.3,NA,162500.2,9.62,-1,-0.00712452936391624,0.999990789903304,0,0.599994473941983,5,1.73076923076923,0.384615384615385,"N1 O10","de-protonated",0,NA,"C26 H45 O10 N1",26,45,10,1,NA,NA,NA,NA,NA,NA,NA
4869,531.042733,531.04176856673,531.041643277161,1868641.9,NA,197053,7.24,-1,0.235931721842999,0.989950715635291,0,0.593970429381175,16,0.695652173913043,0.652173913043478,"O15","de-protonated",0,NA,"C23 H16 O15",23,16,15,NA,NA,NA,NA,NA,NA,NA,NA
4870,531.079198,531.078233479873,531.078028786545,2570603.5,NA,209076.4,10.75,-1,0.385429856744877,0.973404729646908,0,0.584042837788145,15,0.833333333333333,0.583333333333333,"O14","de-protonated",0,NA,"C24 H20 O14",24,20,14,NA,NA,NA,NA,NA,NA,NA,NA
4871,531.091958,531.09099344948,531.090783004385,2163054.8,NA,217424.7,8.71,-1,0.396250700953703,0.971911919749923,0,0.583147151849954,23,0.625,0.1875,"S1 O6","de-protonated",0,NA,"C32 H20 O6 S1",32,20,6,NA,NA,1,NA,NA,NA,NA,NA
4872,531.109834,531.108869406901,531.108891942199,1921395.5,NA,200856.3,7.5,-1,-0.0424306545909084,0.999673380313467,0,0.59980402818808,0,2.35714285714286,0.928571428571429,"N2 S2 P1 O13","de-protonated",0,NA,"C14 H33 O13 S2 N2 P1",14,33,13,2,1,2,NA,NA,NA,NA,NA
4873,531.11549,531.114525393429,531.114414295929,4828533,NA,197088.9,22.03,-1,0.209178092445803,0.496046030120223,0.785920818505338,0.611995945474269,14,0.96,0.52,"O13","de-protonated",0,NA,"C25 H24 O13",25,24,13,NA,NA,NA,NA,NA,NA,NA,NA
4875,531.136651,531.135686343026,531.135543664029,2199418.5,NA,231738.4,8.89,-1,0.268630105272173,0.98699162556869,0,0.592194975341214,9,1.27272727272727,0.681818181818182,"O15","de-protonated",0,NA,"C22 H28 O15",22,28,15,NA,NA,NA,NA,NA,NA,NA,NA
4876,531.146122,531.145157320466,531.144926578499,3153277,NA,147451.1,13.66,-1,0.434423743736253,0.483167980315016,0.73553288925895,0.58411394389259,22,0.727272727272727,0.212121212121212,"O7","de-protonated",0,NA,"C33 H24 O7",33,24,7,NA,NA,NA,NA,NA,NA,NA,NA
4877,531.151814,531.150849306909,531.150799805313,7100798.5,NA,193553,33.39,-1,0.0931968757084282,0.499212620034417,0.779247987650237,0.611226767080745,13,1.07692307692308,0.461538461538462,"O12","de-protonated",0,NA,"C26 H28 O12",26,28,12,NA,NA,NA,NA,NA,NA,NA,NA
4879,531.182216,531.181251234494,531.181312087883,2498950.3,NA,161751.7,10.39,-1,-0.114562368872802,0.997621403473262,0,0.598572842083957,21,0.823529411764706,0.176470588235294,"O6","de-protonated",0,NA,"C34 H28 O6",34,28,6,NA,NA,NA,NA,NA,NA,NA,NA
4880,531.188341,531.187376219905,531.187185314698,5364104,NA,210511.4,24.71,-1,0.359393472097684,0.980615930429473,0.969185828741713,0.976043889754369,12,1.18518518518519,0.407407407407407,"O11","de-protonated",0,NA,"C27 H32 O11",27,32,11,NA,NA,NA,NA,NA,NA,NA,NA
4882,531.209406,531.20844116973,531.208314682797,1955213.5,NA,204353.5,7.67,-1,0.23811173290932,0.98976510470917,0,0.593859062825502,7,1.5,0.541666666666667,"O13","de-protonated",0,NA,"C24 H36 O13",24,36,13,NA,NA,NA,NA,NA,NA,NA,NA
4883,531.224862,531.223897132915,531.224060081452,2676113.5,NA,230849.2,11.27,-1,-0.306741636497192,0.983072325542569,0,0.589843395325541,15,1.19354838709677,0.0645161290322581,"N2 S1 P1 O2","de-protonated",0,NA,"C31 H37 O2 S1 N2 P1",31,37,2,2,1,1,NA,NA,NA,NA,NA
4885,531.245738,531.24477308319,531.244700192181,3624343,NA,207009.3,16.01,-1,0.137207973197776,0.996589869714412,0,0.597953921828647,6,1.6,0.48,"O12","de-protonated",0,NA,"C25 H40 O12",25,40,12,NA,NA,NA,NA,NA,NA,NA,NA
4886,531.27396,531.272995015968,531.272843493088,4233630.5,NA,196838.5,19.06,-1,0.285207274091483,0.49267438718943,0.779247987650237,0.607303827373753,5,1.73076923076923,0.346153846153846,"P1 O9","de-protonated",0,NA,"C26 H45 O9 P1",26,45,9,NA,1,NA,NA,NA,NA,NA,NA
4887,531.282036,531.281070996732,531.281085701566,3827104.5,NA,202264.3,17.03,-1,-0.0276780684512791,0.499930503136148,0.779247987650237,0.611657496941784,5,1.69230769230769,0.423076923076923,"O11","de-protonated",0,NA,"C26 H44 O11",26,44,11,NA,NA,NA,NA,NA,NA,NA,NA
4888,531.310252,531.309286929524,531.309229002473,2475432,NA,211015.9,10.27,-1,0.109026999180699,0.997845464402125,0,0.598707278641275,4,1.81481481481481,0.296296296296296,"P1 O8","de-protonated",0,NA,"C27 H49 O8 P1",27,49,8,NA,1,NA,NA,NA,NA,NA,NA
4889,531.318489,531.317523909904,531.31747121095,2569130,NA,205926.2,10.74,-1,0.0991854335020968,0.998216545395083,0,0.59892992723705,4,1.77777777777778,0.37037037037037,"O10","de-protonated",0,NA,"C27 H48 O10",27,48,10,NA,NA,NA,NA,NA,NA,NA,NA
4890,532.155557,532.154589916083,532.154780243354,1885571.5,NA,157370.2,7.32,-1,-0.357653973012559,0.97705702979837,0,0.586234217879022,17,0.964285714285714,0.214285714285714,"N3 S1 O6","de-protonated",0,NA,"C28 H27 O6 S1 N3",28,27,6,3,NA,1,NA,NA,NA,NA,NA
4891,532.168332,532.167364885654,532.167178145606,2183814.8,NA,217686,8.81,-1,0.35090485802598,0.977905203729038,0,0.586743122237423,8,1.40909090909091,0.636363636363636,"N1 O14","de-protonated",0,NA,"C22 H31 O14 N1",22,31,14,1,NA,NA,NA,NA,NA,NA,NA
4893,532.204636,532.203668799181,532.20356365499,3432080.3,NA,203409.5,15.05,-1,0.197563861070638,0.992942809127935,0,0.595765685476761,7,1.52173913043478,0.565217391304348,"N1 O13","de-protonated",0,NA,"C23 H35 O13 N1",23,35,13,1,NA,NA,NA,NA,NA,NA,NA
4894,532.241025,532.240057712506,532.239949164374,4571801.5,NA,197845.3,20.75,-1,0.203945854564523,0.496240623843561,0.792708917554682,0.61482794132801,6,1.625,0.5,"N1 O12","de-protonated",0,NA,"C24 H39 O12 N1",24,39,12,1,NA,NA,NA,NA,NA,NA,NA
4895,532.277594,532.276626625402,532.276823931129,4214435,NA,186421.9,18.96,-1,-0.370682544570821,0.487688090206869,0.766236582456902,0.599107487106882,9,1.57142857142857,0.107142857142857,"N3 S1 P1 O3","de-protonated",0,NA,"C28 H44 O3 S1 N3 P1",28,44,3,3,1,1,NA,NA,NA,NA,NA
4896,533.058106,533.057136766292,533.057293341639,1927531,NA,194507.5,7.53,-1,-0.293730802445965,0.984466911789509,0,0.590680147073705,15,0.782608695652174,0.652173913043478,"O15","de-protonated",0,NA,"C23 H18 O15",23,18,15,NA,NA,NA,NA,NA,NA,NA,NA
4897,533.094731,533.093761679055,533.093678851023,4798324.5,NA,198315,21.88,-1,0.155372376417866,0.497814651865433,0.792708917554682,0.615772358141133,14,0.916666666666667,0.583333333333333,"O14","de-protonated",0,NA,"C24 H22 O14",24,22,14,NA,NA,NA,NA,NA,NA,NA,NA
4898,533.107765,533.106795648009,533.106566010645,2944887.5,NA,206958.4,12.62,-1,0.430753208884557,0.966892942929796,0,0.580135765757877,9,1.28571428571429,0.666666666666667,"P1 O14","de-protonated",0,NA,"C21 H27 O14 P1",21,27,14,NA,1,NA,NA,NA,NA,NA,NA
4899,533.125384,533.124414606042,533.124191133593,2045564.1,NA,145488.3,8.12,-1,0.419175218500691,0.968620910315015,0,0.581172546189009,22,0.6875,0.25,"O8","de-protonated",0,NA,"C32 H22 O8",32,22,8,NA,NA,NA,NA,NA,NA,NA,NA
4900,533.13113,533.130160592355,533.130064360407,6974333.5,NA,188917.5,32.75,-1,0.180503698324633,0.99704992925488,0.951466514727039,0.978816563443743,13,1.04,0.52,"O13","de-protonated",0,NA,"C25 H26 O13",25,26,13,NA,NA,NA,NA,NA,NA,NA,NA
4903,533.167504,533.166534505716,533.166449869791,8788871,NA,190147.9,41.82,-1,0.158742029652813,0.989803631345203,0.958048972727334,0.977101767898055,12,1.15384615384615,0.461538461538462,"O12","de-protonated",0,NA,"C26 H30 O12",26,30,12,NA,NA,NA,NA,NA,NA,NA,NA
4904,533.18052,533.179550474713,533.179337029413,4134794,NA,197697.8,18.56,-1,0.400325527665982,0.971339665090907,0,0.582803799054544,7,1.52173913043478,0.521739130434783,"P1 O12","de-protonated",0,NA,"C23 H35 O12 P1",23,35,12,NA,1,NA,NA,NA,NA,NA,NA
4905,533.203714,533.202744419467,533.202835379176,5882768,NA,197513.3,27.3,-1,-0.170591195117897,0.497366757015688,0.772687513667176,0.607495059676283,11,1.25925925925926,0.407407407407407,"O11","de-protonated",0,NA,"C27 H34 O11",27,34,11,NA,NA,NA,NA,NA,NA,NA,NA
4907,533.240505,533.239535331834,533.23971014593,2273177.3,NA,237190.3,9.26,-1,-0.327833979967209,0.980687699681882,0,0.588412619809129,14,1.25806451612903,0.0645161290322581,"N2 S1 P1 O2","de-protonated",0,NA,"C31 H39 O2 S1 N2 P1",31,39,2,2,1,1,NA,NA,NA,NA,NA
4913,534.183938,534.182966084661,534.182828210084,1986695.3,NA,228780.7,7.82,-1,0.25810372422179,0.987985098587164,0,0.592791059152298,7,1.5,0.636363636363636,"N1 O14","de-protonated",0,NA,"C22 H33 O14 N1",22,33,14,1,NA,NA,NA,NA,NA,NA,NA
4914,534.220286,534.219313998084,534.219213719468,3103888.3,NA,208199.8,13.41,-1,0.187710611678422,0.993627000126921,0,0.596176200076152,6,1.60869565217391,0.565217391304348,"N1 O13","de-protonated",0,NA,"C23 H37 O13 N1",23,37,13,1,NA,NA,NA,NA,NA,NA,NA
4915,534.256657,534.255684911451,534.255599228852,4511897.5,NA,204050.6,20.45,-1,0.160377539816483,0.497671920066373,0.792708917554682,0.615686719061696,5,1.70833333333333,0.5,"N1 O12","de-protonated",0,NA,"C24 H41 O12 N1",24,41,12,1,NA,NA,NA,NA,NA,NA,NA
4916,534.292905,534.291932825112,534.291984738237,2943650.5,NA,155702.1,12.61,-1,-0.0971624627195553,0.998288491966961,0,0.598973095180176,4,1.8,0.44,"N1 O11","de-protonated",0,NA,"C25 H45 O11 N1",25,45,11,1,NA,NA,NA,NA,NA,NA,NA
4917,535.073906,535.072931964837,535.072943406117,2959716.5,NA,224259.1,12.69,-1,-0.0213826536229839,0.999917041858266,0,0.599950225114959,14,0.869565217391304,0.652173913043478,"O15","de-protonated",0,NA,"C23 H20 O15",23,20,15,NA,NA,NA,NA,NA,NA,NA,NA
4918,535.110421,535.109446877862,535.109328915501,7447917.5,NA,200202.8,35.12,-1,0.220445345386433,0.992447463652885,0.9955372578477,0.993683381330811,13,1,0.583333333333333,"O14","de-protonated",0,NA,"C24 H24 O14",24,24,14,NA,NA,NA,NA,NA,NA,NA,NA
4919,535.123377,535.122402847002,535.122216075123,2279792.5,NA,221594.3,9.29,-1,0.349026583896062,0.978138504871508,0,0.586883102922905,8,1.38095238095238,0.666666666666667,"P1 O14","de-protonated",0,NA,"C21 H29 O14 P1",21,29,14,NA,1,NA,NA,NA,NA,NA,NA
4921,535.146849,535.145874791094,535.145714424885,10739062,NA,193519.4,51.57,-1,0.299668303624293,0.991217973661576,0.987185934665405,0.989605158063108,12,1.12,0.52,"O13","de-protonated",0,NA,"C25 H28 O13",25,28,13,NA,NA,NA,NA,NA,NA,NA,NA
4924,535.183286,535.182311704304,535.182099934269,9020799,NA,192401,42.98,-1,0.395697155113257,0.485994615988917,0.779247987650237,0.603295964653445,11,1.23076923076923,0.461538461538462,"O12","de-protonated",0,NA,"C26 H32 O12",26,32,12,NA,NA,NA,NA,NA,NA,NA,NA
4926,535.212302,535.21132763519,535.211112615102,2212998.5,NA,161084,8.95,-1,0.40174817662681,0.971138574373855,0,0.582683144624313,9,1.46428571428571,0.142857142857143,"S2 P1 O4","de-protonated",0,NA,"C28 H41 O4 S2 P1",28,41,4,NA,1,2,NA,NA,NA,NA,NA
4927,535.219539,535.218564617953,535.218485443654,4703624.5,NA,186358.5,21.4,-1,0.147928931696311,0.498018618302239,0.772687513667176,0.607886176448214,10,1.33333333333333,0.407407407407407,"O11","de-protonated",0,NA,"C27 H36 O11",27,36,11,NA,NA,NA,NA,NA,NA,NA,NA
4928,535.232598,535.231623586847,535.231372603276,7306635.5,NA,190180.6,34.41,-1,0.468925373656853,0.480443273515392,0.792708917554682,0.605349531131108,5,1.70833333333333,0.458333333333333,"P1 O11","de-protonated",0,NA,"C24 H41 O11 P1",24,41,11,NA,1,NA,NA,NA,NA,NA,NA
4930,535.25574,535.254765531725,535.254870953038,2099089.3,NA,209046.6,8.39,-1,-0.196955354838084,0.992986062574026,0,0.595791637544416,9,1.42857142857143,0.357142857142857,"O10","de-protonated",0,NA,"C28 H40 O10",28,40,10,NA,NA,NA,NA,NA,NA,NA,NA
4931,535.268872,535.267897500446,535.26775811266,8646036,NA,187781.2,41.11,-1,0.260407587517865,0.979885088043733,0.911417683155327,0.952498126088371,4,1.8,0.4,"P1 O10","de-protonated",0,NA,"C25 H45 O10 P1",25,45,10,NA,1,NA,NA,NA,NA,NA,NA
4932,535.305231,535.304256413842,535.304010680263,6217117.5,NA,193404,28.97,-1,0.459054246298222,0.97993159220794,0.96704711726227,0.974777802229672,16,1.18918918918919,0.027027027027027,"S1 O1","de-protonated",0,NA,"C37 H44 O1 S1",37,44,1,NA,NA,1,NA,NA,NA,NA,NA
4935,536.142042,536.141065420633,536.140963397078,2248809.5,NA,204344.4,9.13,-1,0.190292407826861,0.993451063614771,0,0.596070638168863,12,1.125,0.541666666666667,"N1 O13","de-protonated",0,NA,"C24 H27 O13 N1",24,27,13,1,NA,NA,NA,NA,NA,NA,NA
4937,536.178427,536.177450333967,536.177348906462,2466930.5,NA,189573,10.22,-1,0.189167828905764,0.993527989647157,0,0.596116793788294,11,1.24,0.48,"N1 O12","de-protonated",0,NA,"C25 H31 O12 N1",25,31,12,1,NA,NA,NA,NA,NA,NA,NA
4939,536.199868,536.198891282897,536.198967531932,2083959.6,NA,194482.6,8.31,-1,-0.142202876365604,0.996337529976586,0,0.597802517985952,10,1.44,0.24,"N3 S1 P1 O6","de-protonated",0,NA,"C25 H36 O6 S1 N3 P1",25,36,6,3,1,1,NA,NA,NA,NA,NA
4941,536.236128,536.235151196529,536.235353041317,3590784.5,NA,201970,15.84,-1,-0.376410817951286,0.974619075647973,0,0.584771445388784,9,1.53846153846154,0.192307692307692,"N3 S1 P1 O5","de-protonated",0,NA,"C26 H40 O5 S1 N3 P1",26,40,5,3,1,1,NA,NA,NA,NA,NA
4944,536.982193,536.981214419469,536.98144702836,8144692,NA,186310.9,38.6,-1,-0.43317863703682,0.483262695986601,0.741475186234394,0.586547692085718,28,0.34375,0.09375,"S2 P1 O3","de-protonated",0,NA,"C32 H11 O3 S2 P1",32,11,3,NA,1,2,NA,NA,NA,NA,NA
4945,537.089896,537.08891716293,537.089082727965,4728653.5,NA,182589.4,21.52,-1,-0.308263638990905,0.491452685810732,0.779247987650237,0.606570806546534,17,0.884615384615385,0.269230769230769,"N2 S1 P1 O7","de-protonated",0,NA,"C26 H23 O7 S1 N2 P1",26,23,7,2,1,1,NA,NA,NA,NA,NA
4947,537.126137,537.125158076607,537.124978979979,8470358,NA,191985.2,40.22,-1,0.33343567165811,0.979077821549071,0.958190605653139,0.970722935190698,12,1.08333333333333,0.583333333333333,"O14","de-protonated",0,NA,"C24 H26 O14",24,26,14,NA,NA,NA,NA,NA,NA,NA,NA
4949,537.162395,537.161415990244,537.161364489363,10051423,NA,186739.2,48.13,-1,0.0958759954637118,0.996999093093712,0.972825869562455,0.987329803681209,11,1.2,0.52,"O13","de-protonated",0,NA,"C25 H30 O13",25,30,13,NA,NA,NA,NA,NA,NA,NA,NA
4951,537.19874,537.197760903673,537.197749998747,6741863.5,NA,190236.1,31.59,-1,0.0202996491141603,0.999915078709628,0.990618976028332,0.99619663763711,10,1.30769230769231,0.461538461538462,"O12","de-protonated",0,NA,"C26 H34 O12",26,34,12,NA,NA,NA,NA,NA,NA,NA,NA
4952,537.211775,537.210795872625,537.210637158369,4561770.5,NA,191622.9,20.69,-1,0.295441386670743,0.492143449793766,0.799615297578637,0.615132188907715,5,1.69565217391304,0.521739130434783,"P1 O12","de-protonated",0,NA,"C23 H39 O12 P1",23,39,12,NA,1,NA,NA,NA,NA,NA,NA
4953,537.227086,537.226106836156,537.225893299654,2498926.3,NA,160281,10.38,-1,0.397479912928823,0.971739874689221,0,0.583043924813533,9,1.44444444444444,0.333333333333333,"P1 O9","de-protonated",0,NA,"C27 H39 O9 P1",27,39,9,NA,1,NA,NA,NA,NA,NA,NA
4954,537.234974,537.233994817367,537.234135508132,1940848.1,NA,243486.7,7.59,-1,-0.261879794002318,0.98763316845666,0,0.592579901073996,9,1.40740740740741,0.407407407407407,"O11","de-protonated",0,NA,"C27 H38 O11",27,38,11,NA,NA,NA,NA,NA,NA,NA,NA
4955,537.248247,537.247267785752,537.247022667754,7606131.5,NA,193187.2,35.91,-1,0.456248220846467,0.481466809463158,0.792708917554682,0.605963652699768,4,1.79166666666667,0.458333333333333,"P1 O11","de-protonated",0,NA,"C24 H43 O11 P1",24,43,11,NA,1,NA,NA,NA,NA,NA,NA
4958,537.302017,537.301037657677,537.301033300086,1928832.1,NA,136545.7,7.53,-1,0.00811014780649133,0.999988065375064,0,0.599992839225039,16,1.16666666666667,0.111111111111111,"O4","de-protonated",0,NA,"C36 H42 O4",36,42,4,NA,NA,NA,NA,NA,NA,NA,NA
4960,537.981937,537.980956038168,537.980915457038,1946144.8,NA,229831.2,7.62,-1,0.075432286028434,0.998968084363669,0,0.599380850618201,24,0.346153846153846,0.269230769230769,"N3 S2 O7","de-protonated",0,NA,"C26 H9 O7 S2 N3",26,9,7,3,NA,2,NA,NA,NA,NA,NA
4962,538.157542,538.156560619893,538.156613461556,2479690,NA,203326,10.28,-1,-0.098190121605806,0.998252128094504,0,0.598951276856702,11,1.20833333333333,0.541666666666667,"N1 O13","de-protonated",0,NA,"C24 H29 O13 N1",24,29,13,1,NA,NA,NA,NA,NA,NA,NA
4964,538.193915,538.192933533256,538.19299897094,2144850.5,NA,172887.1,8.61,-1,-0.121587766774966,0.997321132504034,0,0.598392679502421,10,1.32,0.48,"N1 O12","de-protonated",0,NA,"C25 H33 O12 N1",25,33,12,1,NA,NA,NA,NA,NA,NA,NA
4968,538.251856,538.250874395245,538.251003105795,2377824,NA,168734.2,9.77,-1,-0.239127374572683,0.989678059794949,0,0.59380683587697,8,1.61538461538462,0.192307692307692,"N3 S1 P1 O5","de-protonated",0,NA,"C26 H42 O5 S1 N3 P1",26,42,5,3,1,1,NA,NA,NA,NA,NA
4969,538.27956,538.278578329257,538.278524207549,1847910.5,NA,220450.3,7.13,-1,0.100545916263612,0.998167329298505,0,0.598900397579103,16,1.17142857142857,0.0571428571428571,"N1 S1 O2","de-protonated",0,NA,"C35 H41 O2 S1 N1",35,41,2,1,NA,1,NA,NA,NA,NA,NA
4972,539.068757,539.06777344946,539.067858025688,2461469.5,NA,187660.5,10.19,-1,-0.156893471793041,0.995543498508962,0,0.597326099105377,13,0.909090909090909,0.727272727272727,"O16","de-protonated",0,NA,"C22 H20 O16",22,20,16,NA,NA,NA,NA,NA,NA,NA,NA
4973,539.097106,539.096122381936,539.095868384814,2175780.3,NA,201086.8,8.76,-1,0.471153902427826,0.960521350937435,0,0.576312810562461,25,0.588235294117647,0.147058823529412,"S1 O5","de-protonated",0,NA,"C34 H20 O5 S1",34,20,5,NA,NA,1,NA,NA,NA,NA,NA
4974,539.105282,539.104298362461,539.104243535073,6336806,NA,188484,29.56,-1,0.101700903349362,0.499062511413528,0.799615297578637,0.619283625879572,12,1.04347826086957,0.652173913043478,"O15","de-protonated",0,NA,"C23 H24 O15",23,24,15,NA,NA,NA,NA,NA,NA,NA,NA
4975,539.123023,539.122039320204,539.122219531105,3639594.3,NA,188133.5,16.08,-1,-0.334267248884317,0.979930042334843,0,0.587958025400906,2,2,0.875,"N2 S2 O14","de-protonated",0,NA,"C16 H32 O14 S2 N2",16,32,14,2,NA,2,NA,NA,NA,NA,NA
4976,539.133503,539.132519295241,539.132253894198,4161836.5,NA,187517,18.69,-1,0.492274468099028,0.964427678896346,0.899637785676164,0.938511721608274,24,0.685714285714286,0.114285714285714,"S1 O4","de-protonated",0,NA,"C35 H24 O4 S1",35,24,4,NA,NA,1,NA,NA,NA,NA,NA
4977,539.141711,539.140727275691,539.140629044457,8335662.5,NA,177395.1,39.55,-1,0.182199649539845,0.996422843705224,0.986005379095121,0.992255857861183,11,1.16666666666667,0.583333333333333,"O14","de-protonated",0,NA,"C24 H28 O14",24,28,14,NA,NA,NA,NA,NA,NA,NA,NA
4978,539.169936,539.168952208461,539.168772345364,8681781,NA,193269.8,41.28,-1,0.33359331389335,0.490005037791183,0.785920818505338,0.608371350076845,10,1.32,0.44,"P1 O11","de-protonated",0,NA,"C25 H33 O11 P1",25,33,11,NA,1,NA,NA,NA,NA,NA,NA
4979,539.178093,539.177109189032,539.177014553841,7086391,NA,187208,33.31,-1,0.175517850713672,0.497212896014938,0.785920818505338,0.612696065011098,10,1.28,0.52,"O13","de-protonated",0,NA,"C25 H32 O13",25,32,13,NA,NA,NA,NA,NA,NA,NA,NA
4982,539.214379,539.213395102602,539.213400063225,3438911.3,NA,224446.7,15.39,-1,-0.0091997408212929,0.999984643166404,0,0.599990785899843,9,1.38461538461538,0.461538461538462,"O12","de-protonated",0,NA,"C26 H36 O12",26,36,12,NA,NA,NA,NA,NA,NA,NA,NA
4985,539.25405,539.253066008109,539.25315687598,3853640.3,NA,158354.7,17.51,-1,-0.168506886573353,0.994861092025245,0,0.596916655215147,3,1.83333333333333,0.458333333333333,"S1 O11","de-protonated",0,NA,"C24 H44 O11 S1",24,44,11,NA,NA,1,NA,NA,NA,NA,NA
4987,539.286901,539.285916929861,539.286171081994,2049359.9,NA,223311.1,8.3,-1,-0.471275079293561,0.960501447655269,0,0.576300868593161,7,1.57142857142857,0.357142857142857,"O10","de-protonated",0,NA,"C28 H44 O10",28,44,10,NA,NA,NA,NA,NA,NA,NA,NA
4988,539.299925,539.298940898839,539.298925299834,2396498.8,NA,177826,10.07,-1,0.0289245978614318,0.999848205679014,0,0.599908923407408,15,1.22222222222222,0.0555555555555556,"S1 O2","de-protonated",0,NA,"C36 H44 O2 S1",36,44,2,NA,NA,1,NA,NA,NA,NA,NA
4993,540.173539,540.172552817969,540.172752783404,2847257.8,NA,184337.8,12.37,-1,-0.370187934501423,0.975441035741094,0,0.585264621444657,14,1.18518518518519,0.185185185185185,"N3 S1 P1 O5","de-protonated",0,NA,"C27 H32 O5 S1 N3 P1",27,32,5,3,1,1,NA,NA,NA,NA,NA
4995,540.209755,540.208768731706,540.208649035418,2136610,NA,170317.5,8.75,-1,0.221574177364773,0.991131316532577,0,0.594678789919546,9,1.4,0.48,"N1 O12","de-protonated",0,NA,"C25 H35 O12 N1",25,35,12,1,NA,NA,NA,NA,NA,NA,NA
4996,540.222693,540.221706700888,540.22153619504,3687972.8,NA,206766.5,16.66,-1,0.315622085534775,0.982086952338511,0,0.589252171403107,4,1.81818181818182,0.545454545454545,"N1 P1 O12","de-protonated",0,NA,"C22 H40 O12 N1 P1",22,40,12,1,1,NA,NA,NA,NA,NA,NA
4998,540.267324,540.266337594581,540.266163912902,2345006.8,NA,193478.4,9.81,-1,0.321474285932225,0.9814227793716,0,0.58885366762296,3,1.8695652173913,0.565217391304348,"N1 O13","de-protonated",0,NA,"C23 H43 O13 N1",23,43,13,1,NA,NA,NA,NA,NA,NA,NA
4999,540.337375,540.336388427726,540.336433008226,1907774.6,NA,215524.3,7.58,-1,-0.0825050790452155,0.998765625280394,0,0.599259375168237,5,1.75862068965517,0.206896551724138,"N1 S1 O6","de-protonated",0,NA,"C29 H51 O6 S1 N1",29,51,6,1,NA,1,NA,NA,NA,NA,NA
5005,541.084336,541.083347648532,541.083508090166,3719909.5,NA,178348.2,16.82,-1,-0.296519172723778,0.984172959715727,0,0.590503775829436,12,1,0.727272727272727,"O16","de-protonated",0,NA,"C22 H22 O16",22,22,16,NA,NA,NA,NA,NA,NA,NA,NA
5006,541.099636,541.098647612089,541.098764231451,1860840.9,NA,194997.8,7.34,-1,-0.215523246422042,0.991607078459192,0,0.594964247075515,16,0.846153846153846,0.5,"O13","de-protonated",0,NA,"C26 H22 O13",26,22,13,NA,NA,NA,NA,NA,NA,NA,NA
5007,541.112906,541.111917580481,541.111651391073,3934956,NA,185867.3,17.92,-1,0.491930652490732,0.957040265224343,0,0.574224159134606,11,1.17391304347826,0.565217391304348,"P1 O13","de-protonated",0,NA,"C23 H27 O13 P1",23,27,13,NA,1,NA,NA,NA,NA,NA,NA
5008,541.120797,541.119808561685,541.119893599551,5923565.5,NA,174410.6,28.07,-1,-0.157151615293745,0.497764427181086,0.799615297578637,0.618504775340106,11,1.1304347826087,0.652173913043478,"O15","de-protonated",0,NA,"C23 H26 O15",23,26,15,NA,NA,NA,NA,NA,NA,NA,NA
5009,541.136507,541.135518524265,541.135638998206,3538673.3,NA,196871.9,15.9,-1,-0.2226316872513,0.495523420081401,0.753652554121787,0.598775073697556,19,0.9,0.133333333333333,"N2 S1 P1 O4","de-protonated",0,NA,"C30 H27 O4 S1 N2 P1",30,27,4,2,1,1,NA,NA,NA,NA,NA
5011,541.157469,541.156480474336,541.156279108935,6236918,NA,183725.4,29.67,-1,0.372102124099246,0.487594791184806,0.792708917554682,0.609640441732757,10,1.25,0.583333333333333,"O14","de-protonated",0,NA,"C24 H30 O14",24,30,14,NA,NA,NA,NA,NA,NA,NA,NA
5012,541.166824,541.165835452053,541.165662023405,2420472,NA,185168.8,10.19,-1,0.32047238005574,0.981537320425723,0,0.588922392255434,23,0.742857142857143,0.171428571428571,"O6","de-protonated",0,NA,"C35 H26 O6",35,26,6,NA,NA,NA,NA,NA,NA,NA,NA
5013,541.17274,541.171751437962,541.17153525022,2481913.3,NA,206294.8,10.51,-1,0.3994809920755,0.971458721961428,0,0.582875233176857,14,1.07142857142857,0.392857142857143,"O11","de-protonated",0,NA,"C28 H30 O11",28,30,11,NA,NA,NA,NA,NA,NA,NA,NA
5015,541.193731,541.192742387963,541.192664618319,4147965.8,NA,181388.9,19.01,-1,0.143700476284121,0.992984847548191,0.888674193870769,0.951260586077222,9,1.36,0.52,"O13","de-protonated",0,NA,"C25 H34 O13",25,34,13,NA,NA,NA,NA,NA,NA,NA,NA
5017,541.222049,541.221060320512,541.220807919226,3786500,NA,169813.7,17.16,-1,0.466355472899591,0.969152370709091,0.87162491946634,0.930141390211991,8,1.5,0.384615384615385,"P1 O10","de-protonated",0,NA,"C26 H39 O10 P1",26,39,10,NA,1,NA,NA,NA,NA,NA,NA
5018,541.229933,541.228944301733,541.229050127703,2099461.8,NA,167353.3,8.56,-1,-0.19552899164842,0.99308693477612,0,0.595852160865672,8,1.46153846153846,0.461538461538462,"O12","de-protonated",0,NA,"C26 H38 O12",26,38,12,NA,NA,NA,NA,NA,NA,NA,NA
5020,541.251898,541.250909249414,541.251048875728,4029194.8,NA,159370.9,18.4,-1,-0.257969595175527,0.987997507713138,0,0.592798504627883,2,1.91666666666667,0.375,"S2 O9","de-protonated",0,NA,"C24 H46 O9 S2",24,46,9,NA,NA,2,NA,NA,NA,NA,NA
5021,541.258185,541.257196234439,541.257060486829,3256588,NA,171622.4,14.46,-1,0.250800627773233,0.494325794471131,0.707195036525566,0.579473491292905,20,1,0.0263157894736842,"S1 O1","de-protonated",0,NA,"C38 H38 O1 S1",38,38,1,NA,NA,1,NA,NA,NA,NA,NA
5022,541.266363,541.26537421496,541.265435637088,3104526,NA,198455.9,13.68,-1,-0.113478755125091,0.997666135337895,0,0.598599681202737,7,1.55555555555556,0.407407407407407,"O11","de-protonated",0,NA,"C27 H42 O11",27,42,11,NA,NA,NA,NA,NA,NA,NA,NA
5023,541.285122,541.284133170278,541.284063081743,4603666,NA,192083.2,21.33,-1,0.129485680318027,0.498481178046146,0.766236582456902,0.605583339810448,6,1.64285714285714,0.285714285714286,"S1 O8","de-protonated",0,NA,"C28 H46 O8 S1",28,46,8,NA,NA,1,NA,NA,NA,NA,NA
5024,541.302772,541.301783128237,541.301821146472,3605270,NA,194954,16.24,-1,-0.0702348180747794,0.499552663425303,0.766236582456902,0.606226231037942,6,1.64285714285714,0.357142857142857,"O10","de-protonated",0,NA,"C28 H46 O10",28,46,10,NA,NA,NA,NA,NA,NA,NA,NA
5025,541.32136,541.320371083962,541.320448591127,6507290,NA,189300.7,31.05,-1,-0.143181667990694,0.992280958612718,0.966843859592989,0.982106119004827,5,1.72413793103448,0.241379310344828,"S1 O7","de-protonated",0,NA,"C29 H50 O7 S1",29,50,7,NA,NA,1,NA,NA,NA,NA,NA
5026,541.339289,541.338300041257,541.338206655856,2671390,NA,234438.6,11.47,-1,0.172508423355873,0.994614792712459,0,0.596768875627476,5,1.72413793103448,0.310344827586207,"O9","de-protonated",0,NA,"C29 H50 O9",29,50,9,NA,NA,NA,NA,NA,NA,NA,NA
5027,542.123813,542.122822172591,542.123025884477,2074058,NA,207232.1,8.42,-1,-0.375766893687766,0.974704732689368,0,0.584822839613621,14,1.11111111111111,0.185185185185185,"N1 S2 P1 O5","de-protonated",0,NA,"C27 H30 O5 S2 N1 P1",27,30,5,1,1,2,NA,NA,NA,NA,NA
5028,542.144547,542.143556123204,542.14328587265,3815374.5,NA,189322.9,17.31,-1,0.498485476299918,0.955913568586896,0,0.573548141152137,10,1.30434782608696,0.521739130434783,"N1 P1 O12","de-protonated",0,NA,"C23 H30 O12 N1 P1",23,30,12,1,1,NA,NA,NA,NA,NA,NA
5029,542.152765,542.15177410363,542.151528081128,2892752.3,NA,177122,12.6,-1,0.453789188939984,0.963324695464738,0,0.577994817278843,10,1.26086956521739,0.608695652173913,"N1 O14","de-protonated",0,NA,"C23 H29 O14 N1",23,29,14,1,NA,NA,NA,NA,NA,NA,NA
5030,542.189035,542.188044017238,542.187913590512,7379928,NA,199841,35.5,-1,0.240556313920636,0.494777489610898,0.792708917554682,0.613950060788411,9,1.375,0.541666666666667,"N1 O13","de-protonated",0,NA,"C24 H33 O13 N1",24,33,13,1,NA,NA,NA,NA,NA,NA,NA
5034,542.261933,542.260941843602,542.260684609281,2108392,NA,242391.3,8.6,-1,0.474373909422049,0.959990867268235,0,0.575994520360941,7,1.57692307692308,0.423076923076923,"N1 O11","de-protonated",0,NA,"C26 H41 O11 N1",26,41,11,1,NA,NA,NA,NA,NA,NA,NA
5038,543.078733,543.077739898057,543.077515722208,2048663.8,NA,188661.2,8.29,-1,0.412787940435615,0.969555319245214,0,0.581733191547128,34,0.315789473684211,0.0789473684210526,"N2 O3","de-protonated",0,NA,"C38 H12 O3 N2",38,12,3,2,NA,NA,NA,NA,NA,NA,NA
5039,543.092173,543.091179866044,543.090915946167,1911962.5,NA,224478.7,7.6,-1,0.485958924879616,0.958054886479566,0,0.57483293188774,11,1.13636363636364,0.636363636363636,"P1 O14","de-protonated",0,NA,"C22 H25 O14 P1",22,25,14,NA,1,NA,NA,NA,NA,NA,NA
5040,543.100221,543.099227846875,543.099158154644,3103900.3,NA,186183.1,13.68,-1,0.128323215975246,0.997016571401213,0,0.598209942840728,11,1.09090909090909,0.727272727272727,"O16","de-protonated",0,NA,"C22 H24 O16",22,24,16,NA,NA,NA,NA,NA,NA,NA,NA
5041,543.115381,543.114387810765,543.114414295929,2761887.5,NA,207894.7,11.93,-1,-0.0487653494393248,0.999568597343863,0,0.599741158406318,15,0.923076923076923,0.5,"O13","de-protonated",0,NA,"C26 H24 O13",26,24,13,NA,NA,NA,NA,NA,NA,NA,NA
5042,543.128529,543.127535779448,543.127301455551,5127330.5,NA,193807.2,24,-1,0.431434575059694,0.483394941302414,0.799615297578637,0.609883083812903,10,1.26086956521739,0.565217391304348,"P1 O13","de-protonated",0,NA,"C23 H29 O13 P1",23,29,13,NA,1,NA,NA,NA,NA,NA,NA
5043,543.136477,543.135483760516,543.135543664029,3057828,NA,203386,13.44,-1,-0.11029201283219,0.99779523272512,0,0.598677139635072,10,1.21739130434783,0.652173913043478,"O15","de-protonated",0,NA,"C23 H28 O15",23,28,15,NA,NA,NA,NA,NA,NA,NA,NA
5044,543.152163,543.151169723154,543.151289062684,3372199.3,NA,196468.8,15.05,-1,-0.2197169234767,0.495639361029433,0.753652554121787,0.598844638266375,18,0.966666666666667,0.133333333333333,"N2 S1 P1 O4","de-protonated",0,NA,"C30 H29 O4 S1 N2 P1",30,29,4,2,1,1,NA,NA,NA,NA,NA
5046,543.173035,543.172041673438,543.171929173413,2764971.8,NA,195767.3,11.95,-1,0.207116788301696,0.992246543975045,0,0.595347926385027,9,1.33333333333333,0.583333333333333,"O14","de-protonated",0,NA,"C24 H32 O14",24,32,14,NA,NA,NA,NA,NA,NA,NA,NA
5048,543.188287,543.187293637109,543.187185314698,2777263,NA,229130.1,12.01,-1,0.19942004257208,0.992810056731979,0,0.595686034039187,13,1.14285714285714,0.392857142857143,"O11","de-protonated",0,NA,"C28 H32 O11",28,32,11,NA,NA,NA,NA,NA,NA,NA,NA
5049,543.201289,543.20029560614,543.20007247432,5318834,NA,186067.7,24.98,-1,0.410772809714577,0.982561976418382,0.877485274042663,0.940531295468094,8,1.48,0.44,"P1 O11","de-protonated",0,NA,"C25 H37 O11 P1",25,37,11,NA,1,NA,NA,NA,NA,NA,NA
5050,543.209559,543.208565586441,543.208314682797,2230963.5,NA,224089.1,9.22,-1,0.46189212760334,0.962028647379559,0,0.577217188427736,8,1.44,0.52,"O13","de-protonated",0,NA,"C25 H36 O13",25,36,13,NA,NA,NA,NA,NA,NA,NA,NA
5051,543.237716,543.236722519374,543.236457983704,3274937.5,NA,180217.4,14.55,-1,0.486962290540652,0.957885201787993,0,0.574731121072796,7,1.57692307692308,0.384615384615385,"P1 O10","de-protonated",0,NA,"C26 H41 O10 P1",26,41,10,NA,1,NA,NA,NA,NA,NA,NA
5052,543.245853,543.244859499992,543.244700192181,2597051.3,NA,213540.7,11.09,-1,0.293252397790075,0.984517075203524,0,0.590710245122115,7,1.53846153846154,0.461538461538462,"O12","de-protonated",0,NA,"C26 H40 O12",26,40,12,NA,NA,NA,NA,NA,NA,NA,NA
5053,543.264253,543.263259456165,543.263327636836,1814719.3,NA,199407.7,7.1,-1,-0.125502067958632,0.997146123714774,0,0.598287674228864,6,1.62962962962963,0.333333333333333,"S1 O9","de-protonated",0,NA,"C27 H44 O9 S1",27,44,9,NA,NA,1,NA,NA,NA,NA,NA
5054,543.273912,543.272918433158,543.272710551307,2655425.3,NA,199717.8,11.39,-1,0.382647328916375,0.486891140431192,0.707195036525566,0.575012698868942,19,1.05263157894737,0.0263157894736842,"S1 O1","de-protonated",0,NA,"C38 H40 O1 S1",38,40,1,NA,NA,1,NA,NA,NA,NA,NA
5055,543.282193,543.281199413434,543.281085701566,4613315,NA,189056,21.38,-1,0.209305773809792,0.496041220841647,0.772687513667176,0.606699737971859,6,1.62962962962963,0.407407407407407,"O11","de-protonated",0,NA,"C27 H44 O11",27,44,11,NA,NA,NA,NA,NA,NA,NA,NA
5057,543.318523,543.317529326899,543.31747121095,3839178.8,NA,215174.7,17.43,-1,0.106964992180036,0.498963053308582,0.766236582456902,0.60587246496791,5,1.71428571428571,0.357142857142857,"O10","de-protonated",0,NA,"C28 H48 O10",28,48,10,NA,NA,NA,NA,NA,NA,NA,NA
5059,544.168099,544.167103303285,544.167178145606,2723197.8,NA,197940.3,11.73,-1,-0.137535529006439,0.996573596269954,0,0.597944157761973,9,1.34782608695652,0.608695652173913,"N1 O14","de-protonated",0,NA,"C23 H31 O14 N1",23,31,14,1,NA,NA,NA,NA,NA,NA,NA
5061,544.241045,544.240049129534,544.239949164374,2447757,NA,210195.8,10.33,-1,0.183678467560415,0.993897023521192,0,0.596338214112715,7,1.56,0.48,"N1 O12","de-protonated",0,NA,"C25 H39 O12 N1",25,39,12,1,NA,NA,NA,NA,NA,NA,NA
5062,544.277652,544.27665604234,544.276823931129,2943380.5,NA,187708.2,12.86,-1,-0.308462131812401,0.982883539415741,0,0.589730123649444,10,1.51724137931034,0.103448275862069,"N3 S1 P1 O3","de-protonated",0,NA,"C29 H44 O3 S1 N3 P1",29,44,3,3,1,1,NA,NA,NA,NA,NA
5064,545.094571,545.093573096512,545.093678851023,3087421.3,NA,181074.3,13.59,-1,-0.194011626023166,0.993193448943182,0,0.595916069365909,15,0.88,0.56,"O14","de-protonated",0,NA,"C25 H22 O14",25,22,14,NA,NA,NA,NA,NA,NA,NA,NA
5065,545.107832,545.106834064925,545.106566010645,2988608,NA,199541.7,13.09,-1,0.491746563717628,0.957071711635538,0,0.574243026981323,10,1.22727272727273,0.636363636363636,"P1 O14","de-protonated",0,NA,"C22 H27 O14 P1",22,27,14,NA,1,NA,NA,NA,NA,NA,NA
5066,545.116017,545.11501904543,545.114808219122,1904705.8,NA,160598,7.56,-1,0.386755788273534,0.973223908274573,0,0.583934344964744,10,1.18181818181818,0.727272727272727,"O16","de-protonated",0,NA,"C22 H26 O16",22,26,16,NA,NA,NA,NA,NA,NA,NA,NA
5067,545.131391,545.13039300881,545.130553617778,5212741,NA,193085.2,24.44,-1,-0.294624776597449,0.49218648064796,0.759892473118277,0.599268877636087,18,0.931034482758621,0.172413793103448,"N2 S1 P1 O5","de-protonated",0,NA,"C29 H27 O5 S1 N2 P1",29,27,5,2,1,1,NA,NA,NA,NA,NA
5070,545.167564,545.166565922649,545.166449869791,5377612.5,NA,194412.1,25.28,-1,0.212876008115021,0.495905574396807,0.772687513667176,0.606618350104954,13,1.11111111111111,0.444444444444444,"O12","de-protonated",0,NA,"C27 H30 O12",27,30,12,NA,NA,NA,NA,NA,NA,NA,NA
5072,545.18916,545.188161871209,545.188068495261,1816144.6,NA,195055.8,7.11,-1,0.171272912137976,0.994691450179552,0,0.596814870107731,12,1.2962962962963,0.222222222222222,"N2 S1 P1 O6","de-protonated",0,NA,"C27 H35 O6 S1 N2 P1",27,35,6,2,1,1,NA,NA,NA,NA,NA
5074,545.204157,545.203158835488,545.203324636546,4447827.5,NA,197576.6,20.53,-1,-0.304108670672487,0.491679629994912,0.747514279669976,0.594013489864938,16,1.12903225806452,0.0967741935483871,"N2 S1 P1 O3","de-protonated",0,NA,"C31 H35 O3 S1 N2 P1",31,35,3,2,1,1,NA,NA,NA,NA,NA
5076,545.225415,545.224416784853,545.224454004646,1952856,NA,225194.8,7.8,-1,-0.0682650823678018,0.999154784477131,0,0.599492870686279,11,1.39285714285714,0.178571428571429,"N2 S1 P1 O5","de-protonated",0,NA,"C28 H39 O5 S1 N2 P1",28,39,5,2,1,1,NA,NA,NA,NA,NA
5078,545.261303,545.260304699371,545.260350256659,3040863.5,NA,193048,13.35,-1,-0.0835514414278968,0.998734137023456,0,0.599240482214074,6,1.61538461538462,0.461538461538462,"O12","de-protonated",0,NA,"C26 H42 O12",26,42,12,NA,NA,NA,NA,NA,NA,NA,NA
5079,545.28951,545.288511632185,545.288360615785,3608165.3,NA,210456.1,16.25,-1,0.276947778023462,0.98845266167273,0.831219667145109,0.925559463861682,18,1.10526315789474,0.0263157894736842,"S1 O1","de-protonated",0,NA,"C38 H42 O1 S1",38,42,1,NA,NA,1,NA,NA,NA,NA,NA
5080,545.297601,545.296602612913,545.296735766044,3427942.8,NA,201323.7,15.33,-1,-0.244184720586517,0.989239224248302,0,0.593543534548981,5,1.7037037037037,0.407407407407407,"O11","de-protonated",0,NA,"C27 H46 O11",27,46,11,NA,NA,NA,NA,NA,NA,NA,NA
5081,545.325968,545.324969545345,545.324879066951,2609772.5,NA,215620.9,11.15,-1,0.165916498219874,0.995017483085768,0,0.597010489851461,4,1.82142857142857,0.285714285714286,"P1 O8","de-protonated",0,NA,"C28 H51 O8 P1",28,51,8,NA,1,NA,NA,NA,NA,NA,NA
5082,545.334161,545.33316252583,545.333121275428,2379374.3,NA,221729.6,9.98,-1,0.0756425760368034,0.998962325788575,0,0.599377395473145,4,1.78571428571429,0.357142857142857,"O10","de-protonated",0,NA,"C28 H50 O10",28,50,10,NA,NA,NA,NA,NA,NA,NA,NA
5084,546.183846,546.182845501957,546.182828210084,2588442,NA,200072.3,11.05,-1,0.0316594953739267,0.999818146228335,0,0.599890887737001,8,1.43478260869565,0.608695652173913,"N1 O14","de-protonated",0,NA,"C23 H33 O14 N1",23,33,14,1,NA,NA,NA,NA,NA,NA,NA
5085,546.220146,546.219145415493,546.219213719468,2220833.3,NA,239509.3,9.17,-1,-0.125048649303444,0.9971666784622,0,0.59830000707732,7,1.54166666666667,0.541666666666667,"N1 O13","de-protonated",0,NA,"C24 H37 O13 N1",24,37,13,1,NA,NA,NA,NA,NA,NA,NA
5086,546.256637,546.255636328575,546.255599228852,4290344.5,NA,186438.5,19.73,-1,0.0679164157127692,0.499581696384605,0.785920818505338,0.614117345232898,6,1.64,0.48,"N1 O12","de-protonated",0,NA,"C25 H41 O12 N1",25,41,12,1,NA,NA,NA,NA,NA,NA,NA
5088,546.329276,546.328275155555,546.328370247621,1995575.3,NA,199673.2,8.02,-1,-0.174056612860818,0.9945179657145,0,0.5967107794287,4,1.81481481481481,0.37037037037037,"N1 O10","de-protonated",0,NA,"C27 H49 O10 N1",27,49,10,1,NA,NA,NA,NA,NA,NA,NA
5089,547.074141,547.073138381354,547.072943406117,2925514.8,NA,191475.6,12.76,-1,0.356397148680474,0.977216145481703,0,0.586329687289022,15,0.833333333333333,0.625,"O15","de-protonated",0,NA,"C24 H20 O15",24,20,15,NA,NA,NA,NA,NA,NA,NA,NA
5090,547.11039,547.109387295012,547.109328915501,4753362,NA,184773.2,22.09,-1,0.106705383869566,0.498968075431149,0.785920818505338,0.613749172660825,14,0.96,0.56,"O14","de-protonated",0,NA,"C25 H24 O14",25,24,14,NA,NA,NA,NA,NA,NA,NA,NA
5092,547.146892,547.145889208067,547.145714424885,8075225,NA,187139.6,39.04,-1,0.319445401019127,0.98107969582221,0.97873329731633,0.980141136419858,13,1.07692307692308,0.5,"O13","de-protonated",0,NA,"C26 H28 O13",26,28,13,NA,NA,NA,NA,NA,NA,NA,NA
5094,547.177438,547.17643513531,547.176226707455,1919071.3,NA,112271,7.63,-1,0.380915406199576,0.97401597135063,0,0.584409582810378,21,0.823529411764706,0.205882352941176,"O7","de-protonated",0,NA,"C34 H28 O7",34,28,7,NA,NA,NA,NA,NA,NA,NA,NA
5095,547.183364,547.182361121194,547.182099934269,6883296.5,NA,195448.6,32.96,-1,0.477330901106983,0.96624397096092,0.96805565637342,0.96696864512592,12,1.18518518518519,0.444444444444444,"O12","de-protonated",0,NA,"C27 H32 O12",27,32,12,NA,NA,NA,NA,NA,NA,NA,NA
5097,547.219725,547.218722034586,547.218485443654,3818471.5,NA,206146.7,17.32,-1,0.432351863623105,0.483325448940786,0.766236582456902,0.596489902347232,11,1.28571428571429,0.392857142857143,"O11","de-protonated",0,NA,"C28 H36 O11",28,36,11,NA,NA,NA,NA,NA,NA,NA,NA
5099,547.268907,547.267903917439,547.26775811266,7868401,NA,189791.5,37.98,-1,0.266423110744103,0.980886263793266,0.860968851562266,0.932919298900866,5,1.73076923076923,0.384615384615385,"P1 O10","de-protonated",0,NA,"C26 H45 O10 P1",26,45,10,NA,1,NA,NA,NA,NA,NA,NA
5100,547.276914,547.275910898367,547.276000321137,2292210.8,NA,196285.1,9.53,-1,-0.163396112232082,0.995167345478053,0,0.597100407286832,5,1.69230769230769,0.461538461538462,"O12","de-protonated",0,NA,"C26 H44 O12",26,44,12,NA,NA,NA,NA,NA,NA,NA,NA
5102,547.313157,547.312153812039,547.312385830522,1881081.8,NA,178359.1,7.43,-1,-0.423923318066803,0.967917598191387,0,0.580750558914832,4,1.77777777777778,0.407407407407407,"O11","de-protonated",0,NA,"C27 H48 O11",27,48,11,NA,NA,NA,NA,NA,NA,NA,NA
5103,547.341803,547.340799743807,547.340529131429,2058751.4,NA,174854.2,8.34,-1,0.494413192229677,0.95661514466275,0,0.57396908679765,3,1.89285714285714,0.285714285714286,"P1 O8","de-protonated",0,NA,"C28 H53 O8 P1",28,53,8,NA,1,NA,NA,NA,NA,NA,NA
5106,548.163525,548.162519786539,548.162582022548,1910942.8,NA,227479.5,7.59,-1,-0.11353567575056,0.997663796168468,0,0.598598277701081,12,1.28,0.28,"N3 S1 P1 O7","de-protonated",0,NA,"C25 H32 O7 S1 N3 P1",25,32,7,3,1,1,NA,NA,NA,NA,NA
5108,548.235847,548.234841614274,548.234863783946,3153068.8,NA,185179.9,13.92,-1,-0.040438274414722,0.999703329318537,0,0.599821997591122,6,1.625,0.541666666666667,"N1 O13","de-protonated",0,NA,"C24 H39 O13 N1",24,39,13,1,NA,NA,NA,NA,NA,NA,NA
5110,548.308893,548.307887440285,548.307634802715,2658490.8,NA,203044.1,11.4,-1,0.460758804841972,0.962211194114664,0,0.577326716468798,4,1.80769230769231,0.423076923076923,"N1 O11","de-protonated",0,NA,"C26 H47 O11 N1",26,47,11,1,NA,NA,NA,NA,NA,NA,NA
5112,549.053365,549.05235766702,549.05220796121,1958728.4,NA,226913.9,7.83,-1,0.272662248103954,0.986600830474496,0,0.591960498284697,15,0.782608695652174,0.695652173913043,"O16","de-protonated",0,NA,"C23 H18 O16",23,18,16,NA,NA,NA,NA,NA,NA,NA,NA
5113,549.090017,549.089009579718,549.089082727965,3977551.3,NA,182943.7,18.13,-1,-0.133217449223215,0.498392514733213,0.772687513667176,0.608110514306798,18,0.851851851851852,0.259259259259259,"N2 S1 P1 O7","de-protonated",0,NA,"C27 H23 O7 S1 N2 P1",27,23,7,2,1,1,NA,NA,NA,NA,NA
5114,549.126026,549.125018493948,549.124978979979,7149910,NA,179041.1,34.32,-1,0.07195806107009,0.499530453360671,0.785920818505338,0.614086599418538,13,1.04,0.56,"O14","de-protonated",0,NA,"C25 H26 O14",25,26,14,NA,NA,NA,NA,NA,NA,NA,NA
5116,549.154284,549.15327642664,549.153122280886,2141019.3,NA,137917.7,8.76,-1,0.280697218548626,0.985805199360588,0,0.591483119616353,12,1.19230769230769,0.423076923076923,"P1 O11","de-protonated",0,NA,"C26 H31 O11 P1",26,31,11,NA,1,NA,NA,NA,NA,NA,NA
5117,549.162436,549.161428407222,549.161364489363,8943965,NA,188091.8,43.47,-1,0.116391762601361,0.996203768018939,0.977439501089085,0.988698061246997,12,1.15384615384615,0.5,"O13","de-protonated",0,NA,"C26 H30 O13",26,30,13,NA,NA,NA,NA,NA,NA,NA,NA
5119,549.190978,549.189970339238,549.189704494762,2529122.3,NA,164376.3,10.74,-1,0.484066750216315,0.958374011600212,0,0.575024406960127,3,2,0.941176470588235,"N4 O16","de-protonated",0,NA,"C17 H34 O16 N4",17,34,16,4,NA,NA,NA,NA,NA,NA,NA
5120,549.198798,549.197790320611,549.197749998747,7338340,NA,186258.3,35.28,-1,0.0734195721327756,0.499511195540475,0.772687513667176,0.608781722791155,11,1.25925925925926,0.444444444444444,"O12","de-protonated",0,NA,"C27 H34 O12",27,34,12,NA,NA,NA,NA,NA,NA,NA,NA
5122,549.227274,549.226266252784,549.226090004147,2197865.3,NA,128006.8,9.05,-1,0.320903614264882,0.981488062552777,0,0.588892837531666,2,2.11111111111111,0.833333333333333,"N4 O15","de-protonated",0,NA,"C18 H38 O15 N4",18,38,15,4,NA,NA,NA,NA,NA,NA,NA
5123,549.235428,549.234420233362,549.234624765502,3587434.8,NA,199628.5,16.14,-1,-0.372394840137417,0.487575510886504,0.747514279669976,0.591551018399892,14,1.25806451612903,0.0967741935483871,"N2 S1 P1 O3","de-protonated",0,NA,"C31 H39 O3 S1 N2 P1",31,39,3,2,1,1,NA,NA,NA,NA,NA
5126,549.320986,549.31997802957,549.319793686522,5148026.5,NA,187291.8,24.1,-1,0.335584208341014,0.489886599683,0.772687513667176,0.603006965276671,3,1.88888888888889,0.333333333333333,"P1 O9","de-protonated",0,NA,"C27 H51 O9 P1",27,51,9,NA,1,NA,NA,NA,NA,NA,NA
5131,550.251378,550.25036781346,550.250513848424,3170855.5,NA,175600.5,14.01,-1,-0.265397233338258,0.987300859621968,0,0.592380515773181,5,1.70833333333333,0.541666666666667,"N1 O13","de-protonated",0,NA,"C24 H41 O13 N1",24,41,13,1,NA,NA,NA,NA,NA,NA,NA
5132,550.287902,550.286891726463,550.286899357808,3205678.3,NA,177000.2,14.19,-1,-0.0138679390312899,0.999965104445964,0,0.599979062667578,4,1.8,0.48,"N1 O12","de-protonated",0,NA,"C25 H45 O12 N1",25,45,12,1,NA,NA,NA,NA,NA,NA,NA
5134,550.962753,550.961741119029,550.96169267835,1835177.5,NA,241556.9,7.2,-1,0.0879202295318371,0.99859839085888,0,0.599159034515328,17,0.473684210526316,0.842105263157895,"N2 P1 O16","de-protonated",0,NA,"C19 H9 O16 N2 P1",19,9,16,2,1,NA,NA,NA,NA,NA,NA
5135,551.068911,551.06789886617,551.067858025688,2329276.8,NA,200337,9.72,-1,0.0741115290604993,0.999003886141261,0,0.599402331684757,14,0.869565217391304,0.695652173913043,"O16","de-protonated",0,NA,"C23 H20 O16",23,20,16,NA,NA,NA,NA,NA,NA,NA,NA
5136,551.10554,551.104527778923,551.104732792443,5372611.5,NA,202435,25.25,-1,-0.372004644184164,0.487601208688699,0.772687513667176,0.60163573068009,17,0.925925925925926,0.259259259259259,"N2 S1 P1 O7","de-protonated",0,NA,"C27 H25 O7 S1 N2 P1",27,25,7,2,1,1,NA,NA,NA,NA,NA
5137,551.134197,551.133184710664,551.133256215905,2667720.5,NA,186487,11.44,-1,-0.129742198809483,0.996950327069372,0,0.598170196241623,11,1.26923076923077,0.269230769230769,"S2 P1 O7","de-protonated",0,NA,"C26 H33 O7 S2 P1",26,33,7,NA,1,2,NA,NA,NA,NA,NA
5138,551.141848,551.14083569244,551.140629044457,9249482,NA,183761.5,45.03,-1,0.374946016755053,0.487406863411104,0.785920818505338,0.606812445448798,12,1.12,0.56,"O14","de-protonated",0,NA,"C25 H28 O14",25,28,14,NA,NA,NA,NA,NA,NA,NA,NA
5140,551.17813,551.17711760602,551.177014553841,8397520,NA,193356.8,40.68,-1,0.186967482692174,0.49683860046631,0.779247987650237,0.609802355339881,11,1.23076923076923,0.5,"O13","de-protonated",0,NA,"C26 H32 O13",26,32,13,NA,NA,NA,NA,NA,NA,NA,NA
5142,551.206543,551.205530538343,551.20535455924,4076245.5,NA,188384.5,18.63,-1,0.319262323889539,0.981675198937321,0,0.589005119362393,2,2.11764705882353,0.941176470588235,"N4 O16","de-protonated",0,NA,"C17 H36 O16 N4",17,36,16,4,NA,NA,NA,NA,NA,NA,NA
5143,551.214406,551.213393519614,551.213400063225,4531927,NA,204630.4,20.96,-1,-0.011871285351893,0.499987214616228,0.772687513667176,0.609067334236607,10,1.33333333333333,0.444444444444444,"O12","de-protonated",0,NA,"C27 H36 O12",27,36,12,NA,NA,NA,NA,NA,NA,NA,NA
5144,551.227476,551.226463488482,551.226287222847,4465369.5,NA,191910.9,20.62,-1,0.319770009092694,0.490808706231167,0.792708917554682,0.611568790760573,5,1.70833333333333,0.5,"P1 O12","de-protonated",0,NA,"C24 H41 O12 P1",24,41,12,NA,1,NA,NA,NA,NA,NA,NA
5145,551.242929,551.241916451675,551.241740068625,2301148,NA,123879.5,9.57,-1,0.319974046122308,0.981594163359948,0,0.588956498015969,1,2.22222222222222,0.833333333333333,"N4 O15","de-protonated",0,NA,"C18 H40 O15 N4",18,40,15,4,NA,NA,NA,NA,NA,NA,NA
5146,551.250895,551.2498824327,551.24978557261,2292445.5,NA,167584,9.53,-1,0.175709983050985,0.994413615797144,0,0.596648169478287,9,1.42857142857143,0.392857142857143,"O11","de-protonated",0,NA,"C28 H40 O11",28,40,11,NA,NA,NA,NA,NA,NA,NA,NA
5148,551.281256,551.280243360383,551.28029785518,3163363,NA,165523.3,13.97,-1,-0.098851340569761,0.499114264594483,0.718264051224716,0.586774179246576,17,1.11111111111111,0.138888888888889,"O5","de-protonated",0,NA,"C36 H40 O5",36,40,5,NA,NA,NA,NA,NA,NA,NA,NA
5150,551.305922,551.304909301631,551.304798526649,3229415.5,NA,198120.3,14.31,-1,0.200932374020126,0.992700991688288,0,0.595620595012973,7,1.6,0.233333333333333,"S1 O7","de-protonated",0,NA,"C30 H48 O7 S1",30,48,7,NA,NA,1,NA,NA,NA,NA,NA
5151,551.33667,551.335657228392,551.335443751,2494189,NA,184060.1,10.56,-1,0.387200558315609,0.973163122069963,0,0.583897873241978,2,1.96296296296296,0.333333333333333,"P1 O9","de-protonated",0,NA,"C27 H53 O9 P1",27,53,9,NA,1,NA,NA,NA,NA,NA,NA
5152,551.367412,551.366399155167,551.366152738062,2006258.5,NA,200298.9,8.07,-1,0.44692098649952,0.964406623680105,0,0.578643974208063,2,2.08,0.36,"N4 O9","de-protonated",0,NA,"C25 H52 O9 N4",25,52,9,4,NA,NA,NA,NA,NA,NA,NA
5154,552.136862,552.135847322406,552.13587801665,1951611.6,NA,188621.9,7.79,-1,-0.0555918293193301,0.999439398833148,0,0.599663639299889,12,1.125,0.583333333333333,"N1 O14","de-protonated",0,NA,"C24 H27 O14 N1",24,27,14,1,NA,NA,NA,NA,NA,NA,NA
5155,552.17309,552.172075236114,552.172263526034,2559874,NA,190069.5,10.89,-1,-0.340998511076039,0.979122173125992,0,0.587473303875595,11,1.24,0.52,"N1 O13","de-protonated",0,NA,"C25 H31 O13 N1",25,31,13,1,NA,NA,NA,NA,NA,NA,NA
5158,552.259781,552.258766029624,552.25879108435,3479441.3,NA,175258.8,15.59,-1,-0.0453677267666392,0.999626606484419,0,0.599775963890652,3,1.92,0.24,"N1 S2 P1 O6","de-protonated",0,NA,"C25 H48 O6 S2 N1 P1",25,48,6,1,1,2,NA,NA,NA,NA,NA
5159,552.26756,552.266545011095,552.266653170273,2171794.5,NA,213895.4,8.91,-1,-0.195845931456701,0.993064583311037,0,0.595838749986622,8,1.62962962962963,0.185185185185185,"N3 S1 P1 O5","de-protonated",0,NA,"C27 H44 O5 S1 N3 P1",27,44,5,3,1,1,NA,NA,NA,NA,NA
5161,553.08448,553.083463065265,553.083508090166,4358177,NA,174337.5,20.07,-1,-0.0814070574935415,0.499399121232889,0.799615297578637,0.619485591771188,13,0.956521739130435,0.695652173913043,"O16","de-protonated",0,NA,"C23 H22 O16",23,22,16,NA,NA,NA,NA,NA,NA,NA,NA
5162,553.113309,553.112291996597,553.112520770999,2546726.3,NA,202583.4,10.83,-1,-0.413612769246682,0.969435409613699,0,0.58166124576822,11,1.24,0.32,"S2 P1 O8","de-protonated",0,NA,"C25 H31 O8 S2 P1",25,31,8,NA,1,2,NA,NA,NA,NA,NA
5163,553.12103,553.120012978206,553.119893599551,5866535.5,NA,182769.4,27.76,-1,0.215827811045876,0.495791720559804,0.792708917554682,0.614558599357755,12,1.08333333333333,0.625,"O15","de-protonated",0,NA,"C24 H26 O15",24,26,15,NA,NA,NA,NA,NA,NA,NA,NA
5165,553.157569,553.156551891174,553.156279108935,7384110,NA,190064.4,35.51,-1,0.493137742773212,0.966557855606574,0.976204550695245,0.970416533642042,11,1.2,0.56,"O14","de-protonated",0,NA,"C25 H30 O14",25,30,14,NA,NA,NA,NA,NA,NA,NA,NA
5166,553.173345,553.172327853597,553.172404630145,1935152.5,NA,142929.3,7.71,-1,-0.138793164295808,0.996510757133139,0,0.597906454279883,14,1.13333333333333,0.2,"S2 O6","de-protonated",0,NA,"C30 H34 O6 S2",30,34,6,NA,NA,2,NA,NA,NA,NA,NA
5168,553.19387,553.192852804708,553.192664618319,5669940,NA,195851.1,26.76,-1,0.340182364646087,0.489610473620898,0.779247987650237,0.605465479232633,10,1.30769230769231,0.5,"O13","de-protonated",0,NA,"C26 H34 O13",26,34,13,NA,NA,NA,NA,NA,NA,NA,NA
5169,553.206838,553.205820773819,553.205551777941,2203702.3,NA,124950.4,9.08,-1,0.486249419060329,0.958005792315249,0,0.574803475389149,5,1.69565217391304,0.565217391304348,"P1 O13","de-protonated",0,NA,"C23 H39 O13 P1",23,39,13,NA,1,NA,NA,NA,NA,NA,NA
5171,553.230425,553.229407717637,553.229539385074,3173434.3,NA,204831.2,14.02,-1,-0.237997842105317,0.989774843021011,0,0.593864905812606,13,1.3,0.133333333333333,"N2 S1 P1 O4","de-protonated",0,NA,"C30 H39 O4 S1 N2 P1",30,39,4,2,1,1,NA,NA,NA,NA,NA
5173,553.260163,553.259145646804,553.258910961651,2841151.5,NA,116475,12.33,-1,0.424186847851688,0.967878345866521,0,0.580727007519912,8,1.55555555555556,0.296296296296296,"N2 S1 O8","de-protonated",0,NA,"C27 H42 O8 S1 N2",27,42,8,2,NA,1,NA,NA,NA,NA,NA
5174,553.266503,553.265485631703,553.265435637088,2552384.5,NA,184747.1,10.85,-1,0.0903628019441294,0.998519489407866,0,0.599111693644719,8,1.5,0.392857142857143,"O11","de-protonated",0,NA,"C28 H42 O11",28,42,11,NA,NA,NA,NA,NA,NA,NA,NA
5176,553.285258,553.28424058703,553.284063081743,2395715.8,NA,186873,10.06,-1,0.32082125485814,0.981497475009929,0,0.588898485005958,7,1.58620689655172,0.275862068965517,"S1 O8","de-protonated",0,NA,"C29 H46 O8 S1",29,46,8,NA,NA,1,NA,NA,NA,NA,NA
5177,553.302678,553.301660545537,553.301821146472,2370118.8,NA,200842.5,9.92,-1,-0.290259183446052,0.984829131678069,0,0.590897479006841,7,1.58620689655172,0.344827586206897,"O10","de-protonated",0,NA,"C29 H46 O10",29,46,10,NA,NA,NA,NA,NA,NA,NA,NA
5178,553.321541,553.320523500607,553.320448591127,3566666,NA,197195.9,16.03,-1,0.135381731318302,0.49833994679004,0.753652554121787,0.600464989722739,6,1.66666666666667,0.233333333333333,"S1 O7","de-protonated",0,NA,"C30 H50 O7 S1",30,50,7,NA,NA,1,NA,NA,NA,NA,NA
5179,553.358062,553.357044413617,553.356834100511,2479184.3,NA,226401.4,10.48,-1,0.380067784922953,0.974129975913873,0,0.584477985548324,5,1.74193548387097,0.193548387096774,"S1 O6","de-protonated",0,NA,"C31 H54 O6 S1",31,54,6,NA,NA,1,NA,NA,NA,NA,NA
5181,554.152743,554.151723520759,554.151528081128,2867927.8,NA,182992.2,12.46,-1,0.352682652328521,0.977683281434697,0,0.586609968860818,11,1.20833333333333,0.583333333333333,"N1 O14","de-protonated",0,NA,"C24 H29 O14 N1",24,29,14,1,NA,NA,NA,NA,NA,NA,NA
5183,554.188971,554.187951434467,554.187913590512,2265822,NA,200399.7,9.39,-1,0.0682872247356887,0.999154236314298,0,0.599492541788579,10,1.32,0.52,"N1 O13","de-protonated",0,NA,"C25 H33 O13 N1",25,33,13,1,NA,NA,NA,NA,NA,NA,NA
5184,554.202042,554.201022403333,554.200800750134,2813152,NA,192429.3,12.18,-1,0.399951061691921,0.971392483976474,0,0.582835490385885,5,1.72727272727273,0.590909090909091,"N1 P1 O13","de-protonated",0,NA,"C22 H38 O13 N1 P1",22,38,13,1,1,NA,NA,NA,NA,NA,NA
5185,554.23832,554.237300316922,554.237053317737,3394790.3,NA,222821.4,15.15,-1,0.445656210747723,0.482302096114995,0.72968508002065,0.581255289677257,17,1.08823529411765,0.117647058823529,"N1 S1 O4","de-protonated",0,NA,"C34 H37 O4 S1 N1",34,37,4,1,NA,1,NA,NA,NA,NA,NA
5189,554.992878,554.991856519632,554.99201171241,3618148.3,NA,191933.9,16.29,-1,-0.279630650882794,0.492956052315612,0.741475186234394,0.592363705883125,27,0.40625,0.125,"S2 P1 O4","de-protonated",0,NA,"C32 H13 O4 S2 P1",32,13,4,NA,1,2,NA,NA,NA,NA,NA
5190,555.064319,555.063297349466,555.063128960849,2082160.1,NA,179822,8.45,-1,0.303368407425152,0.983439501638246,0,0.590063700982948,30,0.444444444444444,0.0277777777777778,"N2 S2 O1","de-protonated",0,NA,"C36 H16 O1 S2 N2",36,16,1,2,NA,2,NA,NA,NA,NA,NA
5191,555.10018,555.099158264049,555.099158154644,3768694,NA,183244.8,17.06,-1,0.000197089979891195,0.999999992951724,0,0.599999995771034,12,1.04347826086957,0.695652173913043,"O16","de-protonated",0,NA,"C23 H24 O16",23,24,16,NA,NA,NA,NA,NA,NA,NA,NA
5192,555.12848,555.127458196641,555.127301455551,4717946.5,NA,184962.1,21.9,-1,0.282351613793417,0.492819296118571,0.792708917554682,0.612775144693016,11,1.20833333333333,0.541666666666667,"P1 O13","de-protonated",0,NA,"C24 H29 O13 P1",24,29,13,NA,1,NA,NA,NA,NA,NA,NA
5193,555.136733,555.135711176983,555.135543664029,5363068,NA,202435.7,25.19,-1,0.301751447997353,0.491807058119598,0.792708917554682,0.612167801893632,11,1.16666666666667,0.625,"O15","de-protonated",0,NA,"C24 H28 O15",24,28,15,NA,NA,NA,NA,NA,NA,NA,NA
5194,555.146037,555.145015154821,555.144926578499,1916285.6,NA,190150.6,7.61,-1,0.159555312701779,0.995391350453099,0,0.597234810271859,24,0.685714285714286,0.2,"O7","de-protonated",0,NA,"C35 H24 O7",35,24,7,NA,NA,NA,NA,NA,NA,NA,NA
5195,555.151863,555.150841140944,555.150799805313,2654590.5,NA,205855.6,11.37,-1,0.074458383142292,0.998994545070718,0,0.599396727042431,15,1,0.428571428571429,"O12","de-protonated",0,NA,"C28 H28 O12",28,28,12,NA,NA,NA,NA,NA,NA,NA,NA
5196,555.164817,555.163795110089,555.163554023154,6491520.5,NA,171593.9,30.95,-1,0.434262900571346,0.966587100086707,0.955212559659541,0.96203728391584,23,0.777777777777778,0.111111111111111,"S1 O4","de-protonated",0,NA,"C36 H28 O4 S1",36,28,4,NA,NA,1,NA,NA,NA,NA,NA
5197,555.173214,555.172192090088,555.171929173413,4594050,NA,205195.9,21.27,-1,0.473577033493422,0.48006122929735,0.785920818505338,0.602405064980545,10,1.28,0.56,"O14","de-protonated",0,NA,"C25 H32 O14",25,32,14,NA,NA,NA,NA,NA,NA,NA,NA
5198,555.18848,555.187458053726,555.187185314698,2160004.8,NA,211043.2,8.85,-1,0.491255986148701,0.957155460637477,0,0.574293276382486,14,1.10344827586207,0.379310344827586,"O11","de-protonated",0,NA,"C29 H32 O11",29,32,11,NA,NA,NA,NA,NA,NA,NA,NA
5199,555.201366,555.200344023033,555.20007247432,5187975,NA,179329.9,24.3,-1,0.489100643882464,0.478761253068205,0.779247987650237,0.598955946901018,9,1.42307692307692,0.423076923076923,"P1 O11","de-protonated",0,NA,"C26 H37 O11 P1",26,37,11,NA,1,NA,NA,NA,NA,NA,NA
5200,555.209317,555.208295004094,555.208314682797,3180424,NA,134360.2,14.06,-1,-0.0354438191519393,0.999772078468248,0,0.599863247080949,9,1.38461538461538,0.5,"O13","de-protonated",0,NA,"C26 H36 O13",26,36,13,NA,NA,NA,NA,NA,NA,NA,NA
5201,555.225568,555.224545965386,555.224440204008,1947530.8,NA,169293.8,7.77,-1,0.190484010314883,0.993437912316695,0,0.596062747390017,12,1.29032258064516,0.161290322580645,"S2 O5","de-protonated",0,NA,"C31 H40 O5 S2",31,40,5,NA,NA,2,NA,NA,NA,NA,NA
5202,555.237659,555.236636936586,555.236457983704,3842444.8,NA,194382,17.43,-1,0.322300308906841,0.490664043502484,0.772687513667176,0.603473431568361,8,1.51851851851852,0.37037037037037,"P1 O10","de-protonated",0,NA,"C27 H41 O10 P1",27,41,10,NA,1,NA,NA,NA,NA,NA,NA
5203,555.246123,555.245100916425,555.245189449552,2163086.3,NA,187899.4,8.87,-1,-0.159448704898629,0.995397492797695,0,0.597238495678617,12,1.36666666666667,0.133333333333333,"N2 S1 P1 O4","de-protonated",0,NA,"C30 H41 O4 S1 N2 P1",30,41,4,2,1,1,NA,NA,NA,NA,NA
5204,555.25881,555.257787886206,555.257587351803,2708880.3,NA,174189,11.65,-1,0.361155628211676,0.976610899394485,0,0.585966539636691,3,1.875,0.5,"P1 O12","de-protonated",0,NA,"C24 H45 O12 P1",24,45,12,NA,1,NA,NA,NA,NA,NA,NA
5205,555.265013,555.263990871431,555.263816894207,2055569.3,NA,226796.6,8.32,-1,0.313323539470366,0.98234460049745,0,0.58940676029847,11,1.45161290322581,0.032258064516129,"N2 S2 P1 O1","de-protonated",0,NA,"C31 H45 O1 S2 N2 P1",31,45,1,2,1,2,NA,NA,NA,NA,NA
5206,555.282301,555.281278830253,555.281085701566,3013012.3,NA,200277,13.2,-1,0.347803467398162,0.978289785200973,0,0.586973871120584,7,1.57142857142857,0.392857142857143,"O11","de-protonated",0,NA,"C28 H44 O11",28,44,11,NA,NA,NA,NA,NA,NA,NA,NA
5207,555.295132,555.29410979969,555.293839919406,1804694.3,NA,197242.8,7.04,-1,0.486013466807399,0.958045670817458,0,0.574827402490475,15,1.22222222222222,0.0833333333333333,"S1 O3","de-protonated",0,NA,"C36 H44 O3 S1",36,44,3,NA,NA,1,NA,NA,NA,NA,NA
5208,555.30098,555.299957785761,555.299713146221,5787031,NA,185763.2,27.36,-1,0.440554055004607,0.977660714330538,0.997421863389858,0.985565173954266,6,1.6551724137931,0.275862068965517,"S1 O8","de-protonated",0,NA,"C29 H48 O8 S1",29,48,8,NA,NA,1,NA,NA,NA,NA,NA
5209,555.318515,555.317492743994,555.31747121095,3927450,NA,197728.1,17.87,-1,0.03877609736561,0.499863606779043,0.759892473118277,0.603875153314736,6,1.6551724137931,0.344827586206897,"O10","de-protonated",0,NA,"C29 H48 O10",29,48,10,NA,NA,NA,NA,NA,NA,NA,NA
5210,555.33735,555.336327699131,555.336098655605,8353181,NA,185453,40.45,-1,0.412441270383381,0.484802824720042,0.753652554121787,0.59234271648074,5,1.73333333333333,0.233333333333333,"S1 O7","de-protonated",0,NA,"C30 H52 O7 S1",30,52,7,NA,NA,1,NA,NA,NA,NA,NA
5214,556.205094,556.204069632243,556.204052912361,2173994.5,NA,177471.7,8.92,-1,0.030060698014578,0.999836048140892,0,0.599901628884535,13,1.28571428571429,0.178571428571429,"N3 S1 P1 O5","de-protonated",0,NA,"C28 H36 O5 S1 N3 P1",28,36,5,3,1,1,NA,NA,NA,NA,NA
5215,556.217401,556.216376602928,556.216317872831,2094636.5,NA,208414,8.52,-1,0.105588592019172,0.997979082339501,0,0.5987874494037,17,1.06060606060606,0.151515151515152,"N1 S1 O5","de-protonated",0,NA,"C33 H35 O5 S1 N1",33,35,5,1,NA,1,NA,NA,NA,NA,NA
5216,556.254465,556.253440514645,556.253705703922,2634290.3,NA,193722.3,11.27,-1,-0.476741591006859,0.959598684272385,0,0.575759210563431,2,2,0.291666666666667,"N1 S2 P1 O7","de-protonated",0,NA,"C24 H48 O7 S2 N1 P1",24,48,7,1,1,2,NA,NA,NA,NA,NA
5217,556.277649,556.276624459423,556.276823931129,2091574.1,NA,152878.3,8.5,-1,-0.358583528022683,0.976939003262125,0,0.586163401957275,11,1.46666666666667,0.1,"N3 S1 P1 O3","de-protonated",0,NA,"C30 H44 O3 S1 N3 P1",30,44,3,3,1,1,NA,NA,NA,NA,NA
5222,557.107835,557.106808481994,557.106566010645,1924282.5,NA,221344.4,7.65,-1,0.435233336802442,0.966212516897155,0,0.579727510138293,11,1.17391304347826,0.608695652173913,"P1 O14","de-protonated",0,NA,"C23 H27 O14 P1",23,27,14,NA,1,NA,NA,NA,NA,NA,NA
5223,557.115751,557.114724463139,557.114808219122,3004091.8,NA,190285.7,13.16,-1,-0.150338820099943,0.995907338051062,0,0.597544402830637,11,1.1304347826087,0.695652173913043,"O16","de-protonated",0,NA,"C23 H26 O16",23,26,16,NA,NA,NA,NA,NA,NA,NA,NA
5224,557.131089,557.130062426605,557.130064360407,3060414,NA,178152,13.44,-1,-0.00347100569683689,0.999997813930291,0,0.599998688358175,15,0.962962962962963,0.481481481481481,"O13","de-protonated",0,NA,"C27 H26 O13",27,26,13,NA,NA,NA,NA,NA,NA,NA,NA
5226,557.152485,557.151458375642,557.151193728507,3589825.5,NA,189788.8,16.14,-1,0.47500057184095,0.959887241278056,0,0.575932344766834,10,1.25,0.625,"O15","de-protonated",0,NA,"C24 H30 O15",24,30,15,NA,NA,NA,NA,NA,NA,NA,NA
5227,557.161927,557.160900353152,557.160927516061,2280643,NA,173309.4,9.46,-1,-0.0487523583398878,0.999568827115212,0,0.599741296269127,0,2.29411764705882,0.705882352941177,"N2 S2 P1 O12","de-protonated",0,NA,"C17 H39 O12 S2 N2 P1",17,39,12,2,1,2,NA,NA,NA,NA,NA
5228,557.167775,557.166748339223,557.166939127162,2990276,NA,175622.4,13.09,-1,-0.342425089513573,0.978948977098047,0,0.587369386258828,18,1,0.129032258064516,"N2 S1 P1 O4","de-protonated",0,NA,"C31 H31 O4 S1 N2 P1",31,31,4,2,1,1,NA,NA,NA,NA,NA
5230,557.204301,557.203274252221,557.203324636546,2863817.8,NA,182219,12.44,-1,-0.0904235901369668,0.998517498299434,0,0.59911049897966,17,1.09375,0.09375,"N2 S1 P1 O3","de-protonated",0,NA,"C32 H35 O3 S1 N2 P1",32,35,3,2,1,1,NA,NA,NA,NA,NA
5232,557.22539,557.224363201989,557.224454004646,2173645,NA,182061.2,8.92,-1,-0.162955261446437,0.9951933250911,0,0.59711599505466,12,1.3448275862069,0.172413793103448,"N2 S1 P1 O5","de-protonated",0,NA,"C29 H39 O5 S1 N2 P1",29,39,5,2,1,1,NA,NA,NA,NA,NA
5234,557.261627,557.260600115676,557.260350256659,2437842.8,NA,226293.3,10.27,-1,0.448370346474989,0.964179583077312,0,0.578507749846387,7,1.55555555555556,0.444444444444444,"O12","de-protonated",0,NA,"C27 H42 O12",27,42,12,NA,NA,NA,NA,NA,NA,NA,NA
5235,557.279887,557.278860072182,557.278977701314,3584725.5,NA,146508.6,16.12,-1,-0.211077641586721,0.495974183137534,0.766236582456902,0.604079142865281,6,1.64285714285714,0.321428571428571,"S1 O9","de-protonated",0,NA,"C28 H46 O9 S1",28,46,9,NA,NA,1,NA,NA,NA,NA,NA
5236,557.29802,557.296993028991,557.296735766044,4067032.5,NA,191192.9,18.58,-1,0.461626509706215,0.481035734075966,0.766236582456902,0.595116073428341,6,1.64285714285714,0.392857142857143,"O11","de-protonated",0,NA,"C28 H46 O11",28,46,11,NA,NA,NA,NA,NA,NA,NA,NA
5237,557.316383,557.315355985252,557.315363210699,2487003.3,NA,237036.4,10.52,-1,-0.0129647364069268,0.999969501773307,0,0.599981701063984,5,1.72413793103448,0.275862068965517,"S1 O8","de-protonated",0,NA,"C29 H50 O8 S1",29,50,8,NA,NA,1,NA,NA,NA,NA,NA
5238,557.334532,557.333504942023,557.333610532799,2662110,NA,211645.8,11.41,-1,-0.189457039744967,0.99350824936656,0,0.596104949619936,9,1.59375,0.0625,"N2 S1 P1 O2","de-protonated",0,NA,"C32 H51 O2 S1 N2 P1",32,51,2,2,1,1,NA,NA,NA,NA,NA
5239,557.370515,557.369487856314,557.369506784812,2090723.8,NA,193950.9,8.5,-1,-0.0339604120120647,0.999790755385776,0,0.599874453231466,4,1.8,0.3,"O9","de-protonated",0,NA,"C30 H54 O9",30,54,9,NA,NA,NA,NA,NA,NA,NA,NA
5241,558.147929,558.146900004584,558.14693195807,2613084.8,NA,204777.8,11.16,-1,-0.057249237175459,0.999405483233481,0,0.599643289940088,14,1.15384615384615,0.269230769230769,"N3 S1 P1 O7","de-protonated",0,NA,"C26 H30 O7 S1 N3 P1",26,30,7,3,1,1,NA,NA,NA,NA,NA
5242,558.155586,558.154556986345,558.154326013433,1900637.9,NA,137570.7,7.52,-1,0.413815502620867,0.969405902841616,0,0.581643541704969,13,1.21428571428571,0.178571428571429,"N1 S2 P1 O5","de-protonated",0,NA,"C28 H34 O5 S2 N1 P1",28,34,5,1,1,2,NA,NA,NA,NA,NA
5243,558.183749,558.182719919264,558.182828210084,2095458.1,NA,196535.8,8.52,-1,-0.194006003960733,0.993193842072002,0,0.595916305243201,9,1.375,0.583333333333333,"N1 O14","de-protonated",0,NA,"C24 H33 O14 N1",24,33,14,1,NA,NA,NA,NA,NA,NA,NA
5244,558.219965,558.218935833001,558.219213719468,2197351.8,NA,155135,9.04,-1,-0.497808855039842,0.956030500300563,0,0.573618300180338,8,1.48,0.52,"N1 O13","de-protonated",0,NA,"C25 H37 O13 N1",25,37,13,1,NA,NA,NA,NA,NA,NA,NA
5245,558.25645,558.255420746097,558.255599228852,2404717.3,NA,197739.9,10.1,-1,-0.319715120052959,0.981623664384282,0,0.588974198630569,7,1.57692307692308,0.461538461538462,"N1 O12","de-protonated",0,NA,"C26 H41 O12 N1",26,41,12,1,NA,NA,NA,NA,NA,NA,NA
5246,558.286765,558.285735673889,558.2854600628,2375538,NA,204618.3,9.95,-1,0.493674130828264,0.956741908594881,0,0.574045145156928,6,1.73076923076923,0.307692307692308,"N3 S1 O8","de-protonated",0,NA,"C26 H45 O8 S1 N3",26,45,8,3,NA,1,NA,NA,NA,NA,NA
5249,559.073822,559.07279079919,559.072943406117,2126825.8,NA,196225.3,8.68,-1,-0.272964250199817,0.986571332362308,0,0.591942799417385,16,0.8,0.6,"O15","de-protonated",0,NA,"C25 H20 O15",25,20,15,NA,NA,NA,NA,NA,NA,NA,NA
5250,559.11047,559.109438711897,559.109328915501,2861039.3,NA,222168.1,12.42,-1,0.196377328944466,0.993027027603192,0,0.595816216561915,15,0.923076923076923,0.538461538461538,"O14","de-protonated",0,NA,"C26 H24 O14",26,24,14,NA,NA,NA,NA,NA,NA,NA,NA
5252,559.14696,559.145928624982,559.145714424885,4238325,NA,183642.5,19.45,-1,0.383084571612718,0.48686156222633,0.772687513667176,0.601191942802668,14,1.03703703703704,0.481481481481481,"O13","de-protonated",0,NA,"C27 H28 O13",27,28,13,NA,NA,NA,NA,NA,NA,NA,NA
5254,559.177501,559.176469552236,559.176226707455,1936377.4,NA,169900.8,7.71,-1,0.434290245367726,0.966356295402273,0,0.579813777241364,22,0.8,0.2,"O7","de-protonated",0,NA,"C35 H28 O7",35,28,7,NA,NA,NA,NA,NA,NA,NA,NA
5255,559.183364,559.182332538271,559.182099934269,4110330.3,NA,179210.8,18.8,-1,0.415971829437712,0.484545610974166,0.766236582456902,0.59722199956726,13,1.14285714285714,0.428571428571429,"O12","de-protonated",0,NA,"C28 H32 O12",28,32,12,NA,NA,NA,NA,NA,NA,NA,NA
5256,559.196276,559.195244507515,559.194987093891,4742140,NA,176683.6,22.02,-1,0.460328918964115,0.481140164242144,0.785920818505338,0.603052425947421,8,1.48,0.48,"P1 O12","de-protonated",0,NA,"C25 H37 O12 P1",25,37,12,NA,1,NA,NA,NA,NA,NA,NA
5257,559.219731,559.218699451648,559.218485443654,2988031.8,NA,209518.7,13.07,-1,0.382691200979634,0.9737763481129,0,0.58426580886774,12,1.24137931034483,0.379310344827586,"O11","de-protonated",0,NA,"C29 H36 O11",29,36,11,NA,NA,NA,NA,NA,NA,NA,NA
5258,559.232547,559.231515421121,559.231239661494,3485697.8,NA,193727.8,15.61,-1,0.493104832547095,0.478419718431908,0.712686567164179,0.572126457924816,20,0.972972972972973,0.0810810810810811,"S1 O3","de-protonated",0,NA,"C37 H36 O3 S1",37,36,3,NA,NA,1,NA,NA,NA,NA,NA
5259,559.240571,559.239539402009,559.239614811753,2125826.8,NA,218753.1,8.67,-1,-0.134843352599872,0.996706204061961,0,0.598023722437176,7,1.53846153846154,0.5,"O13","de-protonated",0,NA,"C26 H40 O13",26,40,13,NA,NA,NA,NA,NA,NA,NA,NA
5260,559.268923,559.267891334477,559.267625170879,3410951,NA,203408.8,15.23,-1,0.475914546308983,0.479867939854726,0.707195036525566,0.570798778523062,19,1.05263157894737,0.0526315789473684,"S1 O2","de-protonated",0,NA,"C38 H40 O2 S1",38,40,2,NA,NA,1,NA,NA,NA,NA,NA
5261,559.277195,559.276163314773,559.276000321137,2717704.3,NA,205151,11.69,-1,0.291436850477794,0.984706724652797,0,0.590824034791678,6,1.62962962962963,0.444444444444444,"O12","de-protonated",0,NA,"C27 H44 O12",27,44,12,NA,NA,NA,NA,NA,NA,NA,NA
5262,559.305141,559.304109248209,559.304010680263,2586124.5,NA,191332.4,11.02,-1,0.176233218431069,0.497190194697486,0.701787487586891,0.579029111853248,18,1.12820512820513,0.0256410256410256,"S1 O1","de-protonated",0,NA,"C39 H44 O1 S1",39,44,1,NA,NA,1,NA,NA,NA,NA,NA
5263,559.313702,559.312670227817,559.312875087892,2914317.8,NA,212710.4,12.7,-1,-0.366270980157429,0.975951735376152,0,0.585571041225691,9,1.58064516129032,0.0967741935483871,"N2 S1 P1 O3","de-protonated",0,NA,"C31 H49 O3 S1 N2 P1",31,49,3,2,1,1,NA,NA,NA,NA,NA
5264,560.235995,560.234961030998,560.234863783946,2421398.5,NA,169001,10.18,-1,0.17358264899087,0.994547699281267,0,0.59672861956876,7,1.56,0.52,"N1 O13","de-protonated",0,NA,"C25 H39 O13 N1",25,39,13,1,NA,NA,NA,NA,NA,NA,NA
5265,560.272356,560.271321944389,560.27124929333,2812059.8,NA,199330.5,12.17,-1,0.129671224161414,0.996953657679251,0,0.59817219460755,6,1.65384615384615,0.461538461538462,"N1 O12","de-protonated",0,NA,"C26 H43 O12 N1",26,43,12,1,NA,NA,NA,NA,NA,NA,NA
5266,560.309275,560.308240856451,560.30850418264,3008673.3,NA,175486.7,13.18,-1,-0.469966432508647,0.960716143629259,0,0.576429686177556,4,1.82142857142857,0.214285714285714,"N1 S2 O6","de-protonated",0,NA,"C28 H51 O6 S2 N1",28,51,6,1,NA,2,NA,NA,NA,NA,NA
5269,561.089699,561.088662997552,561.088593470595,2447634.3,NA,194788.6,10.31,-1,0.123914400991858,0.997217773150014,0,0.598330663890009,15,0.88,0.6,"O15","de-protonated",0,NA,"C25 H22 O15",25,22,15,NA,NA,NA,NA,NA,NA,NA,NA
5270,561.12625,561.12521391049,561.124978979979,4879639.5,NA,185316.9,22.72,-1,0.418677692690524,0.484347088580108,0.779247987650237,0.60230744820816,14,1,0.538461538461538,"O14","de-protonated",0,NA,"C26 H26 O14",26,26,14,NA,NA,NA,NA,NA,NA,NA,NA
5271,561.139123,561.138086879828,561.137866139601,3627289.5,NA,194274.6,16.33,-1,0.393379667656674,0.972311802008245,0,0.583387081204947,9,1.34782608695652,0.608695652173913,"P1 O14","de-protonated",0,NA,"C23 H31 O14 P1",23,31,14,NA,1,NA,NA,NA,NA,NA,NA
5272,561.162566,561.161529823989,561.161364489363,7000349,NA,183725.6,33.54,-1,0.294629381538186,0.49218623831633,0.772687513667176,0.604386748456669,13,1.11111111111111,0.481481481481481,"O13","de-protonated",0,NA,"C27 H30 O13",27,30,13,NA,NA,NA,NA,NA,NA,NA,NA
5273,561.175454,561.174417793291,561.174251648985,3960094.8,NA,194323.4,18.03,-1,0.29606544686026,0.984220975028453,0,0.590532585017072,8,1.45833333333333,0.541666666666667,"P1 O13","de-protonated",0,NA,"C24 H35 O13 P1",24,35,13,NA,1,NA,NA,NA,NA,NA,NA
5274,561.198861,561.197824737537,561.197749998747,4714786,NA,181905.2,21.88,-1,0.13317728015945,0.498393482438466,0.766236582456902,0.60553072244584,12,1.21428571428571,0.428571428571429,"O12","de-protonated",0,NA,"C28 H34 O12",28,34,12,NA,NA,NA,NA,NA,NA,NA,NA
5275,561.211946,561.21090970637,561.210637158369,2908452,NA,202120,12.66,-1,0.485642970098064,0.958108253087524,0,0.574864951852514,7,1.56,0.48,"P1 O12","de-protonated",0,NA,"C25 H39 O12 P1",25,39,12,NA,1,NA,NA,NA,NA,NA,NA
5276,561.235334,561.234297650662,561.234135508132,2840359.3,NA,174999.8,12.32,-1,0.288903543100722,0.984969442361497,0,0.590981665416898,11,1.31034482758621,0.379310344827586,"O11","de-protonated",0,NA,"C29 H38 O11",29,38,11,NA,NA,NA,NA,NA,NA,NA,NA
5278,561.256509,561.255472600225,561.255264876231,1897770.3,NA,200693.6,7.51,-1,0.370106094286069,0.975451759035935,0,0.585271055421561,6,1.61538461538462,0.5,"O13","de-protonated",0,NA,"C26 H42 O13",26,42,13,NA,NA,NA,NA,NA,NA,NA,NA
5280,561.292861,561.291824513638,561.291650385615,1864495.5,NA,191215,7.34,-1,0.310227352041864,0.982688786266091,0,0.589613271759655,5,1.7037037037037,0.444444444444444,"O12","de-protonated",0,NA,"C27 H46 O12",27,46,12,NA,NA,NA,NA,NA,NA,NA,NA
5281,561.321089,561.320052446401,561.319793686522,4047155.5,NA,194415.4,18.47,-1,0.460984775343983,0.481087414795693,0.766236582456902,0.595147081860177,4,1.82142857142857,0.321428571428571,"P1 O9","de-protonated",0,NA,"C28 H51 O9 P1",28,51,9,NA,1,NA,NA,NA,NA,NA,NA
5282,562.121428,562.120389540066,562.120227952172,1816996.6,NA,170799,7.1,-1,0.287461446413662,0.985118002161639,0,0.591070801296983,14,1,0.56,"N1 O14","de-protonated",0,NA,"C25 H25 O14 N1",25,25,14,1,NA,NA,NA,NA,NA,NA,NA
5283,562.215511,562.214472315968,562.21461759641,2047921.8,NA,174536.1,8.27,-1,-0.258407443213697,0.98795697636032,0,0.592774185816192,11,1.40740740740741,0.222222222222222,"N3 S1 P1 O6","de-protonated",0,NA,"C27 H38 O6 S1 N3 P1",27,38,6,3,1,1,NA,NA,NA,NA,NA
5284,562.251711,562.250672229743,562.250513848424,3429814.8,NA,192811.6,15.32,-1,0.281691728348712,0.985705160499357,0,0.591423096299614,6,1.64,0.52,"N1 O13","de-protonated",0,NA,"C25 H41 O13 N1",25,41,13,1,NA,NA,NA,NA,NA,NA,NA
5285,562.288028,562.286989143239,562.286899357808,3667388,NA,196292.9,16.54,-1,0.159679037473182,0.995384216793028,0,0.597230530075817,5,1.73076923076923,0.461538461538462,"N1 O12","de-protonated",0,NA,"C26 H45 O12 N1",26,45,12,1,NA,NA,NA,NA,NA,NA,NA
5286,562.324616,562.32357705609,562.323774124563,2059713,NA,198956,8.33,-1,-0.350453745961182,0.977961345695833,0,0.5867768074175,8,1.66666666666667,0.1,"N3 S1 P1 O3","de-protonated",0,NA,"C30 H50 O3 S1 N3 P1",30,50,3,3,1,1,NA,NA,NA,NA,NA
5288,563.06932,563.068279282272,563.068347283059,2296359.8,NA,198784.6,9.54,-1,-0.120768264120003,0.997357074390797,0,0.598414244634478,19,0.777777777777778,0.296296296296296,"N2 S1 P1 O8","de-protonated",0,NA,"C27 H21 O8 S1 N2 P1",27,21,8,2,1,1,NA,NA,NA,NA,NA
5289,563.105208,563.10416719679,563.104243535073,3491372.8,NA,210919.1,15.64,-1,-0.135566875229399,0.996670821562053,0,0.598002492937232,14,0.96,0.6,"O15","de-protonated",0,NA,"C25 H24 O15",25,24,15,NA,NA,NA,NA,NA,NA,NA,NA
5290,563.141803,563.140762109624,563.140629044457,6914609.5,NA,178578.2,33.1,-1,0.236291185592579,0.494960112626665,0.779247987650237,0.608675262636094,13,1.07692307692308,0.538461538461538,"O14","de-protonated",0,NA,"C26 H28 O14",26,28,14,NA,NA,NA,NA,NA,NA,NA,NA
5291,563.154811,563.15377007864,563.153516204079,1944115.5,NA,254022.3,7.74,-1,0.450808800553279,0.96379606470041,0,0.578277638820246,8,1.43478260869565,0.608695652173913,"P1 O14","de-protonated",0,NA,"C23 H33 O14 P1",23,33,14,NA,1,NA,NA,NA,NA,NA,NA
5293,563.178217,563.177176022889,563.177014553841,6713910.5,NA,178899.1,32.08,-1,0.286711005006143,0.978592208251967,0.960360153638472,0.971299386406569,12,1.18518518518519,0.481481481481481,"O13","de-protonated",0,NA,"C27 H32 O13",27,32,13,NA,NA,NA,NA,NA,NA,NA,NA
5295,563.206472,563.205430955588,563.205157854748,2381370.5,NA,192474,9.97,-1,0.484904721098064,0.958232823926384,0,0.57493969435583,11,1.32142857142857,0.357142857142857,"P1 O10","de-protonated",0,NA,"C28 H37 O10 P1",28,37,10,NA,1,NA,NA,NA,NA,NA,NA
5296,563.214392,563.213350936723,563.213400063225,4615739.5,NA,184979.3,21.37,-1,-0.0872253786171917,0.499310221236152,0.766236582456902,0.606080765724452,11,1.28571428571429,0.428571428571429,"O12","de-protonated",0,NA,"C28 H36 O12",28,36,12,NA,NA,NA,NA,NA,NA,NA,NA
5298,563.251064,563.250022849374,563.24978557261,2538048.5,NA,205406.9,10.77,-1,0.42126383407109,0.968312447197663,0,0.580987468318598,10,1.37931034482759,0.379310344827586,"O11","de-protonated",0,NA,"C29 H40 O11",29,40,11,NA,NA,NA,NA,NA,NA,NA,NA
5302,564.173451,564.172407652331,564.172263526034,2120380.8,NA,187593.1,8.64,-1,0.255465052165282,0.988228062429723,0,0.592936837457834,12,1.19230769230769,0.5,"N1 O13","de-protonated",0,NA,"C26 H31 O13 N1",26,31,13,1,NA,NA,NA,NA,NA,NA,NA
5304,564.21018,564.209136564846,564.209138292789,1864385.5,NA,217741.9,7.34,-1,-0.00306259320331343,0.999998298107645,0,0.599998978864587,15,1.2,0.133333333333333,"N3 S1 P1 O4","de-protonated",0,NA,"C30 H36 O4 S1 N3 P1",30,36,4,3,1,1,NA,NA,NA,NA,NA
5305,564.267306,564.266262428777,564.266163912902,3504841,NA,178224.9,15.71,-1,0.174591142921954,0.994484336391336,0,0.596690601834801,5,1.72,0.52,"N1 O13","de-protonated",0,NA,"C25 H43 O13 N1",25,43,13,1,NA,NA,NA,NA,NA,NA,NA
5306,564.304009,564.302965341353,564.303038679657,2441934,NA,190410.9,10.28,-1,-0.129962623619107,0.996939971700316,0,0.59816398302019,8,1.6551724137931,0.137931034482759,"N3 S1 P1 O4","de-protonated",0,NA,"C29 H48 O4 S1 N3 P1",29,48,4,3,1,1,NA,NA,NA,NA,NA
5308,565.084699,565.08365348182,565.083508090166,2884404.5,NA,183035.2,12.54,-1,0.257292332107546,0.988060069461101,0,0.592836041676661,14,0.916666666666667,0.666666666666667,"O16","de-protonated",0,NA,"C24 H22 O16",24,22,16,NA,NA,NA,NA,NA,NA,NA,NA
5309,565.121147,565.120101395004,565.119893599551,5143353,NA,191145.3,24.07,-1,0.367701536743033,0.48788290778922,0.785920818505338,0.607098072075667,13,1.04,0.6,"O15","de-protonated",0,NA,"C25 H26 O15",25,26,15,NA,NA,NA,NA,NA,NA,NA,NA
5311,565.15735,565.156304308772,565.156279108935,7693118,NA,176321.1,37.07,-1,0.0445891475669061,0.99073533436155,0.996683640419688,0.993114656784805,12,1.15384615384615,0.538461538461538,"O14","de-protonated",0,NA,"C26 H30 O14",26,30,14,NA,NA,NA,NA,NA,NA,NA,NA
5313,565.193836,565.192790221865,565.192664618319,6751042.5,NA,182968.4,32.27,-1,0.222231380404884,0.495539432037864,0.772687513667176,0.606398664689589,11,1.25925925925926,0.481481481481481,"O13","de-protonated",0,NA,"C27 H34 O13",27,34,13,NA,NA,NA,NA,NA,NA,NA,NA
5314,565.206337,565.205291192089,565.20541883616,2374980.3,NA,149521.9,9.94,-1,-0.2258366007526,0.990788412243586,0,0.594473047346152,19,0.971428571428571,0.142857142857143,"S1 O5","de-protonated",0,NA,"C35 H34 O5 S1",35,34,5,NA,NA,1,NA,NA,NA,NA,NA
5315,565.22205,565.221004154662,565.220807919226,3160902.3,NA,175424.1,13.95,-1,0.347183672673374,0.978366250248591,0,0.587019750149155,10,1.39285714285714,0.357142857142857,"P1 O10","de-protonated",0,NA,"C28 H39 O10 P1",28,39,10,NA,1,NA,NA,NA,NA,NA,NA
5316,565.230099,565.22905313549,565.229050127703,3525447.3,NA,181723.1,15.81,-1,0.00532135889094059,0.499997430978036,0.766236582456902,0.606493091569582,10,1.35714285714286,0.428571428571429,"O12","de-protonated",0,NA,"C28 H38 O12",28,38,12,NA,NA,NA,NA,NA,NA,NA,NA
5317,565.243254,565.242208104156,565.241937287325,5421897,NA,185105.9,25.49,-1,0.479116662692852,0.479601738811754,0.785920818505338,0.602129370689187,5,1.72,0.48,"P1 O12","de-protonated",0,NA,"C25 H43 O12 P1",25,43,12,NA,1,NA,NA,NA,NA,NA,NA
5318,565.260822,565.259776062311,565.259562410273,1809739.3,NA,150171,7.06,-1,0.377971557789602,0.974410883476279,0,0.584646530085767,18,1.05555555555556,0.166666666666667,"O6","de-protonated",0,NA,"C36 H38 O6",36,38,6,NA,NA,NA,NA,NA,NA,NA,NA
5320,565.315979,565.314932930932,565.314708306094,4600658.5,NA,163545.1,21.3,-1,0.397344760764625,0.977808513420489,0.921369663751653,0.955232973552955,3,1.88888888888889,0.37037037037037,"P1 O10","de-protonated",0,NA,"C27 H51 O10 P1",27,51,10,NA,1,NA,NA,NA,NA,NA,NA
5321,565.321656,565.320609917409,565.320448591127,3726163.3,NA,173062.8,16.83,-1,0.28537139055403,0.492666016180612,0.747514279669976,0.594605321576357,7,1.61290322580645,0.225806451612903,"S1 O7","de-protonated",0,NA,"C31 H50 O7 S1",31,50,7,NA,NA,1,NA,NA,NA,NA,NA
5322,565.35236,565.351313844275,565.351093815478,2482007,NA,153448.7,10.49,-1,0.389189654728931,0.972890466413783,0,0.58373427984827,2,1.96428571428571,0.321428571428571,"P1 O9","de-protonated",0,NA,"C28 H55 O9 P1",28,55,9,NA,1,NA,NA,NA,NA,NA,NA
5325,566.189381,566.188332850566,566.188402847883,2128834,NA,205224.2,8.68,-1,-0.123629017796364,0.997230555962056,0,0.598338333577234,15,1.17241379310345,0.172413793103448,"N3 S1 P1 O5","de-protonated",0,NA,"C29 H34 O5 S1 N3 P1",29,34,5,3,1,1,NA,NA,NA,NA,NA
5326,566.197632,566.196583830913,566.19664505636,1895363,NA,187868.3,7.49,-1,-0.108134598072594,0.99788055315072,0,0.598728331890432,15,1.13793103448276,0.241379310344828,"N3 S1 O7","de-protonated",0,NA,"C29 H33 O7 S1 N3",29,33,7,3,NA,1,NA,NA,NA,NA,NA
5330,566.283066,566.282017627417,566.28181397738,2593741.8,NA,212653.5,11.06,-1,0.359626659244023,0.976806208096887,0,0.586083724858132,4,1.8,0.52,"N1 O13","de-protonated",0,NA,"C25 H45 O13 N1",25,45,13,1,NA,NA,NA,NA,NA,NA,NA
5332,566.443893,566.442844244342,566.442612156202,11101154,NA,175144.4,54.46,-1,0.409729307719548,0.484999003695756,0.73553288925895,0.585212557921034,4,1.84848484848485,0.181818181818182,"N1 O6","de-protonated",0,NA,"C33 H61 O6 N1",33,61,6,1,NA,NA,NA,NA,NA,NA,NA
5335,567.100498,567.099447680367,567.099647412015,3895347.5,NA,191363.3,17.7,-1,-0.352198503531186,0.488871911958334,0.772687513667176,0.602398152641871,17,0.925925925925926,0.296296296296296,"N2 S1 P1 O8","de-protonated",0,NA,"C27 H25 O8 S1 N2 P1",27,25,8,2,1,1,NA,NA,NA,NA,NA
5336,567.128616,567.127565613393,567.127301455551,2471991,NA,201624.7,10.43,-1,0.465782269706007,0.961398908238655,0,0.576839344943193,12,1.16,0.52,"P1 O13","de-protonated",0,NA,"C25 H29 O13 P1",25,29,13,NA,1,NA,NA,NA,NA,NA,NA
5337,567.136738,567.135687594047,567.135543664029,5708856,NA,184511.4,26.95,-1,0.253784161583398,0.494190782305099,0.785920818505338,0.610882796785195,12,1.12,0.6,"O15","de-protonated",0,NA,"C25 H28 O15",25,28,15,NA,NA,NA,NA,NA,NA,NA,NA
5339,567.173064,567.172013507522,567.171929173413,6825020.5,NA,185516.7,32.64,-1,0.148692317916038,0.984806105178226,0.985511346951752,0.985088201887636,11,1.23076923076923,0.538461538461538,"O14","de-protonated",0,NA,"C26 H32 O14",26,32,14,NA,NA,NA,NA,NA,NA,NA,NA
5341,567.20961,567.208559420472,567.208314682797,4006977,NA,181660.2,18.27,-1,0.431477587428721,0.483391685826995,0.772687513667176,0.599110016963067,10,1.33333333333333,0.481481481481481,"O13","de-protonated",0,NA,"C27 H36 O13",27,36,13,NA,NA,NA,NA,NA,NA,NA,NA
5342,567.222464,567.221413389855,567.221201842419,2403394.5,NA,158643.6,10.08,-1,0.372954035129293,0.975077276844316,0,0.58504636610659,5,1.70833333333333,0.541666666666667,"P1 O13","de-protonated",0,NA,"C24 H41 O13 P1",24,41,13,NA,1,NA,NA,NA,NA,NA,NA
5343,567.23795,567.236899352969,567.236654688196,3569732.5,NA,177276.7,16.03,-1,0.431327507991945,0.96680608713799,0,0.580083652282794,1,2.22222222222222,0.888888888888889,"N4 O16","de-protonated",0,NA,"C18 H40 O16 N4",18,40,16,4,NA,NA,NA,NA,NA,NA,NA
5344,567.245912,567.244861334004,567.244700192181,2401861.5,NA,178697.5,10.08,-1,0.284078146048978,0.985463706756424,0,0.591278224053855,9,1.42857142857143,0.428571428571429,"O12","de-protonated",0,NA,"C28 H40 O12",28,40,12,NA,NA,NA,NA,NA,NA,NA,NA
5346,567.264357,567.26330629007,567.263327636836,2128967.8,NA,206923.8,8.68,-1,-0.0376311412399224,0.999743083017709,0,0.599845849810625,8,1.51724137931034,0.310344827586207,"S1 O9","de-protonated",0,NA,"C29 H44 O9 S1",29,44,9,NA,NA,1,NA,NA,NA,NA,NA
5348,567.300891,567.299840203049,567.299713146221,3186764.3,NA,195844.4,14.08,-1,0.223967729430597,0.99093954927953,0,0.594563729567718,7,1.6,0.266666666666667,"S1 O8","de-protonated",0,NA,"C30 H48 O8 S1",30,48,8,NA,NA,1,NA,NA,NA,NA,NA
5349,567.337277,567.336226116381,567.336098655605,3152976.8,NA,183125.8,13.91,-1,0.224665372735243,0.495441637275838,0.747514279669976,0.596270694233493,6,1.67741935483871,0.225806451612903,"S1 O7","de-protonated",0,NA,"C31 H52 O7 S1",31,52,7,NA,NA,1,NA,NA,NA,NA,NA
5350,567.373658,567.372607029725,567.372484164989,3426389.3,NA,219597.6,15.3,-1,0.21655039497642,0.979668454216938,0.898582400448062,0.947234032709388,5,1.75,0.1875,"S1 O6","de-protonated",0,NA,"C32 H56 O6 S1",32,56,6,NA,NA,1,NA,NA,NA,NA,NA
5355,568.205028,568.203975049476,568.204052912361,2707641.8,NA,177537.7,11.64,-1,-0.137033314370274,0.996598531263349,0,0.597959118758009,14,1.24137931034483,0.172413793103448,"N3 S1 P1 O5","de-protonated",0,NA,"C29 H36 O5 S1 N3 P1",29,36,5,3,1,1,NA,NA,NA,NA,NA
5358,568.368844,568.367790659281,568.367733137182,3829965.3,NA,185967,17.36,-1,0.101205778137238,0.499071608956675,0.747514279669976,0.598448677241995,5,1.7741935483871,0.193548387096774,"N1 S1 O6","de-protonated",0,NA,"C31 H55 O6 S1 N1",31,55,6,1,NA,1,NA,NA,NA,NA,NA
5365,569.008996,569.007941134496,569.007661776888,1968921,NA,178088.4,8.05,-1,0.490955794245776,0.957206670314839,0,0.574324002188903,27,0.454545454545455,0.121212121212121,"S2 P1 O4","de-protonated",0,NA,"C33 H15 O4 S2 P1",33,15,4,NA,1,2,NA,NA,NA,NA,NA
5366,569.079811,569.078755965821,569.078779025327,1878817.3,NA,181276.5,7.58,-1,-0.0405207614511263,0.999702117951556,0,0.599821270770933,30,0.486486486486487,0.027027027027027,"N2 S2 O1","de-protonated",0,NA,"C37 H18 O1 S2 N2",37,18,1,2,NA,2,NA,NA,NA,NA,NA
5367,569.115988,569.114932879651,569.114808219122,4022565.5,NA,188566.8,18.78,-1,0.219042848543502,0.991331920173998,0,0.594799152104399,12,1.08333333333333,0.666666666666667,"O16","de-protonated",0,NA,"C24 H26 O16",24,26,16,NA,NA,NA,NA,NA,NA,NA,NA
5368,569.131394,569.130338842955,569.130064360407,1991463.3,NA,175235,8.17,-1,0.482284393817101,0.958673573266028,0,0.575204143959617,16,0.928571428571429,0.464285714285714,"O13","de-protonated",0,NA,"C28 H26 O13",28,26,13,NA,NA,NA,NA,NA,NA,NA,NA
5370,569.152486,569.151430792716,569.151193728507,4912426,NA,179098.1,23.43,-1,0.416522379288201,0.48450531623918,0.785920818505338,0.605071517145643,11,1.2,0.6,"O15","de-protonated",0,NA,"C25 H30 O15",25,30,15,NA,NA,NA,NA,NA,NA,NA,NA
5371,569.168042,569.166986755663,569.166939127162,2005291.5,NA,153278.6,8.24,-1,0.0836810749751252,0.998730208394636,0,0.599238125036781,19,0.96875,0.125,"N2 S1 P1 O4","de-protonated",0,NA,"C32 H31 O4 S1 N2 P1",32,31,4,2,1,1,NA,NA,NA,NA,NA
5373,569.188757,569.187701706322,569.187579237891,4607278,NA,186352.1,21.84,-1,0.215163568764764,0.495817475436709,0.779247987650237,0.60918968032212,10,1.30769230769231,0.538461538461538,"O14","de-protonated",0,NA,"C26 H34 O14",26,34,14,NA,NA,NA,NA,NA,NA,NA,NA
5375,569.225162,569.224106619608,569.223964747275,2344754.3,NA,197317.4,10.02,-1,0.249238159073955,0.98879175501332,0,0.593275053007992,9,1.40740740740741,0.481481481481481,"O13","de-protonated",0,NA,"C27 H38 O13",27,38,13,NA,NA,NA,NA,NA,NA,NA,NA
5376,569.253806,569.252750551381,569.252977428108,2721589.5,NA,147353.6,11.99,-1,-0.398551673201115,0.971589457249261,0,0.582953674349557,7,1.62068965517241,0.172413793103448,"S2 P1 O5","de-protonated",0,NA,"C29 H47 O5 S2 P1",29,47,5,NA,1,2,NA,NA,NA,NA,NA
5377,569.261721,569.260665532528,569.26083951403,2448694.5,NA,179737.8,10.56,-1,-0.305627033735934,0.983194084037224,0,0.589916450422335,12,1.38709677419355,0.129032258064516,"N2 S1 P1 O4","de-protonated",0,NA,"C31 H43 O4 S1 N2 P1",31,43,4,2,1,1,NA,NA,NA,NA,NA
5379,569.280266,569.279210488355,569.278977701314,3808568.8,NA,160514.2,17.67,-1,0.40891557607413,0.485057630696906,0.759892473118277,0.594991567665455,7,1.58620689655172,0.310344827586207,"S1 O9","de-protonated",0,NA,"C29 H46 O9 S1",29,46,9,NA,NA,1,NA,NA,NA,NA,NA
5380,569.297987,569.296931446146,569.296735766044,2731322.8,NA,197839.2,12.04,-1,0.343722508170023,0.978790860851673,0,0.587274516511003,7,1.58620689655172,0.379310344827586,"O11","de-protonated",0,NA,"C29 H46 O11",29,46,11,NA,NA,NA,NA,NA,NA,NA,NA
5381,569.316679,569.315623401623,569.315363210699,6212925,NA,187693.4,30.23,-1,0.457024245723902,0.481404898399341,0.753652554121787,0.590303960688319,6,1.66666666666667,0.266666666666667,"S1 O8","de-protonated",0,NA,"C30 H50 O8 S1",30,50,8,NA,NA,1,NA,NA,NA,NA,NA
5382,569.334234,569.333178359809,569.333121275428,2814271,NA,183802.8,12.47,-1,0.100265342874464,0.998177533850355,0,0.598906520310213,6,1.66666666666667,0.333333333333333,"O10","de-protonated",0,NA,"C30 H50 O10",30,50,10,NA,NA,NA,NA,NA,NA,NA,NA
5383,569.352954,569.351898315219,569.351748720083,9203009,NA,189646.7,45.85,-1,0.262746424459214,0.974374232261899,0.990982518508588,0.981017546760575,5,1.74193548387097,0.225806451612903,"S1 O7","de-protonated",0,NA,"C31 H54 O7 S1",31,54,7,NA,NA,1,NA,NA,NA,NA,NA
5386,570.184079,570.183021335554,570.182828210084,2342304.5,NA,184498.4,10,-1,0.338707973414082,0.979398810535324,0,0.587639286321194,10,1.32,0.56,"N1 O14","de-protonated",0,NA,"C25 H33 O14 N1",25,33,14,1,NA,NA,NA,NA,NA,NA,NA
5387,570.220485,570.219427248838,570.219213719468,2121124.5,NA,214417.3,8.85,-1,0.374468914621029,0.974876971393499,0,0.584926182836099,9,1.42307692307692,0.5,"N1 O13","de-protonated",0,NA,"C26 H37 O13 N1",26,37,13,1,NA,NA,NA,NA,NA,NA,NA
5388,570.256996,570.255938161872,570.256088486223,1860520.6,NA,173643.8,7.49,-1,-0.263608497290707,0.987470389895672,0,0.592482233937403,12,1.4,0.133333333333333,"N3 S1 P1 O4","de-protonated",0,NA,"C30 H42 O4 S1 N3 P1",30,42,4,3,1,1,NA,NA,NA,NA,NA
5395,571.095403,571.094343164862,571.094072774216,2184198.5,NA,191386.6,9.18,-1,0.473460781579421,0.96014163875477,0,0.576084983252862,12,1.04347826086957,0.739130434782609,"O17","de-protonated",0,NA,"C23 H24 O17",23,24,17,NA,NA,NA,NA,NA,NA,NA,NA
5396,571.123557,571.122497097802,571.122216075123,2834953.8,NA,195616,12.58,-1,0.492053488719846,0.957019276122696,0,0.574211565673617,11,1.20833333333333,0.583333333333333,"P1 O14","de-protonated",0,NA,"C24 H29 O14 P1",24,29,14,NA,1,NA,NA,NA,NA,NA,NA
5397,571.131846,571.130786078058,571.130947540971,2743818.5,NA,188188.4,12.1,-1,-0.282707342878883,0.985602644070421,0,0.591361586442253,15,1.07407407407407,0.296296296296296,"N2 S1 P1 O8","de-protonated",0,NA,"C27 H29 O8 S1 N2 P1",27,29,8,2,1,1,NA,NA,NA,NA,NA
5398,571.146996,571.145936041972,571.145714424885,3347980.3,NA,178529.5,15.26,-1,0.38802197292013,0.97305068663907,0,0.583830411983442,15,1,0.464285714285714,"O13","de-protonated",0,NA,"C28 H28 O13",28,28,13,NA,NA,NA,NA,NA,NA,NA,NA
5399,571.159874,571.158814011298,571.158601584507,5660173.5,NA,184180.5,27.34,-1,0.371922597444027,0.487606608925442,0.785920818505338,0.6069322927574,10,1.32,0.52,"P1 O13","de-protonated",0,NA,"C25 H33 O13 P1",25,33,13,NA,1,NA,NA,NA,NA,NA,NA
5400,571.168113,571.167052991673,571.166843792985,2883086.5,NA,211472.9,12.83,-1,0.366265463378121,0.975952451020383,0,0.58557147061223,10,1.28,0.6,"O15","de-protonated",0,NA,"C25 H32 O15",25,32,15,NA,NA,NA,NA,NA,NA,NA,NA
5401,571.183384,571.182323955299,571.182099934269,3232272.3,NA,199204.2,14.65,-1,0.392205970225999,0.972474486218862,0,0.583484691731317,14,1.10344827586207,0.413793103448276,"O12","de-protonated",0,NA,"C29 H32 O12",29,32,12,NA,NA,NA,NA,NA,NA,NA,NA
5402,571.196293,571.195232924551,571.194987093891,3799569.8,NA,180097.8,17.62,-1,0.430379581564493,0.483474695795575,0.779247987650237,0.60178401253744,9,1.42307692307692,0.461538461538462,"P1 O12","de-protonated",0,NA,"C26 H37 O12 P1",26,37,12,NA,1,NA,NA,NA,NA,NA,NA
5403,571.204202,571.203141905713,571.203229302369,1841170.5,NA,203002.4,7.39,-1,-0.153004485718908,0.995761227699141,0,0.597456736619484,9,1.38461538461538,0.538461538461538,"O14","de-protonated",0,NA,"C26 H36 O14",26,36,14,NA,NA,NA,NA,NA,NA,NA,NA
5404,571.220045,571.218984867976,571.218974701024,2224148.3,NA,183302.3,9.39,-1,0.0177986939528143,0.999942519886472,0,0.599965511931883,17,1.12121212121212,0.0909090909090909,"N2 S1 P1 O3","de-protonated",0,NA,"C33 H37 O3 S1 N2 P1",33,37,3,2,1,1,NA,NA,NA,NA,NA
5405,571.232614,571.231553838038,571.231372603276,3562005.8,NA,189483.5,16.38,-1,0.317270322754644,0.981901081066172,0,0.589140648639703,8,1.51851851851852,0.407407407407407,"P1 O11","de-protonated",0,NA,"C27 H41 O11 P1",27,41,11,NA,1,NA,NA,NA,NA,NA,NA
5406,571.240496,571.239435819263,571.239614811753,2307094.5,NA,206307.1,9.82,-1,-0.313340470610769,0.982342709294062,0,0.589405625576437,8,1.48148148148148,0.481481481481481,"O13","de-protonated",0,NA,"C27 H40 O13",27,40,13,NA,NA,NA,NA,NA,NA,NA,NA
5407,571.253498,571.252437788294,571.252369029594,1816088,NA,141119.5,7.25,-1,0.120364840742849,0.997374678993666,0,0.598424807396199,16,1.14285714285714,0.142857142857143,"S1 O5","de-protonated",0,NA,"C35 H40 O5 S1",35,40,5,NA,NA,1,NA,NA,NA,NA,NA
5408,571.269028,571.267967751303,571.26775811266,2521113.8,NA,183126,10.94,-1,0.366970899038932,0.975860857761475,0,0.585516514656885,7,1.60714285714286,0.357142857142857,"P1 O10","de-protonated",0,NA,"C28 H45 O10 P1",28,45,10,NA,1,NA,NA,NA,NA,NA,NA
5409,571.277478,571.276417731176,571.276489578508,2864666.5,NA,193937.7,12.73,-1,-0.125766303314812,0.997134111066245,0,0.598280466639747,11,1.45161290322581,0.129032258064516,"N2 S1 P1 O4","de-protonated",0,NA,"C31 H45 O4 S1 N2 P1",31,45,4,2,1,1,NA,NA,NA,NA,NA
5410,571.295886,571.294825687329,571.294627765792,4701724.5,NA,180725.4,22.33,-1,0.346443896777295,0.489228673410066,0.759892473118277,0.597494193293351,6,1.6551724137931,0.310344827586207,"S1 O9","de-protonated",0,NA,"C29 H48 O9 S1",29,48,9,NA,NA,1,NA,NA,NA,NA,NA
5411,571.305245,571.304184665037,571.304010680263,1912861.6,NA,198317.8,7.76,-1,0.304539739157168,0.983312446774965,0,0.589987468064979,19,1.1,0.025,"S1 O1","de-protonated",0,NA,"C40 H44 O1 S1",40,44,1,NA,NA,1,NA,NA,NA,NA,NA
5412,571.313447,571.312386645501,571.312385830522,3027486.5,NA,171675.3,13.58,-1,0.00142650327455864,0.999999630768033,0,0.59999977846082,6,1.6551724137931,0.379310344827586,"O11","de-protonated",0,NA,"C29 H48 O11",29,48,11,NA,NA,NA,NA,NA,NA,NA,NA
5413,571.332132,571.331071600995,571.331013275177,3401248.5,NA,195755.3,15.54,-1,0.102087610841685,0.499055375197964,0.753652554121787,0.600894246767494,5,1.73333333333333,0.266666666666667,"S1 O8","de-protonated",0,NA,"C30 H52 O8 S1",30,52,8,NA,NA,1,NA,NA,NA,NA,NA
5414,571.350149,571.34908855808,571.349260597276,3222050.5,NA,184637.4,14.6,-1,-0.301110386399191,0.491841547180209,0.73553288925895,0.589318084011705,9,1.60606060606061,0.0606060606060606,"N2 S1 P1 O2","de-protonated",0,NA,"C33 H53 O2 S1 N2 P1",33,53,2,2,1,1,NA,NA,NA,NA,NA
5415,571.386962,571.385901470395,571.386026229216,1822502.6,NA,142535.4,7.29,-1,-0.218344193796548,0.991386888623377,0,0.594832133174026,3,1.875,0.125,"S2 O4","de-protonated",0,NA,"C32 H60 O4 S2",32,60,4,NA,NA,2,NA,NA,NA,NA,NA
5417,572.163407,572.162344620972,572.162092765178,1831546.9,NA,198468.3,7.33,-1,0.440182594833419,0.965453222264738,0,0.579271933358843,10,1.29166666666667,0.625,"N1 O15","de-protonated",0,NA,"C24 H31 O15 N1",24,31,15,1,NA,NA,NA,NA,NA,NA,NA
5418,572.199759,572.198696534385,572.198478274562,1962110.8,NA,187447.9,8.02,-1,0.381440761380626,0.973945190616311,0,0.584367114369787,9,1.4,0.56,"N1 O14","de-protonated",0,NA,"C25 H35 O14 N1",25,35,14,1,NA,NA,NA,NA,NA,NA,NA
5419,572.309131,572.308068273871,572.308124060085,1890442.5,NA,196512,7.64,-1,-0.0974758386781497,0.998277443514,0,0.5989664661084,10,1.54838709677419,0.0967741935483871,"N3 S1 P1 O3","de-protonated",0,NA,"C31 H48 O3 S1 N3 P1",31,48,3,3,1,1,NA,NA,NA,NA,NA
5423,573.089756,573.088691414492,573.088593470595,2138845,NA,184163.4,8.94,-1,0.170905333765898,0.994714151416134,0,0.596828490849681,16,0.846153846153846,0.576923076923077,"O15","de-protonated",0,NA,"C26 H22 O15",26,22,15,NA,NA,NA,NA,NA,NA,NA,NA
5424,573.126131,573.12506632785,573.124978979979,3191520.8,NA,170440.6,14.44,-1,0.152406323660928,0.995794235721441,0,0.597476541432864,15,0.962962962962963,0.518518518518518,"O14","de-protonated",0,NA,"C27 H26 O14",27,26,14,NA,NA,NA,NA,NA,NA,NA,NA
5425,573.13956,573.138495295863,573.138735519526,3225314.3,NA,205509.1,14.62,-1,-0.419137022374673,0.968626538055409,0,0.581175922833245,9,1.4,0.36,"S2 P1 O9","de-protonated",0,NA,"C25 H35 O9 S2 P1",25,35,9,NA,1,2,NA,NA,NA,NA,NA
5426,573.162799,573.16173424051,573.161853746734,4296420.5,NA,174804.1,20.21,-1,-0.20850344914996,0.496071393457761,0.747514279669976,0.596648547942647,18,1,0.161290322580645,"N2 S1 P1 O5","de-protonated",0,NA,"C31 H31 O5 S1 N2 P1",31,31,5,2,1,1,NA,NA,NA,NA,NA
5427,573.175537,573.174472210169,573.174251648985,4470502,NA,185864.6,21.12,-1,0.3848065111375,0.486744767095324,0.785920818505338,0.606415187659329,9,1.4,0.52,"P1 O13","de-protonated",0,NA,"C25 H35 O13 P1",25,35,13,NA,1,NA,NA,NA,NA,NA,NA
5428,573.199097,573.198032154052,573.197749998747,4570856.5,NA,162131.5,21.65,-1,0.492247752453952,0.478493036201277,0.759892473118277,0.591052810968077,13,1.17241379310345,0.413793103448276,"O12","de-protonated",0,NA,"C29 H34 O12",29,34,12,NA,NA,NA,NA,NA,NA,NA,NA
5430,573.235377,573.234312067636,573.234135508132,2577644.3,NA,189353,11.23,-1,0.308005914246019,0.982933698493792,0,0.589760219096275,12,1.26666666666667,0.366666666666667,"O11","de-protonated",0,NA,"C30 H38 O11",30,38,11,NA,NA,NA,NA,NA,NA,NA,NA
5431,573.248277,573.247212036909,573.247022667754,3259117.5,NA,204150.9,14.79,-1,0.330344769315876,0.980393681911739,0,0.588236209147043,7,1.59259259259259,0.407407407407407,"P1 O11","de-protonated",0,NA,"C27 H43 O11 P1",27,43,11,NA,1,NA,NA,NA,NA,NA,NA
5432,573.256525,573.255460017263,573.255264876231,2549486.5,NA,160365.7,11.09,-1,0.340408617182151,0.979193587745193,0,0.587516152647116,7,1.55555555555556,0.481481481481481,"O13","de-protonated",0,NA,"C27 H42 O13",27,42,13,NA,NA,NA,NA,NA,NA,NA,NA
5434,573.29284,573.291774930764,573.291650385615,2547954.3,NA,196987.9,11.08,-1,0.217245704812463,0.991472966066546,0,0.594883779639928,6,1.64285714285714,0.428571428571429,"O12","de-protonated",0,NA,"C28 H46 O12",28,46,12,NA,NA,NA,NA,NA,NA,NA,NA
5435,573.321454,573.320388862608,573.320663066448,2545397.3,NA,201591.6,11.06,-1,-0.47827308039846,0.959344054089555,0,0.575606432453733,4,1.83333333333333,0.133333333333333,"S2 P1 O4","de-protonated",0,NA,"C30 H55 O4 S2 P1",30,55,4,NA,1,2,NA,NA,NA,NA,NA
5436,573.329242,573.328176844058,573.328035895,2698998,NA,155049.5,11.87,-1,0.24584365184571,0.989093318385319,0,0.593455991031192,5,1.72413793103448,0.379310344827586,"O11","de-protonated",0,NA,"C29 H50 O11",29,50,11,NA,NA,NA,NA,NA,NA,NA,NA
5438,573.36569,573.364624757242,573.364421404384,1882873.8,NA,180607.1,7.6,-1,0.354665986193952,0.977434438054777,0,0.586460662832866,4,1.8,0.333333333333333,"O10","de-protonated",0,NA,"C30 H54 O10",30,54,10,NA,NA,NA,NA,NA,NA,NA,NA
5439,574.21585,574.214782732237,574.214997718965,2161488.8,NA,207968.2,9.06,-1,-0.374401102510728,0.974885954350966,0,0.584931572610579,7,1.57692307692308,0.346153846153846,"N1 S2 O9","de-protonated",0,NA,"C26 H41 O9 S2 N1",26,41,9,1,NA,2,NA,NA,NA,NA,NA
5440,574.251751,574.250683646724,574.250513848424,3066708.5,NA,176374.3,13.79,-1,0.295686805543031,0.984260990062865,0,0.590556594037719,7,1.57692307692308,0.5,"N1 O13","de-protonated",0,NA,"C26 H41 O13 N1",26,41,13,1,NA,NA,NA,NA,NA,NA,NA
5441,574.288039,574.286971560289,574.286899357808,3188568,NA,201394,14.42,-1,0.125725453680858,0.997135969810892,0,0.598281581886535,6,1.66666666666667,0.444444444444444,"N1 O12","de-protonated",0,NA,"C27 H45 O12 N1",27,45,12,1,NA,NA,NA,NA,NA,NA,NA
5442,574.324376,574.323308473738,574.323284867193,2486619.8,NA,200285.8,10.76,-1,0.0411032355425395,0.999693493786944,0,0.599816096272166,5,1.75,0.392857142857143,"N1 O11","de-protonated",0,NA,"C28 H49 O11 N1",28,49,11,1,NA,NA,NA,NA,NA,NA,NA
5444,575.105443,575.104373613306,575.104243535073,3427241.5,NA,185104.4,15.67,-1,0.226182010130936,0.990760343754424,0,0.594456206252654,15,0.923076923076923,0.576923076923077,"O15","de-protonated",0,NA,"C26 H24 O15",26,24,15,NA,NA,NA,NA,NA,NA,NA,NA
5445,575.141755,575.140685526814,575.140629044457,4989869,NA,176055.5,23.83,-1,0.0982061685153592,0.499125778624468,0.772687513667176,0.608550472641551,14,1.03703703703704,0.518518518518518,"O14","de-protonated",0,NA,"C27 H28 O14",27,28,14,NA,NA,NA,NA,NA,NA,NA,NA
5447,575.178183,575.177113440046,575.177014553841,5466033,NA,179156.3,26.32,-1,0.171923081975422,0.497325589124494,0.766236582456902,0.604889986457457,13,1.14285714285714,0.464285714285714,"O13","de-protonated",0,NA,"C28 H32 O13",28,32,13,NA,NA,NA,NA,NA,NA,NA,NA
5448,575.191651,575.190581407967,575.190771093389,3108786,NA,166982.4,14.01,-1,-0.329778278201559,0.980460207245855,0,0.588276124347513,7,1.57692307692308,0.307692307692308,"S2 P1 O8","de-protonated",0,NA,"C26 H41 O8 S2 P1",26,41,8,NA,1,2,NA,NA,NA,NA,NA
5449,575.214735,575.213665352983,575.213400063225,4658100.5,NA,178192.3,22.1,-1,0.461202324479043,0.481069902369288,0.759892473118277,0.592598930668884,12,1.24137931034483,0.413793103448276,"O12","de-protonated",0,NA,"C29 H36 O12",29,36,12,NA,NA,NA,NA,NA,NA,NA,NA
5451,575.25148,575.250410265459,575.250654952535,2026936,NA,189190.4,8.35,-1,-0.425357318239034,0.967703730758952,0,0.580622238455371,10,1.41935483870968,0.193548387096774,"S2 O6","de-protonated",0,NA,"C31 H44 O6 S2",31,44,6,NA,NA,2,NA,NA,NA,NA,NA
5455,576.231144,576.230071931987,576.230267660888,2438678.8,NA,194040.1,10.5,-1,-0.339671328841467,0.979282679903554,0,0.587569607942132,11,1.42857142857143,0.214285714285714,"N3 S1 P1 O6","de-protonated",0,NA,"C28 H40 O6 S1 N3 P1",28,40,6,3,1,1,NA,NA,NA,NA,NA
5456,576.267549,576.266476845274,576.266653170273,3438618.3,NA,178294.6,15.73,-1,-0.305978139696314,0.491577887820242,0.759892473118277,0.598903721939456,10,1.51724137931034,0.172413793103448,"N3 S1 P1 O5","de-protonated",0,NA,"C29 H44 O5 S1 N3 P1",29,44,5,3,1,1,NA,NA,NA,NA,NA
5457,576.303853,576.302780758801,576.302549422286,3549213.5,NA,187341.6,16.31,-1,0.401415046596751,0.971185722362829,0,0.582711433417697,5,1.74074074074074,0.444444444444444,"N1 O12","de-protonated",0,NA,"C27 H47 O12 N1",27,47,12,1,NA,NA,NA,NA,NA,NA,NA
5460,577.084587,577.083512899163,577.083508090166,2508903,NA,212190.6,10.87,-1,0.00833327689420816,0.999987399646849,0,0.599992439788109,15,0.88,0.64,"O16","de-protonated",0,NA,"C25 H22 O16",25,22,16,NA,NA,NA,NA,NA,NA,NA,NA
5461,577.121243,577.120168811852,577.119893599551,4402282.5,NA,158414.2,20.76,-1,0.476871970823577,0.479788518046993,0.779247987650237,0.59957230588829,14,1,0.576923076923077,"O15","de-protonated",0,NA,"C26 H26 O15",26,26,15,NA,NA,NA,NA,NA,NA,NA,NA
5462,577.157333,577.156258725888,577.156279108935,5804141.5,NA,186915.6,28.09,-1,-0.0353163384469079,0.499886857432173,0.772687513667176,0.609007119926175,13,1.11111111111111,0.518518518518518,"O14","de-protonated",0,NA,"C27 H30 O14",27,30,14,NA,NA,NA,NA,NA,NA,NA,NA
5463,577.170454,577.169379694635,577.169166268557,2096238.9,NA,210497.5,8.72,-1,0.369780804097802,0.975494358624872,0,0.585296615174923,8,1.45833333333333,0.583333333333333,"P1 O14","de-protonated",0,NA,"C24 H35 O14 P1",24,35,14,NA,1,NA,NA,NA,NA,NA,NA
5464,577.185808,577.184733658063,577.184619114334,2860144.3,NA,181654.8,12.71,-1,0.198452498092097,0.992879407307674,0,0.595727644384605,4,1.88888888888889,0.944444444444444,"N4 O17","de-protonated",0,NA,"C18 H34 O17 N4",18,34,17,4,NA,NA,NA,NA,NA,NA,NA
5465,577.193782,577.19270763907,577.192664618319,5650545,NA,179198.4,27.29,-1,0.0745344727327737,0.999301429859406,0.951210810708185,0.980065182198918,12,1.21428571428571,0.464285714285714,"O13","de-protonated",0,NA,"C28 H34 O13",28,34,13,NA,NA,NA,NA,NA,NA,NA,NA
5466,577.207253,577.206178606983,577.206421157867,3162226.3,NA,183479.9,14.28,-1,-0.420215150561718,0.968467504357766,0,0.58108050261466,6,1.65384615384615,0.307692307692308,"S2 P1 O8","de-protonated",0,NA,"C26 H43 O8 S2 P1",26,43,8,NA,1,2,NA,NA,NA,NA,NA
5467,577.221811,577.220736572308,577.220674977445,1992307.6,NA,173738.3,8.17,-1,0.106709384662189,0.997935996256043,0,0.598761597753626,24,0.85,0.05,"S1 O2","de-protonated",0,NA,"C40 H34 O2 S1",40,34,2,NA,NA,1,NA,NA,NA,NA,NA
5468,577.230267,577.229192552166,577.229050127703,3747956.5,NA,179507.5,17.35,-1,0.246738210282329,0.494507119720157,0.759892473118277,0.600661261079405,11,1.31034482758621,0.413793103448276,"O12","de-protonated",0,NA,"C29 H38 O12",29,38,12,NA,NA,NA,NA,NA,NA,NA,NA
5469,577.243257,577.242182521225,577.241937287325,3081333.8,NA,169919.1,13.86,-1,0.42483728894853,0.967781366162665,0,0.580668819697599,6,1.65384615384615,0.461538461538462,"P1 O12","de-protonated",0,NA,"C26 H43 O12 P1",26,43,12,NA,1,NA,NA,NA,NA,NA,NA
5473,578.161258,578.160181334629,578.160259546976,1950409.3,NA,161206.5,7.95,-1,-0.135277970576809,0.996684972452431,0,0.598010983471459,17,1,0.275862068965517,"N3 S1 O8","de-protonated",0,NA,"C29 H29 O8 S1 N3",29,29,8,3,NA,1,NA,NA,NA,NA,NA
5475,578.246519,578.245442131545,578.245428467996,2420945,NA,207800.9,10.41,-1,0.0236293251147436,0.999898694164048,0,0.599939216498429,6,1.64,0.56,"N1 O14","de-protonated",0,NA,"C25 H41 O14 N1",25,41,14,1,NA,NA,NA,NA,NA,NA,NA
5476,578.283037,578.281960044562,578.28181397738,2608340.3,NA,202838.6,11.39,-1,0.2525882342643,0.988490176441146,0,0.593094105864687,5,1.73076923076923,0.5,"N1 O13","de-protonated",0,NA,"C26 H45 O13 N1",26,45,13,1,NA,NA,NA,NA,NA,NA,NA
5477,578.319713,578.318635957203,578.318688744135,2215127.5,NA,209455.1,9.34,-1,-0.0912765440910778,0.998489419131338,0,0.599093651478803,8,1.66666666666667,0.133333333333333,"N3 S1 P1 O4","de-protonated",0,NA,"C30 H50 O4 S1 N3 P1",30,50,4,3,1,1,NA,NA,NA,NA,NA
5482,579.100067,579.09898809847,579.099158154644,2751772.3,NA,198619.8,12.14,-1,-0.293656400051072,0.984474718499917,0,0.59068483109995,14,0.96,0.64,"O16","de-protonated",0,NA,"C25 H24 O16",25,24,16,NA,NA,NA,NA,NA,NA,NA,NA
5483,579.136928,579.135849010671,579.136032921399,5074207.5,NA,178188.1,24.27,-1,-0.317560500024421,0.490934130641662,0.759892473118277,0.598517467632308,17,1,0.241379310344828,"N2 S1 P1 O7","de-protonated",0,NA,"C29 H29 O7 S1 N2 P1",29,29,7,2,1,1,NA,NA,NA,NA,NA
5485,579.173081,579.172001924557,579.171929173413,6510882.5,NA,181162.8,31.78,-1,0.125612345648975,0.994277837364748,0.999122001918957,0.996215503186432,12,1.18518518518519,0.518518518518518,"O14","de-protonated",0,NA,"C27 H32 O14",27,32,14,NA,NA,NA,NA,NA,NA,NA,NA
5486,579.201846,579.200766856042,579.200941854245,2579749.3,NA,181884.5,11.24,-1,-0.302137290833094,0.983572531232834,0,0.5901435187397,10,1.41379310344828,0.206896551724138,"S2 P1 O6","de-protonated",0,NA,"C29 H41 O6 S2 P1",29,41,6,NA,1,2,NA,NA,NA,NA,NA
5487,579.209733,579.208653837256,579.208803940168,5125414,NA,168762,24.54,-1,-0.259151640596383,0.493943966274395,0.747514279669976,0.595372091632627,15,1.19354838709677,0.161290322580645,"N2 S1 P1 O5","de-protonated",0,NA,"C31 H37 O5 S1 N2 P1",31,37,5,2,1,1,NA,NA,NA,NA,NA
5488,579.222544,579.221464806741,579.221201842419,2495783,NA,189194.4,10.8,-1,0.45399636780398,0.963291821822239,0,0.577975093093344,6,1.64,0.52,"P1 O13","de-protonated",0,NA,"C25 H41 O13 P1",25,41,13,NA,1,NA,NA,NA,NA,NA,NA
5489,579.237735,579.236655770557,579.236457983704,2279208.3,NA,171075.2,9.67,-1,0.341461333366576,0.979066059331274,0,0.587439635598764,10,1.41379310344828,0.344827586206897,"P1 O10","de-protonated",0,NA,"C29 H41 O10 P1",29,41,10,NA,1,NA,NA,NA,NA,NA,NA
5490,579.245872,579.244792751176,579.244700192181,2930985,NA,178904.2,13.08,-1,0.159792561382282,0.995377666469635,0,0.597226599881781,10,1.37931034482759,0.413793103448276,"O12","de-protonated",0,NA,"C29 H40 O12",29,40,12,NA,NA,NA,NA,NA,NA,NA,NA
5492,579.276455,579.27537567833,579.275212474751,1947435.8,NA,164410.5,7.94,-1,0.281737549085766,0.985700543058701,0,0.59142032583522,18,1.08108108108108,0.162162162162162,"O6","de-protonated",0,NA,"C37 H40 O6",37,40,6,NA,NA,NA,NA,NA,NA,NA,NA
5493,579.295637,579.29455763264,579.294842241113,5181741.5,NA,175630.4,24.84,-1,-0.491301583281757,0.968858067121966,0.918264797413223,0.948620759238469,3,1.89285714285714,0.214285714285714,"S2 P1 O6","de-protonated",0,NA,"C28 H53 O6 S2 P1",28,53,6,NA,1,2,NA,NA,NA,NA,NA
5495,579.337205,579.336125533629,579.336098655605,4732209,NA,182015.9,22.49,-1,0.0463945262656405,0.499804758329246,0.741475186234394,0.596472929491305,7,1.625,0.21875,"S1 O7","de-protonated",0,NA,"C32 H52 O7 S1",32,52,7,NA,NA,1,NA,NA,NA,NA,NA
5499,580.204921,580.203839466807,580.20356365499,1851771,NA,195884.7,7.44,-1,0.475370773584733,0.95982596505639,0,0.575895579033834,11,1.2962962962963,0.481481481481481,"N1 O13","de-protonated",0,NA,"C27 H35 O13 N1",27,35,13,1,NA,NA,NA,NA,NA,NA,NA
5500,580.254199,580.253117349431,580.252836323996,2184575.3,NA,230105,9.18,-1,0.484315486621578,0.958332125923711,0,0.574999275554227,5,1.76,0.48,"N1 P1 O12","de-protonated",0,NA,"C25 H44 O12 N1 P1",25,44,12,1,1,NA,NA,NA,NA,NA,NA
5501,580.262411,580.261329329871,580.261078532474,2269567.8,NA,184717.4,9.62,-1,0.432214750455538,0.96667169033716,0,0.580003014202296,5,1.72,0.56,"N1 O14","de-protonated",0,NA,"C25 H43 O14 N1",25,43,14,1,NA,NA,NA,NA,NA,NA,NA
5502,580.290956,580.28987426188,580.290091213306,1945474.3,NA,228893.6,7.93,-1,-0.37386719166115,0.974956626691174,0,0.584973976014704,3,1.92592592592593,0.222222222222222,"N1 S2 P1 O6","de-protonated",0,NA,"C27 H52 O6 S2 N1 P1",27,52,6,1,1,2,NA,NA,NA,NA,NA
5504,580.335228,580.334146156428,580.334338808613,2020230,NA,178655.5,8.32,-1,-0.331967578553236,0.980202501977774,0,0.588121501186665,7,1.73333333333333,0.133333333333333,"N3 S1 P1 O4","de-protonated",0,NA,"C30 H52 O4 S1 N3 P1",30,52,4,3,1,1,NA,NA,NA,NA,NA
5508,581.079934,581.078850382605,581.078779025327,2483651.8,NA,193499.5,10.74,-1,0.122801383111941,0.99726746140378,0,0.598360476842268,31,0.473684210526316,0.0263157894736842,"N2 S2 O1","de-protonated",0,NA,"C38 H18 O1 S2 N2",38,18,1,2,NA,2,NA,NA,NA,NA,NA
5509,581.116058,581.11497429656,581.114808219122,4423110.5,NA,174285.5,20.87,-1,0.285791096384501,0.492644587192333,0.785920818505338,0.609955079717535,13,1.04,0.64,"O16","de-protonated",0,NA,"C25 H26 O16",25,26,16,NA,NA,NA,NA,NA,NA,NA,NA
5510,581.144841,581.143757228002,581.143820899955,2130377,NA,232413.2,8.89,-1,-0.109563158768345,0.997824244802833,0,0.5986945468817,11,1.2962962962963,0.296296296296296,"S2 P1 O8","de-protonated",0,NA,"C27 H35 O8 S2 P1",27,35,8,NA,1,2,NA,NA,NA,NA,NA
5511,581.152562,581.151478209611,581.151193728507,5671369.5,NA,180832.8,27.39,-1,0.489513069524395,0.478726192909539,0.779247987650237,0.598934910805818,12,1.15384615384615,0.576923076923077,"O15","de-protonated",0,NA,"C26 H30 O15",26,30,15,NA,NA,NA,NA,NA,NA,NA,NA
5513,581.18881,581.187726123272,581.187579237891,5667276.5,NA,174198.4,27.37,-1,0.252733172617098,0.494238520051516,0.772687513667176,0.60561811749778,11,1.25925925925926,0.518518518518518,"O14","de-protonated",0,NA,"C27 H34 O14",27,34,14,NA,NA,NA,NA,NA,NA,NA,NA
5514,581.20051,581.199426095403,581.199682007109,1924429.5,NA,106760.5,7.82,-1,-0.440316320172769,0.965432595887366,0,0.57925955753242,10,1.40740740740741,0.296296296296296,"N2 S2 O8","de-protonated",0,NA,"C27 H38 O8 S2 N2",27,38,8,2,NA,2,NA,NA,NA,NA,NA
5515,581.217006,581.215922056111,581.215722538798,3716558.8,NA,188593.2,17.18,-1,0.343275836951354,0.489422680612994,0.766236582456902,0.600148241350557,10,1.39285714285714,0.392857142857143,"P1 O11","de-protonated",0,NA,"C28 H39 O11 P1",28,39,11,NA,1,NA,NA,NA,NA,NA,NA
5516,581.224937,581.22385303722,581.223964747275,3671503.5,NA,190665.3,16.94,-1,-0.192197950580441,0.496659844602251,0.766236582456902,0.604490539744112,10,1.35714285714286,0.464285714285714,"O13","de-protonated",0,NA,"C28 H38 O13",28,38,13,NA,NA,NA,NA,NA,NA,NA,NA
5517,581.238039,581.236955006013,581.236718965116,2542032.5,NA,185839.3,11.04,-1,0.406101145033347,0.970519115662475,0,0.582311469397485,18,1.05555555555556,0.138888888888889,"S1 O5","de-protonated",0,NA,"C36 H38 O5 S1",36,38,5,NA,NA,1,NA,NA,NA,NA,NA
5518,581.253447,581.252362969312,581.252108048182,2468305.8,NA,165093.9,10.66,-1,0.438572396737988,0.965701128774321,0,0.579420677264592,9,1.48275862068966,0.344827586206897,"P1 O10","de-protonated",0,NA,"C29 H43 O10 P1",29,43,10,NA,1,NA,NA,NA,NA,NA,NA
5519,581.274575,581.273490918987,581.273237416281,3746259.5,NA,178073.2,17.33,-1,0.436116252268,0.966077649265711,0,0.579646589559426,4,1.80769230769231,0.461538461538462,"P1 O12","de-protonated",0,NA,"C26 H47 O12 P1",26,47,12,NA,1,NA,NA,NA,NA,NA,NA
5520,581.279835,581.278750906458,581.278977701314,1816276,NA,159661.1,7.25,-1,-0.39016524708818,0.972756254373073,0,0.583653752623844,8,1.53333333333333,0.3,"S1 O9","de-protonated",0,NA,"C30 H46 O9 S1",30,46,9,NA,NA,1,NA,NA,NA,NA,NA
5521,581.311526,581.310441830973,581.310492305591,2860502.5,NA,160212.3,12.71,-1,-0.0868290158988659,0.998632943185453,0,0.599179765911272,2,1.96428571428571,0.214285714285714,"S2 P1 O6","de-protonated",0,NA,"C28 H55 O6 S2 P1",28,55,6,NA,1,2,NA,NA,NA,NA,NA
5523,581.35308,581.351995731995,581.351748720083,3801562,NA,193366.8,17.62,-1,0.424892352928435,0.483886574918857,0.741475186234394,0.586922019445072,6,1.6875,0.21875,"S1 O7","de-protonated",0,NA,"C32 H54 O7 S1",32,54,7,NA,NA,1,NA,NA,NA,NA,NA
5524,581.389425,581.388340645425,581.388134229467,4581853,NA,174346.7,21.7,-1,0.355039852548349,0.488693690444212,0.73553288925895,0.587429369970107,5,1.75757575757576,0.181818181818182,"S1 O6","de-protonated",0,NA,"C33 H58 O6 S1",33,58,6,NA,NA,1,NA,NA,NA,NA,NA
5528,582.184245,582.183158752235,582.183317467454,2179612.3,NA,183902.8,9.15,-1,-0.272620692918129,0.98660488689844,0,0.591962932139064,15,1.17241379310345,0.206896551724138,"N3 S1 P1 O6","de-protonated",0,NA,"C29 H34 O6 S1 N3 P1",29,34,6,3,1,1,NA,NA,NA,NA,NA
5530,582.269661,582.268574548782,582.268353446693,2279459,NA,191983.5,9.67,-1,0.379725409339635,0.974175956994096,0,0.584505574196458,17,1.13888888888889,0.111111111111111,"N1 S1 O4","de-protonated",0,NA,"C36 H41 O4 S1 N1",36,41,4,1,NA,1,NA,NA,NA,NA,NA
5537,583.095538,583.094449581617,583.094429089805,2582627.3,NA,189470.2,11.25,-1,0.0351432133727634,0.4998879638671,0.707195036525566,0.582810792930486,30,0.526315789473684,0.0263157894736842,"N2 S2 O1","de-protonated",0,NA,"C38 H20 O1 S2 N2",38,20,1,2,NA,2,NA,NA,NA,NA,NA
5538,583.124281,583.123192513153,583.123085455048,2028133.4,NA,235523.3,8.36,-1,0.183594352106753,0.993902594878555,0,0.596341556927133,11,1.26923076923077,0.346153846153846,"S2 P1 O9","de-protonated",0,NA,"C26 H33 O9 S2 P1",26,33,9,NA,1,2,NA,NA,NA,NA,NA
5539,583.131741,583.130652495384,583.1304582836,3791462,NA,192545.4,17.57,-1,0.333050317208672,0.980074446476847,0,0.588044667886108,12,1.12,0.64,"O16","de-protonated",0,NA,"C25 H28 O16",25,28,16,NA,NA,NA,NA,NA,NA,NA,NA
5540,583.159685,583.158596428824,583.158468642726,2937448,NA,184488.7,13.11,-1,0.219127570906896,0.495662621347171,0.712686567164179,0.582472199673975,24,0.756756756756757,0.135135135135135,"S1 O5","de-protonated",0,NA,"C37 H28 O5 S1",37,28,5,NA,NA,1,NA,NA,NA,NA,NA
5541,583.167878,583.166789409309,583.166843792985,3904104.8,NA,170765.6,18.16,-1,-0.0932557738807577,0.499211625294996,0.779247987650237,0.611226170237093,11,1.23076923076923,0.576923076923077,"O15","de-protonated",0,NA,"C26 H32 O15",26,32,15,NA,NA,NA,NA,NA,NA,NA,NA
5543,583.204517,583.203428322038,583.203229302369,2874475.5,NA,166357.7,12.78,-1,0.341252687904874,0.97909136508057,0,0.587454819048342,10,1.33333333333333,0.518518518518518,"O14","de-protonated",0,NA,"C27 H36 O14",27,36,14,NA,NA,NA,NA,NA,NA,NA,NA
5545,583.240764,583.239675235701,583.239614811753,2417262.3,NA,173626.9,10.39,-1,0.103600555672148,0.998054392768863,0,0.598832635661318,9,1.42857142857143,0.464285714285714,"O13","de-protonated",0,NA,"C28 H40 O13",28,40,13,NA,NA,NA,NA,NA,NA,NA,NA
5546,583.269513,583.268424167224,583.268627492586,2162800.5,NA,168609.6,9.06,-1,-0.348596430867715,0.978191765929829,0,0.586915059557897,7,1.63333333333333,0.166666666666667,"S2 P1 O5","de-protonated",0,NA,"C30 H49 O5 S2 P1",30,49,5,NA,1,2,NA,NA,NA,NA,NA
5548,583.296082,583.294993103939,583.295117023163,3855986.5,NA,169746.1,17.91,-1,-0.212446873497919,0.495921998146095,0.73553288925895,0.591766354591237,11,1.48484848484848,0.0303030303030303,"N2 S2 P1 O1","de-protonated",0,NA,"C33 H49 O1 S2 N2 P1",33,49,1,2,1,2,NA,NA,NA,NA,NA
5549,583.313635,583.312546062129,583.312385830522,2465907.8,NA,169326.6,10.64,-1,0.274692619602516,0.986401902431129,0,0.591841141458677,7,1.6,0.366666666666667,"O11","de-protonated",0,NA,"C30 H48 O11",30,48,11,NA,NA,NA,NA,NA,NA,NA,NA
5550,583.332163,583.331074017997,583.331013275177,5888629,NA,180909.9,28.53,-1,0.104130963670512,0.988555029726438,0.9894882425577,0.988928314858943,6,1.67741935483871,0.258064516129032,"S1 O8","de-protonated",0,NA,"C31 H52 O8 S1",31,52,8,NA,NA,1,NA,NA,NA,NA,NA
5551,583.368736,583.367646930884,583.367398784561,5923448,NA,173513.1,28.71,-1,0.425368855287692,0.965139638103321,0.942584285460804,0.956117497046314,5,1.75,0.21875,"S1 O7","de-protonated",0,NA,"C32 H56 O7 S1",32,56,7,NA,NA,1,NA,NA,NA,NA,NA
5552,583.405115,583.404025844232,583.403784293945,1994874.8,NA,211564,8.18,-1,0.414036201471936,0.969373765872996,0,0.581624259523797,4,1.81818181818182,0.181818181818182,"S1 O6","de-protonated",0,NA,"C33 H60 O6 S1",33,60,6,NA,NA,1,NA,NA,NA,NA,NA
5555,584.199605,584.198513951828,584.198478274562,1786550.1,NA,217578.6,7.09,-1,0.061070453979942,0.999323497846985,0,0.599594098708191,10,1.34615384615385,0.538461538461538,"N1 O14","de-protonated",0,NA,"C26 H35 O14 N1",26,35,14,1,NA,NA,NA,NA,NA,NA,NA
5556,584.236392,584.235300864205,584.235353041317,1779896.8,NA,183288.4,7.06,-1,-0.0893083780804708,0.998553814482103,0,0.599132288689262,13,1.33333333333333,0.166666666666667,"N3 S1 P1 O5","de-protonated",0,NA,"C30 H40 O5 S1 N3 P1",30,40,5,3,1,1,NA,NA,NA,NA,NA
5557,584.248822,584.247730834598,584.247618001787,2130105.8,NA,196875.6,8.89,-1,0.193124982590851,0.993255309587881,0,0.595953185752729,17,1.11428571428571,0.142857142857143,"N1 S1 O5","de-protonated",0,NA,"C35 H39 O5 S1 N1",35,39,5,1,NA,1,NA,NA,NA,NA,NA
5563,585.111094,585.110000780743,585.109722838694,1857272.1,NA,187233.2,7.46,-1,0.475025517736661,0.959883113581643,0,0.575929868148986,12,1.08333333333333,0.708333333333333,"O17","de-protonated",0,NA,"C24 H26 O17",24,26,17,NA,NA,NA,NA,NA,NA,NA,NA
5564,585.147593,585.146499693806,585.146597605449,2179322.8,NA,189108.6,9.15,-1,-0.167328398236283,0.994932538940285,0,0.596959523364171,15,1.10714285714286,0.285714285714286,"N2 S1 P1 O8","de-protonated",0,NA,"C28 H31 O8 S1 N2 P1",28,31,8,2,1,1,NA,NA,NA,NA,NA
5565,585.162759,585.161665657682,585.161853746734,2607355.8,NA,185235.3,11.38,-1,-0.32143081559221,0.981427756180587,0,0.588856653708352,19,0.96875,0.15625,"N2 S1 P1 O5","de-protonated",0,NA,"C32 H31 O5 S1 N2 P1",32,31,5,2,1,1,NA,NA,NA,NA,NA
5567,585.184081,585.182987606894,585.182983114833,2178813.3,NA,187597.9,9.14,-1,0.00767633654872717,0.999989307985958,0,0.599993584791575,14,1.20689655172414,0.241379310344828,"N2 S1 P1 O7","de-protonated",0,NA,"C29 H35 O7 S1 N2 P1",29,35,7,2,1,1,NA,NA,NA,NA,NA
5568,585.199192,585.198098570901,585.198239256118,2006782.4,NA,199342.6,8.24,-1,-0.240406082807578,0.989567953034131,0,0.593740771820478,18,1.06060606060606,0.121212121212121,"N2 S1 P1 O4","de-protonated",0,NA,"C33 H35 O4 S1 N2 P1",33,35,4,2,1,1,NA,NA,NA,NA,NA
5570,585.248546,585.247452453345,585.247219372246,2799362,NA,178684.8,12.39,-1,0.39826092480529,0.971630300403002,0,0.582978180241801,0,2.33333333333333,0.944444444444444,"N4 O17","de-protonated",0,NA,"C18 H42 O17 N4",18,42,17,4,NA,NA,NA,NA,NA,NA,NA
5571,585.269363,585.26826940376,585.268019094072,2120451.5,NA,165025.2,8.84,-1,0.427683865754449,0.967355313247438,0,0.580413187948463,16,1.16666666666667,0.138888888888889,"S1 O5","de-protonated",0,NA,"C36 H42 O5 S1",36,42,5,NA,NA,1,NA,NA,NA,NA,NA
5573,585.292865,585.291771347781,585.291650385615,3101445,NA,194170.4,13.96,-1,0.206669897507228,0.992279837411976,0,0.595367902447185,7,1.58620689655172,0.413793103448276,"O12","de-protonated",0,NA,"C29 H46 O12",29,46,12,NA,NA,NA,NA,NA,NA,NA,NA
5574,585.311508,585.310414303375,585.31027783027,4858630.5,NA,168713,23.14,-1,0.233163690516175,0.495091990631984,0.753652554121787,0.598516216027905,6,1.66666666666667,0.3,"S1 O9","de-protonated",0,NA,"C30 H50 O9 S1",30,50,9,NA,NA,1,NA,NA,NA,NA,NA
5575,585.32989,585.32879625959,585.328905274925,3316487.8,NA,158826.9,15.09,-1,-0.186246286032576,0.496862866071505,0.747514279669976,0.597123431510894,5,1.74193548387097,0.193548387096774,"S2 O6","de-protonated",0,NA,"C31 H54 O6 S2",31,54,6,NA,NA,2,NA,NA,NA,NA,NA
5576,585.347893,585.346799216709,585.346663339655,3281673,NA,173803.9,14.91,-1,0.232130911304737,0.495135161836357,0.747514279669976,0.596086808969804,5,1.74193548387097,0.258064516129032,"S1 O8","de-protonated",0,NA,"C31 H54 O8 S1",31,54,8,NA,NA,1,NA,NA,NA,NA,NA
5579,585.891842,585.890746921071,585.890519315322,2044719.1,NA,184288.3,8.44,-1,0.388478294535876,0.972988127900669,0,0.583792876740401,17,0.352941176470588,0.882352941176471,"N3 S2 P1 O15","de-protonated",0,NA,"C17 H6 O15 S2 N3 P1",17,6,15,3,1,2,NA,NA,NA,NA,NA
5580,586.288368,586.287271976582,586.287388615179,1784650.5,NA,221395.1,7.08,-1,-0.198944407008322,0.992844190352506,0,0.595706514211504,11,1.48387096774194,0.129032258064516,"N3 S1 P1 O4","de-protonated",0,NA,"C31 H46 O4 S1 N3 P1",31,46,4,3,1,1,NA,NA,NA,NA,NA
5586,587.14221,587.141111942807,587.141118301827,2063748,NA,168354.8,8.54,-1,-0.0108304804507153,0.999978716421376,0,0.599987229852825,19,0.935483870967742,0.193548387096774,"N2 S1 P1 O6","de-protonated",0,NA,"C31 H29 O6 S1 N2 P1",31,29,6,2,1,1,NA,NA,NA,NA,NA
5587,587.154898,587.153799912585,587.153516204079,2430852.8,NA,154316.3,10.46,-1,0.48319306387295,0.958520978944447,0,0.575112587366668,10,1.32,0.56,"P1 O14","de-protonated",0,NA,"C25 H33 O14 P1",25,33,14,NA,1,NA,NA,NA,NA,NA,NA
5588,587.178623,587.177524856074,587.177503811212,2689926.5,NA,187354.8,11.81,-1,0.0358407171305296,0.999766945980362,0,0.599860167588217,18,1.03125,0.15625,"N2 S1 P1 O5","de-protonated",0,NA,"C32 H33 O5 S1 N2 P1",32,33,5,2,1,1,NA,NA,NA,NA,NA
5590,587.214297,587.213198771102,587.213400063225,2616200.8,NA,202109,11.43,-1,-0.342792115048858,0.978904305805822,0,0.587342583483493,13,1.2,0.4,"O12","de-protonated",0,NA,"C30 H36 O12",30,36,12,NA,NA,NA,NA,NA,NA,NA,NA
5592,587.272406,587.271307632692,587.271404198079,1841036.6,NA,224797.7,7.38,-1,-0.164430597387867,0.995106109708343,0,0.597063665825006,11,1.45161290322581,0.161290322580645,"N2 S1 P1 O5","de-protonated",0,NA,"C31 H45 O5 S1 N2 P1",31,45,5,2,1,1,NA,NA,NA,NA,NA
5593,587.300447,587.2993485659,587.299058241616,2408334.5,NA,213587.1,10.34,-1,0.494338072408665,0.95662803711713,0,0.573976822270278,6,1.68965517241379,0.344827586206897,"P1 O10","de-protonated",0,NA,"C29 H49 O10 P1",29,49,10,NA,1,NA,NA,NA,NA,NA,NA
5594,587.308535,587.307436546636,587.307300450093,2520975,NA,199682.3,10.93,-1,0.231729695976647,0.990303764724949,0,0.594182258834969,6,1.6551724137931,0.413793103448276,"O12","de-protonated",0,NA,"C29 H48 O12",29,48,12,NA,NA,NA,NA,NA,NA,NA,NA
5595,587.345029,587.34393045971,587.343685959478,2415505.5,NA,174783,10.38,-1,0.416281366819255,0.96904592416877,0,0.581427554501262,5,1.73333333333333,0.366666666666667,"O11","de-protonated",0,NA,"C30 H52 O11",30,52,11,NA,NA,NA,NA,NA,NA,NA,NA
5598,588.925797,588.924694694463,588.924916701755,2108406.5,NA,205870.3,8.77,-1,-0.376970452305043,0.974544518152848,0,0.584726710891709,20,0.3,0.7,"N4 S2 O14","de-protonated",0,NA,"C20 H6 O14 S2 N4",20,6,14,4,NA,2,NA,NA,NA,NA,NA
5599,589.085109,589.084006314996,589.083997347537,2484736.5,NA,155154.1,10.74,-1,0.0152227171218932,0.999957953577296,0,0.599974772146378,20,0.793103448275862,0.275862068965517,"N2 S1 P1 O8","de-protonated",0,NA,"C29 H23 O8 S1 N2 P1",29,23,8,2,1,1,NA,NA,NA,NA,NA
5600,589.121366,589.120263228635,589.120382856921,2016258.6,NA,195085.5,8.29,-1,-0.203062548205744,0.992545992508286,0,0.595527595504971,19,0.9,0.233333333333333,"N2 S1 P1 O7","de-protonated",0,NA,"C30 H27 O7 S1 N2 P1",30,27,7,2,1,1,NA,NA,NA,NA,NA
5601,589.157817,589.156714141812,589.156768366305,3114501,NA,151178.3,14.03,-1,-0.0920374615182995,0.998464147982969,0,0.599078488789781,18,1,0.193548387096774,"N2 S1 P1 O6","de-protonated",0,NA,"C31 H31 O6 S1 N2 P1",31,31,6,2,1,1,NA,NA,NA,NA,NA
5603,589.194025,589.192922055568,589.192664618319,4038663.3,NA,196962,18.86,-1,0.436932202018827,0.982769123423316,0.871090814226564,0.938097799744616,13,1.17241379310345,0.448275862068966,"O13","de-protonated",0,NA,"C29 H34 O13",29,34,13,NA,NA,NA,NA,NA,NA,NA,NA
5605,589.230674,589.229570968273,589.229539385074,1922569.4,NA,200049.8,7.8,-1,0.0536008413761188,0.999478824675253,0,0.599687294805152,16,1.18181818181818,0.121212121212121,"N2 S1 P1 O4","de-protonated",0,NA,"C33 H39 O4 S1 N2 P1",33,39,4,2,1,1,NA,NA,NA,NA,NA
5606,589.243242,589.242138938337,589.241937287325,2584586.3,NA,178579.2,11.26,-1,0.342221079232176,0.978973787718532,0,0.587384272631119,7,1.59259259259259,0.444444444444444,"P1 O12","de-protonated",0,NA,"C27 H43 O12 P1",27,43,12,NA,1,NA,NA,NA,NA,NA,NA
5607,589.279657,589.2785538516,589.27832279671,3589132.3,NA,191359.2,16.51,-1,0.392098064867287,0.486244709880659,0.766236582456902,0.598241458911156,6,1.67857142857143,0.392857142857143,"P1 O11","de-protonated",0,NA,"C28 H47 O11 P1",28,47,11,NA,1,NA,NA,NA,NA,NA,NA
5609,589.352473,589.351369678159,589.351093815478,2009104.9,NA,209993,8.26,-1,0.468078677171097,0.961024880231768,0,0.576614928139061,4,1.83333333333333,0.3,"P1 O9","de-protonated",0,NA,"C30 H55 O9 P1",30,55,9,NA,1,NA,NA,NA,NA,NA,NA
5612,590.246902,590.245796547709,590.245917725366,1917510.6,NA,205040.1,7.78,-1,-0.205300288711842,0.992381432462575,0,0.595428859477545,11,1.44827586206897,0.206896551724138,"N3 S1 P1 O6","de-protonated",0,NA,"C29 H42 O6 S1 N3 P1",29,42,6,3,1,1,NA,NA,NA,NA,NA
5613,590.283229,590.282123461181,590.282303234751,3031112.8,NA,184178.5,13.59,-1,-0.304555241209705,0.983310762087992,0,0.589986457252795,10,1.53333333333333,0.166666666666667,"N3 S1 P1 O5","de-protonated",0,NA,"C30 H46 O5 S1 N3 P1",30,46,5,3,1,1,NA,NA,NA,NA,NA
5614,590.319629,590.31852337448,590.318688744135,2046538.9,NA,179596.9,8.45,-1,-0.280136235253816,0.985861477686389,0,0.591516886611834,9,1.61290322580645,0.129032258064516,"N3 S1 P1 O4","de-protonated",0,NA,"C31 H50 O4 S1 N3 P1",31,50,4,3,1,1,NA,NA,NA,NA,NA
5615,591.100417,591.099309514713,591.099158154644,2512504,NA,182890.8,10.88,-1,0.25606544432194,0.988172993650315,0,0.592903796190189,15,0.923076923076923,0.615384615384615,"O16","de-protonated",0,NA,"C26 H24 O16",26,24,16,NA,NA,NA,NA,NA,NA,NA,NA
5616,591.136843,591.135735427949,591.135543664029,4459642,NA,194269.6,21.06,-1,0.324399239362844,0.490543210605577,0.772687513667176,0.603400931830217,14,1.03703703703704,0.555555555555556,"O15","de-protonated",0,NA,"C27 H28 O15",27,28,15,NA,NA,NA,NA,NA,NA,NA,NA
5617,591.173081,591.171973341634,591.171929173413,5688444.5,NA,171526.2,27.48,-1,0.0747129872802236,0.499493830333061,0.766236582456902,0.606190931182597,13,1.14285714285714,0.5,"O14","de-protonated",0,NA,"C28 H32 O14",28,32,14,NA,NA,NA,NA,NA,NA,NA,NA
5619,591.209587,591.20847925468,591.208314682797,4431998.5,NA,176099.6,20.91,-1,0.278365304373414,0.493019210607108,0.759892473118277,0.599768515611576,12,1.24137931034483,0.448275862068966,"O13","de-protonated",0,NA,"C29 H36 O13",29,36,13,NA,NA,NA,NA,NA,NA,NA,NA
5620,591.223081,591.221973222538,591.222071222345,2534527,NA,208740.4,11,-1,-0.16575803131981,0.995026972453897,0,0.597016183472338,6,1.66666666666667,0.296296296296296,"S2 P1 O8","de-protonated",0,NA,"C27 H45 O8 S2 P1",27,45,8,NA,1,2,NA,NA,NA,NA,NA
5621,591.245986,591.24487816798,591.244700192181,2305664.5,NA,144278.4,9.8,-1,0.301018848838048,0.983692932211831,0,0.590215759327098,11,1.33333333333333,0.4,"O12","de-protonated",0,NA,"C30 H40 O12",30,40,12,NA,NA,NA,NA,NA,NA,NA,NA
5622,591.258911,591.257803137194,591.257587351803,3403905.3,NA,183884.2,15.54,-1,0.364960036868017,0.976121504399025,0,0.585672902639415,6,1.66666666666667,0.444444444444444,"P1 O12","de-protonated",0,NA,"C27 H45 O12 P1",27,45,12,NA,1,NA,NA,NA,NA,NA,NA
5625,591.337353,591.336244950352,591.336098655605,6575237.5,NA,171436.8,32.11,-1,0.247396950516072,0.494477913624782,0.73553288925895,0.590899903878449,8,1.57575757575758,0.212121212121212,"S1 O7","de-protonated",0,NA,"C33 H52 O7 S1",33,52,7,NA,NA,1,NA,NA,NA,NA,NA
5626,591.368443,591.367334876299,591.367613259882,2129543.3,NA,167181.6,8.88,-1,-0.470745398913741,0.960588412903765,0,0.576353047742259,2,1.96774193548387,0.129032258064516,"S2 P1 O4","de-protonated",0,NA,"C31 H61 O4 S2 P1",31,61,4,NA,1,2,NA,NA,NA,NA,NA
5627,591.485016,591.483907598632,591.484142616587,3973262,NA,170211.1,18.52,-1,-0.397336018437744,0.485880020328983,0.73553288925895,0.58574116790097,0,2.06060606060606,0.242424242424242,"O8","de-protonated",0,NA,"C33 H68 O8",33,68,8,NA,NA,NA,NA,NA,NA,NA,NA
5629,592.262362,592.261251747064,592.261078532474,3102905,NA,155490.3,13.97,-1,0.292463233815439,0.984599650351292,0,0.590759790210775,6,1.65384615384615,0.538461538461538,"N1 O14","de-protonated",0,NA,"C26 H43 O14 N1",26,43,14,1,NA,NA,NA,NA,NA,NA,NA
5630,592.299112,592.298001659529,592.297953299229,2927803,NA,198738.3,13.05,-1,0.081648602748444,0.998791104664783,0,0.59927466279887,9,1.6,0.166666666666667,"N3 S1 P1 O5","de-protonated",0,NA,"C30 H48 O5 S1 N3 P1",30,48,5,3,1,1,NA,NA,NA,NA,NA
5631,592.335122,592.334011573756,592.333849551242,2224829,NA,192109.6,9.38,-1,0.273532423987476,0.986515749769351,0,0.59190944986161,4,1.82142857142857,0.428571428571429,"N1 O12","de-protonated",0,NA,"C28 H51 O12 N1",28,51,12,1,NA,NA,NA,NA,NA,NA,NA
5632,592.341005,592.339894559743,592.340079093646,2441405.3,NA,184602.1,10.51,-1,-0.311533709913123,0.982543967943529,0,0.589526380766117,12,1.45714285714286,0.0285714285714286,"N3 S2 O1","de-protonated",0,NA,"C35 H51 O1 S2 N3",35,51,1,3,NA,2,NA,NA,NA,NA,NA
5633,592.907763,592.906651209777,592.906880398994,2161371.8,NA,194240.9,9.05,-1,-0.386551791930326,0.973251766116059,0,0.583951059669636,19,0.333333333333333,0.80952380952381,"S1 P1 O17","de-protonated",0,NA,"C21 H7 O17 S1 P1",21,7,17,NA,1,1,NA,NA,NA,NA,NA
5634,593.116236,593.115123713213,593.115297476493,3536102.8,NA,176320.6,16.23,-1,-0.292967118968265,0.49227347529306,0.759892473118277,0.599321074423147,18,0.931034482758621,0.275862068965517,"N2 S1 P1 O8","de-protonated",0,NA,"C29 H27 O8 S1 N2 P1",29,27,8,2,1,1,NA,NA,NA,NA,NA
5635,593.152878,593.151765625935,593.151682985877,3776744.5,NA,182705.3,17.49,-1,0.139323650588341,0.498242040237609,0.753652554121787,0.60040624579128,17,1.03333333333333,0.233333333333333,"N2 S1 P1 O7","de-protonated",0,NA,"C30 H31 O7 S1 N2 P1",30,31,7,2,1,1,NA,NA,NA,NA,NA
5637,593.189016,593.187903539857,593.188068495261,4962538.5,NA,170407.4,23.68,-1,-0.278082808386697,0.493033273051564,0.747514279669976,0.594825675698929,16,1.12903225806452,0.193548387096774,"N2 S1 P1 O6","de-protonated",0,NA,"C31 H35 O6 S1 N2 P1",31,35,6,2,1,1,NA,NA,NA,NA,NA
5638,593.217461,593.216348472104,593.216591918723,2930924,NA,190686.6,13.07,-1,-0.410384036470224,0.969903505869164,0,0.581942103521498,10,1.43333333333333,0.2,"S2 P1 O6","de-protonated",0,NA,"C30 H43 O6 S2 P1",30,43,6,NA,1,2,NA,NA,NA,NA,NA
5639,593.225208,593.224095453651,593.223964747275,3884268.5,NA,157376.4,18.05,-1,0.22033225841493,0.495615009752461,0.759892473118277,0.601325995098788,11,1.31034482758621,0.448275862068966,"O13","de-protonated",0,NA,"C29 H38 O13",29,38,13,NA,NA,NA,NA,NA,NA,NA,NA
5640,593.238251,593.237138422584,593.236851906897,2321133,NA,169455.5,9.88,-1,0.482970142249069,0.958558438845816,0,0.57513506330749,6,1.65384615384615,0.5,"P1 O13","de-protonated",0,NA,"C26 H43 O13 P1",26,43,13,NA,1,NA,NA,NA,NA,NA,NA
5641,593.261955,593.260842366123,593.26083951403,2111214.3,NA,192444.5,8.79,-1,0.00480748601494163,0.999995806380947,0,0.599997483828568,14,1.3030303030303,0.121212121212121,"N2 S1 P1 O4","de-protonated",0,NA,"C33 H43 O4 S1 N2 P1",33,43,4,2,1,1,NA,NA,NA,NA,NA
5642,593.274954,593.273841335161,593.274106796207,4680943,NA,179367.7,22.21,-1,-0.44745092216603,0.482161844455643,0.766236582456902,0.595791739656147,4,1.82142857142857,0.25,"S2 P1 O7","de-protonated",0,NA,"C28 H51 O7 S2 P1",28,51,7,NA,1,2,NA,NA,NA,NA,NA
5647,594.191898,594.190783151082,594.190711522817,1840926,NA,189021.4,7.38,-1,0.120547602091919,0.997366710907565,0,0.598420026544539,15,1.1875,0.125,"N1 S2 P1 O4","de-protonated",0,NA,"C32 H38 O4 S2 N1 P1",32,38,4,1,1,2,NA,NA,NA,NA,NA
5649,594.270455,594.269339963967,594.2693557684,2361122,NA,188481.1,10.09,-1,-0.0265947304986126,0.999871673263921,0,0.599923003958353,4,1.85185185185185,0.259259259259259,"N1 S2 P1 O7","de-protonated",0,NA,"C27 H50 O7 S2 N1 P1",27,50,7,1,1,2,NA,NA,NA,NA,NA
5650,594.278205,594.277089945507,594.277217854322,2045218.4,NA,219406.8,8.44,-1,-0.215234257010823,0.99162947665994,0,0.594977685995964,9,1.58620689655172,0.206896551724138,"N3 S1 P1 O6","de-protonated",0,NA,"C29 H46 O6 S1 N3 P1",29,46,6,3,1,1,NA,NA,NA,NA,NA
5651,594.314761,594.313645858434,594.313603363707,2138404.3,NA,202509.1,8.93,-1,0.0715021948005371,0.999072762154617,0,0.59944365729277,8,1.66666666666667,0.166666666666667,"N3 S1 P1 O5","de-protonated",0,NA,"C30 H50 O5 S1 N3 P1",30,50,5,3,1,1,NA,NA,NA,NA,NA
5653,595.095418,595.094300998979,595.094072774216,1890634.6,NA,186060.2,7.63,-1,0.383510394705121,0.973665451574788,0,0.584199270944873,14,0.96,0.68,"O17","de-protonated",0,NA,"C25 H24 O17",25,24,17,NA,NA,NA,NA,NA,NA,NA,NA
5654,595.132144,595.131026911501,595.130947540971,3924300.3,NA,175008.2,18.26,-1,0.13336649762552,0.498388921502589,0.759892473118277,0.602990342148864,17,1,0.275862068965517,"N2 S1 P1 O8","de-protonated",0,NA,"C29 H29 O8 S1 N2 P1",29,29,8,2,1,1,NA,NA,NA,NA,NA
5655,595.160469,595.159351844033,595.159470964433,2729293.8,NA,186598.7,12.02,-1,-0.20014870877939,0.992757608763618,0,0.595654565258171,11,1.32142857142857,0.285714285714286,"S2 P1 O8","de-protonated",0,NA,"C28 H37 O8 S2 P1",28,37,8,NA,1,2,NA,NA,NA,NA,NA
5656,595.168106,595.166988825842,595.166843792985,4637006,NA,162646.3,21.98,-1,0.243684370813073,0.494641520581118,0.772687513667176,0.605859917815541,12,1.18518518518519,0.555555555555556,"O15","de-protonated",0,NA,"C27 H32 O15",27,32,15,NA,NA,NA,NA,NA,NA,NA,NA
5657,595.196263,595.195145758775,595.19485415211,3189071.5,NA,165627,14.42,-1,0.489934788861661,0.478690314797644,0.701787487586891,0.567929183913343,24,0.82051282051282,0.102564102564103,"S1 O4","de-protonated",0,NA,"C39 H32 O4 S1",39,32,4,NA,NA,1,NA,NA,NA,NA,NA
5658,595.204444,595.203326739289,595.203229302369,3610959.8,NA,167105.6,16.62,-1,0.163703613906452,0.497574591530423,0.766236582456902,0.605039387901015,11,1.28571428571429,0.5,"O14","de-protonated",0,NA,"C28 H36 O14",28,36,14,NA,NA,NA,NA,NA,NA,NA,NA
5659,595.232566,595.231448672305,595.231239661494,2439505.3,NA,181331.1,10.5,-1,0.351142205529483,0.488937818784776,0.69646200847541,0.57194749466103,23,0.9,0.075,"S1 O3","de-protonated",0,NA,"C40 H36 O3 S1",40,36,3,NA,NA,1,NA,NA,NA,NA,NA
5660,595.24085,595.239732652573,595.239614811753,2434385.5,NA,196290.6,10.48,-1,0.19797207133449,0.99291371927238,0,0.595748231563428,10,1.37931034482759,0.448275862068966,"O13","de-protonated",0,NA,"C29 H40 O13",29,40,13,NA,NA,NA,NA,NA,NA,NA,NA
5661,595.253547,595.25242962233,595.252369029594,3048786.3,NA,172910.7,13.69,-1,0.101793355416138,0.499060807777484,0.712686567164179,0.584511111532162,18,1.08108108108108,0.135135135135135,"S1 O5","de-protonated",0,NA,"C37 H40 O5 S1",37,40,5,NA,NA,1,NA,NA,NA,NA,NA
5662,595.290051,595.28893353538,595.288754538978,3379540,NA,181338.7,15.41,-1,0.300688365130398,0.49186421316893,0.707195036525566,0.577996542511584,17,1.15789473684211,0.105263157894737,"S1 O4","de-protonated",0,NA,"C38 H44 O4 S1",38,44,4,NA,NA,1,NA,NA,NA,NA,NA
5663,595.295656,595.29453852203,595.294627765792,2365780.3,NA,144179.5,10.12,-1,-0.149915283116017,0.995930318476361,0,0.597558191085817,8,1.54838709677419,0.290322580645161,"S1 O9","de-protonated",0,NA,"C31 H48 O9 S1",31,48,9,NA,NA,1,NA,NA,NA,NA,NA
5664,595.313791,595.312673478834,595.312385830522,1893717.1,NA,177107.5,7.65,-1,0.483188858415274,0.958521685778842,0,0.575113011467305,8,1.54838709677419,0.354838709677419,"O11","de-protonated",0,NA,"C31 H48 O11",31,48,11,NA,NA,NA,NA,NA,NA,NA,NA
5665,595.326388,595.325270448829,595.325140048362,1998677.8,NA,164859.8,8.2,-1,0.219040752525536,0.991332085341634,0,0.59479925120498,16,1.23076923076923,0.0769230769230769,"S1 O3","de-protonated",0,NA,"C39 H48 O3 S1",39,48,3,NA,NA,1,NA,NA,NA,NA,NA
5666,595.332383,595.331265434549,595.331013275177,3521878,NA,184040.5,16.16,-1,0.423561627249874,0.483985717156562,0.741475186234394,0.586981504787695,7,1.625,0.25,"S1 O8","de-protonated",0,NA,"C32 H52 O8 S1",32,52,8,NA,NA,1,NA,NA,NA,NA,NA
5667,595.368782,595.36766434785,595.367398784561,4417880,NA,159626,20.84,-1,0.446049430540346,0.482271411827283,0.73553288925895,0.58357600279995,6,1.6969696969697,0.212121212121212,"S1 O7","de-protonated",0,NA,"C33 H56 O7 S1",33,56,7,NA,NA,1,NA,NA,NA,NA,NA
5668,595.405149,595.404031261227,595.403784293945,6344025.5,NA,166215.4,30.9,-1,0.414789573940406,0.484631971413884,0.72968508002065,0.58265321485659,5,1.76470588235294,0.176470588235294,"S1 O6","de-protonated",0,NA,"C34 H60 O6 S1",34,60,6,NA,NA,1,NA,NA,NA,NA,NA
5669,595.441521,595.440403174592,595.44016980333,3595611.3,NA,182316.6,16.54,-1,0.391930666758836,0.486256289556803,0.723929522638802,0.581325582789603,4,1.82857142857143,0.142857142857143,"S1 O5","de-protonated",0,NA,"C35 H64 O5 S1",35,64,5,NA,NA,1,NA,NA,NA,NA,NA
5670,595.480923,595.47980508074,595.479546493529,7929181,NA,166224.5,39.18,-1,0.434250366878181,0.483181184327152,0.723929522638802,0.579480519651812,3,1.97142857142857,0.0285714285714286,"N2 S1 P1 O1","de-protonated",0,NA,"C35 H69 O1 S1 N2 P1",35,69,1,2,1,1,NA,NA,NA,NA,NA
5671,596.286393,596.285273162183,596.285005832878,2223490.8,NA,167628.7,9.37,-1,0.448324714624313,0.964186741646581,0,0.578512044987949,3,1.92592592592593,0.259259259259259,"N1 S2 P1 O7","de-protonated",0,NA,"C27 H52 O7 S2 N1 P1",27,52,7,1,1,2,NA,NA,NA,NA,NA
5674,597.111271,597.110149197398,597.110079154283,2604968,NA,160180.7,11.37,-1,0.117303521276274,0.498753179654895,0.701787487586891,0.579966902827693,30,0.564102564102564,0.0256410256410256,"N2 S2 O1","de-protonated",0,NA,"C39 H22 O1 S2 N2",39,22,1,2,NA,2,NA,NA,NA,NA,NA
5675,597.139661,597.138539129775,597.138735519526,2126761.3,NA,183811.4,8.87,-1,-0.328884628288036,0.980564929170797,0,0.588338957502478,11,1.2962962962963,0.333333333333333,"S2 P1 O9","de-protonated",0,NA,"C27 H35 O9 S2 P1",27,35,9,NA,1,2,NA,NA,NA,NA,NA
5676,597.147221,597.146099111768,597.146108348078,2502057.5,NA,168271.3,10.83,-1,-0.015467421152942,0.999956590955786,0,0.599973954573472,12,1.15384615384615,0.615384615384615,"O16","de-protonated",0,NA,"C26 H30 O16",26,30,16,NA,NA,NA,NA,NA,NA,NA,NA
5677,597.175586,597.174464044205,597.174251648985,3729834.8,NA,182313.1,17.24,-1,0.355667075786478,0.488654164187607,0.772687513667176,0.602267503979435,11,1.2962962962963,0.481481481481481,"P1 O13","de-protonated",0,NA,"C27 H35 O13 P1",27,35,13,NA,1,NA,NA,NA,NA,NA,NA
5678,597.183961,597.182839024257,597.182983114833,2920875.3,NA,196393.5,13.02,-1,-0.241283794942715,0.989492042435636,0,0.593695225461381,15,1.16666666666667,0.233333333333333,"N2 S1 P1 O7","de-protonated",0,NA,"C30 H35 O7 S1 N2 P1",30,35,7,2,1,1,NA,NA,NA,NA,NA
5680,597.220404,597.219281937453,597.219368624217,2710956.8,NA,159072.7,11.92,-1,-0.145150625119282,0.996184409278052,0,0.597710645566831,14,1.25806451612903,0.193548387096774,"N2 S1 P1 O6","de-protonated",0,NA,"C31 H39 O6 S1 N2 P1",31,39,6,2,1,1,NA,NA,NA,NA,NA
5681,597.248083,597.246960871524,597.246889725972,2470318,NA,188154.2,10.66,-1,0.119122514844915,0.498714261788251,0.69646200847541,0.577813360463115,22,0.95,0.075,"S1 O3","de-protonated",0,NA,"C40 H38 O3 S1",40,38,3,NA,NA,1,NA,NA,NA,NA,NA
5682,597.292224,597.291101766384,597.291137321279,1818031.9,NA,161478,7.25,-1,-0.0595269085471779,0.999357251788147,0,0.599614351072888,26,0.883720930232558,0.0232558139534884,"N2 O1","de-protonated",0,NA,"C43 H38 O1 N2",43,38,1,2,NA,NA,NA,NA,NA,NA,NA
5683,597.311756,597.31063371986,597.310767087641,4816305,NA,167887.8,22.92,-1,-0.223280388843776,0.495497412449213,0.72968508002065,0.589172479477788,11,1.5,0.0294117647058824,"N2 S2 P1 O1","de-protonated",0,NA,"C34 H51 O1 S2 N2 P1",34,51,1,2,1,2,NA,NA,NA,NA,NA
5684,597.348079,597.346956633342,597.346663339655,4122034.3,NA,176417.4,19.29,-1,0.490994100419428,0.478600068631054,0.741475186234394,0.58375011567239,6,1.6875,0.25,"S1 O8","de-protonated",0,NA,"C32 H54 O8 S1",32,54,8,NA,NA,1,NA,NA,NA,NA,NA
5685,597.384319,597.383196547022,597.383048849039,6516148,NA,171561.6,31.8,-1,0.24724167030817,0.988780688125336,0.976119237915204,0.983716108041283,5,1.75757575757576,0.212121212121212,"S1 O7","de-protonated",0,NA,"C33 H58 O7 S1",33,58,7,NA,NA,1,NA,NA,NA,NA,NA
5686,597.420755,597.419632460234,597.419434358423,3794357.5,NA,170843,17.58,-1,0.331595860104433,0.490123186407314,0.72968508002065,0.585947943852648,4,1.82352941176471,0.176470588235294,"S1 O6","de-protonated",0,NA,"C34 H62 O6 S1",34,62,6,NA,NA,1,NA,NA,NA,NA,NA
5689,598.314806,598.313681330685,598.313388888386,2057179.8,NA,162711.1,8.5,-1,0.488777796120461,0.957577358823749,0,0.574546415294249,12,1.40625,0.25,"N3 O8","de-protonated",0,NA,"C32 H45 O8 N3",32,45,8,3,NA,NA,NA,NA,NA,NA,NA
5691,598.433332,598.432207048367,598.432441395346,1981664.8,NA,126754.9,8.11,-1,-0.391601394893941,0.972558106279578,0,0.583534863767747,4,1.84848484848485,0.242424242424242,"N1 O8","de-protonated",0,NA,"C33 H61 O8 N1",33,61,8,1,NA,NA,NA,NA,NA,NA,NA
5694,599.163219,599.162092309842,599.162247669927,2064382.6,NA,169282.6,8.54,-1,-0.259295517449345,0.987874561853315,0,0.592724737111989,15,1.13793103448276,0.275862068965517,"N2 S1 P1 O8","de-protonated",0,NA,"C29 H33 O8 S1 N2 P1",29,33,8,2,1,1,NA,NA,NA,NA,NA
5695,599.191125,599.189998243372,599.189768771682,3952127.8,NA,152215.3,18.4,-1,0.382969974440729,0.486869317486466,0.707195036525566,0.574999605102106,23,0.842105263157895,0.131578947368421,"S1 O5","de-protonated",0,NA,"C38 H32 O5 S1",38,32,5,NA,NA,1,NA,NA,NA,NA,NA
5696,599.227991,599.22686415556,599.227156602773,2675201.3,NA,186131.4,11.73,-1,-0.48804065244843,0.957702477477686,0,0.574621486486611,8,1.55172413793103,0.241379310344828,"S2 P1 O7","de-protonated",0,NA,"C29 H45 O7 S2 P1",29,45,7,NA,1,2,NA,NA,NA,NA,NA
5698,599.308639,599.307511963464,599.307300450093,2188804.5,NA,179022.6,9.19,-1,0.352929741599573,0.977652352480452,0,0.586591411488271,7,1.6,0.4,"O12","de-protonated",0,NA,"C30 H48 O12",30,48,12,NA,NA,NA,NA,NA,NA,NA,NA
5699,599.327416,599.326288918739,599.326417152119,5211653,NA,176688.5,24.98,-1,-0.213962501877732,0.988854217022529,0.989129353705017,0.988964271695524,10,1.55882352941176,0.0294117647058824,"N2 S2 P1 O1","de-protonated",0,NA,"C34 H53 O1 S2 N2 P1",34,53,1,2,1,2,NA,NA,NA,NA,NA
5700,599.34541,599.344282875879,599.344555339403,2602501.8,NA,195679.5,11.35,-1,-0.454602485137973,0.963195567798989,0,0.577917340679393,5,1.75,0.1875,"S2 O6","de-protonated",0,NA,"C32 H56 O6 S2",32,56,6,NA,NA,2,NA,NA,NA,NA,NA
5701,599.363482,599.362354832833,599.362313404133,2851334.5,NA,186929,12.65,-1,0.069121296967577,0.999133458532709,0,0.599480075119625,5,1.75,0.25,"S1 O8","de-protonated",0,NA,"C32 H56 O8 S1",32,56,8,NA,NA,1,NA,NA,NA,NA,NA
5702,599.427237,599.426109680974,599.425839892717,2166281.3,NA,213301,9.07,-1,0.450077790492557,0.963911239748435,0,0.578346743849061,17,1.27272727272727,0.0227272727272727,"O1","de-protonated",0,NA,"C44 H56 O1",44,56,1,NA,NA,NA,NA,NA,NA,NA,NA
5703,600.194723,600.193593852891,600.193392894134,2125351,NA,212993.5,8.86,-1,0.33482334238605,0.97986388667836,0,0.587918332007016,10,1.34615384615385,0.576923076923077,"N1 O15","de-protonated",0,NA,"C26 H35 O15 N1",26,35,15,1,NA,NA,NA,NA,NA,NA,NA
5711,601.105534,601.104402683421,601.104637458266,1883721.1,NA,172250.4,7.6,-1,-0.390572338967341,0.972700156956196,0,0.583620094173717,12,1.08333333333333,0.75,"O18","de-protonated",0,NA,"C24 H26 O18",24,26,18,NA,NA,NA,NA,NA,NA,NA,NA
5712,601.12113,601.119998646273,601.119893599551,1828425.6,NA,231557.3,7.31,-1,0.17475169869203,0.994474215300283,0,0.59668452918017,16,0.928571428571429,0.535714285714286,"O15","de-protonated",0,NA,"C28 H26 O15",28,26,15,NA,NA,NA,NA,NA,NA,NA,NA
5713,601.157421,601.156289559831,601.156279108935,2511947,NA,189222.3,10.88,-1,0.0173846579681223,0.999945162932576,0,0.599967097759545,15,1.03448275862069,0.482758620689655,"O14","de-protonated",0,NA,"C29 H30 O14",29,30,14,NA,NA,NA,NA,NA,NA,NA,NA
5714,601.170319,601.169187529109,601.169033326775,2702411.5,NA,179834.3,11.87,-1,0.256504120394145,0.494066338951669,0.712686567164179,0.581514430236673,23,0.810810810810811,0.162162162162162,"S1 O6","de-protonated",0,NA,"C37 H30 O6 S1",37,30,6,NA,NA,1,NA,NA,NA,NA,NA
5715,601.194158,601.193026472327,601.19315387569,2535500.3,NA,164055.3,11,-1,-0.21191752069136,0.99188442503215,0,0.59513065501929,18,1.06060606060606,0.151515151515152,"N2 S1 P1 O5","de-protonated",0,NA,"C33 H35 O5 S1 N2 P1",33,35,5,2,1,1,NA,NA,NA,NA,NA
5716,601.207494,601.206362440562,601.206421157867,2495564.8,NA,182542.9,10.79,-1,-0.0976657980410814,0.998270729004795,0,0.598962437402877,8,1.53571428571429,0.285714285714286,"S2 P1 O8","de-protonated",0,NA,"C28 H43 O8 S2 P1",28,43,8,NA,1,2,NA,NA,NA,NA,NA
5717,601.230595,601.229463385537,601.229539385074,2151501.8,NA,182924,9,-1,-0.126406857207957,0.997104885995323,0,0.598262931597194,17,1.14705882352941,0.117647058823529,"N2 S1 P1 O4","de-protonated",0,NA,"C34 H39 O4 S1 N2 P1",34,39,4,2,1,1,NA,NA,NA,NA,NA
5718,601.24328,601.242148355323,601.241937287325,2144334.3,NA,202636.3,8.96,-1,0.351053351893915,0.977886708221388,0,0.586732024932833,8,1.53571428571429,0.428571428571429,"P1 O12","de-protonated",0,NA,"C28 H43 O12 P1",28,43,12,NA,1,NA,NA,NA,NA,NA,NA
5720,601.288181,601.287049248373,601.287054262558,1872463.8,NA,208516.5,7.54,-1,-0.00833908696292963,0.999987382070575,0,0.599992429242345,11,1.46875,0.15625,"N2 S1 P1 O5","de-protonated",0,NA,"C32 H47 O5 S1 N2 P1",32,47,5,2,1,1,NA,NA,NA,NA,NA
5722,601.324405,601.32327316209,601.323439771942,2349137,NA,180532.8,10.03,-1,-0.277071939276093,0.986166959382063,0,0.591700175629238,10,1.54545454545455,0.121212121212121,"N2 S1 P1 O4","de-protonated",0,NA,"C33 H51 O4 S1 N2 P1",33,51,4,2,1,1,NA,NA,NA,NA,NA
5725,602.210513,602.20937905146,602.209532215982,1745264.4,NA,145653.8,7.06,-1,-0.254337590700887,0.988331133657026,0,0.592998680194215,13,1.31034482758621,0.241379310344828,"N3 S1 P1 O7","de-protonated",0,NA,"C29 H38 O7 S1 N3 P1",29,38,7,3,1,1,NA,NA,NA,NA,NA
5726,602.24651,602.245375965719,602.245428467996,2040433.6,NA,158776,8.65,-1,-0.0871775433671996,0.998621954140284,0,0.59917317248417,8,1.51851851851852,0.518518518518518,"N1 O14","de-protonated",0,NA,"C27 H41 O14 N1",27,41,14,1,NA,NA,NA,NA,NA,NA,NA
5727,602.319681,602.318546791432,602.318688744135,1869428.1,NA,181556,7.73,-1,-0.23567706828048,0.9899722882994,0,0.59398337297964,10,1.5625,0.125,"N3 S1 P1 O4","de-protonated",0,NA,"C32 H50 O4 S1 N3 P1",32,50,4,3,1,1,NA,NA,NA,NA,NA
5733,603.100144,603.099007932439,603.099158154644,2136718.5,NA,182568.9,9.17,-1,-0.249083758364127,0.988805559522751,0,0.59328333571365,16,0.888888888888889,0.592592592592593,"O16","de-protonated",0,NA,"C27 H24 O16",27,24,16,NA,NA,NA,NA,NA,NA,NA,NA
5734,603.136786,603.135649845161,603.135543664029,2146959.5,NA,210218.9,9.22,-1,0.176048541459616,0.994392127874411,0,0.596635276724646,15,1,0.535714285714286,"O15","de-protonated",0,NA,"C28 H28 O15",28,28,15,NA,NA,NA,NA,NA,NA,NA,NA
5735,603.173347,603.172210758076,603.171929173413,3828368.8,NA,178615.5,18.25,-1,0.466839801046425,0.480613436477325,0.759892473118277,0.592325051133706,14,1.10344827586207,0.482758620689655,"O14","de-protonated",0,NA,"C29 H32 O14",29,32,14,NA,NA,NA,NA,NA,NA,NA,NA
5736,603.209702,603.208565671482,603.208314682797,3522194,NA,179963.2,16.61,-1,0.416089564043471,0.484536998178614,0.753652554121787,0.592183220555883,13,1.2,0.433333333333333,"O13","de-protonated",0,NA,"C30 H36 O13",30,36,13,NA,NA,NA,NA,NA,NA,NA,NA
5737,603.246188,603.245051584576,603.245189449552,2742931.3,NA,179029.5,12.42,-1,-0.228538873921781,0.990567697929091,0,0.594340618757455,16,1.20588235294118,0.117647058823529,"N2 S1 P1 O4","de-protonated",0,NA,"C34 H41 O4 S1 N2 P1",34,41,4,2,1,1,NA,NA,NA,NA,NA
5740,603.331521,603.33038438132,603.330225428791,2348694,NA,200408.6,10.3,-1,0.263458588236866,0.987484547011406,0,0.592490728206844,18,1.17073170731707,0.0487804878048781,"S1 O2","de-protonated",0,NA,"C41 H48 O2 S1",41,48,2,NA,NA,1,NA,NA,NA,NA,NA
5743,604.298855,604.297716077217,604.297464041858,2045108.6,NA,194472.3,8.67,-1,0.417071680814433,0.968930126200796,0,0.581358075720478,6,1.67857142857143,0.464285714285714,"N1 O13","de-protonated",0,NA,"C28 H47 O13 N1",28,47,13,1,NA,NA,NA,NA,NA,NA,NA
5747,605.116172,605.115031130441,605.114808219122,2587853.3,NA,175741.7,11.59,-1,0.368378555818391,0.975677587713416,0,0.585406552628049,15,0.962962962962963,0.592592592592593,"O16","de-protonated",0,NA,"C27 H26 O16",27,26,16,NA,NA,NA,NA,NA,NA,NA,NA
5748,605.1525,605.151359043911,605.151193728507,2733774.5,NA,150130.9,12.37,-1,0.273180333371077,0.986550206898826,0,0.591930124139295,14,1.07142857142857,0.535714285714286,"O15","de-protonated",0,NA,"C28 H30 O15",28,30,15,NA,NA,NA,NA,NA,NA,NA,NA
5749,605.188634,605.187492957843,605.187579237891,4227791.5,NA,162355.4,20.4,-1,-0.14256744600532,0.498159380697485,0.759892473118277,0.602852617665802,13,1.17241379310345,0.482758620689655,"O14","de-protonated",0,NA,"C29 H34 O14",29,34,14,NA,NA,NA,NA,NA,NA,NA,NA
5750,605.225308,605.224166870489,605.223964747275,2451152.5,NA,191959.3,10.85,-1,0.333964327015588,0.979966035040683,0,0.58797962102441,12,1.26666666666667,0.433333333333333,"O13","de-protonated",0,NA,"C30 H38 O13",30,38,13,NA,NA,NA,NA,NA,NA,NA,NA
5751,605.275012,605.273870752099,605.274106796207,2858706,NA,183622.1,13.04,-1,-0.389978863363745,0.972781919676868,0,0.583669151806121,5,1.75862068965517,0.241379310344828,"S2 P1 O7","de-protonated",0,NA,"C29 H51 O7 S2 P1",29,51,7,NA,1,2,NA,NA,NA,NA,NA
5752,605.31139,605.31024866545,605.310492305591,3878611,NA,171529.8,18.52,-1,-0.402504408495649,0.485515704003138,0.753652554121787,0.592770444050598,4,1.83333333333333,0.2,"S2 P1 O6","de-protonated",0,NA,"C30 H55 O6 S2 P1",30,55,6,NA,1,2,NA,NA,NA,NA,NA
5756,606.278428,606.277284362052,606.277217854322,2476782.5,NA,202348,10.99,-1,0.109698546493481,0.997818870170145,0,0.598691322102087,10,1.53333333333333,0.2,"N3 S1 P1 O6","de-protonated",0,NA,"C30 H46 O6 S1 N3 P1",30,46,6,3,1,1,NA,NA,NA,NA,NA
5757,606.356287,606.355143176599,606.354859778198,3378928.5,NA,159714.6,15.84,-1,0.467380438698432,0.480569392615006,0.723929522638802,0.577913444624524,13,1.4,0.171428571428571,"N3 O6","de-protonated",0,NA,"C35 H49 O6 N3",35,49,6,3,NA,NA,NA,NA,NA,NA,NA
5760,607.132046,607.13090032881,607.130947540971,2154245.5,NA,182523.4,9.26,-1,-0.077762730808113,0.998903373852511,0,0.599342024311507,18,0.966666666666667,0.266666666666667,"N2 S1 P1 O8","de-protonated",0,NA,"C30 H29 O8 S1 N2 P1",30,29,8,2,1,1,NA,NA,NA,NA,NA
5761,607.16829,607.16714424248,607.166843792985,3516166.3,NA,164244.2,16.57,-1,0.494838443190624,0.965922867094551,0.871292647356275,0.928070779199241,13,1.14285714285714,0.535714285714286,"O15","de-protonated",0,NA,"C28 H32 O15",28,32,15,NA,NA,NA,NA,NA,NA,NA,NA
5762,607.196898,607.195752174339,607.195856473817,2344199,NA,160585,10.28,-1,-0.171772381439183,0.994660526175033,0,0.59679631570502,11,1.36666666666667,0.233333333333333,"S2 P1 O7","de-protonated",0,NA,"C30 H41 O7 S2 P1",30,41,7,NA,1,2,NA,NA,NA,NA,NA
5763,607.204625,607.203479155934,607.203229302369,3810055.3,NA,165864.6,18.15,-1,0.411482601934588,0.48487231204812,0.759892473118277,0.594880376476183,12,1.24137931034483,0.482758620689655,"O14","de-protonated",0,NA,"C29 H36 O14",29,36,14,NA,NA,NA,NA,NA,NA,NA,NA
5764,607.240611,607.239465070218,607.239614811753,2635528.3,NA,167558,11.84,-1,-0.246593818065143,0.989027022719572,0,0.593416213631743,11,1.33333333333333,0.433333333333333,"O13","de-protonated",0,NA,"C30 H40 O13",30,40,13,NA,NA,NA,NA,NA,NA,NA,NA
5765,607.253773,607.252627038868,607.252369029594,2569992.5,NA,183403.3,11.49,-1,0.424879814521169,0.483887510416497,0.707195036525566,0.573210520860124,19,1.05263157894737,0.131578947368421,"S1 O5","de-protonated",0,NA,"C38 H40 O5 S1",38,40,5,NA,NA,1,NA,NA,NA,NA,NA
5772,609.147636,609.146485527856,609.146597605449,3257143,NA,196530.3,15.18,-1,-0.183991166259854,0.496938144965128,0.753652554121787,0.599623908627792,17,1.03333333333333,0.266666666666667,"N2 S1 P1 O8","de-protonated",0,NA,"C30 H31 O8 S1 N2 P1",30,31,8,2,1,1,NA,NA,NA,NA,NA
5773,609.175583,609.174432461288,609.174251648985,2037559.6,NA,193014.7,8.63,-1,0.296815406516166,0.984141572514663,0,0.590484943508798,12,1.25,0.464285714285714,"P1 O13","de-protonated",0,NA,"C28 H35 O13 P1",28,35,13,NA,1,NA,NA,NA,NA,NA,NA
5774,609.184002,609.182851441235,609.182983114833,3784503.8,NA,157782.8,18.01,-1,-0.216147859461654,0.495779283359746,0.747514279669976,0.596473281883838,16,1.12903225806452,0.225806451612903,"N2 S1 P1 O7","de-protonated",0,NA,"C31 H35 O7 S1 N2 P1",31,35,7,2,1,1,NA,NA,NA,NA,NA
5775,609.212425,609.211274373534,609.211506538295,3085112.5,NA,169741.2,14.26,-1,-0.381090570769368,0.973992381820414,0,0.584395429092249,10,1.43333333333333,0.233333333333333,"S2 P1 O7","de-protonated",0,NA,"C30 H43 O7 S2 P1",30,43,7,NA,1,2,NA,NA,NA,NA,NA
5776,609.221082,609.219931352914,609.22002007284,2477368.8,NA,177997.9,11,-1,-0.145628710418116,0.498079640665147,0.69646200847541,0.577432587789252,24,0.875,0.1,"P1 O4","de-protonated",0,NA,"C40 H35 O4 P1",40,35,4,NA,1,NA,NA,NA,NA,NA,NA
5779,609.311863,609.310712136682,609.310767087641,2580282.8,NA,177376.9,11.55,-1,-0.0901854389673376,0.99852529127617,0,0.599115174765702,12,1.45714285714286,0.0285714285714286,"N2 S2 P1 O1","de-protonated",0,NA,"C35 H51 O1 S2 N2 P1",35,51,1,2,1,2,NA,NA,NA,NA,NA
5783,609.457129,609.455977790671,609.455819867808,4059966,NA,171727.5,19.49,-1,0.259121101789947,0.992695464425033,0.970173592589586,0.983686715690854,4,1.83333333333333,0.138888888888889,"S1 O5","de-protonated",0,NA,"C36 H66 O5 S1",36,66,5,NA,NA,1,NA,NA,NA,NA,NA
5784,610.265202,610.264048865914,610.264270387972,2372431.8,NA,196568.3,10.43,-1,-0.362993654655287,0.976375067351451,0,0.585825040410871,4,1.85185185185185,0.296296296296296,"N1 S2 P1 O8","de-protonated",0,NA,"C27 H50 O8 S2 N1 P1",27,50,8,1,1,2,NA,NA,NA,NA,NA
5785,610.387964,610.386810573506,610.38702928708,1892178.5,NA,174751.2,7.85,-1,-0.358319498294535,0.976972557082651,0,0.58618353424959,10,1.58333333333333,0.0277777777777778,"N3 S2 O1","de-protonated",0,NA,"C36 H57 O1 S2 N3",36,57,1,3,NA,2,NA,NA,NA,NA,NA
5789,611.090749,611.089593899535,611.089856773713,1910625,NA,157034.8,7.95,-1,-0.43017270774036,0.96698062701432,0,0.580188376208592,13,1.07692307692308,0.5,"S2 O13","de-protonated",0,NA,"C26 H28 O13 S2",26,28,13,NA,NA,2,NA,NA,NA,NA,NA
5790,611.163509,611.162353726227,611.162627792482,2607970.5,NA,199172.7,11.7,-1,-0.448434250389784,0.964169556913618,0,0.578501734148171,11,1.28571428571429,0.392857142857143,"S2 O11","de-protonated",0,NA,"C28 H36 O11 S2",28,36,11,NA,NA,2,NA,NA,NA,NA,NA
5792,611.199676,611.19852064008,611.198633179311,2479971.3,NA,195451.1,11.01,-1,-0.184128734081084,0.993867157416861,0,0.596320294450117,15,1.19354838709677,0.225806451612903,"N2 S1 P1 O7","de-protonated",0,NA,"C31 H37 O7 S1 N2 P1",31,37,7,2,1,1,NA,NA,NA,NA,NA
5793,611.227555,611.226399573675,611.226154281066,2769251.8,NA,151266.5,12.56,-1,0.40131235807696,0.485600124236753,0.69646200847541,0.569944877932216,23,0.9,0.1,"S1 O4","de-protonated",0,NA,"C40 H36 O4 S1",40,36,4,NA,NA,1,NA,NA,NA,NA,NA
5794,611.236119,611.234963553277,611.235018688695,1942883.9,NA,187381.5,8.12,-1,-0.090203304862968,0.998524707364712,0,0.599114824418827,14,1.28125,0.1875,"N2 S1 P1 O6","de-protonated",0,NA,"C32 H41 O6 S1 N2 P1",32,41,6,2,1,1,NA,NA,NA,NA,NA
5795,611.290912,611.289756422765,611.289542385364,2556773,NA,170509.1,11.42,-1,0.350140785431112,0.978000253835708,0,0.586800152301425,8,1.54838709677419,0.32258064516129,"S1 O10","de-protonated",0,NA,"C31 H48 O10 S1",31,48,10,NA,NA,1,NA,NA,NA,NA,NA
5796,611.327345,611.326189335984,611.325927894748,4205413.5,NA,167392.2,20.27,-1,0.427662600431133,0.483679252960889,0.741475186234394,0.586797626270291,7,1.625,0.28125,"S1 O9","de-protonated",0,NA,"C32 H52 O9 S1",32,52,9,NA,NA,1,NA,NA,NA,NA,NA
5797,611.363768,611.362612249228,611.362313404133,4654950.5,NA,174252.1,22.69,-1,0.488818314311413,0.97211340945172,0.952948669592281,0.964447513507944,6,1.6969696969697,0.242424242424242,"S1 O8","de-protonated",0,NA,"C33 H56 O8 S1",33,56,8,NA,NA,1,NA,NA,NA,NA,NA
5798,611.400075,611.398919162748,611.398698913517,6496103,NA,161747,32.58,-1,0.360238305049646,0.488364085964893,0.72968508002065,0.584892483587196,5,1.76470588235294,0.205882352941176,"S1 O7","de-protonated",0,NA,"C34 H60 O7 S1",34,60,7,NA,NA,1,NA,NA,NA,NA,NA
5799,611.436352,611.435196076339,611.435084422901,2045799.9,NA,176028.1,8.68,-1,0.182608818308862,0.99396768356323,0,0.596380610137938,4,1.82857142857143,0.171428571428571,"S1 O6","de-protonated",0,NA,"C35 H64 O6 S1",35,64,6,NA,NA,1,NA,NA,NA,NA,NA
5800,612.1951,612.19394226907,612.193882151504,1898870.4,NA,139644.7,7.89,-1,0.0982002067442228,0.998251769341163,0,0.598951061604697,15,1.2,0.233333333333333,"N3 S1 P1 O7","de-protonated",0,NA,"C30 H36 O7 S1 N3 P1",30,36,7,3,1,1,NA,NA,NA,NA,NA
5803,612.598058,612.59689930926,612.596624678176,1784189.9,NA,216915.2,7.27,-1,0.448306557838641,0.964189589833412,0,0.578513753900047,0,2.16216216216216,0.027027027027027,"N3 P1 O1","de-protonated",0,NA,"C37 H80 O1 N3 P1",37,80,1,3,1,NA,NA,NA,NA,NA,NA
5805,613.178817,613.177656925944,613.177408477034,1756552.1,NA,200292,7.12,-1,0.40518275178878,0.970650332273089,0,0.582390199363854,11,1.25925925925926,0.592592592592593,"O16","de-protonated",0,NA,"C27 H34 O16",27,34,16,NA,NA,NA,NA,NA,NA,NA,NA
5806,613.194206,613.193045889289,613.19315387569,1753992.4,NA,173291,7.11,-1,-0.176105033222637,0.994388538424049,0,0.59663312305443,19,1.02941176470588,0.147058823529412,"N2 S1 P1 O5","de-protonated",0,NA,"C34 H35 O5 S1 N2 P1",34,35,5,2,1,1,NA,NA,NA,NA,NA
5807,613.206733,613.205572859451,613.20541883616,2826120.5,NA,177333.1,12.87,-1,0.251177315534853,0.494308834473147,0.701787487586891,0.577300295718645,23,0.871794871794872,0.128205128205128,"S1 O5","de-protonated",0,NA,"C39 H34 O5 S1",39,34,5,NA,NA,1,NA,NA,NA,NA,NA
5808,613.306588,613.305427621605,613.305192449842,2963338.3,NA,171273.8,13.6,-1,0.383449815763626,0.973673660001656,0,0.584204196000994,7,1.61290322580645,0.32258064516129,"S1 O10","de-protonated",0,NA,"C31 H50 O10 S1",31,50,10,NA,NA,1,NA,NA,NA,NA,NA
5809,613.324313,613.323152579386,613.322950514571,2488202.5,NA,179439.2,11.05,-1,0.329459078623494,0.980497643829517,0,0.58829858629771,7,1.61290322580645,0.387096774193548,"O12","de-protonated",0,NA,"C31 H50 O12",31,50,12,NA,NA,NA,NA,NA,NA,NA,NA
5810,613.343116,613.341955534599,613.342067216597,4540299,NA,152482.8,22.07,-1,-0.182087621324927,0.497000982815124,0.723929522638802,0.587772398744595,10,1.57142857142857,0.0285714285714286,"N2 S2 P1 O1","de-protonated",0,NA,"C35 H55 O1 S2 N2 P1",35,55,1,2,1,2,NA,NA,NA,NA,NA
5812,613.42573,613.424569337819,613.424734214173,3482508.3,NA,153938.2,16.39,-1,-0.268780086456414,0.493488595450385,0.723929522638802,0.585664966325752,3,1.91428571428571,0.0571428571428571,"S2 P1 O2","de-protonated",0,NA,"C35 H67 O2 S2 P1",35,67,2,NA,1,2,NA,NA,NA,NA,NA
5817,615.150376,615.149211229867,615.149300203576,2863527.8,NA,155073.5,13.07,-1,-0.144637583961748,0.996211283280005,0,0.597726769968003,10,1.37037037037037,0.37037037037037,"S2 P1 O10","de-protonated",0,NA,"C27 H37 O10 S2 P1",27,37,10,NA,1,2,NA,NA,NA,NA,NA
5818,615.173426,615.172261174964,615.172418430783,2209704,NA,192759.9,9.56,-1,-0.255628851605311,0.988213051042581,0,0.592927830625548,19,1,0.181818181818182,"N2 S1 P1 O6","de-protonated",0,NA,"C33 H33 O6 S1 N2 P1",33,33,6,2,1,1,NA,NA,NA,NA,NA
5819,615.186564,615.185399143671,615.18568571296,1900968.1,NA,156197.6,7.9,-1,-0.465825678626284,0.96139185370957,0,0.576835112225742,9,1.46428571428571,0.321428571428571,"S2 P1 O9","de-protonated",0,NA,"C28 H41 O9 S2 P1",28,41,9,NA,1,2,NA,NA,NA,NA,NA
5820,615.210464,615.209299086743,615.20945538879,1770152.5,NA,140571.2,7.2,-1,-0.254063141640488,0.988356156100569,0,0.593013693660341,27,0.785714285714286,0.0714285714285714,"P1 O3","de-protonated",0,NA,"C42 H33 O3 P1",42,33,3,NA,1,NA,NA,NA,NA,NA,NA
5821,615.223113,615.221948056614,615.222071222345,2495912.8,NA,167124.8,11.09,-1,-0.200197190699632,0.992754112441117,0,0.59565246746467,8,1.55172413793103,0.275862068965517,"S2 P1 O8","de-protonated",0,NA,"C29 H45 O8 S2 P1",29,45,8,NA,1,2,NA,NA,NA,NA,NA
5822,615.258755,615.257589971718,615.257454410022,2225577.3,NA,179837.4,9.64,-1,0.220333285607557,0.991229938092768,0,0.594737962855661,21,1,0.1,"S1 O4","de-protonated",0,NA,"C40 H40 O4 S1",40,40,4,NA,NA,1,NA,NA,NA,NA,NA
5823,615.322022,615.320856821022,615.32084251432,2152874.3,NA,173233.9,9.25,-1,0.0232508001347317,0.999901913704137,0,0.599941148222482,6,1.67741935483871,0.32258064516129,"S1 O10","de-protonated",0,NA,"C31 H52 O10 S1",31,52,10,NA,NA,1,NA,NA,NA,NA,NA
5824,615.339973,615.338807778264,615.338600579049,2216874.5,NA,178471.8,9.6,-1,0.336723902353617,0.979636990363829,0,0.587782194218298,6,1.67741935483871,0.387096774193548,"O12","de-protonated",0,NA,"C31 H52 O12",31,52,12,NA,NA,NA,NA,NA,NA,NA,NA
5825,615.358826,615.357660733358,615.357717281075,2742698.8,NA,166210.1,12.42,-1,-0.0918940558507812,0.998468926683461,0,0.599081356010077,9,1.62857142857143,0.0285714285714286,"N2 S2 P1 O1","de-protonated",0,NA,"C35 H57 O1 S2 N2 P1",35,57,1,2,1,2,NA,NA,NA,NA,NA
5826,616.298868,616.297700494262,616.297464041858,2030007.8,NA,157824.6,8.59,-1,0.383666034721332,0.973644356775259,0,0.584186614065156,7,1.62068965517241,0.448275862068966,"N1 O13","de-protonated",0,NA,"C29 H47 O13 N1",29,47,13,1,NA,NA,NA,NA,NA,NA,NA
5829,617.152772,617.15160246034,617.151682985877,2271170.8,NA,203101.2,9.89,-1,-0.130479328557731,0.996915628869001,0,0.5981493773214,19,0.96875,0.21875,"N2 S1 P1 O7","de-protonated",0,NA,"C32 H31 O7 S1 N2 P1",32,31,7,2,1,1,NA,NA,NA,NA,NA
5830,617.189364,617.188194373181,617.188448617816,3129283,NA,170049.2,14.5,-1,-0.411940042225404,0.969678348508463,0,0.581807009105078,13,1.2258064516129,0.290322580645161,"S2 O9","de-protonated",0,NA,"C31 H38 O9 S2",31,38,9,NA,NA,2,NA,NA,NA,NA,NA
5831,617.22551,617.224340287084,617.224454004646,2873283.5,NA,179108.7,13.12,-1,-0.184240207309221,0.496929876131097,0.72968508002065,0.590031957686918,17,1.14705882352941,0.147058823529412,"N2 S1 P1 O5","de-protonated",0,NA,"C34 H39 O5 S1 N2 P1",34,39,5,2,1,1,NA,NA,NA,NA,NA
5832,617.238604,617.237434255896,617.237721286823,1891779.6,NA,161518.7,7.85,-1,-0.465024928319467,0.961521888851242,0,0.576913133310745,7,1.62068965517241,0.275862068965517,"S2 P1 O8","de-protonated",0,NA,"C29 H47 O8 S2 P1",29,47,8,NA,1,2,NA,NA,NA,NA,NA
5833,617.262038,617.260868200078,617.26083951403,1918916,NA,160080.9,8,-1,0.0464731375944238,0.99960819251948,0,0.599764915511688,16,1.22857142857143,0.114285714285714,"N2 S1 P1 O4","de-protonated",0,NA,"C35 H43 O4 S1 N2 P1",35,43,4,2,1,1,NA,NA,NA,NA,NA
5834,617.274632,617.27346217008,617.273237416281,2001860.1,NA,170416.8,8.44,-1,0.364107473034918,0.976231601745023,0,0.585738961047014,7,1.62068965517241,0.413793103448276,"P1 O12","de-protonated",0,NA,"C29 H47 O12 P1",29,47,12,NA,1,NA,NA,NA,NA,NA,NA
5835,617.311654,617.310484081897,617.310492305591,3423172.5,NA,151292.8,16.07,-1,-0.013321811767734,0.998334121682265,0.888159530139542,0.954264285065176,5,1.7741935483871,0.193548387096774,"S2 P1 O6","de-protonated",0,NA,"C31 H55 O6 S2 P1",31,55,6,NA,1,2,NA,NA,NA,NA,NA
5837,618.278107,618.276934779893,618.276728596952,2099151.8,NA,206471.7,8.96,-1,0.333480028081856,0.980023513638532,0,0.588014108183119,7,1.60714285714286,0.5,"N1 O14","de-protonated",0,NA,"C28 H45 O14 N1",28,45,14,1,NA,NA,NA,NA,NA,NA,NA
5839,618.351443,618.350270605213,618.350368995646,1906640.5,NA,159197.4,7.93,-1,-0.159117610384756,0.995416543297033,0,0.59724992597822,4,1.83870967741935,0.225806451612903,"N1 S2 O7","de-protonated",0,NA,"C31 H57 O7 S2 N1",31,57,7,1,NA,2,NA,NA,NA,NA,NA
5841,619.131902,619.130727746229,619.1304582836,2466776.8,NA,184178.7,10.94,-1,0.435227544788107,0.966213400802119,0,0.579728040481272,15,1,0.571428571428571,"O16","de-protonated",0,NA,"C28 H28 O16",28,28,16,NA,NA,NA,NA,NA,NA,NA,NA
5842,619.168271,619.167096659602,619.166843792985,3163097,NA,176455.1,14.68,-1,0.40839818836715,0.970189700087867,0,0.58211382005272,14,1.10344827586207,0.517241379310345,"O15","de-protonated",0,NA,"C29 H32 O15",29,32,15,NA,NA,NA,NA,NA,NA,NA,NA
5843,619.204665,619.203490572915,619.203229302369,3548121.5,NA,171855.1,16.74,-1,0.421946355158961,0.48410566807766,0.753652554121788,0.591924422495311,13,1.2,0.466666666666667,"O14","de-protonated",0,NA,"C30 H36 O14",30,36,14,NA,NA,NA,NA,NA,NA,NA,NA
5844,619.240995,619.23982048638,619.239614811753,1841113.8,NA,208184.9,7.58,-1,0.332140615006212,0.980182063829303,0,0.588109238297582,12,1.29032258064516,0.419354838709677,"O13","de-protonated",0,NA,"C31 H40 O13",31,40,13,NA,NA,NA,NA,NA,NA,NA,NA
5846,619.290715,619.289540367951,619.289756860685,3249114.3,NA,173297.6,15.14,-1,-0.349582293703995,0.978069604581582,0,0.586841762748949,5,1.76666666666667,0.233333333333333,"S2 P1 O7","de-protonated",0,NA,"C30 H53 O7 S2 P1",30,53,7,NA,1,2,NA,NA,NA,NA,NA
5847,619.327178,619.3260032811,619.326142370069,3027930.5,NA,169383.8,13.95,-1,-0.22458113760828,0.990890078417872,0,0.594534047050723,4,1.83870967741935,0.193548387096774,"S2 P1 O6","de-protonated",0,NA,"C31 H57 O6 S2 P1",31,57,6,NA,1,2,NA,NA,NA,NA,NA
5848,619.368806,619.367631181945,619.367398784561,18816988,NA,161258.8,98.74,-1,0.375217334550718,0.651193657600451,0.930875554069863,0.763066416188215,8,1.6,0.2,"S1 O7","de-protonated",0,NA,"C35 H56 O7 S1",35,56,7,NA,NA,1,NA,NA,NA,NA,NA
5849,620.29405,620.292872978097,620.2928679188,1995747.6,NA,192495,8.41,-1,0.00815630367078639,0.999987929146454,0,0.599992757487873,10,1.54838709677419,0.193548387096774,"N3 S1 P1 O6","de-protonated",0,NA,"C31 H48 O6 S1 N3 P1",31,48,6,3,1,1,NA,NA,NA,NA,NA
5852,621.1476,621.146420945018,621.146597605449,3008490.8,NA,192061.4,13.85,-1,-0.284410204665629,0.985429952903872,0,0.591257971742323,18,1,0.258064516129032,"N2 S1 P1 O8","de-protonated",0,NA,"C31 H31 O8 S1 N2 P1",31,31,8,2,1,1,NA,NA,NA,NA,NA
5853,621.18374,621.182560858935,621.182493857463,3602411,NA,178471.8,17.04,-1,0.107861173336926,0.498945623299389,0.759892473118277,0.603324363226944,13,1.17241379310345,0.517241379310345,"O15","de-protonated",0,NA,"C29 H34 O15",29,34,15,NA,NA,NA,NA,NA,NA,NA,NA
5854,621.220441,621.219261771517,621.219368624217,3128299.3,NA,158345.4,14.49,-1,-0.172004779232844,0.497323053596771,0.73553288925895,0.592606987861642,16,1.18181818181818,0.181818181818182,"N2 S1 P1 O6","de-protonated",0,NA,"C33 H39 O6 S1 N2 P1",33,39,6,2,1,1,NA,NA,NA,NA,NA
5858,622.178701,622.177519489028,622.177742829656,1735666.3,NA,198369.1,7.01,-1,-0.358965955673852,0.976890361241527,0,0.586134216744916,13,1.17857142857143,0.535714285714286,"N1 O15","de-protonated",0,NA,"C28 H33 O15 N1",28,33,15,1,NA,NA,NA,NA,NA,NA,NA
5859,622.301929,622.300747195509,622.300655897356,2005491.1,NA,162315.4,8.46,-1,0.146710681792488,0.996102110662927,0,0.597661266397756,4,1.86206896551724,0.241379310344828,"N1 S2 P1 O7","de-protonated",0,NA,"C29 H54 O7 S2 N1 P1",29,54,7,1,1,2,NA,NA,NA,NA,NA
5862,623.126886,623.125702230536,623.125729218761,1944056.4,NA,171773,8.13,-1,-0.0433110421194836,0.999659688059786,0,0.599795812835871,31,0.585365853658537,0.024390243902439,"N2 S2 O1","de-protonated",0,NA,"C41 H24 O1 S2 N2",41,24,1,2,NA,2,NA,NA,NA,NA,NA
5863,623.163701,623.162517142846,623.162627792482,3653624.5,NA,160213.2,17.31,-1,-0.177561411821586,0.497147804013853,0.759892473118277,0.602245671655623,12,1.24137931034483,0.379310344827586,"S2 O11","de-protonated",0,NA,"C29 H36 O11 S2",29,36,11,NA,NA,2,NA,NA,NA,NA,NA
5864,623.191939,623.190755075586,623.190771093389,2823160.8,NA,174081.4,12.85,-1,-0.0257028888006704,0.999880135197732,0,0.599928081118639,11,1.36666666666667,0.266666666666667,"S2 P1 O8","de-protonated",0,NA,"C30 H41 O8 S2 P1",30,41,8,NA,1,2,NA,NA,NA,NA,NA
5865,623.200054,623.198870056256,623.199013301866,2887672.8,NA,196172.5,13.2,-1,-0.229855321915692,0.990459241068154,0,0.594275544640893,11,1.33333333333333,0.333333333333333,"S2 O10","de-protonated",0,NA,"C30 H40 O10 S2",30,40,10,NA,NA,2,NA,NA,NA,NA,NA
5866,623.228124,623.226939989396,623.227156602773,2051065,NA,190278.5,8.7,-1,-0.3475672946594,0.978318937580542,0,0.586991362548325,10,1.45161290322581,0.225806451612903,"S2 P1 O7","de-protonated",0,NA,"C31 H45 O7 S2 P1",31,45,7,NA,1,2,NA,NA,NA,NA,NA
5867,623.236652,623.235467969083,623.235670137318,2924537,NA,183193.7,13.4,-1,-0.324384890537728,0.490544039211483,0.691216744913927,0.570813121492461,24,0.902439024390244,0.0975609756097561,"P1 O4","de-protonated",0,NA,"C41 H37 O4 P1",41,37,4,NA,1,NA,NA,NA,NA,NA,NA
5869,623.326996,623.325811753892,623.325927894748,2723833.5,NA,170469.9,12.32,-1,-0.18632444338463,0.99372048167779,0,0.596232289006674,8,1.57575757575758,0.272727272727273,"S1 O9","de-protonated",0,NA,"C33 H52 O9 S1",33,52,9,NA,NA,1,NA,NA,NA,NA,NA
5870,623.363669,623.36248466654,623.362313404133,2582521.8,NA,185363,11.56,-1,0.274739752069898,0.986397267523018,0,0.591838360513811,7,1.64705882352941,0.235294117647059,"S1 O8","de-protonated",0,NA,"C34 H56 O8 S1",34,56,8,NA,NA,1,NA,NA,NA,NA,NA
5872,623.436488,623.435303493092,623.435084422901,4354042,NA,172963.1,21.07,-1,0.351392143256235,0.488922241207333,0.718264051224716,0.580658965214286,5,1.77777777777778,0.166666666666667,"S1 O6","de-protonated",0,NA,"C36 H64 O6 S1",36,64,6,NA,NA,1,NA,NA,NA,NA,NA
5879,625.142766,625.141577428891,625.141379283239,2802690.5,NA,173537.9,12.74,-1,0.316961344201117,0.49096799777178,0.691216744913927,0.571067496628639,30,0.634146341463415,0.024390243902439,"N2 S2 O1","de-protonated",0,NA,"C41 H26 O1 S2 N2",41,26,1,2,NA,2,NA,NA,NA,NA,NA
5880,625.17917,625.177981342179,625.17827785696,2472962.8,NA,144576.4,10.97,-1,-0.474288360304005,0.960005004074038,0,0.576003002444423,11,1.31034482758621,0.379310344827586,"S2 O11","de-protonated",0,NA,"C29 H38 O11 S2",29,38,11,NA,NA,2,NA,NA,NA,NA,NA
5882,625.215566,625.214377255487,625.214663366344,1858562.9,NA,204024.7,7.67,-1,-0.457620195817412,0.962714575293105,0,0.577628745175863,10,1.4,0.333333333333333,"S2 O10","de-protonated",0,NA,"C30 H42 O10 S2",30,42,10,NA,NA,2,NA,NA,NA,NA,NA
5884,625.25173,625.250541169348,625.250668753173,1942019,NA,167610.1,8.12,-1,-0.204052281145448,0.992473428119927,0,0.595484056871956,14,1.3030303030303,0.181818181818182,"N2 S1 P1 O6","de-protonated",0,NA,"C33 H43 O6 S1 N2 P1",33,43,6,2,1,1,NA,NA,NA,NA,NA
5885,625.306883,625.305694037979,625.305681707212,2335747.3,NA,165993.3,10.23,-1,0.0197195811591645,0.99992944401171,0,0.599957666407026,12,1.45714285714286,0.0571428571428571,"N2 S2 P1 O2","de-protonated",0,NA,"C35 H51 O2 S2 N2 P1",35,51,2,2,1,2,NA,NA,NA,NA,NA
5886,625.343148,625.341958951599,625.342067216597,4926467.5,NA,164606.5,24.15,-1,-0.173129241958089,0.497288034094933,0.718264051224716,0.585678440946846,11,1.52777777777778,0.0277777777777778,"N2 S2 P1 O1","de-protonated",0,NA,"C36 H55 O1 S2 N2 P1",36,55,1,2,1,2,NA,NA,NA,NA,NA
5888,625.415806,625.414616778534,625.414348977995,6504451.5,NA,168379,32.62,-1,0.428196985182799,0.483639115504797,0.723929522638802,0.579755278358399,5,1.77142857142857,0.2,"S1 O7","de-protonated",0,NA,"C35 H62 O7 S1",35,62,7,NA,NA,1,NA,NA,NA,NA,NA
5890,626.382931,626.381739474929,626.381943906651,2419207,NA,170310.3,10.68,-1,-0.326369118297179,0.980858241750913,0,0.588514945050548,10,1.58333333333333,0.0555555555555556,"N3 S2 O2","de-protonated",0,NA,"C36 H57 O2 S2 N3",36,57,2,3,NA,2,NA,NA,NA,NA,NA
5891,626.41928,626.418088388349,626.418329416036,2681863.3,NA,150643.4,12.09,-1,-0.384771127705898,0.486747172059339,0.712686567164179,0.577122930101275,9,1.64864864864865,0.027027027027027,"N3 S2 O1","de-protonated",0,NA,"C37 H61 O1 S2 N3",37,61,1,3,NA,2,NA,NA,NA,NA,NA
5892,626.44745,626.44625832125,626.445983459572,2655751.3,NA,168453.6,11.95,-1,0.438763573022259,0.965671739429097,0,0.579403043657458,4,1.85714285714286,0.171428571428571,"N1 S1 O6","de-protonated",0,NA,"C35 H65 O6 S1 N1",35,65,6,1,NA,1,NA,NA,NA,NA,NA
5895,627.246222,627.245028418647,627.245189449552,1895433.5,NA,188834.5,7.87,-1,-0.25672720590638,0.988112149786893,0,0.592867289872136,18,1.13888888888889,0.111111111111111,"N2 S1 P1 O4","de-protonated",0,NA,"C36 H41 O4 S1 N2 P1",36,41,4,2,1,1,NA,NA,NA,NA,NA
5896,627.322546,627.32135223685,627.32133177169,3096585.8,NA,178046.4,14.32,-1,0.0326230890199231,0.499903454494139,0.723929522638802,0.589513881752004,11,1.51428571428571,0.0571428571428571,"N2 S2 P1 O2","de-protonated",0,NA,"C35 H53 O2 S2 N2 P1",35,53,2,2,1,2,NA,NA,NA,NA,NA
5897,627.340095,627.33890119505,627.338600579049,2148873.8,NA,162133.2,9.23,-1,0.479192576855691,0.95919081597687,0,0.575514489586122,7,1.625,0.375,"O12","de-protonated",0,NA,"C32 H52 O12",32,52,12,NA,NA,NA,NA,NA,NA,NA,NA
5898,627.358736,627.357542150649,627.357717281075,5220362,NA,164339,25.72,-1,-0.279155609390209,0.99287501321597,0.985056215079854,0.989747493961523,10,1.58333333333333,0.0277777777777778,"N2 S2 P1 O1","de-protonated",0,NA,"C36 H57 O1 S2 N2 P1",36,57,1,2,1,2,NA,NA,NA,NA,NA
5901,627.462001,627.460806904681,627.460511325043,1823754.1,NA,226651,7.48,-1,0.471072892624395,0.96053465416094,0,0.576320792496564,12,1.48837209302326,0.0232558139534884,"S1 O1","de-protonated",0,NA,"C43 H64 O1 S1",43,64,1,NA,NA,1,NA,NA,NA,NA,NA
5902,628.298982,628.297785911067,628.297953299229,1811467.8,NA,183316.9,7.42,-1,-0.26641525820501,0.987203875880956,0,0.592322325528574,12,1.45454545454545,0.151515151515152,"N3 S1 P1 O5","de-protonated",0,NA,"C33 H48 O5 S1 N3 P1",33,48,5,3,1,1,NA,NA,NA,NA,NA
5905,629.152653,629.151454877699,629.151193728507,2600973,NA,187795.8,11.66,-1,0.415081772619067,0.969221297117847,0,0.581532778270708,16,1,0.5,"O15","de-protonated",0,NA,"C30 H30 O15",30,30,15,NA,NA,NA,NA,NA,NA,NA,NA
5906,629.165555,629.164356846968,629.164080888129,2811405,NA,159153.4,12.79,-1,0.438611878556025,0.965695060248794,0,0.579417036149276,11,1.2962962962963,0.555555555555556,"P1 O15","de-protonated",0,NA,"C27 H35 O15 P1",27,35,15,NA,1,NA,NA,NA,NA,NA,NA
5907,629.189016,629.187817791086,629.187579237891,2757133,NA,153146.4,12.5,-1,0.379144794000263,0.974253843926956,0,0.584552306356174,15,1.09677419354839,0.451612903225806,"O14","de-protonated",0,NA,"C31 H34 O14",31,34,14,NA,NA,NA,NA,NA,NA,NA,NA
5908,629.225522,629.224323704132,629.224454004646,2740749,NA,161023.2,12.41,-1,-0.20708113447433,0.992249202789792,0,0.595349521673875,18,1.11428571428571,0.142857142857143,"N2 S1 P1 O5","de-protonated",0,NA,"C35 H39 O5 S1 N2 P1",35,39,5,2,1,1,NA,NA,NA,NA,NA
5909,629.239288,629.238089671343,629.238056375601,1810445,NA,207868.7,7.41,-1,0.05291438025629,0.999492085114998,0,0.599695251068999,27,0.829268292682927,0.024390243902439,"N4 S1 O1","de-protonated",0,NA,"C41 H34 O1 S1 N4",41,34,1,4,NA,1,NA,NA,NA,NA,NA
5911,629.319937,629.318738479244,629.319005840136,2226189,NA,167979.6,9.65,-1,-0.424841598298143,0.967780723182618,0,0.580668433909571,20,1.11904761904762,0.0714285714285714,"P1 O3","de-protonated",0,NA,"C42 H47 O3 P1",42,47,3,NA,1,NA,NA,NA,NA,NA,NA
5912,629.338169,629.336970435817,629.336981836168,2985997.3,NA,161594.5,13.73,-1,-0.0181148604180348,0.4999702298593,0.723929522638802,0.589553946971101,10,1.57142857142857,0.0571428571428571,"N2 S2 P1 O2","de-protonated",0,NA,"C35 H55 O2 S2 N2 P1",35,55,2,2,1,2,NA,NA,NA,NA,NA
5913,629.374357,629.37315834962,629.372878088182,1773069.1,NA,192222.7,7.21,-1,0.445302693738912,0.964659321643216,0,0.578795592985929,5,1.75757575757576,0.272727272727273,"S1 O9","de-protonated",0,NA,"C33 H58 O9 S1",33,58,9,NA,NA,1,NA,NA,NA,NA,NA
5916,630.31481,630.313609109545,630.313603363707,2254861.8,NA,144932.9,9.8,-1,0.00911584159265148,0.999984921987687,0,0.599990953192612,11,1.51515151515152,0.151515151515152,"N3 S1 P1 O5","de-protonated",0,NA,"C33 H50 O5 S1 N3 P1",33,50,5,3,1,1,NA,NA,NA,NA,NA
5917,630.972276,630.97107354352,630.970997515263,2095117.9,NA,181407.2,8.94,-1,0.12049405983124,0.997369046505178,0,0.598421427903107,21,0.363636363636364,0.863636363636364,"N4 O19","de-protonated",0,NA,"C22 H8 O19 N4",22,8,19,4,NA,NA,NA,NA,NA,NA,NA
5918,631.168491,631.167288076154,631.167333050355,2525197.8,NA,177751.8,11.25,-1,-0.0712555901796439,0.999079144103853,0,0.599447486462311,19,1,0.212121212121212,"N2 S1 P1 O7","de-protonated",0,NA,"C33 H33 O7 S1 N2 P1",33,33,7,2,1,1,NA,NA,NA,NA,NA
5920,631.205073,631.203869989019,631.204098682294,2548749.8,NA,184593.4,11.38,-1,-0.362312722431023,0.976462568821988,0,0.585877541293193,13,1.25,0.28125,"S2 O9","de-protonated",0,NA,"C32 H40 O9 S2",32,40,9,NA,NA,2,NA,NA,NA,NA,NA
5921,631.218,631.216796958228,631.216985841916,1947149.8,NA,200033.6,8.15,-1,-0.299237334505827,0.983883821464268,0,0.590330292878561,8,1.55172413793103,0.310344827586207,"S2 P1 O9","de-protonated",0,NA,"C29 H45 O9 S2 P1",29,45,9,NA,1,2,NA,NA,NA,NA,NA
5922,631.241181,631.239977903013,631.240104069124,2639885.8,NA,178702.3,11.87,-1,-0.199870239375493,0.992777674702738,0,0.595666604821643,17,1.17142857142857,0.142857142857143,"N2 S1 P1 O5","de-protonated",0,NA,"C35 H41 O5 S1 N2 P1",35,41,5,2,1,1,NA,NA,NA,NA,NA
5923,631.290975,631.289771784408,631.289756860685,2000909.8,NA,166205.9,8.44,-1,0.0236400529140561,0.999898602161398,0,0.599939161296839,6,1.70967741935484,0.225806451612903,"S2 P1 O7","de-protonated",0,NA,"C31 H53 O7 S2 P1",31,53,7,NA,1,2,NA,NA,NA,NA,NA
5925,631.363649,631.362445611305,631.362527879454,2015757.8,NA,176352.9,8.52,-1,-0.130302551815404,0.996923967919198,0,0.598154380751519,4,1.84848484848485,0.151515151515152,"S2 P1 O5","de-protonated",0,NA,"C33 H61 O5 S2 P1",33,61,5,NA,1,2,NA,NA,NA,NA,NA
5928,632.330323,632.329117308774,632.329253428185,1761293.3,NA,200724.7,7.15,-1,-0.215266665955928,0.991626966267094,0,0.594976179760256,10,1.57575757575758,0.151515151515152,"N3 S1 P1 O5","de-protonated",0,NA,"C33 H52 O5 S1 N3 P1",33,52,5,3,1,1,NA,NA,NA,NA,NA
5930,633.111385,633.110177448355,633.110079154283,2131980.3,NA,180151.8,9.14,-1,0.1552558952509,0.995635840296369,0,0.597381504177821,33,0.523809523809524,0.0238095238095238,"N2 S2 O1","de-protonated",0,NA,"C42 H22 O1 S2 N2",42,22,1,2,NA,2,NA,NA,NA,NA,NA
5931,633.147917,633.146709361339,633.146977728004,2837516.3,NA,175670.9,12.93,-1,-0.423861558839888,0.967926793827845,0,0.580756076296707,14,1.13333333333333,0.366666666666667,"S2 O11","de-protonated",0,NA,"C30 H34 O11 S2",30,34,11,NA,NA,2,NA,NA,NA,NA,NA
5932,633.184409,633.183201274418,633.183363237388,2719756.3,NA,160867.7,12.3,-1,-0.25579157535166,0.988198128935942,0,0.592918877361565,13,1.2258064516129,0.32258064516129,"S2 O10","de-protonated",0,NA,"C31 H38 O10 S2",31,38,10,NA,NA,2,NA,NA,NA,NA,NA
5933,633.191579,633.19037125734,633.190377170196,1919500.3,NA,177300,8,-1,-0.00933819580967862,0.999984177454801,0,0.599990506472881,17,1.11428571428571,0.142857142857143,"S2 P1 O5","de-protonated",0,NA,"C35 H39 O5 S2 P1",35,39,5,NA,1,2,NA,NA,NA,NA,NA
5934,633.220631,633.219423188141,633.219368624217,2849804.3,NA,166845.5,12.99,-1,0.0861690687354697,0.998653631002963,0,0.599192178601778,17,1.14705882352941,0.176470588235294,"N2 S1 P1 O6","de-protonated",0,NA,"C34 H39 O6 S1 N2 P1",34,39,6,2,1,1,NA,NA,NA,NA,NA
5936,633.34288,633.341671896954,633.341792434547,2677772,NA,153032.6,12.07,-1,-0.190319972774232,0.993449172403826,0,0.596069503442296,4,1.84375,0.1875,"S2 P1 O6","de-protonated",0,NA,"C32 H59 O6 S2 P1",32,59,6,NA,1,2,NA,NA,NA,NA,NA
5937,633.384539,633.383330797726,633.383048849039,5824524,NA,173285.3,28.97,-1,0.445147194779338,0.482341779080459,0.718264051224716,0.576710687938162,8,1.61111111111111,0.194444444444444,"S1 O7","de-protonated",0,NA,"C36 H58 O7 S1",36,58,7,NA,NA,1,NA,NA,NA,NA,NA
5939,634.388357,634.387146406722,634.38702928708,1994250.4,NA,173656.7,8.4,-1,0.184618595349137,0.993834582970988,0,0.596300749782593,12,1.5,0.0263157894736842,"N3 S2 O1","de-protonated",0,NA,"C38 H57 O1 S2 N3",38,57,1,3,NA,2,NA,NA,NA,NA,NA
5941,635.163408,635.16219556062,635.162247669927,3073032.8,NA,177092.1,14.19,-1,-0.0820409379983019,0.499389732985746,0.741475186234394,0.596223914285205,18,1.03125,0.25,"N2 S1 P1 O8","de-protonated",0,NA,"C32 H33 O8 S1 N2 P1",32,33,8,2,1,1,NA,NA,NA,NA,NA
5942,635.199769,635.198556474011,635.198633179311,3115016.8,NA,156936.4,14.42,-1,-0.120757973577089,0.498678762089056,0.73553288925895,0.593420412957014,17,1.12121212121212,0.212121212121212,"N2 S1 P1 O7","de-protonated",0,NA,"C33 H37 O7 S1 N2 P1",33,37,7,2,1,1,NA,NA,NA,NA,NA
5943,635.235616,635.234403388627,635.234529431325,2095624.5,NA,149316.8,8.94,-1,-0.198419153877179,0.99288179139099,0,0.595729074834594,12,1.29032258064516,0.451612903225806,"O14","de-protonated",0,NA,"C31 H40 O14",31,40,14,NA,NA,NA,NA,NA,NA,NA,NA
5946,635.357961,635.356748097212,635.356440177318,2014728.3,NA,191051.1,8.51,-1,0.484641178778857,0.958277251610657,0,0.574966350966394,17,1.23809523809524,0.0714285714285714,"S1 O3","de-protonated",0,NA,"C42 H52 O3 S1",42,52,3,NA,NA,1,NA,NA,NA,NA,NA
5949,637.171271,637.17005377807,637.170035648482,1923075.4,NA,160701.6,8.02,-1,0.0284532968531966,0.999853111728713,0,0.599911867037228,12,1.3,0.3,"S2 P1 O9","de-protonated",0,NA,"C30 H39 O9 S2 P1",30,39,9,NA,1,2,NA,NA,NA,NA,NA
5950,637.17895,637.17773275978,637.177897734405,2940931.3,NA,181825.9,13.48,-1,-0.258914544109588,0.987909950490267,0,0.59274597029416,17,1.09375,0.25,"N2 S1 P1 O8","de-protonated",0,NA,"C32 H35 O8 S1 N2 P1",32,35,8,2,1,1,NA,NA,NA,NA,NA
5951,637.215744,637.21452667214,637.214663366344,2170883.3,NA,172939.3,9.35,-1,-0.214518297075591,0.991684840036043,0,0.595010904021626,11,1.35483870967742,0.32258064516129,"S2 O10","de-protonated",0,NA,"C31 H42 O10 S2",31,42,10,NA,NA,2,NA,NA,NA,NA,NA
5952,637.301534,637.300316467796,637.300321544735,2039299,NA,147720.4,8.64,-1,-0.00796632115362402,0.999988484920283,0,0.59999309095217,4,1.83333333333333,0.266666666666667,"S2 P1 O8","de-protonated",0,NA,"C30 H55 O8 S2 P1",30,55,8,NA,1,2,NA,NA,NA,NA,NA
5953,637.337209,637.335991382821,637.335704732412,2194434.8,NA,156291.1,9.47,-1,0.449763612883116,0.963960687120404,0,0.578376412272242,17,1.21951219512195,0.0975609756097561,"S1 O4","de-protonated",0,NA,"C41 H50 O4 S1",41,50,4,NA,NA,1,NA,NA,NA,NA,NA
5954,637.343253,637.342035368425,637.342067216597,1833986.9,NA,191856.1,7.54,-1,-0.0499702962999538,0.999547019720422,0,0.599728211832253,12,1.48648648648649,0.027027027027027,"N2 S2 P1 O1","de-protonated",0,NA,"C37 H55 O1 S2 N2 P1",37,55,1,2,1,2,NA,NA,NA,NA,NA
5955,637.379294,637.378076282578,637.377963468611,2638850.8,NA,179514.3,11.86,-1,0.176996969075349,0.994331714485669,0,0.596599028691401,7,1.65714285714286,0.228571428571429,"S1 O8","de-protonated",0,NA,"C35 H58 O8 S1",35,58,8,NA,NA,1,NA,NA,NA,NA,NA
5957,637.452038,637.450820109309,637.450734487379,2068994.5,NA,146149.2,8.8,-1,0.134319288822137,0.996731714943872,0,0.598039028966323,5,1.78378378378378,0.162162162162162,"S1 O6","de-protonated",0,NA,"C37 H66 O6 S1",37,66,6,NA,NA,1,NA,NA,NA,NA,NA
5958,638.296743,638.295523097297,638.295570516928,2181631.8,NA,165546.5,9.41,-1,-0.0742910223652593,0.998999057670813,0,0.599399434602488,4,1.86206896551724,0.275862068965517,"N1 S2 P1 O8","de-protonated",0,NA,"C29 H54 O8 S2 N1 P1",29,54,8,1,1,2,NA,NA,NA,NA,NA
5959,638.419376,638.418155805196,638.418329416036,1976831.3,NA,200326.1,8.31,-1,-0.271938995792689,0.986671345112969,0,0.592002807067782,10,1.60526315789474,0.0263157894736842,"N3 S2 O1","de-protonated",0,NA,"C38 H61 O1 S2 N3",38,61,1,3,NA,2,NA,NA,NA,NA,NA
5961,639.121454,639.120232132909,639.120287522744,1944572.9,NA,182817.4,8.13,-1,-0.0866657425570322,0.998638076081554,0,0.599182845648932,14,1.03703703703704,0.666666666666667,"O18","de-protonated",0,NA,"C27 H28 O18",27,28,18,NA,NA,NA,NA,NA,NA,NA,NA
5962,639.194241,639.193018959537,639.193058541512,2192380.5,NA,193995.6,9.61,-1,-0.0619249137007836,0.999304441654239,0,0.599582664992543,12,1.24137931034483,0.551724137931034,"O16","de-protonated",0,NA,"C29 H36 O16",29,36,16,NA,NA,NA,NA,NA,NA,NA,NA
5963,639.322537,639.321314653948,639.32133177169,3933180,NA,160272.7,19.11,-1,-0.026774865526521,0.499934964544975,0.718264051224716,0.587266599216872,12,1.47222222222222,0.0555555555555556,"N2 S2 P1 O2","de-protonated",0,NA,"C36 H53 O2 S2 N2 P1",36,53,2,2,1,2,NA,NA,NA,NA,NA
5964,639.358795,639.357572567584,639.357717281075,4097020,NA,156125,20,-1,-0.226341977832541,0.495373665136418,0.712686567164179,0.582298825947523,11,1.54054054054054,0.027027027027027,"N2 S2 P1 O1","de-protonated",0,NA,"C37 H57 O1 S2 N2 P1",37,57,1,2,1,2,NA,NA,NA,NA,NA
5967,640.398545,640.397320090993,640.397593971129,2349560,NA,169404.9,10.47,-1,-0.427672025781683,0.967357090862835,0,0.580414254517701,10,1.59459459459459,0.0540540540540541,"N3 S2 O2","de-protonated",0,NA,"C37 H59 O2 S2 N3",37,59,2,3,NA,2,NA,NA,NA,NA,NA
5968,640.434606,640.433381005099,640.433110100588,2805751.8,NA,146001,12.96,-1,0.423002038192667,0.484027321040585,0.712686567164179,0.575491019490023,10,1.59459459459459,0.162162162162162,"N3 O6","de-protonated",0,NA,"C37 H59 O6 N3",37,59,6,3,NA,NA,NA,NA,NA,NA,NA
5969,640.46312,640.461894937181,640.46163352405,3332087.8,NA,171478.2,15.83,-1,0.408163607893503,0.485111710485932,0.718264051224716,0.578372646781445,4,1.86111111111111,0.166666666666667,"N1 S1 O6","de-protonated",0,NA,"C36 H67 O6 S1 N1",36,67,6,1,NA,1,NA,NA,NA,NA,NA
5970,641.202619,641.201392175761,641.201335777438,1844212.8,NA,180256.2,7.71,-1,0.0879572757880407,0.998597210269,0,0.5991583261614,10,1.43333333333333,0.3,"S2 P1 O9","de-protonated",0,NA,"C30 H43 O9 S2 P1",30,43,9,NA,1,2,NA,NA,NA,NA,NA
5971,641.338228,641.337000852752,641.336981836168,3683316.3,NA,150662.7,17.75,-1,0.0296514695987703,0.499920240644296,0.718264051224716,0.587257764876464,11,1.52777777777778,0.0555555555555556,"N2 S2 P1 O2","de-protonated",0,NA,"C36 H55 O2 S2 N2 P1",36,55,2,2,1,2,NA,NA,NA,NA,NA
5972,641.374278,641.373050766885,641.372878088182,4756468,NA,162816.8,23.6,-1,0.269232934957658,0.990640240515968,0.994947890013786,0.992363300315095,6,1.70588235294118,0.264705882352941,"S1 O9","de-protonated",0,NA,"C34 H58 O9 S1",34,58,9,NA,NA,1,NA,NA,NA,NA,NA
5977,643.168721,643.167489492682,643.16771317291,1752556.3,NA,194781.3,7.21,-1,-0.347779005553118,0.97829280556896,0,0.586975683341376,15,1.125,0.3125,"S2 O10","de-protonated",0,NA,"C32 H36 O10 S2",32,36,10,NA,NA,2,NA,NA,NA,NA,NA
5978,643.205072,643.203840406098,643.204098682294,1847788.1,NA,187511.3,7.73,-1,-0.401546254563878,0.971167156856931,0,0.582700294114159,14,1.21212121212121,0.272727272727273,"S2 O9","de-protonated",0,NA,"C33 H40 O9 S2",33,40,9,NA,NA,2,NA,NA,NA,NA,NA
5979,643.217493,643.216261376512,643.215983520209,1769964.1,NA,164369.5,7.31,-1,0.431979785429434,0.966707307192193,0,0.580024384315316,23,0.9,0.15,"S1 O6","de-protonated",0,NA,"C40 H36 O6 S1",40,36,6,NA,NA,1,NA,NA,NA,NA,NA
5980,643.241317,643.240085319765,643.240104069124,2379756,NA,154227.7,10.64,-1,-0.0291483045407915,0.999845848785988,0,0.599907509271593,18,1.13888888888889,0.138888888888889,"N2 S1 P1 O5","de-protonated",0,NA,"C36 H41 O5 S1 N2 P1",36,41,5,2,1,1,NA,NA,NA,NA,NA
5981,643.335513,643.334281095399,643.334384578547,1940971.6,NA,176184.3,8.24,-1,-0.160854371167618,0.995316176805805,0,0.597189706083483,6,1.6969696969697,0.242424242424242,"S2 O8","de-protonated",0,NA,"C33 H56 O8 S2",33,56,8,NA,NA,2,NA,NA,NA,NA,NA
5982,643.353405,643.352173052782,643.352142643276,2756587.5,NA,169586.1,12.69,-1,0.0472672795852237,0.999594690281939,0,0.599756814169163,6,1.6969696969697,0.303030303030303,"S1 O10","de-protonated",0,NA,"C33 H56 O10 S1",33,56,10,NA,NA,1,NA,NA,NA,NA,NA
5983,643.371637,643.370405009355,643.370389965376,1768427.4,NA,184383.3,7.3,-1,0.0233830761260495,0.999900794540668,0,0.599940476724401,10,1.58333333333333,0.111111111111111,"N2 S1 P1 O4","de-protonated",0,NA,"C36 H57 O4 S1 N2 P1",36,57,4,2,1,1,NA,NA,NA,NA,NA
5984,643.390386,643.389153964696,643.389017410031,2206187.3,NA,156792.8,9.69,-1,0.212242767228761,0.991859596436808,0,0.595115757862085,9,1.64864864864865,0.027027027027027,"N2 S2 P1 O1","de-protonated",0,NA,"C37 H61 O1 S2 N2 P1",37,61,1,2,1,2,NA,NA,NA,NA,NA
5987,645.160348,645.159111748805,645.158862565919,2255843.5,NA,162350.9,9.96,-1,0.386234927979903,0.973295009648148,0,0.583977005788889,24,0.789473684210526,0.210526315789474,"S1 O8","de-protonated",0,NA,"C38 H30 O8 S1",38,30,8,NA,NA,1,NA,NA,NA,NA,NA
5988,645.183738,645.182501693093,645.182493857463,2202083.3,NA,147546.8,9.67,-1,0.0121448272896558,0.999973237252109,0,0.599983942351265,15,1.09677419354839,0.483870967741935,"O15","de-protonated",0,NA,"C31 H34 O15",31,34,15,NA,NA,NA,NA,NA,NA,NA,NA
5989,645.220357,645.219120605869,645.218879366847,1963491.1,NA,147640.3,8.36,-1,0.3738871106716,0.974953991784625,0,0.584972395070775,14,1.1875,0.4375,"O14","de-protonated",0,NA,"C32 H38 O14",32,38,14,NA,NA,NA,NA,NA,NA,NA,NA
5990,645.306,645.304763401876,645.304537545237,1727202.8,NA,133008.5,7.08,-1,0.350000077523327,0.97801773621782,0,0.586810641730692,7,1.64516129032258,0.387096774193548,"P1 O12","de-protonated",0,NA,"C31 H51 O12 P1",31,51,12,NA,1,NA,NA,NA,NA,NA,NA
5992,645.642758,645.641520599748,645.641586748659,2713057.3,NA,133655.2,12.45,-1,-0.102454538187656,0.499048579055051,0.691216744913927,0.575915845398601,3,2,0.024390243902439,"N4 O1","de-protonated",0,NA,"C41 H82 O1 N4",41,82,1,4,NA,NA,NA,NA,NA,NA,NA
5997,647.162923,647.161681978851,647.161758412556,1929690.4,NA,153027.4,8.18,-1,-0.118106027982882,0.997472166498918,0,0.598483299899351,15,1.06666666666667,0.533333333333333,"O16","de-protonated",0,NA,"C30 H32 O16",30,32,16,NA,NA,NA,NA,NA,NA,NA,NA
5998,647.199636,647.198394891404,647.198143921941,2343386.3,NA,172278.9,10.44,-1,0.387778404682917,0.97308404981431,0,0.583850429888586,14,1.16129032258065,0.483870967741935,"O15","de-protonated",0,NA,"C31 H36 O15",31,36,15,NA,NA,NA,NA,NA,NA,NA,NA
5999,647.236296,647.235054804084,647.235018688695,1990106,NA,177977.2,8.51,-1,0.0557994967128025,0.999435203861129,0,0.599661122316677,17,1.17142857142857,0.171428571428571,"N2 S1 P1 O6","de-protonated",0,NA,"C35 H41 O6 S1 N2 P1",35,41,6,2,1,1,NA,NA,NA,NA,NA
6000,647.285789,647.284547686196,647.284671480257,2688473.8,NA,161475.5,12.32,-1,-0.191251340309847,0.993385113088801,0,0.596031067853281,6,1.70967741935484,0.258064516129032,"S2 P1 O8","de-protonated",0,NA,"C31 H53 O8 S2 P1",31,53,8,NA,1,2,NA,NA,NA,NA,NA
6005,649.142736,649.141490263114,649.141379283239,1781201.8,NA,183358.3,7.37,-1,0.170964106146009,0.994710524939427,0,0.596826314963656,32,0.604651162790698,0.0232558139534884,"N2 S2 O1","de-protonated",0,NA,"C43 H26 O1 S2 N2",43,26,1,2,NA,2,NA,NA,NA,NA,NA
6006,649.179021,649.177775176687,649.177897734405,2877393.5,NA,172473.2,13.35,-1,-0.188789110505257,0.993553794316863,0,0.596132276590118,18,1.06060606060606,0.242424242424242,"N2 S1 P1 O8","de-protonated",0,NA,"C33 H35 O8 S1 N2 P1",33,35,8,2,1,1,NA,NA,NA,NA,NA
6007,649.215776,649.21453008914,649.214663366344,2039761.4,NA,183360.1,8.78,-1,-0.205289886321417,0.992382201547554,0,0.595429320928532,12,1.3125,0.3125,"S2 O10","de-protonated",0,NA,"C32 H42 O10 S2",32,42,10,NA,NA,2,NA,NA,NA,NA,NA
6008,649.337717,649.336470798687,649.336707054119,2493904.8,NA,165974.1,11.26,-1,-0.363841176860468,0.976265940140709,0,0.585759564084425,4,1.84375,0.21875,"S2 P1 O7","de-protonated",0,NA,"C32 H59 O7 S2 P1",32,59,7,NA,1,2,NA,NA,NA,NA,NA
6011,650.511849,650.51060000201,650.510512269864,2087884,NA,179638.3,9.04,-1,0.134866608257797,0.996705069713831,0,0.598023041828299,4,1.8974358974359,0.0512820512820513,"N1 S1 P1 O2","de-protonated",0,NA,"C39 H74 O2 S1 N1 P1",39,74,2,1,1,1,NA,NA,NA,NA,NA
6014,651.157712,651.156461463622,651.156673032128,2381769.5,NA,162262.1,10.65,-1,-0.324911829204123,0.981027173608729,0,0.588616304165238,14,1.10344827586207,0.586206896551724,"O17","de-protonated",0,NA,"C29 H32 O17",29,32,17,NA,NA,NA,NA,NA,NA,NA,NA
6015,651.194301,651.193050376471,651.193058541512,2623433.3,NA,159582,11.96,-1,-0.0125385882974862,0.999971473734561,0,0.599982884240737,13,1.2,0.533333333333333,"O16","de-protonated",0,NA,"C30 H36 O16",30,36,16,NA,NA,NA,NA,NA,NA,NA,NA
6016,651.231746,651.23049528728,651.23058475689,1873353.1,NA,160293.1,7.87,-1,-0.137385454135653,0.996581056989192,0,0.597948634193515,25,0.880952380952381,0.119047619047619,"P1 O5","de-protonated",0,NA,"C42 H37 O5 P1",42,37,5,NA,1,NA,NA,NA,NA,NA,NA
6017,651.317109,651.315858083953,651.315971609213,2074056.9,NA,121754.8,8.97,-1,-0.174301360144113,0.99450258038731,0,0.596701548232386,4,1.83870967741935,0.258064516129032,"S2 P1 O8","de-protonated",0,NA,"C31 H57 O8 S2 P1",31,57,8,NA,1,2,NA,NA,NA,NA,NA
6018,651.358464,651.357212985449,651.357228023704,2426824.8,NA,140103.5,10.89,-1,-0.02308756945492,0.999903286019939,0,0.599941971611964,8,1.6,0.257142857142857,"S1 O9","de-protonated",0,NA,"C35 H56 O9 S1",35,56,9,NA,NA,1,NA,NA,NA,NA,NA
6024,653.174133,653.172877660688,653.173192476531,1914818.1,NA,175467.5,8.1,-1,-0.481979123993491,0.958724778669658,0,0.575234867201795,12,1.26666666666667,0.4,"S2 O12","de-protonated",0,NA,"C30 H38 O12 S2",30,38,12,NA,NA,2,NA,NA,NA,NA,NA
6025,653.302985,653.301729353774,653.301444479899,2071489.8,NA,155289.4,8.95,-1,0.436052725507943,0.966087361639481,0,0.579652416983689,14,1.35294117647059,0.205882352941176,"N4 S1 O7","de-protonated",0,NA,"C34 H46 O7 S1 N4",34,46,7,4,NA,1,NA,NA,NA,NA,NA
6026,653.338496,653.33724026919,653.336981836168,2578881.5,NA,152012.2,11.72,-1,0.395558538894134,0.972008576165673,0,0.583205145699404,12,1.48648648648649,0.0540540540540541,"N2 S2 P1 O2","de-protonated",0,NA,"C37 H55 O2 S2 N2 P1",37,55,2,2,1,2,NA,NA,NA,NA,NA
6027,653.374624,653.373368183137,653.373367345553,4301761.5,NA,146499.3,21.12,-1,0.00128193798645028,0.499999850906812,0.707195036525566,0.582877925154314,11,1.55263157894737,0.0263157894736842,"N2 S2 P1 O1","de-protonated",0,NA,"C38 H59 O1 S2 N2 P1",38,59,1,2,1,2,NA,NA,NA,NA,NA
6031,654.442389,654.441130639816,654.440898079144,2692030.3,NA,185134.2,12.34,-1,0.355357791837915,0.977347325830076,0,0.586408395498046,5,1.80555555555556,0.194444444444444,"N1 S1 O7","de-protonated",0,NA,"C36 H65 O7 S1 N1",36,65,7,1,NA,1,NA,NA,NA,NA,NA
6033,655.353785,655.352524468953,655.352631900646,3650491.8,NA,166583.3,17.57,-1,-0.163929598256456,0.497567906930955,0.712686567164179,0.583615371024245,11,1.54054054054054,0.0540540540540541,"N2 S2 P1 O2","de-protonated",0,NA,"C37 H57 O2 S2 N2 P1",37,57,2,2,1,2,NA,NA,NA,NA,NA
6034,655.390208,655.388947382196,655.389017410031,4830139.5,NA,155327.5,24,-1,-0.106849264125954,0.498965293568979,0.707195036525566,0.582257190751614,10,1.60526315789474,0.0263157894736842,"N2 S2 P1 O1","de-protonated",0,NA,"C38 H61 O1 S2 N2 P1",38,61,1,2,1,2,NA,NA,NA,NA,NA
6037,656.430037,656.428773905417,656.428894100085,1737657.1,NA,188038,7.13,-1,-0.183103866377193,0.993935031821416,0,0.596361019092849,9,1.65789473684211,0.0526315789473684,"N3 S2 O2","de-protonated",0,NA,"C38 H63 O2 S2 N3",38,63,2,3,NA,2,NA,NA,NA,NA,NA
6039,657.183852,657.182587109897,657.182493857463,2158007.8,NA,162886.1,9.43,-1,0.141897320078433,0.996353223718146,0,0.597811934230888,16,1.0625,0.46875,"O15","de-protonated",0,NA,"C32 H34 O15",32,34,15,NA,NA,NA,NA,NA,NA,NA,NA
6040,657.332921,657.331655754828,657.33140719837,2131383.5,NA,179436.7,9.28,-1,0.378129594871872,0.974389756850025,0,0.584633854110015,7,1.63636363636364,0.333333333333333,"S1 O11","de-protonated",0,NA,"C33 H54 O11 S1",33,54,11,NA,NA,1,NA,NA,NA,NA,NA
6041,657.368941,657.367675669032,657.367792707754,2696631.5,NA,156731.7,12.36,-1,-0.178041460841213,0.994264810669024,0,0.596558886401414,6,1.70588235294118,0.294117647058824,"S1 O10","de-protonated",0,NA,"C34 H58 O10 S1",34,58,10,NA,NA,1,NA,NA,NA,NA,NA
6042,657.405581,657.404315581759,657.404178217138,1831351.4,NA,194663.1,7.64,-1,0.208950026236509,0.992109226666145,0,0.595265535999687,5,1.77142857142857,0.257142857142857,"S1 O9","de-protonated",0,NA,"C35 H62 O9 S1",35,62,9,NA,NA,1,NA,NA,NA,NA,NA
6043,658.309056,658.307788429762,658.308028725908,1755574,NA,171490.5,7.23,-1,-0.365020833614837,0.976113643942306,0,0.585668186365384,8,1.58064516129032,0.451612903225806,"N1 O14","de-protonated",0,NA,"C31 H49 O14 N1",31,49,14,1,NA,NA,NA,NA,NA,NA,NA
6045,658.93429,658.933020940511,658.932701224329,3029941.5,NA,164739,14.18,-1,0.485203089645981,0.958182498610561,0,0.574909499166337,26,0.310344827586207,0.517241379310345,"S1 P1 O15","de-protonated",0,NA,"C29 H9 O15 S1 P1",29,9,15,NA,1,1,NA,NA,NA,NA,NA
6046,659.163734,659.162464393996,659.162627792482,1781173.3,NA,179667.6,7.37,-1,-0.247887970183762,0.988912188215024,0,0.593347312929014,15,1.125,0.34375,"S2 O11","de-protonated",0,NA,"C32 H36 O11 S2",32,36,11,NA,NA,2,NA,NA,NA,NA,NA
6047,659.236409,659.235139220891,659.23539881125,1956789.1,NA,137190,8.33,-1,-0.393774909864902,0.972256914884924,0,0.583354148930955,13,1.29411764705882,0.264705882352941,"S2 O9","de-protonated",0,NA,"C34 H44 O9 S2",34,44,9,NA,NA,2,NA,NA,NA,NA,NA
6048,660.325041,660.323768627867,660.323678790386,2301876.8,NA,151094.2,10.21,-1,0.136050673369611,0.996647057404962,0,0.597988234442977,7,1.64516129032258,0.451612903225806,"N1 O14","de-protonated",0,NA,"C31 H51 O14 N1",31,51,14,1,NA,NA,NA,NA,NA,NA,NA
6052,661.21598,661.21470550573,661.214934692412,2178997,NA,184208.8,9.54,-1,-0.346614496432707,0.978436355534163,0,0.587061813320498,27,0.813953488372093,0.116279069767442,"P1 O5","de-protonated",0,NA,"C43 H35 O5 P1",43,35,5,NA,1,NA,NA,NA,NA,NA,NA
6053,661.25231,661.251035419195,661.251320201796,1851829,NA,184070.6,7.76,-1,-0.430672260155067,0.966905176767394,0,0.580143106060436,26,0.886363636363636,0.0909090909090909,"P1 O4","de-protonated",0,NA,"C44 H39 O4 P1",44,39,4,NA,1,NA,NA,NA,NA,NA,NA
6059,663.194683,663.193403792637,663.193547798883,1851831.3,NA,191319.5,7.76,-1,-0.217140601236152,0.991481179601766,0,0.594888707761059,18,1.08823529411765,0.235294117647059,"N2 S1 P1 O8","de-protonated",0,NA,"C34 H37 O8 S1 N2 P1",34,37,8,2,1,1,NA,NA,NA,NA,NA
6060,663.230835,663.229555706526,663.229444050897,2376631.3,NA,167879.4,10.62,-1,0.168351436204613,0.994870544757926,0,0.596922326854756,13,1.25,0.46875,"O15","de-protonated",0,NA,"C32 H40 O15",32,40,15,NA,NA,NA,NA,NA,NA,NA,NA
6061,663.353675,663.352395413932,663.352357118597,2743223.5,NA,159053.4,12.62,-1,0.0577300053363623,0.999395459061251,0,0.59963727543675,4,1.84848484848485,0.212121212121212,"S2 P1 O7","de-protonated",0,NA,"C33 H61 O7 S2 P1",33,61,7,NA,1,2,NA,NA,NA,NA,NA
6062,663.394781,663.393501316021,663.393613533089,1763255.8,NA,157126.1,7.27,-1,-0.169156086297134,0.994821521719702,0,0.596892913031821,8,1.62162162162162,0.216216216216216,"S1 O8","de-protonated",0,NA,"C37 H60 O8 S1",37,60,8,NA,NA,1,NA,NA,NA,NA,NA
6065,664.356453,664.355171025405,664.354978919342,1739706,NA,179251,7.14,-1,0.289161772382946,0.984942764371582,0,0.590965658622949,5,1.7741935483871,0.451612903225806,"N1 O14","de-protonated",0,NA,"C31 H55 O14 N1",31,55,14,1,NA,NA,NA,NA,NA,NA,NA
6066,664.527203,664.525920618694,664.526162334342,2906042.5,NA,193922.1,13.51,-1,-0.36374135662933,0.488139402805462,0.69646200847541,0.571468445073442,4,1.9,0.05,"N1 S1 P1 O2","de-protonated",0,NA,"C40 H76 O2 S1 N1 P1",40,76,2,1,1,1,NA,NA,NA,NA,NA
6069,665.080577,665.079293300607,665.079563415731,1845180.1,NA,172817.4,7.72,-1,-0.406139564576712,0.970513620334164,0,0.582308172200498,34,0.452380952380952,0.166666666666667,"P1 O7","de-protonated",0,NA,"C42 H19 O7 P1",42,19,7,NA,1,NA,NA,NA,NA,NA,NA
6070,665.17433,665.173046077295,665.173192476531,1817020.5,NA,172593.9,7.57,-1,-0.220091906502984,0.99124905881321,0,0.594749435287926,13,1.2258064516129,0.387096774193548,"S2 O12","de-protonated",0,NA,"C31 H38 O12 S2",31,38,12,NA,NA,2,NA,NA,NA,NA,NA
6071,665.210135,665.208850992011,665.20870860599,1918396.6,NA,138743.3,8.12,-1,0.214047138823906,0.991721174553925,0,0.595032704732355,13,1.2258064516129,0.516129032258065,"O16","de-protonated",0,NA,"C31 H38 O16",31,38,16,NA,NA,NA,NA,NA,NA,NA,NA
6072,665.333107,665.331822699103,665.331621673691,2112957,NA,144652.6,9.18,-1,0.302143180318169,0.983571896083328,0,0.590143137649997,4,1.84375,0.25,"S2 P1 O8","de-protonated",0,NA,"C32 H59 O8 S2 P1",32,59,8,NA,1,2,NA,NA,NA,NA,NA
6073,665.374407,665.37312260073,665.372878088182,2278845.3,NA,148209.4,10.09,-1,0.367481987262729,0.975794393718887,0,0.585476636231332,8,1.61111111111111,0.25,"S1 O9","de-protonated",0,NA,"C36 H58 O9 S1",36,58,9,NA,NA,1,NA,NA,NA,NA,NA
6076,666.429142,666.427855088446,666.427630796967,1859521.4,NA,171763.7,7.8,-1,0.336557892378692,0.979656858378089,0,0.587794115026854,16,1.35714285714286,0.0952380952380952,"N3 O4","de-protonated",0,NA,"C42 H57 O4 N3",42,57,4,3,NA,NA,NA,NA,NA,NA,NA
6080,667.189394,667.188105277594,667.187973161084,1739717,NA,140407,7.14,-1,0.198019920757939,0.992910305553878,0,0.595746183332327,13,1.2,0.566666666666667,"O17","de-protonated",0,NA,"C30 H36 O17",30,36,17,NA,NA,NA,NA,NA,NA,NA,NA
6081,667.226448,667.225159189334,667.225228050394,1862085.3,NA,194388.7,7.81,-1,-0.10320511966348,0.998069202593895,0,0.598841521556337,11,1.375,0.34375,"S2 O11","de-protonated",0,NA,"C32 H44 O11 S2",32,44,11,NA,NA,2,NA,NA,NA,NA,NA
6083,667.353689,667.352399886258,667.352142643276,2532294,NA,150973.9,11.47,-1,0.385468128778409,0.973399518604984,0,0.58403971116299,8,1.6,0.285714285714286,"S1 O10","de-protonated",0,NA,"C35 H56 O10 S1",35,56,10,NA,NA,1,NA,NA,NA,NA,NA
6084,667.390405,667.389115798803,667.389017410031,6559686,NA,155937.7,33.44,-1,0.147423421920661,0.498032110269683,0.701787487586891,0.579534261196566,11,1.56410256410256,0.0256410256410256,"N2 S2 P1 O1","de-protonated",0,NA,"C39 H61 O1 S2 N2 P1",39,61,1,2,1,2,NA,NA,NA,NA,NA
6087,668.393007,668.391715410695,668.391639210776,2374603.8,NA,171965.5,10.61,-1,0.114004896581057,0.99764446892293,0,0.598586681353758,12,1.48648648648649,0.216216216216216,"N3 O8","de-protonated",0,NA,"C37 H55 O8 N3",37,55,8,3,NA,NA,NA,NA,NA,NA,NA
6088,668.430303,668.42901132186,668.428894100085,2153932,NA,147462.5,9.4,-1,0.175369100923471,0.994435209881524,0,0.596661125928915,10,1.61538461538462,0.0512820512820513,"N3 S2 O2","de-protonated",0,NA,"C39 H63 O2 S2 N3",39,63,2,3,NA,2,NA,NA,NA,NA,NA
6091,669.332606,669.331312172655,669.33140719837,1917906.1,NA,152659.7,8.12,-1,-0.141971098011218,0.996349437462854,0,0.597809662477713,8,1.58823529411765,0.323529411764706,"S1 O11","de-protonated",0,NA,"C34 H54 O11 S1",34,54,11,NA,NA,1,NA,NA,NA,NA,NA
6092,669.369655,669.368361084407,669.368281965124,3909586.5,NA,150216.4,18.98,-1,0.118199928377637,0.498734075239645,0.707195036525566,0.582118459754014,11,1.55263157894737,0.0526315789473684,"N2 S2 P1 O2","de-protonated",0,NA,"C38 H59 O2 S2 N2 P1",38,59,2,2,1,2,NA,NA,NA,NA,NA
6093,669.40579,669.404495998337,669.404178217138,4976594.5,NA,151475.2,24.8,-1,0.474722460810101,0.979966560232612,0.990399272790438,0.984139645255742,6,1.72222222222222,0.25,"S1 O9","de-protonated",0,NA,"C36 H62 O9 S1",36,62,9,NA,NA,1,NA,NA,NA,NA,NA
6097,670.446326,670.445029519874,670.445328554968,1801178.6,NA,161626.6,7.48,-1,-0.446024576941063,0.964546703964301,0,0.578728022378581,5,1.83333333333333,0.222222222222222,"N1 P1 O8","de-protonated",0,NA,"C36 H66 O8 N1 P1",36,66,8,1,1,NA,NA,NA,NA,NA,NA
6100,671.26928,671.267981559671,671.26803289471,21196770,NA,151157.6,113.28,-1,-0.0764747254310962,0.661130598514494,0.886272658996362,0.751187422707241,23,1,0.121951219512195,"N2 P1 O5","de-protonated",0,NA,"C41 H41 O5 N2 P1",41,41,5,2,1,NA,NA,NA,NA,NA,NA
6101,671.385858,671.384559281993,671.384780182717,2291682.8,NA,172639.8,10.15,-1,-0.329022538328796,0.980548786064234,0,0.588329271638541,11,1.55555555555556,0.166666666666667,"N4 S1 O6","de-protonated",0,NA,"C36 H56 O6 S1 N4",36,56,6,4,NA,1,NA,NA,NA,NA,NA
6103,672.343831,672.342530000187,672.342306235041,1871339.9,NA,168328.9,7.86,-1,0.332814318113199,0.980102392201393,0,0.588061435320836,7,1.66666666666667,0.333333333333333,"N1 S1 O11","de-protonated",0,NA,"C33 H55 O11 S1 N1",33,55,11,1,NA,1,NA,NA,NA,NA,NA
6105,673.26652,673.265216802424,673.265435637088,6354933.5,NA,142460.7,32.32,-1,-0.325034751127038,0.490506476163729,0.707195036525566,0.577181900308464,18,1.10526315789474,0.289473684210526,"O11","de-protonated",0,NA,"C38 H42 O11",38,42,11,NA,NA,NA,NA,NA,NA,NA,NA
6106,673.33797,673.336666632237,673.336707054119,2677750.3,NA,156045.7,12.26,-1,-0.0600321970264884,0.999346297245008,0,0.599607778347005,6,1.73529411764706,0.205882352941176,"S2 P1 O7","de-protonated",0,NA,"C34 H59 O7 S2 P1",34,59,7,NA,1,2,NA,NA,NA,NA,NA
6107,673.346645,673.345341611574,673.345220588664,2177014.5,NA,192749.1,9.53,-1,0.179733822106308,0.99415558229943,0,0.596493349379658,20,1.15909090909091,0.0909090909090909,"P1 O4","de-protonated",0,NA,"C44 H51 O4 P1",44,51,4,NA,1,NA,NA,NA,NA,NA,NA
6108,673.365028,673.363724567787,673.363848033319,1796598.6,NA,172660.4,7.45,-1,-0.1833563410545,0.993918345798737,0,0.596351007479242,19,1.22222222222222,0.0222222222222222,"S1 P1 O1","de-protonated",0,NA,"C45 H55 O1 S1 P1",45,55,1,NA,1,1,NA,NA,NA,NA,NA
6109,673.383282,673.381978524308,673.38180280254,1726966.9,NA,205931.3,7.07,-1,0.2609541375892,0.98771990101232,0,0.592631940607392,11,1.54285714285714,0.257142857142857,"N4 O9","de-protonated",0,NA,"C35 H54 O9 N4",35,54,9,4,NA,NA,NA,NA,NA,NA,NA
6110,674.269576,674.268270413235,674.268567922014,2906113,NA,148716,13.51,-1,-0.441231866368854,0.482645610820169,0.686049898068144,0.564007325719359,21,1.0952380952381,0.0238095238095238,"N1 S2 P1 O1","de-protonated",0,NA,"C42 H46 O1 S2 N1 P1",42,46,1,1,1,2,NA,NA,NA,NA,NA
6114,675.195124,675.193816208663,675.193927921438,1962764.4,NA,128832.7,8.36,-1,-0.165452872749516,0.995045220772788,0,0.597027132463673,14,1.21212121212121,0.333333333333333,"S2 O11","de-protonated",0,NA,"C33 H40 O11 S2",33,40,11,NA,NA,2,NA,NA,NA,NA,NA
6115,675.231407,675.23009912224,675.230313430822,2374156.8,NA,147557.3,10.6,-1,-0.317385902254939,0.981888012196323,0,0.589132807317794,13,1.29411764705882,0.294117647058824,"S2 O10","de-protonated",0,NA,"C34 H44 O10 S2",34,44,10,NA,NA,2,NA,NA,NA,NA,NA
6116,675.268051,675.266743034957,675.266970266274,1875469.3,NA,157825.5,7.88,-1,-0.336505895707808,0.979663079388877,0,0.587797847633326,26,0.911111111111111,0.0888888888888889,"P1 O4","de-protonated",0,NA,"C45 H41 O4 P1",45,41,4,NA,1,NA,NA,NA,NA,NA,NA
6120,677.211207,677.209894406534,677.209849311983,1814568,NA,175777.9,7.55,-1,0.0665887398812186,0.999195769154475,0,0.599517461492685,27,0.813953488372093,0.13953488372093,"P1 O6","de-protonated",0,NA,"C43 H35 O6 P1",43,35,6,NA,1,NA,NA,NA,NA,NA,NA
6123,679.189939,679.188621693372,679.188842541009,2171975,NA,186962.9,9.5,-1,-0.325163818937011,0.980998014438932,0,0.588598808663359,13,1.25,0.375,"S2 O12","de-protonated",0,NA,"C32 H40 O12 S2",32,40,12,NA,NA,2,NA,NA,NA,NA,NA
6124,679.226344,679.225026606658,679.225228050394,2176071.5,NA,166555.1,9.52,-1,-0.296578700493179,0.98416665493711,0,0.590499992962266,12,1.33333333333333,0.333333333333333,"S2 O11","de-protonated",0,NA,"C33 H44 O11 S2",33,44,11,NA,NA,2,NA,NA,NA,NA,NA
6125,679.354004,679.352686302584,679.352631900646,1824841.8,NA,185112,7.61,-1,0.0800790850329312,0.99883710797628,0,0.599302264785768,13,1.46153846153846,0.0512820512820513,"N2 S2 P1 O2","de-protonated",0,NA,"C39 H57 O2 S2 N2 P1",39,57,2,2,1,2,NA,NA,NA,NA,NA
6126,679.427802,679.426484126803,679.42625107253,1760843,NA,129115.5,7.26,-1,0.343016292428871,0.978876998264244,0,0.587326198958547,12,1.53846153846154,0.102564102564103,"N4 S1 O4","de-protonated",0,NA,"C39 H60 O4 S1 N4",39,60,4,4,NA,1,NA,NA,NA,NA,NA
6128,681.369631,681.368308501541,681.368281965124,2288237.5,NA,116457.2,10.27,-1,0.0389457758565408,0.999724821317384,0,0.59983489279043,12,1.51282051282051,0.0512820512820513,"N2 S2 P1 O2","de-protonated",0,NA,"C39 H59 O2 S2 N2 P1",39,59,2,2,1,2,NA,NA,NA,NA,NA
6129,681.40599,681.404667414937,681.404667474509,3712110.3,NA,147300.1,18.14,-1,-8.74249797848907e-05,0.996424517004542,0.941847242410811,0.97459360716705,11,1.575,0.025,"N2 S2 P1 O1","de-protonated",0,NA,"C40 H63 O1 S2 N2 P1",40,63,1,2,1,2,NA,NA,NA,NA,NA
6134,683.349235,683.347907786302,683.348197968841,1809556.4,NA,176023.1,7.63,-1,-0.424648136811375,0.967809582757364,0,0.580685749654418,21,1.15217391304348,0.0217391304347826,"S1 P1 O1","de-protonated",0,NA,"C46 H53 O1 S1 P1",46,53,1,NA,1,1,NA,NA,NA,NA,NA
6135,683.385432,683.384104700084,683.383932029602,3346581,NA,157606.7,16.12,-1,0.252669799693884,0.4942413923741,0.701787487586891,0.577259830459216,11,1.56410256410256,0.0512820512820513,"N2 S2 P1 O2","de-protonated",0,NA,"C39 H61 O2 S2 N2 P1",39,61,2,2,1,2,NA,NA,NA,NA,NA
6136,683.421861,683.420533613313,683.420317538987,3991701.8,NA,161404.3,19.69,-1,0.316166085329911,0.491012854387396,0.69646200847541,0.573192516022602,10,1.625,0.025,"N2 S2 P1 O1","de-protonated",0,NA,"C40 H65 O1 S2 N2 P1",40,65,1,2,1,2,NA,NA,NA,NA,NA
6138,683.494207,683.492879440991,683.492599300385,3344535.3,NA,135643.5,16.11,-1,0.409866334399547,0.484989120553976,0.701787487586891,0.571708467367142,4,1.84615384615385,0.179487179487179,"S1 O7","de-protonated",0,NA,"C39 H72 O7 S1",39,72,7,NA,NA,1,NA,NA,NA,NA,NA
6139,684.460567,684.459237139208,684.459324849116,1711275.9,NA,171874.2,7.08,-1,-0.128144806093139,0.997024849109864,0,0.598214909465919,10,1.61538461538462,0.179487179487179,"N3 O7","de-protonated",0,NA,"C39 H63 O7 N3",39,63,7,3,NA,NA,NA,NA,NA,NA,NA
6141,684.96809,684.966758930334,684.966978733461,2416823,NA,165869.2,10.98,-1,-0.320895946943277,0.981488938911956,0,0.588893363347174,26,0.46875,0.375,"S2 P1 O12","de-protonated",0,NA,"C32 H15 O12 S2 P1",32,15,12,NA,1,2,NA,NA,NA,NA,NA
6142,685.364841,685.363508985309,685.363848033319,1971903.9,NA,148103.7,8.52,-1,-0.494697832201681,0.956566277073153,0,0.573939766243892,20,1.19565217391304,0.0217391304347826,"S1 P1 O1","de-protonated",0,NA,"C46 H55 O1 S1 P1",46,55,1,NA,1,1,NA,NA,NA,NA,NA
6147,688.511492,688.510152490268,688.50990387135,7518475.5,NA,147234.6,39.19,-1,0.361097084326054,0.488309196128694,0.656601319334751,0.555626045411117,16,1.39583333333333,0.0416666666666667,"N1 O2","de-protonated",0,NA,"C48 H67 O2 N1",48,67,2,1,NA,NA,NA,NA,NA,NA,NA
6149,688.942605,688.941264463396,688.940960689426,1922838.8,NA,141385.5,8.25,-1,0.440928885566022,0.965338036697699,0,0.57920282201862,22,0.416666666666667,0.708333333333333,"N4 S2 O17","de-protonated",0,NA,"C24 H10 O17 S2 N4",24,10,17,4,NA,2,NA,NA,NA,NA,NA
6150,689.174161,689.17281991185,689.172679412195,1739548.8,NA,188128.1,7.24,-1,0.203867129050866,0.992487029365836,0,0.595492217619502,33,0.652173913043478,0.0217391304347826,"N2 S2 O1","de-protonated",0,NA,"C46 H30 O1 S2 N2",46,30,1,2,NA,2,NA,NA,NA,NA,NA
6151,689.246855,689.2455137387,689.245583372745,1704734.6,NA,131909.1,7.05,-1,-0.101029367446216,0.998149679357983,0,0.59888980761479,18,1.16216216216216,0.189189189189189,"N2 S1 P1 O7","de-protonated",0,NA,"C37 H43 O7 S1 N2 P1",37,43,7,2,1,1,NA,NA,NA,NA,NA
6152,690.50955,690.508205731073,690.50792881288,8522049,NA,146131.2,44.74,-1,0.4010355017051,0.485619697290632,0.712686567164179,0.576446445240051,2,2,0.216216216216216,"N1 P1 O8","de-protonated",0,NA,"C37 H74 O8 N1 P1",37,74,8,1,1,NA,NA,NA,NA,NA,NA
6155,691.3533,691.351953721337,691.352142643276,1831768.1,NA,122766.1,7.75,-1,-0.273264416022391,0.986541982126881,0,0.591925189276129,10,1.51351351351351,0.27027027027027,"S1 O10","de-protonated",0,NA,"C37 H56 O10 S1",37,56,10,NA,NA,1,NA,NA,NA,NA,NA
6156,692.507492,692.506142972155,692.505820812628,6398329.5,NA,146845.8,32.99,-1,0.465208402145511,0.480746056222095,0.712686567164179,0.573522260598929,1,2.05405405405405,0.162162162162162,"N1 S1 P1 O6","de-protonated",0,NA,"C37 H76 O6 S1 N1 P1",37,76,6,1,1,1,NA,NA,NA,NA,NA
6158,693.168767,693.167416397057,693.167237716178,1721741.3,NA,168131.8,7.14,-1,0.257774559473901,0.988015540467716,0,0.592809324280629,15,1.09677419354839,0.580645161290323,"O18","de-protonated",0,NA,"C31 H34 O18",31,34,18,NA,NA,NA,NA,NA,NA,NA,NA
6159,693.365036,693.363684929562,693.363769955761,1744531.1,NA,134422.3,7.26,-1,-0.122628558297772,0.997275136799772,0,0.598365082079863,5,1.8125,0.375,"N2 S1 O12","de-protonated",0,NA,"C32 H58 O12 S1 N2",32,58,12,2,NA,1,NA,NA,NA,NA,NA
6160,693.406365,693.40501383112,693.404667474509,1867668.4,NA,138026.8,7.95,-1,0.499501413191181,0.955737725996204,0,0.573442635597722,12,1.53658536585366,0.024390243902439,"N2 S2 P1 O1","de-protonated",0,NA,"C41 H63 O1 S2 N2 P1",41,63,1,2,1,2,NA,NA,NA,NA,NA
6161,693.457201,693.455849710033,693.455819867808,3275158,NA,129123,15.73,-1,0.0430340691027966,0.499832012993018,0.680959722489882,0.572283096791763,11,1.53488372093023,0.116279069767442,"S1 O5","de-protonated",0,NA,"C43 H66 O5 S1",43,66,5,NA,NA,1,NA,NA,NA,NA,NA
6162,694.461064,694.459710318921,694.45993324763,2315701,NA,160073.9,10.42,-1,-0.321010180421619,0.981475880172081,0,0.588885528103249,2,2.05882352941176,0.205882352941176,"N3 S1 P1 O7","de-protonated",0,NA,"C34 H70 O7 S1 N3 P1",34,70,7,3,1,1,NA,NA,NA,NA,NA
6164,695.350062,695.348706201408,695.349046121956,1838545.1,NA,140298.4,7.78,-1,-0.488848801206947,0.957565297709499,0,0.5745391786257,23,1.06666666666667,0.111111111111111,"N2 O5","de-protonated",0,NA,"C45 H48 O5 N2",45,48,5,2,NA,NA,NA,NA,NA,NA,NA
6165,695.384642,695.383286119041,695.383442772232,2429394.3,NA,126616.8,11.05,-1,-0.225275985871433,0.990833879031924,0,0.594500327419154,8,1.62162162162162,0.27027027027027,"S1 O10","de-protonated",0,NA,"C37 H60 O10 S1",37,60,10,NA,NA,1,NA,NA,NA,NA,NA
6166,695.421346,695.419990031616,695.419828281616,2733523.5,NA,158878.1,12.73,-1,0.232593309722042,0.495115856348664,0.707195036525566,0.579947528419425,7,1.68421052631579,0.236842105263158,"S1 O9","de-protonated",0,NA,"C38 H64 O9 S1",38,64,9,NA,NA,1,NA,NA,NA,NA,NA
6167,695.457784,695.456427944824,695.456213791001,2817492.5,NA,158526.5,13.2,-1,0.307932862966829,0.49147086174834,0.701787487586891,0.57559751208376,6,1.74358974358974,0.205128205128205,"S1 O8","de-protonated",0,NA,"C39 H68 O8 S1",39,68,8,NA,NA,1,NA,NA,NA,NA,NA
6169,697.364478,697.36311740325,697.363196584696,1837075.9,NA,160962.8,7.78,-1,-0.113544056768064,0.99766345164954,0,0.598598070989724,12,1.51282051282051,0.0769230769230769,"N2 S2 P1 O3","de-protonated",0,NA,"C39 H59 O3 S2 N2 P1",39,59,3,2,1,2,NA,NA,NA,NA,NA
6170,697.400793,697.399432316751,697.39909283671,2800661.3,NA,119912.1,13.1,-1,0.486780157950848,0.47895801349906,0.712686567164179,0.572449434965107,7,1.67567567567568,0.27027027027027,"S1 O10","de-protonated",0,NA,"C37 H62 O10 S1",37,62,10,NA,NA,1,NA,NA,NA,NA,NA
6171,697.437643,697.436282228977,697.435967603465,3228182.5,NA,146729.2,15.47,-1,0.451117417371846,0.481873694141243,0.691216744913927,0.565610914450317,10,1.63414634146341,0.024390243902439,"N2 S2 P1 O1","de-protonated",0,NA,"C41 H67 O1 S2 N2 P1",41,67,1,2,1,2,NA,NA,NA,NA,NA
6174,699.380452,699.37908660138,699.378846649174,2499674.8,NA,131283.9,11.44,-1,0.343093314169596,0.978867612131339,0,0.587320567278803,11,1.56410256410256,0.0769230769230769,"N2 S2 P1 O3","de-protonated",0,NA,"C39 H61 O3 S2 N2 P1",39,61,3,2,1,2,NA,NA,NA,NA,NA
6175,699.415923,699.414557516892,699.414742901188,1765468,NA,145488.8,7.38,-1,-0.265056317684069,0.987333256620291,0,0.592399953972175,6,1.72972972972973,0.27027027027027,"S1 O10","de-protonated",0,NA,"C37 H64 O10 S1",37,64,10,NA,NA,1,NA,NA,NA,NA,NA
6176,700.375357,700.373989231606,700.374095621367,2026111.1,NA,182206.1,8.82,-1,-0.151904191969914,0.995821845571534,0,0.59749310734292,11,1.57894736842105,0.0789473684210526,"N3 S2 P1 O3","de-protonated",0,NA,"C38 H60 O3 S2 N3 P1",38,60,3,3,1,2,NA,NA,NA,NA,NA
6177,701.427329,701.425958725903,701.425857149337,2203814.5,NA,133918.5,9.8,-1,0.144814402347509,0.498101015942507,0.671002658564373,0.567261672991254,19,1.28888888888889,0.0222222222222222,"N4 S1 O1","de-protonated",0,NA,"C45 H58 O1 S1 N4",45,58,1,4,NA,1,NA,NA,NA,NA,NA
6180,704.913583,704.912204421959,704.912376959235,6716209,NA,142671.8,34.75,-1,-0.244764146957083,0.494594186261335,0.821075868479145,0.625186859148459,18,0.55,0.95,"N4 S2 P1 O19","de-protonated",0,NA,"C20 H11 O19 S2 N4 P1",20,11,19,4,1,2,NA,NA,NA,NA,NA
6181,705.242061,705.240681639554,705.240878114872,1775422.9,NA,155104.5,7.43,-1,-0.27859320729315,0.986015711304946,0,0.591609426782967,13,1.31428571428571,0.314285714285714,"S2 O11","de-protonated",0,NA,"C35 H46 O11 S2",35,46,11,NA,NA,2,NA,NA,NA,NA,NA
6182,706.911636,706.910252662776,706.910431150236,7449478,NA,151207.8,38.8,-1,-0.252489498883169,0.992729151613401,0.981406544431122,0.98820010874049,22,0.32,0.92,"S1 O23","de-protonated",0,NA,"C25 H8 O23 S1",25,8,23,NA,NA,1,NA,NA,NA,NA,NA
6183,706.952778,706.951394564779,706.951328668983,2558855.8,NA,157050,11.76,-1,0.0932112197014247,0.998424755668864,0,0.599054853401318,29,0.382352941176471,0.352941176470588,"S2 P1 O12","de-protonated",0,NA,"C34 H13 O12 S2 P1",34,13,12,NA,1,2,NA,NA,NA,NA,NA
6186,709.400917,709.399527733532,709.39958209408,2139637,NA,119108.2,9.45,-1,-0.076628955209498,0.998935101306349,0,0.59936106078381,12,1.53658536585366,0.0487804878048781,"N2 S2 P1 O2","de-protonated",0,NA,"C41 H63 O2 S2 N2 P1",41,63,2,2,1,2,NA,NA,NA,NA,NA
6187,709.437333,709.435943646792,709.435967603465,2381814.8,NA,170075,10.78,-1,-0.0337686189541478,0.499896555953084,0.686049898068144,0.574357892799108,11,1.5952380952381,0.0238095238095238,"N2 S2 P1 O1","de-protonated",0,NA,"C42 H67 O1 S2 N2 P1",42,67,1,2,1,2,NA,NA,NA,NA,NA
6189,710.551443,710.550050993082,710.550269082618,1756202.3,NA,166282.9,7.33,-1,-0.30693048121892,0.983051653852987,0,0.589830992311792,3,1.95238095238095,0.0238095238095238,"N1 S2 P1 O1","de-protonated",0,NA,"C42 H82 O1 S2 N1 P1",42,82,1,1,1,2,NA,NA,NA,NA,NA
6190,711.359006,711.357612069539,711.357360965486,1765456.5,NA,174505.9,7.38,-1,0.352992837294011,0.977644451275622,0,0.586586670765373,0,2.10344827586207,0.586206896551724,"P1 O17","de-protonated",0,NA,"C29 H61 O17 P1",29,61,17,NA,1,NA,NA,NA,NA,NA,NA
6191,711.380206,711.378812019043,711.378846649174,1904209.5,NA,140944.5,8.14,-1,-0.0486802939731521,0.999570100594565,0,0.599742060356739,12,1.525,0.075,"N2 S2 P1 O3","de-protonated",0,NA,"C40 H61 O3 S2 N2 P1",40,61,3,2,1,2,NA,NA,NA,NA,NA
6192,711.41627,711.414875933142,711.414742901188,2252883.3,NA,162841.7,10.07,-1,0.186996340353871,0.993675255171787,0,0.596205153103072,7,1.68421052631579,0.263157894736842,"S1 O10","de-protonated",0,NA,"C38 H64 O10 S1",38,64,10,NA,NA,1,NA,NA,NA,NA,NA
6193,711.452866,711.451471845973,711.451128410572,2988117,NA,161712.9,14.14,-1,0.482725217388227,0.479299788971515,0.701787487586891,0.568294868417665,6,1.74358974358974,0.230769230769231,"S1 O9","de-protonated",0,NA,"C39 H68 O9 S1",39,68,9,NA,NA,1,NA,NA,NA,NA,NA
6195,713.245063,713.243664577121,713.243594513637,1707180.3,NA,141500.6,7.05,-1,0.0982321942856495,0.998250631222209,0,0.598950378733326,6,1.7,0.433333333333333,"S2 P1 O13","de-protonated",0,NA,"C30 H51 O13 S2 P1",30,51,13,NA,1,2,NA,NA,NA,NA,NA
6196,713.395838,713.394439217988,713.394496713652,2497203.8,NA,145701.2,11.42,-1,-0.0805944877262546,0.499411049754056,0.69646200847541,0.578231433242598,11,1.575,0.075,"N2 S2 P1 O3","de-protonated",0,NA,"C40 H63 O3 S2 N2 P1",40,63,3,2,1,2,NA,NA,NA,NA,NA
6197,714.978336,714.97693344862,714.976674037586,1789187.5,NA,152529.7,7.51,-1,0.362824471642199,0.976396822392774,0,0.585838093435665,27,0.40625,0.5625,"P1 O18","de-protonated",0,NA,"C32 H13 O18 P1",32,13,18,NA,1,NA,NA,NA,NA,NA,NA
6198,715.219251,715.217847874782,715.217833995031,3418384,NA,156741,16.51,-1,0.0194063263081434,0.49996583388069,0.72968508002065,0.591853532336674,16,1.17647058823529,0.382352941176471,"N2 S1 O13","de-protonated",0,NA,"C34 H40 O13 S1 N2",34,40,13,2,NA,1,NA,NA,NA,NA,NA
6199,715.442058,715.440654344075,715.440302745111,3443995.3,NA,156169.2,16.66,-1,0.491444168029627,0.478561672081972,0.72968508002065,0.579011035257443,1,2.02941176470588,0.382352941176471,"P1 O13","de-protonated",0,NA,"C34 H69 O13 P1",34,69,13,NA,1,NA,NA,NA,NA,NA,NA
6200,716.418451,716.417045018395,716.416791330868,2145614.3,NA,172540.9,9.48,-1,0.354106059893729,0.977504825394173,0,0.586502895236504,15,1.37209302325581,0.186046511627907,"N1 O8","de-protonated",0,NA,"C43 H59 O8 N1",43,59,8,1,NA,NA,NA,NA,NA,NA,NA
6201,716.445683,716.444276953531,716.444283183152,1790287.8,NA,168445.8,7.51,-1,-0.00869519274787355,0.999986281416331,0,0.599991768849799,5,1.88888888888889,0.194444444444444,"N3 S1 P1 O7","de-protonated",0,NA,"C36 H68 O7 S1 N3 P1",36,68,7,3,1,1,NA,NA,NA,NA,NA
6202,717.216382,717.214974117795,717.214856614854,3327352.5,NA,139078.7,16.01,-1,0.163832273430882,0.497570786911213,0.73553288925895,0.592755627850308,16,1.15151515151515,0.484848484848485,"N2 O16","de-protonated",0,NA,"C33 H38 O16 N2",33,38,16,2,NA,NA,NA,NA,NA,NA,NA
6204,718.929968,718.928556036187,718.928678472336,2437589.5,NA,173471.5,11.09,-1,-0.170303609950049,0.994751209061563,0,0.596850725436938,27,0.310344827586207,0.586206896551724,"N2 S1 P1 O17","de-protonated",0,NA,"C29 H9 O17 S1 N2 P1",29,9,17,2,1,1,NA,NA,NA,NA,NA
6205,719.185241,719.183828428149,719.184028486649,1699811.6,NA,188135.8,7.01,-1,-0.278174280185,0.986057442342625,0,0.591634465405575,29,0.75,0.181818181818182,"P1 O8","de-protonated",0,NA,"C44 H33 O8 P1",44,33,8,NA,1,NA,NA,NA,NA,NA,NA
6206,719.313159,719.31174612346,719.311812459457,1703402.6,NA,118674.6,7.03,-1,-0.0922214750886733,0.998458005225341,0,0.599074803135205,25,1.02083333333333,0.0416666666666667,"S1 P1 O2","de-protonated",0,NA,"C48 H49 O2 S1 P1",48,49,2,NA,1,1,NA,NA,NA,NA,NA
6207,720.44806,720.446644420228,720.446591858086,1700394.3,NA,165947.2,7.01,-1,0.0729577209069783,0.999034645917585,0,0.599420787550551,3,1.94594594594595,0.162162162162162,"N1 S2 P1 O6","de-protonated",0,NA,"C37 H72 O6 S2 N1 P1",37,72,6,1,1,2,NA,NA,NA,NA,NA
6209,720.927393,720.9259762785,720.926081214714,2786885.5,NA,176070,13.02,-1,-0.145557522930669,0.996163028108057,0,0.597697816864834,22,0.384615384615385,0.884615384615385,"S1 O23","de-protonated",0,NA,"C26 H10 O23 S1",26,10,23,NA,NA,1,NA,NA,NA,NA,NA
6210,720.969843,720.968426177387,720.968316143947,2709063.8,NA,146411.3,12.59,-1,0.152618968464661,0.99578251615604,0,0.597469509693624,34,0.305555555555556,0.222222222222222,"N4 S2 P1 O8","de-protonated",0,NA,"C36 H11 O8 S2 N4 P1",36,11,8,4,1,2,NA,NA,NA,NA,NA
6211,721.365223,721.363805235628,721.363848033319,1872478.5,NA,159508.4,7.97,-1,-0.0593288549333962,0.999361520320144,0,0.599616912192086,23,1.12244897959184,0.0204081632653061,"S1 P1 O1","de-protonated",0,NA,"C49 H55 O1 S1 P1",49,55,1,NA,1,1,NA,NA,NA,NA,NA
6214,723.416981,723.415558348524,723.415232158558,2289878.3,NA,122583.4,10.27,-1,0.450902816495927,0.963781239355484,0,0.578268743613291,12,1.54761904761905,0.0476190476190476,"N2 S2 P1 O2","de-protonated",0,NA,"C42 H65 O2 S2 N2 P1",42,65,2,2,1,2,NA,NA,NA,NA,NA
6216,723.488405,723.486982178399,723.487133797402,1803994.6,NA,152200.9,7.59,-1,-0.209566965318679,0.992062747479306,0,0.595237648487584,11,1.6046511627907,0.116279069767442,"N2 P1 O5","de-protonated",0,NA,"C43 H69 O5 N2 P1",43,69,5,2,1,NA,NA,NA,NA,NA,NA
6219,725.375112,725.373684684432,725.373367345553,4163404.5,NA,155641,20.63,-1,0.437483499198726,0.970087627041419,0.949017967482202,0.961659763217732,17,1.34090909090909,0.0227272727272727,"N2 S2 P1 O1","de-protonated",0,NA,"C44 H59 O1 S2 N2 P1",44,59,1,2,1,2,NA,NA,NA,NA,NA
6220,725.395664,725.394236635479,725.394007456282,2362701.8,NA,139924.4,10.67,-1,0.3159375381928,0.982051451021208,0,0.589230870612725,8,1.63157894736842,0.289473684210526,"S1 O11","de-protonated",0,NA,"C38 H62 O11 S1",38,62,11,NA,NA,1,NA,NA,NA,NA,NA
6221,725.432085,725.430657548727,725.430392965666,3070800,NA,152901.8,14.59,-1,0.36472563543608,0.488075899335748,0.701787487586891,0.573560534636205,7,1.69230769230769,0.256410256410256,"S1 O10","de-protonated",0,NA,"C39 H66 O10 S1",39,66,10,NA,NA,1,NA,NA,NA,NA,NA
6222,725.469921,725.468493458605,725.468767334158,1754450.4,NA,156208.2,7.31,-1,-0.377515291150569,0.974471830873043,0,0.584683098523826,20,1.26530612244898,0.0612244897959184,"N2 O3","de-protonated",0,NA,"C49 H62 O3 N2",49,62,3,2,NA,NA,NA,NA,NA,NA,NA
6226,727.353846,727.352413971265,727.352142643276,2075591.9,NA,176795.1,9.09,-1,0.373035250277901,0.975066557700199,0,0.585039934620119,13,1.4,0.25,"S1 O10","de-protonated",0,NA,"C40 H56 O10 S1",40,56,10,NA,NA,1,NA,NA,NA,NA,NA
6227,727.412285,727.410852832068,727.410798226753,2194891.5,NA,159060.9,9.75,-1,0.0750680573803292,0.499489010268904,0.651937269372697,0.560468313910421,20,1.24489795918367,0.0204081632653061,"S1 P1 O1","de-protonated",0,NA,"C49 H61 O1 S1 P1",49,61,1,NA,1,1,NA,NA,NA,NA,NA
6228,727.447506,727.446073748175,727.446043030144,1741773.8,NA,153009,7.24,-1,0.042227229311748,0.999676504126006,0,0.599805902475604,6,1.74358974358974,0.256410256410256,"S1 O10","de-protonated",0,NA,"C39 H68 O10 S1",39,68,10,NA,NA,1,NA,NA,NA,NA,NA
6229,728.418781,728.417346434685,728.417660710793,2219019.8,NA,175093.6,9.88,-1,-0.431450423285873,0.483393741833575,0.671002658564373,0.558437308525894,15,1.4,0.0666666666666667,"N1 S2 O3","de-protonated",0,NA,"C45 H63 O3 S2 N1",45,63,3,1,NA,2,NA,NA,NA,NA,NA
6230,729.457938,729.456500959506,729.456822189515,4882511,NA,152203.8,24.77,-1,-0.440368776576898,0.969422637459179,0.932027098084286,0.954464421709222,0,2.08333333333333,0.222222222222222,"S2 P1 O8","de-protonated",0,NA,"C36 H75 O8 S2 P1",36,75,8,NA,1,2,NA,NA,NA,NA,NA
6232,730.434039,730.432599634521,730.432441395346,2773135.3,NA,165911.4,13.03,-1,0.216637660917166,0.495760214415672,0.675944524151125,0.567833938309853,15,1.38636363636364,0.181818181818182,"N1 O8","de-protonated",0,NA,"C44 H61 O8 N1",44,61,8,1,NA,NA,NA,NA,NA,NA,NA
6235,731.258857,731.257415669879,731.257668885343,1722054.4,NA,156720.8,7.18,-1,-0.346273925949601,0.978478250902926,0,0.587086950541756,27,0.9375,0.0208333333333333,"S2 P1 O1","de-protonated",0,NA,"C48 H45 O1 S2 P1",48,45,1,NA,1,2,NA,NA,NA,NA,NA
6237,734.396194,734.394745197023,734.394831066273,5196189.5,NA,155492.8,26.51,-1,-0.116925183016419,0.998568387075555,0.967962768874584,0.986326139795167,14,1.47619047619048,0.0476190476190476,"N3 S2 P1 O2","de-protonated",0,NA,"C42 H62 O2 S2 N3 P1",42,62,2,3,1,2,NA,NA,NA,NA,NA
6241,736.39312,736.391666440525,736.391364428726,2059819.5,NA,161934.7,9.06,-1,0.410124036152067,0.969941050470798,0,0.581964630282479,10,1.55263157894737,0.342105263157895,"N1 O13","de-protonated",0,NA,"C38 H59 O13 N1",38,59,13,1,NA,NA,NA,NA,NA,NA,NA
6243,737.395935,737.394479051909,737.394496713652,2568820.3,NA,139507.3,11.89,-1,-0.0239515519799244,0.499947956254043,0.686049898068144,0.574388732979684,13,1.5,0.0714285714285714,"N2 S2 P1 O3","de-protonated",0,NA,"C42 H63 O3 S2 N2 P1",42,63,3,2,1,2,NA,NA,NA,NA,NA
6246,739.390608,739.389147300777,739.389017410031,5278472,NA,148808.9,26.97,-1,0.175673080830601,0.497207977733891,0.671002658564373,0.566725850066084,17,1.35555555555556,0.0222222222222222,"N2 S2 P1 O1","de-protonated",0,NA,"C45 H61 O1 S2 N2 P1",45,61,1,2,1,2,NA,NA,NA,NA,NA
6247,739.448217,739.446756163558,739.446532287515,2756364.3,NA,141183.8,12.93,-1,0.302761637913305,0.491752566055363,0.680959722489882,0.567435428629171,11,1.6046511627907,0.0465116279069767,"N2 S2 P1 O2","de-protonated",0,NA,"C43 H69 O2 S2 N2 P1",43,69,2,2,1,2,NA,NA,NA,NA,NA
6249,740.394388,740.392924909863,740.393160039324,2579283.8,NA,157666.1,11.95,-1,-0.317573788104719,0.490933378837848,0.638334387137562,0.549893782157733,26,1.05769230769231,0.0192307692307692,"N1 S1 O1","de-protonated",0,NA,"C52 H55 O1 S1 N1",52,55,1,1,NA,1,NA,NA,NA,NA,NA
6251,741.369733,741.368267586679,741.367925649536,2347934.5,NA,147658.5,10.66,-1,0.461224624704381,0.962136213597767,0,0.57728172815866,0,2.1,0.6,"P1 O18","de-protonated",0,NA,"C30 H63 O18 P1",30,63,18,NA,1,NA,NA,NA,NA,NA,NA
6253,743.349235,743.347764871683,743.347546520218,2771000.8,NA,168445,13.01,-1,0.293740748480299,0.492232934025729,0.680959722489882,0.56772364941139,17,1.32558139534884,0.0697674418604651,"N2 S2 P1 O3","de-protonated",0,NA,"C43 H57 O3 S2 N2 P1",43,57,3,2,1,2,NA,NA,NA,NA,NA
6254,744.366298,744.36482544913,744.364576309133,1864329.4,NA,142011.1,7.96,-1,0.334701575772941,0.979878381663146,0,0.587927028997888,21,1.19148936170213,0.0638297872340425,"N1 S1 P1 O3","de-protonated",0,NA,"C47 H56 O3 S1 N1 P1",47,56,3,1,1,1,NA,NA,NA,NA,NA
6257,748.562262,748.56077945472,748.561027015178,1964001.3,NA,138892.7,8.52,-1,-0.330715130519594,0.980350129622686,0,0.588210077773612,2,2.05128205128205,0.205128205128205,"N3 P1 O8","de-protonated",0,NA,"C39 H80 O8 N3 P1",39,80,8,3,1,NA,NA,NA,NA,NA,NA
6261,751.411397,751.409907668336,751.40965752076,1726676.5,NA,146561.2,7.2,-1,0.332904393276658,0.980091728235741,0,0.588055036941445,9,1.6,0.275,"S1 O11","de-protonated",0,NA,"C40 H64 O11 S1",40,64,11,NA,NA,1,NA,NA,NA,NA,NA
6264,753.405947,753.404452917497,753.404178217138,2449283.5,NA,156264.8,11.22,-1,0.364612204525023,0.488083225971786,0.680959722489882,0.565233824579024,13,1.44186046511628,0.209302325581395,"S1 O9","de-protonated",0,NA,"C43 H62 O9 S1",43,62,9,NA,NA,1,NA,NA,NA,NA,NA
6265,753.427371,753.425876866467,753.425796842608,2261893.5,NA,157090.3,10.17,-1,0.106213324250645,0.99795512195124,0,0.598773073170744,12,1.55813953488372,0.0697674418604651,"N2 S2 P1 O3","de-protonated",0,NA,"C43 H67 O3 S2 N2 P1",43,67,3,2,1,2,NA,NA,NA,NA,NA
6266,753.463946,753.462451779348,753.462182351993,1714568.8,NA,132287.7,7.13,-1,0.357585771333776,0.977065677931534,0,0.58623940675892,11,1.61363636363636,0.0454545454545455,"N2 S2 P1 O2","de-protonated",0,NA,"C44 H71 O2 S2 N2 P1",44,71,2,2,1,2,NA,NA,NA,NA,NA
6269,755.385402,755.383903202612,755.383575714014,4256821,NA,141852.7,21.28,-1,0.433539474834816,0.483235273004876,0.747514279669976,0.588946875670916,0,2.09677419354839,0.580645161290323,"P1 O18","de-protonated",0,NA,"C31 H65 O18 P1",31,65,18,NA,1,NA,NA,NA,NA,NA,NA
6270,755.479542,755.478042978379,755.477832416471,1860157.8,NA,136256.8,7.94,-1,0.278713550278807,0.986003712165185,0,0.591602227299111,10,1.65909090909091,0.0454545454545455,"N2 S2 P1 O2","de-protonated",0,NA,"C44 H73 O2 S2 N2 P1",44,73,2,2,1,2,NA,NA,NA,NA,NA
6272,757.365719,757.364215485675,757.363848033319,4501738.5,NA,127654.2,22.64,-1,0.48517282296048,0.977795727672313,0.961632219603159,0.971330324444651,26,1.05769230769231,0.0192307692307692,"S1 P1 O1","de-protonated",0,NA,"C52 H55 O1 S1 P1",52,55,1,NA,1,1,NA,NA,NA,NA,NA
6273,757.40205,757.400546399138,757.400430247195,1985262.1,NA,122037.2,8.63,-1,0.153356055618947,0.995741767409036,0,0.597445060445422,17,1.34883720930233,0.13953488372093,"N4 S1 O6","de-protonated",0,NA,"C43 H58 O6 S1 N4",43,58,6,4,NA,1,NA,NA,NA,NA,NA
6274,757.489287,757.487783191347,757.488122318471,11149558,NA,133168.8,59.64,-1,-0.447699592456159,0.971806417360565,0.967059032781731,0.969907463529031,0,2.07894736842105,0.210526315789474,"S2 P1 O8","de-protonated",0,NA,"C38 H79 O8 S2 P1",38,79,8,NA,1,2,NA,NA,NA,NA,NA
6286,769.422147,769.420614768345,769.42071146218,2177423,NA,136546.5,9.69,-1,-0.125670954458251,0.997138448705865,0,0.598283069223519,12,1.55813953488372,0.0930232558139535,"N2 S2 P1 O4","de-protonated",0,NA,"C43 H67 O4 S2 N2 P1",43,67,4,2,1,2,NA,NA,NA,NA,NA
6287,771.380624,771.379087103428,771.378846649174,5770845.5,NA,131838.2,29.69,-1,0.311720051788702,0.989595122536968,0.985268762729342,0.987864578613918,17,1.35555555555556,0.0666666666666667,"N2 S2 P1 O3","de-protonated",0,NA,"C45 H61 O3 S2 N2 P1",45,61,3,2,1,2,NA,NA,NA,NA,NA
6288,771.505245,771.503707806592,771.503772382949,24258154,NA,127956.3,132.59,-1,-0.0837019324428102,0.74957109349938,0.919098990145682,0.8173822521579,0,2.07692307692308,0.205128205128205,"S2 P1 O8","de-protonated",0,NA,"C39 H81 O8 S2 P1",39,81,8,NA,1,2,NA,NA,NA,NA,NA
6289,772.383636,772.382096714343,772.381981514256,3022536.8,NA,162590.8,14.4,-1,0.149149113399027,0.99597172621428,0,0.597583035728568,0,2.1,0.7,"N1 O21","de-protonated",0,NA,"C30 H63 O21 N1",30,63,21,1,NA,NA,NA,NA,NA,NA,NA
6291,773.500373,773.498831054376,773.499141232442,4879169.5,NA,119208.4,24.73,-1,-0.401006348399073,0.485621757616356,0.69646200847541,0.569957857959978,5,1.85,0.25,"N2 S1 O10","de-protonated",0,NA,"C40 H74 O10 S1 N2",40,74,10,2,NA,1,NA,NA,NA,NA,NA
6292,773.51203,773.51048802661,773.510177917242,3219266.8,NA,152385.3,15.49,-1,0.400911813110064,0.485628437654729,0.651937269372697,0.552151970341916,13,1.53061224489796,0.0612244897959184,"S1 P1 O3","de-protonated",0,NA,"C49 H75 O3 S1 P1",49,75,3,NA,1,1,NA,NA,NA,NA,NA
6294,775.498079,775.496532296019,775.496163852265,2799644.3,NA,137096.2,13.15,-1,0.475107126821326,0.47993480433307,0.701787487586891,0.568675877634598,5,1.84615384615385,0.333333333333333,"N2 O13","de-protonated",0,NA,"C39 H72 O13 N2",39,72,13,2,NA,NA,NA,NA,NA,NA,NA
6296,777.386446,777.384894798099,777.385037708147,1950958.6,NA,91635.1,8.43,-1,-0.183834317701146,0.496943347090125,0.616881983240216,0.544918801550161,34,0.87719298245614,0.0175438596491228,"N2 O1","de-protonated",0,NA,"C57 H50 O1 N2",57,50,1,2,NA,NA,NA,NA,NA,NA,NA
6297,780.250583,780.249024975981,780.24940816988,94284344,NA,129920.8,522.33,-1,-0.491117192310442,0.159529856833494,0.635827649606372,0.350048973942645,9,1.57575757575758,0.424242424242424,"N1 S2 P1 O14","de-protonated",0,NA,"C33 H52 O14 S2 N1 P1",33,52,14,1,1,2,NA,NA,NA,NA,NA
6298,781.253914,781.252353586137,781.252029970625,24431272,NA,126741.2,133.55,-1,0.414226779196928,0.323115334016808,0.717890404929945,0.481025362382062,10,1.48387096774194,0.67741935483871,"N2 O21","de-protonated",0,NA,"C31 H46 O21 N2",31,46,21,2,NA,NA,NA,NA,NA,NA,NA
6299,781.423146,781.421585183041,781.421362910802,1800892.3,NA,143769.1,7.59,-1,0.284446074012719,0.985426304484016,0,0.59125578269041,22,1.21153846153846,0.0384615384615385,"S1 P1 O2","de-protonated",0,NA,"C52 H63 O2 S1 P1",52,63,2,NA,1,1,NA,NA,NA,NA,NA
6300,781.495935,781.494374009665,781.494330634063,1906884.8,NA,139502.7,8.18,-1,0.055503411213734,0.999441180175282,0,0.599664708105169,12,1.59090909090909,0.136363636363636,"N4 S1 O6","de-protonated",0,NA,"C44 H70 O6 S1 N4",44,70,6,4,NA,1,NA,NA,NA,NA,NA
6301,782.247582,782.246019219309,782.246297847921,26012444,NA,124055.3,142.35,-1,-0.356190388463747,0.392157319311282,0.822627574905673,0.564345421549039,22,1.04651162790698,0.209302325581395,"N1 S2 O9","de-protonated",0,NA,"C43 H45 O9 S2 N1",43,45,9,1,NA,2,NA,NA,NA,NA,NA
6302,782.257094,782.255531196652,782.255680762392,3223325.5,NA,131994.9,15.51,-1,-0.191198023024865,0.496694394285178,0.629576837416483,0.5498473715377,35,0.759259259259259,0.0185185185185185,"N1 S2 O1","de-protonated",0,NA,"C54 H41 O1 S2 N1",54,41,1,1,NA,2,NA,NA,NA,NA,NA
6303,783.250981,783.249415829302,783.249212201545,8074130.5,NA,133925.4,42.51,-1,0.259978247897723,0.329270338661797,0.568746733484966,0.425060896591065,35,0.759259259259259,0.037037037037037,"S1 P1 O2","de-protonated",0,NA,"C54 H41 O2 S1 P1",54,41,2,NA,1,1,NA,NA,NA,NA,NA
6304,783.474863,783.473297296036,783.473398484665,1818029,NA,137125.4,7.69,-1,-0.129153879995057,0.996977880238615,0,0.598186728143169,20,1.30188679245283,0.0188679245283019,"S1 P1 O1","de-protonated",0,NA,"C53 H69 O1 S1 P1",53,69,1,NA,1,1,NA,NA,NA,NA,NA
6306,785.500186,785.498615471898,785.498293079327,3132574.8,NA,131218.1,14.81,-1,0.41043064415418,0.484948386629349,0.680959722489882,0.563352920973562,5,1.83720930232558,0.13953488372093,"S2 P1 O6","de-protonated",0,NA,"C43 H79 O6 S2 P1",43,79,6,NA,1,2,NA,NA,NA,NA,NA
6307,785.520955,785.519384422428,785.519422447427,41266336,NA,126561.3,224.38,-1,-0.0484074585010166,0.597734571596937,0.914929626365032,0.724612593504175,0,2.075,0.2,"S2 P1 O8","de-protonated",0,NA,"C40 H83 O8 S2 P1",40,83,8,NA,1,2,NA,NA,NA,NA,NA
6309,787.496544,787.494968716752,787.495182757369,2353553,NA,126192.4,10.53,-1,-0.271799271281268,0.49334247338525,0.633925367778972,0.549575631142739,18,1.35849056603774,0.0188679245283019,"S2 O1","de-protonated",0,NA,"C53 H72 O1 S2",53,72,1,NA,NA,2,NA,NA,NA,NA,NA
6312,794.266455,794.264863591431,794.265196618644,11096292,NA,119510.4,58.57,-1,-0.419289695855275,0.656201054984302,0.826875267462352,0.724470739975522,36,0.763636363636364,0.0181818181818182,"N1 S1 P1 O1","de-protonated",0,NA,"C55 H42 O1 S1 N1 P1",55,42,1,1,1,1,NA,NA,NA,NA,NA
6314,796.263106,796.261509835588,796.261567789844,3374567.8,NA,127593.7,16.13,-1,-0.0727829386245528,0.499519631743955,0.666132528984823,0.566164790640302,27,0.956521739130435,0.130434782608696,"N3 S1 P1 O6","de-protonated",0,NA,"C46 H44 O6 S1 N3 P1",46,44,6,3,1,1,NA,NA,NA,NA,NA
6315,799.129058,799.127455009147,799.12781797587,2232163.5,NA,143066,9.85,-1,-0.454203588797337,0.963258927608174,0,0.577955356564904,7,1.53846153846154,0.923076923076923,"S2 O24","de-protonated",0,NA,"C26 H40 O24 S2",26,40,24,NA,NA,2,NA,NA,NA,NA,NA
6316,799.536555,799.534951038526,799.535072511905,13689754,NA,126486.9,72.82,-1,-0.151930019387273,0.498711341674666,0.885603320110259,0.653468133048904,0,2.07317073170732,0.195121951219512,"S2 P1 O8","de-protonated",0,NA,"C41 H85 O8 S2 P1",41,85,8,NA,1,2,NA,NA,NA,NA,NA
6318,801.515747,801.514138324268,801.514337066998,3912869.8,NA,128922.1,19.09,-1,-0.247959046161511,0.99444384486113,0.838455676259289,0.932048577420394,0,2.075,0.225,"S2 P1 O9","de-protonated",0,NA,"C40 H83 O9 S2 P1",40,83,9,NA,1,2,NA,NA,NA,NA,NA
6319,801.544481,801.542872255826,801.543195579238,2014889.6,NA,113102.8,8.66,-1,-0.403376155306197,0.485453818278758,0.647339012549234,0.550207895986949,13,1.56,0.04,"N2 S2 O2","de-protonated",0,NA,"C50 H78 O2 S2 N2",50,78,2,2,NA,2,NA,NA,NA,NA,NA
6321,807.269194,807.267571620073,807.267680035103,5523397.5,NA,135745.5,27.93,-1,-0.134298736779906,0.498366356692497,0.73553288925895,0.593232969719078,11,1.45454545454545,0.636363636363636,"N2 O21","de-protonated",0,NA,"C33 H48 O21 N2",33,48,21,2,NA,NA,NA,NA,NA,NA,NA
6322,808.197413,808.195788409139,808.196190826438,2517065.8,NA,144018.3,11.41,-1,-0.497920312268581,0.4780056242651,0.661332584690249,0.551336408435159,29,0.851063829787234,0.127659574468085,"N1 S2 P1 O6","de-protonated",0,NA,"C47 H40 O6 S2 N1 P1",47,40,6,1,1,2,NA,NA,NA,NA,NA
6323,808.28156,808.279935208708,808.279705977129,533641312,NA,130918.5,2930.23,-1,0.283604273958717,0.140824843568007,0.574961758205293,0.314479609422921,23,1.04444444444444,0.244444444444444,"N1 S1 O11","de-protonated",0,NA,"C45 H47 O11 S1 N1",45,47,11,1,NA,1,NA,NA,NA,NA,NA
6325,810.279171,810.277541450578,810.277869302945,124991864,NA,123194.9,684.48,-1,-0.404617205352123,0.24268274911222,0.552640905396454,0.366666011625913,36,0.763636363636364,0.0727272727272727,"N1 P1 O4","de-protonated",0,NA,"C55 H42 O4 N1 P1",55,42,4,1,1,NA,NA,NA,NA,NA,NA
6326,810.287862,810.286232429877,810.286111511422,16243062,NA,122033.3,86.84,-1,0.14922933093387,0.331989133570313,0.563203146328561,0.424474738673612,36,0.745454545454545,0.109090909090909,"N1 O6","de-protonated",0,NA,"C55 H41 O6 N1",55,41,6,1,NA,NA,NA,NA,NA,NA,NA
6327,811.282402,811.280770060972,811.280512330501,36706824,NA,121184.9,199.3,-1,0.317683547344343,0.1963708671186,0.533730475405761,0.331314710433464,35,0.803571428571429,0.0357142857142857,"S1 P1 O2","de-protonated",0,NA,"C56 H45 O2 S1 P1",56,45,2,NA,1,1,NA,NA,NA,NA,NA
6328,812.286093,812.28445867027,812.284136452952,5038745.5,NA,138090,25.27,-1,0.396680548945635,0.485925906880738,0.675944524151125,0.561933353788893,22,1.09090909090909,0.272727272727273,"N1 P1 O12","de-protonated",0,NA,"C44 H48 O12 N1 P1",44,48,12,1,1,NA,NA,NA,NA,NA,NA
6329,813.145395,813.143758623489,813.143606424634,2029847.8,NA,131804.2,8.73,-1,0.187173402337133,0.993663310074737,0,0.596197986044842,34,0.625,0.229166666666667,"S1 O11","de-protonated",0,NA,"C48 H30 O11 S1",48,30,11,NA,NA,1,NA,NA,NA,NA,NA
6332,822.26052,822.258861912079,822.258970532223,2132608,NA,130638.3,9.29,-1,-0.132099675840898,0.996838669132584,0,0.59810320147955,24,1,0.266666666666667,"N1 S1 O12","de-protonated",0,NA,"C45 H45 O12 S1 N1",45,45,12,1,NA,1,NA,NA,NA,NA,NA
6333,824.200005,824.1983422924,824.198478274562,1766832.9,NA,149658.7,7.28,-1,-0.164987155128543,0.995073006260887,0,0.597043803756532,30,0.760869565217391,0.304347826086957,"N1 O14","de-protonated",0,NA,"C46 H35 O14 N1",46,35,14,1,NA,NA,NA,NA,NA,NA,NA
6334,826.19916,826.197492530592,826.197372596018,2373358.5,NA,136932.8,10.61,-1,0.145164555287347,0.99618367827446,0,0.597710206964676,15,1.27777777777778,0.416666666666667,"N1 S2 P1 O15","de-protonated",0,NA,"C36 H46 O15 S2 N1 P1",36,46,15,1,1,2,NA,NA,NA,NA,NA
6335,834.691254,834.689566303185,834.689856359801,2491998,NA,117813.2,11.25,-1,-0.347502265132022,0.489163480642618,0.629576837416483,0.545328823352164,9,1.74074074074074,0.0555555555555556,"N1 P1 O3","de-protonated",0,NA,"C54 H94 O3 N1 P1",54,94,3,1,1,NA,NA,NA,NA,NA,NA
6336,835.301235,835.299545850265,835.299849543984,29173956,NA,120789.9,157.88,-1,-0.363574492424106,0.489960454228502,0.894432762532623,0.651749377550151,10,1.55555555555556,0.444444444444444,"N2 S2 O16","de-protonated",0,NA,"C36 H56 O16 S2 N2",36,56,16,2,NA,2,NA,NA,NA,NA,NA
6337,836.304643,836.302951460238,836.302630955826,9828718,NA,122545.8,51.57,-1,0.383239750809187,0.324567371408703,0.546989164196204,0.413536088523704,36,0.810344827586207,0.0172413793103448,"N1 S2 O1","de-protonated",0,NA,"C58 H47 O1 S2 N1",58,47,1,1,NA,2,NA,NA,NA,NA,NA
6342,852.23201,852.230280522678,852.230647783443,10687593,NA,123826.2,54.73,-1,-0.430940575298301,0.322288205962613,0.597549839921098,0.432392859546007,29,0.877551020408163,0.183673469387755,"N1 S2 O9","de-protonated",0,NA,"C49 H43 O9 S2 N1",49,43,9,1,NA,2,NA,NA,NA,NA,NA
6343,853.235223,853.233491133114,853.233423752781,3576098,NA,137961.6,16.72,-1,0.0789705746720497,0.499434531087969,0.701787487586891,0.580375713687538,15,1.30769230769231,0.384615384615385,"S2 P1 O15","de-protonated",0,NA,"C39 H51 O15 S2 P1",39,51,15,NA,1,2,NA,NA,NA,NA,NA
6344,854.229853,854.228118763995,854.227803345048,9706970,NA,113073.5,49.49,-1,0.369244533690321,0.975791608053154,0.884142422141073,0.939131933688322,16,1.24324324324324,0.540540540540541,"N1 P1 O20","de-protonated",0,NA,"C37 H46 O20 N1 P1",37,46,20,1,1,NA,NA,NA,NA,NA,NA
6345,855.232582,855.230845375584,855.230446372604,2008724.4,NA,152851,8.34,-1,0.466544406071669,0.961274962884868,0,0.576764977730921,15,1.28947368421053,0.473684210526316,"S1 P1 O18","de-protonated",0,NA,"C38 H49 O18 S1 P1",38,49,18,NA,1,1,NA,NA,NA,NA,NA
6346,859.270152,859.268405758455,859.268627492586,1936780,NA,108264.6,7.95,-1,-0.258049838693314,0.493995042317234,0.633925367778972,0.54996717250193,30,0.924528301886792,0.0943396226415094,"S2 P1 O5","de-protonated",0,NA,"C53 H49 O5 S2 P1",53,49,5,NA,1,2,NA,NA,NA,NA,NA
6347,877.039453,877.037664433573,877.037739666311,1833794.9,NA,125123.2,7.38,-1,-0.0857805025078191,0.998665738029504,0,0.599199442817703,28,0.578947368421053,0.657894736842105,"O25","de-protonated",0,NA,"C38 H22 O25",38,22,25,NA,NA,NA,NA,NA,NA,NA,NA
6348,879.038834,879.037040671227,879.036772372053,1985758.8,NA,98951.9,8.19,-1,0.305219511174188,0.983238494640498,0,0.589943096784299,40,0.428571428571429,0.26530612244898,"S1 P1 O13","de-protonated",0,NA,"C49 H21 O13 S1 P1",49,21,13,NA,1,1,NA,NA,NA,NA,NA
6349,893.052047,893.050220293011,893.050630281915,2447491.5,NA,115749.6,10.65,-1,-0.459088086310814,0.962479545363746,0,0.577487727218247,18,0.967741935483871,0.806451612903226,"N2 S2 O25","de-protonated",0,NA,"C31 H30 O25 S2 N2",31,30,25,2,NA,2,NA,NA,NA,NA,NA
